,F1,F2,F3,F4,F5,F6,F7
AAAS,0.15477172603640976,-0.7149736597349741,0.16828545289191651,0.031192734657961806,0.14700949693026957,0.9188600367865243,0.008663421104556512
AAGAB,0.2467239801284326,-0.7922771215297479,-0.43673503547752107,-0.1642932064106171,-0.02345882614803115,-0.5314664814213201,-0.0725092574461377
AAR2,0.1943395738439601,-0.7716221085161357,-0.21201844193260694,-0.2354634074037749,0.06653756577169931,1.2720923385416991,0.34066734889427097
AASDHPPT,0.2872499031612645,-0.7844886595415912,0.022026095267715727,0.3382094924558167,-0.36309799464841214,0.46077358229666165,-0.0667256683853677
AASS,0.11671284482641608,-0.6973087698811916,0.20768965774849363,-0.011939990203154663,0.4182881499562419,-0.2817869365147651,-0.019504295457632274
ABCB6,-0.04682800812621252,-0.2095654224192535,-0.062410047920130766,-0.01596316908464538,0.040615776988868584,0.020309549398463283,-0.02472064278292077
ABCB7,0.1822288193268175,-0.6465388066871333,0.4899049115989039,-0.5433165827258803,-0.43061639935218293,-0.16956463170290986,0.34725533406459147
ABCB8,0.2480810690285518,-0.3548273233558911,-0.6374794174788758,-0.022849718791449414,-0.06535292728532349,-0.4319489515030434,-0.12027168734078297
ABCC2,0.4165419965516702,-0.32261006257520247,0.7516187072016873,-0.2541541121369394,-0.5856706714532065,0.15933738546846946,0.08838387070612314
ABCC5,0.057896351570868074,-0.7620207118742208,-0.006962091560607174,0.07353409892286396,0.11217413670350358,0.3287820247511738,-0.12973339935196818
ABCD3,0.3315921698737918,-0.6292123847820732,0.14774593475483136,0.05320664250200131,0.6158464107734277,0.1359117155520823,0.011734346350477622
ABCE1,0.2663539889861288,-0.8587298545615034,-0.5256890467268995,0.08257379914585819,0.3770086405880433,-0.255845345542689,0.2892601656038789
ABCF2,0.4401679737416761,-0.7691454703454949,0.1708364002707551,0.3787870604902483,-0.3414750311730375,-0.1509970470450584,0.18780612565665258
ABCF3,0.22762181647996996,-0.5699696019505319,-0.4885256731715792,-0.4773735665087482,-0.11277003017636891,0.7880289937569196,0.008797716859061923
ABHD13,0.17385023280859152,-0.5832550537007615,0.2810478304582908,0.08517812324578539,0.3739426850669759,-0.10684607774078328,-0.06294704977137731
ABHD17B,0.24235759099614673,-0.774887199864333,0.4505326319808061,-0.07372425026551888,0.3816850902230575,-0.538006760012368,0.11222494413511286
ABHD17C,-0.061888246415959074,-0.194380187787169,0.023957635418130223,-0.032500210131264605,0.09229375044001696,0.14878391753178372,-0.08024851265878777
ABHD18,0.10924998416341261,-0.3280174197011959,0.3453244899430582,0.1955946832786051,0.282213648866345,0.525503860434179,0.10679595731072211
ABHD4,0.21870195974359008,-0.9202194764894347,-0.30252795504062024,-0.08253841507689225,0.328181447866487,0.41383343955557533,-0.05447237721898376
ABHD5,0.0072520117327423425,-0.6306035398765261,0.003266965963804037,-0.14762407537433075,0.04359354956903373,0.3756889713647754,0.2583617785383215
ABI1,0.32015608572445775,-0.8040278417087955,0.08184711829595281,0.008759143816835901,0.42739920449350477,-0.12438941182920765,0.1609600290432963
ABL1,0.37121527052539066,-0.740334454712765,0.2727920355475223,-0.15096812760025072,-0.4248140511228908,0.039438879763838045,0.16807708973945976
ABRACL,0.20234295270896355,-0.8166453302908134,-0.3680568247424362,0.4648417268149226,-0.33232319119209414,-0.2345828967041024,-0.21588261398041428
ABRAXAS2,0.20838526484959874,-0.752664139212274,0.18703226772859116,0.32701796460567845,-0.019224935507867417,0.09203011374196511,-0.42647880624059425
ACAA1,0.1876229985112354,-0.7707348047800998,-0.1276684970355397,0.08254755974699442,0.01441554176240399,1.236894450454243,0.09060687336040121
ACAA2,-0.06223747523632862,-0.23310060543754116,0.09794425072064902,0.23077054491740367,-0.2535609661433459,0.2571194584250001,-0.02876378886034322
ACACA,0.37064590443982837,-0.38691997487354757,0.8365299612867062,-0.12880003182641558,-0.09008954333825148,0.03179641516939792,0.10865642522205252
ACAD9,0.29607859146068916,-0.05605965126479148,-0.0827311560518008,-0.08920108091931929,0.39271888566243135,0.9018430301203433,0.03477950979393752
ACADL,-0.0392829196398715,-0.40262766642902054,0.41630991060473527,-0.00011854216609224067,0.16742680320971084,0.001178167956006646,-0.21417467749473468
ACADM,0.4138660977755211,-0.6035884394103742,-0.5255705993067897,-0.06909915052077494,0.3112796724977632,-0.4745790830424404,0.018156537908804782
ACADSB,0.17033768811159108,-0.45320852702528486,-0.748322047964436,-0.6350462636171735,-0.2799766428642375,0.8572021802630713,0.006865861419781492
ACAT1,0.15726292024928387,-0.6928310474027634,-0.5513565022697691,-0.1753962607599605,0.08444474877322922,1.227649265281572,0.041542401891382974
ACBD6,0.08446119527006113,-0.6583929962472597,-0.3645517128015155,-0.4004563669968818,-0.42415903018998297,0.808913337929571,-0.14358329676601758
ACO1,0.10694372372745362,-0.6870773351550594,-0.28197751907321233,-0.10344591872227668,0.04826579513143224,0.7818545332256351,-0.3095045385413281
ACO2,0.3802717809929564,-0.8135076852416635,-0.13292835868324793,0.07807047998462464,-0.5158328313823866,-0.2826075465734921,0.11201526921078327
ACOT7,-0.007732280899535571,-0.3063825759705666,-0.09373013057295791,-0.10603686297427321,0.08090080886371129,0.4089039552820663,0.009901066832792625
ACOT9,0.2604384915136413,-0.6290463329672158,-0.2246652003895462,-0.029192907562993177,0.2673523942753568,0.38321165152149234,0.3561775090412384
ACOX1,0.21295283637963902,-0.9349245852135017,-0.24597036412449985,0.5131647463317645,-0.25999412010009126,0.4292911196572832,0.06674481089890359
ACP6,0.25050627326720554,-0.7477589196615897,-0.00652712656795462,0.08904016339482844,0.554936504850838,1.0511409959705764,0.09666302450104133
ACSBG1,0.08793819934717043,-0.6123950076333687,-0.5686888098104652,0.02623010326975672,-0.10030617801644313,-0.8516180017326481,-0.22019666533693943
ACSF2,0.1421288072589075,-0.3502477645047352,-0.6471168105074175,0.013399472422921334,-0.11921109966041213,1.012671473864465,0.46744188692388183
ACSL1,0.20337023297038945,-0.6677155533064761,0.3108705559825228,0.11164606144784175,0.5637283562814912,0.20507186167411665,0.15036753856789045
ACSL3,0.463173279362758,-0.6203378218940995,0.6019375429391298,0.19837310126130298,-0.5171979623631341,0.021046852318767486,0.0547676361156956
ACSL4,0.4087533804447416,-0.5034968245343225,-0.8339750152810511,0.23150308113419332,-0.21527588012295648,-0.6134020959072394,-0.0434686564861453
ACSS2,0.2801735934457806,-0.7578382372443347,-0.05570975242958666,0.67522740900637,-0.14291656266424912,0.29320640082900873,-0.20924413306353037
ACTA2,0.37647259299823893,-0.007109682367694842,-1.4031366665512,-0.27494178327160185,-0.058388752482225886,-0.3873720956662946,0.12383288182885166
ACTB,0.6952061173959624,-0.4362968678999481,-0.5096431664144986,0.015012806624674963,-0.37589281511071027,-0.2965188997589428,0.2522426337696743
ACTC1,-0.035117837373660914,-0.35454513446024016,0.20250936362426528,-0.03942202257232083,0.09394814653485095,0.07669754456637665,-0.11301897757826825
ACTR10,0.37332647894494747,-0.5274800924069446,-0.08063766037860268,-0.16359048968400636,-0.13987465645628389,-0.01786627998732564,0.19580245617183187
ACTR1A,0.34048381882247497,-0.6929779672548172,-0.5413887362035722,0.18678228495509755,0.5298884088441007,-0.27930407189348205,0.023375733564516377
ACTR2,0.40447455856448095,-0.6902568256918494,-0.3587836319759632,0.3174624590068977,0.04868070374326988,-0.22041293623380118,-0.03288951590148647
ACTR3,0.4335834089050706,-0.6035639373818182,-0.6681155955848568,0.2747664522713729,-0.44665810377950643,-0.358466336572184,-0.01753048200587568
ACTR6,0.08209639717259774,-0.7873267631559948,-0.3266633683586066,-0.2494918829025726,0.1687247724717976,0.9173678452797418,-0.14494446610967548
ACTR8,0.2980285950560721,-0.8874026016962093,-0.4483574750657662,0.49759412352339905,-0.049743577422977095,-0.09709102722452607,0.15233315158117364
ACYP2,0.43865960936631837,-0.19038462674461193,0.523337610764665,-0.4808460698193246,-0.007150726668447575,-0.34675706214843555,0.07067255962199953
ADAD1,0.14257971148635967,-0.5250530474685938,0.6583712329408538,0.5189839035445876,-0.1361340351278148,0.7759489414099006,-0.04826603968977843
ADAM10,0.23956531510111478,-0.855477076727249,-0.13094690459039937,0.6075183702979366,-0.29065634629996867,0.7734710717384256,-0.0979651443097474
ADAM9,0.24960174691762452,0.0006987959272689648,-0.6945235211161912,-0.029808957505796443,0.13615712432282723,-0.1831044551298019,-0.11525850887942572
ADAMTS1,0.07619455360914157,-0.35028767621271384,-0.2900431444246971,-0.08117615930786518,-0.011729032391626404,0.2345695588323693,0.007040032066224978
ADCY3,0.32507598917646546,-0.6373402130839245,0.5588303709062201,-0.0874129701137444,-0.538303424376795,-0.5896097310576882,0.07546139876631469
ADD3,0.27494625692320396,-0.5900919660279833,0.04401401356848893,0.0862507775906528,0.3224100079485186,-0.7901280449473654,-0.0023001253009765224
ADGRA3,0.49237160908131994,-0.6381447124973818,-0.3282157482584887,0.5491525553276194,0.15243116773264534,-0.507925234966351,0.04219340041774593
ADGRL2,0.08596380776900485,-0.5456576155924545,0.04610517601105751,0.014424280634276926,0.10327187187945808,-0.4429123872026397,0.047977117781591694
ADH5,0.4306509068929347,-0.8265193329678949,-7.513770989233527e-07,-0.01630668384357573,-0.7489801998153649,-0.39538804221343976,-0.03290699824560193
ADIPOR2,0.44527916055188804,-0.3534931121635432,0.2837464445238136,0.016845510908735414,-0.05386924551660485,0.23699682543300887,0.1241398326095907
ADK,0.07964791310649193,-0.2093328426420927,-0.10533769674717243,0.042735185162028955,0.01686086253937324,0.02574276692517417,-0.04387501508832913
ADM,0.16322443318820284,-0.5284017157349712,-0.9195026851268697,-0.16526610322333757,-0.08782350007820658,1.2272567589910557,0.1304802634763158
ADNP,0.1841804888695752,-0.7679994263375504,-0.19526166950559534,-0.11248785831373695,0.29170625342829964,0.9001132166569836,0.0787225738745627
ADPGK,0.37869041793528035,-0.7616725702502747,0.10439355499387398,-0.031594466126848575,-0.7925076695972654,-0.34828306392621566,-0.190769252713296
ADSL,0.12491702202985656,-0.6331669729599094,-0.06489450196635274,-0.06156589818278556,0.30812020373410987,0.8546025865167104,-0.17513023447858292
AEBP2,0.14672827130113258,-0.5333816377777304,-0.4546397430807387,-0.056474301151714555,-0.08591541615543218,0.12045928584614822,0.03850220505148163
AEN,0.17479126869840136,-0.5901153223806732,-0.6386642001547481,-0.06488987897897697,-0.0006699903060878754,1.239568482019574,0.19049830407726984
AFAP1L2,0.0037352490534308287,-0.43557452293738463,0.031815546160088866,0.034666196315313556,0.24204191629025854,0.3911628993627498,0.02799749410766409
AFF4,0.20350415326109966,-0.6594335793251127,-0.028642286749910265,0.026545580460314404,-0.3452161473343192,0.1663006503361903,-0.27592975703470285
AFTPH,0.3543757310007543,-0.5527840198807117,0.21357680431374898,0.06133069630776582,-0.39249016511869655,0.6752620388176058,0.04581409962929476
AGA,0.23677707259380668,-0.6029332631121286,-0.7599011774644223,0.17668981171659887,-0.01675659041237859,-0.2645479881916869,-0.15180823539547575
AGGF1,0.20746420782944303,-0.8543174899537711,-0.5876844242579241,0.2579618557159735,-0.12822222558095467,-0.06336327154840736,-0.12568827290046156
AGK,0.22519960562125754,-0.7950057697706369,-0.12204349019008005,0.4838124086893149,-0.28761552635799686,0.8407634903488399,-0.20679117487164245
AGO2,0.41061446217384523,-0.698946627014544,0.006598650968775505,0.00464113561441783,0.14130371311376785,-0.42154601801612196,0.10307387877965077
AGPAT4,0.1035089347339566,-0.6752607528230103,0.5216690233910755,0.09696297416877299,0.10187147164724496,-0.11922622419066037,0.009305283748041413
AGPAT5,0.3028457499374448,-0.6139122418164474,-0.177426239580845,-0.039857077441586154,0.3043156950114666,0.6284882216324379,0.12923101594644515
AGTRAP,0.2933216598103662,-0.8489542419777839,-0.39215477695975254,0.1813549739188262,0.5101368530689449,-0.13279614255770003,0.4380699464557596
AHCTF1,0.4213655518075246,-0.4537452549745181,0.059703510413223096,-0.06670533304370438,0.46738032317252176,-0.6929964926746162,-0.010897479812560952
AHI1,0.14660459365930262,-0.644371897791049,0.4548423821923468,-0.2251717827462312,-0.07503224248356745,-1.067235821256956,-0.18366301506678584
AHSA1,0.5394609533409199,-0.5408930976227102,0.2641052505876619,-0.01986652005984432,-0.6437913531989485,-0.1915011995709104,0.145548171579208
AIDA,0.4421291271801808,-0.5281963627801419,-0.15079005553079614,0.5173179455165914,0.0711797596947702,-0.16534132254198255,-0.05533596275622156
AKAP8L,0.28310701098245483,-0.2870491255215071,-0.2196193341224001,-0.1402035819317566,0.029336644701368802,0.13466273815894664,0.3594898656962365
AKIRIN1,0.1409484649256179,-0.7824397056500546,-0.39898189661984124,-0.23296108794816475,0.15055375078607955,1.0312386099546023,-0.17396728949075843
AKIRIN2,0.6233433555736726,-0.4392584515514314,0.607663827794127,0.06100087458035181,-0.5813483422844674,-0.1314835220036065,0.24264858893673702
AKR7A2,0.04223480488336825,-0.39112324990040853,-0.45084145394357433,-0.003216946578513109,-0.1053847346977286,0.77417963223036,-0.11153212447780475
AKT3,0.40705880309407877,-0.5037247690308246,0.6525738714384107,-0.04331914801578072,-0.5114993151654751,0.3131896734904348,0.06497955984588297
ALAS1,0.019096418030511295,-0.5115295323110228,-0.0531258434478843,-0.2366145538151361,-0.10126770241465773,0.4237051793757294,-0.11363258718571208
ALDH18A1,0.36839839420115367,-0.7200534054784571,-0.4376650189803018,-0.07644917134046907,0.3336014079111575,-0.593568514697183,0.06395401181606714
ALDH2,0.3913715230800219,-0.36800676360054924,-0.7638235240223443,-0.06735805954402056,0.3141255393183433,-0.33447763849943013,0.08261114405479375
ALDH3A2,0.22594522525894373,-0.7717954913445649,-0.9678461324171708,-0.10431928650834264,0.02713075427574666,-0.5106903059091861,-0.07421127328483441
ALDH4A1,0.07589471883998289,-0.3338588619044735,0.02504979648189125,0.252571308684545,0.11464087645482705,0.711952831368637,-0.013533755663078935
ALDH7A1,0.2734874378894904,-0.8046985619377973,-0.06278597833194519,-0.2568093409616616,0.15902710707599405,0.02342200157317897,0.2382791581307439
ALDH9A1,0.5165158499118404,-0.6158762026182993,-0.04709207803044365,-0.027366107240599784,-0.7244453500268727,-0.19128216874533394,-0.05025941286057334
ALDOC,0.32459165819419467,-0.25744424696326307,0.215134323016462,0.025776092224573246,-0.058642757425679,-0.02246113395192338,-0.14190622366510397
ALG13,0.2957084128310284,-0.813706100588013,-0.11797409325813811,0.0993964530379755,0.5913412146474711,-0.5886838739785386,0.09954303807986839
ALG2,0.2658032638449046,-0.5245681057872683,-0.4656225296960406,0.12223708362822977,0.24293103798020643,0.4448063087665025,0.001315813230638283
ALG3,0.16339915525885895,-0.5536197962972919,-0.8117228314541992,0.3628324329672233,-0.5360143221353084,-0.03766873353797102,-0.01808607896465514
ALG6,-0.02866949768773752,-0.2824153687591023,0.11806753864873056,-0.03363437506704748,0.18775830984174186,0.26118273871469894,-0.12378882302315283
ALG8,0.45429253700548966,-0.42160984036562177,-0.031566711615960356,0.6584400654997761,0.08667419351598168,0.5557788934190585,-0.010937208956631974
AMOT,0.08183517205930359,-0.7212843158784826,0.455853155456683,0.13923998494265052,0.24306481692162824,0.2243210190642985,-0.19020675825847772
AMZ2,0.4844397356723708,-0.44700036455423015,-0.5051980698902552,-0.02295880852024602,0.49514974765332564,-0.27411079282526407,0.06643454686773263
ANAPC1,0.3292299375300428,-0.5110882509444105,-0.14222015519187334,0.037050532440471906,-0.06874744156073334,-0.46783857785609556,0.02030548105605109
ANAPC5,0.11505737491517815,-0.4634772924671801,-0.7294504468288178,0.03903689619217064,0.1275930962235185,-0.4995678525647353,-0.06699984338368052
ANAPC7,0.47589874573882146,-0.40477285818620445,-0.006414764770721646,0.45641485542454685,0.22922580537529724,0.20881990141030152,0.04442934415497991
ANGEL2,0.23401905301916048,-0.8559757285715446,0.017636588568995023,0.4472319641229836,-0.2376763270481374,0.9894039157223293,-0.4310582559346412
ANKFY1,0.21406084055996366,-0.7562539799467252,-0.5291312181844019,0.09677725433598292,0.24338425691585952,-0.45287755155948634,-0.05763485890800941
ANKMY2,0.32163880947966544,-0.6983381669439397,-0.4935195119415596,0.4548537593931279,0.03677138429213654,-0.23235601441584772,-0.2531598303415667
ANKRD12,0.3636214598341499,-0.5679784999569737,0.12511380328234142,-0.272918904675836,0.014591618390614309,-0.47613133357805026,0.10472438698005064
ANKRD13C,0.07498489494328721,-0.6449539917833681,0.14194201551205163,0.04759493758640206,0.30690137448165206,0.4726906615701157,-0.08356832856870557
ANKRD17,0.3814155079967188,-0.44516362288034705,-0.2367885446598596,-0.2839611876526041,-0.14745149582588568,-0.4393324439221458,0.07782277944757962
ANKRD27,0.10712817184785928,-0.5562240284417193,0.063670395549407,0.1647981086831973,0.223148850098518,0.5829583695706615,0.046229764309545084
ANKRD28,0.19783103062495297,-0.6654916624561389,0.06477216381874278,0.6592356084320087,-0.2349948703942654,-0.008394812479589937,-0.09297302321290712
ANKRD46,0.16327827832075847,-0.6736506148636455,-0.23485645405628466,0.1315336313841723,0.2848288900105468,-0.47098745793087304,0.15476597843333847
ANKRD49,0.27254012999750626,-0.4577017356937887,0.08392146886728727,0.0575055310047067,-0.3185746717446574,0.44905870207777737,-0.046480761562668324
ANKS4B,0.1413113475249441,-0.7132781036330987,0.5507911302932881,0.7116806238898836,-0.12812267483373374,0.31722060303637784,-0.15915681829186884
ANLN,0.23764423797362788,-0.6286039967013665,0.6412796775616171,0.7710253882585398,-0.013025353668126804,-0.07043215451302595,0.020870044369362597
ANO6,0.18284560103405278,-0.7210975380517605,-0.26612087619517855,0.08195204002806031,0.3237846422813568,-0.8656038817207575,-0.18597355846863264
ANXA1,0.3453228198698069,0.2811805343891688,-0.7268603770376042,0.526099905856097,-0.14867181321340925,-0.4403440227578599,-0.1005146596903219
ANXA11,0.3126946089498495,-0.9034574501962773,-0.08091662854713788,-0.058141680463338924,0.3432272945026369,-0.46697476310976127,0.15895681339862186
ANXA2,0.629523888886876,-0.32233820607222013,-0.44254103450090504,0.4418180904153142,-0.6433551838396577,-0.3556974295853368,0.10107718267256936
ANXA4,0.12036341625669475,-0.19989072515386327,-0.6536899728145489,-0.8168335392917205,-0.6363160230158641,0.570240322459591,0.11008120466900569
ANXA5,0.6366048049736082,-0.4281458558997887,-0.6499858118312626,0.37928296266374545,-0.37263787727006714,-0.3571838465022764,0.0018403281367747111
ANXA6,0.35572805115537454,-0.25781960438970886,-1.1324070115504687,-0.13772005568775075,0.16158771212247403,-0.648583097251289,-0.07891382213374551
ANXA7,0.3193105259357362,-0.7853995523229249,-0.2836520692435112,-0.3940824035022293,-0.028952147296178267,-0.4173102089952353,-0.034746709154194144
AP1G1,0.36124968868385593,-0.4271838590501108,-0.3529281457157413,-0.05699210430123866,0.33555202554889574,-0.28136143175072026,-0.06681727501430708
AP1G2,0.0562045508677254,-0.3914121755289559,-0.17436024904848452,-0.07480450470540487,0.07732857187566483,0.4903053707350991,0.1337045299499235
AP3B1,0.23899570279067903,-0.7326071727275236,-0.2249651976756312,-0.2557705007524891,0.0014280172182980634,-0.22927821081520997,0.022618763862828066
AP3M1,0.5465904445529038,-0.32149502431661786,-0.015242242706543119,-0.38102786803305927,0.08468214434638884,-0.643948082132067,0.0433016956928994
AP3S2,0.2495738713967024,-0.19259880084894584,-0.3144692208991592,-0.22146546833052783,0.12027306861273104,0.5457023666252319,0.003132432628592259
AP5M1,0.12597048510579975,-0.5878096099829927,0.050636205296799304,-0.26503984607165043,0.12643077661030458,0.0803110300498737,-0.2213323581755912
APAF1,0.41521568431640854,-0.41665292173480045,-0.1969284616087652,0.0639041581232226,0.35004784860699506,-0.5118688105801373,0.06050723815530895
APBB2,0.15821005759135517,-0.8329909390850878,0.04278262004643803,0.25729890150938506,0.29514032821006336,0.2256057099252387,0.27080601003861776
APBB3,-0.0411369814838756,0.002672791282043316,0.02730923477174511,-0.009453874911240239,0.10553249978280074,0.07755920565595587,-0.022038626508358052
APC,0.15878850628059582,-0.909938040343909,-0.4589394831939837,-0.11960812993709367,0.221045812909793,-0.009844740129816443,-0.2966161533374388
APEH,0.059369150135122555,-0.5161708454588348,-0.552376847964223,-0.15793731883079154,-0.07002302470812907,0.2824845934858657,0.16946025535560244
API5,0.30479941103623687,-1.0158168333997881,-0.519265201648782,0.0031338431706118743,0.3461626106671502,-0.55733183611591,0.13513281692961354
APIP,0.2960285994245493,-0.5554556054149549,-0.43306598576646776,-0.05028277316519714,0.10679330231605207,-0.03871137033290365,-0.15959468806769772
APLF,0.24307809280577203,-0.8213608470997734,-0.12268713454735164,0.10318214092925568,0.4545300640211461,-0.5237550060266986,-0.11457053101605795
APOE,0.5109335266354663,-0.37068176690763177,-0.024980444125873188,0.6176520290210412,-0.007901200238180618,-0.1865365543281976,0.18629850183874377
APOO,0.2966815784212663,-0.28467930294989363,0.04044147445484196,0.06589706927640135,-0.1895690412038167,1.0347883932185118,-0.02947484753004347
APP,0.27242368407791073,-0.7604936929793812,-1.098057227135783,-0.02442253860267413,0.025605065970200996,-0.7868004572404045,0.03629693569131513
APPBP2,0.2383397991858175,-0.760103957707329,0.04484964342897753,0.3341854510930987,-0.27552705918536313,-0.8299432401900939,0.11502135122649933
APPL2,0.2219445655176088,-0.8606547731107759,-0.1207622199319716,-0.30517354476506786,-0.2437112642768025,0.23784619532603327,0.09672711886941425
APRT,0.18957205461787185,-0.5186832060262392,-0.25559645081926213,-0.5098864556425231,-0.38596407687270046,0.5523000588364582,0.056790204331876926
AQP11,0.012235720366751605,-0.29861699579033824,-0.23788121813236,-0.17535662424011386,0.029359546151557427,0.45604765326229824,-0.07778406966790954
ARAF,0.1772396225281685,-0.8363503813081066,-0.5632810177127408,-0.06462070520773683,0.13557045969932607,-0.6195428184463939,0.08288332371358946
ARCN1,0.36602414584615356,-0.8951067407155359,-0.40983807590266574,0.6281269370579449,-0.3292912166777153,-0.3802368194557121,1.237643792332626e-05
ARFGAP2,0.1625283485045274,-0.818459030595738,-0.28526671059718517,-0.09862806076401825,0.08616579404081051,1.24511557061318,0.32419918231106465
ARFGAP3,0.285777160876081,-0.7744051158298118,-0.9426049838761513,0.04780979329795423,0.03176421140515611,-0.5791588152218166,-0.024264022295850767
ARFGEF1,0.23264101350106764,-0.4789223433149951,0.09692823364120735,0.14592399755693364,-0.0227644984313884,-0.6727121578137151,-0.2524863223665245
ARFIP1,0.39420019943534923,-0.656746932781994,-0.11331825675272697,-0.282416830574848,0.41497990502564686,0.07141513308868833,0.06619287895541771
ARG2,0.08514535891706608,-0.5078844892046674,-0.2816504093856156,-0.13346314450897068,0.1524340282430111,0.8494063844505202,-0.026992664277144092
ARHGAP1,0.5587889864503627,-0.46110610729298435,0.08383472014419105,0.3024429736240492,-0.1811364015282917,-0.2783730185240041,0.1383137586928578
ARHGAP10,0.391153851625493,-0.3625292817759291,0.27346778525102444,0.06774513396842091,0.3538895602631808,-0.4304174337914977,0.04823437324698691
ARHGAP11A,0.11269612897351307,-0.8029945940239387,0.33919867258435005,-0.033226304697150315,0.4008421471230831,0.28269812484357154,0.22739364751924968
ARHGAP12,0.1481835804242532,-0.7654937592981987,0.3341259538132182,0.16583697472351033,-0.2123153455521065,0.3221461575143381,-0.08731787131319814
ARHGAP18,0.5318582214938073,-0.4585620164331698,0.5295024700482616,-0.01673119471304989,-0.4195792281849004,-0.9224221770033326,0.013945327304141846
ARHGAP21,0.2752531764880834,-0.8821917803919987,-0.3067719385499992,0.3287321674948524,-0.2655938833474318,-0.5665372446912205,-0.22537325954808396
ARHGAP29,0.26050943254735215,-0.8192630940406898,0.3736024588866412,-0.4039076990331923,-0.1519294885273243,-0.3418123221626933,0.05272935357118764
ARHGAP35,0.38120406590207173,-0.4933221961004468,0.2166499058901251,-0.005259660728059122,-0.5290602907578429,0.6576370739869928,0.11007017253039784
ARHGAP42,0.3618085588984483,-0.6122641387572875,0.3465409241920086,-0.5723305336672719,0.04246372818293117,-0.6359526060215849,0.06519177521740598
ARHGEF26,0.2035571572327255,-0.6630075557430261,0.6405616842074483,-0.3893324886808148,-0.20080732692945957,0.3108921445631253,0.12943579570915148
ARID1A,0.5196282912408171,-0.5189769862863473,0.3311579143484333,-0.4640634943221729,0.04947572730068803,0.1296180016237126,0.20726060248213213
ARID4A,0.43197583334909173,-0.6514304359801312,0.3456260315912009,0.025443907707725255,-0.11058307478895604,-0.4827146429142217,0.04107019117143158
ARIH2,0.27914344547749415,-0.7276386351148257,-0.40235092292148805,0.10311426945925428,0.2110505222423882,-0.16903472531224123,0.0919063400543707
ARL15,0.19374722972420783,-0.6405637675300159,0.959482328895672,0.45597411017219497,-0.261962700267683,0.15904854168714158,0.11669933059863978
ARL2BP,0.116311923096776,-0.7315245287975487,-0.09100177717426243,-0.1853371829028577,0.10378116795888065,-0.5208996502284041,-0.1489837253161807
ARL4D,0.08036969268724153,-0.5023015376565522,0.6027414268741816,0.1133176967349804,0.45531139276216304,0.4019533028456653,0.1514018342569734
ARL6IP6,0.2777462188840897,-0.7590630440333255,0.1143486115387598,-0.3984017352197959,-0.17895562756134215,-0.14045132643277594,0.16102581711756359
ARMC1,0.5351370624903042,-0.5204791240480557,0.5030249901426772,0.043163641955181874,-0.2990941064491438,-0.029413828355923773,-0.00728112363240847
ARMC10,0.44419046929867195,-0.5627747877798638,-0.5186244954146306,0.1431301142407265,0.24869931941622986,-0.2483073015699301,-0.054511106815625376
ARMT1,0.10123820119413178,-0.46199937776610767,0.11227176959663501,0.05480388761419467,0.38749737943142454,0.6983678600519732,-0.0826125544800652
ARPC1B,0.4204174065081362,-0.4676683512111203,-0.3241790387866178,-0.1833759593290588,-1.0027919560263059,-0.2535405047290873,-0.011632539502655354
ARPC5,0.5102105861866575,-0.41334986242876265,-0.4343959871338636,-0.7411116184086429,-0.3577216146791151,-0.579039965980599,0.17216307852060353
ARRDC3,0.485897216031629,-0.21767643642141335,-1.2885815654831554,-0.2582878799079671,-0.08813802863559278,-0.5708804149097334,0.13662816287306342
ARRDC4,0.6706200048128359,-0.29337684686801563,-0.5095588335162641,0.46986437143676063,0.2418903161724465,-0.42125329743899853,0.09312775646352199
ARV1,0.15002365251801356,-0.76975222780195,-0.38202985350346164,-0.21319097930022501,0.22259156592653742,0.9806674299464108,-0.01804314990806848
ASAH1,0.4085682887357769,-0.6430664762610783,-0.07519022976854518,0.7869095351424568,-0.20030313689113713,-0.12221763844248866,0.22460235280076815
ASAP1,0.5065316883995425,-0.6563653940900622,0.6349477877546863,-0.001773893028469852,-0.6347487638268989,-0.3919871642747979,-0.015823967293581705
ASB11,0.1112562162167186,-0.6824716914551467,0.34944862220256656,-0.08712195062631009,0.21344751869830017,-0.39378654742848396,-0.03604593522520587
ASCC1,0.4112355858342462,-0.26471213076582395,-0.5073016519992123,0.23797181528691116,0.22383470423389237,-0.3975365062487965,-0.0740744837702765
ASF1A,0.3103864432870998,-0.8186655685460087,-0.01075664794999098,0.19542352476366814,0.5114942052334112,-0.4486034623714847,0.02948320192771291
ASF1B,0.24615211066088058,-0.8170335267359945,0.5265820406705745,-0.6325721589980597,-0.16276812889660694,0.6824311577531125,0.23144006466557343
ASH1L,0.10522598028184262,-0.8482901583461594,-0.04219526455424129,-0.14295447587151677,0.25107654064068474,0.1964535538965402,0.059939551259946655
ASH2L,0.2679198319789639,-0.7422910804515028,0.19694349662535185,-0.3983102903077014,0.008613915554196728,-0.015746731903613448,-0.14495858461357028
ASNS,0.5972010576506974,-0.4560227956561918,0.38278306776139476,0.2386965310384598,-0.5380150729606571,0.35479653722876986,0.14269201075134139
ASNSD1,0.06559128431996852,-0.2852313701073744,-0.28847843741943674,0.48510175898893043,-0.3222674483765357,-0.7667424246727518,-0.11475081169508843
ASPH,0.25923531065922983,-0.5539236262723705,-0.9692978354550783,-0.139546060596346,-0.1491660731476423,-0.6360703652275891,-0.008178221991785006
ASPM,0.35023690121397605,-0.7199779161078994,0.4757854669348319,-0.288310659249272,-0.1330508453498181,-0.3187285299837676,0.11638730181785659
ASRGL1,0.12684035779971659,-0.7818945534838658,-0.30674657519889087,-0.3283539157046684,0.10219964121532062,1.105171156927987,-0.3961833026020496
ASS1,-0.01851559015767974,-0.19770444116707273,0.04360631678379459,0.11607878967549895,-0.11541590691292962,0.29923639724828727,-0.17871671103863074
ASTN1,0.6560202988649573,-0.31750153916607265,0.7912310022152047,0.3231739458184653,-0.18275607357897813,-0.381412905388225,0.24529477808417863
ASXL1,0.17466118504967218,-0.6698053342001896,-0.16139797408102097,0.02226186036370576,0.11882209917323715,0.8797329244756924,0.06636972881512397
ASZ1,-0.04612198361743559,-0.32290020884823906,0.3379862805461159,-0.2864531031516594,-0.008684983751789261,-0.06336101769459984,-0.2619143424825697
ATAD2,0.2303171513146815,-0.6851204243288511,0.11415028399605288,-0.5450696479221446,-0.3536783847900764,-0.1524708195622373,0.09686263276955724
ATF3,0.14204800363041375,-0.5177646170634318,-1.086104438345021,-0.014848182056581267,-0.06014630772639922,-0.5291844562426863,-0.11509659616403355
ATF6,0.42046653380832333,-0.5765795139532475,-0.24936471199599036,0.1849174810160825,-0.2580571569292643,-0.26795731595377714,-0.07895979895023143
ATF7IP,0.30157688678007744,-0.4481682720422533,-0.09280200022473636,-0.29151373885945664,0.40575661669798463,0.7606884212991162,0.001604901891482897
ATF7IP2,0.14099777202310773,-0.5212705072989137,0.579159096658302,-0.691675602908614,-0.06879566205233344,0.31255620652177446,0.016578822470927013
ATG14,0.3873015832790929,-0.27608303515569854,0.211908772806836,0.022004853050172975,-0.4082088859114549,0.11597131755199827,-0.18506808357660012
ATG3,0.29583037968863035,-0.7143726059676734,-0.24065089838386267,0.052103664557233885,0.45395338263702356,-0.1844577440097031,-0.16376195439523442
ATG4A,0.5363820317410412,-0.37142356231129153,0.5628730160988793,-0.26049485764033226,0.10212191381055245,-0.7095018381823938,0.1386872701850698
ATG7,0.3250314335149653,-0.7620223120964736,-0.3033292231415178,0.7098980877829887,-0.190384461426112,-0.2199649412689721,0.03303057741484961
ATL2,0.3563473846118033,-0.7915080952905927,0.2661965678223602,0.7737174427428514,0.13964542932014667,0.1628836063587063,0.05300828626836832
ATL3,0.35152421389581756,-0.6849701295212939,-0.32970920434354356,0.1448374785756717,0.30537745264195026,-0.26036439183219,0.024136852589863964
ATM,0.38420830139535317,-0.26315680991424234,-0.02066665359913141,0.1482481547090504,-0.20257347847841273,-0.4296849813133435,0.02952603441523337
ATP10D,0.24544645848783186,-0.8417716697083512,0.3135701701813098,-0.2361070731748745,0.13387598333403053,0.024880271760692733,0.09660629629562888
ATP11C,0.24677166734364767,-0.743202643486289,-0.030940957404285572,0.22260017236343407,0.32647014632640836,-0.1501230814849299,-0.28851316797811566
ATP13A3,0.24202073277385452,-0.6313100317204012,0.51841350779664,-0.7176962338054532,-0.17583476438463042,-0.10979838152274005,-0.38547552751133674
ATP1B1,0.07123799955237382,-0.6725520535364564,-0.2381321763242575,-0.10705171736057,0.10925500354254666,0.5796577837677952,-0.07169960420589017
ATP23,0.3486978686006357,-0.7724267048667177,0.3195196156042769,0.2445415872839219,-0.3543961470128903,-0.1250752626343347,0.018007568008189877
ATP2B1,0.4302293523741253,-0.5152397072542425,0.32161056526524107,-0.5763902182876476,0.13654412121486356,-0.4832233651687821,0.23530366857448617
ATP2C1,0.26229645837873294,-0.44310288255156444,-0.7722562726781389,-0.11537462716569442,0.15523451403292482,-0.5654617571444697,-0.07094262544184783
ATP6AP2,0.4716716885622146,-0.7918216664999068,0.14707570078224141,0.4225295549303221,-0.8214750005992139,-0.12252834738457619,0.3321961641243909
ATP6V0A1,0.35233568439964225,-0.42907119283694967,0.47251872434454556,0.006457292566036421,-0.13608004363636847,0.3600872351953038,0.12205146846321742
ATP6V0A2,0.3548968755191326,-0.5116133061577524,0.17034353815947548,-0.16589738173080246,0.26326535480655067,-0.8519280200837401,-0.06914600461831917
ATP6V0A4,-0.049474697127270595,-0.4894380968380062,0.5058681883282358,-0.024251549238435463,0.3547326713170538,0.003030362529945919,-0.3807670757632893
ATP6V0D1,0.3801513091465,-0.42149484381735747,-0.29082381733573703,-0.14638268205798752,0.2546064589337756,1.1156992904833416,-0.020512189429501698
ATP6V0D2,-0.06545103371301927,-0.11494820526427951,0.01077962839345352,-0.019077248910815543,0.09020212009195902,0.09041944486950172,-0.07492812825102468
ATP6V1A,0.06309871451234039,-0.4256576428968795,0.07582282159769274,0.0020430078370464342,0.13271365305403737,0.3380252210419305,0.015000936610209757
ATP6V1C1,0.41767240019264057,-0.5378507568638844,-0.1609971600385576,0.4043050831269554,-0.07941810113245001,0.10112010294929517,0.1003805818153047
ATP6V1C2,-0.048722710576420684,-0.10398236102035203,0.10576693984796078,-0.051439832308364415,0.05833264187079828,-0.1322915192874583,-0.12950922131434045
ATP6V1H,0.2163685172032421,-0.5853615177729178,0.0320207739939654,0.13993829326973803,0.3771602284387031,0.9136028851328057,0.047216575106025366
ATP8A1,0.0022851994999078928,-0.27404897438558184,0.32517135550333637,0.07392556516157238,0.09025237189725935,0.35500359433478973,-0.1582679351019533
ATR,-0.02070686220569453,-0.5584757063257445,0.40687837674362975,0.08400466787507652,0.024743489787791225,0.17572402546499644,0.009780255378612962
ATRN,0.16747826417114994,-0.7882376219960299,-0.5147488755000011,0.33373815387767336,-0.16219124968464388,-0.4206533769004533,-0.19828982978438292
ATXN2,0.6501354136597399,-0.3379685746739702,0.40111787653688763,-0.12012287884958019,0.01736347518098153,-0.44537192019203986,0.3847409603630222
ATXN3,0.17944051018400228,-0.7777057027160159,-0.4451902851135856,-0.03983293700780864,0.3038416576751908,-0.07618322576957848,-0.17040028854000872
AUH,0.28520233631044517,-0.14347145805224862,-0.18854901817964298,-0.03716629239492135,0.3718396131590082,-0.4365844227928592,-0.14646754322996328
AUP1,0.4345738958875688,-0.26896917381627855,-0.3151016224254583,-0.23929378398181494,-0.03695475794111081,0.2647984761876083,0.31138216112713313
AURKB,0.3499275155357218,-0.12774949407072647,0.6887161206571298,0.4724751081647192,0.039985357766272184,-0.461795012937171,0.00884390997434504
AVL9,0.3687652162080837,-0.4620530521504393,0.20237596188375306,0.06510970473822814,0.19269524005144184,0.4043870446048928,-0.15400670040299508
AZI2,0.178868447629115,-0.697098003946147,-0.1733601255594953,0.05967912105134698,-0.14984338294716465,-0.05122207841571483,-0.05574191507382837
AZIN1,0.2466240020439257,-0.46151128047083234,-0.344754501725606,-0.139939888754857,0.21871414839087933,0.39715639558564014,-0.12351147303321464
B2M,0.3299707219477425,-0.16477631680988927,-0.9132117990586555,0.20351885191733143,-0.3805486053037301,0.22741099782117064,-0.010662855053645429
B3GALNT1,0.07250040466676011,-0.5812843636057483,0.25217670436450923,-0.11698967095345872,0.15043275349118043,0.4773147328062998,-0.07946885143454213
B3GNT3,0.443423782147261,-0.47061966409821027,-0.05055080318666242,0.10703782963340983,-0.21767045729031578,0.3300174824539621,0.24269512779645386
B3GNT4,0.42676762428213433,-0.23710838190878444,1.029103454069238,-0.00912271267217197,-0.40889182367759247,0.3444313576524089,0.12760808566490595
B4GALT3,0.12881320439448973,-0.6945783485363385,-0.1313955434801567,0.0025066298797051544,-0.06958446252505922,0.7950993365184443,-0.22837692275384783
B4GALT5,0.2278641359570531,-0.6682102862167831,0.6934557165397941,-0.18945607785559035,-0.5441776344399573,0.3607293751094851,0.1381612320051421
BACH1,0.44740264862797297,-0.27576266450645653,-0.23443098865818643,-0.2573884561988251,-0.043331804769839215,-0.35307898442701163,0.13193473394511174
BAD,0.1597354734431245,-0.5796873401102772,-0.5802458392367063,0.0699834582022169,0.050054643939411836,0.43263001729696204,-0.18854186808489304
BAG3,0.5053246350134808,-0.30058743382143066,0.1187795160856008,-0.40976759601553775,-0.4444960334547604,0.3520501442607552,0.1400674748444442
BAIAP2L1,0.32903167747971634,-0.591545114769378,0.21500024956774452,0.1867598331269142,0.4385768660145304,-0.17219151166719215,-0.03277018279047508
BAMBI,-0.0222269516046874,-0.3901622462223019,0.12794276010552116,0.01853278193333425,-0.14130274358005018,-0.28470582078925705,-0.27758878021927647
BARD1,0.1994875801257547,-0.6959441029132928,0.4645519197595973,0.32260492689240455,-0.14128201716160504,0.1732842367357098,-0.08620448551896966
BAZ1A,0.40655538289196386,-0.4794201392952828,0.2524635117163776,-0.40123704748603095,-0.25596436282277624,-0.6071814768430343,-0.008473838266435883
BAZ1B,0.3224558490939393,-0.7087869848984473,0.27015431168924736,-0.22087714734945438,0.062359133063923065,-0.49697837558828684,0.10405436644725202
BAZ2B,0.14283232129909113,-0.7920197141667846,-0.3224547956157689,-0.10543472498946453,-0.05708766963165199,0.5845819159259218,0.4168691157177171
BBS7,0.21613406730937026,-0.5990659822147206,0.30728722662833396,-0.6981524856104097,-0.2647145270607788,0.36319888226517044,-0.15349553568063723
BBX,0.15754247999888102,-0.8470021056157186,-0.6719844034477659,-0.014666825157613996,0.10495562390411953,-0.41187111492955747,0.025483922214911185
BCAP29,0.3232422760669616,-0.7676512309208351,-0.27692418393097973,0.26909744054329904,0.5797317579425068,-0.46854883988142043,0.26770337291270635
BCAP31,0.5286085723528651,-0.5798405464018292,-0.3266041752640795,0.3470235120588377,-0.3347180318107371,-0.295056677914747,0.12454199897767584
BCAS3,0.0601106473485638,-0.6825548377467267,-0.18505186777711385,-0.43525994693689907,-0.050426463940176094,0.5770404714280409,-0.1345320628571352
BCAS4,0.2519401828807982,-0.6301498237130292,0.506493858576332,0.43926888915406404,-0.07002063059062702,-0.2111897485184928,0.04551932558883203
BCAT1,-0.0626068530047088,-0.3042837251443983,0.19616951596813328,-0.07989535058833708,0.09698666537674604,-0.11805119996666265,-0.19856418376365972
BCAT2,0.17235043277668588,-0.6644671762108938,-0.37701320931617033,0.006083976383001267,0.21112379641642784,1.0780314830870719,0.17233005021735187
BCKDHB,0.09769983624854976,-0.5263226590377141,-0.33839465641002364,-0.02759939781959031,0.01554968561338897,1.0112880669277355,0.25321304735966393
BCKDK,0.20198364134280364,-0.9690328436392882,-0.703329407544091,-0.010159100726887346,0.10847168869643532,-0.38730195166676123,0.010650467061408367
BDH2,0.10530683444553415,-0.41753911920382,-0.9870487537051958,-0.19117992520039495,-0.13617719045297644,0.6750546952036006,0.23232717626770696
BECN1,0.22207828310419486,-0.9198977702549938,-0.31571748931784327,0.004296215784136594,-0.24896450080015914,0.8968503474525412,-0.2555543117657868
BEX3,0.3176426769858008,-0.6636595111724058,-0.5162855681944405,-0.27657793221145377,0.1304365013741995,0.7617381522019977,-0.011072242331087669
BICC1,0.30805903273580554,-0.6386129124594841,0.5116166300325921,0.008080172083126893,-0.5001218641224552,-0.9384169711692806,-0.38812701255388177
BID,0.09066510808746747,-0.6060869213133376,-0.4174658084593446,-0.08920563178645635,0.016082244224914125,0.6876211365821401,0.0716184451166828
BIRC6,0.3984168522958731,-0.33989662927246983,0.028450991948288536,-0.18014096656234208,0.3116848671294468,-0.1603512278606143,0.004459683346822501
BLOC1S2,0.12474707835972662,-0.480635752715745,-0.6025740678084582,0.025266856131592554,-0.2750490356525823,1.241764239594654,-0.15924374234532018
BLVRB,-0.05700005875691871,-0.19118568775620765,0.02499842275472225,-0.12546012876250637,0.06477639816296564,0.020765074844249925,-0.17931299738270923
BLZF1,0.13949737277563598,-0.5750523006257977,0.10754781862681705,-0.5038977897551485,-0.31004000098680773,-1.250493558165529,0.11218215655246976
BMP15,0.360542820931943,-0.8298317643007882,0.6856074143952172,0.10420963638387515,-0.8187646159600663,-0.17037642550478,-0.024313283721473167
BMP4,0.18274929512487548,-0.6918936953544323,0.7208538524929443,0.2588852630607578,-0.06587362114221736,0.5449318744034178,-0.09034552843219361
BMPER,0.2859567832490129,-0.4191522195519735,-0.25909321802216273,-0.11186336592793873,0.08550612541193409,0.8631520202814221,-0.1476241879077192
BMPR2,0.14586056725049934,-0.7825314341281889,0.3938335178214631,-0.0008956311874018979,0.42755816368644717,0.02848661119877725,-0.03450895435653889
BNIP3,0.398339069815824,-0.6228049714214848,-0.35399284867058106,-0.28235416886071535,-0.057067818570719256,-0.18758485734257443,0.14839606340471823
BNIP3L,0.4927554414378606,-0.3818466918932251,-0.34885380739246136,-0.4244903674905507,-0.5084309454429676,-0.6551068199495627,0.01130992664608296
BOD1L1,0.3675878726941461,-0.5694854131725444,0.10040731030565471,0.021774995071154088,0.07792249363727444,-0.8378615201924879,0.005980212827899697
BOLA1,0.15553451679306077,-0.5915449856049205,-0.7992907637295362,0.009098423637331722,0.06014645579039729,-0.15797564045427273,0.031835595186754474
BORA,0.14476521080402827,-0.38787494481224505,0.1584201097737856,-0.4609657919540665,-0.0802957161636856,-0.18714683225516474,-0.13536394968136625
BPNT1,0.2698046404129919,-0.7685438923158998,-0.00870991274290228,0.5630181172777105,-0.2812239032125915,0.4970177383406279,0.08947210237048904
BRCA1,0.1124035098900648,-0.8131364958033963,0.035257230456829255,0.21580429048577718,-0.2183045802261187,-0.07376556137161294,-0.05111894447607069
BRD8,0.14895192500962634,-0.7053390520119555,-0.26731195287252324,-0.049302137815279305,0.17808830069618986,-0.8986460236485094,-0.051380329972730246
BRDT,0.14313476145725249,-0.48345647816965753,0.41700781525365943,-0.3999307403911953,0.11119157380581,-0.1473225764368535,-0.07003511849580558
BRIX1,0.5197382098714882,-0.5957698067146698,0.39929658306107907,0.005106635422056974,-0.6844839464533039,-0.40880072300102205,0.2136231534644573
BRMS1L,0.14432132381321414,-0.5525581299432003,0.16969608157776037,-0.2959923232553497,-0.6212867286866296,-0.14520793419646866,0.06581129704315648
BROX,0.3435436557358886,-0.6489874596670526,0.12902856859888256,0.008108946597100077,-0.7081548693403267,-0.207904558054758,0.08979812561964805
BTAF1,0.13058480292953165,-0.629987666553874,-0.09741530153388564,-0.4373417034175271,-0.08326523682482685,0.35527777328367266,-0.3162367362418151
BTBD3,0.15629599655069432,-0.6532735607674455,0.44182719876113646,0.2182222655795241,0.6267567229729581,-0.4972512972196619,0.12607668289880158
BTBD7,0.16532727102533107,-0.7230378126129696,0.2818150267817086,0.17815431694944303,-0.3016812586148724,0.3677794553823293,-0.1623931952749691
BTG3,0.12390997595590407,-0.6033399929503027,-0.8606118424970804,-0.22479540551635385,-0.14532438977177783,1.1762245536825608,0.404274715026102
BTG4,0.6050056926967338,-0.5515039117398285,0.6445469978909762,0.2069294222804459,-0.7682573037623455,0.10570149161347096,0.08105488619329973
BTRC,0.15461311860966875,-0.7749624635359602,0.4904535090600887,-0.05596477074653005,0.45201358381438667,0.6797208014524264,0.16125449397220107
BUB1,0.13837748325530383,-0.574889974897626,0.5969123928310508,0.2647433075868848,0.47390354797803924,-0.10825100547720434,-0.1066806842270862
BUB1B,0.385842385683826,-0.6404868731565285,0.46035873494532753,0.4490402933835583,-0.10829380192816132,-0.2095782727583322,0.0178236096469429
BUB3,0.3309231714762248,-0.9872424551871559,-0.02661770859090417,0.48834713999635954,0.09670181399963168,0.49197292761415273,0.09842232435511508
BUD13,0.2827012679317087,-0.7511313127640076,0.14146958115238123,0.6008073635060031,-0.15200522750238032,-0.26952421166363305,-0.124926272233981
BUD23,0.2707318394242887,-0.9362010866438106,-0.4000747667864174,-0.26133095228070685,0.13358958631139978,-0.4333947036272651,-0.07047591312261148
C1GALT1C1,0.261483792313619,-0.735023960536928,-0.1715843767020519,0.4985207644605474,-0.218505569596454,-0.37249546372287756,-0.22215095199720733
C9orf72,0.07062481923536194,-0.4502911041117184,0.9049503068999522,-0.18434060699909896,-0.28571349619786846,0.10652012440563834,-0.15670511717849356
CA2,-0.03150543674493304,-0.06321596870499638,0.08354988870470648,0.10748701036075149,-0.19970582531355044,-0.014617782775857551,-0.045388320527131806
CAB39,0.33259975901876176,-0.6680351498365822,-0.16198055474917558,0.39999262103304983,-0.39527630770008026,-0.2532849864717775,-0.0554169451936859
CAB39L,0.09791209889139045,-0.5235300658950404,-0.5418920543618096,0.09669749316662295,0.15783896208183956,-0.7825875651157506,-0.10730837183334384
CACHD1,0.10578833621226642,-0.39153793090137445,0.42470779140627196,0.30063800443099387,0.28426197459001784,0.1606551089975358,-0.26425404449961465
CACNA2D1,0.31819228106233355,-0.2840859396771912,-0.336712033439931,-0.15895661268062752,0.348203844153706,0.46726832518436795,-0.19630930773899502
CALCOCO2,0.1595507135437995,-0.8409813372652802,-0.2514521035385942,0.3426752748307166,-0.4292297230590791,-0.5726722751792149,-0.33266921960857987
CALD1,0.41504162964992086,-0.15315418130272876,-0.7437999677825408,0.08484977425680533,0.22321892348215472,-0.1763569041830624,-0.11507891486355946
CALU,0.622893593899125,-0.40391639140038293,-0.36244896792236486,0.5538185334265386,-0.3412928099505344,-0.1732769560476373,-0.02232772414827232
CAMK2D,0.16057735545341814,-0.6581121777237651,0.26666869342226207,0.21669315008348367,0.4913534349435558,-0.31082911823147374,-0.07921682846246757
CAMK2G,0.263219592195503,-0.3392315339102316,0.7991045856201203,-0.3881554198420623,-0.19757219115601024,-0.1698595101368275,0.004585438525711291
CAND1,0.5089094510101196,-0.5512192643679129,0.5073965001446893,-0.002422883233920348,-0.6769474662235582,0.35849999736130206,0.02420784719813342
CAPG,0.1763564959620249,-0.1548172717409864,-0.1853645257883193,-0.04865867877781938,0.10250430444099894,0.2775931877225727,0.15213448688433903
CAPRIN1,0.25888736797896317,-0.7532652271184005,-1.0152943052133467,0.2511093104367608,-0.2068393058191633,-0.1137157042827665,0.02378140585022725
CAPRIN2,0.37347322041091147,-0.5401903873741896,0.1837068236338877,0.16704866793161027,0.5956845633645493,-0.20058387291078633,0.06945753795666858
CAPZA1,0.3934532196709233,-0.7459203853053752,-0.08021167042926917,-0.35105769155564925,0.05901654542593309,-0.5670136229389576,0.03002577515652854
CARD19,0.22123603713791118,-0.8062870898195673,-0.278681769176664,0.008411468978358264,0.3449143878432745,-0.351003154149012,-0.029315275335652796
CARMIL1,0.49964967521056247,-0.4724693360521907,0.3419008023385912,-0.014097006048714946,-0.5368859346985582,-0.6339177786581973,0.03200670990487528
CARNMT1,0.2890642016625183,-0.213147673839986,-0.2701253539020409,-0.04201625444318969,-0.04439226808077671,0.8661195360243739,-0.06305374960904558
CASC3,0.43065496728078767,-0.4386022106531466,0.3555452840438854,0.21177370233148046,-0.15349131822391196,0.014335139516667301,-0.09462876736732014
CASD1,0.293776529515858,-0.6819405024064557,0.6107094808885962,0.07886580046390661,-0.661944349506682,-0.26494931836702984,0.06992741983602005
CASP8AP2,0.3511448869905265,-0.7012996660988459,0.4891265015571203,-0.27664134314043637,0.4382090815549765,-0.3351938277549617,0.10579343591182042
CAST,0.3116403762027413,-0.7661165961137899,-0.19902576452331444,-0.623395720182211,-0.25630100303364484,-0.5335427535914994,-0.15188766389394773
CASTOR1,0.2581445629900374,-0.7100936710615143,0.6565399688768543,0.006736716393053417,-0.07716637600155993,-0.028367875132758593,0.004526327694157294
CAT,0.19687047180691036,-0.7266834938222771,-0.32814133142002805,-0.03953075950268817,0.20532557615859887,-0.49666217647316474,-0.06365368865297112
CBFA2T2,0.11658460412710553,-0.7808382329772204,0.5577312294287294,-0.02561701095645066,0.15846597224791012,-0.07282960165747179,0.03860266446185726
CBL,0.06536446471970597,-0.6547775619587956,0.04735048704804802,-0.19937284213993373,0.04415419372740497,0.3799295724591684,-0.11866912877345624
CBLB,0.30008348723446554,-0.7694112899311953,-0.06202061595926943,0.2948580002457928,0.650584930213429,-0.5643233102637522,0.0008421376752070349
CBLL1,0.6140823627350236,-0.45832208953494596,0.7070958717125169,0.17461314750972165,-0.4131104735525975,-0.5665108418813769,0.11440896299239277
CBR4,0.18024351563749735,-0.6064503233617008,0.362404564751528,0.0075028171849836475,0.4003464512126115,0.02708959018486674,-0.025180122156093013
CBX2,0.04074756275353504,-0.3170967032501251,-0.15314130437010515,-0.020413053918619428,0.04931040078134425,0.5245728279335257,-0.11105963579104787
CCDC15,0.31971621882441376,-0.6155410190450666,0.30835393475109435,-0.5287401996819306,0.12917629116022095,-0.6877659394699742,0.2034261296479022
CCDC150,0.12177742502740721,-0.5455163953983577,0.47261450581190195,0.2893308170101323,0.6608235171024205,0.11424949085885468,0.013166864873799831
CCDC18,0.2951055155980316,-0.5103275152085723,0.364436988674873,-0.687170976450341,-0.015521142323549512,-0.47812109738932074,0.012257285451793184
CCDC181,0.029161866779010844,-0.3236832758314974,0.32388820895300546,-0.7741426742443707,-0.4024330612827765,-0.6072650264148393,-0.27061079926035414
CCDC186,0.4446102268040393,-0.5430350720312799,0.30230626314927783,-0.03892134076932114,-0.5827358881901775,-0.4356976322728549,0.05504548025432129
CCDC28A,0.16405354301251507,-0.5196663105079121,-0.3288175615251433,0.08164824648185273,0.294550692852209,-0.5290805264137283,-0.1375504626007558
CCDC38,-0.06898551872216768,-0.10210338517273308,0.014616117931163195,-0.013448589183115754,0.09240504648940003,0.07391360326590336,-0.07576702395788275
CCDC47,0.2076271444735026,-0.6620949422806304,-0.3232471432286707,-0.41603077617298917,-0.5684468406606011,-0.8428479509791544,-0.16877746861679535
CCDC51,0.0939932504244595,-0.6295444927010801,-0.15522725883827443,-0.2125430546356954,0.08994508825855992,0.25514423799042235,0.0015429384141355926
CCDC6,0.45513008764443147,-0.6913059824299971,0.6268556121058699,0.05064038899801257,-0.39204322790936774,-0.1365448890490021,0.11553183787428696
CCDC66,0.393252425303355,-0.4978832076390559,0.34688444818183223,-0.21981789747646557,-0.18604300079143968,-0.44244296558448026,0.16630265478831766
CCDC68,-0.013561961323374151,0.10383692511180928,-0.02685043253744328,-0.030215409107092774,0.08879745481295588,0.011428841987258822,-0.019518972909249307
CCDC73,0.22484930401046205,-0.7061023664017055,0.2968574050859355,0.0067088601797694455,-0.572708824219152,-0.5146330623932757,-0.14860245596060676
CCDC81,-0.03951628963885748,-0.43501679563430645,0.16317793702833003,-0.04737374667762291,0.1843332534825836,0.14867955509966926,-0.11353521798635498
CCDC85A,0.27783199377314666,-0.7362955834141861,0.7578724160344608,-0.20749347432950005,-0.6018516933578848,-0.026996572993374802,-0.030600209227867256
CCDC86,0.04555863152438526,-0.5697946610229561,0.10133386667197739,-0.12167983001519142,0.23719295974871407,0.4743987603919357,-0.20738219222754323
CCDC88A,0.41864712037275187,-0.5327494697249463,0.1052886759593452,0.1257859447377615,-0.25146401275478364,-0.007228542106613946,-0.007405227817762004
CCDC90B,0.33033873166911865,-0.6569800384729013,-0.19102097156875666,0.6014881582460063,0.08467831869424279,-0.14159616440896003,-0.595985301731481
CCDC93,0.2934880387508491,-0.40073221233257195,0.02865016541727081,-0.0542532427853767,0.07235260108989716,-0.5758183187386539,0.185553736181714
CCNB1,0.5740126984800132,-0.3077001711431893,0.48256667416192994,0.012235312856689698,-0.5083748920586748,-0.11366577689381954,0.03702472557643057
CCNB1IP1,0.12585687916389018,-0.7903185464883382,-0.2350581672248268,-0.2554289694432787,0.11362296304223113,0.8716707642153286,0.09537595111219462
CCNB2,0.38692800298021945,-0.4985171136116294,0.5407257851156926,0.12283568076261654,-0.042931349931968545,0.16287400702148344,0.1674387788770004
CCNB3,0.19185464662199384,-0.5991264259290549,0.795140136566375,-0.42382807551608404,0.14013055716678288,-0.5523969332213422,0.01400387148181049
CCNG1,0.4563448558830175,-0.45038034246300607,-0.5990161372177214,-0.0033953001035956663,-0.1555765136335289,-0.24221584851428982,-0.06301039861510095
CCNJ,0.1921235960828519,-0.9022532937426488,0.04882297052970756,0.015529036025836274,0.32793533357188936,0.09170711584177134,0.09931384751218188
CCNK,0.19503422057817604,-0.6356551009488278,0.452094839608072,-0.43319075297141285,-0.29035813221682216,-0.5696427953122288,0.05079311765560405
CCP110,0.4718676221123419,-0.2896366806985284,-0.06558778331808744,-0.005121961914654932,0.6025956109106322,-0.6393133896443094,-0.02402495716523924
CCSER1,0.3842067567608202,-0.679890446607653,0.7061195693353601,0.4235657547561477,-0.5605708373565892,-0.1596095578775873,0.12490388860288493
CCSER2,0.23632749764911806,-0.9671740161670422,-0.5423460961001639,-0.09243935363609769,0.21542429659779674,-0.49169441684472287,0.14937170215332213
CCT4,0.5197285533890259,-0.357724139427015,-0.4060877425288797,-0.44671714013328656,-0.004107778426619094,-0.6362965627235627,0.08153912449457744
CCT7,0.48323134683079216,-0.37115490556119474,-0.492696185738023,0.2862352013087372,-0.1558400310607512,-0.31095583716505554,-0.06691857015948248
CD151,0.33348940378630065,-0.6880272148865189,-0.6863039139489719,0.37768828206278643,-0.029043902370134593,-0.5674908228962442,0.1273912256517042
CD47,0.2959478016908715,-0.7290952620941149,-0.46274492033339726,0.5937598530795622,-0.3324098119176971,-0.19777042313638843,-0.5120964067675974
CD9,0.1687910004419907,-0.7341259085418396,-0.9140058356688647,-0.08388711873042592,-0.05431664935831031,-0.5559877481622417,-0.09202972112030208
CDA,0.10986039167834057,-0.3340130344618056,0.3912641899455088,0.0236889333085737,0.3105029100950607,0.408074608574614,0.07185992422308239
CDC123,0.3583694967011998,-0.6699403761936519,-0.08312323509185043,0.6728730331658384,0.027889657585372055,-0.016503080284890677,-0.3123160927742063
CDC20,-0.03839128131886435,0.01430248148133276,-0.017135208781623355,-0.00432205222446073,0.04439041538026984,0.005503413934956074,-0.016060550000097724
CDC27,0.30934753342009336,-0.7950810432832598,0.355941743807649,-0.3321910618222301,0.14197667622502255,-0.7408908710399005,0.005041802326535394
CDC37L1,0.20257427971076614,-0.7253113844444447,0.36574105056311723,-0.05513255543868589,0.0970997819303427,-0.19220852335891497,0.08384328009650621
CDC40,0.3156925846547489,-0.7389510973103237,0.33912763893575526,-0.4402597955186918,-0.46146812524307357,-0.3535287633635373,-0.09827077631034949
CDC42BPA,0.16795241674046166,-0.7537338835832544,0.04978377795407386,-0.6170784186683896,-0.09329589089454683,-0.3406325905731251,-0.03965858232282043
CDC42EP1,0.05288008507910889,0.12225004148362643,-0.06698102949692868,0.011707111748380614,-0.2639986970945783,0.1546103841635306,-0.050412932187457446
CDC42EP3,0.12589749676950773,-0.5352538405535721,0.290154293663818,-0.05314240063663857,0.3156215543610333,0.5027330005256457,-0.13418049751385597
CDC45,0.11000280214767079,-0.4058387225946483,0.17158103849724307,0.0698251158538403,0.13384199306669617,0.38647932719908235,-0.13883566654951346
CDC6,0.2202298405711773,-0.7032786362579933,0.3939209424392798,-0.1821951336460842,0.16070325683388278,0.1275356704154513,0.08092441415775226
CDC7,0.23052297409575975,-0.6226882784636399,0.25106753780857677,-0.5259923711463775,-0.3404305799334383,0.32900949036799393,0.0449562828221596
CDCA2,0.21332524134483918,-0.8080504219143814,0.42735118848460135,0.04040288096410234,-0.0912724791546867,0.02167164172011225,0.18484758391978587
CDCA5,0.06026021132680383,-0.5750729013203472,0.834671439214876,0.23555856832244085,0.37577648001579694,0.21851357225503729,-0.02349132761955159
CDCA7,0.15468553025550758,-0.7640946352194795,0.3148403129230092,0.019352274357390727,0.2313079020079897,0.06370062771547587,-0.02282656897440309
CDCA7L,0.4304060924820131,-0.549677700513772,-0.30137549984660966,0.28612561228738004,0.5935862186438968,0.22172507925002138,0.1180236876684068
CDCP1,0.19063769362456615,-0.6074220436563711,0.7280192356469405,-0.41978179795167636,0.029976154096620855,-0.3767822565040881,-0.08379243696619042
CDH2,0.3418258923316548,-0.3496461354468669,-1.1012543732019764,0.010144755741283243,-0.21911215741140455,-0.877266688244537,-0.01675246278565871
CDK10,0.20011933744154833,-0.6124455079807246,-0.4517389556411631,-0.021166050943639016,0.24810167492904672,1.2497777079185084,0.27860780508244426
CDK5,0.31065993795648983,-0.7018177402462437,0.10949199879726099,0.7919125082578617,-0.11867837892683583,0.8745740184039796,0.09636713118301019
CDK7,0.3784120838699213,-0.6875977437617479,0.19036661843191752,0.14230546171488886,0.7172265430451632,0.21261755782037228,0.21480624370235085
CDKAL1,0.18077916584429302,-0.8942934154731608,0.10333579508761524,-0.2912229951504943,0.42161929875914794,1.1048612181094863,-0.20645390423399185
CDKL5,0.2560823159615648,-0.5703808884264966,0.45288267063185494,-0.6121731400261761,-0.23427119243374328,-0.29835592912145104,0.07373453497152432
CDKN2AIP,0.4022770608565235,-0.3876038130254656,0.3022613962100657,0.008307873396254726,0.5346632283691928,0.15463354747728145,0.017280889772408135
CDKN3,0.15146028193731903,-0.7434001943215315,0.14327860636741702,0.20175047204303434,-0.32655565937915015,0.40019919502926293,0.04669174833157116
CDS2,0.2843859611765575,-0.8783042106285512,-0.20561868996478233,0.04537642813981556,0.4563662913426883,-0.4310269240855276,0.1772388584893168
CDV3,0.25113018326999664,-0.9346988572403984,-0.510841027630868,-0.41215230755516097,-0.09806250563596793,-0.6439823444268671,-0.08905591427524745
CDX4,-0.01718975137105549,0.006531453594287756,-0.005532062338496674,-0.0012247019772040806,0.019313518170243293,0.0025673093204351635,-0.005687714884235415
CEBPG,0.3222512737099911,-0.6596075019901582,-0.10251560396336325,0.20994030482458098,-0.5402892501982888,-0.555149982260141,0.08111655658158355
CECR2,0.3418406950665491,-0.5565912385499935,0.8266395544251924,-0.27621628802210146,-0.08235722309366302,-0.847981043609463,0.030129216883753585
CENPC,0.31213795762033447,-0.5513530478766041,0.07879975026802134,-0.6390494968823599,-0.20184902557111198,-0.42156355734993106,-0.2417114602239143
CENPI,0.08485928249175144,-0.6473812299417979,0.21351342264988996,-0.04269540515332395,0.41953412439823395,0.6171397265214276,-0.2742189841613256
CENPK,0.03618265816156235,-0.5911432171805908,0.19241978962265222,-0.22804645732839654,0.1937031581350421,0.3483392376064434,-0.21632330692458973
CENPQ,0.2216952819229995,-0.5642124509112668,0.2505878034000041,0.002124189445193121,0.18569213653455172,-0.2706509705162218,0.021804286780325127
CENPT,0.018637740574706397,-0.4110680570956507,0.5851939006830168,0.026604202119105316,0.4385852492935584,0.1558094858731256,-0.2197879518841281
CENPU,0.32646902625991425,-0.3957864367410768,0.2969088805137279,0.28866688858192974,-0.05647174605343044,-0.31906121079708616,-0.015598614635664945
CEP120,0.17647641348348242,-0.6436841645382808,-0.3122900321530161,0.0553532143599199,0.32519996250683997,0.01848855610946954,-0.09147820343179171
CEP128,0.0818624244334898,-0.7076633418159387,0.08932094011596241,-0.16346227251246395,0.2021195019679156,-0.0027274271413598567,-0.02061777813658068
CEP152,0.27442108880348837,-0.7679575192338195,0.39191739124103425,0.1293385197005247,-0.31518336417092463,-0.5512565153814009,0.11673224531941932
CEP162,0.2232836573938172,-0.4711227110993288,0.47741520012540706,-0.5483482991466495,-0.01675221400175709,-0.5216059801285965,-0.17777254852366792
CEP164,0.27184846568579357,-0.702945573858937,0.6182213059802382,-0.01731898446131057,-0.5332263819270328,-0.44616209626223713,-0.018202657362454622
CEP170,0.26842314521373567,-0.8582785404321576,0.010300977912898357,0.19858155005084616,0.10032311167646801,-0.17064207030387704,-0.08795614002544333
CEP290,0.46976492051075597,-0.3042789785639836,0.32798926054454236,-0.09018092377410501,-0.5929579419424437,-0.1063007660637313,0.2151239462317239
CEP55,0.1455593951454191,-0.5490129187101015,0.5630343637468478,0.043146258197795925,0.5423526731927497,0.13640306557859794,-0.28839270637118664
CEP63,0.10908674208686728,-0.7800152658673255,-0.23066615898246257,-0.02258513181820809,0.1354892265467402,-0.450347877871329,-0.4503231366927353
CEP78,0.08823451553838431,-0.7176312370685979,0.06207313409205471,-0.012662792767823536,0.22142699822433626,-1.2159226473904354,-0.40602448590533785
CEP83,0.13963741368770077,-0.6974849207138796,0.39521385734035613,-0.2609203056877875,0.03978553948987138,-0.18831359782330342,-0.15219511622782195
CEP85L,0.0406786822674564,-0.7911500916105638,0.2195062685405594,0.09130440902752833,0.12409162530717578,-1.1929706329309568,-0.147946501704394
CEP89,0.3985738792294433,-0.38376466798098813,0.2629543604633392,0.4163485171824478,-0.01126746592747425,0.3882350973276212,0.05574417125911844
CEPT1,0.21825066307804536,-0.3786570495749785,-0.0166751463911974,0.15671968742220188,-0.5658932341265756,0.7847594545308486,-0.011384752368818979
CERS4,0.39283059824863775,-0.4942386227040141,0.1832025656095742,0.025075335604531727,0.49797842232500716,0.4547959625698323,0.5127713788357751
CETN3,0.35769247207665644,-0.548153757197798,-0.16631129455715607,0.13843198660885017,-0.4412901615182482,-0.11201240454194156,0.00636179648268589
CFAP97,0.15758920745240879,-0.6288863358559659,0.45443387742177926,0.02036949215759193,0.4279557352665419,0.5561810150225994,0.022833853935544456
CFL2,0.32070307752372845,-0.9126966174180682,-0.41521187173359864,0.08487044671932364,0.3932753540796094,-0.6388384624929864,-0.283799985151479
CFLAR,0.3751105548973921,0.07858542231910154,-0.8472651930810694,0.12296609377713544,-0.20314010120889966,-0.053576877527312536,-0.01583860504476716
CGN,0.1316279104094497,-0.33938050639868866,0.3009022556054359,0.04313729164263531,0.07599126560962507,0.47110229109325413,-0.1956043344395947
CHAF1A,0.35808755936691783,-0.5414763102170811,0.5914268540231509,-0.3230952284418196,-0.74028466631048,-0.3747797027802698,0.24133770720725503
CHAF1B,0.22155720424597647,-0.7486753778236774,0.2832141502911859,0.014195651961008407,0.5093791650475931,0.3301535993399345,0.13500334346423523
CHCHD3,0.45007431417335286,-0.4283046559651265,-0.2956386207398009,0.4126309445975682,0.10685246949650899,-0.045808103077206196,0.09493053561279172
CHCHD4,0.42478989096471975,-0.31760198494218866,-0.34782559485933234,0.19570742684009704,0.20395142284335702,-0.15868413295578696,0.1837347642187848
CHD1L,0.2224981512030449,-0.539610417294643,0.2782935769308134,-0.006416170679710478,-0.6223826945932529,-0.5666110038077116,-0.14172657156179638
CHD6,0.2662920817134763,-0.5633374422651704,0.3698529607804508,-0.1516402476075211,-1.030426814293961,-0.721644284809455,0.13688473875038687
CHD8,0.1688025924181943,-0.6935197854405082,-0.023528677294740025,0.07710468116143944,-0.0366390060458681,-0.5444212692294189,-0.06857497050988959
CHID1,0.28663295560271607,-0.7071503230355835,-0.5630633616990264,0.34967897511210394,-0.07088477440154282,-0.2934911697535343,0.1285720384926978
CHL1,0.2713293428835784,-0.696425823048192,0.7041546732151863,0.13350519245763445,-0.5990920321382114,-0.048711149768869665,0.28292185453108093
CHODL,0.4315318513128677,-0.6410865904497105,0.5786213308981125,0.05065298827379472,-0.6361765827540026,-0.09403466540449325,0.039853185912325936
CHPT1,0.10691104309660775,-0.6784880766802113,0.1180296986421106,-0.19907521457730334,0.19138998470968668,0.6344038166290695,-0.20010197930829432
CHST10,0.18418631055140824,-0.663571631124032,0.7124639729271491,0.4320631440939008,-0.4955036871727086,-1.1107301850185338,0.05264993782542311
CHSY1,0.31307999734947667,-0.7351309884102374,-0.06992412074968332,-0.5182287359774886,-0.3604169348684817,-0.3980885771877736,0.042832066078267
CHTOP,0.5074395615025147,-0.7134335473839588,-0.3006004706435137,0.007761197000630787,0.6390631692849845,-0.37414829242098113,0.08850386645685258
CHUK,0.08186634974644487,-0.47132881272239235,-0.20668612599598252,0.47220410334467333,-0.272604299683705,-0.6561246250774414,-0.2163820209383358
CHURC1,0.2598393190460626,-0.7504035322823877,-0.06499273010921515,0.15736648259767638,0.5385554376717473,-0.22849124710671612,-0.05143775810750546
CIAO1,0.0844207191318822,-0.5706055581657016,-0.562133724217444,-0.007103453557316565,0.058104343449653616,-0.7125378661094851,-0.13704894526523928
CIAPIN1,0.1351962101062307,-0.7011407043413203,-0.4042324100870091,0.09962536293779216,-0.3903744283662583,0.912592082265527,-0.18966670463190458
CITED2,0.221575792430469,-0.28681129725748805,-0.8361022739822873,-0.04682696567323176,0.02616716505113774,1.0039105141826368,0.07031869023122721
CIZ1,0.037835428235822345,-0.3167925664349237,-0.08521936935367339,-0.2925667103543688,0.016158152128186155,0.5123194998777861,-0.06945655090705798
CKAP2,0.31462379688208236,-0.7002736371391586,0.6509052552312914,-0.45153676610260746,-0.031215182686597197,-0.5238351155636111,0.03527361171777479
CKAP2L,0.19507924763326956,-0.6941238607953557,0.30249051292729856,0.6292252873665128,-0.24705114323220592,0.35162220581917575,-0.5007683587987544
CLCC1,0.4636230676379085,-0.5655726555977438,0.3734434593839427,-0.6057437252480657,0.09981714571899539,-0.03403221086939945,0.21184931428451825
CLCN5,-0.001926076468653591,-0.5339052010093606,0.08703864127980784,-0.2629150028767528,0.15074039880859605,0.2677901717912538,-0.23102625415443437
CLDN4,-0.022331075645059505,-0.2911017940252237,0.20839071442980073,-0.01670180147302004,0.1499819040265945,0.24000853368823194,-0.04241471614052648
CLDN6,0.008320000808675385,-0.44028493422853515,-0.027298054189553167,-0.033357078668831,0.07839306481441827,0.0069739035614707475,-0.12697884307297386
CLDN7,-0.022877109177517205,-0.4026537736269966,0.2686695076999234,-0.04163058401453336,0.12972410049393984,0.026384422882378748,-0.1453372070955654
CLDN8,-0.06341951629209205,-0.1630293969205254,0.16848242075252806,-0.07788636529232015,0.07301025547849699,-0.1971025423478183,-0.13790990069819187
CLDND1,0.29857013962316126,-0.8746214232877606,-0.4645789581064663,0.14556666537724644,0.2656169215789877,-0.08793712593090838,0.11914787952625827
CLDND2,0.01149344666316821,-0.20321639189130813,0.043222467035736546,-0.01470936929498296,0.0788580496018905,0.18520948364312134,-0.060761901475639875
CLIC6,-0.038310472044518616,0.012698639294507291,-0.01545671268780603,-0.0047043352806832705,0.043656867135917626,0.005982962777406898,-0.017342367720857378
CLIP1,0.32301119570885467,-0.7455292747613083,0.3592657290282307,-0.19929006691029036,-0.13455170343758982,-0.7801135673828551,0.11432166284724815
CLK1,0.3141541315390374,-0.4738220277548801,-0.3826917813953352,-0.04839271053356318,-0.07760201690941827,-0.6056978427101031,-0.06674711124151098
CLK3,0.08775542179938914,-0.5819437633336684,0.05418539167029048,-0.4436956705323521,-0.14601312781125894,0.43783663022177066,-0.19826214952862345
CLK4,0.21095744652545204,-0.7373116572065244,0.04449933662451116,-0.007681120294160835,0.32101414542137896,1.0539816114239628,-0.03321642506594779
CLN6,0.20542936421547417,-0.6949891153968155,0.1552180967703032,0.320983767436651,-0.08258455684382884,0.6932808320969513,-0.00885525890086598
CLOCK,0.38319543664324873,-0.5598013532196646,0.36760524134789474,-0.41705293891848755,0.2342886124365585,-0.5307121371266456,0.1287699547937093
CLPTM1,0.08544784657265257,-0.6146196676062777,-0.16640126955089724,0.17871765018979519,-0.08019481857631401,-0.6101806279918216,0.15689837863721612
CLPX,0.2184647140676164,-0.9278911178991427,-0.35334681676238544,0.0009586158669873811,0.1710891535088541,-0.3955184989036724,-0.056311357184828874
CLU,0.30243982133033737,-0.6187751144129915,-1.0395734354894413,0.038121203653849474,-0.30936942623770713,-0.4494274321358246,0.12215569180084844
CLUH,0.4489908031027934,-0.3824778063089855,0.36490462247327493,0.12108351617352754,0.210076202259478,-0.6504824864640119,0.10501641342729048
CMSS1,0.010720172093919504,-0.569208980421536,-0.10369799086344515,-0.30445616602969455,0.026398466268977128,0.3688515232371278,-0.0749667585665768
CMTM8,0.24690531507134716,-0.5802445176376545,0.5173503631424996,0.0031394077932401492,-0.40684140854191403,-0.38277215195915504,0.09763187856221603
CNDP2,0.47850659569978843,-0.29485930435130736,-0.8184308254458291,0.19547430056360396,0.22992190980732446,-0.11396096445647033,0.013611416664566545
CNNM2,0.427634839740648,-0.8325548222834573,0.6609734416043737,0.05822163737244873,-0.5266041414120098,-0.3106585967437953,0.08881900534953412
CNOT11,0.2858711790535485,-0.7483769095960501,-0.015680972213732127,0.5070055042810193,0.3934156542839931,-0.22384243332085108,0.010325093080190717
CNOT2,0.22338404269926043,-0.7138398052949143,-0.27133435372641546,-0.04653887517324548,0.3253857779343183,0.7449064732875156,-0.0980509126658149
CNOT4,0.2977381554430345,-0.7016520532341259,0.5161137964540758,-0.3688655595953117,0.09443337245097536,-0.119971570952408,0.14661315386354384
CNOT6L,0.3590176130973231,-0.7285603845727004,0.25818971615352304,-0.4367202653497903,0.14507632768257092,-0.3051276727186048,0.19313873829952646
CNOT7,0.5636421040662426,-0.6500374516422014,0.0690710206078719,0.2701757882590152,-0.38765341261474745,-0.2890832739733307,0.03635334666069405
CNOT8,0.04110451680054785,-0.5466583640945847,0.1784662745420283,-0.1825956538230632,0.14129978874798588,0.32913673374208235,-0.10117241350739767
CNOT9,0.1792114255507929,-0.9759087073605773,-0.48557335247986855,-0.04192188737033276,0.06198745090322289,0.2713212529543446,-0.02508758543008485
CNP,0.37289352680598614,-0.6566823322678441,0.42873607926960683,-0.028324750750279813,-0.668336927575802,0.7770245307706283,0.1406077171788863
CNPY3,0.1577252025371367,-0.5699168672973395,-0.6965928457725136,-0.15523440771038535,0.10676145894833725,1.247264639299373,-0.042469810650742325
COA4,0.4395860954715408,-0.13866962704678534,0.2733077268919536,0.7279618620407438,0.07840608893359155,-0.0679178392596496,-0.03832986269669875
COBLL1,0.2804354177763902,-0.6978513882499671,0.6139412840989732,-0.004945839537936181,-0.5809599899306215,-0.6040379220267686,-0.1419705116302573
COG2,0.14910838462604378,-0.4689174863588025,0.14603502760568948,0.2775717099876077,-0.1799411558100871,0.8840456900768217,-0.05395338303421587
COG3,0.4356664372372233,-0.5640153642248181,0.5840457430053202,0.16630896291359148,-0.4213533188624584,-0.10655528539174373,0.041638859535522675
COG6,0.2778223982493009,-0.9321772410236547,0.037523705673541505,0.5520024934747947,0.011786186220634012,0.5498515008213074,0.14873442305930298
COL4A2,0.3565642587326132,0.008111972466982673,-1.2514495727062158,0.1406625451436975,-0.5941406555858549,-0.5146415383436231,0.014373216447187604
COMMD1,0.07798415941709075,-0.418385983095053,-0.17903494610919563,0.11878811186989177,-0.32414709308772444,0.8034149399980158,0.15381347754706295
COMMD10,0.028288827572659523,-0.5641257417048072,-0.32400120077941647,-0.015249029723159217,-0.10166694127340987,-0.01857658427285623,-0.09853050954391325
COMMD2,0.2961303046488379,-0.7531855908566395,-0.461654778684074,-0.03852569475365409,0.18658339431802046,0.019364124911096472,0.0053412721976012255
COMMD3,0.318079274524596,-0.5951327593095336,-0.5812616059671348,0.4995959731565312,-0.37037404180333156,0.23658197889532911,-0.021687011557531846
COMMD4,0.22000170694246904,-0.7812966037450841,-0.048368937409668064,-0.27476785616257904,-0.4880607965197983,1.1817901471816072,0.37419808622727907
COMMD9,0.25840313809625626,-0.7311919311225452,-0.18275065543569022,0.5735785788778786,-0.46813207851868627,-0.05138844803119732,-0.14164403172208412
COPA,0.29444645844071843,-0.8944920957656716,-0.4882687433799894,-0.010865596023104919,0.2098038195863199,-0.08414330398566984,-0.43970764848352056
COPG1,0.2285743062208638,-0.7455921754790407,-0.35889564855331474,0.07028235134988435,0.21486745326326112,-0.29801944738864883,-0.14950758852240242
COPG2,0.3287674239316466,-0.7235207755997817,0.591735220738575,-0.1418457046143682,0.21228810137263684,0.39076764989178864,0.2038387655844713
COPS5,0.4912680140443141,-0.21506342310391602,-0.40734591363566675,0.5566710667888988,-0.08005605946651938,0.11355753660179264,0.009042280885354097
COQ10B,0.4416321093940974,-0.45069653643640395,-0.020731558711454566,-0.434269664569711,0.10572188730947617,-1.1232177049381011,0.2618422921894015
COQ5,0.14133726027253693,-0.6917722720451834,-0.10720033497483952,-0.05873200388072631,0.20132921022840933,-0.7269575553215415,-0.16790776130684315
COQ6,0.21260625177126213,-0.3736695055642776,0.08540211058293103,-0.23127548525381939,0.010398382796447787,0.7912725318203002,0.19710311497901575
COQ9,0.32483890977429647,-0.15638759434935773,-0.4441836512304262,-0.11520535515379343,0.3143166887530804,0.6411348032267522,-0.07619056442573388
CORO1B,0.20946399709794034,-0.5693830758916378,-0.9561708333979781,0.014939141076756908,-0.21473719994627233,-0.15919999295323303,-0.20612006084209908
CORO1C,0.2879620135985754,-0.9037346531214673,-0.0042994194999692245,-0.39739615092441727,0.14557494332314524,0.2115246734385803,0.15156597568818816
COX15,0.15096984852375958,-0.7406875984551504,-0.23374652544157737,-0.05661032585028458,0.27290843875041043,1.1437363290472966,0.2821799824088171
CPD,0.32800160105791637,-0.6567540761790329,-0.09444185900628968,0.832435371297721,-0.2052006727602185,-0.008274194683361836,-0.01930582109259803
CPEB4,0.3011211923289384,-0.49633332642153916,0.47755604566559534,-0.22379599435647113,0.08827152334643729,0.6632321278349392,0.05553832111977083
CPPED1,0.03807410819437657,-0.49143281842159875,-0.8033075009767923,-0.1630007440977697,-0.0777521723537947,0.9473728537790403,0.05751381225037926
CPSF3,0.18854518203785697,-0.6924615242317872,-0.27315654233359793,-0.06582076219241176,0.3037596797053307,-0.09883357730380424,-0.2209793893790105
CPT1A,0.06974229055152195,-0.31606491655302293,-0.456951030811254,0.018494190602412818,-0.1360337984001812,-0.037759072842694995,-0.08885250489718828
CRABP2,0.013108182182441901,-0.25078037209694504,-0.175958118328725,-0.02917451759495562,0.05981700021971536,0.1488032473799541,-0.07869083445141649
CRADD,0.0253927343095027,-0.8494464581061432,-0.1659242966159173,-0.24211184030209273,0.02873448132075597,0.11112966368286332,0.02011563221603512
CRAT,0.23876241861930125,-0.6255219250878863,-0.8458726871320408,0.0023382088838214427,0.20836659824555162,-0.24849746397087774,-0.0016282001448597065
CREB3,0.21134905683698232,-0.5433032054174873,-1.0529680298145423,-0.0071286109783027015,0.034912373711855245,-0.23572383315817805,-0.1648595467740583
CREBBP,0.235086424739512,-0.6009427081536954,0.43470841250515785,-0.5492998595880013,-0.284201816029684,0.24465152076201435,0.031796788188958924
CREG1,0.4298678248894899,-0.7129818535598065,-0.5800136191583471,0.1346992058063011,0.5426669012542054,-0.4513999403863423,0.004402478192828092
CRELD2,0.33344873574152645,-0.7111349347707099,-0.2028161724342773,-0.2960828867586463,-0.36812567914789085,-0.45824317185283514,0.028864204242948388
CREM,0.3560208715150105,-0.7217776396182491,-0.06295034160812138,-0.5130914188023677,-0.14772317055512862,-0.9029851352844915,0.20735474466335657
CRKL,0.3208067777839694,-0.7209653108561158,0.34374008243072074,0.03816646491674066,0.34288432274842967,-0.030816770025260936,0.1290818503817994
CRLF3,0.3177044641445742,-0.8141327944346624,0.22420913502564377,-0.4828088739014418,0.004154987270909995,-0.049769783247897076,0.05786451842013237
CROT,0.3296487179656336,-0.49385811763875437,-0.025564748239492927,-0.044107751480013835,0.4352043065654871,0.24452935064455458,0.14379651849986808
CRYM,-0.012209779468373297,-0.4589213685008517,0.28619916814311097,0.0831090310278028,0.13477752715142902,-0.0005127390979093814,0.1400840030335268
CRYZ,0.14268830005552408,-0.6055107834553742,-0.038634086245744624,-0.008555361899934168,0.3338771896584066,0.8041150701506946,-0.05766170172402626
CSDE1,0.3907586288314113,-0.8775401716605988,-0.03945523651846107,-0.11838668416141726,-0.2714000606989819,0.22268768422158092,0.03801066165160689
CSE1L,0.1918311744887066,-0.871659791137399,-0.3513383909378923,-0.16494425631504459,0.30486561370416143,1.0112563232154166,0.1643658747054611
CSNK1G3,0.23330845511854187,-0.9053150719142026,-0.04462314830063747,-0.006991484053042851,0.5096956025642435,0.1574775922728747,-0.12032501417395601
CSNK2A1,0.51609493835131,-0.4802959730266165,0.033241947625199685,-0.5226734323346651,0.09819212987113624,-0.6229731315263537,0.027151245204056096
CSPP1,0.3378412093403854,-0.6797752334749412,0.3195425105294744,-0.31143200167917545,-0.3678406860238245,-0.1863204985675873,0.11062150559890174
CSRNP1,0.1263605642579654,-0.6421331001051489,-0.039500789163295684,0.22904402438294805,0.14457194171168958,-1.140434215373629,-0.22635638225253235
CSTF1,0.3922241506894781,-0.7809723286508742,0.20905332552886402,-0.0048147323557893,-0.5760036396156742,-0.0839677087688439,0.16042725719107281
CSTF2,0.06057397101488659,-0.6382210580221913,0.01150039888294503,-0.11465655880646404,-0.11309993325996952,0.5219533583162574,0.01779665883385727
CTBP2,0.5146913558015012,-0.23918896407608256,0.5278624870622745,-0.33040537894706423,-0.04325329896004701,-0.29399291205737393,0.10065878609061314
CTBS,0.49402216001197696,-0.4662303715052372,0.7762747615749588,-0.03295114149090593,-0.8324507964070637,0.2758187887535755,0.1647602224536859
CTH,-0.01676251926116686,-0.544471942493301,0.25617500124151943,-0.11548147406704898,0.1516186247286682,-0.00013608067998562218,-0.15402703791109576
CTNNB1,0.47800186362958963,-0.7842371817530736,-0.34055029398516007,0.30276805513866006,-0.4465464083160363,-0.31881305517095304,-0.17402171557405768
CTNND1,0.5393805753667724,-0.6035386414413996,0.3365240121897913,0.0427409093642451,-0.0588749040171388,0.11743170498817962,0.10930510756923131
CTR9,0.3161795435373592,-0.6789131910995514,0.195348525253544,0.13277901759496769,-0.3035083667034376,0.6674913076277564,0.02586413073345425
CTSB,0.6266302445191658,-0.6079636896591736,-0.14065408056036627,0.137748955798155,-0.7466469511734279,-0.5158107505239671,0.11160430042827485
CTSC,0.38441241034785323,-0.39010143635260963,-0.6850697934745528,0.4717581109536869,-0.19960195143360213,-0.5840411102194631,0.005940929790348366
CTSL,0.19226250650772378,-0.30915226306886906,-0.7634047532872517,0.27070208569865506,-0.3696263561952694,-0.593847110175849,0.05608682699362505
CTTNBP2NL,0.12573753605766452,-0.7711570415436585,-0.2248629225593229,-0.11517006905784913,-0.06788992439321771,0.8017255604292711,-0.18214289205701104
CUL1,0.3329377155167028,-0.784380906327793,-0.13549525694774453,0.017296411645936136,0.46355891916120023,0.01797569354301965,0.08188390155096252
CUL2,0.09377299621701789,-0.45151208933112075,-0.5361280306522337,-0.11834879804895737,0.12446696110554804,0.9649335072448877,0.032138552256291225
CUL3,0.3510071658256999,-0.5378802113446206,-0.04011980852448728,-0.33484213321932377,-0.04655209671156175,0.04071117146378961,-0.3055365529726442
CUL4B,0.4128361005013195,-0.47948545334157,0.0886137209103754,-0.8173665727794289,-0.03246289705285936,0.053308776437370094,0.222287773938535
CUL9,-0.004537154978829631,-0.5344464460222277,0.14681071052179487,-0.043547751994420195,-0.006194544143242299,0.28744394665166334,0.08401035579445965
CUTC,-0.038108799483213114,-0.4336018019293974,-0.04243451762631593,-0.030469498960100948,0.02511616449727286,0.2853887876790116,0.11102012872343801
CUX2,0.19328952128687377,-0.6691736437380432,0.6530540375840835,-0.17170767543762294,-0.5614396756488679,0.49306718943153066,0.11207542145067563
CWC22,0.22604512919974515,-0.6020917628662391,0.28298619003781733,-0.28277023172075644,0.10167580163258544,-0.4320782974542087,0.2468867172064041
CXCL14,-0.031233525661049085,0.016774971574584303,-0.08940841882498972,0.09716655674981717,0.07130136022907103,-0.46409248349268767,0.29469993858382726
CYB561,0.0012212180888138671,-0.3498704957617357,0.021555852778060113,0.2444603854419,-0.2845993551571704,0.29268825544977134,-0.13695099532324087
CYB5A,0.31071549474004334,-0.8545792010958255,-0.10940998935999346,0.39690647551872094,-0.4714206214903633,0.567431878040006,0.27287572275869787
CYBRD1,0.052322464938699305,-0.38251818006131943,-0.263505611001142,-0.08847302969280532,-0.011276670198992254,0.32163740207777297,0.2522202487388956
CYP26A1,0.027384222294077037,-0.4796613458243186,0.31910541818022603,0.49064312233365787,-0.4689437931225288,0.4267495360719973,0.13545590921501516
CYP51A1,0.28605469212872164,-0.751762966271942,-0.9955574411064956,-0.020730335131448552,0.08596868600016062,-0.42247465973923154,0.06549140039134871
DAAM1,0.43982532538310126,-0.5863098835803499,0.13350716231518556,-0.2828599151667932,0.1096785827947252,0.02415804245701607,0.15227512821787959
DAB2,0.16224295730715735,-0.4884998546346465,-0.826657038432616,0.04066068096106683,-0.045250945565779806,-0.5020264672552808,0.008515723721639007
DBNL,0.16513643433640063,-0.5758576795847645,-1.058178622980709,0.07526084077132032,0.03951106414467394,-0.4905538049303927,0.10974943964581169
DCAF1,0.4058112503868698,-0.29208892486094246,0.5718609892320893,0.013300286935786838,-0.4938439656038122,-0.6698957578150444,0.10877603744670113
DCAF11,0.07665156105154022,-0.7284491876586927,-0.06111761071221623,0.12916080833292562,-0.3804339440294856,-0.1751212455629885,-0.24641231131910826
DCAF13,0.3815946955913464,-0.4042016628458246,-0.6114753268700123,-0.12149864885276306,0.26444219725517576,-0.31338312811393204,-0.20290780305512437
DCAF6,0.1451651699538789,-0.8253341017875058,-0.23407147214985247,-0.29256312544721685,0.2546710688654729,1.1283048929326607,0.09718407753024148
DCAF7,0.4414174751770987,-0.4398219592918302,0.3866581477949915,-0.5444347892900382,0.23240293357688557,-0.9287424332482743,0.09778939715665602
DCBLD1,0.447090006493256,-0.3752998486711767,0.8126590031225359,-0.2718678190418754,0.054925900268684096,-0.35719282731497476,-0.056849864994495666
DCBLD2,0.20931605194087397,-0.8364793825665551,-0.26976851632547666,-0.45362036052216026,-0.07064247218741483,-0.19551857035762193,0.05529023560557562
DCLRE1A,0.17541740918977686,-0.5720178397859963,0.8055077449748863,-0.12901936658719865,0.20750612695267961,0.40953076399852817,-0.11804802026738204
DCP1A,0.20284842962197233,-0.9216823538282362,-0.17025569770395005,0.11932488487704233,-0.2149498504675098,1.223977744357592,0.04332616223967353
DCP2,0.2966387648782762,-0.31469768749575805,0.46385623471311893,-0.24391574315926853,0.3601383810169835,-0.23673235624659503,0.029827127586562294
DCPS,0.3602272698556761,-0.10652066885097224,-0.6374951783661066,0.0027501380927987327,0.2027503687286399,-0.12002204474780709,-0.0860708399510681
DCTD,0.12681322384912913,-0.7017328436680151,0.1761179067768151,-0.3605127108725425,0.18906461250637882,0.6984043381736463,0.013079136794777959
DCTN1,0.4451625795670821,-0.060554686670861814,-0.21097777534495402,-0.37821784564010297,-0.09940713521721456,1.0465158643752697,0.0847916794412321
DCTN2,0.3262710015043023,-0.4890091964289954,-0.9050228631832329,-0.15098391440516715,0.05639382573516814,-0.4600626728381532,-0.032504783895051764
DCTN3,0.46028394100096726,-0.15048069784806237,-0.5695566874545291,0.5854765299125428,-0.02085983855810927,0.24248636686947095,0.21295280390513882
DCUN1D4,0.33020568924801474,-0.647675224150206,0.43072523442188987,0.6912244445209456,0.3635890953993084,-0.15386021610537304,0.0003500109936054044
DCUN1D5,0.42868808570538547,-0.5547488360375012,0.17571143320913185,0.08373651189676705,-0.6504474773010432,-0.2157032192821992,-0.13900661677036444
DDHD1,0.40240814599956615,-0.48303759147560205,0.13693480828872598,-0.03277487478356411,0.3489641495537112,-0.4850696479356845,0.014841101393796973
DDIAS,0.1859585150176149,-0.7460578809436981,0.08666711723502261,0.04317374005176983,0.47989309588017126,-0.3015862841898933,-0.10978274184059257
DDOST,0.3310052292339988,-0.6368702601808488,-0.8676676275559411,0.43133752313204154,-0.5717500807488961,-0.15275830518764014,0.1584857928879347
DDRGK1,0.344054556619871,-0.20709654465022256,-0.2581218585114279,-0.027964595905991794,-0.24184933884035445,0.6491369796023203,-0.20387195823119622
DDX20,0.2796722611345715,-0.636292678662598,0.3212292633630728,-0.05020712939334009,0.12530585770596833,-0.14956761527577866,-0.020893463581166335
DDX23,0.1510803894814188,-0.6593062491127047,-0.17674365899688624,-0.2324152087791351,-0.17239077984283155,-0.8635395116728777,0.08844991094520578
DDX28,0.05732386894616953,-0.35768932196603775,0.21760486804134924,0.12051837944053874,0.21903826353045522,0.30304299554067277,-0.07692683190351458
DDX3X,0.43590930285962387,-0.8553575478381699,0.025367916004380448,-0.050105830752646685,-0.6625076820086959,-0.961699583694885,-0.25477014941304926
DDX43,0.4285513013059561,-0.28843612048035694,0.48526319821761066,-0.026144775799974686,-0.6411807160341815,-0.22491694976799467,-0.03436954406629334
DDX49,0.08882162931930311,-0.6551729866676501,-0.20866271790052018,0.006989186690397691,0.1830792592284904,0.24953509407514712,-0.06046914358949752
DDX50,0.28005113987708813,-0.7022893643171021,-0.19716444392713475,0.758826444575051,-0.12878189200942647,-0.15920119016994166,-0.10425419097734083
DDX56,0.241059127754321,-0.5324737917619918,-0.566772919033223,0.7468439445293241,-0.17087867759747608,-0.02742010849196989,0.09938355541021335
DDX59,0.2620065481041347,-0.5148098180540268,0.49746775073789573,-0.057196616140668385,-0.23939597322742384,-0.8093654322925875,0.08064707726871632
DDX6,0.3240656107692118,-0.9000994088378624,-0.18058487295601006,0.050258101880640865,0.4361728414594558,-0.108578986851377,0.027497022561734953
DEDD,0.42977831922112686,-0.6928103178699478,0.3583495806311719,0.07386234497733021,-0.5902112014816228,0.06355035507726149,0.17504012314042655
DEGS1,0.36535197876181175,-0.5901353968113401,-0.5708578924998424,-0.057831339674956794,0.31471326949053025,-0.4955589765989632,-0.1656480150086415
DEGS2,0.17233116276000993,-0.5868854395094606,0.687020701640038,0.17320617914735764,-0.41699601557131616,-0.5310291179201753,0.10478752466012617
DENND2C,-0.04631424122706818,-0.4698270203605034,0.22153482016367063,-0.0032069515945095588,0.2113334965860976,-0.4989519662638717,-0.3171269570759681
DENND4C,0.3669395784693564,-0.4236559635675202,0.06381396270928072,0.06836455434640369,0.5108622042987303,-0.0041587938593876965,0.06322867354062336
DERA,0.22937893864844938,-0.5629569065261437,-0.0036746080382336396,-0.43175631401803616,0.0703446191297913,1.0061306504473992,-0.10826579376059023
DET1,0.36520368568989436,-0.6848032598978575,0.303598629965492,-0.559886174891709,-0.012150103721868906,0.11757415515916024,0.3673115959299297
DEUP1,0.3050247736390055,-0.6856329111684729,0.3671828521834639,0.5034453803885137,0.27528765085092627,-0.1654527302381906,0.09052725245005115
DGCR8,0.3443913469811348,-0.39313932627158793,0.10591355237073695,0.032050296469851636,0.2698144900709738,0.3619277625574473,0.301508586224258
DGUOK,0.0779279188364518,-0.4220648248765194,-0.21824036696598503,-0.018018298347255927,0.14439800595490135,0.6702167200974319,0.07576200382581681
DHRS3,0.08736223261341372,-0.2816066358756019,-0.9083756935509624,-0.15402311866525467,-0.1268176747328013,0.8510105447221656,0.044573522010079566
DHX15,0.28439224814538555,-0.8390220196787349,-0.5440489025588064,0.26020045252870355,0.10867791317004638,-0.5836812139774641,-0.2944212455922404
DHX32,0.09456943976473431,-0.6314271191036261,0.22009796669070775,-0.12339730503875095,0.22780888313380634,0.5956502775002157,0.146025819239489
DHX36,0.32152607371473435,-0.7273619541289147,-0.005285253663485603,-0.1871431542038578,-0.39774443283693484,-0.796296330597465,0.13657615391172587
DHX40,0.18219965787845885,-0.6176368567961976,0.13717956369406498,-0.026539838010146602,0.23268697150359724,-0.12768133284299701,0.22017795211155192
DHX57,0.3668229026105384,-0.48726154881385403,0.02959960191622272,0.22548456340124728,-0.03702269165785401,0.3215437553452354,-0.02072726664185751
DHX8,0.12479426132304779,-0.7203557015403192,0.1645376630636478,0.07036503426920071,0.3467532805449171,-1.3095114913335382,-0.03726293161154896
DIRAS3,-0.009670730645750225,-0.42477798532229544,0.5334184977491985,-0.018389092589972348,0.3390593797020837,0.13067425505149632,-0.22460013935040762
DIS3L,-0.015001941352136089,-0.3734676596264576,-0.12015757627121522,-0.14805233414639937,0.07540099438593845,0.40877628500639157,-0.11018985347015986
DLAT,0.26153663036458463,-0.6863787960362374,-0.33094934627167877,0.5955159029890583,-0.26279916758001526,-0.17380411813267765,-0.08819648637895221
DLC1,-0.04162556529953741,-0.11327576146051069,0.24599646420019824,-0.3382303931110286,-0.1288573935154861,-0.30567829707701283,-0.14899483818978357
DLD,0.3284001722956231,-0.4314024183790274,-0.3421456285949724,-0.08521268061936033,0.26210636969415413,-0.12442375622636945,0.119381068513537
DLG2,0.08782642680667925,-0.5075887554757728,0.7454467747728009,0.09517652362232311,0.3983087158706811,0.3864517097592723,-0.34626880979066726
DLG5,0.42388242500512885,-0.5333931146174582,-0.26821130449296626,-0.05606366503290565,-0.5200666484272852,-0.5901514631510435,-0.010004848921124694
DLGAP5,0.23222620959715387,-0.75811901762029,0.4550917626805435,0.26494128232990055,0.3758953222373178,0.010896866059135892,-0.021111769166150963
DLST,0.34018714832600777,-0.25118418300445594,-0.2141307254806415,-0.7220724382543287,0.02564358904939178,0.6818997843415677,-0.20773617965458485
DMD,0.10443106435069739,-0.7585331409102751,0.6141213509541494,-0.04206839924645523,0.4577081485817692,0.46193390526830314,0.025284180881504935
DMXL1,0.020871582112910493,-0.5178907332083933,0.28948323152586825,-0.3495950554268099,0.022898088853271145,-0.19770493623755905,-0.2560377007222736
DNAH11,0.16371501393986124,-0.603569512149489,0.777281653700776,-0.7052638116348431,-0.05145427131730021,0.10267092037404273,0.050770199136587556
DNAJA3,0.3484458377820306,-0.6604702576831689,-0.01541147384899878,0.07718172256774804,-0.5510155134292609,0.5188528321776833,-0.042329488663265524
DNAJB1,0.34308924254342205,-0.9622860090694766,0.19257953020847482,-0.19354635773080137,-0.8528083115873996,0.18337523633830494,0.0304297509522172
DNAJB14,0.1021935439974132,-0.7882426486588504,-0.09381371445856063,-0.14223631997964123,0.11549337365788237,0.5317996960823711,0.11955719009280534
DNAJB4,0.2166584663744632,-0.5243870312076531,0.15587508976130876,-0.22891301404483294,0.2678200449887015,0.6288968591066294,0.04949275828638237
DNAJB9,0.3345610182486536,-0.8370077316195493,-0.09632900829182951,1.0001277914000701,-0.3739240227943113,-0.22641852313498992,0.08176591198274723
DNAJC1,0.37354734728802136,-0.3739840953332651,0.1829452778971592,-0.3415561602847735,-0.43647193610095764,0.4052080807581553,-0.0077923533100717705
DNAJC10,0.2775613189809916,-0.8325409175437571,-0.6753356093857518,0.03332282473262469,0.27614281331930407,-0.27354053392825706,0.2872869765559853
DNAJC13,0.25580336358331823,-0.6843252065388167,0.01125849504403186,0.20108647449445533,-0.11213654473709825,-0.18454875848699928,0.014375703047299123
DNAJC21,0.46117606770346564,-0.524607793017697,0.19376512148392402,-0.02570027089249674,-0.5035607164325213,-0.7370709776782124,0.04066653422629076
DNAJC3,0.18691194129321695,-0.6678183142052635,0.16223087357681223,-0.05126745066418358,-0.22913122931423657,0.2797606711471147,0.028985232677034862
DNAJC9,0.4289175289763267,-0.5649677661309003,0.13175432314290697,-0.13636446904518387,-0.5240824994658151,0.20831074238254924,-0.48309966360816525
DNAL4,0.33695854919724505,-0.7770369179442306,0.7000060549451681,-0.05247200792610977,-0.20539647753753587,-0.34254872514813006,0.05776632212435533
DND1,0.12962035412385386,-0.31605460957960047,0.5729700140732449,0.10574443271315498,0.32002891529613486,0.41942135217937443,-0.15130095884466882
DNMT1,0.7779842246363189,-0.625450553343975,0.7497345126767454,-0.010027021665323162,-0.928488367380806,-0.47257853445170694,0.3838096104984626
DNMT3A,0.4773402672242098,-0.5621189237975486,0.4463019397835013,-0.28055663323918034,-0.07981309939400821,-0.4089700460611391,0.22639982549841556
DNMT3B,0.24595884779205057,-0.5710154653035918,0.9767916602470896,0.1929684405783598,-0.4217054181240463,-0.6045946416886471,-0.11109176987931578
DNPEP,0.3826255459518047,-0.4592792857497528,-0.650730454242368,0.10679594683591993,-0.2936617983672959,-0.24912466708580752,-0.12657043900059467
DNTTIP2,0.33386129531174974,-0.8026645742890162,-0.08460746939471392,-0.0001189229886034654,0.3114097967043512,-0.48842712966618557,0.13406336550716932
DOCK7,0.21100168306394354,-0.7989386251327801,-0.04045282099877523,0.02976057101172589,0.5141599314733611,0.3149815472580318,-0.5319055321275343
DOHH,0.19015865422113157,-0.39955311181653175,0.290306433142148,-0.2554857942235653,0.13326350501993942,0.6202488474283561,-0.037675412089764874
DPAGT1,0.19289881825660732,-0.42163436458706627,-0.2908270015988395,0.015354843812301538,0.2872559010127058,0.7055904572086703,-0.16230486706216984
DPCD,0.31258863213959454,-0.7406892589249192,-0.12200758793853396,0.47850298704710115,-0.4636458957498213,-0.1407141779036848,0.050403883306702285
DPEP1,0.2573340688707942,-0.21139160949856925,0.9692126815268872,0.1655133770462782,-0.5962148305432745,0.3282938636756239,0.09707501583210615
DPF2,0.5239785756902792,-0.6826681224484462,-0.0469900725377789,0.4942973704469824,-0.006424717645733566,-0.17583784899456278,0.13924640928988996
DPPA5,0.652707043301527,-0.467356412344344,0.6596049446380678,0.40159368615749247,-0.6100216009356636,-0.18425514790992123,0.2299787002011856
DPY19L4,0.06359376006407981,-0.6070406463794167,-0.3833187573958618,0.25010801060245125,-0.025237079281299257,-0.9928324965222277,-0.12396331289581917
DPYSL2,0.3425411300810719,-0.1114565645361904,-0.7017107482617003,-0.28236682814765507,-0.15860407490243747,0.16603990143136807,0.03632125625109464
DR1,0.44546885062525854,-0.6974413596757201,0.24947383044019503,0.008879232442951877,-0.710613058818819,0.19729830241276042,-0.10301406310254527
DRAM2,0.2382400626604394,-0.6649928234203558,-0.36392308601649515,0.7117243482161036,-0.44425435736960955,0.39868642701488033,0.3174236754273592
DSG2,0.1146324118930708,-0.43165378353168726,-1.0015382204784027,-0.024576614275850856,-0.09297511473120681,-0.8338925717451093,-0.05069167784206482
DSN1,0.1764158250807341,-0.523476101293285,0.16092656335729186,-0.05486067966430813,0.17600090981432023,0.28446773925782687,0.1422175813421403
DST,0.26597413324484437,-0.8594245596900447,-0.24209138713432088,-0.2722608376328567,-0.5338953906769602,-0.7101038445496448,0.17557354104769374
DTL,0.09196170828702704,-0.6204916263029756,0.6656043549259775,-0.03952555106777727,0.3924121253682172,0.2672594878605716,0.09773336817404148
DTWD1,0.24869885928028806,-0.5739911128054485,0.23394176258328236,0.5057852925957176,0.05600809008329395,0.09571962404911283,0.049802559663051964
DUS4L,0.10460171521472306,-0.3233245804593361,0.30597444344475483,-0.047241638812470725,0.26551644746010566,0.4757471178744452,-0.10676913282494073
DUSP1,0.47377358489725463,-0.5574060763593882,-0.5344282393079363,-0.13976830127052123,0.2776481025356175,-0.3953846750366389,0.23007784748338958
DUSP12,0.09555570305254481,-0.464857453541339,-0.12421192367079231,-0.19154097961305183,0.02958992386621549,0.6082367523851838,0.041336925436834544
DUSP14,0.1203890732376057,-0.6605220454909974,0.35910567746452166,-0.03729548355028065,0.418782351251459,0.5569088450925644,-0.2136387468602467
DYNC1LI1,0.13934543981062528,-0.6400932675762103,-0.015864062671784165,-0.011610007837677107,0.26237247772942224,-0.7186729655992129,-0.05381230250568624
DYNLL2,0.5708874107063456,-0.46979908342284593,0.6681512849837365,0.21639531696406067,-0.304998990919566,-0.34791997304085964,0.18596095098971024
DYRK1A,0.3374595881987073,-0.61113175765302,0.24209170492592827,-0.21399876745799976,0.22818230294808317,0.5501972347450237,0.15986139497394947
DYRK3,0.11968127759605898,-0.5368396905580439,0.6460174736266088,-0.604171219469737,-0.06653432650861915,-0.037171464826480566,-0.1060737115395329
DZIP3,0.18682903552484248,-0.23838428717498827,0.6324986334151512,-0.5956999459247049,-0.03440443452125938,-0.21275577765776157,-0.15670994512054798
E2F5,-0.002159165331593139,-0.18997912991486032,-0.07780196713929888,0.09464766660081647,0.09527772623320163,-0.9856211227963233,-0.07901544167608011
E2F8,0.08838774988238654,-0.5794605220113639,0.26748675967132846,0.05724102995350912,0.31672010888395524,-0.6407547448981851,-0.07537341438384908
EBPL,0.5106316743211834,-0.2602201711525902,0.33874196764430986,0.04696149121589782,-0.5491414638727842,0.02538671471822008,0.09388764702013326
ECD,0.36900040922464833,-0.22608640414025255,-0.08230041399683846,0.3865111147788913,0.02704768005333347,-0.30281291221728246,-0.10281597333006301
ECHDC2,0.2600889577278141,-0.617326259985076,-0.6142468925444278,0.3153246720008551,0.07652501059257918,-0.22858963329877566,0.08678574454790872
ECI2,0.09450078668573206,-0.5718534737706062,-0.7303242382189895,-0.2620226308743714,-0.03848884798539154,1.039471874364408,-0.023959036181714376
ECSIT,0.2183647812036967,-0.17749833609536544,-0.2062455973416285,-0.1887466658421737,0.0869755823407353,0.5637484132356725,-0.04731834070227892
EDC3,0.043554783027975406,-0.6532955691613919,0.14139061676406536,0.2156512228164174,-0.027477224125315083,-1.0494080505884456,-0.08599791856695989
EDC4,0.18791618953348965,-0.8584602073783648,-0.3153759438597796,0.3536198999647284,-0.5296630929911095,1.1600273282538933,-0.31168545301195727
EDEM2,0.12244744666714562,-0.772612850171065,0.2290995603845547,0.1798981841904073,0.4099966180506615,0.22219167329931794,-0.04600959565720625
EDRF1,0.2937540199341978,-0.7493276625974276,0.3449649768692265,0.0816597393292416,0.279400751402807,-0.09224679299610347,-0.033062477170769725
EED,0.012428495298894742,-0.46012305540595083,0.04886039193106983,-0.03114988702954801,0.12736787059673405,0.2687940915745736,-0.06058447357455718
EEF1G,0.5956637446357848,-0.37784914134076336,-0.6464097112155054,0.4175531188356847,-0.17372170098828632,-0.22768290353300263,0.1802428863641435
EFL1,0.23775695651649179,-0.7260231095441805,0.15119100409051728,0.027344355267057127,0.31032372044531364,-0.6935847899403211,0.06443076098450343
EFNA1,0.20604469660354893,-0.7547761121711536,0.05814332797415639,-0.20415144097147128,0.2038809702936072,0.46810625207499423,-0.0580161292532937
EFTUD2,0.3613972353707523,-0.5872303895468681,-0.3378440328501389,0.4252779767833834,-0.2754574617819108,1.2747669559993537,0.0915102234974136
EGFLAM,-0.08324577494173267,-0.5239597835029283,0.39061152601001925,0.017163136885075436,0.081039327703696,-0.004210786216880207,0.12427025504732558
EGLN3,0.11233344166068047,-0.6600962092604296,0.2100774080710532,-0.06478604137186729,0.24276458698276163,0.686104079381814,-0.05000543614835905
EGR1,0.6155780662617297,-0.33256208296176804,-0.31470569930902353,-0.10321234674801857,-0.5993064407842421,-0.7498423964600269,-0.036746616975693876
EHBP1,0.23529329347924088,-0.6229553671549354,-0.20525909475248116,-0.06096093914363975,-0.3536519337570016,0.36792290420675616,-0.09147336020863477
EIF2AK1,-0.004283781673269686,-0.3841957783977176,-0.4149166845316005,0.025035574207225995,0.07671322327961455,0.4266010121327822,0.002646718724074409
EIF2AK2,0.19907396486170423,-0.7155186207460841,0.3105803203355894,-0.5508753850801292,-0.7542127830682162,0.5408050766112062,0.038290945303852866
EIF2B2,0.15496694214530363,-0.5954312118655672,-0.4407102836462474,-0.012863074001669006,0.18625962984479297,1.0130775832198806,-0.012599294676746082
EIF2B3,0.14463808806565076,-0.660573033342517,-0.02225652893598067,0.23141359886292462,0.4061466821883437,-0.7821651673597824,0.06706394586007773
EIF2B5,0.12650177461297693,-0.5161347407673263,0.0649262157497453,0.00881384289787199,0.23778183076164744,0.22289964641699053,0.04795587993493169
EIF3A,0.4232863018337929,-0.3759160641043218,-0.560596673027496,0.302591016164036,-0.354270629232951,-0.21948868023028695,-0.08647109476555248
EIF3G,-0.015682485354404183,-0.03651885465637324,0.05323786687216323,-0.003669152830405369,0.1991729442791667,0.1594491724579,-0.1048809549860061
EIF4E,0.5325234784090151,-0.4485137697058347,-0.36549792234630757,0.43319037178017894,0.21868829261235348,-0.10770515873364461,0.018381925570771715
EIF4ENIF1,0.5130032703755724,-0.5198696296009869,0.6732730664996441,-0.024470940839390238,-0.3583945462451924,-0.37809204298481947,0.12021841290776294
EIF4G1,0.25118927502306126,-0.9248257068121039,-0.5801288423428089,0.3434290998637264,-0.4408651433642581,-0.3033652011521418,-0.18623558928138234
EIF4G2,0.7237786869303513,-0.4784107940523343,-0.17906404548589322,0.02306520077895788,-0.47640434601258846,-0.4979476697774984,0.12319838008742062
EIF4G3,0.27687227828260497,-0.6346210547075085,0.016692146329200488,0.09356015162128452,-0.12167455566929848,-0.6834173374115894,0.006003024475798347
EIPR1,0.2419151117506217,-0.7265072136824977,-0.5443487069596944,-0.19922765040664334,0.3330737439525102,-0.2725973049086398,-0.5306719626111907
ELF1,0.15032855033315226,-0.7163078162588719,0.3012205234717099,-0.05578638428090693,-0.3542282143036021,-0.7463066101251008,-0.0804340029838055
ELL2,0.2744195162719731,-0.97623303517802,-0.5936499796454978,-0.011720982656569142,0.2621470223663744,-0.4454819014491444,0.15085647852491402
ELOA,0.2526342841238311,-0.8482363925715269,0.2736008056310999,0.41909021131064816,-0.1355580229189153,-0.7856521783955068,-0.011230143358589085
ELP2,0.23664284210575656,-0.6147749660224501,0.30063303508353556,0.3697407452092352,0.2660794440833539,-0.8038829710824251,0.0022456197194832416
ELP4,0.036670138550833765,-0.5973711588539793,0.20557232544133422,0.12568308456045252,0.09139795028851445,0.3625069668601291,-0.07609147610327745
ELP6,0.14170216608700958,-0.39301542660092925,0.29089999115173293,0.638105839794235,-0.11457391172047919,-0.6457004079554887,0.08258744623313571
EMC2,0.3120679304188028,-0.8332354095373237,-0.11135384961092952,0.3910985324866179,0.33574025569139015,-0.17564870835868804,0.17794860810621038
EMC3,0.24299312982453888,-0.7433151917457566,-0.6147867637236261,0.4400582804150406,-0.053145823110014014,-0.2383115587599431,-0.25189298837978724
EMC7,0.3627847380641727,-0.4695568152877918,-0.6643145062625265,-0.07661513383970853,0.3287584463512483,-0.13541332789066082,0.018758891916056588
EME1,-0.030328756225447683,-0.4368112502631315,0.4196830696501132,-0.09587208239399272,0.11958982967304485,0.0191288744452962,0.08257238562140125
EMG1,0.1833273170130889,-0.5225234120689064,-0.563910877255793,0.045761630859310974,0.16533091139903472,-0.21478062830950667,-0.043515727927960254
EML4,0.48030605809529303,-0.5610261536143525,-0.24044163868585064,-0.03424970007844042,-0.08286259254825465,-0.1549647344286843,-0.013576023062991735
EML5,-0.03991598836657568,-0.3979451929688462,0.2854837200322369,0.10352777736903952,-0.18563347551856096,0.15098729709177452,-0.38700325208715247
ENC1,0.22744854390505384,-0.4819132985957572,-0.5974954506478841,0.0656251675049523,0.07670099014014319,-0.8975323206033387,-0.031027360051951794
ENTPD5,0.30041318911332965,-0.6139381752390697,0.20633152345398606,-0.46563645119236186,0.010306427171983703,-0.5816913904700416,-0.01468658011935741
EP300,0.3760127613959869,-0.3641919561663604,0.42676916835249123,-0.1818005418295323,-0.1443953151666258,0.6488174993476652,-0.06130603871075787
EPAS1,0.48875976820268346,-0.3947437654286507,-0.1827716384039043,-0.05253364080640215,-0.07842031160101144,-0.7084899018875062,0.040267427085675364
EPB41L2,0.5428748917431098,-0.5434316506206932,0.1694950342762116,-0.502103331494945,0.04393218853485911,-0.22420451970928418,0.09873884275510796
EPB41L4A,0.2676188757444511,-0.7367172024704974,-0.009174607960622187,0.23336354104825713,0.3398368852705447,-0.6844196221423325,0.03700505955257065
EPC1,0.29134999048963756,-0.5264894365050669,0.3271569688839909,-0.034541624186568365,0.43001583943600047,-0.15946966829107326,0.10221565580049431
EPHX1,0.1491254882734738,-0.5556891962746896,-0.12296442212032915,-0.4203253788522303,0.03145478976771297,0.7860101631514735,-0.13391509458310136
EPHX2,0.22548584403378963,-0.588738434242092,-1.2298058819377096,0.016702035327652198,-0.05666160107409641,-0.080245220118534,-0.06325315382361354
EPS15,0.14239391584067046,-0.6550166665805275,0.01922344182344071,-0.020492364321754074,0.35437944128520554,0.2959569577504099,-0.23552062801457843
EPS15L1,0.43063776141608356,-0.20142345578502255,0.026450051484544344,-0.31273803727338634,0.3474493281184888,0.05336480374351433,0.20555339775904793
ERAL1,0.14821893682157547,-0.5235938408189663,0.04688943550734432,0.15549087261763592,0.1670067538495179,-0.75423507357335,-0.023588687611725487
ERBB2,0.12011278311054513,-0.5980644448930182,-0.44675912034842263,-0.061041320054092914,-0.37198363565051795,0.9724158515498457,0.13099025189380872
ERBB3,3.345440762316787e-05,-0.5016571521629364,0.007951561327420193,-0.19574468308782578,0.07647999755715604,0.2985352351499309,-0.07264240923815962
ERBIN,0.46600260576413555,-0.41586823274142937,-0.19377514455070274,-0.07819708541883828,0.470693000258612,-0.8091596671187989,-0.06825010239476129
ERC1,0.2825255564893936,-0.6312486513413873,0.1299436360506079,-0.10295732749764226,-0.27851968968151625,-0.9672021726741326,0.02201483592191882
ERC2,0.12454680872803417,-0.5411029602269257,0.8931837947861997,-0.2593714540508109,0.4012370050549095,-0.016657996148077732,-0.500948855854902
ERCC6L,0.09065295374443262,-0.5247507197569393,0.6252888070265561,0.12237083427319563,0.4922559377867684,-0.5435223169151967,0.0682261171407826
ERCC8,0.09750199845699786,-0.5973371175067704,-0.48015592179386873,-0.22017356709472824,0.14621272252640438,1.099774030294457,-0.15215889516485612
ERGIC2,0.30000579966325464,-0.7812615864226164,-0.4399878863837513,0.16111193389319733,0.3974402689787078,-0.3225473849695012,-0.03179424438976555
ERLEC1,0.4550228935411454,-0.5604791825812349,-0.22674434749203431,-0.7659188004696831,-0.18667705155813952,-0.855714511684857,-0.18031897687605136
ERP29,0.3420744814401834,-0.6590301161483711,-0.5573098879261853,0.691251657755005,-0.14550328653594863,-0.23119794298720822,0.07820059120543518
ESCO1,0.18578574113040455,-0.16734635661327024,-0.2470233526117859,-0.2248050857945097,0.21677551854366237,0.38769881139222756,-0.09721479498267949
ESCO2,0.42671889856002937,-0.7096717887652667,0.7671838324516672,0.17897560149500022,-0.5878854358467961,0.050141316495154756,0.04295103720403141
ESPL1,0.130686914585971,-0.5025291843841074,0.7188649838654295,0.6471487386345247,0.0017253082468465493,-0.0347387777610297,-0.07715943963652032
ESRP1,0.27926886083672936,-0.8173866149716302,0.483973903427067,0.6242259991969359,0.25686640407660816,0.10630173810187114,0.09642249442777572
ESRRA,-0.0424972164881159,-0.07663232862978961,0.019996999198750785,-0.01915455917246848,0.0929923501361656,0.07653806514350928,-0.06503690410776324
ESRRG,0.2808415873340631,-0.6488409910875625,0.7552182803153326,-0.11061882145937467,-0.697118538605666,0.28827580528796587,-0.11256672886794811
ESYT1,0.28772401263325237,-0.7406049169553709,0.008439714189707544,0.22813824003341174,-0.29355883950022205,1.0862091505103284,-0.4429149957363017
ETAA1,0.2093031137567909,-0.6912509363160751,0.07656856182845283,-0.12482949520818995,0.23848469647492682,0.39385672656600446,-0.09689876817677558
ETF1,0.328502357064757,-0.8540369715923142,-0.1761584504948879,-0.20376240879503923,-0.7699798096508058,-0.7978372427178629,-0.13352007821624962
ETFA,0.41597738656358757,-0.7961128457677976,0.16507831574872137,-0.22827710280017227,-0.053407787097839464,-0.211163922650299,0.09902935710491471
ETNPPL,-0.0639948087877723,-0.1707678245681711,0.04205696053715467,-0.013045711530820068,0.09208024629458728,0.10411908222767814,-0.07864509954646452
ETV1,0.08981280169160394,-0.5999927871137057,0.5036448304487914,-0.04138391938236178,0.35606391813907623,-0.8535325442810833,-0.22969335234378682
EWSR1,0.4664524932145587,-0.2803179363327586,-0.4043537586627259,-0.007246363326346828,0.3062116732501628,-0.5840176092544199,0.07086108586609081
EXO1,0.2748677710824338,-0.4660742308576669,0.0579809038334178,0.07670158894427788,-0.033924044708698683,0.6160366293606727,-0.2894725051316192
EXO5,0.02648075348454186,-0.5520036890866162,0.07565603366156462,-0.06296102687233297,0.09856809930519417,-0.19330130908385748,-0.1226403529558378
EXOC5,0.19356954800898973,-0.8324495787385541,-0.6875529141467958,-0.040658630537917816,0.19145081168923245,-0.4247999433743175,-0.13583100597175535
EXOC7,0.20347296541647444,-0.38098178707316993,-0.11906895153324012,-0.10422282162091746,0.16045818645613588,0.9429606407929463,0.13615520713172513
EXOSC10,0.0902426878707516,-0.6566539693729958,-0.09930387547512443,0.035416745721393667,0.1381826597423859,-0.1829923826700271,-0.15112814089139073
EXOSC2,0.1264748587334658,-0.3164207802575476,0.1642242512537484,0.0032856440455383425,0.2890567822007069,0.6380344453040522,0.06828548266471793
EXOSC4,0.4152905973640465,-0.1966429201261078,-0.564298725204839,0.03238579144363571,0.3318522529398824,-0.2410159968573669,0.12947611920347324
EXOSC7,0.11141650929290223,-0.5845762576484816,-0.28924234247577457,-0.1329547277238389,0.24285481302311218,1.0387135022463254,0.18462641883287756
EXT1,0.3315965399169153,-0.6924133307617504,0.36349502931509975,-0.34858795203183424,-0.24941286411692565,-0.6147569079783782,0.2106261198059934
EXTL3,0.33818535072490596,-0.6735757173734613,0.4123294862211632,-0.6039095015176031,-0.3019923970767238,0.23273568495452562,0.3169114159225418
EYA3,0.19785146156830924,-0.9057105878375675,0.03690089052063434,0.02957889617665207,0.2861464286979064,0.3006584142391604,-0.03353519349627237
EZH2,0.1910234185183755,-0.5741340122193922,0.42777885024095585,-0.6468856555958381,-0.13883160397578612,-0.20519203726758015,-0.07574267522353076
F11R,0.1799610935721393,-0.5862961338446304,0.12520137903751116,-0.32756617022799583,-0.08576415819815006,-0.6461113262080733,-0.10719662773135143
F2RL1,0.2704467087694735,-0.7850817274322993,-0.3074065557534763,0.24009255839466656,-0.18621606305096158,-0.4035097509965291,-0.024964265143727772
F3,0.5934211688103185,-0.4182373339703291,-0.1392991762817227,-0.3689443298159143,-0.07854810319075237,-0.36670487409504704,0.19530197394103666
FABP5,0.0032771611637793436,-0.5693438148015559,0.33352812935442394,-0.04404900499482305,0.14110538981812773,0.016753154176515635,-0.11686927547896654
FADS1,0.24971002942794568,-0.796608186295818,-0.838313875931113,0.10731884091810896,0.18423986746149648,-0.6190768157682174,0.1792042703303111
FAF2,0.4611401338200733,-0.3050041925334432,-0.0900675121612534,-0.08415108320868289,-0.052556273115082194,-0.34123701098855197,0.14900154499754942
FAM114A1,0.43839025902078355,-0.5234346990193767,-0.4269376482495928,-0.7393855894230859,-0.04914659640962471,-0.7390864053128485,-0.007252050028253142
FAM114A2,0.28645754635619874,-0.3624953056813413,-0.8460915742596364,-0.059455147235459624,0.16393333467538243,-0.3764418473064334,0.010463825921788848
FAM117B,0.014869048786852931,-0.5829630912065447,0.5819101819910285,0.037364989571147166,-0.06794099804060377,-0.140843667682911,0.12253387237746073
FAM118B,0.20787217125396837,-0.6350650171687999,-0.16501421069652789,-0.1224543504637936,-0.020586973313251624,1.200262990751602,0.09987001072934937
FAM120A,0.1857123761107198,-0.8863310956825318,-0.4945887537250174,-0.07924499347280589,0.2652266728420787,-0.10156020879230429,-0.20181678982153683
FAM120B,0.22179042998762663,-0.8678328952360083,-0.0854192590221512,0.06654862699172136,0.31962586281399036,0.21861655301626556,0.17480836189015211
FAM135A,0.08271987704660515,-0.5595467344456674,0.1710896922338328,0.06904849925438339,0.21761004960053365,0.4185490844315714,0.09678558064531322
FAM13C,0.19896089158360994,-0.6004728659467334,0.7795728606315013,-0.1224184026560692,0.34657733635193244,-0.5080099024144501,0.002273332096803165
FAM151B,0.14453455693636247,-0.5452144792766452,0.24716043335429622,-0.017273993764285074,0.3535295433284761,-0.11631007881616215,-0.1937978206489199
FAM161A,0.28322957943522115,-0.5827692281552791,0.38772953028673335,-0.6632648642767502,0.03146146742215899,-0.44007213048020544,0.02621899201229738
FAM169A,0.2350531322738964,-0.6283967615274805,0.5492184508497056,-0.19137542996425905,-0.37117068980781837,-0.2639493711862339,0.11586660356924322
FAM171B,0.17197712584675942,-0.5964922951476354,0.13042284028457565,-0.16910199007560642,0.3144700806811009,0.6091224142111252,-0.047525512479563346
FAM216A,-0.06649774941581782,-0.380558855230829,0.2599035026849746,-0.07846345428845859,0.11395856410839862,-0.06893737109952762,-0.21913633355897694
FAM219B,0.07502607872222393,-0.6321165209223261,-0.2187664740063977,0.25078417675516024,-0.5089431134885699,-0.6966294386304411,0.037463020214330615
FAM3C,0.3006536634711079,-0.9624691998304056,-0.562935172560522,-0.03068519486136223,0.09265774061627488,-0.6171238707924892,-0.03144038666407382
FAM76A,0.06202913903800891,-0.6129628472270554,-0.19762900714239745,0.296311720287932,-0.34006584162506653,0.7129906184130596,-0.13614287298015884
FAM83D,0.07457665338165768,-0.6945963167154792,-0.010160127646989401,0.06657900512640569,0.21061089299554192,0.5555467986643229,0.09481932901864902
FAM91A1,0.08983336291295238,-0.5585400560449811,-0.013777614293557696,-0.14709939411770295,0.05357799654526383,0.5067011191307812,0.0296145323751521
FAN1,0.20782709384645656,-0.532222758547507,0.2613375233836286,0.015155871544851797,0.6023659033985388,-0.20627183993985937,-0.28807421178031634
FANCB,0.2026930842363739,-0.7272433633607039,0.43057754221621214,0.016523408647175428,0.4873905929453087,-0.057511229244945075,0.06123509542161034
FANCD2,0.0923187140758419,-0.4575264466162266,0.30454253501915757,-0.0008278066480736754,0.3406723808664274,0.34931866984916415,0.05305213174240668
FANCL,0.342870485767631,-0.5510260678009454,0.8480409193589906,-0.1692395525940438,-0.7087224444783646,0.08276102485505837,0.11549617000159922
FANCM,0.17869034745058648,-0.32549031924554894,0.31974987030285074,-0.21889778749422373,0.3072786222896163,0.30862177302065574,-0.009600914457609452
FAR1,0.2598272017101733,-0.2324350399866011,-0.4744523702885164,-0.3627618115986751,0.2217493486925942,1.1394425700355626,-0.0496415130979213
FAR2,0.004407804149414473,-0.47073044617007836,0.3803550759389894,0.3278932546846885,0.03159893593418125,-0.6945181927185153,-0.03125135912133451
FARP1,0.2753944132948425,-0.6961222882731407,0.6724143219776851,0.01698776902719321,-0.39111260261673647,-0.3093892590677706,0.12409797415093722
FARSA,0.20131008586273355,-0.852541134266877,-0.2633939051952264,-0.20810174272305226,0.25288917598976135,1.420362632943969,0.018322313409613083
FASN,0.07967600357474462,-0.37283851391317446,-0.4162571619093115,0.23723374612796277,-0.5063077923236373,-0.0579551091453063,-0.05810153521439024
FASTKD1,0.08706976195063015,-0.7075853598405897,0.2270072349612061,-0.22007838740328423,0.1975754690925683,0.5577744247927382,0.13808540057577218
FASTKD2,0.1856216989835897,-0.6064632371377606,-0.03647449632836202,-0.3100033733561314,-0.379087778493308,0.6198913019590647,0.04610336577370739
FASTKD3,0.16774296405316044,-0.38411782254078153,-0.5856670622882859,-0.08813262647975163,0.13276421568076183,0.8815068551410866,0.19941621692531974
FAT1,0.2735705274001282,-0.7148930844666075,0.14241871851396246,-0.19768074803435476,-0.16670186547454804,-0.805552307675589,0.08668149165899025
FBLIM1,0.27964087180009195,-0.715769148625484,-0.3513226777038464,-0.3478805762920628,-0.3401801139396541,-0.633872478249005,0.14764081291422518
FBLN1,0.2107660539308767,-0.7630626912716892,-0.4690217664014869,0.18836253222159824,0.022230326137780972,-0.1432802723374971,-0.1381869957666738
FBLN2,0.04382391528417868,-0.16842905241465725,0.5498100891897314,-0.027024937456881715,-0.4711305059285762,-0.034055271830099126,-0.11137229365662711
FBXL20,0.3389500158923409,-0.7842407916129138,0.061161479616207146,-0.2258908515950096,-0.15618130103944314,-0.7677866027466974,-0.08061850474765525
FBXL5,0.44571082839879855,-0.7720708042129379,0.08381003051692888,0.010698099479447375,-0.8757512438403348,-0.517804907697915,-0.03707768096385507
FBXO10,0.5404667561489894,-0.547436679868957,0.7767886060829489,0.023449763659447377,-0.4880520352548124,0.0829176353104722,0.0516864708388842
FBXO15,0.3105387264121789,-0.522499721777597,0.6518239732901703,-0.38863587891762164,0.1372355275601524,-0.22148023380463336,0.04442116478425396
FBXO21,0.3735023943085107,-0.8855882392508844,-0.09973355922607449,-0.39014217237058707,-0.010984751949604646,-0.7082362610820467,0.12085907696261146
FBXO3,0.1362755762808268,-0.765350027827851,-0.131284121885631,-0.041937096869846514,0.275085287396232,0.2277582404883686,0.0626061729119739
FBXO30,0.3023662856171164,-0.6579307229097717,0.14269221698946516,0.42891945939312287,0.5362422029703757,-0.5270418173068749,0.1991232793531932
FBXO34,-0.0017711338351743592,-0.5678624433437643,0.09305782610511196,0.06460710177087742,0.17897004853439238,-1.255715972650799,0.061745053654533824
FBXO4,0.1343599604077316,-0.5908941639330617,-0.2635499985673474,0.2493798849945021,-0.42751392768267676,0.4655525724859499,-0.44010519983646695
FBXO42,0.0585291408015521,-0.8297261776002045,0.049946194648723796,0.0011576046902448856,0.2708918702242923,0.42219581979474063,0.045857895407566567
FBXO44,0.06330671440293441,-0.47162654131794,0.2542433490968589,-0.07413683931612583,0.18202536597338312,0.25997035046796946,0.055067393802455594
FBXO5,0.30518105511555016,-0.7786881995954237,0.33413583879250214,0.7480683909671374,-0.12347576030026679,1.0807792180028681,0.21337627296587022
FBXO7,0.36557113516022427,-0.7535534358669647,-0.33441167329993016,0.26791358243158847,0.5909917422688798,-0.5549391761301969,-0.017652319963195003
FBXO8,0.056027157081315566,-0.4147682697089332,-0.10430281742606759,-0.09390390010448733,0.09087652672276607,0.5685127252059132,0.01566365667776035
FBXO9,0.2133084213326794,-0.6047028178742428,0.02364206915609328,-0.5851760642947614,-0.8415355511089461,0.32842810991846944,-0.09708928676866621
FCGRT,0.21233960903452612,-0.5780851083906484,-1.1219647334911793,0.040666800917702535,-0.17667425548322266,-0.19687842536023262,0.026152240090398383
FCHO2,0.24053358407314893,-0.33824927241702446,0.05143435377932376,-0.14000576216636665,-0.030261101921630798,0.251339453746021,0.010201302949285956
FDFT1,0.6053534384358412,-0.6497358237584283,0.4377760955320087,0.04778786896763035,-0.7576023659133008,-0.1949544679599641,0.09999361145775772
FDPS,0.07646326740114243,-0.4955897550291992,-0.551240873206054,0.14780258729947615,-0.33709209447343225,-0.42289252377995823,-0.24675566140751404
FDXR,0.1891476920579661,-0.6824168368361786,-0.8292359459227866,0.020105558794646056,0.09803279036410754,-0.26466423005798695,0.12936675685605956
FECH,0.09343210433326565,-0.7281248634679358,-0.41946345184585193,-0.3489010144915146,-0.21075013217950134,0.8484078397385304,0.23752227502810325
FEM1C,0.5270885770997782,-0.38050243888191354,0.26830797666650147,0.048906027257058296,-0.4000971870952593,-0.6111508465310093,-0.008699412266031105
FERMT2,0.2706884077089884,-0.9714369500045729,-0.2697635875415357,0.22976620783522428,0.2073921140730829,-0.34476230417414877,-0.006651360741092282
FERMT3,-0.04752710511062523,-0.27273156161684675,-0.15372704290386344,-0.01697700478169287,-0.06431154450510436,0.3420543759389153,0.1677618319977023
FES,0.04510220241561566,-0.4308192090169316,-0.8055649173349377,-0.20317610955145346,-0.04064152426794688,0.9988612748233324,-0.061739008047584566
FETUB,0.08559889995691833,-0.408835927564091,0.6329843537601164,0.03343605166529093,0.43538675493344875,0.3722935894601298,0.2177599774850977
FEZ2,0.38258289883005453,-0.7554344753063171,0.19250798706214964,0.14612041181183127,0.007474184024582806,0.4669485705979432,0.0685860600571659
FFAR4,0.05397325439500618,-0.49325919273875035,0.6848888343506244,0.1267714885154986,0.4544165322676146,0.1475701252025006,0.048515233702851365
FGF19,-0.04353718118293699,-0.45823164234609876,0.3535017363955538,-0.09600875824354069,0.0791443177236584,-0.1988343557100216,-0.1806452662075894
FGFR1OP2,0.24477812684885647,-0.7925921842707905,-0.21479755947266832,-0.82277629086355,-0.3131744847043897,-0.6184398054107516,-0.3744084786817359
FHL1,0.4099821881654003,-0.8636068795768368,-0.18535635995881689,-0.07385790887847152,-0.17833114863372967,-0.6309116731590612,0.12004533640916999
FIBP,0.15378164511904138,-0.6033442245408789,-0.9754857827918978,-0.025271826054095756,0.012246155538909696,-0.15752915164193437,-0.1343508336682283
FKBP10,0.2614343890761069,-0.33356727691385735,-1.4512000501329891,0.06844177696718404,-0.2941391568278451,-0.6107779756769219,0.47445553599091334
FKBP15,0.07489416302988146,-0.5800370842717661,0.3492074405792248,-0.032664653342570446,0.06813970165423555,-0.22743791674275435,-0.4904317073597753
FKBP4,0.34207676361094047,-0.7944362133045161,-0.18857632529652749,0.49400419403596135,-0.12144790894826728,0.5595546917571839,0.22601813339464216
FKBP5,0.41564712455847014,-0.711729585483703,-0.48492117558449566,0.16811494738295316,0.37723288789415677,-0.4601784344680505,0.12010347074261724
FKBP6,0.4014562022914296,-0.5126530334324891,0.67436421578674,0.108686170361674,-0.49680357764608213,-0.33206157120488783,0.028566661725460595
FKBP7,0.058770360303020484,-0.2475948764160849,-0.6111356726279384,-0.18805320955703272,-0.22141145583301566,0.6078868388222158,0.04306508620844072
FKBP9,0.5198595726900437,-0.5711033571292954,-0.1670654442334223,-0.010261742054668385,0.6558074621884888,-0.44997921623089454,0.2768555784335623
FLNB,0.3723661986165873,-0.46835106792010056,0.3285714430046922,-0.08888227441977375,-0.05723767520867759,-0.23980015797487783,0.07786020789681228
FLNC,0.20314266187998894,-0.37040347535112184,0.8704232204982918,-0.11003633346942453,0.18465788876122452,0.3022847953570247,0.09055278959958844
FLOT1,0.30552295219863745,-0.7599512175464922,0.14044456135682878,-0.009339341930665003,-0.8210838722525563,1.2460459516472628,0.020865690553355163
FMNL2,0.24264622148390447,-0.3600742370584982,0.37543398972879904,-0.09168340697196127,-0.12806626468490626,0.5437885616447538,-0.03742507052761815
FMR1,0.24749660015074978,-0.7333214416645508,0.37280046492856206,-0.5068194764746652,0.03418873981264576,-0.15449160316420402,0.02002612192568472
FN1,-0.0451959948611837,-0.22335851561976375,0.07648787208471314,0.13441451182637298,-0.03797658870697587,0.2510647678955014,-0.12893407567989965
FNBP1L,0.3059482483522136,-0.8686895395501948,0.34337767322815704,0.08572357449929971,-0.44478685237306165,0.5921587028673011,-0.09299442399580737
FNDC3A,0.4246932839149508,-0.4481937462851087,-0.6242339261474052,0.030031249794043945,0.1406607205557838,-0.530707650048553,0.007296211829867229
FNDC3B,0.44902616511682214,-0.7117357547485378,-0.1668682390693047,-0.6981325734952492,-0.2597435683089802,-0.8141776106723517,0.07905923962041649
FNIP1,0.09299668885646933,-0.5317345399413568,-0.05427919713946508,0.32129375754336137,-0.10005389350283199,0.342083479538988,-0.018099133175576435
FOLH1B,0.1280634631869108,-0.6774864097062795,-0.8858870757678116,-0.09569803767522173,-0.25321610219500645,-0.0836355841612047,-0.11670423570576786
FOS,0.28576533078882055,-0.36518951719750387,-0.7467075536760794,-0.005828787977596183,0.013436631378513681,-0.7490537571341945,0.06880712604284285
FOXN2,0.16667000791531533,-0.777710122548665,0.13300224488498977,0.02125844515121968,0.27005524404609316,-0.37851106299148407,0.13312234739459589
FOXN3,0.33779615418758974,-0.7885325346398051,0.05257661420565177,-0.06674835107979576,-0.1984137971171913,-0.47598302980212054,0.06803625527352174
FOXO1,0.23803183569408917,-0.823358491427813,-0.09816630511494855,-0.27595434407823727,0.1338406044230491,0.5044060842096344,0.03174553920553185
FOXP1,0.3617475798532585,-0.8401628190572391,-0.0887557077574088,0.3053848783581603,0.2976258251451015,-0.32315280033488847,0.07005647196160396
FOXR1,0.30582793557371035,-0.7888765205855574,0.44757695493109345,0.15178140384316638,0.42436468066962685,-0.21610644664012263,0.14155213249601972
FRA10AC1,0.23428385474554553,-0.7869753117466302,0.12151868169675255,-0.10736091105002692,0.3552667894230034,0.8286998962663392,0.241415183055462
FRMD4B,0.10129781892366956,-0.42743807470857353,0.659621425067703,0.22205647199860146,0.21176586674823972,0.1800790895583157,0.046509653745759945
FRMD6,0.22495864078908467,-0.765801062545284,0.4892275835070456,0.01644506139857023,0.448311737993156,0.3594715875459997,-0.07674602326132844
FRS2,0.26385181255208057,-0.5998177110164653,-0.32730083265241616,-0.036251130093701275,0.12872307518230328,-0.9779288203213863,-0.01474502585995573
FRYL,0.11085082957051635,-0.611645299315462,0.5796638820226324,-0.08420062825743835,0.4545657226617395,0.4201608023607168,-0.16200803277612646
FSCN1,0.38587610075873985,-0.04926236069348653,-1.2586496405581227,-0.09325698957531942,-0.10067321983565229,-0.3563585102256508,-0.03451992914818854
FST,0.4715434676183329,-0.574260172398972,-0.772430047061347,0.020654325037744264,0.36456328079066197,-0.3257660405871542,0.11001007646076863
FTL,0.6082613369615563,-0.3793649461967797,-0.041604681693962,0.1719980781615811,-0.4896137740961856,-0.06348823931700895,0.10629065222281758
FUCA1,0.32061335345572123,-0.6421675189158518,0.19583718991404223,0.14824842741122976,-0.6226512562222035,0.6077093176467799,0.12279337829998263
FUNDC1,0.2813135578876745,-0.8773752291556736,-0.878371058304508,0.0033302679454911242,0.23034234943017962,-0.3620335192684774,-0.042811758233933385
FXR2,0.19087932329411797,-0.5479995788940173,0.32731421109259107,0.14675135355628643,0.3951198875962912,0.8088431689876661,0.03460748930352278
FXYD6,0.5587348055228017,-0.6322364546006336,0.49575157810248177,0.23966277195342037,-0.6932928372311915,-0.1963647918691936,0.20062235581843252
FYTTD1,0.3412014108609887,-0.6292148715632911,-0.31547570457664154,-0.1663699241236562,0.2968575944448601,-0.41318074442398006,0.2167002071371217
FZD3,0.24526399693054432,-0.7089521322962036,0.18796068998123291,-0.1763020220981322,-0.4512461972336436,-0.1148826849604271,-0.010960891067384761
FZD5,0.20698268584096807,-0.7778402140386855,0.07612782722061286,-0.03800084664205614,0.2102531168452652,-0.5470898093037072,0.011869558348259744
FZR1,0.4171207362796581,-0.36345325929122035,0.2422542721437724,0.13844617744375864,0.4025712502127122,0.02458485261492011,0.08906626422747288
G2E3,0.21244227068547947,-0.32465160206404636,-0.015415168436752837,-0.17777494195472335,0.07145141945738324,0.8086287298260186,-0.08380426800080705
G3BP2,0.36536541837660197,-0.5484570985794683,-0.29390268771371325,-0.07762285322490164,0.48954497184905016,0.5272246469898644,0.12755974118362484
GAB1,0.21653830859069428,-0.6928128309139234,0.3989395484322089,-0.5981575786668694,-0.07259687277597295,-0.17082652690710928,-0.04317504200059878
GABARAPL2,0.5305229376668699,-0.43749737093563384,-0.025865998863974147,-0.20759168712589443,-0.20032952406853494,-0.5621312670697182,0.14730015196355425
GABPB1,0.24005766024697486,-0.5316046452561343,0.04762773809008957,-0.5318449550255453,-0.36916056493120314,-0.7558292808222584,-0.25745886726422534
GADD45B,0.23643213998108809,-0.5583161310801652,-0.9357204130583421,0.18218977534760494,-0.5247671524732019,-0.906475841227408,-0.051466113317566856
GALC,0.04051309072947109,-0.419241569244485,-0.02257274486145236,0.08952684101935485,0.14978568138879564,0.5183203111910634,0.024747576931522852
GALE,0.11826172109146445,-0.351453842559748,-0.19155525889398126,0.06174083488997975,0.15426463457582587,-0.6811937375849343,0.042397436593773694
GALK1,0.18667084901313885,-0.7272505046975138,0.2845731306198151,0.0783131440190883,-0.15122201783565759,0.8316465631113866,0.07594587372824903
GALK2,0.09202746620780818,-0.6512549899227659,-0.1527669793250044,-0.2125001935870537,0.25890006822176126,0.6905635052402831,-0.32030303472858096
GALM,0.018617510928212427,-0.4410747442545216,-0.12226589751139526,-0.274803583213478,0.00507017895282954,0.2577590468879453,-0.065745090321769
GALNT1,0.11850031888996015,-0.7422722603330518,0.03656625211883181,-0.057664511817684304,0.1251578151664287,0.4029628468861875,-0.16425023644498757
GALNT11,0.2827456329331915,-0.724798655822145,0.20922327337793462,-0.04917734397565356,-0.2814950643697134,0.5739786480651153,-0.04165710082043405
GALNT3,-0.03540352145603855,-0.4846909153552472,0.18070698839697802,-0.15395273814332128,0.08692001410311484,0.07591008947803346,-0.17905390181713549
GALNT7,0.32836268527020135,-0.48568858803915205,-0.5287853916419606,-0.13879120845146153,0.18235321088985376,-0.11357753627854246,-0.05262495632332834
GALT,0.14196795935939172,-0.5810298088875158,0.057797486000793805,0.11838298311047543,-0.2741884470900816,0.771192087320647,-0.1279784309234793
GAMT,-0.022454019322418525,0.00025927571115362655,-0.07826912752570875,-0.0006940166986308987,0.03616164564863187,0.07335408772468911,-0.01704497345827086
GANAB,0.3716831125943716,-0.8447554557653152,-0.262364460476706,0.5193222818057851,-0.11044779786154996,-0.25971461251618394,0.06620519385996909
GAPVD1,0.20516712203921006,-0.7434272419770998,-0.21011303513808743,-0.039802931732594644,0.44111286367301894,1.2042699437655535,0.10606179250260257
GART,0.05091903013367204,-0.6376449410742109,-0.6199502821631713,-0.2883714869405929,-0.04519605891310709,0.6738226472322539,-0.07357585378455972
GATA2,0.021690023224448334,-0.20576485220391916,0.16724811790373775,-0.04520722889478982,-0.3187888549535987,0.19851228348173358,0.017543675091792395
GATA3,-0.014552272925511749,-0.2205346560734054,0.18892904903883972,0.05074473410569766,-0.07173582395077124,0.08738775274112302,-0.22519412788771406
GATA4,0.2185551381344541,-0.9168940179993208,-0.19322901249045407,0.31657360426662035,-0.1386841224357044,0.20931624273063,-0.03539665129989572
GATA6,0.385852334733544,-0.1250486502237477,-0.8012656965860524,-0.4979840579353342,-0.22621958906206008,-0.8100151146239251,0.0030854315971398467
GATAD2B,0.28471393374964776,-0.6849391349472169,0.5523253633430414,-0.17051204370256362,0.3728609178030262,-0.155680178970617,0.04900323467139569
GBA2,0.0008338874119456827,-0.40953722648856183,0.3822728130608033,0.09574762580963614,0.10066532535890892,-0.38245497333711354,-0.0497918743869633
GBE1,0.14738214333585864,-0.8332585965081246,-0.42319954099549356,-0.32633708273034706,0.2082979358994702,1.239749086387352,-0.05206119153018609
GBF1,0.2455591564036453,-0.650714550460837,0.5066879321767062,-0.22909174249152328,0.22531143286303998,0.250604110388401,0.041760946696983964
GCA,0.2974139858903175,-0.7818299592699592,0.17470165528011172,0.007275808292424349,0.40863442408692924,0.8034239094898474,0.21974809018610703
GCK,-0.048488312380401764,-0.17593483333675075,0.03695846417735172,-0.0065388725678703135,0.07673275199227948,0.10504523455824386,-0.05700195041977185
GCLC,0.4692061724950178,-0.37935681367917684,0.192563173680826,-0.18094932920593393,-0.054409806295385,-0.5940202635326091,0.05117610157672861
GCN1,0.1499171178592832,-0.6907664874491602,-0.3268372721192497,0.003989826414999231,-0.006301924415057873,0.3975209478569868,0.053276161574324105
GCNT1,0.0856066965528775,-0.432000638525344,0.6633674328101853,0.30463853509443833,0.13849007423873466,0.42027827791027456,0.007227149033513511
GDAP2,0.1771179191584418,-0.8498459606908318,0.1282104816257818,-0.12782176023803882,0.4194226502629887,0.8350840534119425,0.038722861515399686
GDE1,0.13965985493292107,-0.5374631621835427,-1.1927889522476036,-0.00787813262514153,-0.08698158332135533,-0.3751144892369393,0.07465359305724321
GDF3,-0.028829476674812973,-0.41278999705939184,0.4474404768015661,-0.0013719822978128574,0.2912680150241218,-0.19522071601940047,-0.16056247005411828
GDF9,0.5299761060383729,-0.7849030421866927,0.9544330634204863,0.9649439918838748,-0.4393858567900753,0.08116162896281028,0.1953106720548171
GDPD5,0.41914078494502444,-0.6919013045979934,-0.10727758755176497,-0.3400628709137794,-0.018281896426235907,-0.5630503159897289,0.37230605854464965
GEMIN5,0.20602799664193283,-0.6304871219070969,-0.10568362214481765,-0.07336115963308708,0.11499650476779547,0.18970834754407082,0.05689941895717378
GEMIN6,0.2671356215265888,-0.8016970491827587,0.22980353804945355,0.5182419580970015,-0.2479764026030076,1.4466038943595578,-0.0389729598720462
GEMIN8,0.2870664383793658,-0.7472045036185799,0.20724980099975157,-0.5289961294246944,-0.5352663840469112,0.02421913616801329,0.117261474087978
GFM2,0.16685053535889435,-0.547772228867564,0.29501567590125,0.7494214141187688,-0.061217601356564774,-0.6889043593958413,-0.16205412110679343
GFPT1,0.4160814421187585,-0.4585229152814846,0.3812025257638056,-0.06995535208866263,-0.005960761002692929,-0.6473573210119008,0.0505846153428748
GGNBP2,0.4182339110887572,-0.5258331145312396,0.21943889178466885,-0.44963507317599527,0.17414308763322595,-0.5673501789413073,0.06782015042365505
GHITM,0.21363609625967625,-0.9406764071457917,-0.7539738719404606,0.007785490029517478,0.15664699047408512,-0.5413878471261467,0.3180199849631539
GIN1,0.38904940395799714,-0.311718936156475,0.6742814067067244,-0.13749898115157605,-0.27595420610912424,-0.11206763167054455,0.12579302032314293
GJA1,0.4237903790474725,-0.3758075793901524,-1.1568892737575427,-0.08494529818807718,-0.08414188371917854,-0.6472899782576286,0.07404142115777101
GJB1,-0.05293566256760345,-0.1511096336691142,0.06233070496865599,0.11301903961113366,-0.04996900148415193,0.14390865124954932,0.24015350388010306
GJB5,-0.047932248378880195,-0.017275901348889438,-0.008074186062535621,-0.007721935694456347,0.058269696167923477,0.024846226443670544,-0.03544832883878154
GJC1,0.32432941650953434,-0.8487022571386662,-0.17609075655439127,0.22033933699375882,0.5996399356812798,-0.4168694413389829,0.4678363427854464
GKAP1,0.20832325183999073,-0.649212171607408,0.4112282451136142,0.05120714555446428,-0.6333506332312084,-0.34992289364673457,-0.25136145153997924
GLCE,0.09019910107385076,-0.7072989803935279,-0.03562047414258342,-0.2043602681276148,0.10971590628320124,0.5680522798319615,0.07605485674993072
GLDC,-0.06282542094496779,-0.31317248552232346,0.25681950595893527,0.06112452976288579,-0.006063258208469984,0.14074790449168947,-0.13375140206394653
GLE1,0.3362622078342383,-0.5393687816087932,-0.04075629731795796,0.3102682481726817,0.03343857762953996,-0.000667887455290873,0.0306628686284139
GLG1,0.32351464485976245,-0.6416544021656463,-0.5033386576518689,0.07159483008281986,-0.623115228647609,-0.6517083662935692,0.012298875562896796
GLIPR1,0.17633590356696152,-0.6854485353425975,0.5495976158725678,0.5302937448306329,-0.12149590534255537,0.9006168042906815,0.030054144999218522
GLMP,-0.008512869454535586,-0.14594718461953254,0.15189881081400783,-0.024651957240591535,0.19373022041218124,0.23671680568012948,-0.048824856629505635
GLRX3,0.31942001648276847,-0.7710229735640738,-0.2898418166344478,-0.031701594166812765,-0.8250844148652758,-0.4995435257398293,-0.2577095851351881
GLRX5,0.2944637847093885,-0.5574571033941552,-0.3411859908102621,0.06617786547133911,0.17954494865487125,1.3152879787316702,0.25698039532595396
GLUD1,0.349957942807413,-0.777735338671395,-0.07492904067901866,-0.4789125026315096,-0.03974727814911688,-0.534261166993235,0.08916348616311343
GM2A,0.19820256986248624,-0.7717212492231843,-0.4738036722039754,0.04441278259278532,0.3063965882975608,-0.3381580877702308,-0.138103450021226
GMPR2,0.14523504536464518,-0.5529348194535086,-0.6811986760081007,0.37874869002405337,-0.6648399635712572,1.5484306088569681,0.4240628649182261
GNAI1,0.5557051824075675,-0.31847458591085476,-0.34167522717705684,-0.5225246310407555,-0.032218635349441894,-0.6476934402111048,0.1492402952041968
GNB5,0.3078476245390859,-0.7245034113250473,-0.17910813984771476,0.4934314628062284,-0.2972917498483396,0.199860136545303,-0.32515039692890996
GNG2,0.18646334671512285,-0.6753996163186369,0.2911211677828545,0.5984202227924715,0.13508913573430265,-0.2974077887143782,0.04412715769521297
GNL1,0.26534756007972066,-0.5742351627979284,-0.7753378504691034,0.33315802063713196,-0.0017193597809751762,-0.4059851816379415,0.21225852116910696
GNL3L,0.25800063047189614,-0.48802902692859285,-0.6820007768151535,-0.5194970520879297,-0.3336706823329981,-0.4280136027954731,0.043952478829065986
GNPAT,0.24924898782644095,-0.7080699084726985,-0.5073176328105101,0.04842635505641541,0.0145565206653691,-0.4181140711382683,0.12605400061367783
GNPDA2,0.15779019538939218,-0.6124594416363389,-0.5612251395832755,-0.09789635950288646,0.12804755560102318,1.278349354097421,0.37117364562937266
GNPTAB,0.32380339166010275,-0.6164500744041559,0.06635240941447271,0.03188541973772148,0.6817975804180787,0.326811679193827,0.1234694523977832
GNS,0.37667608352551324,-0.8962746528275155,0.21442968232292584,0.3392221713480249,-0.40768792842276247,0.3995312534601871,-0.046518618374873706
GOLGA1,0.29121885590146057,-0.36350840273948737,-0.09513450546027159,-0.06944379320009582,0.1843091606854639,0.7578864719702461,-0.08164902226346998
GOLGA3,0.21722162064012496,-0.6629910275598022,0.27893826037312996,0.022086059745997463,-0.37002742137454886,-0.8719519883365437,-0.14796669346748695
GOLGA5,0.2004560421802994,-0.30121281378874193,-0.2503821849736901,0.07207449332753872,-0.2709105524077034,1.0690672231546838,-0.20792692690345566
GOLIM4,0.17848189007940313,-0.43281508038519767,-0.3562085053481854,-0.5880027628161466,-0.3708494957003205,0.6827975544522924,-0.2272215431475587
GOLT1B,0.3526673024579533,-0.8174096668253694,-0.3698525876103515,0.9571751332620865,-0.34582239765546446,0.07954228126560772,0.022206501455896137
GOPC,0.29490282406998214,-0.7796030323476676,0.14164303068268339,-0.0411186762074169,0.08037535640848104,-0.5923998082868991,-0.29435962900550416
GORASP2,0.42524182566543217,-0.6031807858064155,-0.442319254145785,0.07592036558185944,-0.5376715974695198,-0.507689866175569,-0.10449828314178947
GOSR1,0.30008892246889857,-0.5885947983718083,0.4000111295264584,-0.33823149935202257,-0.45181990488794915,0.6492577035358842,0.033328420471134934
GOT1,0.16157336967838384,-0.5945550876892137,-0.9814086992239505,-0.025466002523111913,0.0297119012384889,-0.41195319017081106,-0.04933407368985034
GPALPP1,0.19090991160766793,-0.7320595516437215,-0.08572302769146418,-0.4112242524956653,-0.22383183464600737,0.6895804266868105,-0.08203875533878793
GPAM,0.006099618753046027,-0.33804577752557785,-0.27371578881890946,-0.04407620439252294,0.0916520088244371,0.5057716371983589,-0.05820667595708869
GPANK1,0.2125625931321669,-0.6990065708156306,0.502791509287519,0.25605166390774464,0.1376025665688075,0.2639128405665088,-0.03330177710755976
GPC4,0.5296650642250258,-0.47405728681313264,-0.6015631642139335,-0.3379426656491401,0.27132651521613554,-0.399340637300992,0.34113038006817026
GPCPD1,0.2484414143653607,-0.8201290230668186,-0.2150110382527273,0.0103869468398383,0.4373389458119068,-0.6145537507501568,0.03243429997517929
GPD1L,0.0958414429442133,-0.4825720718552011,-0.12888268380658394,0.01428233747362815,0.25799286065169935,0.09440818903421246,-0.016907453634507616
GPD2,-0.01879386344063289,-0.29915182283628594,0.5009060275186381,0.11565071444507706,0.2487947585085019,0.02189239906477462,-0.4152307795086136
GPN1,0.3472883987171498,-0.5823455491045739,-0.0642765669391461,0.38682658121702523,0.461860717335887,0.6193336551350471,0.26025778348356965
GPN3,0.1830916661465481,-0.6933378517011475,-0.12107709762808225,-0.08221688097920099,0.15637967966660818,1.1017671675166851,-0.23829939197949396
GPT2,0.18063409596652372,-0.5805424872742205,-0.00423912125992556,-0.23849887817221527,-0.21416533980207592,0.6925804793991095,0.06617405514938196
GPX6,-0.06143289586559219,-0.43691876021513165,0.24305126718976483,-0.0879324606411345,0.1230845801323976,-0.0005774767739119134,-0.1800174736110289
GPX8,0.1692664751384626,-0.7455366422550521,-0.3315924831373008,-0.27729522849853133,0.1844020436361583,1.1786933861915292,0.11109572782370612
GREB1L,0.5126016622258347,-0.3977727491614732,0.34091145514429166,0.8406137507458412,0.029442486946549475,-0.019128659775999236,0.18907103526342092
GRHPR,0.3830748694849177,-0.5205121546938838,-0.3387098440275939,-0.04755814563077972,0.2330213491014427,-0.06087275644664622,0.26865781465655947
GRIP1,0.5595246645864752,-0.6144418672618492,0.7028555927633409,0.06465595011852886,-0.6804219687644683,-0.22718919333785448,0.14867769436520936
GRSF1,0.29330214497268964,-0.7364825941981331,0.09649429986290478,-0.17289683329115288,0.18602226135945474,-0.8788343650289813,-0.018245540555749177
GRWD1,0.4576854923621597,-0.5141883781667747,-0.19824945775959213,0.14890877986014955,0.7818418259903116,-0.333789184693421,0.19038775754999335
GSK3B,0.12986833387731783,-0.6280541121854916,0.41754908972522864,-0.14985395187224113,0.14923159985679835,0.20718768728848602,-0.03862275278466525
GSR,0.40589896648552265,-0.3538025302868026,0.32561917373107163,0.09342195795884518,0.38413893920500786,0.349759421232157,0.08280427894399561
GSS,0.07675684025826265,-0.5577163998028615,-0.5231568126186996,-0.10591051949470677,-0.044422028277823204,0.31524008317548446,0.09833620542304647
GSTA4,0.6292131488514118,0.014370913416300937,-0.7374186963202403,0.1566286531814761,-0.7048892028531294,-0.2774403502993027,0.2568916337058773
GSTM3,0.4425788707973601,-0.4132096203474021,0.5357304634971211,0.17373803539753305,0.6912750871914306,-0.176001633927001,0.36914950381900147
GSTO1,0.47146304962549096,-0.09892464965714688,-0.6297331365298727,-0.4450837418469058,-0.13542415942904426,-0.4528714487577967,0.0298959798754821
GTF2A1,0.17705576297101003,-0.7068512139834808,0.1835733288720253,0.3546038404870551,-0.34722062682106897,1.0194838470550227,0.012981427968178512
GTF2B,0.36947204943719814,-0.7420014580359641,-0.13991181688943485,0.09548520781687624,0.6137702228186587,-0.23898926740476967,0.33806730928050827
GTF2H1,0.16306009321330633,-0.7237341262881852,-0.36206978681344537,-0.052397218654183224,0.1937602647542443,-0.7058937616111509,-0.13432417693322146
GTF2H3,0.1201028062646995,-0.6695442388563926,-0.44546452596693786,-0.06511245214757104,0.10588338974132627,-1.0263718894527802,-0.04112034596236188
GTF2I,0.23597658024610896,-0.8145644220492616,-0.13496525404105394,0.09023476661856507,-0.16366141117436586,0.5240112529759942,-0.03513485890053439
GTF3C1,0.37526393583197515,-0.5025111036332384,0.30346865374336707,-0.10763623614790135,-0.5599269672354366,0.4692450287809874,0.180927512666783
GTF3C6,0.25547440536097615,-0.8300461364590811,-0.7267039226364932,0.05982222179261725,0.24617161984927388,-0.48172046845525823,-0.0015549379328255264
GTSF1,0.32411456697086,-0.6531849911548131,0.7182182322207018,0.3273571307786216,-0.4365190393659357,-0.33249958411255287,-0.06398121573111604
GUF1,0.21468797137935783,-0.6095820254570417,-0.6885176514582336,0.0003621291985143851,0.11130889606507138,-0.4487113404241982,-0.04976461507553865
GUSB,0.2073815371275206,-0.38426400510534614,-0.4398860897089267,-0.06922807942242305,-0.14258161507693787,-0.5550959094590278,0.16933472604224242
GYG1,0.13527313863205023,-0.6400374484245025,-1.0596757786803355,-0.06711096192890219,-0.10131642598845261,0.2453229017866146,0.07157955446525315
HABP2,-0.060975071327132715,-0.19897107038997586,0.04678133541345397,0.018014025404054796,0.0074312802572098005,0.15461749829782367,-0.09624067304919805
HACD3,0.1919248140537629,-0.9259314950381192,-0.12448244218253682,-0.17767091376493688,0.3684567252369866,1.1881746302611156,-0.030588706154706557
HADH,0.5364713432330541,-0.4517567884239032,-0.2064234707741663,0.4801610517066102,0.11576273351161875,-0.13014229215899129,0.03413187298591884
HADHB,0.41455827386042676,-0.40597351463857806,-0.6155899019345202,0.04353261333173223,0.43234450319007584,-0.46262712745917794,-0.05331937476063306
HAGH,0.334148900886461,-0.4789046298115125,-0.021570551633422728,0.48665060150868095,-0.11844081895082183,0.9691121957488001,0.20869197656331434
HAPLN1,-0.03304359884054352,-0.2714899142353888,-0.12764828748146975,0.12463537688711464,0.13336841207314729,-1.1834919900196428,-0.09773516489489598
HAT1,0.27442417382452977,-0.7947450700203584,0.01659179588078263,-0.08805290115335108,0.28127868067938405,0.7191971435231217,0.03383136658119753
HAUS1,0.3227819176499217,-0.7359378075413135,0.07599008813727401,0.30683420115056886,0.7309336826917026,0.05142548842128869,0.15737957401477315
HAX1,0.40545136926745184,-0.7769641162126664,0.2577837917274456,0.5390774486619101,-0.39665858018303135,0.452033363853696,0.19199056518632632
HBEGF,0.25799342858829405,-0.6800677143218562,0.772550165856827,-0.17134064220882753,-0.6266323570268364,-0.07129511570754248,0.046780347294056515
HBS1L,0.1804102588342699,-0.6478502765960229,-0.4492353512673817,0.027465351874923334,0.053676220116225276,1.4347482928225777,0.19692056018534002
HCCS,0.3267670852320528,-0.4356470081221105,0.03602437762106973,-0.4790897747619338,-0.010261490942957897,0.10290007716985093,-0.22337426736767074
HDAC2,0.35190440989691363,-0.8433893692703872,-0.408301979957481,-0.39149614307375646,-0.15206404703025922,-0.5581583751788594,0.12563912517296347
HDAC3,0.2741988813298768,-0.783487038690361,-0.4187096590087808,-0.25802343912701436,0.1693212617139147,-0.47303292344265857,-0.020509273239982605
HDAC5,0.22068463300731042,-0.42696676809393613,-0.766255589470642,-0.38059252064646787,-0.5238347469609728,0.2083094494023193,-0.07253455214962659
HEATR1,0.26068464197373087,-0.505672376828427,-0.16488872081074651,0.02458949773298979,0.44898353909581945,-0.058990751750861145,-0.14919516006229427
HEATR5B,0.32613135784356073,-0.8564512218284731,0.475864189241544,-0.017216057447205512,0.08111217376290701,-0.36259758894880495,0.08324319267660417
HELB,0.22715148992065726,-0.7061000470918202,0.29523158187070486,-0.09660140788186587,0.38298159905812074,-0.6021562752552468,0.10151975874990826
HELLS,0.26373445071289564,-0.6349053374193141,0.30010254361409405,-0.1222566098326069,0.31158139715270255,-0.3815992375358505,0.03328225708543538
HELZ,0.07101294058042687,-0.7101926007334581,0.03212025194147414,-0.10767213027182142,-0.003660751661503927,-0.2476179514842088,-0.24570437306396226
HENMT1,0.4249152968080379,-0.54787437502784,0.9894115019702718,0.12494157916604563,-0.406851193307151,-0.4889178445497078,0.02186642733309195
HERC1,0.18549422247031228,-0.8286984517347664,0.21812094680781036,0.039743351270316814,0.30900869808925463,0.010177357168561824,-0.16684260932453437
HERC3,0.2613538542187201,-0.4863640110856274,0.2593703006104968,-0.2405271566250341,-0.5023925660874471,-0.9842587683885146,-0.12838357917438775
HERPUD2,0.3145044478191367,-0.7546980725604174,-0.30011762662387964,0.24892190052647048,0.5467449749411456,-0.6025632481763621,0.12975778888181533
HEXB,0.174234613458087,-0.45783361693126917,-0.26610058276734244,0.5458650353385879,-0.31512329798238004,-0.1992590165596858,0.051844626750025755
HEY1,0.14480634284868538,-0.6745421969435698,0.4875925382318117,0.04350782802485192,0.28075222040439873,-0.41288720045581034,-0.11626130129195786
HEY2,0.3016095039887057,-0.8816019625440772,0.048982326582435814,-0.3921281953835572,0.16193018896312386,0.9079363045102541,0.15520074276581278
HHIP,0.28751413437377743,-0.48846946209607817,0.8206228165726172,-0.016125715469856996,0.4639644808684095,-0.4877744298750044,0.22817474218461348
HIBADH,0.30210296230906836,-0.739683285303819,-0.010372945946914536,-0.4381566094950239,-0.4930271511562026,-0.5127951508626482,-0.2619496024867982
HIBCH,0.4940573113305596,-0.16196089182014992,0.31219564894892265,0.14500357586708384,-0.4504195070000482,0.23597703802439768,0.02046800529461429
HIF1A,0.6846508869250059,-0.42498074302921296,-0.4048010014892457,-0.2143711502916464,-0.4589125183041786,-0.6863169303882141,0.11907725090646805
HIPK1,0.39619773932098024,-0.7333135204537802,-0.36997480069388583,0.05720358011163621,-0.3371688668068693,0.7155965834760734,-0.07062380851920141
HIPK3,0.045599129349120304,-0.6406029091095066,0.5000486509364972,-0.09302274110681379,0.10872369567211618,0.20470116718142367,-0.1860725415603965
HK1,0.2985126727449542,-0.49068482145881664,-1.1182595015055983,-0.07627480071366839,-0.09232047490096129,-0.616738813472736,0.014215766525561871
HLCS,0.11652391387879363,-0.6274367559204823,-0.16514712584650917,-0.47385126301586605,0.0044942596837760805,0.290922854140118,-0.26760658160076106
HLTF,0.28154535867934716,-0.44084135620041026,-0.21552833658523007,-0.04479458524829038,0.2891108019119991,-0.18735096538842588,0.1063673397541818
HMBOX1,0.12672111846081205,-0.8253571773162149,-0.03707662134478042,-0.06326821268058704,0.3263692597831486,0.7633729827454708,0.2078142169130566
HMCES,0.2518763146289246,-0.5801894371207815,0.5934278795560178,-0.1289446704287475,-0.5860032163473055,0.6133716813646722,-0.04106797774080808
HMG20A,0.5085923667881187,-0.3251233538501733,0.2710796488908406,-0.5909598290576764,-0.07557456165926117,0.6752130545514469,0.10539269053782967
HMGCL,-0.05251483525236567,-0.0003336462978686433,0.012003651794040957,-0.010249295334842616,0.1041380506204489,0.06413437889823602,-0.03041087388618765
HMGCR,0.2334236587547293,-0.8566427158791933,-0.7260045581605274,0.29512896883262796,-0.30606698342075517,-0.4385881625255922,-0.21244793705194778
HMGCS1,0.31966990406524864,-0.6009387454683003,-0.894535805632508,0.46242496482205675,-0.3262932624850471,-0.24663897820967576,-0.14500357344033593
HMGN3,0.39830413216504285,-0.3932643390387487,-0.5135328083909513,0.12156328836693779,0.48460101527017097,-0.149907615377774,0.32926631944286244
HMMR,0.4624790470095697,-0.4438739464200166,0.5357290874513588,-0.09936221673520865,-0.4789923153182061,-0.3756111264864917,0.12344177815496132
HMOX2,0.2910328719762738,-0.7495819043423119,-0.49793720260090707,0.2872235267976396,0.22367321461679654,-0.10044274324783586,0.17722670863019868
HNF1B,0.25998219353828894,-0.6332111234286384,0.869973407538953,0.7692531841581403,-0.14602458366170198,-0.21734023851566225,0.0791505686254016
HNRNPK,0.5827527064238269,-0.3087222287967669,-0.27170694873683393,-0.2818253904818286,-0.3148333428344588,-0.7719417453970535,-0.014717078667195588
HOOK1,0.017070232423736578,-0.5099972614183435,0.21212452355867156,-0.094152009134903,0.28070769714335353,0.4030577872109063,-0.3475521346369763
HP1BP3,0.32317417594737224,-0.7999435903800174,0.1546093318308546,-0.3365156213108947,-0.02018300951270981,0.32775093154593404,-0.024436021622545583
HSD11B1L,0.09756966910631251,-0.5294389134643461,0.10766006976208971,-0.11277264022787617,0.008568546800712756,0.3728291883212374,0.0467923556487492
HSD17B12,0.29260329938108237,-0.8581199478203043,-0.27164097068506377,0.6389827469869637,-0.3218686760830924,-0.021187507899239004,-0.04090958581414688
HSD17B7,0.4290251335050188,-0.6892311485821593,-0.04901709561541291,0.4202559148484377,0.5185043360298836,-0.667156637723441,0.026285880636307234
HSDL2,0.21203136467651032,-0.7282827722668209,-0.3160734507669452,0.4972644849209822,-0.17537438082188528,0.22023062478527952,-0.26735165870817196
HSF2,0.16023392100559522,-0.591390833513253,-0.1350463984432696,0.08351753108678041,-0.010922722151203209,0.9320673700900807,-0.11259428645545864
HSPA12B,0.2192710890851427,-0.12854888846285661,-0.463658148516176,-0.054199283586060555,0.03740914085666415,0.256733058999339,0.11305955814985418
HSPA13,0.3268498339682103,-0.4814816960402486,-0.9773828602796,0.03539602633620369,-0.2660502206559013,-0.5533836635762197,0.03524255084403916
HSPA14,0.4290422831300504,-0.500847676474087,0.056103803937921005,-0.5301530534082473,-0.010593633380614786,-0.45094112292731925,0.09096352505706688
HSPA4,0.4731432499691073,-0.5499659216243634,-0.23226232596948468,-0.004949994560758218,0.6832676808468559,0.8054507863739557,0.2831733496111243
HSPA4L,0.39361220036646893,-0.6992359490553249,0.20991783111290263,-0.07041258823942552,-0.8143859096310111,0.38777859321563585,0.06076654544287315
HSPA5,0.6305315450585784,-0.4330771013327436,-0.4520798968174903,0.7958043456790908,-0.31697003836010934,0.06344622415988528,0.1339020467468498
HSPB8,-0.021509857165265524,-0.4186203750581378,0.3769878071855517,-0.08871581505477151,0.2455294733261014,0.12585179206764288,-0.2294586623430136
HSPD1,0.440905279247473,-0.4432169844710971,-0.28779073573837727,-0.5006845433297975,0.08384556542535838,0.6181977698901001,0.08102585823715795
HSPH1,0.44179430652853224,-0.7623087347687763,-0.36675393662568934,0.41585973960213446,0.2235017965398053,-0.312732329629144,0.10789058068828068
HTATIP2,0.3497533881082669,-0.17821411938887158,-0.7677816842177155,-0.15330400555233484,0.1357101828009875,0.7325741113228028,-0.030583429656731477
HUWE1,0.221813143186607,-0.8033228640181185,-0.05242579494127365,-0.4578670536760602,-0.28869070743306285,0.9842940563089615,-0.19390658509763584
HYAL2,0.44337450979808435,-0.5608405025703518,0.12537120696390489,-0.04171347942285392,-0.7302392619164694,0.18155673839593703,0.2486836622247522
HYI,0.2547596009571887,-0.5733997146441342,-0.443334231262502,0.2761100211344811,0.11340634965155102,0.14847343303277352,0.29356161129258046
HYLS1,0.3642053811176637,-0.7736838580536088,0.3755759838503424,0.16614150258387922,-0.6507753739505263,-0.1455031582146572,-0.02224729671609643
HYOU1,0.4802586273259946,-0.56166042356565,-0.04434524294919937,-0.05531991789078157,-0.6268410908606381,-0.4638482208631955,0.16876260827165238
IBTK,0.21806279156045807,-0.7882310759656621,-0.01312710897040985,0.04629533698502013,0.19977992143878218,0.962941712389907,-0.31893856610684473
ICE2,0.14734520609018745,-0.6107685562404616,-0.020526430844837965,-0.11085457760641279,0.23072492228920063,-0.21530162668696384,0.011426961263838933
ID2,0.4526374981935768,-0.40496785571226185,-0.8685144348125815,0.11050395177401526,-0.05528587278843461,-0.4550628713767565,0.0009437944239932325
IDE,0.3129121729360604,-0.7488353116071234,0.5450945567453773,-0.1419447960516153,-0.7804098788698525,0.08838257207757018,-0.07121928113428849
IFI30,0.12662843082793046,-0.3197152551749392,-0.7061626537591736,0.41221468565477615,-0.5965719717118307,-0.052387091128325305,-0.15117015456623148
IFIT5,0.22278727163768722,-0.9069765352271383,-0.462431250853982,0.025740128581557428,0.4471303781785568,-0.5585710987268426,-0.46482728242949073
IFRD1,0.2537625719007921,-0.8146160794319199,-0.38700000060951767,-0.34446344268526013,-0.08796003248491664,-0.8050779969893876,0.2570283544396277
IFT172,-0.053772861662182106,-0.38946736681562943,-0.02732126333812486,-0.11532065081443953,0.0014442545687204833,0.2232042684831212,-0.21386077210296228
IFT46,0.2833002125456744,-0.26392830148044505,-0.5658497635071814,-0.2425102000811144,0.2442606893351813,0.913145268984939,-0.12069006812590637
IFT57,0.1732261116067667,-0.5645921249725656,0.28151412600136727,0.22080434261009457,0.295258819258658,0.4285041655883478,0.23445455590290856
IFT74,0.14482555362911848,-0.47456407304639314,0.14691741022834784,-0.5097582507411523,-0.23287979603324002,0.5603867243162959,-0.12291674704383507
IFT81,0.3139867254053009,-0.22433810491171405,0.4607258897074888,-0.3968084688849605,-0.4393403020454564,0.16130600551354704,-0.0038768873091759378
IGFBP7,0.17583907197193785,-0.5739472812272172,-0.2078290926056296,0.5033046299308217,-0.1690294037427454,1.065572618018323,-0.13589424376996795
IL13RA1,0.5244383047338662,-0.26906428446038677,-0.11016850432850273,-0.3559963276935153,-0.24895760724478588,-0.4933445200886056,0.12031437254816028
IL6R,-0.04605996501797013,-0.35955656309067724,0.34016385406003885,-0.010537321520481476,0.1821438032965325,-0.029587667883294106,-0.013388599385742724
IL6ST,0.3394319906565026,-0.8571792101384731,-0.2891252208840796,0.8745768630813809,-0.25600886723755045,0.6919655523980303,0.2118306028844871
IMP4,0.29523978277262836,-0.8230964887756594,-0.15919781662028107,0.07421819779281064,0.07561443723864802,1.520946860912503,0.3023903607572747
IMPDH1,0.24830562760452873,-0.6239133172329634,0.05504796828718129,-0.31265763255814183,-0.2589384840592525,0.4817405029807695,0.1007632975592052
ING3,0.19109355163491556,-0.8735558937560096,-0.11837429535843076,-0.1810233861987308,0.3061186445836423,1.0866604018872097,0.040176141471823315
INIP,0.30544099225402643,-0.7584239704623238,0.27530395801135554,-0.034954146813327897,-0.6089970952241837,-0.22159990550729974,0.07616970008953956
INO80,0.17635986684991992,-0.5639242396415979,0.5661156078792826,-0.5562882734929991,-0.28269209980576093,0.29263608491883614,0.06460747291497745
INO80D,0.18148215649297686,-0.8570134991986355,0.006547013135104361,-0.2395735909266001,0.17164944842255264,-0.14371828616778232,0.0697094669058212
INPP1,0.5819394345135985,-0.5752250603025972,0.6641019600570728,0.28999748592640673,-0.6261292202620614,0.011006998393230646,0.22419354975293587
INSIG1,0.23091915561600454,-0.78264449319458,-0.5253499498557899,0.017564742637632507,0.18946919434231344,-0.4240474225591696,-0.1752591592027621
INTS10,0.3879781009778165,-0.6781286147031563,-0.07469640433448478,0.48966851237143655,-0.3292922762841539,0.5753422543535041,0.12796438959379783
INTS11,0.27736592317007003,-0.44433954855443314,-0.3898217036570584,0.1647808745345563,-0.48089473170439356,-0.17853256028308914,0.008605109357707533
INTS12,0.2558155044053643,-0.7166623961888334,0.476556681805337,-0.5205012673008089,-0.019746240597653994,-0.46840477485406024,0.2492498590256705
INTS13,0.25774271738304855,-0.6423349735903763,0.07539769024670286,0.5700614354647467,-0.5344787322138751,-0.01918519630537741,-0.0706626423041945
INTS14,0.3114630157079415,-0.5859723542638083,0.052866207311790835,0.40106663378494933,-0.0029545032176863575,1.1368200579600831,-0.08391344867097757
INTS2,0.12665023426189112,-0.6604082928915551,-0.0481129915845109,0.0030040730830236105,0.3515570706221299,0.5865761219516392,-0.03760514092231129
INTS6,0.20460044849380613,-0.6927565180733298,0.05943406591274671,-0.39466323515122975,-0.26941812083638056,0.5653235197621757,-0.07760613461313541
INTS8,0.029664427726743808,-0.6342093799729539,-0.03740857886924975,-0.10667725953817125,0.23039200214161282,0.23023877773517845,-0.22686930602323138
INTS9,0.13534600974661284,-0.8402467051777919,-0.27621300019439565,0.23928603717371982,-0.24399730395672478,0.31289511604953046,-0.12008987989128765
IPO5,0.2664791964531289,-0.6942182005040597,-0.6767053389423183,-0.2105791821641997,0.0482938384587185,0.6058734456225423,-0.1808423500610878
IPO8,0.3246007276320815,-0.5873281619604561,0.268636727877204,-0.5092384768943037,-0.02817443708006654,0.07941695918308862,0.012625920761320155
IPPK,0.24894368085652863,-0.3538238184758786,0.3759307174695113,-0.04266779728494566,0.33600836579728743,-1.1732466929549243,0.12794194535767917
IQCB1,0.2608200728655421,-0.444002690535112,0.8207989750386682,-0.08654708330262599,0.49491064296473986,-0.11402981481496816,0.21714367870801898
IQGAP1,0.1816492407918396,-0.8140176421890732,-0.08062340987471354,-0.010955654825428639,0.32924776878639933,-0.892667026207047,-0.09280829158085552
IQGAP2,0.3202160220144989,-0.7474430784816489,0.12461012717165847,-0.0937356945081975,-0.18944783559231054,-0.7810974349914495,-0.046799409657073854
IQGAP3,0.3648584477834818,-0.3939439141849845,0.8695298911616602,0.11888706435194743,0.2880348012059891,-0.7705593533397824,0.22077602659698287
IRAK4,0.0724225265631878,-0.5904686244952281,-0.11970060321933251,-0.004902164102443386,0.16840350110837857,0.45024136937505677,-0.0793702315870879
IRF6,0.14795288000041923,-0.693416175894661,0.4917437871391775,-0.013075002196176213,0.42751683958643294,-0.3550327011366783,-0.07850164603799026
ISG20L2,0.11615849969354719,-0.4341297215918201,-0.7386811817880854,-0.2150678618674111,0.012535201589983698,1.1014444336312061,-0.04910811501656483
ISL1,0.2849825838274382,-0.6791233569731595,0.8959200592789408,0.08691256981140878,-0.6798751523673844,-0.46500940288411174,-0.2390205591840339
ISOC1,0.15068565342906529,-0.4877980742748486,0.11354035592590363,-0.07412097548843705,0.22770520151488516,0.6906295852028466,0.08201054179183964
ITGA2,0.2954945095880758,-0.6345237177007699,0.15576506155930248,0.7103404620069035,-0.122881361756474,-0.6323838209498456,-0.07787986157806782
ITGA4,0.19087607126131792,-0.7668112216795957,0.23993943376731758,0.029752728868718544,0.46635101572509935,-0.15963959987696963,0.01714476006838345
ITGA5,0.12529707314903654,-0.3337872288687518,-0.25700192303410746,0.07855621351202635,-0.038438196089316055,0.03857332883925751,-0.07138430788272147
ITGA6,0.19095074246290902,-0.7576239429826132,-0.06962373175077417,-0.072690685369076,0.34987010859205875,1.0085343273430347,-0.05437162597276501
ITGA9,-0.0031182101517175076,-0.5943015277273471,0.7307726110197317,0.159477650925636,0.20404796895691346,0.130412330623212,0.020765330930221097
ITGAV,0.23968784423660644,-0.8240845627165418,-0.6561958718855906,0.09660658043442696,0.27139563669169015,-0.6215381266012548,-0.029651507139028966
ITGB1,0.32664052957859,-0.9509386661872021,-0.7783053434855098,0.3467912476143817,-0.16459690956186354,-0.2925200877795549,0.0847374437650121
ITGB1BP1,0.2451194094994401,-0.664989706758306,-0.23228002274773865,0.49465433317721147,-0.16509605176643538,-0.46663329630193623,0.005269784657173274
ITM2A,0.20788886564496614,-0.3697210547260221,-1.2931779426017798,0.009603924802765323,-0.15945256273924036,-0.8818959573574168,0.1800475282207215
ITM2B,0.573496792941329,-0.58429376197774,-0.5165622296564968,0.5126491805624893,-0.09419344170769113,-0.2888290319137447,0.1766295881909617
ITM2C,0.20542376391936626,-0.4837639808792471,-0.9663727289621649,0.11569466495283764,0.04323250449299719,-0.48066402638625466,0.05221995217786923
ITPK1,0.004974007234720129,-0.42705442988098086,-0.018304577637605148,-0.05318093054039765,0.0645098199581167,0.4508352410353839,-0.027972722507846867
IVNS1ABP,0.373676289698294,-0.8877664193125893,-0.528484079063982,0.7539266961044999,-0.35681233977798127,-0.12478078566523605,-0.1343391079322711
JADE1,0.31914305203366417,-0.5685532749751474,0.12540230909406358,0.1629983266698985,0.08449958275981576,-0.12463672759801263,-0.00938654977444928
JADE3,0.22463223199128907,-0.8287611283355649,-0.11727215434899849,0.7055366020983367,-0.37766002338207527,-0.5205509975702433,-0.015903282982030614
JAG1,0.5145114122578568,-0.5286255598626128,0.6891935117077633,0.012982723500151476,-0.117129285254129,-0.6046095617663308,0.07351195768638133
JAK1,0.48985651932162083,-0.6119026481222638,-0.3755721590841295,-0.08212667600123348,0.47975202913103293,-0.6213942122019108,0.15433074296309593
JARID2,0.2506460686732311,-0.656740428571603,0.5016959526238687,-0.27921873500695976,-0.2030330471250087,0.12372800345219191,0.15049858698896132
JMJD1C,0.23601185355512724,-0.49132121030015546,-0.14887116993125657,-0.39897913173238997,0.03916534791179152,-0.37899379678163087,-0.04527987579444216
JPH1,0.20846028290266208,-0.5500733274393184,0.5602320861015481,-0.382216218293819,-0.15554772494928903,-0.08957490552322407,0.013320145819051324
JUP,0.3436920103989967,-0.43627594673780945,-0.9756327764395857,0.004729351736276684,-0.012589080627621861,-0.2790755149158045,-0.08480192623727774
KANK1,0.33393137720958116,-0.5930990127164779,0.6264950776841129,-0.541024641712746,0.05127676502532522,-0.6090431350603046,0.1114418283864774
KANSL2,0.10963374282335753,-0.7221091531084524,0.07637506292603127,-0.386535481690864,0.08951999956115601,0.5844926021011209,-0.08974201346278574
KAT5,0.13670907907779226,-0.44560164056609586,0.09408177461604537,-0.04344132172582504,0.25958822826884465,0.7035236690469637,0.037202005696409836
KAT6A,0.22602654287587562,-0.700908202595127,0.34079653751653427,-0.4013750515928769,-0.07571092783383646,-0.26508278809093155,-0.007260122126734194
KAT6B,0.2658000615209517,-0.498169340223341,0.4546198861653502,0.010225113600345925,0.5235722830435233,-0.7245233484185111,0.0021124793023997307
KAT7,0.3246862047344222,-0.64338087960177,0.012496607191086917,0.21418414848983866,0.38332714843202476,-0.2538880258462954,0.03167065440993373
KATNBL1,0.399171599838864,-0.2947705222358154,-0.010603396279645919,-0.0006210486717021271,0.43970466022765003,0.7997086307149768,0.0006967279694892811
KBTBD2,0.14392696740704114,-0.7403024163855128,0.0866013754894131,-0.16198698742859222,0.23388339274977177,-0.027558946587364155,0.048233133680630744
KBTBD4,0.14338456253978474,-0.6121565037343717,-0.05819637044896886,-0.0426613766647849,-0.012155565927937534,0.8998007385446896,0.11154182608113176
KCMF1,0.39613693343082734,-0.4763768058020526,0.24695151704293122,-0.3142536355774794,0.0261904012641684,-0.989870420588357,0.05532561711466399
KCNK1,0.10286449353797225,-0.4434153063672956,-1.0223581625415357,-0.1421233042423687,-0.39151685364646127,1.2173833224692332,-0.003691173114809583
KCTD20,0.3377758794170249,-0.5050879660914764,-0.191853738403671,-0.05391769364165748,0.44926135631151104,0.3542679841769527,0.18791224097523612
KCTD9,0.3714780236698229,-0.4957096692983548,0.9346061532291172,-0.04563516307632218,-0.37052946490583405,-0.6342421156399545,0.10613063784405315
KDF1,-0.0730220839365883,-0.3238186308963053,0.09524601994629284,-0.014146649827959056,0.10399339831873781,0.16268536203760045,-0.07229671875876897
KDM1A,0.23487931998885497,-0.7740010921171823,-0.011346192658857598,0.04046507842463811,0.2786629016888712,0.03559901490301986,-0.047574192400253755
KDM3A,0.32475383835890875,-0.5728213617038836,0.08872990033056924,-0.6969531383528386,-0.38768433264411756,-0.17054603621593623,-0.11145718263639749
KDM5A,0.2500322727597208,-0.9559771015306837,0.02855945211917176,0.25565961299090945,-0.5472850220874579,-0.6703058245850628,-0.05397344148391995
KDM5B,0.29250338729753356,-0.27183705621471715,-0.4980033725971518,-0.0899522454078865,0.2575534843551279,-0.38409991566517643,-0.07789113691808187
KDM6A,0.13416906284070415,-0.8083520577413488,-0.3706439195518499,0.1369520230365351,-7.180481569710005e-05,-0.5077780182797389,0.01262852272985824
KIF13B,0.22839854058453607,-0.5107724039424226,0.44337714369244136,0.1424722463903463,-0.18829241228021176,0.05433753400739407,-0.3052191157585737
KIF15,0.27563121394299256,-0.5420813280121043,0.4690925083966681,-0.18533610014101934,-0.089874414820095,-0.7756890149526144,0.08607930545342997
KIF16B,0.25930016006504564,-0.8162307293280168,-0.15779331448096484,0.5248219416146848,-0.3394551396588362,-0.29703868866920347,-0.07822541272991206
KIF18A,0.13751061927733227,-0.7675263592411148,0.4484795085301696,0.0929895953442499,0.5364559701355068,-0.44253685577413765,0.07007894431562778
KIF20A,0.2486310295909347,-0.6461745077039956,0.28569374202606773,0.5428038403144906,0.45265658062665737,-0.021542680420681266,0.053344063074921705
KIF20B,0.4420703805148764,-0.5569355734858716,0.3037028622579315,0.1939713053481013,-0.4582011387770698,-0.43551352385612047,-0.00289527763142586
KIF21A,0.15654216089928835,-0.5588466059701225,-0.06211652340622542,-0.6523560148938915,-0.286296706901872,-0.6943004164576451,-0.12820770931984485
KIF22,0.2708256128576843,-0.5201051886146477,0.5532151731272982,0.02623964119173271,-0.3848619817338539,-0.26440590176968276,0.2927193440850223
KIF2C,0.40285327044015534,-0.1641864096342916,0.8563275219492308,-0.2932206209498382,-0.0709781632442932,0.15828836134247176,0.15499584980546552
KIF3A,0.358650890873271,-0.4904782360086287,0.3770609742761651,-0.6713256692616646,0.12212140094359014,0.6751979496175408,0.047198007058011596
KIF5C,0.12496271699200916,-0.766937986594568,-0.10227976777029654,-0.19990620280098512,0.2884818018057637,0.9503493342832534,0.1389185123921574
KIFAP3,0.11362565388789612,-0.7019017434051805,-0.3678435426692414,-0.1669691290653266,0.0900972369462538,1.0815493226143154,-0.15684733128587716
KIT,0.38905686443808485,-0.856261154435442,-0.2811910595970186,-0.16761417600726297,-0.6903094785123066,-0.931904686935056,0.2846129705150703
KIZ,0.1787775349142678,-0.3954391350405768,0.0029759272118831085,-0.1570362466075959,-0.5568776330492462,-0.11606682910187954,-0.26523349093928755
KLF10,0.28359259381603785,-0.8569928292269846,-0.7960564344188746,-0.009576857704967547,0.07812512109831685,-0.6909201482488379,0.06370516925428177
KLF7,0.2317643318869012,-0.6775037859856661,0.17702671969693265,-0.04677933216678471,0.24207973499196106,-0.4208160473144743,0.16566697821449017
KLHDC2,0.3441650531716062,-0.7461806505137503,-0.0990019813697044,-0.16707329260325288,-0.9393664046658778,-0.5564061386933585,-0.36678270581138145
KLHDC3,0.44530435200885726,-0.4420157187389555,-0.5496473380520773,0.015675581668868167,0.3695703407703079,-0.35631291568170037,-0.07324049488343491
KLHL13,0.02935759732565211,-0.36472474669983457,-0.13760780669110015,-0.14898069570558473,0.0749525583481425,0.4808271138023492,0.01623205359490931
KLHL20,0.2472381674102204,-0.8861226788037331,-0.1701083396447185,0.2884664641199708,0.29101139404439874,-0.5892443278121856,0.025673005398363563
KLHL28,0.07220542696753848,-0.621127197039325,0.17622363740007915,0.09092050971840987,0.3945458310529674,0.4908814600849131,-0.09314601233594295
KMT2A,0.2107560474708348,-0.6706798879861998,0.5346498493832538,-0.19763457467760034,-0.381359872608832,-0.4754352681540515,0.09975759603079166
KMT2C,0.4661388216206695,-0.26090566129482345,0.5718030258736075,-0.11782063308808803,-0.2473876807849326,-0.7977939820150038,0.0010766061126928073
KMT2E,0.4567222062385407,-0.6940631158216011,0.15874501497035765,-0.10639874713007408,0.1306711973345089,-0.184627427332542,0.16817142564564694
KPNA1,0.13410644457652712,-0.8162707478549337,-0.055330258863939503,-0.49150906040134507,-0.03270501840810725,0.5236775913969431,0.05051507163145994
KPNA3,0.45271653512801235,-0.49579816986385816,0.15907144294618497,0.07209586024935477,-0.13853872715738594,0.44804198601547157,-0.022664288550757878
KPNA7,0.57082488047248,-0.6412962949507528,0.5779981000301079,0.36359386182604625,-0.5740314014213791,-0.12088551031147807,0.21817622072744142
KYAT1,0.17505419377122958,-0.4166029449401082,0.3649023883820618,-0.02418545118048137,0.296287612084397,0.2995394890067913,-0.06469925638203579
KYAT3,0.15871784320848908,-0.3972277121946495,-0.36840529089922397,0.09888661287754909,-0.05719441436016487,-0.36089877455653696,-0.08110838533966837
L3MBTL3,0.13160588275565305,-0.6335404071542399,0.2674253237019748,0.7362164945640456,-0.2713256148068301,-0.5673360350143374,-0.04072050528354881
LACTB,0.19567827707213573,-0.776826176523447,0.19219636758161035,0.030817351049762486,0.4294976765676094,0.1237335709196019,-0.009349547032439086
LACTB2,0.055012540044232415,-0.3743773871543685,0.3018640556079051,0.039573494801796665,0.36118019426011927,0.49166631724347093,-0.10033473435485651
LAMB1,0.30981529021692195,-0.6720101923808928,0.48308355132988146,0.015148245143931255,-0.6288229249601042,-0.009007764590839079,0.003311825195844373
LAMC1,0.35874983183708,-0.6649571478056017,-0.08375255484045056,-0.011017703789991534,-0.3077309659712796,0.2882157081895622,0.039401026988901716
LAMP2,0.36899094144509753,-0.8238730823633936,-0.5162730552020466,-0.1329887342817906,-0.1654009517922164,-0.7033342364629255,0.2879944544527908
LAPTM4A,0.4232604007671683,-0.8930754880642479,-0.3830623777319784,0.4331359811230641,-0.2174840013866359,-0.26435900110562877,0.2775947466810887
LAPTM4B,0.605148229244466,-0.5014440975048866,-0.6450368009841361,-0.02183610249372271,0.024898992205443997,-0.574683153574933,0.04869589069712888
LCLAT1,0.15519509634841153,-0.7377061253709107,-0.38114172628173243,0.09739111794639291,0.04540681217216824,-0.564610119681068,-0.2959636278711751
LDHA,0.5514955142769734,-0.5390446556769786,-0.6575817162905375,-0.15158745914163854,0.3273516186442126,-0.6509127660088408,0.01100212098451035
LEF1,0.2917844302495441,-0.5356667759799668,0.637506009349627,-0.4394622576492476,0.22901101616366956,-0.277050317544928,-0.1769352636385903
LEO1,0.27995841457241205,-0.8167554802558498,-0.41921708243420086,-0.18617791312034476,0.20366183422141734,-0.6093721837063654,0.06794973394153583
LEPROT,0.3570204472177211,-0.7791581326378623,-0.4202042335308299,-0.35633824407626513,-0.027299144343384367,-0.5828306057836261,0.36011225494967186
LGALS3,0.20695493546719212,-0.5750427367591824,0.19772698749504894,-0.006814978988496636,0.32406624440753323,0.37466725330977496,-0.08664651349936513
LGALSL,0.10172922875445273,-0.3279802037932826,-0.2668588500996094,0.01781338552093925,0.09039875125079111,0.7084220215755093,-0.17478818588807887
LGMN,0.4842287767877788,-0.4701230240286404,0.1299475910085329,-0.21663823767414503,-0.41870223394819833,-0.28910995240428594,0.10626777041992166
LHFPL2,0.3214698726506602,-0.8051330146501288,-0.34982242159092736,-0.13055908794777768,-0.022845152737444377,-0.018966088081829553,0.10848857615101896
LIAS,-0.00011355355232472304,-0.5644523457676267,0.4644641379468736,0.025865711965328594,0.3980163265186489,-0.5142709510586736,-0.3399882956598034
LIMK2,0.10560481088142637,-0.8040051632853552,-0.5828776995947635,-0.3832907109906211,-0.071765644078957,0.09037261203098827,-0.1892989931118025
LIMS1,0.2088696875218086,-0.6962081573363098,-0.8808409123956384,-0.009605431928379982,-0.07248374747252649,-0.23445407097036772,0.007095432842241531
LIN7C,0.2935717904857276,-0.7434973135198185,0.03175986467830543,0.43802503119622965,0.18067737436683895,-0.39103311975401595,-0.009999447250719837
LINS1,0.23180037897619174,-0.5710844544115131,0.4778730957033454,-0.2042856456977143,-0.853183548511824,-0.12224137047301449,0.19692919489734856
LIPA,0.36656342018700067,-0.5441827915070113,-0.4472916073747028,-0.3814156566332557,0.13711295736478638,-0.5020883321417288,0.24431580365575184
LMBRD1,0.14429400874095707,-0.6554257946827036,0.1417664207681879,0.3754103323765711,-0.07492335797373753,-0.11546760161857014,-0.08369739898012804
LMNA,0.5554808782434756,-0.28528189056552383,-0.4306852809453392,0.13487831510108986,-0.4999403292944943,-0.5786943397772354,0.12458522891152647
LNX1,0.0794856243833799,-0.42346741046181074,0.7738906900281272,0.21192983814587055,0.562565588002451,0.35882645478229336,0.13227914429221155
LPAR2,0.03324611815027266,-0.6460498960354812,-0.19333927440655735,-0.21080434614780177,0.08573982252033557,0.4210414054983645,0.03867935218877106
LPCAT2,-0.05296324807061488,-0.14535274968593248,0.1618337048005976,-0.07742930232270297,0.07976282617783331,-0.14372319131331524,-0.12399533251825416
LPGAT1,0.27003548086022233,-0.8656098559315697,0.033012067889611314,0.031233545719827907,0.41166118532236157,0.1461754556490777,-0.024036686344279166
LRAT,-0.030058474057856045,-0.13985593186805806,0.07423942304562393,0.31964145195239896,-0.4351380172942824,0.21014003322876562,-0.23403509628974203
LRP6,0.23022968086281007,-0.9122898816744599,-0.11542826123814277,-0.051159868709592216,0.3568691301948277,-0.677822492324802,0.06681694612095869
LRPAP1,0.3723092902053741,-0.697045648335982,-0.6000224378823951,0.671782587714831,-0.22277259231445237,-0.07880374104401064,0.43107422089871805
LRPPRC,0.3280104192285715,-0.434172560995321,-0.20497071896680083,0.07096178136742279,0.6075918151374494,0.5493741998370515,-0.09929645441470779
LRR1,0.2734560082494477,-0.6189503255718415,0.16495980177219693,0.5721329437854192,0.0268811669796588,0.2521367182967913,-0.08738935895274338
LRRC42,0.30151605357253475,-0.7631853532626908,-0.0831848423560108,-0.7252634381641666,-0.16414076345319306,-0.8193594619119015,-0.18429773407397868
LRRC4C,0.1045658127829942,-0.5106886982801716,-0.09414470489198125,-0.09441251673656197,0.17809872847441355,0.6701802668591796,0.15245056938539395
LRRC57,0.12958815976548507,-0.14597888860143507,-0.059109466702942204,-0.08824925851495166,0.16902065881460868,0.11003732163855054,-0.052140192436036285
LRRC59,0.4001232599284136,-0.36802230777127387,-0.5910511970177876,-0.43651255365458463,0.13473481299280737,-0.3829692355941873,-0.11391447689989143
LRRFIP2,0.11976252942229608,-0.6877386228038651,0.21250928107086625,-0.23924136609785457,0.08580207844977897,-1.152992149516998,-0.10811031595013416
LRWD1,0.18662597911405324,-0.36273851126431456,0.14162846022402337,0.050181177159297756,0.524137563869909,0.7604948829154757,-0.1369737031875271
LSG1,0.08834202174854625,-0.7190523387058513,0.10088195073287537,-0.11120420907414606,0.0652062485604532,0.3478271383436573,0.12304471464729243
LSM8,0.37128316008644424,-0.34149060596675257,-0.0687841173013873,-0.054481385492157926,0.44342844263564,0.7758660587582603,-0.030771859826113572
LSMEM2,-0.051393350063024985,-0.20751773405426638,0.18254292466304167,0.017916915119616534,0.23325675467094054,0.1566115727601252,-0.08411532691541374
LTA4H,0.09851273758198843,-0.46112194261753364,-0.3518770231476344,-0.1538062748639372,0.011989628244941727,0.20921778233897625,0.0128467645968798
LTN1,0.15089770417357065,-0.8085220603583023,-0.05098768264225423,-0.0769348993078757,0.33402775899353104,1.026389192782828,0.3520753367098295
LXN,0.22423254454318983,-0.811298233509013,-0.5378246005905604,0.2824332647880439,-0.5350639581717055,-0.1742959141897016,-0.21357633382145919
LYSMD3,0.1587821194667944,-0.7935421427104936,-0.6320354571186496,0.188188388552018,-0.35713873160191967,-0.7906521016900521,-0.3922464749263456
MACF1,0.31629941046181476,-0.48194746552661527,-0.31792220258908926,-0.13350455767293917,-0.21473274631257666,-0.6572888896211773,-0.14479568828042144
MAGED1,0.4023969627957531,-0.3568547759659354,-1.053950436922494,-0.12322480302380497,-0.4642382133521551,-0.4501785732544345,-0.006837279046273768
MAGI3,0.3227575373166906,-0.556611386102944,0.6952557082219795,-0.43947790616200827,-0.11791310153007852,-0.4920104258983035,0.12055549983659578
MAGT1,0.3760668105552395,-0.6281808180068129,-0.26392239106678733,-0.03234738622979099,0.44986869750296016,-0.3353684445810852,-0.24957173453486384
MALT1,0.09789762147750451,-0.36008940949519297,0.4971146616316396,-0.12434421774836336,0.2692567924543485,0.3869330232800621,0.016976688384655103
MAN1A2,0.13080327027796873,-0.902737007141116,-0.2626540362858431,-0.0436261772260775,0.24324246281145318,-0.024491862987612665,-0.07661744702534203
MAN2A1,0.21276166512404585,-0.7852024950445453,-0.4470076650376184,0.33101642133207054,0.04138884088136601,-0.24737158306229298,-0.04038028292686275
MANBA,0.45374326656563024,-0.5856526748832411,0.9035139230438624,0.20994824093052925,-0.6712578712537093,-0.01918279949231494,0.16966349611744594
MAOA,0.11454933480438052,-0.2694955579599744,-0.4234327324481936,0.1875337379981318,0.05556772119766924,-0.9128786453699042,-0.16670415309226064
MAP1B,0.40671279693163437,-0.5191447832426279,-0.15847433107204406,-0.32708677427531985,-0.7275308681163608,0.05565813162567421,-0.020221301277312607
MAP1LC3A,0.543359778931474,-0.20908461102087678,-0.6040934430049801,0.47092683166050714,0.02220099170379768,-0.004951056190691238,0.19138331379147486
MAP2K4,0.4776075467772423,-0.39297555791561517,0.2578275325338564,-0.6305076294731773,0.08842541863160074,0.1348398289603739,0.03519075301774063
MAP3K1,0.20638271599850316,-0.12376437758123095,-0.25583154097986693,-0.06196528479430113,0.10076347476230381,0.7406834518230913,0.09528023389900224
MAP3K15,0.0640808132788494,-0.5478379902367343,0.3203422220553976,0.07153440937899157,-0.024165429750955276,0.35969189751763564,0.10855215245496266
MAP3K7,0.09118135122832274,-0.7447525398591939,-0.12235514300937768,-0.008802489465075393,0.15105031231658042,-0.8575555026132501,0.046935186613310115
MAP4K4,0.41709233232982706,-0.6617374275371635,0.24447469361000523,-0.14245979470515924,-0.38839036111477965,-0.4266741671534696,0.05740762286554327
MAPK14,0.339830330500764,-0.5426295152731547,0.6707986956610618,-0.11336894861741785,-0.41682150583523625,-0.2288902385116705,0.023517431019073737
MAPK8,0.2095772209870447,-0.7877249051418151,0.3523363638230922,0.07002421642837095,0.373485594795431,-0.2632838717902032,0.048138842989008945
MAPK8IP3,0.07739402308892541,-0.3960741987059853,-0.30069338221151315,-0.024229090418384922,-0.150617783471227,0.8420903855735004,0.08818133432696186
MAPKAPK3,0.18831189060905468,-0.5124794718259281,-0.21700577739434226,0.15447776677313538,0.14395981688638704,1.1824193162415115,-0.046646265682677324
MAPRE2,0.2801694134989833,-0.657343807172252,0.22653177065535207,0.2270846036612598,0.20820441318894103,0.19363217764983356,0.16729882260014553
MAPT,0.5733057782013106,-0.4253345166366008,0.8433283730773602,-0.14334389747931828,-0.16323630602523886,-0.44519041026991035,0.2713015015482473
MARVELD2,0.30530378661869884,-0.6494593717769376,-0.0570541567327621,-0.2965154305985498,0.24373777332306884,0.9753299579030403,0.036589457428752595
MASTL,0.28834747065032507,-0.7974333553408937,0.584869878386293,-0.40068867011172044,0.17269899174130895,-0.38160502280318037,-0.010289934619088106
MAT2B,0.4040384419953672,-0.7386338139128988,-0.007093357635205982,0.060784500930716606,-0.4444711684801797,-0.470412487087371,-0.07568650483567918
MBIP,0.14541043940708295,-0.7664857117127485,-0.0651281015999092,-0.024523158705430825,0.1778292860933019,-0.7437461619983966,0.027673023686040358
MBNL1,0.36688656714174356,-0.1212268321424136,-0.9979892978604168,-0.0696298800724166,0.2274356382178762,-0.4093163323807289,-0.05681779693366342
MBNL3,0.40212079233735587,-0.4077868629003308,0.004175998710819703,0.0837203391002363,0.39419811070851113,-0.7928067731071765,0.031043057694728333
MBOAT1,0.21087451108357466,-0.6256398499634963,0.4694661180104157,0.16951449408756394,0.42702322733748266,-0.7267235483028112,-0.06603166984102811
MBTD1,0.11623447218242794,-0.5737641084843144,0.5045568763041115,0.025464256256488776,0.5283229116955355,0.07444004848018056,-0.2773531815908697
MCAT,0.47329630602915584,-0.4605587808221783,0.15907408007832086,0.7377566472916053,-0.06897615477318987,0.0494113882316719,0.18136865108776334
MCFD2,0.26169932351694514,-0.8880666568820064,-0.6090249103065033,-0.04531914178732223,0.17518198998974477,-0.4643653336129255,0.09246149977395676
MCM2,0.3216212941073293,-0.49487353398434786,0.7012704895708457,0.03475341023548112,-0.03198645567054804,0.5304706330859237,0.09008537420132394
MCM3,0.3712341536569805,-0.45754828577285,0.3493188623363233,-0.2301376229265628,0.10064039990384961,-0.29231170667240947,0.030016759723996124
MCMBP,0.2556813834534717,-0.9238452661925677,-0.2275813557471708,0.5100093954082229,-0.04525858841418035,-0.32882046273702115,0.11853732987945208
MCPH1,0.18672333095626714,-0.2547631502766965,0.009267147961218318,-0.14601927802095388,0.21532971156045735,0.001722920277482856,-0.05190346463708797
MCRIP2,0.28555419603842586,-0.2090346978190219,0.2583003524742409,-0.0635839003323091,0.26777174841110346,0.17026738518089027,0.017825532870383732
MCU,0.16640944627843174,-0.8274919660218608,-0.059388344114278645,0.2791499418184058,0.48268808426042503,-0.7603707291906252,0.05098338573792675
MCUB,0.642017190643164,-0.4358169200706744,0.4407562558048227,0.0718304676619051,-0.6027900296582063,-0.42075151443869785,0.04943895781829344
MDH1,0.5034690195543297,-0.4466722298248368,-0.33152572091807964,0.6499191796186042,-0.09384360799555302,0.20593968776526653,0.12381083840722606
MDH2,0.3106048308372701,-0.9158392504817857,-0.3737437832268664,0.16513071862493917,-0.007494058186402617,-0.019801935647699418,0.16044728192327617
MDM2,0.11372506097309866,-0.25552491810170347,0.13173758308501443,-0.1250745947832098,0.1389074877779728,0.25343029445377485,-0.07679913529104627
MDN1,0.37128987995367957,-0.1820620865777592,0.18805703213881225,-0.04276949476841466,0.11578349303834107,-0.6502609142338844,-0.02093747583023719
ME1,0.19086824222329973,-0.7200244097740169,0.03675028806598299,0.36654024429051074,-0.22829454940777955,-0.6257164669780081,0.05647385856712295
ME2,0.43038714871618483,-0.7254222723746226,0.46665905831208787,0.4984084327732696,-0.03271350913125533,-0.12222806476858007,-0.08436147656348915
MED1,0.413358699077041,-0.4387064566639531,0.2167245911460528,-0.2086064415207632,0.5070656163024021,0.22328505342889746,0.0023688925360456055
MED10,0.2082651266154657,-0.805743852058465,-0.4867534440687412,0.06356317653642296,0.32256233199836315,-0.34034504657358705,-0.255467229298364
MED13,0.1831832700471649,-0.6450363754618481,0.16697257509207722,-0.03905695905137314,0.02035575378574266,0.08853795678756432,-0.003103774932233522
MED13L,0.33189453281577247,-0.7544140698830398,-0.18567312801675281,-0.14782402196651784,0.06073913799848733,-0.6980386735219419,0.05947369664938206
MED14,0.3304905288431497,-0.6411031625519058,0.28198281490305743,0.01207072795504432,0.6654738628049424,0.20351941718437938,0.035826460237344544
MED15,0.3859755769643676,-0.7075063334765171,0.30248231628269473,0.01398762820920753,-0.5944396006848548,0.06190632710697743,-0.005790722374196274
MED27,0.30647367188701785,-0.9241816010400181,-0.05576930255811482,0.44005694079611135,-0.052988201409114796,-0.4138459564628902,0.11259860631537238
MED28,0.4261580375019457,-0.8271915649931568,0.14573481941483352,0.009996401780868724,-0.8557117803148923,-0.2387632426989692,0.0388587769026617
MED7,0.2789239833432081,-0.8140062446177653,-0.15077105435276358,0.6350011631932311,-0.1679435755300798,0.6647028444198484,0.15437724712044282
MELK,0.5389829290582058,-0.33249850484603494,0.3886707334558005,0.08881136327704309,-0.4712556384344556,0.03459953004471721,-0.09447136109581784
MEMO1,0.368622763794175,-0.5024034029093896,-0.09649745521188832,-0.19239016911745746,0.501641121151252,0.35749252847362467,-0.15339561104443594
MESD,0.46662066413825354,-0.4687035031162914,-0.5746848370371916,0.20208347140537983,0.21663239014589655,-0.3996260899279564,0.24005747112663647
MESP1,0.29430297018430057,-0.8004866138438964,0.20933684373610362,0.048316533373824876,0.5904138253934121,0.858494886128114,0.19197528873271977
MEST,0.4928542994129966,-0.2667889738561125,-0.1043290629272904,-0.4329228253078166,-0.08353112733993048,-0.8198923725174395,0.041588057149761604
METAP1,0.15499924130177947,-0.49232625435291977,-0.4590949811343247,-0.17819092845091056,-0.2837509117432329,-0.6855087410886125,0.2260610656580364
METTL14,0.40268857549053017,-0.45132739892420953,-0.06921056383989521,-0.4223774472560011,0.07382735039648892,-0.20462993786978992,0.025106484055350473
METTL18,0.17198550481879987,-0.7066040056088303,0.25366653620124524,-0.022461197537570407,0.4704480883385985,0.9539268219741972,0.2789272409694828
METTL22,0.15365063857359262,-0.7807269821916111,-0.5437308037716504,0.08516076529819841,0.025963096684908097,-0.5075518204697695,-0.04512375433322694
METTL3,0.08552331494409546,-0.4178294158474941,-0.060515449605496,-0.010548568213666967,-0.3078194835170022,0.45988821346508196,-0.15014844519107332
METTL6,0.3572854688580184,-0.6347608871026235,0.31174292710948986,-0.35841793054875515,0.1795816791263228,-0.09294093927331148,0.11081766358646249
MFAP2,0.306579025647864,-0.7456151902246457,-0.30792469112637955,0.12271195588571135,-0.411952845746904,-0.5317366269806025,0.04050418953939647
MFAP3L,0.1330561701258225,-0.648688923735502,0.3461426081695539,-0.056421576593522316,0.37033207002493745,-0.009414876019128458,-0.005736363539706163
MFGE8,0.24555984233040415,-0.8252606886005213,-0.0396572956941863,0.24578072439399926,0.0010776783554076665,0.8794925321779516,-0.00871275302798439
MFSD1,0.3926092152037733,-0.6334021481406369,0.33207841453192916,-0.41410724021060924,0.03919058074519995,0.07838890177994796,0.10118332679377971
MFSD2A,0.11491522746242952,-0.7599963863253295,0.6616707716468915,-0.0001830915588924232,0.4846469458180328,0.4324118290728901,-0.047608804183077204
MFSD5,0.1262136526907039,-0.6102850089975025,-0.06322549106141206,-0.0228153293279798,0.1874385676362573,0.6283884703477627,-0.04806279673023445
MFSD8,0.06908246245322607,-0.43739047022767175,-0.36416209387285436,-0.06915725524085922,0.19864501227399067,0.7664540055376914,-0.18080975067989313
MGA,0.16388800802468717,-0.48820939896735105,0.1182917286844998,-0.4094493977886418,-0.003616057752527583,0.3701929580591941,0.029891457007575097
MGARP,0.3657406993954866,-0.5093561167053585,-0.4412246872774824,0.2197660155199735,-0.27201259964670665,-0.2893133833003659,-0.27235795134500396
MGAT1,0.30559301460151117,-0.7593589807388974,-0.5576546053913751,0.6327020157740503,-0.2713679308104848,4.848853703399591e-05,-0.19678188710008707
MGAT4A,0.3781419225806286,-0.7815585207881894,0.2793645019975605,-0.16011366377467567,-0.41524439325562285,0.4098610623044434,0.03395826423581905
MGMT,0.484111469871184,-0.41505008515648323,-0.18270111680137616,0.44614009878535005,-0.08516603557677938,-0.19345700993746373,0.33303659448043355
MGST3,0.2348269026553321,-0.7507981410460108,-0.6035167038394651,0.43648989769757124,-0.46707203480270054,-0.1435475988965578,0.05621395526929579
MIA3,0.1904616138589517,-0.721378561468149,0.13612226565643168,-0.13291290019293978,-0.8900773051120876,0.8423452146395441,-0.0035321338149563275
MIB1,0.3859811262199238,-0.4868530813800179,-0.33104476823999734,-0.05869761522861332,0.4887113865008997,-0.4570697142449736,-0.024781050088309223
MICU1,0.14773894759058329,-0.8357511371913926,-0.7840671030929677,-0.054859217972010155,0.12233814288171092,-0.5766184127175078,-0.3044321204875892
MID1,0.34432768413039216,-0.7588166544030955,0.040116302619768576,0.25131917434105805,-0.26425772098231776,-0.2422808969260236,-0.35546908623733153
MID1IP1,0.367157457527202,-0.25059630417905737,-0.7157834232489447,-0.14844438983506006,0.016295527157056528,-0.6650837985357101,-0.07359767103063464
MIER1,0.5029889843333561,-0.3897661355616724,0.03536807956779745,-0.05896762734311605,0.053194360767739715,-0.6339195013498936,0.0460511080465018
MIER3,0.226037229467511,-0.792481512848127,0.2667930884292945,-0.12182573917642676,0.2756267568790308,0.5541442698752244,-0.0315391123123019
MIGA1,0.11736512158344418,-0.6705049036370612,0.3221092308551279,-0.021408841660363425,-0.02889874024643781,0.7227317535481028,0.03295290002451403
MINDY1,0.0424843127849645,-0.6230023276866297,-0.5371641834695384,-0.1590856433734414,-0.0035640513133808204,0.8327002392228302,0.002510863173445438
MINDY3,0.28346915147203305,-0.8770481528986991,0.05097598940011307,-0.13589207988440935,0.3288545180033932,0.019560960529511704,0.2664581425741388
MINPP1,0.11936365208928108,-0.6307538717136346,0.08093829897557893,-0.149288601965845,0.04370519828265062,-1.384786417226331,-0.12541003266860057
MIOS,0.16967260614415117,-0.7136529542630955,0.22614571680939474,0.5249326670961569,-0.13434535118196872,-0.1852660354290104,-0.2000881856490918
MITD1,0.12358797307167484,-0.6158462132248576,-0.12674856893215958,0.08482073727477134,0.1483948703152157,-0.18230688462060562,0.01438199825849333
MKLN1,0.3539227879312528,-0.5331990052104466,0.1391822225414989,-0.2600820216303329,0.445416446218369,0.5946144003105592,-0.045013199342387344
MKNK1,0.243242060771554,-0.4681143712261002,0.4817510067702866,0.04181161930573533,-0.44449138582766445,0.14116033894060448,-0.48368193034669155
MKRN1,0.20851271921578332,-0.6642203026895303,0.4243394867797561,-0.11409228623898501,0.2305626018004911,-0.8625954293121436,-0.004779573264849212
MKRN2,0.17854888438947916,-0.552196203325872,-0.40120255187806675,0.07506269964307385,0.24827140904542852,0.35931382792405275,-0.054947731025935934
MLLT11,0.31719591764523253,-0.7641231673358897,0.4063443127622148,0.3368110988826412,-0.516803419768222,-0.6203926445968939,0.009025491014911584
MLLT3,0.31003469039302356,-0.852555127771935,0.12237465653765313,-0.08785501661238905,0.07659741242163022,-0.37570382783093476,0.005308903196856576
MLST8,0.2078108337852562,-0.09212060334780448,-0.6382230711631953,0.0864114721350678,-0.3542163343025051,0.9791620730538513,-0.07900717510400293
MMADHC,0.6219725240911791,-0.35143494430183847,0.012863325975766188,0.02953720722714795,-0.49883874469106976,-0.20906114465363754,0.08791629611441108
MME,-0.04393297622913148,-0.19511027873005007,0.16280748590509092,-0.07077669000355129,0.01671312673220409,0.07616952382842741,0.21738246970198608
MMGT1,0.25659466529865416,-0.6895398901197679,0.22893437440852443,-0.42731538253027257,-0.16000622467944312,0.024568687619006532,0.031236410474962846
MMP2,0.09903889286261144,-0.35702537473417195,-0.8949474725447414,-0.012006179269838248,-0.34899196991164544,0.7751162075889367,-0.046894430512254795
MMS22L,0.27308087908381506,-0.6757975980905948,0.38916312586129664,0.3552282260042282,0.6767063131158925,-0.08350753345256964,-0.01078981081868109
MND1,0.14025844029405096,-0.4678647371768791,0.3125506728785897,-0.19428804409462047,0.1859680110652912,0.5634367144171984,-0.00467116518912454
MNS1,0.30057014096088136,-0.5971098077408062,0.44655053646475656,-0.1731842575623752,-0.17405826108077913,-0.644873552274862,0.2768803430588078
MOCS2,0.3107143257790325,-0.3035075754998622,-0.3850350994972955,0.3678445614358694,-0.175234621340031,0.014445850312426588,0.030877592437928522
MON1A,0.30438448389814615,-0.6618685158990932,0.2550884199658099,0.05436680975524616,0.1940205481670472,-0.7246984967217457,0.03564368318756928
MON1B,0.32945757765787176,-0.8382853003826849,0.23347923142667848,-0.28652020489598823,0.10318358460790533,-0.3527288612321751,0.12999119838029893
MORC2,0.2567595020712564,-0.7663406444788057,0.20282159016192808,-0.0072650708121069895,0.07493628388310472,0.1316141709469417,-0.005450246598803462
MORC3,0.32799698897403334,-0.645584712883595,0.17244663207732802,-0.5130900630646942,-0.006064753457276876,-0.008160332033589054,-0.11705716397670507
MORF4L2,0.5694111397553953,-0.4111199379855708,-0.2587850850694685,0.12681633258876246,-0.6298541417445004,-0.21813147980434994,0.15200892652758416
MOS,0.5660023423209709,-0.5679545081558524,0.804829259842129,0.20443934674106903,-0.6463835021793723,-0.14695447181788554,0.23601732854299626
MOSPD2,0.25809362611185444,-0.7148064617143998,0.24382802681608245,-0.2948447810075224,0.17526504125134162,-0.18226979683529024,-0.0778325164786577
MOV10,0.3330414097168551,-0.8094071320357702,-0.38285949629629434,0.5840285006595635,-0.30884189157041486,0.5656504260959715,0.030818603120131866
MPHOSPH9,0.24741375633315532,-0.6770241788622572,0.2553035918240932,-0.3078870366665966,-0.6959811736308735,0.6886898913941542,-0.06532733528823494
MPI,0.10457023430855973,-0.45517241479953313,-0.7512214212125828,-0.2613021928240267,0.06491000308154286,1.1564436518103927,-0.2022221840169344
MPP7,0.11729985979090404,-0.7630160691875367,0.40672422192989427,0.04470626407723281,0.5528002367046879,-0.2809470576217893,-0.1087822010026607
MPZL1,0.42491332289060957,-0.6176995558761784,0.501415171662022,-0.4544497428322337,-0.06104035776889563,-0.2806926969915019,0.11523862686991013
MPZL2,0.06636177651574769,-0.4569476985901064,0.4592162846691645,-0.029437389363960082,0.3206832711062882,0.3797947568692935,-0.05627391930544902
MRI1,0.3239988448276784,-0.05844256007041842,-0.6190903131560828,0.029278038461678212,0.2409617729976717,-0.423821925892436,-0.03905152097778227
MRM3,0.10247585065728852,-0.6126825525034835,0.09241517396278143,0.0773852217648679,0.288876653692295,0.5263441172745922,0.08921747093190234
MRNIP,0.23539297742600604,-0.4451475664991603,0.4339813518233083,0.10501850543599524,-0.2261679829011077,0.788247333263045,0.12036531418101598
MRPL1,0.03341750172395589,-0.5816269627599404,-0.11495102953613977,-0.0746678088936884,0.07758009203186518,0.5151896942534192,-0.036390677471492765
MRPL10,0.12589560633649327,-0.41425174106327184,0.18929901312086844,0.01961284897518052,0.3115829810698128,0.7473417911921044,-0.13461299326414905
MRPL24,-0.04105742486261594,-0.24009868948519486,-0.09892546414794798,-0.09178817111627001,0.05252696891823975,0.28717277026217275,-0.08191695579237207
MRPL3,0.34141563973730676,-0.7962804131816443,-0.4158124532122588,0.1325713867380384,0.21860929499372203,-0.01723760812144174,0.2369351054589784
MRPL39,0.19183658061431977,-0.6818030551051482,-0.7015477673461741,0.09796058440578091,0.029419298277193123,-0.30918330002884614,0.3283332281125199
MRPL49,0.02186607788980557,-0.5324830574572905,-0.39711433449649175,-0.18647990277722032,-0.037052253167876484,0.5578508120829534,-0.10304882800447401
MRPL55,0.5342698053863124,-0.2980083524286189,-0.27291425992148216,0.007763235648539602,-0.47551813180340397,-0.03508628356377166,0.119986610731987
MRPS10,0.4026997525411704,-0.5451109004272401,-0.012459066390736281,0.2174030224206014,0.6382747805637247,0.14259901638219755,0.1048802282689695
MRPS31,0.33468567834631574,-0.5797886510864082,-0.10860243123630998,0.8838504953278205,-0.20625885271343022,0.7208346072396069,0.1349862987635531
MRPS35,0.1955910793156491,-0.7696178715160217,-0.2765177639648732,-0.26695223405325025,0.2676215980668169,1.091247987998431,-0.04040100884127742
MRPS6,0.46838714623136746,-0.4169206538180894,-0.3694561478338284,0.6288215271043288,-0.037976563926609884,-0.07449258995148408,-0.09413061541222863
MRRF,0.3148183896050674,-0.2746288820949313,0.09555827612570168,-0.05733466518749953,0.5233931264185291,0.4244347094131737,0.0029071240922043406
MRS2,-0.011523563810225491,-0.3520159710537964,-0.15096145248580992,-0.15667189921502916,0.03360206118414183,0.408992736069497,-0.060955460206662634
MSANTD4,0.07538859449419606,-0.5152342794210357,-0.5758041042166261,-0.12384165142600319,0.06279049889038156,0.9758619606608095,-0.11832924619168464
MSH3,0.2730818869268269,-0.6699853491044551,0.20298093994525562,0.7048390993822186,-0.0699278821811826,-0.1454069366999324,-0.07670414706477324
MSL3,0.23469663428546483,-0.7577312114761758,-0.07376414671952243,0.04244540381818469,0.47218004732979707,0.46078244915620065,0.04355802229690601
MSMO1,0.3364083592632233,-0.9055693296612487,-0.7584696285816628,0.019503377083741058,0.3028391994824998,-0.357024704792172,0.08313890579044052
MSN,0.2622828922805789,-0.3598167479084004,-0.6322546225176254,-0.13836223422796676,-0.005056899307801549,1.1045905679434713,0.029513788587315216
MSTO1,0.05685121477386538,-0.4596490374698573,0.21312641793358822,0.18587197631426844,-0.3041407860974156,0.4277481758573586,-0.1414637273257151
MT3,0.41567497519076996,-0.18116224157725827,-0.05465271425212903,0.5759830056590372,-0.06055664037480479,0.49279290610690757,0.08667685604804319
MTA2,0.4035480884468074,-0.09850403248056218,-0.9496614383335154,-0.45085331592931277,-0.371608564202414,-0.40109455447003095,0.10086892229434859
MTA3,0.27742680978750556,-0.43096218327434194,0.4676224463228369,-0.5163995039366281,-0.11498730579960564,-0.33854921693898204,0.14553313980780616
MTF2,0.29955768119588916,-0.8513466369219801,-0.14604702169450684,0.36041748284932285,0.3904397529678451,-0.26378447920116294,-0.04612511778792361
MTFMT,0.15408092946855315,-0.6254652922055514,-0.11503931762301708,0.10414932638668502,0.14385169124131528,1.029449046270379,-0.3011895717172435
MTFP1,0.10418446845413873,-0.32928272467969605,-0.7928996641615612,0.0014560996902766266,0.023820619148112215,-0.37727772688588807,-0.1062636571176306
MTFR1,0.2857089181790856,-0.7386293099302529,0.08025645220502978,-0.12882830249615237,0.08585064090064941,-0.49877736342085816,0.0018279468190523253
MTFR1L,0.2016132733244072,-0.7733605530004508,0.012802703550998133,0.1417246655724399,0.1617499876119923,0.6490164626945878,0.19009884310703942
MTFR2,0.28766669830491337,-0.6355610126227377,0.6640356676867378,-0.0847776208978211,-0.46686750861195914,-0.6102465816467191,-0.19641983664806814
MTHFD1,0.20348706636472258,-0.6925215660647961,-0.2365464827055218,0.6157806976979651,-0.3277421246255238,-0.4658441194817815,-0.3008505486671781
MTHFD1L,0.29323612659956055,-0.269271166327786,-0.9678826047420113,-0.16054399810458853,0.09239794853087725,-0.6974365536076473,-0.0903057128050029
MTHFD2,0.20360973986775832,-0.7390701339066994,-0.1822534825044528,0.15726677261919755,0.2937187604098178,-0.8581852550362452,0.11795814925014847
MTIF2,0.03903544774879149,-0.6380832889208184,-0.13913260556009752,0.0011657729674384855,-0.19708141156308703,0.6344281691395142,0.18430423399352303
MTM1,0.14458429852408936,-0.6977266275861075,0.1702961445840864,-0.012384988130840442,0.32010803379087105,0.36921132563448433,-0.03527528116883733
MTMR14,0.23210624345324735,-0.8358889316834459,0.0710154059666737,0.1352255282494323,0.3220667801905876,0.9994085821961795,0.02885850382877209
MTMR2,0.30732907067339293,-0.7446527079840356,0.47763460530726437,-0.23897699412190515,0.04062821803764571,0.18708029936364684,0.14111547930424578
MTMR3,0.46950835440018096,-0.5654093268258614,0.777726881169286,-0.02877566789284745,-0.35355605160175163,-0.39783326203853764,0.14829348965794345
MTO1,0.10096078727587142,-0.8363206569590901,-0.39084905979537415,-0.3075736980738846,0.12777568570559203,0.7663220734912071,-0.19877208160694307
MTPAP,0.1710053737248484,-0.7097821669337209,-0.08168326804322633,-0.008491532185431055,0.41139219302918856,0.3458879659416165,-0.1783828633288623
MTSS1,0.35685279539652803,-0.7296440982375685,0.7482268294837862,0.047898102191634095,-0.577823848287599,-0.2378672649721079,0.03597281262723649
MTUS2,0.4289716491517194,-0.26245161182047255,0.7253051458299719,-0.18806164995663188,-0.03596177142374381,-0.36903245116402245,0.19851822128068702
MTX2,0.2264877772171036,-0.6660980011506674,0.012681273622901204,0.31640857964807617,-0.08751723983552402,-0.47784171874977827,-0.0376732776248772
MVK,0.371432718199709,-0.3612614063608254,-0.3873819030339863,-0.10980668675976946,0.355355250359752,-0.37200621499034103,-0.008634662980021315
MVP,0.5245163420568302,-0.5449100490383152,-0.09311317200482962,0.547990908498967,-0.23510363120334207,0.03248459389561562,0.0937065224108483
MXD1,0.47055939951796255,-0.6341682660095355,0.6025989269666076,0.07071004035860122,-0.6118912056432986,-0.2008454327537783,0.00041270160253876846
MXD3,-0.023256565249728658,-0.24809777517786621,0.19074088459117133,0.037836372781309205,0.07530527451515438,0.24353602279068726,-0.16239461473968994
MYC,0.23864069664903925,-0.5528543710805048,-0.7987261115659912,-0.004194391159740448,-0.029042198038751348,-0.7499351188575843,-0.024324696338782547
MYCBP2,0.028178882126489047,-0.6830152116179765,-0.05061179820231798,-0.11765413168175488,0.1851039676954878,0.07262626537736737,-0.03319514964425342
MYCN,0.009417583042249465,-0.23463918142422796,0.013743255979272428,-0.16321020761826657,-0.012295503752319586,-0.015784239522784915,-0.1082739155212674
MYEF2,0.12197385128084394,-0.7515260226251673,0.1068505367891549,-0.08092926194731115,0.3018314532550432,0.6839742220881373,0.09789675108903524
MYNN,0.16708555393973437,-0.7147463746154893,0.4780361574590203,0.6693763419314963,-0.06768042478095575,-0.6105414716287224,-0.08674896878642699
MYO10,0.24542228699746177,-0.5682009898897024,0.11591138408046646,-0.5610580934416817,-0.2338116125550923,0.6017770689320932,0.03835935622462388
MYO1B,0.5269959929289492,-0.45261867874282646,-0.060191461096387344,-0.5688516906110328,-0.008322797189068686,-0.7335538377478964,0.1372775261660245
MYO1C,0.17011459369714127,-0.43823955356491795,0.0018499674369299951,-0.5975248853306121,-0.2275077458895395,0.4081644743061318,0.22449167201295112
MYO1E,0.2265906086351614,-0.17438372722036183,-0.1329190632749568,-0.2624661971406721,0.2681548780344361,0.5581151434582776,-0.08962159074826953
MYO5C,0.17462359768544755,-0.49695614570662294,0.1684701805911125,-0.26620249524213835,-0.13463568361624337,-0.8981601700064626,-0.09014513869978316
MYO6,0.2800600212939318,-0.5050804835993101,0.044922007901981996,-0.6007491009961642,-0.27778102529782234,-0.02686004301979051,0.0087018669506484
MYOF,0.2858348312060859,-0.7339660175652933,-0.2865165223586511,-0.02948839552539083,-0.16922253498171236,-0.5084089694553271,-0.10837409606869355
MYSM1,0.19859181578570517,-0.6838914378368554,0.34303542859901476,0.43034063819308277,-0.07747486909330766,-0.6397339914773725,-0.4115654308120922
N4BP2,0.0960358257911937,-0.7389874375057417,0.08179544161925337,0.03929232479782803,0.329758053249945,0.001447585062151942,0.007753994813681771
NAA15,0.2702758131731415,-0.6521076338073307,-0.1001378292020967,-0.3383309442115204,-0.13399601151291313,-0.852966776507056,-0.16816817762087213
NAA20,0.3045284579633445,-0.9646976940343126,-0.37227143989741257,0.5847116642125693,-0.19188570553362883,-0.34941671834783183,-0.18746743946350652
NAA25,0.09908049708321441,-0.505025599549292,-0.7159121747969025,-0.2134529125461933,0.07320586481327197,1.0998551686595586,-0.014553128472268265
NAA35,0.3133823175947547,-0.7597789000688402,0.24511386558551332,0.0826936273721245,-0.5463159675681872,-0.006734887481241165,-0.09079051952608765
NAA50,0.3961318753879848,-0.7680650046344251,-0.22412697421934985,-0.08277500308868174,-0.14940753239119017,-0.6638042776171902,-0.10882587701437518
NAAA,0.10524866917357915,-0.3282317615112017,0.012345838577221371,0.18800628624219026,0.2658832054171066,0.3663396087475324,-0.09251298856385899
NAALAD2,0.20776997770163874,-0.4619075037423348,0.8204188049752739,0.7841990203225254,-0.08256581161657578,-0.07416607802081016,-0.011167645729212625
NAB1,0.13191127128408026,-0.7665744491223279,0.0937972503056195,-0.13242966800281555,0.24522053401217836,0.5215881901618737,-0.052959533145346474
NABP1,0.3386755736309783,-0.5889378033866721,-0.5129366147008181,0.13521795973533082,-0.166441597637683,-0.63730227320694,-0.024276529333612143
NAF1,0.3215397248574822,-0.27955265355332043,0.3922285533951791,-0.09912915869432613,-0.21635600262621799,-0.010927820378477686,-0.11721891912611088
NAGK,0.4824513048285164,-0.42414929527330786,-0.2036714158132844,-0.22211330237284468,0.32613059768203156,-0.44248284060289755,0.3477373094660035
NAMPT,0.21626458366150142,-0.8664668356043644,-0.5026615664479523,-0.03718530175256989,0.2576838791284074,-0.4698810833507813,-0.13330624194397495
NARS2,0.04817970757431378,-0.5106620264811903,-0.05920988857001706,-0.16108216729803967,0.1471256058516298,0.5964333738754246,-0.05113952863700023
NAT10,0.647212020337429,-0.4215313873326888,0.6380022286366938,0.0031545252848134606,-0.6784771550524505,-0.197066676672871,0.27196169107301393
NAT9,0.16918779629103328,-0.30102832912649435,-0.24209208462162995,-0.05492792712627961,0.09627766417021254,0.3660511754892514,0.08751061061297455
NAV2,0.4495919643446404,-0.45944979060366703,-0.32759470437686156,-0.140027641667259,-0.5208191130182079,-0.6572869460782511,0.020575669802628423
NAXD,0.4799442286212712,-0.46518462899620733,-0.4383235321421111,0.20930633296937903,0.45835584418663855,-0.21974947782423554,0.10271819934486946
NBR1,0.20955630532877495,-0.6710508994214629,0.02651257169115333,-0.20488610986032144,-0.08346569955937161,0.9300153121577943,-0.011601506408059941
NCAPG,0.3145225037654252,-0.6779623315115797,-0.19844334122691681,-0.1012535074933723,0.3646123525024554,0.2346082836139865,-0.16456328303372014
NCAPH,0.14872507184365666,-0.8611966843863341,0.46295765550044365,-0.021355859922292407,0.5398591378615352,0.39664780486701584,0.03889662872761397
NCBP1,0.16995556564749867,-0.777142774290521,-0.17837228186379853,-0.17476281196346807,0.25429187362220107,0.6002246275768816,-0.037874167068429186
NCK1,0.4463063060347263,-0.29607975932324604,0.01191360335533341,0.369981996008716,-0.13520983899671815,0.10723569009095262,-0.01926685640592144
NCKAP1,0.2954857333881849,-0.369553010304664,0.15618549735333206,-0.062323859003730483,0.08935695200380377,0.5576999296878178,-0.017683744941655956
NCLN,0.43213304130534014,-0.28943550701034987,-0.2773028345821473,0.3624126937224826,-0.15651649414787303,-0.18637557678655484,0.1186670018789024
NCOA1,0.27211423318544864,-0.6575620332743566,0.11855193578686539,-0.06496601796460358,0.37918812565497334,0.0014856833696931314,0.04777136093699496
NCOA3,0.4125152418071828,-0.6326206220898791,0.688371180419544,-0.5534790513717435,0.27083224553141844,-0.6947568158772665,0.1003070920104279
NCOA5,0.3115964205391776,-0.7177701016207217,0.2572367777144173,0.014976439508542033,-0.4241524629519626,0.7696657576832893,0.016069111202739607
NCOA6,0.21478764387511512,-0.5836620229917823,0.3243827581514893,-0.39254073502618686,0.12094592033296582,-0.0571740485455796,0.07109829939584221
NCOA7,0.0631413358447801,-0.7130204098344027,0.11622956922657234,-0.08044959701396694,0.16191463073165133,-0.02495085124124252,-0.13929686851906
NCOR1,0.3547227314579434,-0.5427121223379926,0.03702932739992307,-0.2606034054130838,-0.6836505869571969,-0.2800295588334466,-0.16305910783366465
NCSTN,0.3084908039377202,-0.5676868717833576,-0.6289649753776224,0.45094899392251525,0.040447120520317764,-0.21087373044490804,0.2535958967185538
NDC1,0.23811411290273266,-0.5138815758654752,0.8133510430202182,0.1183321742086039,-0.5761220735326129,-0.4010250672275841,-0.005919443813278798
NDC80,0.35113452085053765,-0.3783687614891203,0.30409337177753165,-0.14052840280197057,0.5344089593053823,0.17971581965871025,0.02293897654571407
NDEL1,0.5001675218731023,-0.6317052154534365,0.37645182978002767,-0.16276495310032435,-0.24888765089662643,-0.52381475394657,0.17448986774369804
NDFIP2,0.5005187789204506,-0.3055745701862491,-0.13034772914528314,0.09622151976706675,-0.44261502951550175,-0.49476660884389345,0.07068705902271986
NDN,0.10232462204439989,-0.49840926957917414,-0.8374198388083064,-0.1927435109394775,-0.0656249727965971,1.0658345696133134,-0.03338043924497401
NDUFA10,0.36187445745289454,-0.318994744114194,-0.6962928632596806,0.07596007840425752,0.015251858268745342,0.2299784477544507,0.0809767885908831
NDUFAF1,0.3444442046442899,-0.3827916500602326,-0.20445640180975863,0.3287324395838626,-0.03128755093512438,0.7870380662628429,-0.020758028105012
NDUFAF4,0.1836407988312711,-0.789563365407295,0.14647015124411478,0.20440256141110774,0.39245909221934944,-0.6729077582996115,0.1591294122994066
NDUFAF5,0.06340730933457013,-0.6026321056558299,0.021263333991257495,-0.2235714387303546,0.14669068615247696,0.5414349908456217,-0.10686664118735999
NDUFAF6,0.03902780540621674,-0.3540631325300541,-0.04777957164170546,-0.07552031366464582,0.08605841879891128,0.4803713843665819,0.12812641836074126
NDUFAF7,0.06709200779622836,-0.42434566263195406,0.17304486818620674,0.07628409910630501,0.3243129141249059,0.40100130890873853,-0.16525281160201147
NDUFS1,0.15127776530381884,-0.8983451941558559,-0.5750062122622476,0.007867216200327863,0.22928417849907637,-0.6163537638216579,-0.16476231347252074
NDUFS2,0.24505215937298613,-0.871544063436566,-0.6165559646495493,-0.03357914703929129,0.30418998524671914,-0.4613102851317014,-0.08674558164072928
NDUFV1,0.22438408883458572,-0.4976619440666291,-0.6413303601659487,0.30862924592742935,0.02783288357889091,-0.2677469503876811,0.04646228285645912
NECAP2,0.22441696918499668,-0.892552697040796,-0.07299889138255668,-0.03376106794394744,0.5016375026621355,1.3449008473181951,-0.036770189414995096
NECTIN2,0.3663363934213676,-0.21632079830412865,-1.045481463984954,0.05438713006316944,-0.1667485151887462,-0.44570913710253096,0.20684850540631358
NECTIN3,0.07370048079404357,-0.6267182273355815,0.3799381489504638,0.11859046284131147,0.33039131147618356,-0.33487662016336184,0.05630379839551674
NEDD1,0.22074714514558186,-0.902684782396476,-0.12246313092920982,0.0350218102327221,-0.32143161302238593,0.15826189575253297,-0.12190313868426486
NEDD4L,0.31155236943964415,-0.5595680221900552,0.4085720715826979,0.3863466281835464,-0.3886233701249779,-0.6092723278201219,0.0035040216665557494
NEIL3,0.3821226893664953,-0.462340379592651,0.31285117062439427,-0.9087094602041847,-0.10051623248874271,-0.034358327752715793,-0.2319290644229606
NEK1,0.26390188039088863,-0.6313569474771085,-0.30371999389376414,-0.29805739484367355,0.154193344526396,-0.7068760308620827,-0.0711074130692293
NEK2,0.32150788410223685,-0.19300299975746343,0.39369811300217533,0.04686348964190243,-0.06535782257717593,0.37254014101904187,-0.08283125902415164
NEK4,0.11918062750854203,-0.5754898719739211,-0.36294393141803677,-0.0017388312254246687,-0.02428207993952689,-0.5014285110143133,0.13876982875359972
NEK6,0.04668984927244703,-0.4541630446767524,0.47140068169853205,-0.55402979511026,-0.11790030827305488,-0.08571589991418739,-0.004817736045386059
NEK9,0.11761925654926207,-0.6608081774257737,-0.947648513673382,0.24707042316791342,-0.48914936839461853,-0.419610110571238,-0.20161163041129826
NELFE,0.2418413464367544,-0.7637232994365201,-0.7243506439320044,0.011655076260820954,0.05754763567112728,-0.4638481378493171,-0.05332375057871843
NELL2,0.28509218751893733,-0.486929791476368,-0.9761022576839035,-0.06735288549466063,-0.009649175768642736,-0.2341635056658315,0.2203237429709092
NEPRO,0.0868165240054737,-0.47026501712822977,-0.48350253582486347,-0.17024035960238418,0.05671835123535627,0.8672231585579531,-0.2388534029658272
NEU1,0.0793849293356759,-0.5989345451160957,-0.5259408482349142,-0.08971396521801764,-0.03638714880743536,-1.0989829626215526,-0.10799171625866678
NF1,0.06206656464970515,-0.43757806561717083,0.6500737042600208,0.00805125667222121,0.1678362126656952,0.09414946087517682,-0.08332607277243573
NFE2L2,0.48753719456301947,-0.39090791942196673,-0.0005902856437519403,-0.28724649089702303,-0.503117311311137,-0.6435478987315476,0.1033467886464688
NFE2L3,0.1670893479766178,-0.9022186879419345,-0.2504329206136121,-0.13177608417553346,0.22665609455985203,0.5660665062370055,0.04947948817403501
NFIL3,0.24448651599967255,-0.7003724952042287,-0.07910772922614422,-0.004521203340226783,0.010519636939086873,-0.8802019300667653,-0.12699906741321215
NFKB2,-0.0499555543021548,-0.33222223934549483,0.23877700928240972,-0.0713502068354531,0.10279068558940059,-0.04460029446249321,-0.20305533324970293
NFKBIA,0.3747033584420971,-0.8594040735072191,0.07838077634921362,-0.17461088580024836,-0.840671436093298,0.6744817559885344,0.17887251682089314
NFXL1,0.17547310953837078,-0.6405815960659036,0.2475464062368281,-0.05394702405521741,0.31102453379932343,-0.981289890783357,0.01946309490514972
NFYB,0.21946313341082513,-0.8694507543979355,-0.25442084771875684,-0.29896953450204683,0.1811251932040635,-0.6800256807170447,-0.33168877266020985
NGLY1,0.41733442049541347,-0.4406665762038346,0.3937652285501909,0.5492071502318273,-0.0235421221025157,-0.31826397803329115,0.04431554801956817
NHEJ1,0.11584859352597385,-0.6208713071358997,-0.025398339538674503,-0.12011428328652594,0.28432784386740295,0.8023366492715309,-0.024992238853692283
NID1,0.07286087045884487,-0.6323359160741394,-0.023695020206515694,-0.09273648142671062,-0.002763104935289355,0.3323363072732212,0.1298830750011144
NID2,0.22202511784154452,-0.5755424465688698,0.7047216450717515,0.5125785021900146,-0.37375304242629187,-0.30978137115451426,-0.12001934072112443
NIN,0.3410644929669317,-0.45077985754183697,-0.273289589863464,-0.11817887466267092,0.2448993659079137,-0.17488239567558042,0.01539900486658207
NKAP,0.267542998459605,-0.7831467209169529,0.21593773642032305,-0.05094491333519333,-0.8411786485149858,0.33082384355093003,-0.07281488932165031
NKIRAS1,0.05272470376039963,-0.5052901636039789,0.6429639500799658,-0.0157483416816004,0.4446172429892394,0.3202232788516883,-0.2454501705485003
NKTR,0.36468186773446104,-0.305369579084157,-0.07606844862825932,0.25474338537088176,-0.08274245106664947,0.009045518924082088,0.007650256857947317
NLRP9,0.5365010418243316,-0.4906494981206361,0.4708935959500851,0.4284357856293091,-0.2275348663319661,0.004419849563438513,0.07805691663752662
NMD3,0.2737482953973295,-0.6548759000025518,-0.2470252820166721,0.055140596670378815,0.35239241885773553,-0.08285753806507254,-0.04702545301002319
NME7,0.1498416910307601,-0.8247150023538435,-0.13263116008233414,-0.040572976298762616,0.15502471871618276,1.1704475599530975,-0.014943471520542914
NMNAT1,0.22433446354525058,-0.6744216785806919,0.21438059933282624,-0.24871630179372842,0.2390799597725068,0.513811158219346,0.2947362089167377
NMRAL1,0.07746406175024746,-0.5269030485281343,-0.5104000491742663,0.04482574836956699,-0.09935869372429033,-0.8618717525146784,-0.06879012496958115
NNAT,0.07147335636178345,-0.3662658836933434,-0.7689150628840694,-0.11789365875185982,-0.03177704349109609,0.9373793320651989,0.10800439605323212
NNT,0.30628724252786516,-0.7937227856992229,0.05850253967521586,-0.31367065793772486,0.18881071419877998,0.22206178585860545,0.02782589241835747
NOB1,0.3273050556570637,-0.8449329942109495,-0.4116192134777611,0.09101433076424645,-0.6283002302591634,-0.21952879550355883,0.020186955271431828
NOC2L,0.11152411265342414,-0.6250509831529599,-0.5804776208328045,-0.2886733391579279,0.042342105266599254,1.072962247793797,-0.026993217388535298
NOC3L,0.06684717416005802,-0.5646838135916602,-0.2413530323986615,0.045121907460735605,0.20446401590522068,-0.45941836247783796,-0.21086137567467067
NOC4L,0.12640261033917943,-0.5984590474523326,-0.39776748697869097,-0.07544659524407916,-0.008130855953744168,0.34743382821605506,0.07374522684700231
NOCT,0.16936017414472856,-0.556657444333577,0.8193653887065065,0.0774530786200446,0.5807810999977413,0.5021969503730033,0.2919552197871001
NOP2,0.2919739757522141,-0.7783217760606274,-0.36470448215220896,0.5303035164404254,-0.37343693513408327,-0.34053017278544767,-0.044122527109219795
NOP9,0.3120573319350935,-0.5899966998635989,0.28792939410539503,0.6019986841237357,-0.2902333053935705,-0.26200363797608667,0.08269604910898293
NPAT,0.2199164249825738,-0.751300810584255,0.10408156394829289,0.0626454148157595,0.5409276631344002,-0.45713101681871177,-0.46437196462177305
NPC1,0.5250798098530142,-0.39518660022920205,-0.16697684804336146,0.16623875704720106,-0.5983836994967152,-0.46926886372708715,-0.07726228360152583
NPC2,0.224978620622012,-0.49558299001657313,-0.5692376657581678,0.15889853478794755,0.11943720369924775,-0.36606888647598795,0.07113792821612804
NPEPPS,0.2993122209357433,-0.7256964773281755,-0.03830953103728567,-0.6996949585787295,-0.1336439382932898,-1.020870861089609,-0.000377176523475694
NPM2,0.502952438359281,-0.3962374576941486,0.5950584196576986,0.12201794289265387,-0.1575208393910192,-0.39080114031864865,0.10044724180495013
NPRL3,0.06854742985795155,-0.33384155652166003,-0.07573717891472409,0.030626328644004643,0.11763249899279873,0.6368855597516474,-0.04175390820345708
NPTN,0.2573388768887301,-0.9059569091265596,-0.45820698013031996,0.11071350311577809,0.05477900631916668,-0.19711221333342355,-0.06338470887590661
NQO1,0.21980444205019037,-0.5279698235835891,-1.1219968765496988,-0.1648956303468944,-0.12581932533526793,-0.8219441662879698,-0.013102167226312956
NR2C1,0.25954928118785064,-0.46202950544263705,0.4006293973566288,0.0505057164447186,0.47110670359517237,-0.35332226571746583,0.07632864806921326
NR6A1,0.21740502706751905,-0.5105367195695952,0.8452590891595873,0.14924722483186859,0.8227119677181822,0.295740639311035,0.21201080876556452
NRBF2,0.3124169311787886,-0.7831287480974555,0.0013582030243342036,0.13595189613600764,0.4406963192855463,-0.46891338637905283,-0.08125256750523412
NSD1,0.19396639010554778,-0.7485420450661344,0.23571082948748656,0.07651032553813379,0.10781292848850466,-0.10859827169638331,0.008240335085443043
NSD3,0.4540856174529307,-0.4680601836100931,0.1702793524413705,0.0456806388429132,-0.186547604904664,0.07604807703088608,-0.06478517296148126
NSDHL,0.3672079619546601,-0.7220190560061044,-0.2335407240998376,0.4834405595719402,0.17683508550814245,0.03680215125743242,0.2138953017856774
NSF,0.23328404651911677,-0.7782554101995767,-0.06963430255498954,0.4972552772281596,0.16119758025446626,0.16778817135813162,-0.0224023856858843
NSL1,0.11531394322332834,-0.736880196024846,0.244215923978848,-0.018853801438956163,0.4031508829821909,0.7109264409988287,0.028215133396670988
NSMAF,0.209252137957144,-0.580857315245398,0.7921632398474107,0.4727885392029122,0.11353291911748875,0.7851026008172659,-0.01253257183930548
NSUN3,0.02150335597110186,-0.4835277650637984,0.3092039463631385,0.026324294136448226,0.3052037599212887,0.20692588818188926,-0.10940246492779465
NSUN7,0.17422363794317622,-0.8027452375414135,0.1665902959182628,-0.2856707862819566,0.10819857617654187,-0.40802272033207987,0.019860505881928135
NT5DC1,0.1280394579431743,-0.4997062538379596,-0.2111942020468963,-0.6296937751324914,-0.41240415279202863,0.5845772754693109,-0.054559463177385525
NT5DC2,-0.05086976942514845,-0.16989314949868253,-0.03222676911427569,-0.01771104982258732,0.034702596539159296,0.11959494047299746,-0.01545550767857367
NUB1,0.3529903109746367,-0.7357412033717529,0.3540359109377884,-0.10350821418971744,-0.4137916682356959,-0.2578172318495414,-0.03520875458442486
NUBP2,0.5043299027823661,-0.2520398844843063,-0.17768195015761157,0.590813540721508,0.008230113242214284,-0.01025609997353363,0.11343595655133656
NUCB1,0.37986731188724343,-0.7915474927533338,-0.14618725050143638,-0.009405889926106727,-0.7320531616509326,-0.4959565574925735,0.07180672267921237
NUF2,0.20666277758022428,-0.657311736999519,0.3034007029367068,0.5759722951073061,-0.13237447032375743,0.9667728748830602,0.019022951681147763
NUMB,0.2853317636101443,-0.7804632890301646,0.08143760923227489,-0.054813528839970795,-0.03595398211502868,0.0706265785526146,0.0741837927059527
NUP107,0.25474778389741237,-0.6683652692649321,0.3713695717977526,-0.6673025184074541,-0.0893155127391064,0.19038828496173585,0.1750675058361298
NUP133,0.26158153003167867,-0.7917803310880108,0.019392475712418387,0.2819026449138825,0.295419776291152,-0.0429825419594765,0.05438032206370928
NUP153,0.4117637563730723,-0.3595715869928315,0.10372360986680676,-0.04712687032262128,0.5260374758779971,-0.5022895799205309,0.019459114835789465
NUP155,0.21564769276363993,-0.6964297403127028,0.3257149712795243,-0.028071338865257898,0.4943625402792987,0.17774026879178376,-0.059772362190610905
NUP160,0.19409868836178823,-0.5717969141481772,0.024915148048394647,0.05390524494785247,0.12179897466517692,0.04570936489215619,0.10291403155638842
NUP214,0.5572219182699181,-0.5977981649267162,0.49318737225520215,-0.015965378108406487,-0.5101709293595301,-0.010969336816058073,0.23460999182714273
NUP43,0.219669802180891,-0.5143322236969815,0.3354411922973422,-0.3392884325459803,-0.29301356533528466,0.2319334806510967,-0.009560155896361673
NUP98,0.3088718048087541,-0.3138486647822524,0.22925355096085032,-0.5504384060550135,0.11935210052480603,0.5204760390154384,0.10737302152981545
NUS1,0.14753853295521208,-0.7045512790669285,-0.017621522509912762,-0.37046438470993054,-0.5301962689729685,-0.4828088429846486,-0.07467023774680516
NXT2,0.18434319842122593,-0.7695505851991288,0.20957953989411265,0.2847030991478671,-0.17091177162879526,0.64905750706198,-0.19311306622370716
OAZ2,0.25252031138138986,-0.7915620598237849,-0.5287059899508383,0.12066573513937229,-0.1577869077460956,-0.36134719243595875,-0.03666701239721268
OCLN,0.09820152960087764,-0.47426255515949045,0.18438082593624602,-9.571160728747425e-05,-0.20779954087189323,0.6975453753897473,0.0911693215742409
OGDH,0.2821196790955018,-0.7202627244803799,-0.31751132531733267,0.1588811324240368,-0.11873368500575661,-0.7158600522485914,0.2678581755991638
OGFOD2,0.40638555878059396,-0.4175132567384204,0.22826072480039655,-0.23875065735491036,0.052038042989766546,0.16278967932194813,0.19399967152210026
OGT,0.21457719194238187,-0.7107403182036068,-0.795054221869188,0.02085124925310194,0.1640837457198102,-0.0845060063357003,-0.04839128177553692
OMA1,0.26727739856028776,-0.3888229754052217,0.41572132118266986,0.07783579037440087,0.44725846760646426,0.4236064837538971,0.04342039594453485
ONECUT2,0.4580299575930433,-0.3625528623498628,0.6422526986875039,0.060647439268896104,-0.44808277373286837,-0.6921661572266697,0.13802899266079888
OOEP,0.33321936942070424,-0.4780129330536034,0.4951247773402949,0.19823267543726608,-0.3275516553961148,0.13161308579289968,0.11437797401197156
OPA1,0.18307372846538383,-0.7967603649661531,-0.10924700344650326,-0.016242938308431466,0.4283620738493597,0.31853692759409497,-0.07406763137820706
OPTN,0.28846722375879874,-0.8014825929223471,-0.20496003968873328,-0.14747836881107412,-0.5581226315614161,-0.7329924055080789,0.12189377054989961
ORC1,0.21789143203756353,-0.6337518007116933,0.48805372662653423,-0.22013854520838883,0.2331802951098615,-0.027681366784034846,0.012243739060264587
ORC2,0.21786726673373213,-0.6777589238291082,0.4858594444607707,0.0771034935602633,0.6171328908031187,-0.13542254678231064,-0.037895515866607124
ORC3,0.35255979860690717,-0.589910984561104,-0.11591967170331817,-0.17534907158939875,0.4068103181754079,0.547748346413092,-0.027805475461483924
ORC4,0.36356998819820996,-0.40998520826573276,-0.3749333308187347,0.06139524508504142,0.406032967301169,-0.6218326867117283,0.027761699067307504
ORC5,0.2526745052414056,-0.6620004231254459,0.22681587107785972,-0.6606120226629062,-0.12300537627103166,0.8750505062571359,0.24303377134332715
OSBPL1A,0.27090782602782865,-0.669962704777231,0.42760110688241315,-0.27759496440346826,0.17460629786813092,-1.0135025193702496,-0.08737163519395501
OSBPL6,0.18205887129239473,-0.5028605450308055,0.357650231178199,-0.29838672496562185,-0.047802932777010504,-1.2336862697942033,-0.13757946919183664
OSBPL7,-0.004345755533605043,-0.5160560645822254,0.05719906822133434,0.06736526467524119,0.11735634365515159,0.3507023891339356,-0.2114299338981299
OSBPL8,0.2755293009248404,-0.44676623209500527,-0.523389486258954,-0.14189202950772728,0.1557409207875884,-0.2704362621940706,-0.10652070864747053
OSBPL9,0.39475341187574176,-0.6126535305371179,-0.037761031260630684,0.5468658878680351,0.2864480122802792,-0.18385674235933622,0.060831439092399194
OSGEP,0.07681811192379848,-0.39176841785352906,-0.19007735475855825,-0.17117806541298708,0.1159138490847538,0.6146807308402309,-0.13208652176977578
OSGEPL1,0.04209654222836079,-0.5326299520538568,0.1622084158393035,-0.08795503432651217,0.2448892323378195,0.07414550151379597,-0.09139595930611101
OSGIN2,0.041249208895763945,-0.4090596851132802,0.1285758311412696,0.19939477507577394,-0.2359955381262839,0.5029834086947016,0.15070550846514905
OSTF1,0.3291831670573082,-0.41539864044627495,-0.013189165321576048,-0.12089296527339448,-0.5830276511108552,-0.4939244697196106,-0.1606746959819405
OSTM1,0.12028124241967263,-0.49137908506856415,-0.6187808516420774,0.49894056334624864,-0.6376804177535937,-0.5982087014199349,0.19221141569517788
OTUD6B,0.12953052676681098,-0.7209018139788728,-0.3969262862118774,-0.09490206522672191,0.08200774632371002,0.8256874374932279,0.09108700396344688
OTUD7B,0.041360486781422824,-0.6163056838367809,0.04776532645315923,-0.2778190278327257,0.06381014525370275,0.2986994385136333,-0.058891907632918065
OXCT1,0.10504420806136909,-0.6988223387101004,-0.40492349412472967,-0.4688964192001245,-0.22199076219656697,0.8304615312380996,-0.13327063157801725
OXNAD1,0.17220089251718207,-0.49160180859843505,-0.11360097804194111,-0.09917258020791869,0.20105182414482034,0.021735039561243723,-0.12771100809492447
OXR1,0.18469143307416797,-0.783956208477077,0.12198977303170432,0.3134587572757543,-0.10030907555364338,0.5532859475106789,-0.014029166820480688
P2RY11,-0.06824235249327779,0.028852965993859454,-0.07120220880595135,0.11189384910911324,-0.06691295811874581,-0.17512061898065723,-0.12397890612547266
P3H1,0.3221412752705014,-0.887173527230352,-0.6817416239632867,0.11809813542513518,0.13952865088183855,-0.5722416967742057,-0.022743486793232317
P4HA1,0.33912628269000916,-0.877087981156898,-0.9951204271393334,0.25851891249572123,-0.23543811702768438,-0.7751260490057879,-0.010100088731717864
P4HA2,0.2613764395909075,-0.40595972217371634,-0.23547102908917097,-0.011034375247101744,-0.6504015649312745,1.1108130221372758,0.15186449226868465
PAAF1,0.210078047810083,-0.4319806356634807,-0.06572520241237226,0.15002882203029783,0.09646340547624095,0.4528155448910248,-0.053665265069542945
PACSIN2,0.36549794176463757,-0.2703096823577241,0.5095281823650231,-0.5520256252310012,0.08522650353345468,0.5803069117395631,0.07387518893792623
PADI6,0.5619578221410544,-0.5707500764666815,0.49145661926577916,0.1576836030632257,-0.22069129623969821,-0.23286829056026742,0.27496642421267414
PAF1,0.5210022675787932,-0.5884740532280567,0.3344382234226764,0.21201762787507608,0.07293693819049976,-0.2771126057182557,0.2830927177083047
PAFAH1B1,0.2066899969819265,-0.8267019251965447,-0.078990276752274,0.3233096308859966,-0.24170321237589093,-0.23276787293053405,-0.3303070937096842
PAFAH1B2,0.5444056260562566,-0.5222765178036013,0.06148793408701523,-0.07799969321198279,-0.4000375939497929,-0.25762900242504366,0.19847635086496712
PAFAH1B3,0.2499751006853124,-0.6340875362407842,-0.33927069727120635,0.4692904291432755,0.05169799408034549,-0.384329324653186,0.11167734646916053
PAIP1,0.5360433997924736,-0.5326407515730367,0.34129338045223656,0.22727927409883383,-0.492369107921731,-0.18119691567828045,0.2003401371106951
PAIP2,0.5516171220878532,-0.3978538586827598,-0.35227970717355295,-0.060886265547984104,-0.7439529644512194,-0.40955225298179254,-0.1298934208919658
PALB2,0.27657259134482653,-0.7521605927568474,0.38843863774575454,0.24594246265249223,-0.2143070441472672,0.2820536300494137,0.007792850455992445
PAN2,0.21265369467166495,-0.5719907122693081,0.017867797975822025,0.39521411877354284,0.49317448552964854,-0.0188401316963448,0.04834049797365493
PAN3,0.17407468304469265,-0.7158260664816302,-0.0009846175338656359,-0.004768116216862118,0.03462042809214335,0.32118818268689403,-0.09060100661145254
PANK3,0.23929025332123602,-0.8028714804913766,0.23961308950665738,-0.43736628538869193,0.002892459082813548,-0.2825407735372092,-0.058017857955021276
PAPOLG,0.349251565727306,-0.5978190210699317,0.24667045968773585,0.12589012395880422,0.5368052659793328,-0.7576288205075955,-0.07056991926953624
PAQR8,-0.02411070723878842,-0.4334032105450181,0.27221082577143385,-0.11069403798446259,0.22572888756242726,-0.13716425546102404,-0.38332715315913185
PARD3,0.2175354047389291,-0.7246810196507426,0.33223997199431865,-0.3737774949674999,-0.522897344900635,-0.23836163445005926,0.10896045523075994
PARD3B,0.41102962230412204,-0.4129115539127375,0.40981041437765275,-0.5948475674380851,0.20677403048187504,-0.339665725197113,0.2464002899246372
PARD6B,0.19225876681302076,-0.47504821881089077,0.7492847954308152,0.5475268211778407,0.05244000088020974,0.6323121937444068,-0.10497140580199364
PARN,0.21663634971824017,-0.8157332941776408,0.008100076511874162,-0.43129767604324626,-0.12240475147223633,0.7994532825765265,0.10587769724880078
PARP12,0.2919877231664489,-0.5357976913582807,1.0914754293443936,0.041505745480190856,-0.3558386598423708,-0.2433749466111468,-0.11277824461077705
PARP2,0.08365757103731812,-0.4690798229849384,-0.47636537019649894,-0.1616503533042794,-0.06605597348345742,-0.3481044627208292,-0.00015572498384249384
PARPBP,-5.2085824299315085e-05,-0.5724326495336883,0.220512886174103,-0.06478928086776575,0.2994544599183188,0.32620769188174376,-0.05236119291575812
PATL1,0.23262911918304577,-0.7967040335097131,0.10022463222815411,0.01746171169247859,0.29244846884299514,0.5297540518322884,0.19574349260872737
PAX6,0.5273352167626966,-0.4939142639844138,0.7668615256078579,-0.036673592796324636,-0.4773671180667327,-0.40024991114799385,0.24640080460533273
PAXBP1,0.2167210179584087,-0.6309174320551223,0.20597296637568593,-0.2002110407251342,-0.7435467368614801,-0.011435904974637373,-0.01489794550656591
PBDC1,0.2679771697532812,-0.7353480904860737,0.1313154687004483,-0.4395002387314412,-0.13879189569701325,1.0271611893417394,0.14685164719202726
PBK,0.1389175471548388,-0.6603964208505859,0.4233969999532184,-0.5516665058380901,0.08433658761173583,0.3559624390399287,-0.21444659743430566
PBXIP1,0.49577429453710037,-0.25837187572795206,-0.07786592991540615,-0.21054826317838451,-0.22577534300872815,-0.22586166462540316,0.01836879267610277
PCBD1,0.5225117024020942,-0.5084603970835169,0.04583211851557751,0.6918729046349262,0.10110989749723855,0.18439730199299065,0.02099473047968804
PCCB,0.22601602185743405,-0.5950954908713764,0.0580371109425925,0.18272105020522303,0.4450097109682546,-0.010734173863298137,0.13017065486467033
PCF11,0.2816612901739452,-0.8027013766710509,-0.1140500295681345,0.1495646982903542,0.28493366744677673,-0.29984685050170523,-0.014506792750644659
PCID2,0.1548931367877768,-0.4506246162690938,-0.297109576821711,0.17092447052332396,0.16014670765305575,0.7939524547933726,-0.046576495509943444
PCLAF,0.0849557267992008,-0.4488657730875606,-0.2659334244752789,-0.007659784896695845,0.1046965266583279,-0.5879319842804603,-0.044371941972660346
PCMT1,0.27520454472779055,-0.7037719840626612,-0.36371104514985,-0.16271515145439372,-1.1199347017175245,-0.6215159645537696,-0.31446244255718364
PCMTD1,0.2987913790236233,-0.7749136826770264,0.09446133193118098,0.44407565993857845,-0.05254168824018476,0.2093853030360719,-0.09617855895680263
PCOLCE2,0.2477764045279409,-0.6612777138691481,0.9079719327628102,-0.22497609116591816,-0.20966835744275744,0.03682829285809403,0.22313779474557752
PDCD10,0.3681284538850068,-0.2316483634448633,-0.18607512962605083,-0.3742111468235745,0.1954541363439685,0.9109686197258867,0.0440010024502009
PDCD4,0.5895758201394651,-0.5077377475700775,-0.5880110266858704,0.3708776771452656,0.04914993656494439,-0.5592365547496952,-0.042389655535730826
PDE12,0.13172118198133084,-0.702930257485057,0.4725823232961789,0.07629388059139605,0.31073281179720097,0.34601040807835237,0.09457955037065303
PDE5A,0.18565764178282704,-0.526896070491355,0.04490173975580172,0.322116836244689,-0.006057391225869164,0.10282788289911358,-0.010534068985896665
PDE6C,0.26547003612694126,-0.8975275863429333,0.28920207967916445,0.2660674309543457,0.696800031545504,-0.10533771624801934,0.19988322371696482
PDE6D,0.09881912768612339,-0.3826514627875563,0.3766441864078545,-0.13342315935366864,0.014521049712507223,0.2703873098647874,0.03374761176845019
PDGFA,0.17319917317002462,-0.7581396252915341,0.03391109082166406,0.01966347921601118,-0.3667850955027268,0.23851574708245937,-0.14785283912076944
PDGFRA,-0.0365011354169037,-0.17048140396416314,0.05861768694471023,0.1341712868373971,-0.1634072493284042,0.04273582607949646,-0.11564935022648795
PDHB,0.15479845409858672,-0.7127886796819874,-0.7686637028213184,-0.2219856141684447,-0.028163447322497103,-0.16448385635288407,-0.043974670574648045
PDHX,0.20585936885973893,-0.6965175826241838,-0.31196822846579403,0.025306234128769006,0.10180052934524621,-0.3824526000665754,-0.10001946691364526
PDIA3,0.5177011797779812,-0.7256962326045419,-0.33046802931014485,0.8667193904176875,-0.2137382396888636,-0.20907814875040293,0.04885863588977412
PDIA5,0.218708214579289,-0.7071964905097965,-0.38147215642022014,0.01945747599385757,0.3243096580257281,-0.08767905928116732,0.03757794148610166
PDK3,0.1253960327412266,-0.7028087224731756,0.43723499321646037,-0.04905173864884011,0.30821489166106375,-0.5014447766016207,-0.09757872990720715
PDLIM1,0.1591343603001889,-0.669916629618468,-0.8064255467394903,-0.21688076869431652,-0.11522667078346936,-0.6735320821980553,-0.18788986851500106
PDLIM5,0.22033548516787316,-0.7328407243390246,0.2464792910956472,0.039786662775057345,0.38742846603941233,-0.8812266008973675,0.1508098450092376
PDRG1,0.17874425197208396,-0.5489643760308681,0.09182280080704963,0.019022122239726134,0.24751241213392577,-0.3552807458538733,-0.1596638995305441
PDZD11,0.20101280316989611,-0.6352592994457519,-0.42629147422841923,0.007181653301512708,0.2481888190641776,1.321650137436035,0.33732850990628555
PDZD9,-0.008573126816543887,-0.35774882007581527,-0.36508162894173557,0.0056590255811407725,0.10834502906446035,0.5574153379096942,-0.06819540470531267
PDZK1,0.2270884126393932,-0.7100665502000495,0.5678679167680483,0.5083595786878129,-0.2582946362646179,0.03198117904151032,0.24853976709374004
PECAM1,0.004808615129266125,-0.5197309048860013,0.690556514964196,-0.004091886065155355,0.4454557388940884,0.07767390968709081,-0.18265675630215014
PECR,0.08247907497293452,-0.5787938057496274,-0.25989896290029707,-0.15301096947046952,0.08504712290526713,0.5223688948378695,0.06562724648008128
PELI1,0.27222345548227417,-0.7035775471879282,0.12429446167562444,0.17291087804999636,0.4290013733748701,-0.6029245711001481,0.02970450303244608
PELO,0.28154230516970846,-0.8234434218685636,0.04933714692276209,-0.24495530965860496,0.19239489683879224,0.9849199173701936,0.13436861358706453
PEX1,0.1275509707194935,-0.5825615946775214,0.5254503848247603,0.20908653607147065,0.6397881833558068,0.10831251550615202,0.02156315827028279
PEX3,0.2627393122294574,-0.4646496897782786,0.15588115721633172,-0.1384200505662931,0.47230689564774236,0.9907105738322223,-0.15258785794199778
PEX5L,0.5466955032912099,-0.4668108807939503,0.6952100049687342,-0.034569228841270054,-0.2789649579254844,-0.21602007467049122,0.002733242782646463
PFKL,0.1697775401702272,-0.462437236203759,-0.6542601387958465,0.07103234351590143,-0.16754828925019935,-0.4929247026384512,-0.057796355553439975
PGAM1,0.41974552725056125,-0.2274300882539462,-0.985170494029273,-0.09126237051442437,0.12521476233667003,-0.520494916272362,0.040478380531620214
PGGT1B,0.07833229450950044,-0.7077689014234531,-0.028391127953274746,0.02593642974448212,0.26979631873672927,0.4713680171447244,-0.022224107864248145
PGK1,0.4494357515788768,-0.41102894723602573,-0.8684912033644379,-0.16782868879061055,0.18522855132592875,-0.5127055467583238,0.029219968510297154
PGLS,0.45256811166745464,-0.2538847747362732,-0.6278819021022513,0.15138642569001393,0.5370606136024261,-0.31539012902628544,0.07714124566381467
PGM2,0.1744696732444347,-0.665822740058346,-0.519967115044493,-0.117302415945157,0.12973005813732777,0.845579517677706,-0.15295357723517963
PGM3,0.15185871242692237,-0.8198738220586039,-0.7476776396512325,-0.04540088742108178,0.15242425000936388,-0.7245125412541658,-0.42253602284189634
PGM5,0.30224867395615884,-0.18734932925278228,0.03907711674067524,-0.11948239921078681,0.19381059402950054,-0.6433136601037597,0.05184868177990366
PGRMC1,0.27165582889027146,-1.0100173933052,-0.9298037738739251,-0.07524814997951464,-0.5486505054089448,-0.5993961071165221,-0.09138604592067276
PGRMC2,0.1773387617737545,-0.7602686674036918,-0.006550807545357101,-0.241708413260125,0.1157789815317792,0.7365500249537569,0.0749329606440051
PHACTR2,0.0834722493215718,-0.4217897904523938,-0.7070917528299788,-0.34959149658945954,-0.0970136477733257,0.9901224049657393,-0.0393947762207807
PHACTR4,0.192392860273051,-0.8683893065689458,-0.10761077889340781,-0.4121273891364087,0.12601931127893756,0.37700324786388345,0.00994466850180455
PHAX,0.35131014608502675,-0.8814238335029255,-0.14830809573387443,0.2365791161778757,0.45520570861460047,-0.005556455929929806,0.17033327487568978
PHC1,0.27841374131135443,-0.32051513710861396,0.7959001427011045,-0.5184641650709356,-0.07112760017500754,0.2002375749274545,0.19466839615372739
PHC3,0.2603193913627352,-0.37067443361742336,0.8721746857078945,0.07036169056123719,-0.3461881380748343,0.398765620087898,-0.05260293484983267
PHF1,0.08773032087413475,-0.41826465532235596,0.5846846911414431,0.1497334719739974,0.1681306064771873,0.30967947170886134,-0.028162429253154004
PHF11,0.19709129436574332,-0.7508663958937978,0.20784244440662977,-0.07059795359704246,0.46277847914311115,0.4654389120043009,-0.14304483372485696
PHF12,0.25696903290695294,-0.6756871401257595,0.6845898378186162,-0.2718073521185795,-0.21436298241660595,-0.7021739221689471,0.05741801675370552
PHF13,0.4856662171216385,-0.5952801671759891,0.37086097684711816,-0.04518232259212201,-0.30334263411974327,-0.7039036754544624,0.05039230325289841
PHF14,0.2018976164470924,-0.7402407459311587,0.2786209388408111,0.16293014814986706,-0.2867944800390773,0.1784570004978439,-0.1252416155946675
PHF20,0.2798748194955711,-0.7438573021773355,0.28007740248683816,-0.36808399698815486,0.1164042039721418,-0.4440838962431154,0.10937335214101986
PHF20L1,0.35095608259758926,-0.6304448463692195,0.19842488991110696,0.11369326063820566,-0.4913123190318172,-0.23659678661945754,-0.008093408124053703
PHGDH,-0.029933288142737397,-0.010111599275954126,-0.05875939606228547,-0.03766922834606269,0.0321873573401055,0.07246370495951168,-0.018807495572571154
PHIP,0.14179455145082742,-0.734114800494653,-0.1879942735762976,-0.07475669296225118,0.0009604955139300262,0.49688068890749,-0.15606236557116931
PHKG2,0.07319962061033997,-0.7415730326282008,-0.531746160859259,-0.03794950223163769,-0.19591946926978424,1.0495399484729586,0.04421295514888717
PHOSPHO2,0.1535119020147695,-0.7242073637936433,0.16021066799586473,-0.20013833772948034,0.1624545809429186,0.5940040570327895,0.15398671268189473
PHTF2,0.0930359349534427,-0.763455423872436,0.19758907304022277,-0.19970696901177867,0.1977453146421253,0.5711323527698503,0.14842132196958435
PI4KB,0.522437254700808,-0.3843593209978796,0.49178556837355486,0.0003550163032741579,-0.2581845614603337,0.03270529575746821,0.05272860008119685
PIAS1,0.18689753121636662,-0.8672747294247762,0.2774067096607636,-0.39810449931083064,0.011458024492716757,0.049578113892666836,0.14577652635307065
PIAS4,0.31254321053878015,-0.7162577898367992,0.6010741666069929,0.041521905098802,-0.3458527783439002,-0.6020954986502658,0.07584353001203145
PIGA,0.03331211533796361,-0.546179298314518,0.05834183287233062,-0.09589072401949945,-0.043781022651517135,0.4624018603576665,-0.18436588593667558
PIGC,0.49929562411848877,-0.522177751613739,-0.3863699615753893,-0.12053660604563755,-0.0680228658881127,0.00629137164833679,-0.10837110407001732
PIGP,0.2807115243989149,-0.625199910356397,-0.22185824116149225,0.7062864816634199,-0.15677330997746786,0.2590791445299719,0.19465824487482403
PIGT,0.27145271196198323,-0.7433089150827116,-0.8795653698726653,0.18996354978986932,-0.028146645602473822,-0.31788964746785586,-0.016970687568001463
PIGU,0.2516357608214311,-0.6796167394638882,0.36391523977891715,0.3421227952229554,0.3753485884294213,-0.9255442924173202,0.23859003931655373
PIGX,0.2730732236422777,-0.5151384892670042,-0.018468773453927667,0.6539105826363983,-0.19259869746119745,0.9316782632976922,0.12789324320908058
PIH1D1,0.19132270226698248,-0.6747083399796714,-0.2570514867924458,-0.020423736127837502,0.19768818107822345,1.2787451889057053,0.21298369880008197
PIK3C2A,0.23114195355926742,-0.3993794140401415,0.4165000300433911,0.06304556456674625,0.21603413861511872,-0.5515581095169125,-0.004122785788176056
PIK3C3,0.16963172309212315,-0.6204676665230084,-0.14058496827613512,-0.04120433022876099,0.26307830036562785,0.6646394213364116,-0.12611483402314147
PIK3R1,0.3659954152891828,-0.49652928626621023,-0.037761408750142014,0.22863107133239974,0.5186531835159626,-0.19437726015370588,0.0035317803824842266
PIK3R4,0.1385561108084416,-0.8481690841919748,0.31779630859374924,0.03593550135984374,0.40755321997154664,-0.33787345694162213,0.18844564675752085
PIMREG,0.03428836167097669,-0.6113330080319589,0.22432977957366193,-0.2036309171062197,0.2468694575970931,0.3577076673899969,-0.2852676087721432
PIP4K2A,0.18617138187207297,-0.6902008878982521,-0.0042026242033233385,0.45303171374100015,0.25433805188955605,-0.3488377082865067,-0.08954846251768528
PIP4K2C,-0.010754974360603395,-0.3950732485229581,-0.13098538725503425,-0.03194919983556604,0.07282647453432009,0.3479638699876685,-0.059137161754461987
PIP5K1A,0.06633138723079522,-0.8131210176710436,-0.574281076650635,-0.2505182016416625,-0.03776331474436171,0.72380695546079,0.04336227945031486
PITHD1,0.48235171420245654,-0.47589642188093384,-0.08568934102450157,0.06466268103473106,0.5628263402074892,-0.40085898217789906,-0.06748272732426737
PJA1,0.16564761660876393,-0.6575955105468262,-1.025776052739136,-0.06298141657875421,-0.000213979577707038,-0.5513697067392612,-0.29970188011051896
PKIA,-0.03191022407225898,-0.23653156624354693,-0.0232960332981154,-0.00030617441702774305,0.039486173269506236,0.13644930399320276,0.031735981408104186
PKIG,0.28157080382519506,-0.7680690202138646,0.013184514511161862,0.13891390654031394,-0.7030568228017019,0.4802097289430941,0.023351970748832617
PKM,0.6780004972119862,-0.34371341763082963,-0.7026106839309285,0.09829464880216633,-0.3088054026188409,-0.7108003809586607,0.12328818661740364
PKP2,-0.024096370760095288,-0.049738555113877966,-0.007118823204110977,-0.10850022067955405,-0.07532599743658039,0.07728512467326143,0.46086949845767683
PKP4,0.12222895939585944,-0.5305074356938083,-0.059802469557913865,-0.2641256915864926,-0.08824796795132162,0.6674747756141689,-0.006525234939566151
PLA2G4A,0.35164012943133766,-0.1778407521587147,0.6181495813121797,0.13193108345772578,0.1074639238081366,0.24661904987305472,0.07399134556015989
PLAA,0.1971019918544739,-0.5937312485138471,-0.8549804868883071,-0.151773196056842,-0.04853734677990706,-0.7247885399998789,-0.05659831566729509
PLEK2,0.36259577457778097,-0.6113283384509345,0.4063504397091721,0.024287219342697373,0.2707229856985154,-0.31096972826166935,0.22167158200871864
PLEKHA1,0.24215255231217794,-0.842012333390999,-0.19950068719954542,0.18237138583655638,0.5158470916272683,-0.38202605902686154,-0.2207629237151476
PLEKHA5,-0.06418007346603781,-0.542070219472148,0.16115881605049254,-0.04599629846804703,-0.004312750864463896,0.05114180045831748,-0.06984778412645361
PLEKHB2,0.23735964629947442,-0.8469546174095525,0.1479219290320626,0.2994110559914602,0.6391494265808001,0.2417571173149702,0.03287192743154826
PLEKHG3,0.12472891314988026,-0.4558038090341337,0.24193652767090743,-0.005578969131166513,0.22062355536739722,0.3098879958443667,0.08510977254760953
PLGRKT,0.12318899857085906,-0.4022480558881682,-0.404888946104534,0.07555635883864893,0.11290124002464248,-0.4910691989464902,-0.031130419755213887
PLLP,0.2254984748352185,-0.6518979898032747,0.8675616825452435,-0.12164467094666101,0.16616491833074462,-0.5281591807833502,0.18736001571821903
PLOD1,0.513501895411641,-0.32755344904134787,-0.5779913569987637,-0.20370772377825605,-0.06651718825693324,-0.6175442969008353,0.07224970267427956
PLOD2,0.28803917104254895,-0.7113809953297306,-0.10349545102886959,0.23994250887083193,-0.005629754649500238,-0.47720090773608714,-0.16436390527888153
PLP2,0.2076464985732723,0.05138266882218191,-0.5947667616285287,-0.12307721603706336,-0.006516544934988746,-0.5116520691382304,0.01858873512105849
PLPP5,0.03412928368690217,-0.30817842470562307,-0.8017006682797864,-0.161248168887449,-0.0983204270236823,0.8125439072823017,0.03220460352437469
PLS3,0.5006625953232967,-0.6019512899934508,-0.7655406123014482,-0.06241994116438107,0.19533123580050366,-0.1934595924661788,0.013077426269934855
PMM1,0.20749458713539332,-0.4611575871846251,-0.3470886157082478,-0.08174261848295007,0.3193692105109948,1.2203849648851786,0.0009673314944400354
PMS1,0.21086817652294393,-0.7211646173598526,0.24789780511269716,-0.8577231017585472,-0.24702776363426834,-0.2479997398901352,-0.13382181910251825
PNP,0.4203633790905467,-0.7441023408329601,0.3503301272988777,0.005266815000401194,-0.7191583152244975,-0.24474919974704365,-0.029874312454734563
PNPLA8,0.24836867313997382,-0.7431473075380493,-0.4195133980104857,0.010814100637165949,0.3657785078919866,-0.27691006893245607,-0.0021582858538070266
POC5,0.30767279881089626,-0.5413282887637284,0.7372226193934002,-0.007466318033925555,-0.49125818605378985,-0.5296838847530563,-0.0038381200892252023
PODXL,0.17851353988587193,-0.6752314671962227,0.6631171926521832,-0.0954023075746524,-0.17119810632844282,-0.3178690145185539,0.13729889335178297
POFUT1,0.3155304782534956,-0.7563665566144601,-0.14469429931780495,-0.4175185033001068,-0.17674700046306444,-0.5758574522799125,-0.1015523157323484
POGK,0.26028228202467957,-0.7490631812337013,-0.3245445513496473,-0.055088471822534534,-0.0384109974792623,-0.7802909223289441,-0.3246482947847193
POLD1,0.2986531576905347,-0.2845403812677128,0.17112642211423798,-0.11172043482641257,-0.2569605045416026,0.521902061676799,0.14250581432982778
POLD3,0.4517017035445865,-0.618216466067802,0.44261800265361867,-0.47048017051238666,0.1370721927926421,-0.17379686317770396,0.124603542145041
POLDIP2,0.3151104445971516,-0.8294908053212452,-0.26743325778802135,0.01968398032720163,0.4072932322006903,0.2958059554612233,-0.08722057537152675
POLE3,0.3738793041157022,-0.7336318608619368,0.14520472344894023,0.1701730668255003,-0.6314375785512482,0.5732795897952746,-0.05180403291466312
POLR1B,0.30403449251189923,-0.7140992827212546,-0.4062726065218813,0.19035898618195193,0.2272447204394335,-0.4399806422552054,0.1436844867358237
POLR1C,0.08605463008575508,-0.6756622005235228,-0.8042610278769925,-0.012610349177206229,-0.016190316638913734,-0.4969975039839677,0.07153549937127823
POLR1E,0.288687669065442,-0.7052431876916496,0.15131101603828231,0.018672394496901907,0.2995394530337442,-0.12035194301685387,-0.03896010194009276
POLR2B,0.1581091057743708,-0.86115429475833,-0.6221238875110002,-0.023681311150462805,0.07960252080678101,-0.23864033848949953,-0.1566158843593422
POLR3A,0.1928462400439869,-0.3454755739817418,0.47938787029137236,0.23015150713378602,0.03636449984137934,0.34102159025057077,0.05936172687824796
POLR3F,0.11412417340008249,-0.5579549931606352,-0.9431747113873707,-0.00330353633108886,-0.04062479683320018,-0.5148807453560414,0.06448131379383024
POLR3G,0.17268505881296656,-0.645484820822142,0.8429894856149895,0.05181158601595534,-0.5578447288506182,-0.022219643566535344,-0.38335868406472856
PORCN,-0.04681358045824283,-0.3141009591407539,0.22667878228788707,-0.04101107177534762,0.1138761747408526,0.027445360758038512,0.013399983852155838
POU2F1,0.06360289370268767,-0.6781100440972471,0.6646027275766104,-0.010052217962726836,0.4865578962911581,0.27092635594226133,-0.07000209533187887
PP2D1,-0.06033407576632236,0.0218019182503218,-0.02807244939848244,-0.009456560874318336,0.06966846181377581,0.0095115716262463,-0.030597538909605804
PPAT,0.22437367666093372,-0.7882068879209142,0.15037896101171316,0.1981348513524187,0.2880284742504535,-0.5561382451156585,-0.09825116842834133
PPCDC,0.31499017144359026,-0.3757918520886289,0.2499061270806656,0.35966884925820264,-0.0323663759578458,0.9468062753270203,-0.09302468701828479
PPFIBP1,0.033934863474480326,-0.6652879506794986,0.4224731974567118,-0.03925457804799888,0.2701268312163931,0.30528048088851867,0.24522018379907257
PPHLN1,0.5415360199495902,-0.3532948913416585,0.13454268413269174,-0.15924553791877338,-0.4639291131893363,-0.2770178721155446,-0.14437972091386164
PPID,0.2333602075840301,-0.6001350328187073,-0.9066978728301589,0.4288125834727051,-0.48889857075121745,-0.03692661208210664,-0.11981775106350939
PPIF,0.23887499442510152,-0.6721369639592033,-0.26180303320668713,0.10319093857306331,0.16733325928058523,0.8359233285328705,0.14663672978679684
PPIL2,0.44437427137221974,-0.540074967128415,0.0318968726337713,0.05388261861884391,-0.5602555598449821,-0.3300335671836246,-0.026179514552730737
PPIL3,0.1225847643180316,-0.6379576883189224,-0.5289577496235011,-0.16997859034207627,0.14359054583760059,1.2258668698948092,0.06602219286600161
PPIL4,0.12539281427538143,-0.8857476364016463,0.02501236203524264,-0.08881467872017441,0.34447714255505335,0.07609746641969582,-0.17813228372319712
PPIP5K2,0.29303911818103917,-0.9090818195905164,0.004973510502912174,0.46515928786934313,-0.005517954785868032,0.409951054256331,-0.3065789623521339
PPM1B,0.21181771095630061,-0.7759564777332335,0.019069839130557747,-0.0016340005982772886,0.5064231573543081,-0.03210551162622839,-0.16486813692685798
PPM1D,0.28159662486065556,-0.7417738819923149,0.42101314665120154,-0.3016845219894037,0.15090095069844503,0.03323049482006788,-0.0033503900448990354
PPME1,0.299006133210067,-0.6946443126290507,0.27694477438076226,0.49334637799075454,-0.24024841915354606,-0.46413101044294675,-0.2081546667541975
PPP1CA,-0.03597045698560408,0.01405171923769042,-0.011785187379070453,0.048595484582720436,-0.058163756215963515,0.03615997772697802,-0.05857287889458469
PPP1CB,0.5839789221678556,-0.4233832609487311,-0.3276608636871648,0.090361260480857,0.30703836452180305,-0.36965020617398686,0.29661476704611056
PPP1R15A,0.23092129357477653,-0.7327680016893419,0.060092507688203664,0.24336789027057606,0.2531694920056637,-0.33892684954064284,0.03543842709429987
PPP1R15B,0.26437658781236795,-0.294198557619012,0.11723852209898028,0.07746251223466002,0.26612525710311563,-0.9637572144602811,0.09498262360572145
PPP2CB,0.36486014034553743,-0.4379994091116615,0.356270763903814,-0.6004254778078947,0.10235954094268473,-0.471966232130053,-0.14011668281617978
PPP2R1B,0.45513362652071027,-0.7935112432181376,0.2689316402676634,-0.19833166005473782,-0.5131796488999684,-0.15684446965817717,-0.03225736147323168
PPP2R5A,0.1410919072920383,-0.7706695828244212,0.13052381485642228,-0.4201432183273469,-0.1498316788042846,-0.7167071195516271,0.14478438478860384
PPP4R3A,0.26584850150689254,-0.8591353269764366,-0.25853818554409674,0.14192563977775238,-0.4404183182732775,-0.3227705325487118,-0.23419098970972346
PPP4R3B,0.40354342564326934,-0.3777512909667195,-0.22253748519331198,-0.22895975293407556,0.3983831173521255,0.6126240420114686,-0.08958749516451253
PPP4R4,0.2795370610732581,-0.6003578254050208,0.44138866966466783,-0.47855321941418555,-0.3297682274808325,-0.5114829492151657,-0.014547141357547592
PPP5C,0.24620110861859879,-0.4899978573382967,-0.7228417794982152,0.4422696117467114,-0.04059461704268216,-0.19614573969057753,0.09363497820934466
PPP6C,0.32166952338245114,-0.9535647657052279,-0.027957955237486367,0.31798528362010925,0.5689888132043746,-0.2894308858504803,-0.03562100418122175
PPRC1,0.2566396946368212,-0.9738923267747305,-0.0767286630549679,-0.1818084329367723,0.09407091305457818,-0.6853305818571637,0.20504837540768486
PRCP,0.42233717549717587,-0.4296183163658305,-0.8964970995905369,-0.08534214857213997,0.3199296661465248,-0.6119067033028219,0.03685720806127343
PRDM4,0.35462131163323446,-0.6473191312050635,0.07566774520495838,-0.03224720028001712,-0.3414145517212404,-0.1443035530089197,-0.09850751520425989
PRDM5,0.1401969629836789,-0.6168408983428569,0.4271222179246949,-0.020948508035418225,-0.10704780426029291,-0.014203118350239533,-0.34571289800901334
PRDX3,0.3567981762341842,-0.7605520663687512,-0.3756334470512516,0.6013548043819317,-0.30354244440894995,0.2479528729870142,0.031320369127622434
PRDX6,0.372342424104851,-0.39785708035525685,-0.8165640345202966,-0.08674875868332664,0.06206934894873254,-0.34479682490281705,0.0452706609210597
PREP,0.4655448310476489,-0.4114710759070385,0.38558288916643085,-0.05353637645551027,-0.33774947051009196,0.023488869115870153,0.11834175172697363
PREPL,0.2873989576362348,-0.7691751168756547,0.3095722556818255,-0.3488120949639921,-0.9363468493928783,0.09245284586011657,-0.33009406106036543
PRIM1,0.11937162771379875,-0.6225956713818566,-0.26854693776929334,-0.12671982390407946,0.22729142470149477,0.4796863533712558,-0.10919481708025361
PRIM2,0.49985577630491035,-0.41741177645749833,0.13169204805643736,-0.6448952611565233,0.11132511325005101,-0.5848675896516236,0.07260922039735086
PRKAA1,0.24531730706733845,-0.3010095566681829,0.21092569002107966,-0.20260445877229855,0.29244829592360366,0.46463658023024773,-0.0447201232862303
PRKAB1,0.5200287331282851,-0.33784157497636347,-0.27376219736291246,0.4604989681822893,0.22975820935102764,-0.17817693199625353,0.15768625921055462
PRKAR1A,0.5953416896824141,-0.4603172486565341,-0.3817870233071061,-0.09462653229941578,-0.7229937819000536,-0.583722332475926,-0.1118185277879034
PRKAR2A,0.06998772987251788,-0.5459960734042606,-0.7290842523357303,-0.045368526218260756,-0.21610403888286936,1.1488488457663582,0.3032623713124579
PRKCI,0.16666148102788342,-0.47350062831699236,-0.27873380040113843,0.030198863325951057,0.19373100434660667,-0.33491964522803785,-0.020841937106126206
PRKD3,0.2558432098164646,-0.838646309377823,0.135405687462179,-0.281413538705045,0.31191057324129107,0.25217804477247097,-0.03347656324007084
PRPF3,0.22488648442083092,-0.7474643152807937,0.4233511605959969,-0.16059791780865104,0.149203229618092,-1.0859388855018988,0.09546552811858236
PRPF39,0.14756360514201167,-0.7862136004137414,-0.5173373536413591,0.05108234107885188,0.030120926195835764,-0.5871426808332816,-0.2868687978574421
PRPF4,0.2683869438529143,-0.5812074808065785,0.6022589208672036,-0.2021166327559714,0.36992763713443394,0.15547536116220662,0.10406983187857076
PRPF8,0.2130766843757443,-0.678077164324784,-0.14389446666596692,0.08105322075062163,0.35656897482711686,0.9148124039148058,0.08049947375276817
PRPSAP1,0.44545791864946604,-0.46637145999772683,-0.7567814674719259,-0.0574850088312292,0.4019773642303368,-0.13534533076864758,0.12437014415541621
PRR14L,0.15602892156760675,-0.878583385702424,-0.1772929552845021,0.04083918070144575,0.3486115774998174,-0.203316511145456,0.021459875545796165
PRSS12,0.3780632039813513,-0.3848694251020504,-0.44387668114241124,-0.21960239919902103,0.13242726270870459,-0.8535550467139985,-0.28124221215017764
PRTFDC1,0.038923608665128256,-0.5117797006785936,-0.47445628303828097,-0.2294222810441002,-0.02262384756324658,0.59154965786052,-0.045156483823620246
PRUNE1,0.3096534838769035,-0.7545644465048537,-0.03131199524726662,-0.13730236228073112,-0.4910168255889582,-0.3118162786516131,-0.13439599100006883
PSAP,0.41858259289697763,-0.469901893397352,-0.3808003640129524,0.46884483014717404,-0.05010869989580402,0.021570552633073826,0.15453416185420293
PSAT1,0.07344515480870292,-0.44821252392468675,-0.2625641201202155,-0.03578582338556612,0.20547255524598437,0.7176714868345923,-0.12656246927179246
PSEN1,0.37296036179674036,-0.8052655514543892,-0.09716360643385077,0.264152892681878,0.6035804205554229,-0.6555363565014388,0.26526004986786095
PSMC2,0.3965612036898779,-0.7666465836376881,-0.3324081796839733,0.5170497264387084,0.35021847950595236,-0.4177905597351552,0.14980197111820684
PSMC6,0.3289884130713812,-0.2575621994002779,-0.28483190947323256,-0.9472791492640878,-0.3081901826108008,0.6483398344915189,0.08347490297806005
PSMD12,0.4969006045042698,-0.5432269901645745,-0.21682658791968956,0.4542792380786609,0.21781079920286872,-0.3153758506914283,-0.041808715527899755
PSMD13,0.3752790303367491,-0.6931001555020243,-0.240588433011604,0.2961375982426869,0.6081629025392113,0.2390263656781253,0.31078279558781735
PSMD14,0.3327867739049123,-0.6795575977789078,-0.20461228366717923,-0.05994825103965169,-0.5632576587246624,-0.48354960718821743,0.062392825866833555
PSMD3,0.41097496680417905,-0.6036645409032576,0.13792750606753587,-0.16841327162737108,-0.4878896554443982,0.47172894281013167,0.35254359387959017
PSME4,0.20836517385433187,-0.6768738879222065,0.10937267166736317,0.0551715463630309,0.40008097022716127,-0.8593390208030696,-0.03111090784751712
PSPH,0.30875875577261164,-0.5688675073228923,0.46802402199337484,0.039506814627394096,-0.76933411929028,-0.007881679114628733,-0.2918586519999493
PTBP2,0.22255903311649033,-0.7593018358915893,0.17988686530877485,0.6896174981913338,0.04076838635940273,-0.016415750451655674,0.06326845040225192
PTBP3,0.31309915852847586,-0.8874677129229515,0.039067347741762674,-0.44622596929755937,0.08040432122781122,-0.36971660675598195,-0.04291761201083553
PTCD3,0.16558276853768178,-0.9506776612398129,-0.37910032642709957,-0.032899300019520655,0.28471797574807844,-0.2468260311630994,-0.07375208357066226
PTGES,0.4102134906513851,-0.003878781387416427,-1.386563629240798,0.013386985173014057,-0.5137903339273692,-0.0012013107996674303,0.03519048450592114
PTGES3,0.18638106779051383,-0.7684875388909016,-0.2180254908972399,-0.2513310672789655,0.2083005844057272,0.9630721210613157,0.2160898590756344
PTGIS,0.1962697513379314,-0.6119135300463896,0.6355041932981141,-0.26668166083397793,-0.044440023456838784,-0.006558504502991699,0.1349059378544872
PTGR1,0.06266912601113737,-0.3482647752479354,-0.29776972450342903,-0.08631359619501855,0.07691457915258308,-0.2506922186429253,-0.08176028810422947
PTN,-0.06191640506361786,-0.08744168870375021,0.015786337363387977,-0.002225523428735006,0.08551645313879708,0.06468116144056035,0.03545692334655467
PTP4A1,0.6032375388794012,-0.45312768554389343,-0.3708717140449017,-0.008652011648062344,-0.12193555308266776,-0.6528920741575802,-0.0451732242325776
PTPMT1,0.09323041215844961,-0.4550068984372314,-0.21492716931197528,-0.08511341129854258,0.02632028216587969,0.6575459957914457,0.15854019788093462
PTPN13,0.18076753195631082,-0.8419471041477067,0.011636922392912861,0.1723782194784121,0.31702794648844657,0.04166971258307543,-0.02276752964324242
PTPRJ,0.1328409841478953,-0.579984391164495,-0.07677139325789296,-0.005843547008417417,0.39345413111749883,0.9938081532717505,0.08928423068181192
PTPRK,0.16666969323496653,-0.3921710212899265,-0.4577898700152593,-0.07125929303044341,0.22086021664191632,0.7077000003176753,-0.0877430926491629
PTRH2,-0.06426584909428762,-0.2688214887578242,0.14832607440837148,-0.04128641607900778,0.10059067884017328,0.007766201399295798,-0.1722380571481163
PUM1,0.1892025788377259,-0.7108470085874101,-0.024175555285257725,-0.33710136381907896,-0.37293295875348015,0.5745281916198407,-0.036823787638969166
PUS1,0.0037364959294318555,-0.5736995524198973,0.1791077054173594,0.0003389926145338634,-0.06623734653643265,0.2878782088215668,-0.13502594865482864
PUS3,0.3148480770550919,-0.1629281110660351,-0.43033284994041227,-0.7006858692521803,-0.7840841766751397,0.8497845030931408,-0.06162317063140233
PUS7L,0.051723122798573135,-0.6444535772308965,-0.33287650599911156,-0.2081430374672907,0.10689527597924631,0.7021175944532686,-0.12229983938964957
PUSL1,-0.05015975690808968,0.01687610765931235,-0.023863140025101745,-0.007218068810380898,0.05767850402802939,0.007164232488754518,-0.024689141154981168
PXDN,0.30126874863974745,0.04429648468042736,-1.1249389331837338,-0.05381433516178142,-0.29959425588842603,0.832845266844683,0.07694833064920606
PXK,0.15163050261706185,-0.8156388775332759,-0.31548135223736046,0.041066516978216526,0.27926935401027847,-0.7277183517869709,-0.12040929145678375
QRSL1,0.10797996985254026,-0.7304232850395007,-0.24004005938807868,-0.12103449839246708,0.22774332581514684,0.9537589501332234,-0.11577754433977851
QSER1,0.36222285969677087,-0.3537301382534115,-0.40548551024025364,0.23225464138478027,-0.09146852506221646,-0.26173060329764125,0.0629469330260037
QTRT1,0.10909496261167709,-0.5621260756077424,-0.10952008815449653,-0.02796253621685461,0.2934457598392728,0.8061208143137658,0.0018449665382085467
QTRT2,0.07271923087222079,-0.6428905919770977,0.18177924941900128,-0.2781648163277203,0.006093795499083559,-0.9525846751631483,-0.11508781434777964
RAB10,0.382914233790438,-0.9365592224030507,-0.3191902421790988,0.44343084003805944,0.35799677508713235,-0.1340240254523653,-0.03415315587547937
RAB11FIP4,-0.029256682720148332,-0.31100682627909454,0.22268838649432376,-0.02234875146361061,0.19851012051506495,0.20770550456652365,-0.11159031616432592
RAB13,0.5979678220844536,-0.039405541710970396,-0.5621167590655579,0.4719054145019816,-0.1829754135660184,-0.48505048773046966,0.07555877594215808
RAB22A,0.260445213552396,-0.7009926331857224,0.36433707500507906,0.012426096468084515,-0.1575397935409929,0.13401690272934427,0.04700899248837274
RAB24,-0.01052204334418644,0.004033428820056957,-0.0027512788767144873,-0.0004956049667075702,0.011480016173757494,0.001439493706068362,-0.0026865257226854266
RAB27A,0.22898491319195774,-0.6520860296991283,0.5611317264230912,-0.11717475020211082,0.19065097254226168,-0.3394740423845993,0.20249419529310902
RAB2B,0.23965155568774263,-0.8738131733711186,-0.1508078998504811,0.32380153846204524,0.24433330559710392,-0.5767961592825765,0.15031610992092878
RAB34,0.11703887581825083,-0.578452273497216,-0.5958204934557741,-0.1793776505104878,-0.21332606422069728,0.6201939201430188,-0.09608954038869623
RAB3GAP1,0.1654940984989607,-0.7252287310128153,-0.1239861775333277,-0.03350736599217004,0.23771593706911426,0.4606546554063054,-0.048826692342485725
RAB8B,0.14702118207344017,-0.6741326189798383,0.47979259062219454,0.2785359110107013,0.027435414538207078,0.7604455641608289,0.05762099184604035
RAB9A,0.2721471175297644,-0.5802535774219172,-0.1395090394905362,0.0009095867035610933,0.5539756306528794,0.8549870709279417,0.3228923069464613
RABEP1,0.3970891439974271,-0.802502797282787,0.00041439629203927745,0.3159438584845656,-0.3698902349475749,0.2713764642627307,-0.019751247813486205
RABEPK,0.08868433660780267,-0.2965567803639453,-0.09211452213813212,0.01838613750985254,-0.016884115591457777,0.7197285032030937,0.054155147687614785
RABGAP1,0.4219157723219082,-0.7414074771908977,-0.003415361126210021,0.04306001288789089,-0.1280644589918962,-0.29418347579500753,0.015667780497953667
RABGAP1L,0.136904594962029,-0.8837088501322511,-0.1922815130118917,-0.22875471328426128,0.22388996131215283,1.1520164602511775,-0.34729973371517675
RACGAP1,0.2887590593619895,-0.6681517744573062,0.47212363055583184,0.017294406888674632,-0.5233421400558296,-0.04514958108087863,-0.08859157135283295
RAD1,0.19234478780692707,-0.6700710891335996,-0.24034969815950477,-0.09818198912394896,0.2721244143928249,1.2051757689080638,-0.013530044635791369
RAD17,0.21549164160287412,-0.7080861180736934,-0.028187813177023763,0.15057711012294459,0.5294607650982462,0.5636282829793127,0.029658139142006996
RAD51,0.2084559049765819,-0.6255189654754714,0.34571655873676604,0.14838771041985124,-0.15081227633432767,0.06761638979935582,-0.08951527292738844
RAD51AP1,0.18362476984112933,-0.6774060916784486,0.7371023842435888,-0.8156843111290372,-0.20549291355262136,0.1766995896498822,-0.15533776819170506
RAD54L,0.29847745725579405,-0.4824342709435464,-0.2933516050270329,-0.027527926004839755,0.4160213385556422,-0.30659876895695237,0.016035803121553442
RAE1,0.44127589566550846,-0.5609408654909661,0.3957732927860786,-0.46754471653636237,-0.19324274168093875,0.09391134685298844,0.3413876098933432
RALB,0.17072593466681818,-0.0837835027527911,0.40276058851174046,-0.10439503191333828,0.1252402760723883,-0.4149053421280928,-0.04638264983727199
RALGAPB,0.3848856152549322,-0.48335445254731785,0.24839759726752128,-0.6661365473804053,-0.015793662323288524,0.09945800614590314,0.03531903670631226
RALGPS2,0.40765767076350873,-0.7064753142234521,0.3009505462582827,-0.14231436930352623,-0.4011666135791619,-0.22201777047837046,0.09153493258933978
RANBP17,-0.0028557346759703925,-0.5772461016871899,0.46246014900731375,-0.012808791774073007,0.36466388214152384,0.20232961113494677,-0.023631547123108606
RANBP9,0.15797293862402248,-0.6187049076719046,0.4818426842205264,-0.09991876791587187,0.15621442061916738,0.4900094966293209,0.09025290426802697
RAP1A,0.44041881862536936,-0.3556310885794953,-0.3356460729456736,-0.11296491065442023,0.4697092826993609,-0.38763079669981915,0.09716357517907384
RAP1GDS1,0.3867523837867037,-0.41078726660540726,-0.5694218132787494,-0.02759546465879549,0.08724868860816185,0.46635638692517417,-0.12232681528800894
RAP2C,0.1651493711613641,-0.7130048843611067,-0.07287527594033133,-0.11637936999287771,0.22643988544529414,-0.20141956173968353,-0.260138964252983
RAPGEF2,0.0278980997648657,-0.5802987731500898,0.06723688602130246,0.07932860224066454,0.14783668482173445,0.5427905693405064,-0.09851837505376229
RARRES1,0.8030798942678962,-0.5641512448828542,-0.5522861061716254,0.00662744634797395,-0.7543967288045265,-0.5147044739248479,0.2216085311022166
RARS2,0.2794530949534428,-0.5562286253162698,0.28096722944132546,-0.0907307511893075,0.06558182134793528,-0.45155555041368495,0.0656221490814006
RASA1,0.21860835920349378,-0.8597756394490491,0.17066154910684475,-0.030461822834351792,-0.08141308780627642,-0.1053831082701784,0.02637904717222614
RASSF1,0.3633307576342695,-0.33822010868331404,-0.7930263188322302,-0.0576513209972383,-0.026472224378692365,-0.3281028289718658,-0.020340651438452907
RASSF8,0.33123787587650694,-0.7355998951267758,-0.03558749085673435,-0.009757565695893363,0.5013858991647409,-0.7738070709389053,0.19781417519953626
RBBP5,0.26009899902335387,-0.9372973649863872,0.25733411503836157,0.20896529066473185,0.6430784455962401,0.6328177842694865,-0.020336371459380772
RBBP9,0.08253324883654105,-0.36641650324471003,-0.6211074446383877,-0.15345863308389524,0.0008430396602235518,0.8551010389473582,0.034820271915831355
RBFOX2,0.36629431796691353,-0.4755494620425208,-0.06401888197010623,-0.08279257204226316,0.24837595194655612,-0.28436390603960654,-0.006534663089221319
RBM18,0.15124661276549833,-0.7622261034411808,-0.08244302132798888,0.3321540169852243,-0.3358921322597178,-0.5860257778904886,0.09694892168496962
RBM19,-0.0026910269478088817,-0.2533117058023473,-0.02826848282542037,0.052759346474574434,0.23197586299424974,0.4514343808643032,0.03413015197596731
RBM26,0.2285312027461222,-0.8125196784304592,0.2728834586204878,-0.24435173446242434,0.22809244452169197,-0.8856707009591883,-0.11737245369358087
RBM41,0.07856624734425766,-0.5202951960764446,0.2881595622259527,-0.5703005612079011,-0.29095783449808704,-0.5250877372354076,-0.11076814220032401
RBM47,-0.061372702375926534,-0.34833113275935274,0.25436337639738893,-0.09011188202703654,0.125240500039721,-0.0912837713706346,-0.19453092685084197
RBM48,0.11483308942738754,-0.653060453141141,0.1949264194012575,0.04102741762514924,-0.17531359540973923,0.4989821327423744,-0.13557628660276955
RBM5,0.24041340307389794,-0.7726150413569548,-0.30832729684549126,-0.04002242438205598,-0.29984309434191514,-0.7646020564702657,-0.053264686621942385
RBMS1,0.24013311776444818,-0.8322602542745571,-0.17187378152625146,0.27730588945936235,0.18875736759767098,-0.5983909671011106,0.11214921657451639
RBMX,0.5761468886161184,-0.5215256177725717,-0.3372344095572061,0.3519495221291504,-0.04970820745957136,-0.35596286930289245,0.030047104614188868
RBP2,0.10304211187495582,-0.28710082016967964,0.12003693195951691,0.7008948150639861,-0.11522035717153992,0.18987138445433777,0.08592764639764446
RBPJ,0.4321016223079375,-0.5367161127288663,0.0775563635075185,0.17630210413510616,-0.1831649963840689,-0.4072234118141282,-0.30903030587531943
RBPMS,0.2368805634757541,-0.750166856289475,0.2652669885622122,-0.6928100070240603,-0.08559804275129418,0.7508990953852568,0.018150731136403808
RBPMS2,0.41921823161008154,-0.42741156377632805,0.7690480518290851,0.04194696605928898,-0.24728686762193564,-0.4246596397954751,0.028499998619618952
RCAN1,0.3477356538101634,-0.8307557637759079,-0.22703212882870277,0.3423227687298621,0.617829161751608,-0.05248490797710417,0.2371800138283605
RCBTB1,0.29952953621197986,-0.6800221970196935,0.3728714080139724,-0.5165399714944353,-0.05738068234586909,-1.0415037347095217,0.017731976840182517
RCBTB2,0.39634568206402315,-0.6242658047641833,0.39491380936475334,-0.16656465933760115,0.2161751806452421,-0.33576969811700763,0.2505152453011826
RCC1,0.28805583480021024,-0.02828859252676648,0.05881050261996869,-0.18132851999137334,0.16324676725931123,-1.0023855446758023,-0.05364200070796004
RCE1,0.1579769728998179,-0.6581018005129169,0.30614133853267395,-0.12985686846283573,0.16156279441883606,0.08267356764750487,0.22179937923104237
RCHY1,0.3054596146134132,-0.6362494922676395,-0.05775004818045526,0.0538057186718135,-0.611566313477887,-0.3854238518161417,-0.3941931021442802
RCL1,0.4147127654407138,-0.3999288923791192,-0.1469631016515665,0.06303882749239716,0.5477314048843069,0.008352873079805832,0.11829218464884894
RCN1,0.2534121524543986,-0.318928536263646,-1.0351623661874245,0.1598759624457918,-0.08813376190788179,-0.3757706540871262,0.024129367023892883
RCN2,0.5507770843176647,-0.5138859815716094,-0.23368510690592464,-0.4810374977018894,-0.3616359657395396,-0.6047963604625578,0.30550404011467225
RCN3,0.2989380300251599,-0.7965424908035206,-0.5356978835855131,0.016964986299763837,0.2616330965501802,-0.4688887415227395,0.10306456301317525
RECQL,0.10976771201199344,-0.27794671297086376,-0.3463564298563835,-0.10095343961584444,0.1041817924203292,-0.024268841052148125,-0.021344953500869093
REEP4,0.22741668826058728,-0.7973904800899496,0.3947501749245618,-0.10088713519069302,0.08852500724146435,0.9962291719812095,0.2563900243229229
REEP5,0.21395474172126566,-0.387261686504073,-0.848482471500281,-0.4005543694238486,-0.0318357506123902,0.9077185179927808,0.05242522334156652
RENBP,-0.025392411412705995,-0.14515873034844934,-0.1861729137763486,0.005029222266580676,-0.02693393750055906,-0.1948023273822231,0.0451747447584056
REPS1,0.2323909307331899,-0.6177870423429779,0.550483590778157,-0.5928785509842606,-0.2174166406126819,-0.7548813342408801,0.02641401337132785
REPS2,0.05925640696744638,-0.49099738520808767,0.8265857120437792,0.1331701599734987,0.33971033298037506,0.24613090916984112,-0.4146905669456613
REV1,0.4127924873484895,-0.6015511318494012,0.2960642170883988,-0.009490687073385495,-0.7627861468056287,-0.15387866231788985,0.07056492321234378
RFC5,0.10422459020440737,-0.6073234300777947,-0.4477936358210963,-0.005953219888014544,0.12484710257961637,-0.537089073794008,-0.14900534740085405
RFESD,0.3989130357750357,-0.3746852319380113,-0.11570127946991975,0.2624446649037347,-0.1164162264842752,0.4463277394641554,0.0780907030778396
RFWD3,0.04634727592200794,-0.5534235333828665,0.413572981471538,-0.02168060931805882,0.35879686724848037,0.3650249715988391,-0.009121520427580028
RGL1,0.37420914466548594,-0.5956029393220137,0.5717317816845418,0.08497445529682159,-0.5569324785929518,-0.75986755811365,0.03572507046434708
RHBDD1,0.29621615566957865,-0.4520557070834364,0.4705742908118184,0.12315867331921158,0.39641940968612094,0.09420357075446142,0.03627061150789744
RHEBL1,0.22582208109043084,-0.7355271582915827,0.6013351384927133,0.7448120618418372,-0.05474253892477375,0.13937674715710804,-0.013739317017639658
RHNO1,0.22550261581417805,-0.7854150393725748,0.19104557416292528,-0.7626792949303678,-0.35062903784639093,0.35648895758122,0.1313449716183055
RHOA,0.5124704086221554,-0.4533802622329563,-0.42205946419660806,0.021932201344821087,0.03708694353701162,-0.37354422382839736,0.11885353595162218
RHOD,0.2804473343269894,0.1454102420067542,-0.041115583394021424,0.1967633024984843,0.0741470329857527,0.586902408764448,-0.13501871268266846
RHOF,0.20132273840676146,-0.5780003667732567,0.4482583206080223,-0.25801328576715377,0.20392180889894088,0.3927148917918836,0.07327046950466529
RHOT1,0.23826933841121417,-0.7858733975344755,-0.07975732898040548,0.12361472440623426,0.2851230564506796,-0.29738564185152166,-0.07504083464425367
RHOV,0.016405222843180155,-0.550375788423,0.3111130541653075,0.04026417757085427,0.04428712393925938,0.16287588349548832,0.007054268311767498
RHPN2,0.08867198250398835,-0.49112789910901444,0.0685497730922007,-0.4760603758409514,-0.8531301854515204,0.4046355075006072,-0.0846912021080328
RIBC1,-0.07460553522837132,-0.4836593104535852,0.08362475756131352,-0.09425258628538238,0.10767596056592028,0.11724843798821756,-0.145113694360501
RIF1,0.2922333563786324,-0.32851082277114985,0.28048541993075365,-0.24926765741832624,0.3420431235699203,0.4663238727626114,-0.019067106577360687
RIMKLB,0.09234746641930572,-0.49743969852051045,-0.5602428093024677,-0.2214017715117653,0.01795686873178545,0.7433509178052602,-0.024854688711148973
RINT1,0.20536313917503932,-0.8495918877411044,-0.022064699845014923,-0.10411879101477632,0.14162104892220634,0.33271319271903577,0.0477080180253051
RIPOR1,0.5597879168780328,-0.4465700964293412,0.3047734053094799,-0.023745631073797333,-0.05947687060251932,0.05023614307159334,0.3885171415080149
RLF,0.31586153538320955,-0.3389926091397331,-0.06056655391021675,-0.2762942117802712,0.24967516379016946,0.18195253923047863,-0.017299774323373405
RMND5B,0.07353151648516934,-0.5643298365031865,-0.38531116107991087,-0.1521732060363583,0.1585456382222916,0.8681318709201528,-0.1780514855448526
RNF111,0.47721991821088006,-0.4484158396126511,0.231494982621304,-0.022912417540667564,0.06795378144505643,-0.46293939814637186,-0.015089330258578393
RNF138,0.22772601936612696,-0.7877967775247476,-0.4727571061005201,-0.005566065020450587,0.255828090863935,-0.37978465897146624,0.03835350121541637
RNF139,0.4207064663329383,-0.7860324108489138,0.28884088442367095,0.22709966293476874,-0.7234779034071214,-0.05605446633151966,0.013754523704340015
RNF146,0.012651658082714791,-0.5797020575110339,0.008281247540209048,-0.10701141869193816,0.08933714937015418,0.3069056908221034,-0.1023958334875388
RNF167,0.2513583053683096,-0.7103542374650633,-0.28281224225746787,0.5261923619229565,-0.48324561814192796,0.2720314636005408,0.18054314758061732
RNF17,0.23613799973656263,-0.7691290286389202,0.1616963143196517,0.34568993205861676,0.5259761863060693,0.2743907683801939,-0.03535152346846047
RNF181,0.09526429300878868,-0.15411074376924838,-0.32236915835886604,-0.03346839642301458,-0.025556267549826234,0.6635504488704536,-0.09247445188559027
RNF19A,0.2405575484875841,-1.0499456015568267,-0.5253657990904198,0.018700377807354913,-0.09615990811962917,-0.5415430967681126,-0.018720878414883402
RNF2,0.39844339722019456,-0.6052342758827863,0.05045003476538541,-0.3783256988568467,-0.7275513635932782,0.4638669161911024,0.19902738466277378
RNF20,0.42559379528034336,-0.547889804185629,0.6306466220285603,0.047072326472483765,-0.44028502961343907,-0.46205485157836007,-0.018097823529333694
RNF26,0.20847010398775723,-0.8107876833074057,-0.031604094098553,0.49448212837414807,-0.21091881429682693,0.5350449864605024,-0.0018599596366191968
RNF38,0.45334236853836485,-0.7310028174227698,0.11847556242675851,0.23254024102749193,0.009092792140902122,-0.3791712616222716,0.030634418049249
RNF8,0.3790731727062588,-0.6695408147774514,-0.15227083683451434,-0.06853261713125466,-0.7465083869116128,-0.3145638886723858,-0.07818441921647246
RORB,0.32489458515743597,-0.589844451029207,0.8156844781265471,-0.0010939050912920122,-0.6407492065629721,0.17406180440644195,0.04892035411713505
RPA1,0.35999118210032266,-0.3942668985048311,-0.27672416099240926,-0.18185074844578586,0.3933379104933501,0.7766832059156125,0.1964769043562975
RPA2,0.21844942589214603,-0.634041118975,0.5650757284798649,0.13651856505102805,-0.38971894991894,0.9704610255163134,-0.08526808403420554
RPAP2,0.13432746260387474,-0.6379630168844684,-0.3234269484102037,-0.09616578655175297,-0.11551074710288085,0.47704712081574857,0.014720270192379087
RPGR,0.09739690705284847,-0.4564388003353915,0.5418391231449469,-0.05808668080425209,0.2997309218416777,-0.12146618505554542,-0.14445132666561283
RPIA,0.6240919651372601,-0.5516786437968689,-0.22009834168744197,0.1810413172968874,-0.29955368826643797,-0.7066799072541665,0.008383534820908952
RPN1,0.37672330276716853,-0.8299267692083848,-0.5416522030834672,0.5364958731847023,0.1013236336777425,-0.23515746558138426,0.11661616673301511
RPN2,0.5107067635449519,-0.5014623365798553,-0.45749910218049145,0.3474276295228474,0.1533325814019408,-0.23292429386373797,0.36743455734944186
RPP25L,0.22554323180342656,-0.7155557813134744,0.09983928734865437,0.12484915171041285,0.34252160378147833,-0.47218358845447833,0.06992314986020741
RPP30,0.10311011145690592,-0.6845956896439012,-0.4223163229113873,-0.23851606758902916,0.12274942629320294,0.8525210754376368,-0.21143211693092903
RPP38,-0.01707541898735135,-0.21524789646584855,-0.3101462432696615,0.08742757303791497,-0.1371590484697498,0.4442630828239828,-0.042478781326380104
RPP40,0.24582937380470132,-0.5729689002881923,0.05187370944246057,0.22732864998191876,0.1802754523366819,0.03586783182231891,0.02492760681927611
RPRD1A,0.2668769969701899,-0.49399963326995805,-0.5500199378554975,-0.37101122951468446,0.16019633377045533,0.949716396859599,0.023777709518446134
RPRD1B,0.14597877480557508,-0.9054547249766229,-0.4307038332511979,-0.20705453000369722,0.05686635597922706,0.9068003312780601,-0.052072404372806066
RPS6KB1,0.10486785383743964,-0.6757972711756374,-0.7486939438706917,-0.1213474801780523,0.03012102334672367,0.4560957584242012,0.03034815902737239
RPS6KC1,0.09980932619770568,-0.8426192570469568,-0.3704003214910909,-0.08554457493596554,0.17900217378841551,0.5141069347923787,-0.0019671064074561497
RPUSD3,0.17719657343147613,-0.2616014298212231,-0.025426760996369514,-0.17238794939377008,0.22531486031982992,0.6959041820443381,-0.08676049051201666
RRAGD,0.3940507534528448,-0.2910830795870641,-0.36143447114172583,-0.16440770374645086,0.398527577147283,0.2987598953299141,0.003275926953377272
RRP12,0.16497677147529538,-0.6506148653588651,-0.03376393291152181,0.03288108560097339,0.18385564534235094,0.7898856630511167,-0.048148831279304485
RSF1,0.07931996665224708,-0.7102453064570953,-0.05074198645908896,-0.06510905728345788,0.14841147098637558,-0.7244191702328635,0.011436435320895316
RSPO3,-0.026173665000070744,-0.08402559413244988,0.03966284761779946,-0.0007292867300949257,0.053546677616301164,0.05293053602662944,0.08352646907912126
RSPRY1,0.0726425782956389,-0.5272454195352249,-0.06610843068156441,-0.48721337947850374,-0.11278562390871995,0.4256346612802352,-0.10984586793884972
RTCA,0.4736744546171256,-0.2145089395530479,-0.06165074471596429,-0.14683140501997502,-0.3608949061366501,0.5876468524154933,0.06485456020068668
RTCB,0.2600706043563307,-0.815393735806046,-0.4117620865680405,0.17948863625873246,0.3027154360086013,0.08299827398561836,-0.0343278569951617
RTN4IP1,0.1676738813097814,-0.6657571425288359,0.018376533313526896,-0.08303742072604108,0.47035140490360444,0.7871762131819068,-0.23337351272465015
RUNX1T1,0.3794394811643866,-0.6865125855989446,0.47562588738766143,0.00023807979650920382,-0.6041360333257857,-0.2246046562536813,0.04384053436278917
RUVBL2,0.2919780394362621,-0.668902251653341,-0.3475752743352853,0.2012869293153048,0.07268790078918233,-0.3145541795721266,0.22051612631751816
RYK,0.3952247462405398,-0.36740438665145875,-0.6380245108775586,-0.21379673137727082,-0.04756256586362802,-0.7859316662116232,-0.06284747948831935
S100A10,0.15772831912880014,-0.2176686200609979,-0.7347947005595569,-0.18662152024544829,-0.46880569827932794,-0.5402153999760205,-0.0793519501208455
S100A14,0.02468072758769585,-0.18745344692092597,0.00795972255696389,0.05600712781632675,0.0847944675736326,0.36596506894576747,0.006229151791408517
S100PBP,0.3234517016739612,-0.7420538959473497,0.6147919836180957,0.15024110397817123,-0.5856631071433877,-0.3089850498040782,0.03496600401092383
SAE1,0.34824708270021604,-0.760872979298793,-0.25017781650207965,-0.20231661958299527,0.21604344008245152,-0.3394931279026982,0.18560229644665996
SALL2,0.08817839535109732,-0.6683782110637086,0.6939442991335324,-0.4763818589290928,0.09639837570393607,-0.51486478433781,-0.19338464615289883
SAP130,0.41189609669721694,-0.7372253339133331,0.40038503664075664,-0.4033860797772574,-0.056024091940708114,-0.16110377476680995,0.16374554980800976
SAR1B,0.22809793855833077,-0.911496545269739,-0.5743302877172274,-0.040115774913032635,0.1725639578733373,-0.4998533325519879,-0.3566389164092631
SAT1,0.5157660102394511,-0.45912531150244135,-0.21571892125384026,0.08553353428944979,-0.3787073677646334,-0.2975789804675306,-0.03124602842374057
SAT2,0.2254577649050519,-0.6690712830908903,-0.29011383002904534,-0.1662707434888029,0.17464023384397068,1.1756969877637795,-0.09593279543020446
SBDS,0.6053804313462717,-0.3706211325873943,-0.0450427512106886,-0.11459724892262982,-0.36892038639416364,-0.4606786143604175,0.07341523009271277
SBNO1,0.2852413608658121,-0.807062341221999,0.02630882131629735,-0.21364548734148361,-0.1403451139945886,-0.767361817342736,-0.14936890847731102
SC5D,0.13502826535923082,-0.5077614680897994,-0.18314745642477911,-0.154820865102592,0.09749833760832825,0.7216646140506241,-0.013303583940344229
SCAF8,0.29040945892553643,-0.3207144020836154,0.6173321567400296,-0.423856178356961,-0.052359257193751896,-0.11819831472092059,-0.019284227647284966
SCAMP2,0.24396883751790138,-0.9055383200013915,-0.5203609700755145,0.07368453849970151,0.28883093369613816,-0.49913780055348766,0.10150673967151541
SCAMP3,0.343540841175171,-0.8202485112000123,-0.015949996388878188,-0.028021564627450656,-0.06550904852631902,0.18259320088433678,0.14339582187641364
SCAMP4,0.268983590486498,-0.24093157479751245,0.22967618023821149,-0.23631038143680314,-0.054547134213618724,0.5727378037550067,0.1855917067154543
SCAP,0.20987718423756246,-0.6802197805356051,0.16310538065238464,0.1742781849581076,-0.5276423203729563,-0.2982918394088488,0.047326393187566256
SCAPER,0.24190268934263173,-0.6158757142600666,0.3061604706997013,-0.426152934512226,0.08792778315789257,-0.7067952968092985,-0.044260970933708295
SCARB2,0.38328028485830035,-0.6076859730899811,-0.7778930347057091,0.04990251754973678,-0.47867566496683395,-0.4025906228369123,-0.09930221434868927
SCD,0.24308243123899714,-0.3433268326089522,-0.4127670442129008,-0.05817146427329164,-0.023650443613364627,-0.6144594939197237,-0.08826448699219917
SCFD1,0.4128049406013632,-0.31532271076407553,-0.0014952369117414127,-0.8141091939890515,-0.14968291096928787,0.37879242757428366,-0.13262834219907846
SCG5,0.39606593536178464,-0.3917856558543883,-0.772456204510155,0.2035043732139919,-0.17637335734829448,-0.3170100202228872,0.10599866012117103
SCIN,0.23784681588950332,-0.5200540675379992,0.787045475883582,0.3769175130318307,-0.21084766738488786,-0.03122524063748104,-0.056528344226521796
SCLT1,0.30528944519774687,-0.5198323175619199,0.6738090957264601,-0.29454459613758555,0.12051778820195452,-0.3848298803705363,0.16971000760865004
SCML2,0.1572619809611617,-0.7037440499853063,0.5676948029718057,0.05108904293023219,0.4774675760617665,-0.4134940670815331,-0.040181494785318204
SCPEP1,-0.010515645604457948,-0.21863767402494247,-0.4766168811941424,0.03662363717435236,-0.06817594318694492,0.4880051205665061,0.0061173579239668895
SCTR,-0.06801414848872324,-0.18713942485246432,0.18389387022800352,-0.08932420088189784,0.10070648538922113,-0.14006009838664743,-0.15714671632077143
SCYL2,0.3196495919880517,-0.7507351399032017,-0.20163724270393174,0.17817720291928688,0.19778969105741173,0.3719258917231578,0.026570037265182533
SCYL3,0.13233122488847526,-0.5275411754330669,0.863815461423387,-0.5266056469216356,-0.09047755758747075,0.1586997831175224,0.04147343723470884
SDC2,0.37380600586033097,-0.6746778134940135,-0.5112435233599233,0.46901298271393693,-0.2737534269316645,-0.27685680372950144,0.04751480992379956
SDCBP,0.3529984261791674,-0.7940704864551016,-0.3822754191395304,0.736150891127323,-0.029896748196359627,0.0764162069321969,0.06654752898910771
SDCBP2,0.1289784473053256,-0.5779690814244478,0.8378435711200969,-0.3457123587451001,0.16942588634024017,0.21588723346798325,0.14528406527308668
SDE2,0.4304090280438449,-0.6044787497459467,-0.06963736022321582,0.3695439025982528,-0.3700957863007096,-0.3091746073363568,-0.0978114912355795
SDF4,0.3954706599882394,-0.5278014659808382,-0.8708298020013892,-0.08681157429658166,0.23925437865700028,-0.6349156254048001,-0.06857868190724953
SDHD,0.3584117304438373,-0.5708594244297333,-0.10896069532252409,0.12178966928238642,-0.6973312545336502,-0.15394392306389465,0.1009450764780797
SEC22A,0.27240771594222674,-0.6816465219557174,-0.29391689508290886,0.36521492394668054,-0.21154242227343406,-0.2532765456003219,-0.17856011362941865
SEC22B,0.49172241978319203,-0.44041140231657694,-0.3805956282545109,0.030225763793678504,0.5912164963356399,-0.21800817017363053,0.011594914535605122
SEC23B,0.30271473207375366,-0.6916792739439566,0.08646286613342506,0.11333569942366159,0.4967054616501001,0.7581562030742677,0.3724042213343488
SEC23IP,0.12853611337832258,-0.7517857274955391,-0.12393434954673128,-0.15024332196168833,0.10376845315336361,0.9023154009208433,-0.3217794260788683
SEC24A,0.3080236928020147,-0.6628314598536529,-0.42848005675692635,-0.4213670023776781,-0.1329234350368735,-0.7852940796200162,0.12576162408568986
SEC24B,0.1481783034173624,-0.9046338091491635,-0.2715486297279439,-0.00204676035716179,0.2596454165868363,-0.4815428681645861,0.16242373150653924
SEC24C,0.0515577541191574,-0.625749288851809,-0.18192724194057083,0.025435687658324248,-0.1027671786400785,-0.7120980541511364,-0.2024289672751525
SEC24D,0.3319998399092323,-0.7437508419298652,-0.18289679866920192,-0.5765837661422392,-0.15117321876473716,-0.4909366215887836,-0.01617863100078163
SEC31A,0.476411744213036,-0.36326699817038977,-0.2018637955978735,-0.5246307905170822,-0.17158376238963527,0.4092403372764887,0.09195562863262433
SEC61A1,0.3728890755167456,-0.8779289962190319,-0.1310876291217502,0.1506900424791831,-0.8413091627589473,-0.2133294588331258,0.028828944466412782
SEC61A2,0.38049240139030455,-0.6646787799262895,-0.006841035401603026,-0.26448595066844555,-0.485060452751858,-0.4434848108023266,0.10169102209590201
SECISBP2,0.3368264401653048,-0.4817375783470376,0.3790869473414031,-0.5586027303086899,0.19303070289105623,0.23578003276055895,0.03178359291318791
SECISBP2L,0.24844326083216348,-0.8603031920186118,0.26802042953460053,0.031805593851427824,0.20300043003724572,-0.3400556520161268,-0.05905288218814984
SELENOS,0.27917903200554317,-0.9545583320474735,-0.18132795631906856,0.4918796987977949,-0.3434404606058457,-0.3565743532716145,-0.5050581771824945
SENP2,0.17098094642949485,-0.7278798585648459,0.0025197124390571707,0.2737001230593647,-0.5597643693549899,0.8751980016613388,-0.07782839392724772
SENP5,0.34769855352092005,-0.6877279622807575,-0.19714042104440624,-0.18133892314593308,0.3467331442289362,-0.2095850016581806,0.14116014220985804
SENP6,0.17955689761751153,-0.8405814011352586,0.11476332807693676,0.5072684183063707,-0.1383540467459051,0.06575108233784364,-0.10304594526398636
SERINC1,0.4310218445201752,-0.3564361874123068,-0.22050713398482988,-0.015234834211079056,0.6107815100775356,0.9458284157563844,0.2623184664104136
SERINC5,0.1836966193911427,-0.8806762073869119,-0.7872440147229852,-0.1666112224409084,0.0885535239591082,-0.18368971354226435,-0.15146101265880094
SERPINE2,0.6666242050798467,-0.4565721638170207,-0.7976289411828358,0.017602635726731868,-0.5256210209057494,-0.6386742558231294,-0.14952525904955724
SERPING1,0.14164487325023656,-0.5866207361280251,-0.8336888457609621,0.1376466471232395,-0.05721821362904858,-0.5503864409134234,0.40253807675042885
SERTAD1,0.47963070499932337,-0.423183648537065,-0.5177805870878601,-0.03564074197127667,0.3728576251062322,-0.5352244992187346,0.03489786918056477
SERTAD3,0.27719874195361727,-0.9513288675845699,0.18518154829856406,0.053533394652707234,0.5249938538998806,-0.1641361366050777,0.010579899107021024
SESN1,0.2798538337381811,-0.7948916150217086,0.0065661206604463035,-0.5232362794325889,0.18160713047105886,1.1039419572211773,-0.010697252690748404
SESN2,0.12159670372710031,-0.6310824128207623,0.3348418652606469,-0.048312646726810037,0.11172321280672919,0.6469634605872471,-0.002959653337477002
SESTD1,0.21303891302286904,-0.42262057883708853,0.4368188791502122,-0.21118777807714686,-0.24959235864389115,-0.16960679665386322,-0.27224015294083154
SETD2,0.13538809736457824,-0.7802552042142971,0.04631965601087546,-0.029362782493957396,0.10025086135536579,0.7875737547313819,-0.07918448959611286
SETX,0.2923009891957843,-0.6516770415832028,0.6065036256437176,-0.4461211250599642,-0.035317816334776875,0.03135631583769549,0.23444686994712222
SF3A3,0.3882553720563154,-0.8039988833938898,-0.12769665248700604,-0.0015890472829571227,-0.028779453357899477,-0.2701010998582686,0.20733920521857524
SFR1,0.3445802357563069,-0.3189667331358548,0.0999985019049901,0.5139840362186068,-0.12714726510285845,0.4317103976640989,-0.17006388313057186
SFRP1,-0.04307896431371755,-0.1340952512576796,0.11434480461960068,-0.04673835439462111,0.07312015220988877,-0.047130005104804744,-0.11969478978276972
SFSWAP,0.271240435766433,-0.7634607298155697,0.5228030711740843,-0.21273141561478368,-0.5140837965186255,0.11472227594982129,0.022311548154995937
SFT2D1,0.26970200453900883,-0.8153716869372408,-0.42399665785203805,0.1286539099704695,0.4516132620532087,-0.24950384117267088,-0.1843539741435011
SFXN1,0.12659900035413976,-0.3258392870413365,-0.6167311746246744,-0.07227856681546876,0.1269585308799353,0.38874847624910286,-0.07345595320167497
SGK1,0.056817057860340324,-0.620964085663053,-0.21570581263065053,-0.12125121972240172,0.007468076349022021,0.37470570560102456,0.08438381985336102
SGO1,0.23230772042343087,-0.5740713703281993,0.6681656228079658,0.1272671100653561,-0.2508368200859182,-0.053557776848253906,-0.25725940916877066
SGO2,0.29452156042040845,-0.4516011848622272,0.215778931173839,-0.032055652936125965,0.3803441128971831,-0.025511025766663784,-0.019286635980221185
SGPL1,0.28709083539890556,-0.8923902323613934,-0.40478324979812674,0.04919156414674865,0.45064649175085847,-0.3297157219773381,0.11786768718467888
SGPP2,0.008941220392298482,-0.4250613436219056,0.5819984344235035,0.2046383589461565,-0.05620798933523045,0.2737783843568551,-0.0296734695497421
SGTA,0.3277886188980119,-0.7655284169465335,0.06804167240303757,0.2354467817934681,-0.4417569079383513,0.8543702410620689,-0.032173659969376794
SH3BGRL,0.30749125658444604,-0.7345807671141531,-0.3617611198595288,-0.0028861900684203495,0.4421116864108897,-0.7322808581688718,0.015947703938972116
SH3BP5,0.45751763851825494,-0.5913479033627022,0.2307889480135078,0.03611631906819086,-0.433040808869207,-0.6500481426051482,0.2013276148833748
SH3GL2,0.37847312553838763,-0.41343980943667574,-0.20983991841102623,-0.128624641997412,0.38032880755331244,0.6129828479274783,-0.02481567851910793
SH3GLB1,0.30673383358946243,-0.8323689574811755,-0.003037394024571332,0.4974180965636889,-0.5839725108878733,-0.3903727635519024,-0.15441685936497765
SH3PXD2A,0.5238628509593515,-0.24073514729974432,0.9302721427190167,0.05496167244003461,-0.24823889759746964,-0.6040369928342001,0.16828792981049598
SHC1,0.40638700775218217,-0.7056769133972581,0.14850839688373507,0.1755061666810304,-0.38037647335868796,-0.1846378638286344,0.03709324668493403
SHCBP1,0.2761514226887711,-0.371885869220942,0.5620641353945416,0.07851001074963479,0.5468197616113594,-0.2688341174338696,-0.08533474956338645
SHISA5,0.33830142129543433,-0.8948597884596893,-0.40943707643292404,0.6929152033123585,-0.0363123812449913,0.09596694015571558,0.13040904110607746
SHOC2,0.20170755728196865,-0.7635442776251078,-0.33013121021564684,-0.2410283943643716,0.12436037949682928,0.3324231035112931,0.1259872131631626
SHQ1,-0.008523690473691864,-0.5545213737503053,0.7239058759422884,0.10587236366395626,0.45588268023175377,0.037456025280399645,0.06547486300075732
SHTN1,0.24562829838718947,-0.576061847891454,0.2287720037753476,-0.05004394812731468,-0.067331807912877,0.012281155131777199,-0.0022184502996037323
SIDT2,0.04458693987583218,-0.6782545025368065,0.2227065257010299,0.009562352134065338,0.260594565423654,-0.056081002245223756,0.04813620087728703
SIN3A,0.585902180786104,-0.5480143751495853,0.684207960889658,-0.05703850106201324,-0.3963818670219926,-0.24117168805346537,0.25371382420613503
SIPA1L1,0.3156034524175968,-0.502357597788089,0.7453113879338051,0.0072495786483925085,0.20847334175654197,-0.6347587846388868,0.0558917399135729
SIRT1,0.20932712425279018,-0.7148811405571641,0.43414001484014075,-0.009957132334115703,0.37036774136990974,0.26784696950518966,-0.038637803013519705
SKIL,0.2550708813311573,-0.6770661377135251,-0.7686016651589922,-0.06455246550203629,0.09538695778030352,-0.5608110905939138,-0.03220138139582565
SKP2,0.23809838178069356,-0.571830763829044,0.3488024883630214,-0.054768859789888116,0.2818230132437264,-0.46828234925402884,-0.03146452068791559
SLAIN2,0.3528854697006236,-0.6558306054921417,0.4583906707176764,-0.1024782240095805,-0.41172087479105407,-0.37907774632295216,0.061649272129965085
SLC10A3,0.09158930528003041,-0.3754553328518524,0.16390101183764147,0.14971410834414184,0.06880086745686632,0.36993082735377547,0.010357975997514271
SLC10A7,0.4603825777067405,-0.4750846936456656,0.04107769276301183,0.4545230261444228,0.2840028015489668,-0.07123903731001585,-0.1432319965016672
SLC12A2,2.2658157242483613e-05,-0.4643046912712671,0.28733412824242177,0.06479033514299806,-0.0728535424555637,0.3035997096333925,0.05536170620050022
SLC12A6,-0.007454910543759932,-0.6259410997323096,0.3446202104723147,-0.06420944459082553,0.16989714795822924,0.1941208717580271,-0.2595739117449399
SLC13A4,0.11035016586932717,0.056289345693320364,0.1045671177460699,-0.06483741769926046,0.15049994291611873,0.1587700657312969,-0.1126217174474332
SLC15A1,0.11492114467243311,-0.5659234347349366,0.5159303439437907,0.1717893660116059,0.2860931365018324,0.12513331464060432,-0.031928884395347065
SLC19A2,0.16579348998504384,-0.5338479377869876,0.038250441871213736,-0.027330774712780184,0.2305737315629599,0.5550086650286837,0.00717425730988695
SLC1A1,5.147297871863787e-05,-0.34962121843206195,0.21315686932348232,-0.017226896901016742,0.1744676497320361,0.23462471283756914,-0.029494683203539106
SLC1A3,0.011528034950364398,-0.04636217189636369,-0.2960024546326412,-0.23440860989041293,-0.08922292376615273,0.28348141798314935,-0.02741252365195433
SLC1A5,0.48068676874458655,-0.38582512836548377,0.8712034084452607,0.10235526432538829,-0.4258790365476059,-0.3173275353059102,0.12109469836494142
SLC23A2,0.16304642484289644,-0.7354777013113022,0.023888678997530173,0.3799344074692538,0.046856557256246906,-0.835440646156036,-0.014581958312179278
SLC25A1,0.251172627914765,-0.4622257763453259,-0.8552620520542922,-0.3423542970818944,0.03247289456158557,1.3401026749259366,0.08129366783700724
SLC25A17,0.4527561382993119,-0.47442936853168033,-0.08109656508556243,0.35680337831090864,-0.0037297946894420857,0.5272994366095946,0.04566848927538108
SLC25A19,-0.034964734511741216,-0.4687085129509934,0.5247551019832978,0.020529043073888687,0.36661715823380503,0.05833749541474395,-0.070968009745016
SLC25A20,0.05936357603225633,-0.40362791022104305,-0.01056573658783279,-0.31235611658791257,-0.11880247837578156,0.34246693248717197,0.015290390854656805
SLC25A24,0.45646968976888974,-0.4513701707607686,-0.6156077255904923,-0.06375086581035357,0.324964901810416,-0.6628821608302395,0.09649527006683847
SLC25A26,0.2922824769495235,-0.7900369860085332,-0.022217146062630415,0.4970885450005985,-0.575635144937345,-0.1797736201967138,-0.10888922691715713
SLC25A3,0.6019763967305208,-0.48145582595075265,-0.7704926375249823,0.5166115727319536,-0.18293553671790067,-0.4595180854361341,0.03631296629187503
SLC25A32,0.34665265052624683,-0.5995294414881045,0.28723986969621645,-0.2644226000046646,-0.04335369860281101,-0.029986137246873042,0.061003333868249666
SLC25A35,0.01971145176807658,-0.4285280723004445,0.2816800394078728,0.04677760198343938,0.2514956587029179,-0.4164526770396115,-0.12687999384680787
SLC25A4,0.2218929193414065,-0.785412626407151,-0.23192712622976322,-0.0495827492212699,0.15323789866010237,0.4756130298897139,-0.1542667079231513
SLC25A46,0.06605330306986952,-0.7250460898099562,-0.22470994002525554,-0.08143879602448705,0.14494431761187196,0.5882900856063489,-0.14876303382973285
SLC26A6,0.12111298990851364,-0.6052215506695043,0.41626869956505325,-0.05949757230607022,0.4516184170244664,0.6367266110915294,-0.0734920053850971
SLC27A4,0.17019247535469062,-0.5462627221609871,-0.9836397191640921,0.08703250001465136,0.08567041300721469,-0.5654462656746437,0.0465879733421855
SLC28A3,0.06831794947506216,-0.5324884439541219,0.40768895014325746,-0.14947329678336652,0.18791116723028614,0.3714395759010191,0.01139867337849543
SLC29A1,0.17215582633709217,-0.356991538399408,0.0403495973417294,-0.29423758028422436,0.18848428379750176,0.3937881054297689,-0.1035818737998497
SLC2A12,-0.04379522875909602,-0.12135602441489525,0.0985239599097902,0.014121939780850594,0.12600102364266724,0.05812298548773852,-0.06168391431803588
SLC2A8,0.3644388144238668,-0.10382402841068604,0.010092985273439641,0.0032294102239593505,0.39184988479940236,1.0657880292325848,0.06962440410609767
SLC30A5,0.2128864573542478,-0.7850484742415362,-0.6331775983806371,0.47281234873891115,-0.5233347836597333,-0.2697950539898821,-0.19503136822278053
SLC30A7,0.11103012609265318,-0.488565759798423,-0.8043139934052046,-0.00893363755337635,-0.480671908353814,1.2288699944709625,0.015347120125235649
SLC31A2,0.34335502203923784,-0.8957132078271965,0.4026810542970901,0.6448806566099082,-0.10137582489948513,0.8049687884551858,-0.09222101059785257
SLC33A1,0.08695641221348867,-0.47983318674251135,-0.08697454904733568,-0.03290308765151323,0.10196091476001085,0.5640834262788593,0.1324976449066113
SLC34A2,0.02921969162457652,-0.11738408239021053,-0.22967592583937388,-0.03778156938650158,-0.14305166847933667,0.37519052741704234,0.037555887253170335
SLC35A1,0.27991940259483944,-0.788186274067508,-0.33379960085709554,0.26884722835153013,0.33188622190127515,-0.20386476927201283,-0.09196480918615109
SLC35B2,0.010907962324558193,-0.24287623542111392,-0.2734797964996526,-0.017756016921566378,0.007626479106377028,-0.20207196292002885,-0.039878956384046434
SLC35F5,0.12134564019043761,-0.6453524080302963,-0.7784201406200008,-0.2491070302871139,-0.006722445803399776,1.2456083494494723,0.1574998231601106
SLC35G1,0.15947918527915445,-0.44599039055748957,0.856751136906398,-0.13747823940580847,0.16082688001820974,-0.4276261405541928,0.14509059785618114
SLC37A4,0.09313938639224506,-0.8122911774180331,-0.46214682031392795,-0.20203605793774246,-0.13660407986029546,0.9031534665851991,0.044583292095214284
SLC38A2,0.5642974232484487,-0.5015624760392163,-0.797593624839105,-0.34702328117031767,0.005387091258041079,-0.7442087155279006,0.11093944490037787
SLC38A5,0.1336165936345289,-0.6790224517650767,-0.0034764518523731037,-0.0008064482905519882,0.20235935718756337,0.8112512383544108,0.1559255169543689
SLC38A9,0.05521581382402856,-0.5336293614236441,0.2320192048170823,-0.15414105160765942,0.26923017695348694,0.5011519143102573,-0.05554956294855111
SLC39A1,0.42065509886378716,-0.23208771307592055,-1.0755585803635321,-0.06158746167362978,0.21468143796029482,-0.2837656804338914,-0.033697581939667445
SLC39A4,0.0178069372562276,-0.247292950128563,0.3182396318591199,0.07635718998992373,0.24833766896133966,-0.033171168256949816,0.08964331062462136
SLC39A6,0.3369502180429862,-0.8408329787866099,-0.3251239350575987,0.25897365439934716,0.5767147481064708,-0.1413415250391764,0.3122437837392881
SLC3A1,-0.08275001949612269,-0.20845689877551243,0.23432207973483382,-0.02481324577503415,0.016876064360291265,-0.21247576335721113,0.00090615489592082
SLC3A2,0.36859376245470216,-0.2460290402501897,-0.7130377902690362,0.43141950720263295,-0.303914434247639,-0.06182182736069934,0.24317857753844743
SLC41A1,0.3023866370910658,-0.4734556240392328,-0.827173121100843,-0.08385802527467179,0.1601151675284954,-0.7105647923445941,0.056832942714819666
SLC43A2,0.18708666233493088,-0.5995172413450902,0.34145461104103764,-0.0314886890266223,0.06617433680746836,0.7098840571080883,0.18830157845690862
SLC4A11,0.0824849325669424,-0.7593395454109737,-0.08334071764349354,-0.1176710692725563,0.20107884362643705,0.7152627898601461,0.08456992584409014
SLC4A7,0.118784164913293,-0.6602473510737787,-0.07079875748816497,0.07646297599948479,0.06439691795840029,0.438999389546471,-0.3256952171843274
SLC5A6,0.11039617931311131,-0.7190674091648108,-0.6633489956040469,-0.2934814760532018,-0.07428194277895492,1.0662551410863148,-0.07967566675754711
SLC6A20,0.41139834032815303,-0.5505707793220634,0.3907231602047749,0.08000131999092946,0.4819952897091149,-0.27044257827089485,0.15682329481237028
SLC6A8,0.14657763078161223,-0.5947627320582649,-0.3242954030342821,-0.11085167069441759,0.0034647169126708916,-0.8516705728531048,-0.2037231399664667
SLC7A3,0.1293499455078263,-0.7045131340413149,0.7957583870987897,0.12930839731226215,-0.29971335930918397,0.5379211457256229,-0.39115658202483283
SLC7A9,0.09548256404325532,-0.6577548064428765,0.3286480562640293,0.07977945844297124,0.08136646601031652,-0.2966815948857949,-0.05386662440636535
SLF1,0.3783749974842713,-0.3343267214960705,0.6402675274969929,-0.06027370841106614,-0.5029735492208713,-0.06262344439403064,-0.05314093924365235
SLK,0.18765242392927883,-0.44852053425122684,-0.15438155364261394,0.02548122509543889,0.04785523604337579,0.8595435977074322,0.06432983600136137
SLU7,0.32216510365840473,-0.6932868210055524,0.03805972141671847,0.033803791129520686,-0.713714817528901,-0.475735022356172,-0.053823207706820454
SMAD2,0.3474957485429156,-0.9047596803373715,-0.6042634990924404,0.03260510785175386,-0.024735120446558508,-0.3090858464206235,0.061782349053626985
SMAD4,0.29668302823606935,-0.3684711717578956,-0.7541913799911965,-0.23125153609368315,0.20210233622720242,-0.3287074084425048,-0.10746267540685152
SMAD5,0.4005063394940431,-0.7648311667912525,-0.2639508364763084,0.10615697140682526,0.32775804730279195,-0.3169348466385416,-0.043979764553076596
SMARCA1,0.17333739304457077,-0.5498897276986948,-0.9761546069076585,-0.05791029039011125,-0.05394996788154924,-0.2842568128122814,0.07444699346153866
SMARCD1,0.5260286119435029,-0.3973904947561042,0.21801813794572822,-0.10968871337576522,-0.486552697405817,-0.2823672503242326,0.10039755210214693
SMG7,0.18826735443539344,-0.7590619138329407,0.3937950163924446,-0.49161502200690266,-0.228148441594611,0.5156510687995121,0.032807500893236155
SMIM14,0.3785149304625734,-0.4695922174843742,-0.07372120520026042,0.1424804206585409,0.33179067797501605,-0.5123320841262438,-0.09331397891073596
SMPDL3A,0.058101290991402835,-0.6644070721074296,0.04821493636986054,-0.05748132694590085,0.02698349354489527,-1.441101156714883,-0.22303408896955987
SMU1,0.1587145501391362,-0.6977725555340218,0.0035446973723329746,-0.4871843515117304,-0.16949048307726777,-0.02471399033006675,0.03207666954349073
SMYD5,0.22271850183300215,-0.7757926674636108,-0.2120975628840999,0.3353395596806466,0.12206375173420635,0.25633395723176366,0.1086010555374911
SNAP47,0.0008416561787834442,-0.6315173020721807,0.28141500582082757,-0.07758520805472156,0.2019257728390147,0.2751306555721361,-0.041876080461081364
SNAPC1,0.3399853413430573,-0.3081054639470289,0.0026866052146382884,-0.33700922968186575,0.2783892916443321,0.3028416143344944,-0.030042973186018052
SNAPC2,0.4343402827599945,-0.5365436979163127,0.7105565119694013,0.07193543794376026,-0.5458208281151576,-0.43119572932885175,-0.004913461258808038
SNRK,0.3057718648071057,-0.7563425894326105,0.3659207208433833,0.08914463900278699,0.68081755337187,-0.38381552335755287,0.18965974960626353
SNRNP40,0.27967061065925714,-0.7802550107011589,0.09185039775208069,0.2172956178680296,-0.1167459620250975,1.3547387658048877,-0.07245204938263516
SNX13,0.03391431909596003,-0.6733775077196852,-0.006381733219429822,-0.47395360010250404,-0.06667807415493153,0.3365957648741304,-0.06929587933635906
SNX14,0.22292901997669612,-0.8369897176393528,-0.4714641799704694,-0.5969772685627369,-0.24394096794791786,-1.001094007830397,-0.2591432781140583
SNX16,-0.015409147755523891,-0.5459301823156734,0.4229484108875056,0.024695361429001896,0.24179872015681508,0.1085727500113352,0.22086227464477443
SNX25,0.18384175512563636,-0.7203437189739718,0.45167616709694225,0.19013067472443404,0.6662899815890798,-0.025332958755581284,0.06060901509359101
SNX27,0.26990507061689195,-0.7729088558986577,0.5882896497672647,-0.4322693302009584,-0.21137420618588623,-0.30157402582388965,-0.033243597432090016
SNX3,0.2878094429999268,-0.8368667011788447,-0.5119705120439997,-0.12426122667902965,0.25271481488462166,0.530691560963159,0.022888473924034175
SNX7,0.29219293167506255,-0.6412363105900494,0.5644905616944098,0.46602837381304574,-0.306865426892492,0.3035147664231497,0.042874196989144756
SNX9,0.3573746520567736,-0.733569710606997,0.12676754187260006,0.7815786663389962,-0.019640829804376696,-0.31614365177848414,-0.025787903017434083
SOAT1,0.29145444187418157,-0.5894499695572781,-0.09984136065183695,-0.3511978547796888,-0.20745494215981844,-0.6173357459646832,-0.0006987253426688798
SORD,0.08691759312149797,-0.4379309924786209,-0.16166903903839708,0.0239957915298056,0.14677052370293542,-0.7127055682668909,-0.06158081971080692
SORL1,0.2756566537080427,-0.7667551857541066,0.38417820311981554,-0.2064667782841221,0.17968531307333135,-0.17083330206669808,0.1045969785427927
SP3,0.24664866752212888,-0.7444144665691746,0.0071416364311578506,-0.258890313026168,-0.04642664043531563,0.21843978246574725,0.025347881879471068
SPAG1,0.1291594609398324,-0.8268143855073263,0.23295456238453469,0.013483773125780248,0.15024040677796105,-0.38493208667486123,-0.35310848297153524
SPAG8,0.36291175053270297,-0.4463675645767983,-0.7180153330508321,-0.12038847329118005,0.20460948002162738,-0.1393553372806296,0.1297010018985784
SPARC,0.23046910090775247,-0.5789755094601892,-1.1565619832437126,0.36980127425219794,-0.6124979760585699,-0.26216508584941906,-0.1633942985171052
SPART,0.5299131441222555,-0.3826654738669965,-0.11493625822030247,-0.04199533731973172,0.23385763108669352,-0.5314822933934555,0.07890758584876088
SPAST,0.20781136433773362,-0.7878951202585989,0.10782405399610695,-0.03767350343346101,0.3382456738262006,-0.42789992010092587,-0.007424061084136054
SPATA7,0.3258130265060462,-0.6297021242664045,0.15296813624695504,0.1644015405418542,-0.13454555046694444,0.5283962992256064,-0.017818732114716584
SPATS2L,0.16948825254985114,-0.5926567800401299,-0.6261096954348256,0.07293913762089821,-0.4862508228920677,-0.6013499684805893,-0.4420297875803751
SPC25,0.23456855310683883,-0.7586090149571398,0.019951561271339773,0.5452936209486315,-0.049610050287755975,0.4534428274653397,-0.4427686234035451
SPDL1,0.28436688574061514,-0.6226836620748237,0.6015486716409024,0.4843411382586567,-0.17670736232063697,-0.03189551323715025,-0.04585961504539251
SPINT1,0.03971238131029815,-0.41330722762565636,0.3824601596933466,0.1434071333711659,0.14188610650308323,0.35356785734560525,0.06290524398757996
SPPL2B,0.3580868640103306,-0.34732495625374565,0.14358274798202186,0.67198637231495,0.13620132869826032,-0.27747184374047607,-0.022773483014895287
SPRED2,0.34616507735049207,-0.8046392083723968,0.8295171268084519,-0.1497906070967399,-0.38010989912570925,0.009295615974114987,0.06995898574172218
SPRYD7,0.28807620781751764,-0.5413424859145535,-0.31506837838124335,-0.052718349188466324,0.15315025883246447,-0.7134385820750136,-0.05840487707211994
SPTLC1,0.20092295747945724,-0.775390157030297,-0.07248578044165041,0.2373483270319861,0.0828273710419456,1.4207220030283885,-0.2972392965626668
SPTLC2,0.12616626466237013,-0.4503645639980871,0.06565364835848173,0.013346731575045012,0.38206848374584873,0.5587453249840423,-0.20758084914955788
SPTY2D1,0.10857200783655108,-0.7032754969058518,0.2953161154040181,-0.11136145794892872,0.0963804373165896,0.5324374179001039,-0.19108302289106427
SQLE,0.3868986147265054,-0.8130929582624183,-0.018358090268237082,0.1368425215408527,-0.5938960349432031,-0.5123922083359904,0.05863726966417897
SQSTM1,0.6300757125463742,-0.4128796599031373,-0.022064294331683238,0.08972060485052653,-0.5355308617431396,-0.3148506160010316,0.1377412824736601
SRGAP1,0.18539948626911126,-0.5358000057319039,0.1080963582651946,-0.17455772334130437,0.3279609468336613,-0.13270983193520453,-0.030315321378187102
SRI,0.534150072066802,-0.3442941628999089,-0.4284137446027082,-0.08003379478297246,-0.5614042715195331,-0.28350037929550903,-0.33320165953103537
SRP54,0.22505223305451222,-0.7171798264488707,-0.23610039207091485,-0.31783904910751964,-1.0980460212794836,1.1066402112324503,-0.012079559458458946
SRP68,0.5472517912850792,-0.3838528948983917,0.08359864617803507,0.03124722552581342,-0.15078058424795857,-0.07345663913196236,0.1549154334117929
SRP72,0.22608923224798572,-0.6825241649936253,-0.8279521781404764,0.16124780028419222,0.10524557316119128,-0.5303094857249399,-0.03825319362027325
SRPK2,0.2621394577441457,-0.8071692733648174,0.22784826673364147,-0.01816056218693067,-0.1855722719833362,0.2913984815608547,-0.021417122494664632
SRPK3,-0.04298958774078253,0.013790512010653483,-0.018162227626068242,-0.005368766333964778,0.049096927377383345,0.0062702555256890615,-0.019506682782468306
SRPX,0.5418651860427538,-0.2669493488912763,0.7224719187657931,0.13186488498368829,-0.4733161075532453,0.1579948590392896,0.10741057632388129
SRRM4,-0.027659378186432788,-0.44490969078076453,0.16962146227680852,-0.22523851622037602,-0.01430023571762259,0.030107484396801387,-0.10199099816414113
SRSF1,0.5148763689451573,-0.540313582292269,-0.0835010197163673,-0.4224258343323083,-0.12921114963745162,-0.35825889744426276,0.0684905285574068
SSR2,0.36473105852666715,-0.6065611353587336,-0.8664239787080641,0.7646231725372467,-0.33989769069622966,0.1177180041296248,0.11671616174078446
SSX2IP,0.32809250537950685,-0.733757953987928,0.4502418353595839,-0.03498680227260979,-0.3177002625698736,-0.4159723127183921,0.09207646965773496
ST14,-0.011248526447216849,-0.296579189287195,0.2802768598140824,0.07165253827373796,0.17732081540101466,0.08561072830323486,-0.00926228644538104
ST6GALNAC4,0.08974750008636807,-0.6832907497601569,-0.44959042982803443,-0.3086776834389167,0.0029688277730270116,0.7518931781628926,-0.14550427901812962
STAB1,0.05253746406205318,-0.19212880732139337,0.3869942896676434,0.128060180062333,0.046087008243879166,0.3398523032342613,-0.26326925090829667
STAM,0.2977259552526333,-0.721705552959747,0.34697501862836444,0.06062659444067684,-0.7259884967712618,0.3584853430695645,-0.19778885122933504
STAM2,0.30205147504961755,-0.4869584730969205,0.2472077105986957,-0.4244516764578087,0.07847823672740745,0.5326977052964945,0.017931028874247825
STAMBP,0.16779199180396065,-0.6755208068612661,-0.3267330199966975,0.2922713939248932,-0.3299271223955168,0.11692352656012867,-0.18572060992541545
STARD3,0.15084398352203787,-0.4842713934868545,-0.49099709103451544,0.03563710358771048,-0.09477443477670364,-0.6271535026995272,-0.032581582375482095
STARD3NL,0.41741003591290615,-0.5626798759364958,0.13264899146545286,0.5431374184810442,-0.34487634646055343,0.27552822052770015,-0.03470111265841023
STARD7,-0.04110409108563829,-0.3931871494753624,0.39303106742266064,-0.039701639138502394,0.2674033551362902,-0.007385198604706317,-0.4215814315959494
STAT2,0.1281703161836184,-0.5614717333836663,-0.27227140366591995,0.05915109682371592,0.21780982682286756,-0.34754342355604323,-0.07138277282504717
STAT3,0.3440082504762269,-0.8046723386596354,-0.3911792607746547,-0.05453031111049313,0.011332837205216098,-0.6580557167690879,0.21906216958638855
STAU1,0.5107988271130919,-0.49855271661655753,0.39609524200953944,-0.3730803142918668,-0.35071686368021454,-0.3720396352119228,0.21963048584512276
STEAP2,-0.01389944576322891,-0.31489924030079725,0.20302775475274898,-0.04437220435401371,0.21440568635684,0.2849351109220205,-0.10770740987198617
STIP1,0.5665932461733327,-0.5467987837476957,-0.2530378117434718,0.4732307733190776,-0.03915680947357792,-0.06635146054318783,0.016488902479384553
STK35,0.4705276632278608,-0.34235497281913496,0.9321838003520694,0.05196106764455163,-0.3836149313717881,-0.09268117594700503,0.06878261627694399
STK38,0.276654786885964,-0.6445161350994795,0.20447656383277604,0.27720074630223795,0.0948582031056671,0.35611770624622535,-0.09078955125094937
STK38L,0.2530478092938124,-0.5177569290127547,0.16482873803316894,0.8408471042403904,0.02094554367647701,-0.20503415121298607,-0.032500581253772885
STK39,0.25690640074761595,-0.7033561547464536,0.5018625046455801,0.014366615583412873,0.22772241933783144,-0.8178809439926106,0.16820857724582086
STRADA,0.16715314211811166,-0.7252546562653361,0.08069827259557455,0.1949340113405027,0.20808653029634971,-0.3497300346664684,-0.023316577325807997
STRAP,0.5046733864624973,-0.5161421120674672,-0.5311678105056767,-0.0006348425214912741,0.22874604230168255,-0.30934097351834655,0.006990779568274166
STRBP,0.21034815088241385,-0.595769277044634,-0.14043569362304523,-0.036334019762665884,0.23254923250414497,1.0968698939844947,0.28191865867255755
STRIP1,0.2656542367314022,-0.8567014373135788,0.11059815219066242,0.44194973270170346,0.29755650531179556,-0.3710431493968525,0.00529281798523764
STRN,0.21777103124242403,-0.7761954200845442,-0.03836829326999257,0.17177403822039475,0.4807788025729509,-0.6390773801265597,-0.31209480583266563
STT3A,0.4195889272143196,-0.79883418358967,-0.2709290507026377,0.5959947722431159,-0.07752469986594412,-0.06691768679541632,0.03460182847717464
STT3B,0.24757350279277926,-0.8950115202374613,0.010032708325914382,0.1641817313472225,0.11208403924674629,-0.7103844006474245,0.03263261478219968
STX12,0.274397951246905,-0.7629679116322384,-0.13330521713552135,0.7813994337261398,-0.20774789825823145,-0.10389446873881752,0.22373624160124495
STX17,0.2851189955137827,-0.39553583542550697,0.08053663045194424,0.07766385384292451,0.3126431581296611,-0.7673307338918385,0.015313813284333892
STX3,0.24365187830692872,-0.5423145476159354,0.5933892783137389,-0.43729382192761734,0.1848730349862554,-0.08971918320206117,-0.18039686645721795
STX6,0.5107155839859207,-0.38287958674184425,0.4703612305735132,0.1333222316161465,-0.12742324729090881,-0.08189018324627177,0.0456161183015018
STX7,0.27543824992210775,-0.8658962773645866,0.046650056285825484,0.04059444815184351,0.5919630613989997,1.0751610223302002,-0.005506193218996777
SUCLA2,0.22977526518758873,-0.26836230947519274,-0.04483897021711202,-0.18361015531321548,0.20653251364439934,-0.14826240117817158,-0.026080942364017083
SUCLG1,0.5185834518127347,-0.28414910226388346,-0.5214429037248821,-0.08582755474776896,-0.011886660700141412,-0.08178980124043987,0.051099585566863344
SUCLG2,0.27263537448588254,-0.8330578669026188,-0.4985217710163489,-0.0701006968896921,0.17232144524990328,-0.584427655105449,0.3839413567568222
SUCO,0.08669395193609881,-0.6365560977728596,-0.03528051710955341,0.031203116742543134,0.24880118597188217,-1.193738648605088,-0.2609251094847371
SUDS3,0.477706525747851,-0.543123874042494,0.7871115335842159,0.04730238532733551,-0.4850811639208559,-0.6192412270939663,0.02607898812024843
SUMF1,0.16391582670609162,-0.8234253965025301,-0.7390103240120194,-0.017247921605155127,0.1285337807775755,-0.5987356357049499,0.008941217403094014
SUN2,0.4618280625489388,-0.7000668805984982,0.5099462327917407,0.1685060428240451,-0.5530334785387652,-0.33200161587815624,0.11559475601815847
SUOX,0.00015365002909727105,-0.4868968483987846,0.3176246580578643,0.4051877121446808,-0.24545420958912562,0.3007340452507219,-0.13817530540403186
SUPT3H,0.41978867284393895,-0.40315874305214316,0.0330035165831683,-0.07115443526628752,-0.27514598681930486,-0.5712449126193188,0.005948615221958297
SUPV3L1,0.1996369990223553,-0.44912361011148266,0.5005001484089914,0.2949602486082469,0.5866108608426154,0.0461051924282589,0.04827174689382741
SUSD6,0.3835933828926285,-0.5313983450432217,0.5678496740307826,-0.0626121353379944,-0.5297353713049672,1.183909779379486,-0.04788139780137676
SUV39H2,0.35163389972752757,-0.6941679312356634,0.35375849379035884,0.5533065680842075,0.017077181678168178,-0.5328793274227541,0.10860557126535751
SVIL,0.19807127655727394,-0.6156651460913288,0.46729989477580464,0.060536935455831165,-0.32085677028498377,0.3075113195871232,-0.19584639374545398
SWAP70,0.1595024972793844,-0.6385533966964422,-0.14340464871676353,-0.5459457185588571,0.030089587160236547,0.8893041695212685,-0.3802944199232123
SWT1,0.19634213116247753,-0.6825135405603265,0.3135629829598669,-0.5199918916983213,-0.2565951570228839,-0.788932083455627,-0.08716471609924455
SYAP1,0.4903446502810206,-0.4699086302715057,0.00515407733214307,0.32345533631517376,-0.03538137549933464,0.18487221453690403,-0.02863984052228384
SYCN,0.302925333410683,-0.7277663024185027,1.1226779293010247,-0.19630868416014396,-0.03419662440769785,0.43567738354999536,0.15919449581365996
SYCP2,0.17455140623419968,-0.7381721561133867,0.48714470139474464,-0.3477160002798623,0.2667812762855536,-0.2619317463612757,-0.08279726777354596
SYCP3,0.194034137106909,-0.37054914311416515,0.6409221218587804,0.09204307074395163,-0.27754443401606876,0.651361128454827,0.06637413191225283
SYNC,-0.03289486701134155,-0.2828420398132421,0.17270947508981727,-0.004381297905345007,-0.04395711454788446,0.01698167847775693,-0.23846339055373936
SYNE2,0.1297747483678058,-0.7900917038953404,0.136735534726895,-0.00022222904237937616,-0.3919199042115418,0.4207435668787393,-0.1256940263639895
SYNRG,0.2944126753025982,-0.4995195177766397,0.24856559912537823,-0.423852253509611,0.18296507224420536,-0.32445134684005983,0.17109235474921372
SYTL3,0.4474138461643712,-0.3828353145062442,0.6879024288572022,0.1419919130778195,-0.3591901138888199,-0.15631185531241978,0.0710927698773511
TAB2,0.2544484166225203,-0.680618343673597,0.20438894620317682,-0.28657513657837574,0.3331186790039585,0.20284531295853114,0.0036060500041111892
TACC3,0.48693689165979276,-0.4402336923022307,0.7637410359586909,0.030176533225140495,-0.5648317560718585,0.16006353614140395,0.3813795747370119
TACSTD2,0.3344894745060722,-0.34663069765961346,0.9909296544822436,-0.47950763073335556,0.0777978416074793,-0.9098194611303373,0.030165600412831468
TADA1,0.2270144503098557,-0.8111191246783414,0.03603176316396022,0.1400639785850561,0.08858068340002043,1.1940219375142331,-0.3497555997821874
TADA2A,0.36920585815975976,-0.8378138447762987,0.03311412425781483,-0.2654935576132392,0.06528591354364294,-0.3996872073605409,0.08620011787530235
TADA2B,0.21050917935805288,-0.330237680172187,-0.24972796478714948,-0.15287445997392246,0.1803184692159067,0.7966047403655673,0.040860939177726346
TADA3,0.37572663473130136,-0.7024927601228587,0.08271032127390607,-0.16998228871146573,-0.011981060758114613,-0.7157829984297915,-0.24861701518358184
TAF1A,0.3051669124343253,-0.5703074810419381,0.34333970422004134,0.14114816035646063,-0.33484219775444024,-0.10165728431085971,0.03005213423556845
TAF1B,0.21556505080456512,-0.7654607502874422,-0.14856941427683307,0.0519659082891749,0.31513964668779404,-0.5139054069771639,-0.27875915470128615
TAF2,0.3455576241118223,-0.7975741141809957,0.20447214448220785,0.5273934747973142,-0.27717065956573195,-0.17644197217867338,0.004921364950501424
TAF7,0.35056623012936494,-0.9249229723980601,-0.08946764507897935,-0.07269997016993579,0.022564232881435557,-0.4400194062637278,0.06467383679338362
TAF9B,0.15723030867089796,-0.8986155886398445,-0.15796820428358876,-0.2544042336644743,0.2589440090934897,0.4053113528268291,-0.26117567802535885
TAGLN,-0.013451714580785947,-0.2560481281558977,-0.02295687499894379,-0.0195494922444871,-0.02709895156250039,0.34507101721220884,-0.08693875387938264
TAMM41,0.28717318392658525,-0.7928432029500321,-0.19520247010769998,0.625419513047808,-0.31707880029223945,0.5224754900178249,0.14360234213127565
TANC1,0.23079052340818496,-0.6160230115102104,0.2111338693647473,-0.08618433742384116,0.048449315154025514,-0.8882933296907597,-0.09701229702635228
TANGO2,0.2612168354872108,-0.7673435169984869,-0.12138385745154986,0.11855735713958761,0.43184320914136254,-0.6949789463298433,0.11150392714113119
TANK,0.06311656762618441,-0.5196382298040078,0.059315032255715945,0.1366246518530512,-0.11173925348214676,0.5794790397052073,-0.2681858914233295
TAOK3,0.22226423177701388,-0.6202507544325028,0.646744583948042,-0.37023582997580073,0.08514003629689558,-0.7758296185580273,0.06030858021920947
TARBP2,0.16943120740176057,-0.7285681590131082,0.1958323542253667,-0.06845488361302017,0.128788053836638,0.3413594833278836,0.07079831623936807
TARS2,0.022841388815777946,-0.4835182068601501,0.006457737104128155,-0.10758742824121083,0.17327899531372826,0.43352131410662775,-0.10041743724310404
TBC1D15,0.15829637736473992,-0.6730866894043772,0.16137969456243786,-0.03080991919962985,0.330251483060264,-0.6781499889465394,-0.03286215701784809
TBC1D31,0.16198746432169903,-0.838962030836647,-0.02651476865937092,-0.21627637554409673,0.19092515117804265,-0.46476944529927433,-0.09364269914772692
TBC1D32,0.2451191988728575,-0.5669502213442582,0.6513347105488403,0.28831402901084663,0.5380035183493869,-0.0583139512710627,-0.28087570342734036
TBC1D9B,0.13109988258110486,-0.580110070086224,-0.17634040111714303,0.4208494947926854,-0.36418180184706045,-0.6585467176639317,-0.18396455403474762
TBCC,0.3162513246877985,-0.7826143404727277,0.7503691503215103,0.06407296237155174,-0.6082088353681808,0.523905219513217,-0.02927419698891259
TBL1XR1,0.3852308000834378,-0.5590127800247844,-0.019101770089967215,-0.36858937983300877,0.2321792788923466,-0.44583995502503876,0.026940664341459176
TBPL1,0.22769201619641105,-0.7253458902435876,0.22020695905389226,-0.7932700519516248,-0.20012747695779567,0.6604536856341622,-0.48567810860632654
TBRG4,0.31479783344890216,-0.6393527251405378,-0.234235996919735,0.1919451964854063,-0.7730012713009107,-0.30218193480192534,0.0346639505962675
TBX3,0.04257895326993022,-0.1663730508207773,0.3804420833891708,-0.07513291388116668,0.24407297350655757,-0.08735209540504472,-0.05356072256377217
TC2N,0.12748134869747743,-0.5308248321667771,0.47854206482191974,-0.13663710751238853,0.2864761715678395,0.5252882255752025,-0.09530585196445635
TCAF1,0.246371621674122,-0.7828330593811791,-0.4422267479115762,0.006306549829143594,0.33693914067949726,-0.8975296430624742,0.029797808191187266
TCEAL9,0.1069735246294932,-0.5864551770860552,0.058809101029327,-0.7050237324367032,-0.30814185093814467,-0.1906720403605912,-0.1859626464603389
TCF12,0.18971281436215526,-0.7496024541263896,-0.7825659900776315,0.4513743260649261,-0.49590267457608633,-0.22153593669299054,0.011337477900188858
TCF7L1,0.23706194534033406,-0.3717882336213116,0.7703633026760179,0.021444206638140385,0.5639314389199075,-0.1917773266566536,0.17610654395928296
TCIRG1,0.3107610202801588,-0.3086977832043852,0.5727041511844975,0.07430179376622695,0.3988230561947748,0.6571401965473502,0.10901430870565236
TCN2,0.1266008490816105,-0.5372583661741637,-0.7809023423091422,-0.2124877145161417,-0.22239681511056816,1.2440749666124156,-0.013669575389096805
TCP11L1,0.47900985930418905,-0.44933926368093924,0.32461860637758544,0.039969946100967435,-0.5259061339599163,0.41605599981014507,0.06571261919322154
TDG,0.1344030810967359,-0.7200571133409142,-0.550366711439387,0.18807934739416257,-0.3592188805032464,-0.705734983590505,-0.17232200429897104
TDP1,0.1349579666183991,-0.6604382621251692,0.532296847991661,0.13582330261607312,0.5926764580888259,-0.04681534241729691,-0.0032569957284522806
TDP2,0.15485033817116914,-0.853203752114683,-0.16676560489985853,0.2592120765132529,-0.324090124167641,0.9684186297135666,-0.19252771538855598
TDRD10,0.24843046726786513,-0.46328122677246963,0.5720604500713079,0.6861993724462451,0.04049049909562858,-0.08646504369030752,-0.034561877095164194
TDRKH,0.07235062515731862,-0.5374726130929491,0.8069553890906643,-0.14519529007277238,0.3263662953532691,0.1814095174018645,-0.22676737666197025
TEAD1,0.29778655087440115,-0.601397607101775,0.01042345382876107,0.1479925467765403,0.18595183450271582,-0.6237218858831417,0.040256867387263834
TEAD4,0.02709649972776451,-0.4980386892975257,0.020091429074474528,-0.009221089557688715,0.007726477309278667,-0.05528464505258731,0.11849029037631789
TEC,0.14127980436917947,-0.7578640795650646,0.39276305957416513,0.5607763258815652,0.13808944089312647,-0.051831577181462064,0.04885804758838719
TEFM,0.06878176039205362,-0.3755640006620817,-0.19842670040872534,0.1323037561597939,0.23986490029440713,0.2223793648631214,-0.08946805742275842
TET1,-0.007500825229326821,-0.4752928735980861,-0.07362688170895296,-0.208186512177899,0.027367452585635388,0.2478920012117826,-0.016007084442802577
TEX30,0.2829917095663626,-0.286591475646162,0.18545500956964184,0.08512555373439659,0.23096161656650596,-0.5105549449335258,0.10726252115267879
TFAP2C,0.06222420003682684,-0.5707756634657064,0.6291566155256167,-0.08870098457376105,0.1232742236540969,0.10516946944115159,-0.28598683389012575
TFB2M,0.04269150088314624,-0.44718794172016213,-0.5106036921455159,-0.10989574137462146,-0.07482325425142863,-0.14351184574035247,0.009487817755800538
TFIP11,0.42590431320919125,-0.43793375071446006,-0.0354019496851198,0.05470658328999813,0.656491647666299,-0.2487558571991413,0.046219420064085595
TFRC,0.11278242349149573,-0.6869226811238953,-0.1859262939052069,-0.1262491880529612,0.191143074651301,0.8076565925708782,0.12814425832529525
TGDS,0.35894785422574266,-0.3406585931453782,0.3048619776801752,-0.5991421095465488,-0.3671987322643262,0.6323351230136649,0.04300055427234175
TGFBR1,0.3576943090487734,-0.6019927518633428,-0.5320943215671006,0.0208087524336542,0.2458728576975704,-0.5482680816510414,0.03628877046183661
TGIF1,0.17504402218602,-0.48555452347509154,-1.1911640549447988,0.1661177389418033,-0.3700510720620423,-0.49995335098702337,-0.036626257174093735
THAP11,0.3768923110938188,-0.7737665140930864,0.29304536688598304,0.2152349630019382,-0.4908514755884213,0.24150943045485188,0.014689625271394904
THOP1,0.1610586181739979,-0.5696428948903703,-0.5103452124574535,0.09174856792947707,0.13929328277246344,-0.6402929303536892,-0.0008307841641241332
THUMPD2,0.12958722512520446,-0.572207835990494,-0.15117648435053924,-0.16532300099969297,0.2593843325858842,0.7790104614935942,-0.2989807726577206
TIA1,0.27293271578272665,-0.33890211312968493,-1.2247122087677564,-0.05128638325445238,-0.056011743277054465,-0.5096334199766469,0.09449129946587934
TIAM1,0.37819842845716306,-0.45821242618490293,0.6563070806942995,0.003940884168350526,-0.19527581742957723,-0.4747844373701733,-0.00765594723828111
TIGAR,0.13778477942086112,-0.5255020146770252,-1.0694608269680357,-0.05080127661926535,-0.0004181707867951078,-0.0036276963434446322,-0.1456251384351492
TIMELESS,0.005709831206239211,-0.5993839268010882,0.1819658523462383,-0.16324081666052012,0.17493856006252656,0.30159422222348337,-0.011568485062358224
TIMM22,0.35523785414124953,-0.3319538478243194,0.082453436132118,-0.10807923886808732,0.0397466023520691,-0.33592247154395644,0.07758317478890926
TIMM50,0.39924947051527243,-0.5140433007886477,-0.25138726827121016,-0.3370292825166538,0.15467482967853763,-0.59309204367448,0.17533076462277905
TIMM8A,0.1811573806924257,-0.7586126073146043,-0.742325659517321,-0.11773130032161448,0.015460657848401189,-0.4922014882923615,-0.07059716646736286
TIMP1,0.5285441267584536,-0.20026970658525317,-0.905216118970278,0.007168264538699277,-0.9281218779476674,-0.3117118221006139,0.2871207669193467
TINF2,0.3765918136567227,-0.38823619421853545,-0.0619844549398162,0.14424660524147556,9.968337417371941e-05,1.1017327410066389,-0.057322076709887364
TIPARP,0.15216754667450222,-0.6117115594146642,0.4490286307731152,-0.010911388190769308,-0.22208207066965932,0.539246510888919,-0.07254210348152501
TIPIN,0.3064147638077138,-0.5590006732845595,0.22166116639637454,0.24246889736535507,-0.24693216860079087,-0.019324008576950734,-0.14494893675275236
TIPRL,0.0709467452772438,-0.6141978897517043,-0.5281671311925477,-0.22913463195075578,0.032458818113783164,0.9337660788294154,-0.0481039929471598
TJP2,0.22842673027685864,-0.5597790719474959,0.53222701400593,-0.35875005303179786,-0.06358983521736179,-1.4114109222117126,0.04561995119682469
TKT,0.6001273959423138,-0.3647270358465484,-0.1601523723554046,-0.11299471984296061,-0.4544706508085116,-0.3572210057076621,0.25298760927950786
TLE4,0.12490827432254166,-0.5976288493344031,0.601638062497678,0.07369895754806925,0.4286572167713115,-0.5010453425844997,0.02411349952062296
TLK2,0.2410192693510828,-0.6999521957219246,0.3513343379770806,-0.16962523340391297,0.33697791560384416,-0.2693401639059196,0.05825899755456389
TLN2,0.17919616323244084,-0.6106453260696002,0.5734349158690977,0.6498907883594778,0.07669743955016192,-0.35124936631295056,0.037579221903374496
TLR7,0.14290563141253798,-0.1528654579395893,0.4771582738375715,-0.06516491054069368,0.3268483704482393,-0.08615053536325407,0.09207441062836981
TM2D3,0.3259454679256749,-0.9220355537935886,0.02188762925101775,0.6379139994756434,-0.2621497485572697,-0.031916706246087584,0.053162864717518236
TMA16,0.37234491150015764,-0.39550715434542416,-0.3734864623036468,-0.09956642957758577,-0.3735958260755163,-0.2598926631375358,0.06282053148758177
TMCO3,0.07797300541896197,-0.7717239117099035,-0.2514332409926435,0.11055463212720426,0.23354608845105893,-0.8199982120799526,-0.17368454667341135
TMED9,0.3289693476686085,-0.5529548289854288,-0.6576816617516259,0.48043210467446684,-0.20718317079029006,-0.06011298339402721,0.07874741343287295
TMEM101,0.0021456057225884367,-0.43373540865708243,-0.22358337974102896,-0.25231800432299817,-0.024509772472987388,0.39241076901582084,-0.08504294488607696
TMEM109,0.4260564349212447,-0.5056835074296865,0.5568667789105528,-0.24309372502661536,-0.5499806210078316,1.1760582948347518,0.17055270462016775
TMEM131,0.2969255655539085,-0.8202142835914487,0.05624359117333545,-0.0898438235734038,0.09373046947268492,0.18405460990722014,0.08696361945168968
TMEM131L,0.3668135838689834,-0.43103937092364997,0.8306487283344001,-0.34244115928551966,-0.2216598533275321,-0.3579132061404126,0.18929659863047732
TMEM14A,0.5620644372811274,-0.2373079125370682,-0.04506207924781971,0.12392196126787236,-0.5226128889465661,-0.4101057343817994,0.08479485915311792
TMEM168,0.27477182570025943,-0.6662502473130574,-0.5999757834163187,0.01748405634221826,-0.21212947486767078,-0.22969827847850074,-0.13485055365055248
TMEM183A,0.2809133133107629,-0.8798710612605248,-0.4848136661836304,0.05106292928451462,0.3455294845122706,-0.15892140553859258,0.17795248861889
TMEM19,0.015922092808989156,-0.47305462344092986,-0.4362577854690394,-0.06276833472340003,0.0761407725462304,0.7306688703697999,-0.04856483366008862
TMEM192,0.16824329502715493,-0.46645724484591705,0.2747708826735928,0.23383015607609603,0.17164120717128317,-0.28089771903277294,0.15075639373623834
TMEM209,0.3324109996193814,-0.6915960927374567,0.15187822920070182,0.4151679903579095,-0.1988599411089806,-0.23156176670118314,-0.005411264879613722
TMEM214,0.17265551225766237,-0.7418925141792839,-0.04722189805871146,-0.01024141111748514,0.315606895621665,0.7900055141168832,-0.004058043260025626
TMEM216,0.14106113151491084,-0.48974001655719135,0.14878742325907818,-0.25910006237833794,0.2397435058098601,0.4486801388807287,0.013738929494945528
TMEM254,0.07376818609632435,-0.43616105834161123,-0.04678956842824012,-0.00878803071102785,0.11043389374399584,0.522275877894681,0.15208978822602218
TMEM39A,0.3514980586610965,-0.8424945734159125,0.12832182938845274,-0.11474190708319047,-0.5234209897438844,-0.36734909968918816,-0.007506644777827889
TMEM41B,0.22118970549849828,-0.5813562732001389,-0.21827771669942705,-0.7828516556435184,-0.36643734327655253,0.6778439194067708,-0.003831827769085724
TMEM47,0.2218084064439204,-0.8072902018965529,0.06668369225668047,-0.048119017943966357,-0.019203912045659986,0.00700136027735497,0.11251383795451021
TMEM59L,0.11793799518738947,-0.19779711627357807,-0.47438057590790533,0.20621863572933144,0.03896532497036207,-0.849424020506428,-0.0797098668872859
TMEM63A,0.3067095936980318,-0.4801091163015926,0.809542168924436,0.17576145367941573,-0.401392289169983,0.11278155054582105,0.2730749877493053
TMEM63B,0.24682387058503458,-0.6857900317906216,0.424450442461287,-0.0757111944826742,-0.15344287834963574,-0.8642639447915667,0.1257861205183477
TMEM70,0.5034472692555996,-0.07865018866534956,0.3211602005278921,-0.0007445795999061804,-0.4407102741204746,-0.6008953899758704,-0.10005771813224418
TMEM86A,0.02710411533101735,-0.3760174347958748,-0.06278345203068145,0.1379155609912401,0.02663954933649871,0.4949856541105455,-0.037694253430806436
TMEM87A,0.3083110714062778,-0.7343118416737916,0.1840230632538071,0.5833131715451424,-0.06848888630799788,1.0576339770962504,0.09490685588421506
TMEM98,0.23385954440267248,-0.673664644161553,-1.0989126474232793,0.201953377005166,-0.35165959624915016,0.049569249141735765,0.11832901222329609
TMF1,0.20672642466375935,-0.6841149732776959,-0.7653222751211896,-0.0055873759831441714,-0.5614062278814457,-0.3264073304090887,-0.23499060108321454
TMTC3,0.19027897757537152,-0.7711100888258893,-0.04645582908999898,-0.258400407207605,0.02992055465220209,0.36443908100868244,0.07850116431527891
TMUB1,0.5886229938246849,-0.39844056312748943,0.19751507285373607,-0.30219226885236344,-0.6431557127554401,-0.04269144501656884,0.10744416249071907
TMX2,0.2919381320342813,-0.8437369969419698,-0.3329587996005228,0.3286958195391304,-0.03270568365293226,-0.1771108744850457,-0.09425674052786424
TMX3,0.12618057682564093,-0.6766760675301962,0.16752010337594597,0.3277494258656061,-0.21106019701889694,-0.024860478075583555,-0.01408892067427694
TMX4,0.32728035495067603,-0.7972325385361564,-0.14412816705403173,-0.02042947688499862,0.34227043514443223,-0.3570605530891616,-0.15515622536376195
TNFAIP1,0.026904773388012827,-0.5282619723474428,-0.5174328670956467,-0.12928523418833013,-0.01549921127435252,0.7209928410013876,0.04837616779332505
TNFRSF12A,0.41094253298755395,-0.41624397052408996,-0.9296748933110686,0.10670658902112148,-0.3684615298311927,-0.5575842942714652,-0.03884560439936485
TNFRSF21,-0.043746161189517255,-0.06540009936098848,0.008553058512120564,-0.007172788326829622,0.058939259873038455,0.046932331956594,-0.049007483731813434
TNFSF9,-0.014536849431896806,-0.181851128553263,0.09118785439335184,-0.0025848168995180154,0.07123892660512178,0.1284037576443795,-0.054265936419844125
TNKS,0.13162111973398,-0.812664640522677,0.039646968761526805,-0.036301146040377964,0.12334777901837124,-0.04045128099365521,0.018089799246642
TNN,0.5455799029653987,-0.42129979708948173,0.6910496081253813,-0.08015873927842691,-0.4026443149529637,-0.3706580550898764,0.0744135166801208
TNNT1,0.3246136352497248,-0.520652420281798,0.22265822860962445,0.6361791616824674,0.06270252470752778,-0.11700743661892421,0.09861575302640432
TNPO2,0.3439628793013821,-0.2844631724402757,0.17155025240170058,-0.31358887749068315,-0.12348877317167153,-0.7990911941973878,0.00594151747217692
TNPO3,0.20766662768645702,-0.809082194987125,-0.1140908136732139,-0.45710241788229505,0.02921463164960086,1.011902684019685,-0.05172022026855556
TOGARAM1,0.13621958626840602,-0.7314831954832688,-0.17031348962869433,0.0586389755219249,0.13021934302288207,-0.4226818598011434,0.05218669800213824
TOMM34,0.4468912813104281,-0.6268113346654369,0.24900825649065078,0.20918251845769703,-0.5198794412058182,0.16991172841284005,0.15316269806317437
TOP2A,0.24282181460763705,-0.6799110448244756,0.2926055187284769,-0.5446286217775614,-0.21195812325364957,-0.5696717158983357,-0.09726116791058317
TOP2B,0.4660099566753832,-0.6636753064822271,0.16083785636758263,-0.036409159030973776,-0.3981203090999912,-0.028077765275547045,0.08468532220124912
TOPORS,0.29810121182477434,-0.6884493265508381,0.3945448955129218,-0.038720268372845555,0.3311684763866923,-0.6669050127133211,0.16706604395744934
TOR3A,0.24328357071008513,-0.5271306570758933,-0.7666463376327156,0.6386285649924511,-0.3850771391289976,-0.00968978129835034,-0.13581940238610707
TP53I3,-0.020030129044240407,-0.2201987362935855,0.12923646653813473,-0.001208718430251703,0.17379472489122375,0.15995593057673704,-0.19552661581269595
TPI1,-0.02880531113649302,-0.07331677880046741,0.022012383111251282,0.1612704761153441,-0.20568343160378,0.1345145979271967,-0.1249947465878313
TPK1,0.2114584173601038,-0.7908849085011957,0.1725092162719655,0.5768249727203787,-0.12217643217351774,-0.1433394659822316,-0.0377709155088135
TPM1,0.4595944647112767,-0.5089514503198656,-0.5419168855544401,-0.13249212652163764,0.27949927372100414,0.23715319373966615,0.14223832074929085
TPM2,0.37023844305138576,0.0749261782330216,-1.0284172931196103,-0.015615870510977478,0.0835689657711602,-0.43169830892693045,0.07128729037390119
TPM4,0.45070294860565935,-0.41020837984638625,-0.9105698456873258,0.22440383139820913,-0.33559398020737896,-0.3495263012010499,0.1285804156749709
TPMT,0.014538239211032235,-0.27127284921128947,-0.18893623525892309,0.1520635012532737,0.1429129767760446,-1.21003662790198,-0.14758619227886163
TPST1,0.231810434811537,-0.6554236999707227,0.18986585724513175,-0.2381763749578913,0.2574568382788318,0.9670026168488194,0.07631067942989639
TRAFD1,0.43951281760253713,-0.26635162973521886,0.287704297261226,-0.47711323529495575,0.027832838383461303,0.24123792445017303,0.06840412909206833
TRAK2,0.5362747077996493,-0.09993820682395693,-0.20144785869175172,0.18309608027673016,0.06518473294734266,-0.33786068495089416,0.1336940868178253
TRAM1,0.34108020815993345,-0.861972343287932,-0.6804860206508756,0.008955055755369035,0.35219439285257365,-0.5693319015563283,0.004759534896221347
TRAPPC11,0.17018172451508207,-0.8305983066046866,0.02550625637847244,0.052156076324097855,0.3522902383542177,0.4343191396866725,0.0807551720884841
TRAPPC13,0.21872429348733502,-0.5108202532064591,0.42349696675240367,0.14402097567896543,-0.3770863135584021,-0.8757315837038997,-0.1262878532155269
TRAPPC2,0.149055013305084,-0.5693925844144783,-0.7322023336664852,-0.16602970408844456,0.04078405436781009,1.0770111393251889,0.0066859801674751165
TRAPPC2L,0.1785286181188227,-0.7559005328094592,-0.7927538574528236,-0.12534346134529506,0.004876235460607227,-0.1762783767596501,0.026836941097444302
TRAPPC5,0.46531576496427535,-0.1262909396867924,-0.7022282771553169,0.0012115451295612533,-0.13671996455269733,-0.11877674255612969,0.09137401254486462
TRAPPC6B,0.08286161703300596,-0.678948278680135,0.3569547250721371,-0.06213099877000482,0.14793460312444462,-1.3684380973201564,-0.04619128784088672
TRIM24,0.1599762496297467,-0.7675278332091406,0.2460998652748082,-0.5692288884379435,-0.11004333844099595,-0.9215388754806837,-0.02808286190220419
TRIM36,0.1895393473399703,-0.6738917722546289,0.6835376584563307,-0.5662238713772062,-0.3407562354822125,-0.17325652544986792,0.033111727370913745
TRIM37,0.2752796478648917,-0.9011496108194064,-0.013849451626326732,0.10204374385528389,0.43488980887845363,0.022184852913745154,0.17558100304104046
TRIM46,-0.04350022444108085,-0.3837571082389852,-0.10371536551580104,-0.028241890777450537,0.12484408994618434,0.2670714770602136,-0.1325134828322696
TRIM59,0.24011649001511243,-0.6791104047368827,0.27675053052859644,0.5034697572857133,0.06090736434766095,0.24299254038666182,0.0010525004381027494
TRIML2,-0.020273643731217664,-0.3279751572791775,0.34959098128637833,0.006386403442913808,0.269220390323612,0.25355932333054315,-0.07401936011392543
TRIP11,0.25630226756561725,-0.8105625543332858,-0.021047828391381584,0.1137406687155093,-0.4384342558657076,0.40054444427902186,0.12614602710868913
TRIP6,0.10205036200305237,-0.29989758259140115,-1.0172003094548747,-0.23831880629527838,-0.16845064091418485,0.9893060022549629,0.07336669636114686
TRMT1,0.2827678210714895,-0.19378774841296514,-0.11974883311131666,0.03516199269390334,0.13317358665732987,-0.2010073508573963,0.03337782374486255
TRMT11,0.04083618216651044,-0.6510771261027616,0.13387012739374227,-0.16090965655675907,0.2112892581490508,0.4367413361589141,-0.07907253677571811
TRMT112,0.34525472511617833,-0.900623755824467,-0.29868459428019556,0.2910757472994198,-0.4147896544119079,-0.11419489429235394,0.29695994148903687
TRMT1L,0.321944420818143,-0.670743002193304,-0.23062470225543222,0.02728165048438074,0.5339789280399495,-0.31162148520173083,0.0702866588972628
TRMT5,0.11004351454234677,-0.543446641052556,0.47116006527643867,0.4594301302091233,-0.21370467525880513,0.2357171054432502,-0.06606209110929884
TRMU,0.04075011753370795,-0.32262692290662226,0.11937853125105072,0.20363394727511056,0.10006799822196087,0.5102880927377399,0.03404219208078557
TRNAU1AP,0.2823858205771145,-0.47460163015744655,-0.3094762392240281,0.023579310291899004,-0.2307553985410493,0.8592102150967994,-0.1462718088138328
TRNT1,0.2805222488823506,-0.7494986201750415,0.35440199948541,0.5950626020281917,-0.33131688722443153,0.26355801200825396,-0.06720342262337768
TRPM6,0.1428551998504377,-0.5818585542645682,0.3784255433925506,0.07404739716393881,0.2887194498008378,0.06366047546900264,-0.0014744116995328604
TRPM7,0.3298168225734375,-0.575237741041361,-0.5623491719616006,-0.026026355469612527,0.09643165912764028,-0.2846459534183748,-0.01920211834192237
TSC22D1,0.5231433039251443,-0.41465112860494463,-0.13327816577055313,0.07678141833533478,-0.5808867759019872,-0.2824442610614353,-0.0017343646040984264
TSC22D2,0.3238497923111691,-0.6662302110692386,0.362080945818836,-0.1838407622390855,-0.2707573477634819,-0.8526472969083113,0.05190382343480517
TSEN34,0.2347537055651159,-0.7583399800630443,-0.5556890302561442,0.15012517069242193,0.06701263175147072,-0.5277458442111175,-0.32110055785761105
TSGA10,0.0973921344748178,-0.7207373130777628,0.2591871237170268,0.3242463045590508,-0.29811419980296666,0.6803956461875028,-0.4441550089147871
TSNAX,0.13379997939376165,-0.6205343415409649,-0.08175440302859244,-0.013656095513169528,0.2769190385716444,-0.16197813999375263,-0.19609121821296555
TSPAN1,-0.03248436553915736,-0.2201049440333217,0.17877283888068884,-0.012269933284792003,0.1905671658344428,0.2202788394950656,-0.09681934095897217
TSPAN13,0.3157873997846781,-0.6275101836900313,-0.49426367297217755,0.23330316738750206,0.43946399831397415,-0.22217710987923717,0.08379422810866625
TSPAN3,0.6855417020003046,-0.4468550727777735,0.07204587611744474,-0.10651195737749292,-0.7527732253646213,-0.44171333004837754,0.08539518060045778
TSPAN6,0.3914849928162921,-0.13256676987210414,-0.8655525791295022,-0.15833973026383896,0.09049423434488467,-0.4120129082123669,0.020040871095412822
TSR2,0.015510267909172842,-0.43256197963514614,-0.24992860728646205,-0.15871966629282455,0.0493620400700315,0.45598008093494974,-0.18387310046396504
TSTD1,0.13200554792735153,-0.7699587314858423,-0.35356318350147037,-0.0626250687512215,0.08029609753420654,-0.6918325331790177,-0.2348728481962158
TTC14,0.17643944291193442,-0.6126709203721175,-0.22247715275354224,-0.2514401851237262,0.06927541671189671,0.7286708154641988,-0.16166908390259455
TTC17,0.36430367361457056,-0.10433042795718594,0.23132941948945596,-0.1446283081210278,0.15484440969291224,-1.119900456965779,0.1672113879079914
TTC21B,0.04709732425602148,-0.6287153120664917,0.5462066220022075,0.38544870131197884,-0.09699999912134374,0.06872829281402762,-0.32572267711965897
TTC3,0.1437474559633319,-0.9659224084280588,-0.24873711060975934,-0.009194558292116368,0.11762377062424917,0.06557906877494613,0.1037624575129117
TTC4,0.22309911979411334,-0.7752231930016005,0.09914974307239637,-0.04415877420522945,0.14941714946807766,-0.7637189024043833,0.08632649237114877
TTC5,0.15042986139085415,-0.5634257043760517,0.3136936182317449,0.20587343309717462,-0.1895227886863684,0.7899757032240329,0.054963308589189644
TTF2,0.1414681900758114,-0.7079203131334318,0.12584158367786807,0.0845781520422069,0.20643189501087855,0.1265795770603057,-0.2354566001464186
TTK,0.17966825755251523,-0.6791495666395281,0.5529142174527909,0.02916715913933544,0.7109995424535985,0.5803178544471644,-0.4631807160415711
TTYH2,0.014416022337507762,-0.07855418738331228,0.20018839830928506,0.16828908754628719,0.02361948501553643,0.18519462618046506,-0.3261809120489172
TUBA4A,-0.039963689239962144,-0.0548560990454741,0.0061556413845837155,-0.005741641951792652,0.05324470798859799,0.04044278961687887,-0.04312315310660447
TUBB,0.33722275477682395,-0.13110505399337138,-0.9885873082257649,0.08521890513175788,-0.2614327778282274,0.1475653120401346,-0.06169871182480635
TUBE1,0.07720686966017269,-0.3524402812740402,0.6034911630237708,0.16332708810699337,0.25981175342129154,0.24717415891080585,-0.23551188856463884
TUBGCP2,0.17779750127014746,-0.5920205661408249,-0.1668531209156959,-0.008113777867184993,0.06460157219882857,-0.7014847876316024,-0.007767050128131526
TUFM,0.3583583021144785,-0.8089245740227227,0.011653853661624972,0.20056590051005857,-0.31464321740823226,0.7045819227368253,0.10620535781698812
TUFT1,0.17398183550353435,-0.4923835832380928,0.7956604599973286,0.2351606564143378,0.7649717226886787,0.3924665686726719,0.04432886620699369
TULP3,0.15794321512985574,-0.7740611303702389,0.10703060423693311,-0.4281615334483421,0.013233737441566586,0.721979970205026,0.1077966824103576
TUSC3,0.5222468551142692,-0.27413327357294365,-0.015285429649760134,-0.04343651111873339,-0.4887577960689577,-0.4754528885621958,0.07880155216811292
TWF1,0.2800939697008927,-0.7762672064398373,0.030315340515208664,-0.4144732970643966,-0.012748855003225541,-0.4040075471219396,-0.18548438423837357
TWF2,0.08699130362910247,-0.6452163131670869,-0.5164066963651854,-0.08799242438947473,0.08538105208949652,0.8518456627166586,0.028392600838509835
TXLNA,0.14607083341375252,-0.8261025079005682,-0.02978967810462142,-0.11104532960149884,0.3333116952929102,0.8966046418938995,0.0265202643509219
TXNDC12,0.2590385041662714,-0.8210975335689807,-0.791383352665148,0.03432830661849431,0.19114510537978813,-0.4879545668209241,0.06936340397114313
TXNDC15,0.13856358854339257,-0.6171624757113207,-1.008969268046341,0.01860462892293192,-0.033974781371504545,-0.4271396914363235,0.20661638569290916
TXNDC9,0.510819912800481,-0.442288943579071,-0.08065823605495814,0.3547350107576031,0.5118200738186074,-0.13117076335792785,-0.03015497419707264
TXNRD1,0.5007286091150415,-0.38647020440317514,-0.2115401830244308,0.06833021970433004,0.301177736404969,-0.2958618903618884,0.022076050408971794
TYRO3,0.06276262536469533,-0.44261546245362826,0.32944216334059895,-0.16884279819787376,0.05781704523680233,0.3355288561080626,-0.1799296989880102
TYW5,0.10102003850843119,-0.6442776959762515,-0.5833801642276552,-0.1415683533086177,0.11654552728581831,0.8849410858227872,-0.21674728289361694
UACA,0.13893871803387797,-0.5385670686971773,-0.047491884245262204,-0.34724880013354725,-0.1263402552187573,0.6391870179125027,0.21849847971861575
UAP1,0.3792337693888258,-0.38940865109943207,-0.8165742562593488,-0.12108931428932677,0.16087256715149073,-0.6353186893542166,0.07326628829066338
UBA5,0.19075560524191176,-0.6605868340017826,-0.7178923996580864,0.030932855610907414,0.14632490669416368,-0.30234470527079105,-0.17646121934863956
UBA6,0.1608494880822841,-0.6398108714686422,0.21467809028144233,-0.33729278767808885,-0.37950959018660374,0.7797685182819087,-0.16568062753242854
UBAC2,0.5472185155565085,-0.33280555858942845,-0.1907022902468891,-0.6587746722237361,0.07618993440536005,-0.758513790625228,0.20696541839100172
UBAP1,0.26155708677437417,-0.8127828944677908,-0.27631318745850153,-0.07876407065022027,0.3151566072723441,-0.7417390535779248,-0.057620655184952616
UBAP2,0.418820310714456,-0.5163279053169415,0.4587760002902333,-0.024192147251753053,-0.2527977242083644,-0.1884321723851962,0.04681614884847022
UBASH3B,0.09054011240162547,-0.5444572264908757,0.9135464530297976,0.3995701639034996,0.6549099202646878,-0.550207344925777,-0.04942333109330284
UBE2H,0.4717653542242292,-0.4546851179289389,0.35971348123079644,-0.5519087343263583,0.177150660763423,-0.8733840131897899,0.1945653485824652
UBE2J1,0.21668071527930557,-0.7970223316875698,-0.6724157295649009,0.011280557852950917,-0.1547552587765836,-0.40304107996507127,-0.08243372091117565
UBE2T,0.25259214223468046,-0.6971309620719989,0.2990806371020754,-0.010263278380618187,0.39792076241845126,0.03263482728149935,0.06690310129793155
UBE4A,0.21223320418000458,-0.4834956587550696,-0.2930675707497655,-0.24401925477543002,-0.26931032235536584,0.011876383269172645,-0.09302570880669819
UBL7,0.3644438984700941,-0.8032232211388892,-0.0783080180550856,0.6708933140697813,-0.2282891967293051,0.06905982062552041,0.26472594419310774
UBLCP1,0.23209825054653319,-0.7785813096867418,-0.5214936787312597,0.11822899084168309,0.04730191001245955,-0.33050791039705846,-0.09904326804815058
UBQLN1,0.4529784077009035,-0.6623973495784848,-0.26093823381811637,-0.24865326678534416,0.37162185515139823,-0.4627771633706367,0.018216436501689918
UBR5,0.2493141569095879,-0.5598508803176419,0.22544903211116257,-0.2512484133039309,0.3519726605358937,0.5670667373136458,-0.04769990471400364
UBXN2B,0.3128372736102674,-0.4746498473139422,0.5323348412828703,0.04950743657716354,0.3882387836881809,0.6850128030461872,0.13270054028787956
UBXN4,0.4703688154303314,-0.4380184154114294,0.013071960094514907,-0.49146598230326427,0.2651786889012435,0.2248533499593764,0.2495609951183956
UCHL1,0.4707454445426895,-0.7876508683498583,0.2625149155593742,0.25396431779549233,-0.714889436338504,-0.24169081683829763,0.020750430967037502
UCP2,0.05412222541208421,-0.26169800457547543,-0.0006865744161914487,0.1854427364054069,0.006771098483085577,0.02528429300426754,0.00957352504627049
UEVLD,0.23287554367148944,-0.7696248200879631,0.02670402736647261,-0.5896069147141539,-0.11967851868415764,-0.5162797001709856,-0.24593183582577924
UFD1,0.3485643858409083,-0.5244978284541737,-0.4190562914361493,0.013684559286214551,0.48016950070847386,-0.3985978011427298,-0.11300016558229273
UFL1,0.19426501060147405,-0.8795960466213384,0.10157392380857358,-0.03975994772916697,0.45833719237413245,0.5936782276588446,0.04292007605048153
UFSP2,0.1129898447024669,-0.5782991718518553,-0.5097224391750313,-0.11330319621691755,0.08578252020052449,1.0062365048761768,0.2636658817882396
UGCG,0.12757078092520702,-0.417495403398027,-0.5636817896770585,-0.5083574276665797,-0.2827985938285348,0.6323633906370363,-0.020318678905051638
UGDH,0.2643096170879788,-0.6203788400806719,-0.49199434337585823,-0.3088669609995084,-0.10382273312060289,-0.7695691670695559,0.15277113973128006
UGP2,0.342169967437001,-0.7136274467922801,-0.07105353552245824,-0.31060284527552606,-0.629810541898424,-0.6805361605284209,-0.01579083457440927
UHRF2,0.6301468182003006,-0.43908328086751514,0.6663904270655199,0.0999562871579577,-0.5318682748221191,-0.06655381463362764,0.062157283568409646
ULK4,0.11576080286884553,-0.6467488160569332,0.697189382299367,0.325785781692092,-0.09511285195428629,0.22710266146913863,-0.19447705830013623
UMPS,0.34436622168590575,-0.7135696986099391,-0.06663447966009088,0.24274518411907678,-0.5318313784785162,0.07877546567847743,-0.0048391266734586266
UNC45A,0.11681434449424052,-0.5571641456146437,-0.6552469438338588,-0.12081124059541112,0.05554481837629567,1.046135709024186,0.02787754416173843
UNC50,0.3081828207422925,-0.7868020079229344,-0.45513332007692386,0.7993615576951097,-0.3188994287805915,0.01821771956078029,-0.14654612560644786
UNG,0.2030085848394185,-0.681458584685126,0.31982402793047837,0.057685644190491915,-0.5765540111269237,-0.00028900655925121686,0.03625473945754036
UPK1B,-0.02223549821940616,-0.23892474718433002,-0.24374062148785317,-0.17094952479074732,0.020282520418664882,0.39515518078274425,-0.06256543514416826
UPRT,0.08599477426718496,-0.5578363550060708,-0.17336882410079293,-0.1238360942164984,0.19949657856548492,0.6633175125921709,-0.22864205889093892
UQCRC1,0.4511261234451486,-0.3093719459133165,-0.538290833067197,-0.042306361812656096,-0.5441628299202798,-0.06863748016687742,0.1244437196585418
UQCRC2,0.2887946378476198,-0.18526689575376673,-0.8403580385286634,-0.2500807231585753,0.11190164875523584,0.7460182155817829,0.03912655200481308
URB2,0.1484356353471913,-0.5619223153711038,0.6533689974908006,-0.1515730617177348,-0.21633234735815404,0.19089912468760267,0.036137873685597774
URI1,0.031153131706778654,-0.5703034234929573,0.11830955424006757,-0.28341722837997635,0.13231829429759934,0.25538608581423894,-0.209081780897541
URM1,0.4022871899292036,-0.4004027349624086,-0.28403260610657344,0.02936520280195815,0.6319157133133498,-0.05465154275704529,0.2636415302715494
UROD,0.218940935067167,-0.5914153326057734,-0.2171690013266802,-0.5226041529476766,-0.299683767740408,1.128481013396863,-0.02267851061136471
USF1,0.1598753537988163,-0.5838225763030916,-0.12011882904509995,-0.21346803922510232,0.19672552971228685,0.7121174472286808,-0.09921181028456112
USP11,0.24499122919439317,-0.7921286467824893,-0.3075661728809559,0.40524415806459746,-0.1600624161758728,0.7344557371707475,-0.5135379162031559
USP15,0.19115044797053074,-0.6326192827118606,0.4512145249497909,-0.5051789425232525,0.042030047638517073,0.5293625490931717,-0.04843530291633035
USP2,0.3789198093474866,-0.6071652965301408,0.8546224607818768,0.010266423059635802,-0.558186993914866,-0.5895239049993205,0.1680462554891836
USP24,0.04943082198364776,-0.6558559915775215,-0.2479982524218622,-0.09917163864763999,0.15155027795894344,0.5551592109011431,-0.16915897356535756
USP25,0.15795448904845755,-0.7627436304627324,0.16273979265078223,-0.0731653544928304,0.3876113159171599,0.8133038188605913,-0.004225105718185436
USP28,0.1361284764428514,-0.7985536683096125,-0.18614762440990948,-0.03459316443781574,0.17601944404129824,0.8448694140794806,-0.2938694037875364
USP34,0.16187926626840424,-0.810377617928057,0.31355451400571926,-0.09533674341974209,-0.44514991182379965,0.06870048263189779,-0.0903061823052358
USP37,0.34816432698600064,-0.2641971404550252,0.46643852258210816,-0.11001520174899339,0.31069515578239476,-0.47005675186153617,0.0885584581163588
USP38,0.26394006463550895,-0.6756017651682198,0.5214053066326053,0.06358956629640358,0.4357725951182272,-0.4061223835029726,0.20321684902755272
USP4,0.21612983918603515,-0.40164359030084174,-0.23939775918514244,-0.1429036553778425,0.2855677133776009,0.8887363369827027,0.15268777911166095
USP44,0.24758759025609625,-0.6778039586492589,0.63915945800839,-0.0950358416315264,-0.029104092182502025,-0.6552492875453974,0.166127918488676
USP45,0.23226280672953561,-0.7397687967274389,0.30963950844808946,0.4492794656838152,-0.33062253834019717,-0.3975218021176334,-0.1841629076721436
USP47,0.2229049154425653,-0.8968514638327459,-0.27030593189190366,-0.12211424909176641,0.26184092489190725,-0.3777556514648723,-0.03250107828902362
USP5,0.2845638703709217,-0.8019593426930604,-0.22285271864118067,-0.2984223993472834,-0.1822056114231046,-0.7734769887467432,0.12718409419211046
USP53,0.14811111135136104,-0.5405312062102626,0.9177074622730014,-0.13328533477677248,0.3658372343613025,0.13182170612439822,0.06612114944696171
USP7,0.46393417568854317,-0.41448479772328733,0.48493923708083025,-0.007325911167693182,-0.33288519609703593,-0.3240533760322272,0.20085514651139952
USP8,0.43819410135448617,-0.4888331844673965,0.15782749630760978,-0.12351350648726353,-0.7530531151395911,-0.3092698908924687,-0.023791842344262595
USP9X,0.37655538067027194,-0.7066144888624348,0.1611539371345485,-0.416798589852882,0.24679234031701203,-0.19457725269909823,-0.0356786515824462
USPL1,0.011002054485248278,-0.8090976584217062,0.34529020143929623,-0.19973729214526859,0.2253965184839023,0.25644068136341736,-0.1346945196178637
UTP11,0.4101979853366493,-0.835347760922485,0.2091080378396727,0.42019073001245677,-0.6273738307593782,-0.029601849403516328,0.04842865772512107
UTP15,0.30092465693504733,-0.4147115664604882,-0.38044315592742123,-0.16342347107510866,0.2774564976718085,-0.01810670531698126,-0.1473604632740043
UTP18,0.21276167684924746,-0.6036933056448524,0.10893426542975013,0.0750466038435958,0.1894957535971781,0.8277277452745841,0.11190219838981623
UTP20,0.18243709182238377,-0.5821029772178129,0.4408115929408177,-0.27113022025511746,0.20152777098808275,0.42178021283094985,-0.05865354636195581
UTP23,0.4405392238613573,-0.72971940357704,0.5282641419653243,0.08738972941207948,-0.7410073528479784,-0.24907131793891893,0.21623732697942563
UTP4,0.194160544660342,-0.8139528006326979,-0.1802992773993421,-0.01202485091198535,0.456642926669225,0.7845019660110857,-0.04118935884058906
UTP6,0.3870127378001509,-0.7914844450016162,0.26925109532567854,0.393534562463493,-0.3541917902548711,-0.01905294376085899,0.09066836055648474
UTRN,0.17864090568984078,-0.7441158393892916,-0.14298385938737876,0.2242693575521109,-0.002100765834332918,-0.7463430156264464,0.016529895178098934
VCAN,0.47184413944554804,-0.6079693741274366,-0.5650472033993627,-0.16717777391200944,0.3056037662945705,-0.6916482137035952,-0.08011447487245975
VCL,0.0450260282061247,-0.6827242229968394,-0.3274123352378331,-0.11260284634304846,-0.12928229930757057,0.6136199268882321,-0.011061516118595155
VCP,0.35220906002912156,-0.850261689343398,-0.7098036293257833,0.059032331141071245,-0.27361728203846575,-0.3086698085253775,0.004214218555487726
VIM,0.635580245060389,-0.17194203225372573,-0.8538036198466892,0.1692971509075838,-0.4012870874506521,-0.4651393474397326,-0.013290287010114848
VIPAS39,0.26927795868470983,-0.3077234242395792,0.1866332141961483,0.04749018012446647,0.4355544656342633,0.03435085450502093,-0.0165892010121808
VIRMA,0.2980075132828225,-0.7792632207975185,0.03606111921323639,-0.5389714021356028,0.03303763568808136,-0.34635934843869315,-0.047562147762284235
VMP1,0.38378565029638734,-0.3810413844334621,-0.7132754054593523,0.11595576588789479,-0.2133714846623402,0.05144075151578024,-0.012020847710971309
VPS11,0.17648203193841847,-0.5709867864520936,-0.5503852823619586,0.08236515250834599,0.2519310973084794,0.17908416260802973,0.09257963233991338
VPS26A,0.30546545151564214,-0.6047868898877028,-0.3532205430268057,-0.28317282040266056,0.23640349506180577,1.4542886989019996,0.025947109802967213
VPS39,0.18505171459384334,-0.5771275774080209,0.34141656211971405,-0.5963911070559792,-0.21171505027134527,-1.294535563190583,0.0914218127867077
VPS41,0.18181720800895196,-0.8331692912127004,-0.34872826437512905,0.015758223905448555,0.13371016334923647,0.6394501917571862,-0.060736497734807104
VPS45,0.022908272471973395,-0.6312906600233875,-0.2617999504214288,-0.1655760950008356,0.1526142125702913,0.589966518751302,-0.21735978150801524
VPS50,0.2666072293017257,-0.6648779945887779,0.6793115744629806,-0.3261161192254795,0.006108190944997911,-0.12161504852189695,0.2301014720834233
VRK1,0.31674368099750944,-0.7075146817020834,0.26031162718855977,-0.23153262141869962,0.20406098813103102,0.3901692423082999,-0.12632261702892708
VRK2,0.16189509539508426,-0.7441875242647427,-0.298441861685134,0.43103204255961214,-0.38482538415635664,0.5294771980150422,-0.010717913625546572
VRTN,-0.06568445711728091,-0.4821959584953028,0.3596860776727565,0.015945170777177053,0.09165610054638698,-0.018863753066410457,-0.1336416813989696
VWA5B2,0.03174808124930444,-0.28792466302497827,0.013995154614021536,-0.08565839613285363,0.18909579512168243,0.434718690880366,-0.13602015011883217
WAC,0.4833819718022255,-0.5690887242915313,0.22330773318447592,-0.12060442817978069,0.2026990723395882,-0.3191782071052988,0.31720272185592746
WAPL,0.3192154198962156,-0.6205441004040061,0.3637480051618288,0.04894340131006865,-0.20123580891634432,-0.016729007566727475,-0.08033093375650778
WASF2,0.33204820530482165,-0.46696731158525073,0.2627340387687465,-0.07389913836368696,-0.11369736618184209,-0.2017436051751064,0.05024650068822558
WASHC4,0.33811958634261724,-0.5635282371615907,-0.1772534711284291,0.05324016512120513,0.46700189293157873,-0.5935272807596539,0.06581209147377445
WASHC5,0.19704902720034725,-0.6067431635834206,-0.06926934936346874,0.10682809940234834,0.31512079635875295,1.069595598591389,0.22131781359641461
WDFY3,0.12403980003519038,-0.73300937577317,0.55405423232836,-0.07319673469927677,-0.1831969951998438,-0.1370491795410702,-0.0513463925464875
WDHD1,0.27736016765749366,-0.704999670454926,0.3291305088386724,-0.20986863904349556,0.3250123548437896,-0.25053117656542895,0.13260005808633837
WDR12,0.39632909803481425,-0.41918176490738146,-0.3264649431343265,0.008434413795940966,0.31088074300565244,-0.2631513187732403,-0.2488061012940127
WDR18,0.19705193970755455,-0.6113161259887618,-0.31493407666618795,0.027953634530465156,0.3091426197187151,1.1341493713215467,0.03461268582981752
WDR19,0.27244330619250196,-0.7743921969001732,0.22522228425636048,-0.10896330327545614,0.329060684545619,-0.02334963136234536,0.17010853362455955
WDR26,0.2523182705124599,-0.6132366329574549,0.5308086301396391,0.17192387416538696,-0.3271962964381094,-0.5980751642504041,-0.1542081899331503
WDR3,0.2848473510012312,-0.593542151087402,0.1920967189146361,-0.13716271151868165,-0.22626176393523983,-0.9396123627366508,-0.05397707746927338
WDR36,0.3783379133393472,-0.3642275802590655,-0.41051380202032584,-0.5197025264895473,-0.07452946896912256,-0.8130617445892432,-0.019832787133720397
WDR43,0.12928944253911093,-0.6132974234033454,0.7223732979739972,0.24857305409937075,0.38912120830936975,0.489896756614913,0.22744609590724296
WDR47,0.32603524056305755,-0.7321119590449789,0.1371325998636951,0.17958771108931257,0.037640781846494775,0.3277571430650095,-0.2811037134264246
WDR48,0.13710215276926546,-0.8312093398044837,-0.05758212451597611,-0.16829371369148297,0.29832830448218267,0.9194596749435264,-0.11357998735521974
WDR5,0.36755258121527146,-0.6541067940902288,0.32158706644454127,0.44796509042518057,-0.35491584911855284,0.18970406013710245,0.08716320773275678
WDR6,0.33430328293660294,-0.031762283138854874,-0.7520460392932145,-0.5429644875051547,-0.06000179832791729,0.9905396606711432,0.0627136586581005
WDR74,0.14500086123834713,-0.70865361256916,0.10290968634630265,0.06287220452658797,0.33731413837437163,0.569992597124788,0.35547632824086667
WDR75,0.33702015357105286,-0.6401772569251175,0.47650227522020744,0.0184890502759413,0.47130542983643614,-0.46537831833330484,0.0915674503175515
WDR77,0.3275451604158948,-0.4037886468660929,-0.5234336150366239,-0.04877187520351385,0.2776978409403177,-0.5717952998570426,0.039094969484871574
WDR89,0.15917562245790098,-0.5358547178882956,0.3298471440673226,-0.413500628020725,-0.3386774110457169,0.42142500205999167,0.049364532996180356
WDR91,0.3248407528538953,-0.5551198874800359,0.5704278655866476,0.23898348034664507,0.09183166659538257,0.39135934670102895,0.1532149239870519
WEE2,0.5361952993256478,-0.6245312360145232,0.7437910179976879,0.23561277164755823,-0.5242969593014142,-0.0022503349402237323,0.05122703782769856
WIPF2,0.4674243726523535,-0.3930901684081407,0.6425615483279499,-0.01946248932395426,-0.1796772918339493,-0.27486283167511316,-0.04995805886522779
WLS,0.3114951072630618,-0.5305801552022654,0.7373655595435108,0.12595344507955786,-0.6288243978609169,-0.41145755171743514,0.04159515801509541
WNK1,0.2235302012116223,-0.7607936280978888,0.08084941781099216,-0.08276418771679275,0.2992939155746388,-0.21786798774839172,-0.053265143893953294
WNK3,0.11398715701901597,-0.5199059198067422,0.06568475708588772,-0.1857693638561465,0.12296756500176219,0.4659549817341547,-0.055903930896094786
WSB1,0.2931104770223916,-0.7990772058103417,-0.18396313056497052,0.204842495690205,-0.21022908034516613,1.1026955739170474,-0.166262090108368
WWC2,0.05137032784692864,-0.4021363606627137,-0.2819226545694133,-0.1540331230040366,-0.009393310895324629,0.5370090451437601,0.1688688067372714
WWC3,0.19440376056499223,-0.6662942041589758,-0.43393391526446784,-0.47798568325113855,-0.49104922198176987,0.1904341856757282,-0.02207746267074481
WWTR1,0.2782722713461649,0.27469035792049856,-0.9130190628575809,-0.053467146268273376,0.0548703607263693,-0.6047601003567903,-0.0790980298773767
XPC,0.23160163403120188,-0.7401704763507154,0.06644775202352214,0.1325281196801304,0.22115342147841394,-0.9748456723157567,0.003910559626715468
XPNPEP1,0.17689216895670484,-0.5600608790283681,-0.19737213700493847,-0.1064036782616085,0.32799406525376734,1.0209022996291521,-0.11687253469954609
XPNPEP2,0.0009951819460767828,-0.12351333692681615,0.19545867568895706,-0.10116613488964322,0.13226094785635417,-0.13777444302383374,-0.17124640569573554
XPO7,0.16927903955264767,-0.7635256945348582,0.0854458638806626,0.009191838973785251,0.5035662236254549,0.22597864309215887,-0.21910002446993407
XRCC5,0.2980920998861331,-0.5036296835276401,0.056192791417403166,0.20236171717691473,-0.24580156524072835,0.7134113519035108,-0.11557807747246425
YBX2,0.47595051320911597,-0.5336025578183285,0.5741354090007114,0.2063544376660841,-0.3398227638751188,-0.1613720676067257,0.3417153828824512
YBX3,0.5101489328456003,-0.4324968342492631,-0.09011816762046405,0.18361248313518672,-0.47316561971898674,-0.5116782315934206,0.11163632939199472
YIF1A,0.3328161961258739,-0.6280157633574378,-0.5123237820930295,0.6265820884642548,-0.2061526546318653,0.2227177615629351,0.21040294164423112
YPEL5,0.37420920803190066,-0.8832763492568474,-0.08618021286021954,0.6186330462341675,-0.2832293478913029,-0.20143596975688768,-0.10491118064400533
YTHDF2,0.4816352882502295,-0.6509667286933437,-0.030482017484851312,0.01999106844848986,-0.11376143511846074,-0.45760209851750183,-0.013763237559817431
YWHAH,0.6114187595582196,-0.4721189100624732,-0.438301566028995,0.12162136405455046,-0.4199053214641396,-0.6677958949770182,0.05660962309783672
ZBTB10,0.2968883520789607,-0.7819465490235716,0.5160239157094111,-0.5133726493319103,0.049932109091588614,-0.7962305203812842,0.005041658716474918
ZBTB11,0.14737457957460443,-0.8170583035448608,-0.2576762338312014,-0.044786823030227754,-0.20173627521865958,0.9915227710863566,0.08459795753657949
ZBTB33,0.5585967680703414,-0.507301550970807,0.43392413238579614,-0.004493694151685978,-0.6472405333302883,-0.5078092926078553,0.05417059262023596
ZBTB44,0.2130967908888569,-0.859358162132117,-0.2268111631751289,0.4139453114837836,-0.1279213934245203,0.17730201377285287,-0.16544615171559499
ZBTB8OS,0.15946680269969518,-0.6370057297867987,-0.8830837302290285,-0.00501954329448507,0.02196847696999576,-0.6936158979645013,0.0797652083711986
ZC2HC1A,0.439304952164948,-0.5459180379072262,0.6085514306730265,-0.09296111825216943,-0.7689210379928206,0.1914179943768315,-0.2630241385612088
ZC3H14,0.27410338511488286,-0.8570615005548706,-0.16805971447889073,-0.006248131223250356,0.38644240346207764,0.30520135510995117,0.2168626147675282
ZC3H8,0.21133027761845036,-0.8721554367504312,-0.13207059241276245,-0.11519296921761148,0.3435415170625332,0.18469593512440927,-0.10418934335578789
ZC3HAV1,0.04466611446750441,-0.42847740552963737,-0.29421762897939807,-0.0847339746503603,0.023092392292404795,0.5495890827789907,-0.1196419065402331
ZC3HC1,0.22411788718801978,-0.6828561790350847,-0.15527710108073686,0.25408556425172857,0.19184020538171678,1.4325242381552603,0.30069002796290806
ZCCHC2,0.2736789278604873,-0.7427037073635376,0.46484962730049323,-0.24545277121693096,0.18561172746028182,-0.6134129092576698,0.1531765306045667
ZCCHC7,0.1557961754283513,-0.6353498215624419,0.05404886292312371,-0.1409368755772974,0.2634326669666053,0.5929601089881537,-0.028389770824238682
ZCCHC8,0.26006908297043196,-0.8447108569405267,-0.04349226672976595,0.2221578408290521,0.5443405675499209,-0.2705463874692394,0.25847656808976816
ZDHHC18,0.3912073627295457,-0.46957843857443604,0.6136273975703022,0.04294634221615452,-0.45498601750765977,-0.5375351334922762,0.09176662307143073
ZDHHC5,0.2929044684754639,-0.6636787943714176,0.533265058882355,-0.26224068276752605,-0.061284939382539656,-1.2651389354817366,0.17105098696046836
ZFAND2A,0.5014375092832044,-0.6632847780636595,0.3772836534864957,0.027536202602898883,-0.67560622860854,-0.5233656541085823,0.07127515519490879
ZFP1,0.22082458094110058,-0.5269927127091806,0.43623647730945214,-0.8512517683136043,-0.3053025787141521,0.22882773581184482,-0.00991242594797084
ZFP30,0.34278806239551946,-0.5251738280778818,-0.006499621727143756,-0.2061366060509193,-0.5710773548018484,-0.665179691810351,-0.24278331152734367
ZFP36,0.44880199260254283,-0.6185362008385669,-0.2663845743059265,0.05303648025412452,0.1019259816799774,-0.3456360698981063,0.05969942721203967
ZFP36L1,0.5617527724066498,-0.5253356406562272,-0.12488156975787769,-0.41759928100871035,-0.19905665620215232,-0.9000777061657513,0.036847737858717464
ZFP64,0.18170941041471983,-0.6988896656225899,0.45989097344379815,0.18073600541609158,0.4777827520835637,-0.9965235283060034,-0.04459614247647686
ZFYVE1,0.38102767097091544,-0.5392416505645081,0.3180484436265869,0.6898765338968564,0.12625309984741548,-0.11191973041878069,0.12829378066881314
ZKSCAN1,0.19354311621621534,-0.3981607422410967,0.5610021204826425,0.030938735562233945,0.22334607507776563,0.620624278231114,-0.18374758656478987
ZMYND11,0.37378262184541844,-0.6814746488768441,0.04869904988219528,-0.35080298852394076,-0.12939404596331838,-0.8107892774127213,0.03488857722979819
ZNF134,0.1639790951068846,-0.7314478334475258,0.26909195039000755,-0.05602276684678923,0.3066845071834262,0.32537236051524226,0.23951039430896948
ZNF143,0.2287418814261244,-0.5848218338132418,0.1866923863460332,-0.07055705913588173,0.18097975114232398,0.6186840371724764,0.1342138524337326
ZNF146,0.16296343478145123,-0.8732787628916568,-0.8183156018209079,-0.026626325653840675,0.06805485843101691,-0.4583710833550368,0.18946396415586517
ZNF148,0.17605632892092873,-0.8320476933192518,-0.5080398602242436,-0.09687060907028137,0.21247055565526377,-0.12598382243210565,-0.23974822165864526
ZNF205,0.11033906485012727,-0.3955094549147141,0.43842011897561683,0.01690310967627387,-0.16687488616507593,-0.22730920100746826,-0.07484331688984405
ZNF207,0.5238524001846921,-0.5508478492676244,-0.15760736031922132,0.1799382706808325,-0.28933080370720454,-0.16141969850852958,0.05159956795215035
ZNF217,0.3525335537292336,-0.5153923014299605,0.4418916703757124,-0.37523088408721395,0.30285687938541267,0.3140636352300119,0.11309585640207029
ZNF24,0.3387715976804748,-0.6029183782168376,-0.5361934938020386,0.22399523063723265,0.21237678076869262,-0.19705196132799288,0.12501175591802763
ZNF277,0.25971997032374244,-0.7736387534356838,-0.0609812542657378,0.010935609833624441,0.09805064471457015,0.35569129581611747,0.07580646401376585
ZNF283,0.08440156049862607,-0.7552933349220432,-0.06646400453096243,-0.030771794077416446,0.08976206210629052,0.5305065488264893,-0.10345134760513679
ZNF322,0.014913678547647646,-0.549635708443704,-0.10215322183530715,-0.32334820716705254,-0.0573790038752595,0.33251662650269653,0.038835304158192405
ZNF396,0.019924180060015163,-0.4458541924821702,0.27830316564138324,0.10201322576145254,0.09910544680295098,-0.34834673424239526,0.2962738088934641
ZNF451,0.2490233490224798,-0.7167775515701794,0.3816686974268373,-0.7911320680022148,-0.155320334757404,-0.42863988270599335,0.1820772006738374
ZNF507,0.013931178319028773,-0.5858762516482724,0.38597003323476153,-0.02036395398626572,0.1809046338926503,0.2115629752138823,0.11886764180774564
ZNF518A,0.08628407525485476,-0.6363360022753641,0.4494471268337627,0.015984923331828136,0.21868670439202262,0.22765698525974848,-0.07061684543639184
ZNF566,0.0536673181129974,-0.3614370172204683,0.23883618084760702,0.021527485301390457,0.24958387389981476,0.4930761663584577,0.26015011271009725
ZNF567,0.17291700709346886,-0.6650256882775747,-0.1440276241976743,-0.10419970185117934,0.34255844219166043,1.118735017949751,0.10705864835853607
ZNF622,0.2045068703583814,-0.5945830597963924,-0.03147083923031452,-0.15942606083329128,0.17233767080574944,0.4029280048622612,0.00904660966475583
ZNF644,0.150373646673551,-0.7491592748013335,0.3322128044705496,-0.4615069442897597,0.12481094751096626,-0.27812409712916636,-0.27718008352541335
ZNF667,0.25366601691244495,-0.566813562580549,0.271784425827901,0.15043734559171953,-0.3020812299207653,-0.3819857596896009,-0.16915581036686092
ZNF7,0.2679629605010781,-0.6195172049964706,0.17971689825920495,0.6138883525955396,-0.04586224730406716,0.8878573393762336,-0.07284144919913525
ZNF79,0.1504342881844382,-0.5293576722502019,-0.4276676788237402,-0.2893488110842168,0.014711150527775014,1.0206480009252623,-0.11973209505050031
ZP2,0.46006152762171176,-0.5965944263013656,1.3258772958988314,0.4711170044708343,-0.43191185207293015,0.374974812593753,0.15430693793611636
ZP3,0.7408766889514623,-0.4057398120969303,1.075761441222612,0.7916099640488381,-0.5581184720235818,0.277899177137972,0.30692448007732226
ZP4,0.7107087678723963,-0.38247125266942056,1.2198535604102698,0.6857856101082229,-0.6129329630153586,0.4275088513004667,0.38463990758510014
ZSCAN26,0.2617500507438297,-0.6044380932692672,0.7807828548613323,0.020521527061044237,-0.7344264461707573,0.18897717213087664,0.14827389785499295
ZW10,0.1905429192568308,-0.8534072458005915,-0.18815819535859177,0.0031902209999597544,0.40647155224776643,0.15308515146242901,-0.1253176415284065
ZWILCH,0.18103613210087557,-0.5818849646512152,0.39565717135001865,-0.03959890593666841,0.44174998403660165,-0.032990739829647994,-0.04832246141581269
ZYG11B,0.27697832540832246,-0.4332660477912279,0.4835238658439846,-0.05112581574312526,0.18924845850189143,0.2340483485429523,0.13134956965328115
ZZZ3,0.14584879174100387,-0.743068084028564,-0.6256543923725565,-0.21746072036947564,0.10540925066601557,0.11549988495693234,-0.17998549239857078
