,F1,F2,F3,F4,F5,F6,F7
AAAS,0.30105168372879476,-0.04231252339727486,-0.19376084290260975,0.022356111931091483,0.4039334822511773,-0.29774803196963,-0.37672103953872016
AAGAB,0.2944072458719181,0.08051909417300686,0.1866149691392722,0.319601667452553,0.8597781900582984,0.7053183351600852,-0.47263165982047434
AAR2,0.3463441686598597,0.0938184519681066,-0.148482715671111,0.10187751133262025,0.7101584646199856,0.2714211815099686,-0.7031992169612916
AASDHPPT,0.4564946072136451,-0.06930564531989318,-0.25088095262990284,-0.8411859236542064,-0.2603460557048012,0.27386081718633465,-0.8529120967270148
AASS,0.2748268491423521,0.12304464225349317,-0.2797645999502431,-0.17078975178051073,-0.1582600728815413,0.34957647036461975,-0.6125577294409562
ABCB6,0.042061658648309415,0.025084586535071705,0.041298003382065115,-0.04600415985747152,0.27937603944813283,0.2212390232516327,-0.5025422609880168
ABCB7,0.3669776748979285,-0.03193918327213884,-0.127514151358109,-0.2279898633843354,0.48813758060112766,0.153200124721717,-0.4039542320298939
ABCB8,0.23653766489805822,0.2637266520191446,0.4875741225663754,0.07142756997734206,0.6317535003586995,-0.058509677101163206,-0.10733372943951335
ABCC2,0.521039793565204,-0.0877503482472785,0.08139595712601633,-0.43490167894767534,-0.2888401980271021,0.018779725119282074,1.0888363844823545
ABCC5,0.21937040584699619,0.24562436029982673,-0.0017294220206671028,0.8396543777355109,-0.29361948950307226,0.9496485107945348,-0.7750000011791881
ABCD3,0.47521498935305523,0.14057336101856052,-0.33622375703882523,-0.38729451755871613,0.09250961284557926,0.3167731710180094,0.18426106574251494
ABCE1,0.3754754868519762,0.05431583016725559,-0.3003414600456354,0.9796307259223678,-0.1607835377901706,-0.2121043385618764,-1.0380032157168866
ABCF2,0.7091676639455187,-0.07858382587185433,-0.0017188136999869736,-0.062206527185794704,0.30741853248187045,-0.36369913307684076,0.7779585288741209
ABCF3,0.314356544942493,-0.11039821807056734,-0.17227970933942371,-0.3287235682095053,0.2715253335968964,0.7848628223228744,-0.6937927334315376
ABHD13,0.2504725156047617,0.054540551482171094,-0.12735199186307286,0.11731738477966433,-0.3204953509555683,0.6717043210911683,-0.34693228106975416
ABHD17B,0.43894749870516964,-0.03666073175348922,0.0009420976407144975,-1.0846974094695951,-0.3172231040206883,0.5509326252217724,-0.6818130989861496
ABHD17C,0.02680043700375486,0.11196606104888235,-0.2643854991675802,0.015772535853822142,0.04722247551533477,0.3060574406565242,-0.13777966722309798
ABHD18,0.2833394308960953,-0.02353709855334795,-0.2464429049486983,-0.3380256912737681,0.3865447109969375,0.9750942642307779,-0.6060889925522323
ABHD4,0.3833940837228877,-0.025542956473756234,-0.28035451263526284,0.2935039962101314,0.7033175649425282,-0.7678599279146286,-0.7335733801854134
ABHD5,0.122648219927059,0.17198260847961297,-0.2536465828206978,-0.019758649659724455,0.25703349233872913,0.40879369180912933,-0.19242572639552954
ABI1,0.5333237620435574,-0.0467833389488256,-0.06651707202416898,-0.12565967556471525,-0.5775882085907452,-0.24514781388599408,-0.3517008449586502
ABL1,0.6067894762342662,0.07581789757114843,0.0779317071020159,0.06766808717405712,-0.5325386330538063,0.36620591610127906,-0.3291971394365937
ABRACL,0.35120391429234676,0.10619506304576248,-0.18787957696534832,0.5036403055253353,-0.4461942353105865,-0.6595657179987775,0.1474092355329521
ABRAXAS2,0.44925969776790153,0.03258870459479099,0.03311817237831839,0.08300537529810384,0.409958303360591,0.2506182617040558,0.5045422856112897
ACAA1,0.38559577055284106,0.12368241008668356,-0.05375980662883524,-0.0015014965478810868,0.28609925688086696,-0.5380167947159428,-0.19928023344517068
ACAA2,0.16971672021010697,0.07831359501609979,-0.34532678239167763,0.5824330223873013,-0.10448249904889938,-0.7583400458468345,-0.6568080732813959
ACACA,0.5731231384005843,0.1242904751153178,-0.0034132638572202754,-0.032842583219844346,-0.26298270385320055,0.030880548570688317,0.4160978276732348
ACAD9,0.24417476095974835,0.03238286397032787,-0.0020728360564005034,0.08300583489467038,0.43406656795999976,-0.6877036037307998,-0.6425127665503759
ACADL,0.022968577891280605,0.04287349981514827,-0.29315053209250086,-0.010523525703859149,0.12028254398205791,0.3146307436265961,-0.10342268909777223
ACADM,0.40737084438299653,-0.11886757166840102,-0.12735784640430386,0.27961600808522724,-0.39749361970350755,-0.3260818770790915,-0.7637590195364179
ACADSB,0.26089083880575525,0.22557692017889336,-0.04374596591448811,0.46819588652490085,0.6028934671994748,0.13872936810109476,-0.5791875514989474
ACAT1,0.49027889687125736,-0.19466748873488907,-0.05845813092510399,0.9342464339221426,0.10690172762369861,0.10850790605469779,-1.3136802007263997
ACBD6,0.2070466608436467,0.03981563384451254,0.045055718877027945,0.2767709621629814,0.5580713274946598,0.3259492201402212,0.39833642777354844
ACO1,0.23918278934190396,0.045870355244939584,0.002089666454230918,-0.3132074371042735,-0.31971314404866813,0.40218190683681804,-0.48515973891946435
ACO2,0.5057162237172577,-0.014625953308476705,0.23036162123443232,-0.22942671419352692,0.5102421197666286,0.4932622991770917,-0.8705797497851174
ACOT7,0.20192513489938638,0.06891182416361315,0.1427796240334463,0.3887760106149749,0.6015756907362128,-1.1699786574061888,-0.8270907380812652
ACOT9,0.358217172349846,-0.1329688881631566,-0.40354445957554963,-0.44251256433962216,-0.4993493362488663,-0.48154222055028345,-0.7597716819841709
ACOX1,0.49798763506760463,-0.009323407963188965,-0.049798702227454396,-0.16144321666273714,0.24903821861009107,-0.6443486925149482,0.4895203586232162
ACP6,0.5091983603262171,0.040256338290325766,0.32557089470186085,0.37509183496599496,-0.24685865460674897,-0.04177384718978861,0.3322436386694949
ACSBG1,0.2590561016961681,0.011980514399296753,-0.1452691026390581,0.3449963884127263,0.5810513080577875,-0.3275382091226608,-0.792309650578542
ACSF2,0.19168172957352758,-0.01214964859116511,0.20984919665591126,0.07355246585718514,0.4309523557772307,0.10328772357263322,-0.3008784527883488
ACSL1,0.5374895580470339,0.05423793991355331,-0.09514831377739978,-0.546707112242043,0.3656264048217852,0.3011411878987174,-0.7793480263173747
ACSL3,0.7120154682524228,-0.03345213857992216,0.23673646128640413,0.05290174433304661,-0.7153408276507557,0.046589054258879395,0.9680416590575157
ACSL4,0.4088913692877492,0.014257381868400682,-0.023795136315152968,0.726783310032956,0.040182840264498434,-0.6358033836798442,-1.154414159016855
ACSS2,0.44391983908112376,-0.18303814424627934,-0.2406835103662563,-0.32107304900079625,0.50966209372004,-0.04708445895174891,-0.638214628402946
ACTA2,0.32884158671278113,0.02904372818448486,0.02299945670639948,0.6287386344560909,0.48655961871019093,-0.5424330044028841,-0.6630771027642555
ACTB,0.8302903533795519,-0.13929116179416623,0.17169537210330613,0.8732509711544806,-0.5407159432939062,-0.2979199371392178,-0.18624879807794675
ACTC1,0.04290303572723447,0.1065338349941519,-0.13185683531332654,-0.053220387644100614,0.06576341552070249,0.12528066624435583,-0.024087886601484226
ACTR10,0.42863508179356324,0.05034462273790694,0.12451679774614687,0.05571244679150984,0.46816394829313374,0.16002911543636608,-0.6027838546047364
ACTR1A,0.45513483223410967,0.000934987272461873,-0.22417898253539273,0.08607085973124926,0.7836166885555067,-0.06946407232643226,-0.7464307540202496
ACTR2,0.5254582373353153,-0.004524095591253578,0.2380224967187703,0.33440948999756487,-0.6684199653061806,-0.3716515345177084,-1.3659510684067104
ACTR3,0.5958190719664419,-0.07090561107813739,0.1788330793451702,0.29937041818541676,-0.3870315643854457,-0.4754236980746402,-1.1457400705737941
ACTR6,0.3048101371455047,0.03964723611152295,-0.1317224377280973,0.15440831752767686,0.6343594539629634,0.49122689555612453,-0.5406244255850928
ACTR8,0.45539768117886903,-0.14997978321641225,0.4220819396431973,1.097069661678208,0.16738152169175502,0.9351188827644736,0.3931180372835742
ACYP2,0.5244551743606863,-0.08983636803262414,0.03947361821144874,-0.5065901482171705,0.10531145893061188,-0.47704763203472494,1.0404191136788123
ADAD1,0.2836116255720459,-0.270491311800152,-0.17755119266059743,-0.17485570854889473,0.2850363002515877,0.8667467127274071,1.3910747248419386
ADAM10,0.5049520113034407,0.04704458616363837,0.5574233343188894,-0.49856499575323826,0.4058039842518783,0.5868983972299533,0.4810101522614939
ADAM9,0.10770392331096133,0.11435718081537193,-0.040356609743691214,0.6142827315403795,-0.30811077535826203,0.3660680938175236,-0.053356168233079836
ADAMTS1,0.08955805589016524,0.06063740412254271,0.3002821325776161,0.3457155156644763,0.4301114572543694,0.0831337211731787,-0.44016477504564194
ADCY3,0.4954879828809444,-0.0476312808390095,-0.04430623686990351,-0.5493110820881071,-0.06238801371352644,0.3768286048130367,0.5147993292407747
ADD3,0.3120307357740875,0.044102140909975225,-0.11817188724889903,-0.6507064780474375,0.10416396927467927,-0.04495946123017113,-0.7138563368826165
ADGRA3,0.6309608134633934,-0.08158945542803775,0.1329131191280545,0.00419283783406031,-0.017225363342364946,-0.3192995570286449,-0.8703382690582236
ADGRL2,0.16992098431650351,-0.026981558171678563,0.037273880430863146,0.1972074184354803,0.5201541025653091,0.22943318498538634,-0.7437027954663425
ADH5,0.6738610389001911,-0.02593315491048719,0.4204159652286279,-0.37266470118099004,0.1031976471529869,0.7537300509840976,0.8395121347431415
ADIPOR2,0.5735568468591072,0.04919431532098808,-0.03275508976785995,-0.36563654862791456,0.3179280985943653,0.7250040813292191,0.9115074861298819
ADK,0.17486175052880612,0.20584646420339534,0.29909638468989597,0.7724330460772122,0.12814043449397722,0.07689746388242288,-0.7899032618542012
ADM,0.20691716098842872,0.12930027760551596,0.12555629259963083,-4.431563456680286e-06,0.4062089155408688,0.27050553663803906,-0.6304484082796034
ADNP,0.3192127901895731,0.19144837723596314,-0.2135056794764293,-0.30380662014360094,0.400317086644282,0.8843708832994541,-0.3289300889353142
ADPGK,0.5965188205310881,0.043294504179229025,0.05624728046471062,-0.5363294527489504,0.18670484366964613,-0.4223776551534997,-0.6091522493426222
ADSL,0.23811381247164762,-0.006737274665379631,-0.02290746259798421,0.5955736813984632,-0.3014416938162948,0.34245418920659804,-0.49976358586365177
AEBP2,0.38324915836249973,0.06802460243457745,-0.2204521255601287,0.3099397675600428,0.20979092787456974,-0.06393177919637096,-0.9364797151465163
AEN,0.22116547440327525,0.19199129044877228,0.11039240659416297,-0.2117144402576106,0.2012987043536115,-0.01865793938864524,-0.5830724723491294
AFAP1L2,0.11498024104866579,0.17445148458501664,-0.1271242255345035,0.04303066621842857,0.11337581015161427,0.41916201542831,-0.21046108406394856
AFF4,0.3313647509993248,0.036264902637140266,0.04263903254778593,0.13219157424370775,-0.6998607530624598,0.026046910094014414,-1.0860253417066625
AFTPH,0.4832004785336426,-0.05679436893479305,0.027486498265797833,0.010354167248807599,-0.6237307378936823,-0.14076970895329632,-0.2880175133912661
AGA,0.32884715158152467,-0.03950499009081004,0.06829306982000985,0.523432636033267,0.5911358578314172,-0.4210760586372373,-0.6167632158425395
AGGF1,0.3412369234871455,0.03835304614389998,-0.005618553945204345,0.47104871276700183,-0.08463231799189344,0.961649076890099,-1.043894855470129
AGK,0.4637772230377366,0.047538218142984985,0.017677760219146493,-0.2928257515098273,-0.379504831112949,-0.5381694581812436,-0.8454162782659311
AGO2,0.5716424808041446,-0.01796143166007854,0.13828329327953615,0.05241883023422178,-0.43440453011270297,-0.4631516089606988,-1.1757858090275028
AGPAT4,0.2869821223834175,0.12435740010444638,-0.3718619804734829,-0.5353945307519015,-0.14820187537962715,0.3229817292265155,-0.09546717675035378
AGPAT5,0.5280927704763363,0.0915642510625607,-0.11828925918733857,-0.09996837841165696,0.7082921377005729,0.3120722006680805,-0.7599320821466051
AGTRAP,0.4452892929918652,-0.17250864969562857,0.0553270277050888,0.10623391140374519,0.9831069553477648,-0.48338639020136925,-1.080252032662821
AHCTF1,0.4050415804954827,-0.10638211786276891,-0.048945663818933144,-0.05385922044272977,-0.05646155280361995,0.24741103082447816,-0.7054115874245485
AHI1,0.38363014262049855,0.18215831701309446,0.013692931900745367,-0.6184574363754282,0.037288699527072124,-0.11462739354527542,-0.13926583445953275
AHSA1,0.7381874914767032,-0.04312620483697074,0.1751551988681086,-0.558454992347286,0.35528187084673546,-0.5162653863027802,0.7804388778118118
AIDA,0.5838312825925851,-0.08270216625137151,-0.07313775296997733,0.0006091563457238881,0.026494350006610025,-0.15368459351844801,-1.1175677212651045
AKAP8L,0.32789667072378875,0.1051448249964293,0.15933992990510235,-0.3819018640751909,0.1310989212533667,0.05584463938736945,-0.06917755946911798
AKIRIN1,0.17093746905287274,0.12532970524131398,-0.17796403562766533,0.021493433999285258,0.3355670296014061,0.49619412757323894,-0.4267247537614236
AKIRIN2,0.8379321578542672,-0.11533181546154142,0.11813308377892508,-0.5060787167173615,0.040608251384467546,-0.20272204998157242,0.8021709954831228
AKR7A2,0.11159441213452168,0.09500274666368413,-0.05453143022734511,0.561580444478807,-0.37593456063733227,0.5751688251828043,-0.8444186444005704
AKT3,0.6220090464301569,0.038796198136776344,-0.16035029538560075,0.24338045258611535,-0.5494761955792188,-0.021867431580508842,0.2324926985362837
ALAS1,0.3059884266380273,0.10863878297318576,-0.0223330368235064,0.54864229263703,0.5575353634473459,-0.6350201249309552,-0.5424654559177113
ALDH18A1,0.4234793882358222,-0.14130315534917207,-0.10358011807073747,0.04865384112247284,0.8448079711323611,-0.12710253561999857,-0.9755256284836873
ALDH2,0.3520102426009056,-0.10810733155982782,0.3892549512513816,1.3045159533119999,-0.05919971794384152,-0.5713653378403517,-1.531453893619734
ALDH3A2,0.3984940490752774,-0.047974776614928515,0.13582212944039712,0.2461586635837399,0.5894587605261866,-0.8479966818796286,-0.7728279430106695
ALDH4A1,0.13545210853232353,0.22506744183665026,0.06602110399808563,-0.08730563403977931,0.4180253293558657,0.3119948304565883,-0.09356309161495502
ALDH7A1,0.5003386754472968,0.032967886636451824,-0.10756619572159279,0.38701823124964624,0.007578218825445767,-0.02237097260789401,-0.7034148982498457
ALDH9A1,0.6617426764987873,0.02232441370120539,0.1425641093537054,-0.5210310491208455,0.288221260254842,-0.02221664035711053,0.7171000976338345
ALDOC,0.4168942685084815,-0.033770581060788285,0.10021565495662338,-0.1128019308479932,0.673401374115834,0.9128130516707469,0.11113962945017251
ALG13,0.4697757737312519,0.07501882404842787,-0.01134537248890223,-0.9502023144826529,0.02547426240462005,0.4487751840363476,-0.6367091386138459
ALG2,0.3403032277828905,0.02837973363486064,-0.14286001512818264,0.6206222784975491,-0.2618828634474629,-0.5543528615969425,-1.1321916118125015
ALG3,0.10992566147950097,-0.04975259438246331,0.2782250155143744,0.48891376335302617,0.16619548199814208,0.26036095713793167,-0.8350715400166185
ALG6,0.1887838437091432,0.09434679065474755,-0.020696625995009068,0.051057195538005515,0.4928224086672282,0.46405011381729777,-0.5551663376047342
ALG8,0.46519511249051443,-0.009960442500508948,-0.18862891452236857,-0.08250645473104477,0.06929460018034155,0.3087153322370134,-0.591703939872121
AMOT,0.33591682479995666,0.3265179383610778,-0.1336235868628646,-0.3172846109933352,0.2110477613588598,0.937549320714549,-0.4034684783084435
AMZ2,0.4827526909674853,-0.13331514526197735,0.28439559028963973,0.3860638293759921,0.7530280675633925,-0.22766401526924956,0.19758845189696805
ANAPC1,0.39091964482250463,0.11103547332968743,-0.06558549604942508,-0.6202373798989114,-0.27860144537963044,0.9852168056050884,-0.6414755270832762
ANAPC5,0.13841391343980722,0.22397244859727067,0.29503482247106927,0.4038936895054777,0.4313307247369874,0.27758676656279335,-0.7685999245886266
ANAPC7,0.5762786948197307,-0.08334779236523057,0.11951360710292992,-0.20673194892915936,0.5209375217433553,-0.6632555117230401,0.38397763084535314
ANGEL2,0.4498332527349746,-0.0537238913694352,-0.18198207261715,-0.021105391641669972,0.6291923661135702,0.5678046985340293,-0.593958408078876
ANKFY1,0.41567966034871173,0.01072316348610749,0.03638511428771594,0.045861559773531686,0.8137847096573517,-0.16158879651093128,-0.9453679441355941
ANKMY2,0.3602339531893934,-0.04165046777926838,-0.02974365770188245,0.08033586205089165,0.5420946056430878,0.40107753299161947,0.3253154846948682
ANKRD12,0.564725072224754,0.1038895349505112,-0.1574000927636225,-0.2885653697381273,-0.48109625638942305,-0.1959158869891194,-0.021640681134932713
ANKRD13C,0.1760567074779229,0.1831787494390566,0.13727169995001196,-0.0153214363260202,0.5165549488849656,0.22915995773771736,-0.44781261227593705
ANKRD17,0.42769826341913825,0.22724360723514025,-0.22182057122918777,0.6743077204829541,-0.1954602450033978,-0.3508808966575157,-0.7336565804923696
ANKRD27,0.397427039100622,0.1642860793148337,-0.37338800998012717,0.0092530788468274,0.5036936604345975,-0.017441499260835776,-0.5663227437730153
ANKRD28,0.38712248781972686,-0.08001991622776441,-0.08388971167055348,-0.1693502115754071,0.31421564101862653,-0.4096620852756264,-0.7093803362824203
ANKRD46,0.3733282041537943,0.029475577447742304,-0.068925516454797,-0.49051567571576393,0.015026486952146284,1.025247154208576,-0.6918591760400032
ANKRD49,0.2871195511183351,-0.12613396004413446,-0.24338018132245795,-0.08188255977647543,-0.3888210650651187,0.0702122075456638,-0.7162563281158644
ANKS4B,0.3893396182946295,-0.16263378475935492,-0.42355311263858325,0.0652447532462179,-0.12176284202518843,0.20650083636276367,-0.7652517972287278
ANLN,0.5299082397646998,0.0903554509388405,-0.19584656737185605,-0.5542307506644432,0.3252935149411806,0.6247979511779899,-0.5049973852721893
ANO6,0.36206096193411125,0.10678947379844786,0.026212824930461658,0.9917220476899296,-0.1503009505577453,0.6145095151376125,-0.589712399907838
ANXA1,0.04853905432527947,0.06566579126453749,-0.1037968240134797,0.9386221993177211,-0.6177951135997265,0.6294416578668031,-0.43792833556595273
ANXA11,0.5587875414095347,0.06660946226482238,-0.01651256282593456,0.2474911979122987,0.05176571400448316,0.10159378494318415,-1.0925774360802794
ANXA2,0.6850296992889756,-0.01133861991954365,0.08542099438987064,0.39449910520589776,-0.4403402897665753,-0.5451003888360902,0.5854657111787107
ANXA4,0.20226743094184998,0.009814790732562374,0.04516281214196216,1.0370690427246008,-0.20665522341770223,-0.2686667109594169,-1.1685582825921546
ANXA5,0.6831300616575167,-0.11462393393616074,0.2356439684765576,0.6052715944798878,-0.5789165549792206,-0.476255580419208,-0.019654589473152052
ANXA6,0.172278955343309,0.15672187807744914,0.10590627386366538,1.0205455461140978,0.0858350816144846,-1.1261213023640815,-0.992214663023769
ANXA7,0.43359957218254525,0.07438226116544429,-0.07924023063811506,0.7759468658428758,0.020721545212305417,-0.4086037650031015,0.3853239992810456
AP1G1,0.3925173013265788,-0.04470484010189428,0.2040633451438302,0.39246929676693093,-0.06624296282334981,0.7367090481056968,-1.0219575440676576
AP1G2,0.08169600181142557,0.0652719015169621,-0.07483738509639036,0.17295752230680936,0.3463958867789977,-1.0799094596786565,-0.622960115207483
AP3B1,0.4788400810376832,-0.054565906813696156,-0.12070028355089461,0.0075399602778536395,0.05038350878584388,-0.20018409624833702,-0.6447730869548898
AP3M1,0.5215015111989713,-0.044019999747594865,0.07440650215115067,-0.9530562102367595,-0.029747962072227015,-0.2119811360311956,-1.075315600310317
AP3S2,0.29343954067287625,-0.0236067021160654,-0.14301506504222145,-0.12957348060918328,0.5877272043387214,0.9147169639216576,-0.6577805267330259
AP5M1,0.1412703809811427,0.07572684483113237,-0.28507989476509765,-0.08340743865906623,0.19614886800185516,0.006571578864032276,-0.21128979637613624
APAF1,0.45158481313522864,0.11709407694569159,-0.17231264657900142,-0.1851551593515943,0.3862065873658755,0.6157955071789551,-0.5982483394795006
APBB2,0.37944969166865256,-0.02922677976579779,-0.09325782296377466,-0.3973582873369005,0.19736248346120722,-0.13980883497141813,1.1601864269696238
APBB3,-0.03907716176440435,0.0967214253284084,0.0024971182374508897,0.011605641640244895,0.15248932419707584,0.014013185906671735,-0.05159439229596424
APC,0.3235188639558769,0.07261382212445545,0.11909333477480634,-0.6990718843228783,-0.6223547764155453,0.04910832669724105,-0.6884778304852305
APEH,0.3076544212000263,0.09991580548589885,-0.20540564396967162,0.18208219331969386,0.34920286495116626,0.556740379647169,-0.7197328251920447
API5,0.5250253729850206,0.15607594837106678,0.041046730094240855,-0.2294909198917375,0.42201181366987944,0.6617415488450235,0.7111125789465779
APIP,0.34934309657881385,-0.028319152340635322,-0.25136540870862106,0.013269330357714982,0.4533518807568513,-0.47522255102363226,-0.525441974862851
APLF,0.4611698769444805,-0.01490190742101964,-0.08946948740343193,0.28282741966416297,0.5753910286000842,-0.2463135705787709,-0.49930054648096905
APOE,0.6999251125226432,-0.0014052503443903947,0.006864724388286789,0.5904742404098896,-0.9648744481735531,-0.25105932135624076,0.7030035525293211
APOO,0.3088409614808125,-0.11514388465340908,-0.11987854190809015,-0.3171366681092749,0.4842913118253499,0.5435015119886405,-0.8654918271496416
APP,0.4471875419308253,-0.13683393905892974,-0.04114984758315092,0.3013002197149144,0.637904274437614,-0.4972847144773658,-0.7354315632192666
APPBP2,0.37837966803673817,-0.06905470970130133,-0.09911600709066504,0.27650837757416385,-0.2477855102528537,0.39982311010118843,-1.2102792725066047
APPL2,0.3962419328834445,0.09590056920927613,-0.23962901830994077,-0.5444870130545088,-0.4919854516076142,0.03726085961783913,-0.658350386148775
APRT,0.40396907895956363,0.31800276268897726,-0.017230026166516976,1.1985278124826733,0.033639664022599464,-0.35082066721923927,-0.8947808205258485
AQP11,0.06011480663649305,0.18875384004716095,0.05386524627616783,-0.04410182879932694,0.3208903532311271,0.11329739067627909,-0.40555980936260894
ARAF,0.2206693587191264,0.07373247538764584,0.029069401469484054,0.3459230482290049,0.5089440868871529,0.18239792405123223,-0.8101861148886033
ARCN1,0.6063162664304778,0.07049935667802612,0.21179203022710855,0.27211511922389914,-0.6464975975084358,-0.7865791879562767,-0.8486211479043393
ARFGAP2,0.41148073960035025,0.08922234070234625,-0.3247754553011386,0.12364830311285414,0.49562242800864675,-0.41824500304351814,-0.37671475449617353
ARFGAP3,0.4593582080438133,-0.09612337213779157,-0.07114317615684956,0.700325303207529,-0.012316725329072646,-0.1496413664938509,-1.4686170827343377
ARFGEF1,0.3531240031317798,-0.1269626667848194,-0.25451726144453385,-0.7363421760378058,-0.030807532868864597,0.3844537807974389,-0.7537826161206173
ARFIP1,0.5470007681827123,0.025126772128923777,-0.11298039639834569,0.35762773763826117,-0.18715226565346327,0.2161528209370013,-0.204084969235902
ARG2,0.1570072826234847,0.05999766204289387,0.011759286292695641,0.03365142098954852,0.3988423974561865,0.40731292604920805,-0.2615111163974268
ARHGAP1,0.6660569887315412,-0.031803028419840874,0.22175631200427304,0.38837109209484255,-0.6510382041722974,-0.36887972798006063,0.039887100697774104
ARHGAP10,0.45879146953101463,0.007982148456149862,-0.19494611331759568,0.03411057449056224,-0.7088077772722658,0.323448926551211,-0.8216940117457564
ARHGAP11A,0.5351111224291625,0.2495612094405023,-0.21044932232440683,-0.3566688749395251,0.211390604963378,0.1892871603936177,0.7017052988029601
ARHGAP12,0.36880036707951713,-0.06517743886607295,-0.19027688536243836,-0.149904304093854,-0.3618593685094419,0.29628969341611294,-1.0041349699000022
ARHGAP18,0.6817436285097431,-0.011191798601802222,0.06578901502047782,0.08990761375857258,-0.6999569629211735,-0.0630031496365305,0.010728449782864231
ARHGAP21,0.4643240148036422,-0.0750621710533875,-0.07962351631532907,-0.13360246652842916,0.26538585725080166,0.0014939349857642555,-0.6142956673995608
ARHGAP29,0.5154823090405894,0.010550644252620969,-0.27749785475799543,-0.30920188997916287,-0.3458556958031129,0.1371970583494846,-0.8953979287513033
ARHGAP35,0.4866996285753332,0.08418449662325285,0.0002695094794084693,-0.5587417852968914,0.4121452996549965,0.16583649755321642,-0.7813563431675002
ARHGAP42,0.5314857033222568,0.10335487750311766,-0.08219541260508215,0.09445992533240583,-0.4311672216520057,0.4466137305616221,-1.0524321045387086
ARHGEF26,0.4480845829001599,-0.09058522198447731,0.04888682907805462,-0.10134036029900906,0.2875910341204195,-0.47628584705911164,0.984189979532993
ARID1A,0.636801206650779,-0.08631853474319057,-0.013022356557241179,-0.6511983278721591,-0.12990123004168572,-0.09075744534785776,0.05034639378705997
ARID4A,0.6111100703081733,-0.04227509697428602,-0.12216941813994948,-0.08949145295177363,-0.8969532354652193,0.07524980291429693,0.2469398664189345
ARIH2,0.43134386972266553,-0.05374787838966212,0.1869039004660422,0.2049838539048109,0.44281652867402393,-0.45644848263208465,0.7441869140430276
ARL15,0.5166201766520907,-0.0876672786046016,0.021191017161455727,-0.0010888834520258789,-0.7363727067892307,-0.10423662510184312,0.5107436891981315
ARL2BP,0.16866469198578513,0.05818624298136309,0.10174616927543942,-0.03370597797636903,-0.4884839183072005,0.4857004542266766,-0.6092888120699498
ARL4D,0.31971910063649267,0.16183551633322277,0.036944994620423825,-0.2946091961347239,-0.8668457582290019,0.5074700240075748,-0.6086840343772493
ARL6IP6,0.5244856680468388,0.11967903561167763,-0.15533240599711398,0.5551695854894789,-0.39768871497132247,-0.05601495123843404,-0.9160891664988323
ARMC1,0.7497985076448832,0.09240511490237947,0.09961948891606742,-0.03630437412398857,-0.6056650005651241,-0.18949089939498331,0.2724714644705947
ARMC10,0.5696689854530875,0.12670765819962507,-0.03205261635945971,0.39425995233259903,-0.4848495389456495,-0.10832602655883707,0.30185499106749597
ARMT1,0.2164260988144472,0.09263933659711278,-0.33904025947994076,0.10212361311468587,0.31466255222662065,0.08043815915986835,-0.18629187703130973
ARPC1B,0.5048683255643429,0.13189979923055065,-0.053039788214454084,0.7572928629578393,-0.7352524262580817,-0.22860582757351372,0.7556602816425793
ARPC5,0.5108355623187645,0.07549051412103151,0.02105368947120648,0.9815693082076526,-0.24854805482482903,-0.2177704906784071,-1.1178777027774724
ARRDC3,0.4978626478959818,-0.11552488256226319,-0.01095324177815279,0.7314454829361015,-0.2413214431443089,-0.1764176813931015,0.10098430907333747
ARRDC4,0.7949079403942443,-0.16445248008446348,-0.038105250029222416,0.09580537831601942,-0.2840431984278214,-0.20307582735330235,0.43510182337431724
ARV1,0.3300243105947756,-0.04363813651790552,-0.06467578187937124,-0.0023686790306971873,-0.36059905535905473,1.1157082032919643,-0.6236508297585068
ASAH1,0.6359282645345359,-0.06649878872438694,0.11710759086536242,0.5697562619998966,-4.862802195600882e-05,0.13016157407596982,0.30841804159324426
ASAP1,0.7545658863026816,-0.07746356260159469,0.12429748583726728,-0.6023808226088596,0.026984611248062597,-0.4078817503629231,0.8729408439465608
ASB11,0.3426942280126199,0.027741715544121453,0.16533671320119217,0.5565666556164839,0.7332032899921456,0.5934084419706295,1.0976240713062428
ASCC1,0.41572793653473183,0.12337316319888299,-0.40189238931127724,0.0070847059037373716,0.6512791292413814,0.43309788954507145,-0.6895402218378892
ASF1A,0.5749384738195739,0.2565042498212358,-0.04656742722609693,-0.033997336162630266,-0.16972123032175265,0.2885902953092022,0.9637114885840425
ASF1B,0.5219563877097193,-0.04231400779084452,0.046011943196377816,-0.8799882752201116,-0.02022980857111049,0.503621167103684,-0.46338042432763815
ASH1L,0.39463241471454513,0.1816696970958204,-0.15182160512967158,-0.1561343786241516,0.3122895388727515,-0.5548504368849052,-0.2786121344882795
ASH2L,0.4263540064677353,-0.04558253454721615,-0.02074015664594591,-0.008673002749759899,0.39840751473062685,-0.4370117729359334,-0.6870126595806272
ASNS,0.7359977790513956,-0.26072541664140536,0.031122915055167788,0.14076921986901264,0.1811323630900692,-0.090411368972245,0.5225815071595411
ASNSD1,0.10387747386747767,0.07391519875477295,-0.003023991239698769,0.46168673133238264,-0.24157342365945955,0.49757532266242493,-0.6781188563236621
ASPH,0.2792781076763082,-0.09331353225860584,0.2813423623843655,0.578279457910422,0.7942901827025687,-0.4255257413936493,-0.7546317317615714
ASPM,0.5848083775274249,-0.0864204080846061,-0.07785343342262598,-0.3779674109197845,0.17873214411276309,0.018228096427455823,0.6014293328703811
ASRGL1,0.3907426927576419,0.13518196010116285,-0.014092736083560407,0.6246137114336225,-0.2472334101597424,-0.4702321861054554,-0.9645341773771355
ASS1,-0.024745700138202546,0.013809544555437826,0.007946581899467146,0.018046591924528094,0.12810989305924203,-0.13234326892335432,-0.15811409759078845
ASTN1,0.8559939517911503,-0.15019420061336983,0.37028552172916385,-0.4782892057754701,-0.5674521644714361,0.13138517952859763,0.36491970398715545
ASXL1,0.2840119999382275,0.11351602712866744,-0.15913495284786666,-0.12872864330568856,0.32779186223395607,0.0023107642550420486,-0.44467188361835236
ASZ1,-0.02776219936536455,0.02440726400980846,-0.023184314672121457,0.09903439735797277,0.13112168171040672,0.07487114441461183,0.06233171415785748
ATAD2,0.41966707054534264,0.07299463795035731,-0.28166777527206865,-0.23900493808621895,-0.1431484753368068,-0.06355146087314757,-0.59868066137715
ATF3,0.1970333414896366,0.07360239253208693,-0.06804588055509513,0.04545607973239459,0.1691074763693401,0.472710141389757,-0.5791298654234314
ATF6,0.4925881421493299,0.04557428948564945,-0.242226781185766,0.00785141550509888,-0.014272864548266647,-0.39155319472042655,0.5154712452082826
ATF7IP,0.4333992811789965,0.23005788118086984,0.29591020362255194,0.01827805631387975,0.36347687550434293,0.014604710599073154,-0.554522786653675
ATF7IP2,0.3411083680270685,0.045523742399296796,-0.3407262185195441,0.15074201014809066,0.6086893455601368,-0.630623748808237,-0.6512810317991331
ATG14,0.34817124468388,-0.046607927434623726,-0.21576070593972232,-0.4750856737639254,-0.6239067877191555,0.07246072392700327,-0.8689970409064439
ATG3,0.5198888931858224,0.029110227424080017,0.009482489528794302,0.6875150949686005,-0.03572226409184863,0.5657550933353069,0.2539330104954728
ATG4A,0.6325509200961409,-0.06642647393324322,0.055263382444608024,-0.0510111729964553,-0.5591431097629225,0.21895251577722666,-0.8911665452859272
ATG7,0.46911659899377206,-0.2040760452444619,-0.1299208460384706,0.2174530888513442,0.539396939371618,0.4622651439125317,-0.6907260794000191
ATL2,0.6018403566670696,-0.03883209973799659,0.02503440952584733,-0.4234529977575807,0.14008888659643964,-0.16008880711539714,0.35691955668493536
ATL3,0.4206450336621271,0.07906768466848958,-0.0012665665624146463,-0.2820161614941876,-0.555127235816954,0.40610216119132797,-0.6177201890155061
ATM,0.32942687171262136,0.05714845555263121,-0.18225759251151474,-0.19494485634297185,-0.7533672889198749,0.130259225893574,-0.5068803338846622
ATP10D,0.5091600519553616,-0.09273596702385312,0.034423094134759594,-0.24470113045603983,-0.2989903180189835,-0.3983555346379066,-1.027368165187399
ATP11C,0.41805082176754527,-0.05669351281768487,-0.09957683017305709,-0.67182507390525,0.25449862044720484,0.03635912392229159,-0.9125321840343833
ATP13A3,0.41749801337755305,-0.010268584900491255,-0.08318910235196848,-0.589209618069133,0.3272367466116134,0.9744127329512349,-0.46566580802774865
ATP1B1,0.09733117816807271,0.14462251773458532,0.04997007595445618,0.5264683639476079,-0.45007652485972793,0.27872077944382667,-0.7754270446725051
ATP23,0.526734593215224,-0.21797685166565545,-0.2732375738981868,-0.5281750521900019,0.2914179690311874,-0.29977410042487357,-0.8800962354439006
ATP2B1,0.5629128856991398,0.09360068826339812,-0.03486107876621659,-0.14388578671841606,-0.5906424157740786,0.5679032457318571,-0.8766348528493113
ATP2C1,0.266180727019159,0.19000439804673094,0.016221993128305537,0.3558001698225324,0.7280848886847613,0.2875641910214274,-0.6333150037837226
ATP6AP2,0.7595043348369445,-0.06303634385124031,0.3112031827852244,0.34179843697812595,-0.6506323881307812,0.11341268165079911,1.151431317418563
ATP6V0A1,0.5128372064382202,-0.04018278967205358,0.12607420683204362,-0.40171624878345064,0.38815317214349115,-0.25842830520355076,-0.19974435920495306
ATP6V0A2,0.46008171889778915,0.1393273798156262,-0.029535893386491055,0.013629105597025895,0.2425974932433433,0.11332052444743196,-0.5823754691893696
ATP6V0A4,0.197818124512659,-0.07167331158664046,0.04658621305760054,0.18022879887343218,0.38638407543776676,-0.8510297523402612,0.5449606780079674
ATP6V0D1,0.4807506038531626,0.06329119196051977,-0.23042819212034094,0.7976560973395525,-0.11546026059715893,0.16166533257492996,-1.1546524631558737
ATP6V0D2,-0.05736798823622048,0.04479029906906342,0.00974876496988938,-0.11338251485444388,0.03407084484432575,-0.007228711551227079,-0.11970633390054806
ATP6V1A,0.22311085268141168,0.10366311199238701,-0.5372886920859651,0.2981175248008013,-0.3123079790040537,-0.6020063219068258,-0.7156761938812775
ATP6V1C1,0.4889893956745607,0.017349096816023753,0.051172838811024086,-0.004180463724544311,-0.3309269722505648,0.3548481184340089,-0.8450811779804006
ATP6V1C2,-0.029079138200601734,0.010528346755095307,-0.10025133618217147,0.03958391322821863,0.06227794719454609,-0.5266595803054603,-0.0673953871660135
ATP6V1H,0.3595163313028498,0.043164326028015794,-0.41540501710972727,0.43792605943648194,-0.487290786097226,-0.4997977127378098,-0.9937468582030977
ATP8A1,0.1479739492839749,0.03400222592150315,0.008220467537953916,0.010955750313320311,0.47526120287759677,0.5401747982612186,-0.524884792713015
ATR,0.19084269995435318,-0.0759497763162995,-0.039388022905947416,0.014738530200411444,0.17445092206840765,-0.03281067429025566,-0.6807487575141373
ATRN,0.37649891350685133,0.17671003928449433,-0.08712910068701256,0.6314932308649415,0.6324076563721579,-0.4084350905652148,-0.6813204756532586
ATXN2,0.7423663153012465,-0.13728640589219304,0.192495070008257,-0.43543090623901837,-0.39123106436600796,-0.2253872549142003,-1.0443962225805916
ATXN3,0.42700784733156466,-0.07015951342394972,-0.06490281713337072,-0.029227598613249788,0.6754966226537731,0.06474877870525186,-0.8281595697590121
AUH,0.3408702653058187,0.04643326926991396,0.3058483028671391,-0.012906135331918143,0.3995261735929107,-0.8440123809495472,-0.6531085253644544
AUP1,0.5502274760659444,0.045429411708275136,-0.17266847383501563,0.4100467344101652,0.8587420536242897,-0.04791216957318109,0.6481403999600366
AURKB,0.5616743321629218,-0.06187609038962272,0.053038938041786325,0.05198130592191732,0.5670726243882172,-0.32810738213037405,0.9212920601088027
AVL9,0.47603076740693195,0.08037386002193887,-0.402451297139994,0.009156432019874027,-0.6167418407874803,0.41549115088015587,-0.9373417522592679
AZI2,0.33334168471311926,0.006072138612104396,-0.1060236988951315,0.14695707279680195,0.3545011369095391,-0.42608289628257257,-0.7048571665191392
AZIN1,0.24592639859233772,-0.14490855227342747,-0.20136582444126314,-0.24720701950603316,0.3840110886926198,0.23791889504868927,-0.6449709382402264
B2M,0.2583793904022688,0.12332305899824893,0.1551949449704426,0.8335203346923705,-0.743683850661882,-0.5957527423836559,-1.0683634808928026
B3GALNT1,0.3421097240274632,-0.024690516946213572,-0.29090870191044926,0.25825007359303637,0.07622532946897496,0.2436910665226622,-0.3253970741541331
B3GNT3,0.5860137790495721,-0.01931569198847312,0.16559108090508162,-0.06802139511536687,0.576025338422486,-0.007839210683445893,0.2924845856076495
B3GNT4,0.6794314221285694,-0.16874635241400204,0.24078022970158022,-0.1278755700582522,0.16611949824778668,-0.41340563950028286,1.1272099094496997
B4GALT3,0.2777425295782801,0.19018338028119455,-0.0074782511292883136,0.15017648244047516,-0.759377138901426,0.13423523815470997,-0.011288271126875363
B4GALT5,0.5337878818717635,0.13249991396726676,0.1218430761911998,-0.5285465484592157,0.07762240651102163,-0.330736225288314,-0.5510150135700497
BACH1,0.36982500662615253,0.1346846417033494,0.3836896923959372,0.46379420309115554,-0.4597394812042049,0.565864537625068,0.3695760344161156
BAD,0.2164290688588935,0.012084543698245652,-0.16618560935745147,-0.05361263883308513,0.2599317421377016,-0.17758204615615933,-0.449670982986938
BAG3,0.5618417798194127,0.06978569608281461,0.01264356846099411,0.1741118787020471,-0.415107850241179,-0.07297650700526144,0.13666966130679514
BAIAP2L1,0.5281583675949068,0.0411870138498276,-0.32041118925425455,-0.05922507023523086,0.4611147453979124,-0.06438171197960346,-0.5404934202492879
BAMBI,0.15478699940501156,-0.04895797849080584,-0.18735595343421843,0.24422754586338166,0.09853007043325038,-0.9091128077464471,-0.48093040887846417
BARD1,0.3956318978250143,-0.060796382202156315,-0.040424387564814646,-0.3576605045157096,0.029742487535919362,-0.5957865466940582,0.8771110771573634
BAZ1A,0.5011636794734626,0.10013493253593726,-0.05506775637746832,-0.07328331145971023,-0.4753437632066133,-0.18817281085540313,-0.8349080601287968
BAZ1B,0.5597082058850552,-0.003109213914076026,0.004275844529232132,0.4467238063400353,-0.4010751129032764,-0.22046153793145196,0.5064074441202999
BAZ2B,0.337720178632159,0.07835305023089094,-0.1684927031369256,0.040291689207613515,0.30566530922134033,-0.6715757232852158,-0.5171074782083784
BBS7,0.4072187895590156,0.044418393504053015,0.03319756415071248,-0.14046363207219664,0.18164370039577094,0.4291474811129694,0.7264317895963271
BBX,0.3568847655005118,0.025301292004143237,-0.043808228454092844,0.900708785481875,-0.17333293360650034,-0.09358952487443568,-0.9480836275385516
BCAP29,0.4540186275889084,-0.030380239871017095,0.20814920878927845,-0.16300957021319376,0.34912904416149915,0.9889866737401306,1.0351332196861067
BCAP31,0.6992359891955426,-0.051752164895412824,0.18972104562083483,0.5177332708892863,-0.19056064450591492,0.1822294894273936,0.7008166511290681
BCAS3,0.07296529914144918,0.08561314776771806,0.1868631578168921,-0.0023677430063442817,0.3954959235010409,0.12058313086123008,-0.3789412071951689
BCAS4,0.47126069019301514,0.0375013049861184,-0.07485719897936927,-0.8582546941090092,0.11477803109235041,0.6709025780888419,-0.06741747346187256
BCAT1,-0.05282551869427721,0.018349415635482803,-0.019687262086949087,-0.009494479272999479,0.0628027989566796,0.004867955585997565,-0.04385609208737489
BCAT2,0.41548306926725825,0.06975768964684137,-0.04233799007066712,0.31715893368409365,0.7059972854778412,0.2587257923645644,0.9214261713270607
BCKDHB,0.28215280487834743,-0.1891217439651551,-0.16649087577624577,-0.04296537082794049,0.5283232871529094,-0.6284737578470646,-1.041207852515938
BCKDK,0.4461976823324665,0.0750045841949751,0.21249785313499575,0.6279226844421355,0.8787954735799938,-0.6552924994293309,-1.207578070721059
BDH2,0.24734094340826604,0.2049525164882501,-0.10922893205297163,1.1143750782642792,-0.16177167313669966,-0.3077705991863984,-0.8877270766789603
BECN1,0.3703458712183514,-0.019087111111819818,-0.1810733532852784,0.13975829058531733,0.3919723932004912,-0.25757009192592895,-0.8046386413737165
BEX3,0.3764728254356098,-0.06262673019679256,0.13826145846808044,0.5325775535975642,0.7336352118977384,-0.7099740035861414,-0.9025005962523819
BICC1,0.46258491567631216,-0.01582068536510534,-0.11499804271099447,-0.46708307080736305,0.14839729076478478,-0.11606992067453101,1.0027245913704155
BID,0.22698790210230144,0.13295835927982522,-0.1673769953958418,0.1118928310101178,0.39828113574021984,-0.6144585431825285,-0.6185909701229741
BIRC6,0.42718637901012046,0.05183393636386766,-0.1258301443234802,-0.030616898079332207,0.3361396587419467,0.07417223964262078,-0.2686873641696452
BLOC1S2,0.08167515207006207,-0.08991680161339116,0.009105559600697392,0.09082090086522392,0.25198487204670905,-0.9935511688776077,-0.6110345011207946
BLVRB,0.04379925584244122,-0.06557231716848498,-0.4985700919497364,-0.2127169372648801,-0.00768309998325179,0.42108423279669593,-0.17125013082057305
BLZF1,0.3307652146192916,0.007268115337907774,-0.11378534900116148,0.003055749178515863,0.6862413971063339,0.6025066368741289,-0.5550990159536295
BMP15,0.7279432671013109,-0.11092838382378338,0.21178567151020142,0.009020042420798909,-0.5247584215213928,-0.034712190571933255,1.2870119198411476
BMP4,0.3358780974059468,0.10591678942861986,0.19185676777334632,-0.3561283800062785,0.2671746760476636,0.4073440464233482,-0.4388154465684494
BMPER,0.30985508337919837,0.14753473686216875,-0.28565997013625405,0.041156961369836084,-1.0082219661726388,-0.4781450140766273,-0.16321367847023616
BMPR2,0.398055256258401,0.0251464430562284,-0.04907385973579328,-0.14684028458265702,-0.33596532631649073,0.37258250695213524,-1.0598244459633253
BNIP3,0.6196258824685934,-0.23121659324984392,-0.08992219556804552,0.19622103378993064,0.8972321267986416,-0.041502872657681204,-0.3991865157851028
BNIP3L,0.47973047909415245,-0.011407017052331506,0.13461592307960504,-0.38752499101875176,0.2092767497125701,0.08654828802866828,-0.16272154782420173
BOD1L1,0.4651803683736245,0.11565222468671361,-0.30359263656923885,-0.47129715745178624,-0.9389173241035126,-0.04081321284259603,-0.9313263405851848
BOLA1,0.17376714939474674,-3.24100060963536e-05,0.17587282475084576,0.25388683430695486,0.557822289565904,0.23043614483079486,-0.7546638348231112
BORA,0.16376677719105595,-0.04875621864681409,-0.06402562561184702,-0.011024096052254585,0.32687655198139376,0.42828448947209435,-0.43073871782859907
BPNT1,0.5078339376264167,-0.080783762975202,-0.10838166798482474,0.20934279015670385,0.9626614737217078,0.46157872501313574,-0.22289561122195495
BRCA1,0.36255858738005264,0.005582222220674962,-0.052572977379862565,0.09073953563837996,0.7969475315623731,-0.029946337459333432,-0.8029509052438516
BRD8,0.3164346013668187,0.11951663019737452,-0.481393632334681,0.12198774560564193,0.479173929144118,-0.4726875307314257,-0.679194906011836
BRDT,0.1862607914311092,0.04454271045399227,-0.08510015722367058,-0.8356976565927282,-0.2519778986535724,0.14470939858632118,-0.30597415505423237
BRIX1,0.6429461685256243,-0.057176021872737536,0.014149756792565811,-0.1783750035243712,-0.49711643385096155,-0.24156188567702222,-0.5238054998689181
BRMS1L,0.2212606450707464,-0.020613451038496336,0.07978451424618849,-0.3899329275077026,0.0724690220545281,0.31009369558146344,0.3620050129920789
BROX,0.4858008198781516,-0.01509088145233907,-0.46667449860633037,-0.7198081658499716,0.10467691171124155,0.332645017527816,-0.4858793282586143
BTAF1,0.22649857627901127,0.0965996254988846,-0.3539850466338185,-0.03282158765362315,0.1477802529069702,0.51259082998767,-0.5745474796785991
BTBD3,0.2591386425801437,0.07139973080349105,-0.1361221852870672,0.11340930384089895,-0.15634247356171901,0.8300299368707078,-0.5654997675091115
BTBD7,0.3795420201328144,0.03714730993424934,-0.3774316724739697,0.04231427919320311,-0.020011972387416838,-0.10151650286926643,0.0943211554978194
BTG3,0.2775264166534172,-0.002851398150394757,0.3528120981396539,0.48347139430265573,0.5510517960176725,0.17135765829980956,-0.9384403333207395
BTG4,0.8017963459308441,-0.18059370038391043,0.3514893027195721,-0.0778300577093718,-0.8142280075665251,-0.02526794698876452,0.9308298941303244
BTRC,0.4402391686086593,0.0074546356439847425,-0.003391630025993672,-0.40961863305242713,0.4720818715425829,-0.024111254833998043,-0.6568045296172358
BUB1,0.4171023794441546,0.037075417048928215,-0.1628039204305046,0.0039264827832953516,0.6598076149249593,0.5720653937649541,-0.743776599230208
BUB1B,0.6528963045970708,0.026455945134672143,-0.11363395022801179,-0.31784936150068027,0.5325699748245509,0.18920109721358733,0.8843286038142881
BUB3,0.6333240254918712,-0.02496992651532793,-0.021159642233716736,-0.02372272412666649,0.503636674903918,-0.2814709594454934,0.01985576315371158
BUD13,0.5329490933657598,-0.08278550070259405,0.04606689243479929,-0.33824843128605886,0.3712616097528466,-0.6753168316151067,-0.9532555720873943
BUD23,0.41140477235167366,-0.023010806474833674,0.1796753801552567,0.952901150943792,0.004133732687504976,0.8094061024044749,0.243537068683072
C1GALT1C1,0.38237482892574093,0.054648617426719386,0.1616138119993337,0.6302418814238496,-0.04442569937541987,0.7661304565181294,-0.9000694647732925
C9orf72,0.2772833608856035,0.06204719295979244,-0.16532865232268526,-0.09639752393867848,0.14083140239968822,0.4838839803056775,-0.2527829807636973
CA2,-0.031091090299047802,0.010132138124925852,-0.00942363201172403,-0.004177373646713225,0.03733504269263205,0.00257303435088779,-0.02689667719668077
CAB39,0.465148253720911,-0.024481144815922697,-0.0852460588726313,-0.2540944403320475,0.20087818995602413,0.05032904620048244,-0.8497983789083658
CAB39L,0.18010256083658444,0.05159620250105444,-0.2338992670133073,0.14932192223147456,0.3949088721662889,-0.6282275888196431,-0.5638317689720874
CACHD1,0.27009489459724095,0.20252204219074396,-0.3579843448845953,-0.02547775147174784,0.43215623008605347,-0.24752016249725275,-0.32446471053517634
CACNA2D1,0.27517638521667054,-0.01341814166190072,-0.20068849120782076,-0.1956364397804271,0.31199936506892995,0.7524923831452538,-0.4452555023082522
CALCOCO2,0.36699941832973965,0.1269500613710577,0.09526926513063208,0.28167910689709547,-0.15126420244297792,0.6699629910204761,-1.0009914666064683
CALD1,0.40120849171369966,-0.06110128338006012,0.06910947608996391,0.6658891493866088,-0.2813487721382064,-0.5285201940766926,-0.7245139441746518
CALU,0.6887829700373197,-0.24784457431341092,-0.02150674676969941,0.19600716487087427,0.6118999037445191,-0.006717809010228431,0.35306470620952884
CAMK2D,0.3271970714487004,0.31564933984249977,0.022195029284509345,0.5614621625365507,-0.134993083107441,0.9634287167477181,-0.4199621469113883
CAMK2G,0.3486317587082977,0.0940141640305292,-0.2264822991604876,0.1054504889642107,0.33261537853824225,0.333588243135115,-0.11961637689396629
CAND1,0.6982484771557738,-0.13578865279769048,0.1631143410585154,0.00738774995634872,-0.5777006782932842,-0.02238643356989866,0.7006056752389134
CAPG,0.19433653996705205,0.1456698969986655,0.14809085185979592,1.1086160026055023,-0.19953831706756528,-0.8029857313098145,-0.7632242462019424
CAPRIN1,0.34746427816226577,0.057854094732264445,0.004453522354391688,0.47639282348082856,-0.03396935558409638,-0.09004636941535789,-0.7385682677139306
CAPRIN2,0.47857075285358197,-0.16080142529869976,-0.3240111568132775,-0.09368756833161547,0.14559264864072974,0.2558730627086156,-0.8547049161561863
CAPZA1,0.5170954107444634,-0.04685877592524987,0.3724639663826792,0.06707370862249915,-0.04882818190987645,1.0127502509935655,-1.1319748118682305
CARD19,0.36479392402368854,0.042098219160229385,0.11497836723756572,0.17235317934293357,0.6893695320797173,0.439339519127571,-0.089759729869699
CARMIL1,0.6391114436341868,0.054596696040130274,0.09086843233424217,0.03564835240977478,-0.5457838542604194,0.2558685707832967,0.2700163603989031
CARNMT1,0.255820342405243,0.026930793735379373,-0.010821574084255216,0.25871311205391795,-0.2045833050939203,0.025781541541919833,0.6368056603216997
CASC3,0.6403802137024107,0.12268764375388409,0.12502385605156652,-0.23536557714290376,0.35298992401530627,-0.28905841068896915,0.9836614957558745
CASD1,0.5694824699754139,0.07879913945784918,-0.2541053855775176,-0.49290535919714684,0.34242464932720307,0.17408198218212376,-0.09720292228250411
CASP8AP2,0.6207238338999163,-0.058744310037486834,0.09813883019927826,0.1815624324641737,-0.44027059651620254,0.16293074095570526,0.7068848776830111
CAST,0.557769125936406,0.15857576769902565,0.05214336385215508,0.3276811410481719,-0.5865783561387103,-0.22488388400652207,-1.0056840820378035
CASTOR1,0.5470448013385257,0.048617279440845824,-0.1910391759759474,-0.025222566934601398,0.549076335991023,-0.3036037460608961,-0.5320706596545932
CAT,0.46385940075721993,-0.05803700821001919,-0.1413884344800287,0.6326872450240305,0.004951894346724484,1.299550325503745,-1.0228063527554119
CBFA2T2,0.33157534883366613,0.25351544322674724,-0.07302120172636489,-0.4485028060649408,0.01890851481998279,-0.04914750789086435,-0.4710573308104507
CBL,0.36829414343512507,0.06884343727661087,-0.09781299037870025,0.22769364564437025,0.3773183912220412,-0.06667629803623859,-0.9806951624265658
CBLB,0.5096011959434321,0.10686083026075309,-0.002627675366158322,-0.35248592532519263,-0.3066484328239299,0.5540868621015259,-1.017664315628609
CBLL1,0.792634023932902,-0.11051505030260701,0.1493343535396644,0.013208512194047346,-0.8469784109372016,-0.0745686395610174,0.5606922458657184
CBR4,0.37202619021676064,0.04075866616035649,0.34021961485960567,0.3761423520029327,-0.3452305654287689,1.0967771211658421,-0.9202445161984432
CBX2,0.2111059402040652,0.09105321063410007,-0.06224343606942737,0.26604156611265994,0.30149066434564215,-0.491134328627419,-0.3013762031956617
CCDC15,0.4244525964689597,-0.0010650122319313796,-0.30070806717262993,-0.8293444811025098,-0.5489375304344138,-0.19169046378978677,-0.7145514750278688
CCDC150,0.27894594053589417,-0.010751607388134223,-0.389290683322544,-0.03784461237207381,0.2105970275989563,0.36521571525933094,-0.502150507849838
CCDC18,0.4829121573816136,0.043075278381216386,-0.14957702848562662,0.09721379943275406,-0.5513325255260029,-0.3309232228264931,-1.0701461644704715
CCDC181,0.28154359539927243,0.154665090961707,-0.06299311750166424,0.09325696802839285,0.41470255914116577,-0.295776293612543,-0.5001818604914552
CCDC186,0.5789997922108564,-0.011391709240667057,-0.013857398132195536,-0.06618295417202441,-0.6973361450799096,0.01452981639145636,0.6803976986714783
CCDC28A,0.24760492727082087,0.04773917608785835,-0.04893083052837051,0.011455510391294055,0.36230664647471,-0.010033223005210944,-0.8110969067824854
CCDC38,-0.01765358004409892,0.07664284052115733,-0.16994065379409354,-0.010038943854801663,0.1119267443985401,-0.15331314901884424,-0.07117613792894502
CCDC47,0.336766698975597,0.22822171768213914,-0.04502237037009916,0.2966960763021127,0.7509053555932984,0.240588445150027,-0.6583354290889547
CCDC51,0.24055193185239568,0.2847966595172404,0.07904928035760907,0.5487501784083497,0.779406126973927,-0.8697546490504813,-0.5751699494964807
CCDC6,0.7381191098536815,-0.0052709439262686834,0.14345234368639453,0.19167680004143695,-0.3999735352608396,-0.11584033589539706,0.4866825632026101
CCDC66,0.5213093544686359,-0.1571068831012057,0.01745387860772784,-0.4316695894949852,0.3164802999738166,-0.2613892387222496,0.7210137128089364
CCDC68,-0.026470926880608817,-0.017935520701453656,-0.14705561025826508,-0.102173319220465,0.03955313779264604,0.16974517809152473,-0.07833210192633272
CCDC73,0.374973567534169,-0.08537168800315996,-0.3785739135313403,-0.7847318543137447,-0.033259939189200685,-0.10927700856832949,-0.3067784889965516
CCDC81,0.056556434207060406,0.1270472203611137,0.04169552493104491,-0.11700021996523387,0.26675543838782473,0.20750197519952585,-0.07502962851501388
CCDC85A,0.580133669715654,0.09454272991102947,0.1051650703383444,-0.03898701298291844,-0.798711081822055,0.08091850324130298,0.8622362077763284
CCDC86,0.0904076590637947,-0.06740995894686558,0.05635028246538043,0.3453076223039319,-0.4070419135266644,0.118303772501563,-0.34651336376741493
CCDC88A,0.5969413847721914,-0.008732260115377592,-0.02774077113318383,-0.387181331215917,-0.5702540769919316,-0.0899269012025552,-1.1224046177194795
CCDC90B,0.3388433838455595,-0.17932782466767105,0.02571246632985474,-0.2637859076851729,0.4512384522898402,0.6883330263048454,-0.7412971531357344
CCDC93,0.3397412451104567,-0.016800177614822755,-0.33879900570331484,0.15917576506818765,-0.5278012182321944,0.8973078538733914,-0.7094635610894031
CCNB1,0.7265075170285535,-0.0982076707453,0.08572723664329547,-0.3659316300169264,0.2688514275380188,-0.333664733066538,0.9172549336333357
CCNB1IP1,0.31374150375048254,0.13065724443731966,0.15374409889098836,0.3862994541556472,0.058347047607471725,0.18321495694395712,-0.8010669723329135
CCNB2,0.6200881311886904,-0.11880108953979716,0.06941773395604683,-0.2822640058715242,0.4040729480949147,0.2526011692615189,0.8696496742383069
CCNB3,0.472227334248205,-0.02997265888402564,-0.14958980502799832,-0.20198522060269333,0.7319128673988238,0.1578899714749052,-0.8974427202873815
CCNG1,0.6432361632550601,-0.037596831410358265,0.057850127367354454,0.3028603680608108,-0.6470917940604234,-0.43927292230511045,-1.403715406306453
CCNJ,0.4510840769963131,0.03800421810882097,-0.014538491063633046,-0.3272123683384875,0.09690118940828833,0.5820648195890977,-0.7005630307780633
CCNK,0.318826864428318,0.07646504346411534,-0.14842444370675975,-0.875188267747375,-0.13144774070515045,0.5915378944027274,0.13642831355884674
CCP110,0.49277995215131276,0.004168980417588017,0.2612526448612715,-0.2046222971597296,-0.7645036090836165,0.4142254890815959,-0.4234226698026253
CCSER1,0.7151337589913327,-0.12117887086370302,0.047224143983851476,0.059869969099235594,-0.5529046479846415,0.03345949372568433,0.11555164837898496
CCSER2,0.45745321897457736,0.23760609809082597,-0.0379600549260983,0.6104070383977724,0.49242346033739265,-0.09910213003070724,-0.8400050333968313
CCT4,0.5137811593948268,0.08090811131463851,-0.33691649284360903,0.7204036080725331,-0.12012785773051457,-0.26687249166143173,-1.002145730513397
CCT7,0.4897790342308882,0.036635371952697865,-0.031830193048968426,0.26555193056167004,0.4106479567968981,-0.2757554933413322,-0.06253403174147112
CD151,0.4157250771905151,0.0773256126990632,-0.12304702140772351,0.8765000221043605,0.0412165028382315,-0.34654638473232235,0.42954002467950675
CD47,0.34729657677960835,0.21626871590536817,0.07913233420048443,0.2166128318449631,-0.3130988592790396,-0.23184822006801736,-0.680033622573049
CD9,0.2660368346649011,-0.019329332447353846,0.17322073374180108,0.5707952557771142,0.5432054566596629,-0.5475838213776951,-0.7437645110948065
CDA,0.3216875377468672,0.02165278816637609,-0.01949479361215056,0.28521222282002384,0.5029712758854303,-0.3503796137717967,0.8115572272463305
CDC123,0.530145450643597,0.11080016488445633,-0.11188593482194492,0.21190691713461024,-0.2470041629161746,-0.03171185787359607,-0.8393693489430641
CDC20,-0.04733451281729644,-0.10308843474657452,0.04354678967807393,-0.008714886533874588,0.11609326034791231,0.07601962754478374,-0.17093653564623834
CDC27,0.5796807645226215,0.044037965635632954,0.00349450777808769,-0.42580463978884087,0.005804723508889445,-0.2735902741287673,-0.2941272804872853
CDC37L1,0.4139760533801594,0.17265182640835808,-0.10600209424482845,-0.2396483301787149,-0.7143323969278889,0.23180121711032534,-0.012525438483559873
CDC40,0.5556651070035051,-0.11928040510663397,0.027387522405444988,-0.5595921171626779,0.16232033758692252,-0.23295853478535458,0.9386194319257466
CDC42BPA,0.38392907698813183,-0.05516690328791268,-0.022498546636828785,-0.5057633389963222,0.39688356558998533,0.279805366917467,-0.7669215829689837
CDC42EP1,0.019397339130480848,0.08601271858281803,0.1145254204848464,0.2565960703065068,0.224009219509752,0.04509336277376712,-0.02382110182149306
CDC42EP3,0.3650926239747867,0.1979413971447721,0.08488753026267047,0.23855615355985482,0.34075293847768423,0.1653516755014888,-0.06149260802241624
CDC45,0.34659000610797946,-0.1589282519826102,-0.29816318486744814,-0.21506284778068974,0.4919236850611543,-0.15405187616619667,-0.8680247938745788
CDC6,0.474969438183419,-0.06365177680228509,0.20252758796929687,-0.7009068884348822,0.2644272589975973,-0.0217890507404667,-0.7394153385449649
CDC7,0.35680361157024904,0.1678539148585659,0.027994517739913845,0.06923717890560217,-0.7895805456562087,0.4101204015522452,-0.040576878887466
CDCA2,0.4222252680205144,0.10816877309025921,-0.0643748162049568,-0.35647720578400666,-0.05355019309017417,0.3528372706780986,0.3879832625793525
CDCA5,0.3182143650261895,0.18490976972478254,-0.2892463714157837,-0.5160269534729072,-0.09504693878387312,-0.8357082510241824,-0.39794853984930606
CDCA7,0.44141338822467685,0.12003674829964303,0.38613374909361975,-0.7794305082761313,0.246455018949695,0.5489365583156647,-0.799029405529836
CDCA7L,0.46537181352368157,-0.07760678784471983,0.23024335183001213,-0.28575763058025017,0.39001158663107965,0.8005648901668866,-1.1581102698820631
CDCP1,0.4088016804030785,0.11316068444408112,0.023921138419137768,-0.0719101967271309,-0.39667013159280823,0.6458242579732772,-0.6996933728472707
CDH2,0.39832071824058696,-0.10256847866206713,-0.03323197176149811,0.3709426378657391,0.33986437282683185,-0.05464458677993595,-1.098021201800493
CDK10,0.3555927941159516,0.12843969405514524,0.1056699986153124,0.9568897923453835,-0.060885344100257706,-0.3698238235168952,-0.7669238660939995
CDK5,0.547477514555122,-0.09490629977113106,0.15282327161347617,-0.26490646006799984,0.3109090129453098,-0.41371755379831326,0.7965849216687595
CDK7,0.6134805985858801,-0.1113691015409406,0.027109205430857562,-0.03350930670725921,-0.3882400675983821,-0.10153644366210034,0.7639836726571121
CDKAL1,0.44517431713545347,0.02728138308749763,0.11235829442442709,-0.16257074753093473,-0.5822920437808592,1.0514334095867404,-0.9204367977515703
CDKL5,0.30743584342347013,-0.07187970188314075,-0.5108292727090782,-0.11585725986059656,0.29488881660994976,0.12201357767719254,-0.585711891038017
CDKN2AIP,0.5821885732018808,-0.06631606506239562,-0.2358734426550765,-0.665210236728916,0.0626390597816681,-0.6884508557808479,-0.7317535948050821
CDKN3,0.4834384721980379,-0.02879423088785143,-0.019364212600889566,-0.3940424227717294,0.15232313884927925,-0.6809066724791526,0.17029380768778687
CDS2,0.4436429790891304,0.04978800435669284,0.26906627866594646,-0.06133322292469212,-0.28252056515394075,0.4469690144893973,0.6446947298922387
CDV3,0.41120494094119603,-0.09797240009770125,-0.17813048489247482,0.2991529549795211,-0.4886862845925136,-0.26405038719677376,-1.1452710311092396
CDX4,-0.018599913097721955,0.004519392469254246,-0.00430128314135557,-0.0017506862973617717,0.022118460073081943,0.0012071371928903515,-0.016618255534658382
CEBPG,0.38784215607212824,-0.04368593830051886,0.0697738547803571,-0.18508948570642744,0.45527192567329217,0.7481480140718869,-0.5098719067020987
CECR2,0.5850911720229157,0.07404112119254688,0.2908290121550409,-0.7746507728174995,0.301238117432575,0.06734062299680159,-0.3903951906589177
CENPC,0.41905819429327823,-0.09069068221706941,-0.012845763034431305,0.05052463829318608,0.3876540912292979,0.07217012196292179,0.8288501764612735
CENPI,0.2795777701914687,0.273207854062537,0.02980361512800469,0.7608612371082627,0.013854333757719686,0.8681647931358824,-0.8363685989405447
CENPK,0.1862841137461626,-0.02114831028200426,0.10553850319530235,-0.4754717941472975,0.02091492626831683,0.214943793230997,-0.4149065675156261
CENPQ,0.3462154156459282,0.18822006600175425,-0.2672016593302981,-0.5074111229389521,0.15333294769854283,-0.009730890524927533,-0.5828208237190291
CENPT,0.2946535368316383,0.03313312159304656,-0.03008068159842323,0.393054387583436,0.5816650098217518,-0.7754899697754547,-0.32518485495114974
CENPU,0.4917434630267137,-0.08769643187213562,0.1599299164749391,-0.7663372045321121,0.12197750357418712,1.028881608591555,0.4642474656269181
CEP120,0.2573543106476459,0.10525821081291062,0.05344925545029143,-0.3695796355132708,-0.5069059582911033,0.412183545861574,-0.763802775180134
CEP128,0.2082696849995513,0.039899001041634484,-0.3328625653041785,-0.3251634844809028,0.22487392850695406,0.41439727975621227,-0.4447271118639742
CEP152,0.5578762726233587,0.021837797389005507,-0.055987575623270974,0.018589636062836905,-0.8572088409645654,0.153267172556454,0.026542997764276086
CEP162,0.3471224498273462,0.0199329602567235,-0.363561657903763,-0.007938036369116644,0.3760140223419604,-0.4356396989275176,-0.7411237690319181
CEP164,0.5423194554786684,0.09983976589991929,0.07570952285272257,0.06256081038413873,-0.4789342145956802,0.18391065875467635,0.7302822814870237
CEP170,0.5203609401228256,-0.022940279400978678,-0.0418306210642178,-0.6402949582072651,0.345777990397208,0.320110770896937,-0.7863959177994768
CEP290,0.5824782515985314,0.007578863867480293,-0.14130317665109762,-0.5432067357553785,0.3205756671062494,-0.4477394392391355,-0.2575700340561051
CEP55,0.3297826658786048,-0.02506818711233242,-0.08293896088374206,-0.25235286921294375,0.4351516144334772,0.8965459468131917,-0.4261029252826719
CEP63,0.2475300004281977,0.08534417940558446,-0.321884787058947,-0.18405306963846507,0.24748657533055043,0.40280310531127766,-0.526982382640766
CEP78,0.22191171158920564,-0.004924713480596052,0.09835696236429306,-0.9334601885205225,-0.32799596608069276,-0.29486468081769546,-0.32172466340828326
CEP83,0.43148186485472817,0.032392863132851106,-0.20878144640118104,-0.31055760446890684,-0.034851997011258906,0.41896957533866325,-0.4469476380950417
CEP85L,0.2265313392787957,0.10126579761399321,-0.34856407264000666,-0.585609957608594,-0.12332416827935043,-0.5583047411905515,-0.4924871345357213
CEP89,0.5668669981849241,0.07712285658904432,0.017414707354807678,-0.01750977831442213,0.5995828853166801,-0.391432574714177,0.7899772315159937
CEPT1,0.3600858422425847,0.06724585587969063,-0.2120879163099058,-0.40643358528496437,-0.05961399726474663,0.27983582110698035,0.08805340944847502
CERS4,0.5511931543595248,0.025404433159792898,0.10274495251130934,0.02905911336818218,0.9515232908812471,0.9191468665374836,0.6054392369444288
CETN3,0.5477089378254809,-0.019471627286276383,-0.03461462338629456,-0.010594954190000118,0.3921941286488638,-0.15264278169581097,0.17513512778176415
CFAP97,0.2121748283364362,0.03857608286196409,-0.08031382333415725,-0.07824309231449049,0.37902365177262626,0.22134673488089862,-0.45972699189418775
CFL2,0.4398118197258056,-0.12480679513739003,-0.08396932043090514,-0.07051637864797353,0.46782493972252065,-0.7657393427606205,-1.1042811641880155
CFLAR,0.45844935394811775,-0.04358330069523524,0.01689309592336985,0.1603795006353626,0.36032112414722955,-0.3229504227830495,-0.4943910719593147
CGN,0.24015667699599902,-0.013187282740274016,-0.07348017368797637,-0.08973737986577253,0.13379786456343784,0.3822857398149926,0.9636647759803798
CHAF1A,0.564417430697009,0.14180533947079663,-0.07378205934345669,-0.11190334724392074,-0.5441667504425282,0.3593941399352667,0.5224237745914009
CHAF1B,0.4796946915115194,-0.05160501448962057,0.011912280280333636,-0.10639174328099092,0.36140724733343205,0.06962456968391426,1.0866396379677328
CHCHD3,0.5150529363049998,-0.09556150277774081,0.03008035097877994,-0.5465048644688969,0.15634583826057166,-0.3272680193904025,-0.18935603946162471
CHCHD4,0.43182790689750383,0.1994313651364187,-0.0610277425670019,0.27380388196000166,0.6839799601151311,0.294031672753891,-0.4530932896232174
CHD1L,0.3504321340246624,-0.03567759666967132,0.059374937943605495,-0.2036822385624243,0.21763791800485952,0.08712809717351044,-0.569648431844725
CHD6,0.4052710617054724,0.01259784177182866,0.24679997731786793,0.06478047212967872,-0.5726354616361059,0.40361886158690624,0.5018086622377551
CHD8,0.36162021472358796,-0.03610849717803787,-0.062261890883928216,-0.17459534327443213,0.43841663887327537,-0.34761446117752537,-0.8210404764063028
CHID1,0.42738522389157885,0.09570279535786377,0.3845752066589509,-0.055930531735190386,0.6633065883227909,0.1466158274662848,-0.5900038120510812
CHL1,0.6163951715942414,-0.03555898531022441,0.09660703370979788,-0.4906130786044116,0.17805809813202925,0.20778241628084826,1.072772782584276
CHODL,0.6326947960689374,-0.2249800385112377,0.016053954084227627,0.19325479828817216,-0.165001711093378,-0.2505946073477709,0.693195950746602
CHPT1,0.4115164647252967,-0.14730759988712902,-0.1210574806768979,0.06390317012579663,0.8058544120839009,-0.5247249117288343,-1.0199189089208303
CHST10,0.5371247165283138,-0.04317078731092631,0.10444129435225519,-0.5333381840585624,0.41611035308070166,-0.5976486036117422,-0.7948846808236641
CHSY1,0.4819891410680609,-0.06666681412554931,0.07278598366247942,0.863982134039375,0.025101343240183472,0.6258596120252722,-1.224288607997435
CHTOP,0.7091306260998378,-0.12582720525826696,-0.07163757351309565,0.5909046137069738,-0.23478529934796882,-0.08972588784955574,-0.17428277020806765
CHUK,0.10933900596172158,0.07362443567173332,-0.15268961619074153,0.4909540892793959,-0.5706236172834346,0.6947881845635129,-0.2723838033265902
CHURC1,0.5374188839485206,-0.02555596659124721,0.12297027000248285,0.5699942722178395,-0.531042809887864,-0.4143993430751186,0.1913452566616566
CIAO1,0.09533224432165702,0.08641608851017168,-0.0844176558462075,-0.0002906984709112177,0.3190296505691777,0.34466985467943656,-0.49960985795405927
CIAPIN1,0.19279919813987326,0.07909142878427054,0.1462875104333288,0.30469621929012103,0.48561967275325846,-0.0632443285821775,0.9592201461752089
CITED2,0.3174560255199141,-0.07363302141785959,0.023138634196134298,0.2656546723115939,0.51131233943294,-0.6763016246840069,-0.72661132591065
CIZ1,0.07753447594899392,-0.019079862007839888,0.038585523363934365,0.010077577362565378,0.3550396755788214,0.19835898755570805,0.08455728719439527
CKAP2,0.5535906619332978,-0.07710661293468384,-0.06724864938942847,-0.5139075354238387,-0.5011156383785964,0.1613240647772445,-0.2736958503754109
CKAP2L,0.3631957810611695,-0.06314291212435072,-0.029053031319484977,-0.06925136504910795,-0.3286147946629235,0.5942349971832372,-0.8633755244235506
CLCC1,0.6408521525303759,-0.033939609926369976,0.04573652317356078,0.06617997632856687,-0.6215392851323082,0.2804216233427919,0.14022719865687577
CLCN5,0.13677026440346116,0.19330026787882298,-0.16068187958528382,0.037388418010989626,0.41851214339467324,0.2594631672927233,-0.3822978208086848
CLDN4,-0.0004795695182955802,0.0573967930658844,0.003742878712906948,-0.02570009420856312,0.1440030321917296,0.06846181321624095,-0.18814689022715186
CLDN6,0.041697367856586995,0.09247008566213626,0.154119044161061,0.3118238622808243,0.27136901585971007,0.06484969287052011,-0.07990808637214226
CLDN7,0.05370154973329663,-0.005097516633883439,0.06377003370779559,-0.1311120613014781,0.14268705143104485,0.08656847940509013,-0.068380650364622
CLDN8,-0.05500006786849033,0.02175166276461712,-0.004502878295270286,-0.009081663656889099,0.10890319894936129,0.020083962867152208,-0.1195808457782854
CLDND1,0.42357796968833794,0.045033351983975574,0.14845282628545176,-0.6614784255699132,-0.03729153739230636,0.9694341527061918,-0.798797777870652
CLDND2,0.1125823294266751,0.17139455673217913,0.023957365453237105,-0.030657952261722524,0.2422340098506803,0.13547608926520294,-0.2633943317565485
CLIC6,-0.02654020622078234,0.008080212171546686,-0.11859014336512343,0.22384245906242195,-0.2542357750362106,-0.25461828584994733,-0.16967637123652923
CLIP1,0.4885087901451568,-0.057044931044811974,-0.19215792905720533,-0.10178131418552802,0.009334500192884754,-0.040605365382473765,-1.0222769291817115
CLK1,0.3818345138361862,-0.009996455260376735,0.28731632173988864,0.08542743447677445,0.8170204095116504,0.5796947473731309,-0.9141581423905689
CLK3,0.27333700641915654,-0.0074897424912103066,0.06423492767480463,0.04977887357940391,0.548683855364834,-0.20743741186106068,-0.35731902192443593
CLK4,0.41186301940191244,-0.04675471235458945,0.11888723046653944,0.9499879712818163,-0.033734383920864086,0.13978562191967284,0.5520630865663112
CLN6,0.4061963035170261,-0.09452046958255207,-0.33666055434858233,0.22916951443098457,-0.025724976356038813,0.08916806203268389,-0.7775487373935562
CLOCK,0.5569374668638413,0.03279466407039521,-0.18850557889471095,-0.24715288215415754,-0.37381986944611406,-0.341024937340536,0.7768743695845054
CLPTM1,0.2504209909431774,0.08806687972683254,0.08902520882712464,0.3038334481878854,0.6788251749641024,0.7763919761886396,0.6980824721062906
CLPX,0.43938236694044114,0.08883750172874144,-0.017455763134462624,0.04817274991014549,0.733628484879716,0.7271716403119011,-0.7676217662455003
CLU,0.46242813464190385,-0.09902756353874131,-0.05728575869583133,0.5376746064981283,0.256107431106288,-0.3466831726199584,-1.0976615016365825
CLUH,0.6334970987705905,-0.004352916115287284,0.0391155767195665,-0.414442550155187,0.024597281631402047,0.12997251552602843,0.8024642266566235
CMSS1,0.17226113711160498,0.0553274187606116,-0.39032841505274357,0.0034101916276282496,0.2082366308849838,0.330976387174535,-0.1916427004879433
CMTM8,0.4339193101478734,-0.15233875371567185,-0.06827130232508392,-1.2455502565542782,-0.14133734468940878,-0.04193165350892259,-0.7947037049892051
CNDP2,0.47607922189160007,-0.055821642659461435,-0.12824857406366927,0.906445980687238,0.0018731039256624832,0.06589336129047028,-0.9838463812545839
CNNM2,0.7416849028978705,-0.02410421116038325,0.15157498337470643,0.035814792503797224,-0.7259887757330127,0.2650680943078195,0.7674490267317534
CNOT11,0.5087329393965246,0.060085161721464914,-0.02646192206866846,-0.6925834610715247,0.10305917504716965,-0.2762572914286805,-0.5743361516379297
CNOT2,0.2171180066265236,0.030985330705046457,0.0507819145061203,0.23255145024652915,0.5488498584615983,0.4797014364560495,-0.4946263623823058
CNOT4,0.5829299258397415,0.026816144903219354,-0.003750163502029193,-0.0004065195808505979,-0.40143478303502256,-0.33885649339965873,-0.22289603568015423
CNOT6L,0.5544847892074692,0.13876188384038549,0.07543056544108448,0.27703229079609065,-0.31250829723748336,0.3577522872854204,-0.7771478097287282
CNOT7,0.7005308424414421,-0.024128810067167807,0.15697721903713113,-0.045039363927567834,-0.8292086693166939,0.19423724302047754,-0.6089230254851035
CNOT8,0.11648804920967752,0.24938640769659454,-0.14084360718806502,0.28351108630615157,0.28880534551763015,-1.244749017808936,-0.10517430002786894
CNOT9,0.38827111274516646,-0.014547089996750896,0.32208422995877267,0.44507274047929224,-0.22624453196132424,1.035071552517307,-1.0664931722495712
CNP,0.6264365799271142,0.0004786500459720652,0.018246260625093998,-0.08039762534092826,-0.203625737515281,-0.4409487441295666,-0.22092529529079868
CNPY3,0.20028169053979286,0.10302471854745386,0.048716419864089075,0.22430220290401795,0.5697512107741327,0.5265486797809186,-0.44404923550164
COA4,0.501451809921754,-0.19378107815329135,-0.037287682209957616,0.03242754903699672,0.8041048564558113,-0.2993554486399507,-0.8271770309766783
COBLL1,0.5374247220453706,0.04793914445161055,-0.04613087289319129,-0.5487855194886206,0.3053830812496755,-0.036439540738520806,-0.7063962541776981
COG2,0.284438316503628,0.05546922280558082,-0.07960791567372247,-0.03276362988067721,-0.42192577245592505,0.28279130314948653,-0.4554586935279489
COG3,0.6518031327802447,-0.013945715723022294,0.31820271808912426,-0.6389518332305199,0.04744708541663562,0.12590318138257353,0.4821497481825217
COG6,0.5004000215715633,-0.07758371985441073,-0.26041557690198586,-0.743849051139927,0.16524257823958655,0.2207754340982554,-0.26949912469304843
COL4A2,0.28532949789974466,-0.11219928585248158,0.17265685124054145,0.7202371926019133,0.45192488057060376,-0.6122263597878916,-1.0032389670369717
COMMD1,0.25557969891524734,0.014104839312979102,-0.05866888015429707,0.5264078764225346,0.6039269942147075,-0.3817856333713767,-0.5540446448000735
COMMD10,0.27916931507256204,0.16011916086030836,-0.3337956434293869,0.08591094473419676,0.5630511543486049,-0.205952399645113,-0.7262933467387631
COMMD2,0.49988575028142807,0.024115033449926566,0.05317868732311831,0.11600514259070364,0.39217783932412137,0.8902254585930672,0.20657062721151975
COMMD3,0.438774969699764,0.23447453988280398,0.08866333636245262,1.2029383706884937,0.12037928175420193,-0.24933459605210537,-0.8908610337364
COMMD4,0.46199409548518,-0.07336724542744352,0.036958018837640945,0.4017828417688114,0.9176795969114696,-0.45774208397732935,0.2270232003068316
COMMD9,0.3388002490273454,-0.05590476278047425,0.37385237747086825,0.2437835598561115,0.6730747120486031,0.5711509021761407,-0.5126608704820561
COPA,0.5100381796341564,-0.10778508167544691,0.038524168935716946,0.5486807548123784,0.37151091460159213,-0.07861978705799139,-1.3405928494087669
COPG1,0.37303308293274823,0.019705992323884813,0.049841174176807855,0.3219361867538292,0.7097226910248764,0.8629231355934917,-0.6624322439325668
COPG2,0.6257557875476676,-0.021431096331314087,0.29131619673021847,0.09817099257205528,-0.35787469377933206,-0.22697252687381506,0.6504657376184237
COPS5,0.48567016426401294,0.07328335915693737,-0.05123618222164618,0.3078441125866644,0.6188100013262046,0.12014479716061884,0.029866954054343555
COQ10B,0.381485395620786,-0.03799237314746679,0.1763506639815016,-0.4521685826871937,0.3687724674950049,0.2645186091881239,-0.6897144347356231
COQ5,0.3298512961491572,-0.019614347858017012,-0.010704967490290289,0.2818965854189885,0.6304628897260436,0.12875960079132454,-0.4283263469463788
COQ6,0.26445932418150897,0.043954006752408695,-0.20006349202601112,-0.46625218546634517,0.2578970151903947,0.8672758349030594,-0.6167843814138795
COQ9,0.36705983668983144,0.13061612041269716,0.11941802292422062,0.6048593992571518,-0.17179536792632147,0.9470305684626167,-0.43456135413470787
CORO1B,0.275458303197572,0.03420361538593161,0.28575283944733143,0.850701835646457,-0.04046609751597554,0.10184948922642444,-1.1499347116544743
CORO1C,0.5510138730629033,0.057620137404963044,0.24739898495388069,-0.17708203803957168,0.5427348623183087,0.3188692725533344,-0.8863646522218761
COX15,0.3582361985440179,0.005768070843677034,0.09841898217309616,-0.26640948633318834,0.49205670374675725,0.940597347000036,-0.5331898123649307
CPD,0.5259634587439223,-0.006254017418133949,0.43225637128516625,-0.42657413881421785,0.11295225685199049,0.8472759301126552,-0.06148262531007601
CPEB4,0.42096304166637183,0.13427567116200934,-0.1383483674937926,-0.6742168607296577,-0.6546550986504612,0.2487364225723144,-0.7615232572100764
CPPED1,0.16134200321214423,-0.021154598824758928,-0.006454316148304339,0.741680664155758,-0.3428154751508342,-0.7292986693287807,-1.033029271533595
CPSF3,0.4730210233038526,-0.0725277513906178,-0.09434061827339547,0.08780965203783633,0.8527259201442992,-0.37836616177239096,-1.037789222902094
CPT1A,0.06542792701030718,-0.00771339079000353,-0.2778307785655525,0.2800113276975735,-0.062003038459510336,-1.0104244865464094,-0.20864049560451978
CRABP2,0.02173629847719116,-0.012280424621292292,-0.1198558024558518,0.2543726897637395,0.13278752925949258,-1.3901802711656703,-0.12143068229425477
CRADD,0.31024434310511545,0.19860945325883403,-0.17355407842567566,-0.5201518777243205,0.12940865842939364,0.1586815706268163,-0.5664979224055847
CRAT,0.24035865724429487,0.29050496700465755,-0.09370662803122501,0.17084953509132497,0.6308527068055696,0.08447435338415743,-0.5742911983809356
CREB3,0.10429334674632988,-0.1128883916456226,0.03820739184143939,0.04417614977219414,0.31760274122527943,-0.20001246717684346,-0.7167249404896814
CREBBP,0.4201242511253461,0.015733154935691586,-0.06450039802439132,-0.5093818910681672,0.2659148589975515,-0.3082493055545002,-0.4118387049147031
CREG1,0.5671787937086947,-0.06230320491431159,0.12719408253248282,0.084113339757349,-0.6139802106407394,0.453971257874001,-1.2869653080689363
CRELD2,0.42858432126596857,0.08653757225385494,0.35696373660204495,-0.5097628221088777,0.24160779170225746,0.24160650186017923,-0.5776060154201854
CREM,0.4877985034246358,-0.029998816376305613,-0.04363602162979925,-0.0520982945797829,-0.7655861943128577,-0.4343747650448362,-1.0641542674590558
CRKL,0.6021546616868615,0.13675489578208563,0.15140663213621525,-0.33062764191016514,-0.16144372801667298,0.10608336445461411,-0.9923992711079379
CRLF3,0.5171490697192628,-0.061372320620995666,0.04425940644801263,0.00947884220718241,-0.43008771442708243,0.9603367629678157,-1.2114611137729
CROT,0.4067070962066155,0.14336986851521144,-0.08075794332300035,-0.0687604922051334,0.7127259902603369,1.2768064300853674,-0.19711331085435596
CRYM,0.280736861402572,0.05786585962318971,-0.07701307587834251,0.7353071168422727,-0.20785812445831658,-0.3823307330664067,0.8776695179295398
CRYZ,0.36461339246298013,0.17244152744097685,-0.1613524168232754,-0.03846529442114349,0.4959401661693667,-0.07977161978546111,-0.6761059193519755
CSDE1,0.641231056058424,-0.12436901266216126,0.18885230546173437,-0.10914415380048603,-0.3328227848047702,-0.29382703672000227,-1.4055479066315133
CSE1L,0.49756284034765563,0.04074320290805557,-0.11986699316116313,-0.49016708788018637,0.14129462153696523,-0.4882915801097387,-0.09699296098857312
CSNK1G3,0.5682096913374357,0.00011940620833404008,0.03401115304040946,-0.4505928289474761,-0.04333606713627606,-0.15325829440442168,0.7352944141193335
CSNK2A1,0.5718675743938211,-0.09971137695022145,0.26593492866936813,-0.3240722280265941,-0.21158805062930075,-0.012517739884005901,-1.3962993684970284
CSPP1,0.5728755932995101,0.004818279568856744,-0.014435806954121664,-0.21990411612870228,-0.2862225676972263,-0.2955239032043191,-0.9781499556835402
CSRNP1,0.2025611749682449,0.2405995614777351,-0.1307971173069381,0.2513359851488892,-0.13554099070066586,-0.43913029687126526,-0.43264085696093757
CSTF1,0.646319057153646,-0.005424968893833694,-0.1622363743930079,-0.35300679365954957,0.2597038836242015,-0.24576716443695448,1.0876142046932336
CSTF2,0.2319530619844695,0.07437600723033194,-0.005479170344721651,0.046857515330655394,0.47351325852448817,0.6284471122988138,0.3108061726518611
CTBP2,0.6147638259630329,-0.02349091983651346,0.2673136006106541,0.1950125124460275,-0.6427503258195915,0.30367341385420005,0.8511784312451469
CTBS,0.699449311554531,-0.15201609775829308,0.19294250930626328,-0.7691597129447472,-0.09112162628320561,0.6197981775485163,0.9067091192836643
CTH,0.13856144449545912,0.10637713780967138,-0.05333320485292577,-0.024595537075536043,0.3384566484449196,0.049165222123599896,-0.31807519122363626
CTNNB1,0.694179520209403,-0.13205195938733438,0.10191181502429457,0.03513179316971634,0.3459944678061016,-0.29912437717074053,0.6421130146485317
CTNND1,0.7352659979392733,0.012393037960539083,0.17732248896656186,-0.3683554334580776,0.16706256725905355,0.05811086406030526,0.047982167261397965
CTR9,0.5172020808316004,0.04135181248568373,0.022586997283452134,-0.011632229058317404,-0.42605706592988646,-0.2637745896495123,-1.066624201310114
CTSB,0.7796158592986108,-0.293444746160824,0.211550639460807,0.5047558939614664,-0.6805688177745337,-0.06882290878513851,0.30670740783163714
CTSC,0.31874230523998465,0.03513735348477059,-0.09108217093319856,0.8711562550603827,-0.42314683360099214,-0.7578097881534205,-1.1180086074000721
CTSL,0.17894728967112886,-0.15294974973529155,0.2928870704291405,0.7500669100016303,-0.3167540504926869,-0.5411487289822159,-0.4546973706621263
CTTNBP2NL,0.4035897745072178,0.0537893657178285,-0.027692447264328537,0.28613901276196285,-0.6314382451906715,-0.7784250484385464,-1.0976726947557103
CUL1,0.5504237035314956,0.11204050009039486,-0.1539041392256454,-0.32829754728903565,-0.016959705124562435,0.48052358661308137,0.6123581278913538
CUL2,0.16267415397140567,0.04993895026151669,0.04967692826042144,-0.03426208603904812,0.48306008532042827,0.5360157586647448,-0.5412613875696318
CUL3,0.49283161254001656,0.2431561812928781,-0.2654688543431736,0.6678340489034419,-0.18945559897164896,0.2604807569202215,-0.04836138378887806
CUL4B,0.5518805072248458,0.11670136387072032,0.16538759421368637,-0.3636268594861595,0.4560120888332075,-0.5329633118612471,-0.8499205708333948
CUL9,0.20161151384173553,0.17311916413505263,-0.1178065979795249,0.09424140991663445,0.3700633202622145,-0.08838196218637376,-0.09747018979957348
CUTC,0.14922483335546866,0.16187140027621977,-0.2097095799526093,0.2623077912194634,0.26966632372815935,-1.156498625774043,-0.5985671024800535
CUX2,0.36371024524448464,0.039649088551356786,0.11834882234561227,-0.24981730338859331,-0.05184211511552888,-0.5749056487159697,0.7325952101289109
CWC22,0.4379342467472159,0.08159516647255777,0.00986142450635237,-0.27865333563485734,-0.129821681356748,0.057862210113039415,-0.947390861807025
CXCL14,-0.03377317796766653,0.03723542055525648,-0.1113020826356835,1.025599016883039,-1.2885336796715365,-0.1791238819723804,-0.5583823122396753
CYB561,0.112674501959475,0.18835917531741164,-0.029014667337619853,-0.30871276137912557,0.03323887285159177,0.17618136516064517,-0.0019876304853660926
CYB5A,0.5478253542527478,-0.24207210191891299,-0.1192714781876907,-0.7582745161412635,-0.2756216710923514,-0.5591704484553995,-1.130676067914197
CYBRD1,0.2795820212786005,0.08553838539800208,-0.1933513352956576,1.2043975205118604,-0.292955169787038,-0.42186653169494076,-0.9094007298055056
CYP26A1,0.21065939644765896,-0.011722564013328666,-0.1703287121356397,-0.14390783376498031,0.1898042233220367,0.6292923675187242,-0.10143693709910585
CYP51A1,0.27991753334487873,-0.07474544484778767,0.10020123580145336,-0.024377034103603288,0.47262035768107535,0.2692008414753255,-0.8005342209270737
DAAM1,0.6032977541436284,0.06191884267799281,0.029341422541889636,-0.38188973297771617,0.20188350566939076,-0.18127699823648538,-0.48075732199819027
DAB2,0.24717858853933553,0.0935581191578376,-0.05906966570088288,0.9875164690276461,-0.3154269243096514,-0.609462686994671,-0.6976980647168178
DBNL,0.21205569655010503,0.14058527273143168,-0.05556079299975352,0.5987292200812641,0.6256483769795929,-0.6754683444658043,-0.4984273524540607
DCAF1,0.4912509627322448,0.34820410567977894,-0.0964084753861175,0.1294250547545677,-0.8989359029040106,0.7151397021820699,0.09277997109824863
DCAF11,0.1640844828774832,0.03522457786366357,0.1510644883573681,0.32293789083189955,-0.3025325355544936,0.04953462598992706,-0.8623409175358224
DCAF13,0.23587720877345092,0.06445515777872955,0.10765132599716931,0.21675044857777748,0.651468302889369,0.43221714387318705,-0.4886338184002154
DCAF6,0.24095060536011867,0.02383234375899713,-0.25494146406133916,-0.2306624013558003,0.4181544208328858,0.8259411296841123,-0.5707159048262626
DCAF7,0.5677658509897169,0.08313143527807514,-0.2104043148743487,-0.2584409695820044,-0.11185961558436866,-0.41348321016194395,-0.8076847310869157
DCBLD1,0.6301668686893299,-0.04453863506062241,0.23127981280018176,-0.058715478480679845,-0.3149640564282624,-0.038872535903579516,0.9693253028203935
DCBLD2,0.41163735596151985,0.14873307468240957,0.3309727314333952,-0.33891704247271986,0.06278747112240131,0.30655075001240534,0.8722223802708134
DCLRE1A,0.3952945456333604,-0.029616419209352585,0.5011409785952623,-0.017040845324916884,-0.6357311527652404,0.6555783105815133,1.0224440763395477
DCP1A,0.37323760126437827,-0.046990971789912475,-0.3300727368666246,0.18850849557194208,0.3122045740393427,-0.3224472312466981,-0.490440855624834
DCP2,0.38323362853807363,-0.11623601912854294,-0.015008992826134005,-0.2179934370934351,0.028495275797490636,0.07700058326636615,-1.0694073238154793
DCPS,0.24385384437224178,-0.01530367740652713,0.15022383575060191,0.8960728633072609,-0.15466586629521567,-0.6935683321440194,-0.8644514676440486
DCTD,0.4342991778256884,0.18010079739860094,-0.11064625650000003,-0.4750809804222158,-0.011629238595149591,0.796762471426302,0.8225455700044055
DCTN1,0.32708918930019126,0.1987278638995302,-0.24995954846651836,0.26342829754699615,-0.2328993239729605,-0.623387837286284,-0.881811608325229
DCTN2,0.36096528278923656,0.02155131600359022,-0.12049523090158605,0.8966404481402871,-0.013231872358066159,-0.11148511263877331,-1.0046366132659075
DCTN3,0.352324020128112,-0.09035522447149737,0.016461541298623192,0.6581778880250506,0.46836923128313745,-0.4457426834056879,-0.037074124722442044
DCUN1D4,0.6075112755583223,0.06871819083382827,-0.07157379837604533,-0.6663361577866236,0.15511562476532073,-0.6502139721281891,-0.34817847670938673
DCUN1D5,0.5402582248447707,0.0744325060980428,0.08222547482090196,-0.5855266150603615,0.05736139156202661,0.17677391866538317,-0.5646565623438745
DDHD1,0.5647031193756858,0.12809668599278928,-0.0749797173468628,-0.9181598332279735,0.040420227037652474,0.21848638429116662,-0.5624168890284211
DDIAS,0.4145502865430622,0.1839071150296773,-0.2730739222569036,-0.7269590565482806,0.03562614986702595,0.2588596605896809,-0.4335527552822822
DDOST,0.47468570752588035,-0.125396977804519,0.19895370856538125,0.5011302201056317,0.9724889658013735,-0.6098505598472208,-0.8752400730058798
DDRGK1,0.35433914510112063,0.13168926609329357,-0.05923254678019546,0.4593322983778306,0.6008302596949693,-0.6565901526826334,0.525182317658737
DDX20,0.4106922849311789,-0.19610593786350392,-0.2531933106995447,-0.21723329571596142,0.4710449634833842,0.010484493911057206,-0.5543980131581294
DDX23,0.09461707249903199,0.04291652876468536,-0.12176577542625365,0.010704908716553748,0.3871607029158144,0.21557484435588764,-0.5757265033213821
DDX28,0.2671780111076803,0.004693455994370077,0.1260882049042113,0.0669525415057879,0.5129457586377977,0.529641694458255,-0.5815891979431379
DDX3X,0.6660087198044801,0.004616491231966544,0.22701312144505587,0.6337843574496455,-0.0021060894713335766,0.3626142723432495,0.7193572839749875
DDX43,0.5076792539200474,-0.10256564467964198,-0.09819767019197699,-0.941880035286007,-0.21062254825064844,-0.7924127467538218,-0.7448567928294523
DDX49,0.15972738612738416,0.010291992265223763,0.11653594852814493,-0.016993197559252143,0.43496726087398063,0.3113252610776066,-0.3087534948349624
DDX50,0.37796002843954546,0.019103540575672893,0.04976509127740244,0.11804671238843233,0.638543375346009,0.5813612878002078,0.7461054999482833
DDX56,0.28812890940608926,0.12749367834639613,-0.4967671663241575,-0.02251841034719568,0.440779676676154,-0.5482196096659828,-0.7432927657723843
DDX59,0.36125291675823923,0.08193017537934359,-0.09850056033202917,-0.8771548512657817,-0.08099693672267959,0.4758707818349768,0.2433052300261439
DDX6,0.5442092071036435,-0.037563791668018355,0.014697482793372863,0.031129708100241623,-0.4654038337402475,-0.18806392032421543,-1.291500545411049
DEDD,0.6735426173867708,-0.16255545907484575,0.04969760907410691,-0.5960436526427637,-0.02212332538869607,0.20429783470566554,0.852521181393277
DEGS1,0.43104475229649264,0.06434910904746977,0.11010514632193046,0.6495513774808629,0.35306165350130053,0.16572073149991626,0.5972800651911595
DEGS2,0.3502941849017834,-0.09220401510363335,0.07367404132855498,0.23957515866964124,0.6655620564462552,-0.4503954213947987,-0.47850447523445944
DENND2C,0.09289846935821744,0.26054527565931607,0.10680166658830506,-0.3620254907726169,0.02490042196902727,-0.12787387351295668,-0.2226039241065689
DENND4C,0.4499390060916308,2.2591428529607843e-05,-0.04197456879823486,0.22948441522035304,-0.17729569708773496,0.3051890904648152,-1.1699420491761552
DERA,0.16915059001732655,0.2037772426027496,-0.06601432868229422,0.3660143461053751,0.34028196764105545,0.38274312825381734,-0.1751134960270944
DET1,0.5317099522563113,-0.12554797028008632,0.08673402339928167,-0.5859010769962114,0.4266005962556175,0.05136734162257435,-0.7559640355148113
DEUP1,0.5546192381692822,-0.09874945176902644,-0.004673091989465903,-0.35465583598875466,0.07260936295103532,-0.1042248794150449,0.9853384489862126
DGCR8,0.45605872402762954,0.06370878438001963,-0.04200495655060088,0.03856306991553991,0.4273225273378803,-0.6027329281113324,-0.3235263489197668
DGUOK,0.1526254250020951,0.2031108311469223,-0.1561553219484574,-0.07409345253731744,0.4236796763281414,0.5078736900409873,-0.5175874349564439
DHRS3,0.17900441964449096,-0.07364169662475681,-0.07254914641437557,0.8842560751562955,-0.27460391397651274,-0.4271503395287008,-1.00191578922164
DHX15,0.37791753425082814,0.04747838286805741,0.04783249629538374,0.9305026111252126,-0.14992554218107967,-0.5679726857264101,-1.0011771820217263
DHX32,0.2297355164250146,-0.14470577010497984,-0.024259368967234338,-0.253855496324479,0.2323673123119882,0.5436777675309621,-0.6851765294558627
DHX36,0.4849644254305584,0.1142158616431994,-0.07365384690130865,-0.10253977150023047,-0.5254744416851672,0.33376720460722986,-0.8831398708854176
DHX40,0.42477131972850735,-0.040185825563479216,0.2040628841227384,0.09721293644953173,0.9682491257712307,-0.06786197864297008,-1.1560724895619128
DHX57,0.46259512019781274,-0.12053323369223302,0.2717729706783266,0.018713373259947128,-0.7388822460081427,0.809120593164633,0.05679121792984589
DHX8,0.216556377320231,-0.13190003569419548,-0.4196291906922573,-0.20442540555430283,0.34225336762446085,0.4310382024254043,-0.43727681568321697
DIRAS3,0.08733292470173082,0.03751666699450343,0.11714069116197712,-0.05520787309967345,0.3759390281215313,0.21144443834478013,-0.542987949845991
DIS3L,0.053069535329936274,0.16219637779777404,-0.25004134664994354,-0.029290993798344173,0.19450333186386556,0.08859322406392342,-0.10880987735658924
DLAT,0.3672392409753631,0.09153817807316698,-0.10126347782865078,-0.8415141215698365,-0.2608251127496837,0.03470181149129678,-0.6502170328315473
DLC1,0.037455099995088816,0.018270910217544765,0.10139678449223771,0.10313449689120198,0.33140373129722384,-0.1586436809586061,-0.5861947571068948
DLD,0.34327889917685034,0.02310870928126436,0.028573949242081658,0.23800213639546758,0.5291594492511262,0.8378232414696646,-0.5743804659985086
DLG2,0.33661138817740727,0.17291794809845906,-0.13406656212396617,-0.4964200649033807,0.024250846347128922,-0.8549989116890223,-0.539557303728084
DLG5,0.4329031908670151,0.12024695320801236,-0.17853133069162494,-0.42583890761354215,-0.537789470984744,-0.8323101140874842,-0.9125230406218964
DLGAP5,0.5570358930272264,-0.029900868104274444,0.05203376989593592,-0.6131430179461358,0.17600251186389537,0.19038589333139597,-0.40625249800554375
DLST,0.26271506050736526,0.05870862865532377,-0.003149712507844749,0.19927886317110657,-0.05863427413052482,0.07831446968759946,-0.12314121323139088
DMD,0.4172073391201543,-0.07845823281021559,-0.18437075979191064,-0.40649995797113475,0.2293739046685184,0.43371446932858077,1.1796765308648416
DMXL1,0.14687393941357527,-0.030073262464282755,-0.11926777742168422,-0.1321778445235402,0.04353508327940624,0.15847768335256163,-0.2273969178403548
DNAH11,0.38762044244017096,-0.11923634046917733,-0.22310015295710642,-0.32182075996251513,0.18805178939043948,-0.49973105378355853,-0.36792344840094193
DNAJA3,0.3825513844859044,-0.14350372132799025,-0.01391170639775191,-0.8700104914360456,-0.035567861657101754,0.9934653062657219,-0.7131380825578368
DNAJB1,0.6467575453917803,-0.16124097635951543,0.020897913785042292,-0.038377569068065526,-0.396402011987145,-0.45361528728458883,-1.3293688020973515
DNAJB14,0.3976418232421433,0.09297124874786589,-0.008303512512039762,-0.7629657452119739,-0.15200637678700157,0.3991639622897592,-0.8396314997714407
DNAJB4,0.27093350243903463,0.08934160426028143,0.07652426431750538,0.3000669353499954,0.2040223684955251,-0.13143988947249224,-0.7269738300571368
DNAJB9,0.5843312225623017,0.06334278333254968,-0.0024160991928017903,0.3925242121378797,0.815797403091794,-0.025473743431232064,-0.7819704675595117
DNAJC1,0.42746319189666093,0.05526798459626136,-0.09198103972338625,-0.08622077787521829,-0.3381976663273425,-0.15073458171565507,-0.5366530809480323
DNAJC10,0.4370847297574881,-0.08065472792854399,0.151917131668573,0.5513477762015163,-0.3064303426286818,0.07531272155782531,-1.4542716092398162
DNAJC13,0.41151417358677433,-0.013949233632936316,-0.16668083956109778,-0.0701870425974735,-0.5438231413314182,0.29882802122419966,-1.0653061492405818
DNAJC21,0.5734548779160022,-0.012753301820563976,-0.026823807891186033,-0.04428504745592148,-0.489869171851511,-0.0875275795358579,-0.5564277811472779
DNAJC3,0.4233457125453151,-0.027992050917769355,0.027806374877857087,0.31265436317959405,0.8417692827663583,1.051911722556764,0.9319851242202596
DNAJC9,0.497377931381096,-0.06038854122864933,0.33903744812752695,0.248483498724245,-0.447210182671551,-0.2552164061629652,0.36080405048486197
DNAL4,0.6653667423658239,-0.02542726619021644,0.1615813305297993,0.1605604740198294,-0.6830259655416194,-0.28097487952435657,0.6493875064665224
DND1,0.2756504237834386,0.20547078832016724,0.011972747609468757,-0.6100636016716099,-0.2027141728586053,0.29437296302890126,1.4072650435307683
DNMT1,1.0147211720941611,-0.1397307422151949,0.30922393191751485,-0.09581382061989425,-0.91243076359375,-0.1852390906517725,0.6164655213050184
DNMT3A,0.6339361250146947,-0.0038414822746270535,-0.039878275959251426,-0.09183498286780284,-0.4667494688496054,-0.14733852217809718,-1.2255084242074836
DNMT3B,0.4856028302336978,-0.007279793480884657,0.05874720537465052,-0.7390938888721288,0.31464060973012453,0.19489841807372232,-0.7968344218380863
DNPEP,0.38186061688828066,-0.028284698289934983,0.09054876665026539,0.4364420911933408,0.8282839820154365,-0.6107848396802561,-0.7946847817164597
DNTTIP2,0.4680922803241515,-0.07301546925074759,0.27406103956911354,0.011183470158111528,-0.29216867113717815,0.6142587050303786,-0.9878272669470501
DOCK7,0.3399224454007452,-0.06806293699345486,-0.14946805326669138,-0.1752107332911871,0.3477807512688928,0.15438722350071138,-0.7694485799953671
DOHH,0.40055739795206086,0.19628009430912483,0.06630049909821091,-0.3975326767474907,0.14883887821362782,-0.04357829368203557,-0.21753902985247103
DPAGT1,0.3761942213047974,-0.11685928632591532,-0.006082589122344466,0.40601233711904555,0.6242016632917101,0.538744349785552,0.9339160088920865
DPCD,0.5428709509165541,-0.06657447398002768,0.051535662912690655,-0.11195419283075991,0.4698754292444324,-0.6115293302997472,0.696939076478718
DPEP1,0.4904309707266113,-0.025001294924730924,0.0843986305663848,0.13798233091234266,0.773011505083186,0.7394802452923818,1.0614011700956516
DPF2,0.7206442596925164,-0.08523537323674697,0.1264581712430822,-0.09776400755417708,-0.3325653165585862,0.321785777991793,0.36617404306395346
DPPA5,0.9011041481494035,-0.17420422860473392,0.1652905630954669,0.15468722456390646,-0.4713417773299846,-0.0033439537223369266,0.9182952490493947
DPY19L4,0.13986660492272396,0.22741808087604312,0.037025122054840265,0.28617802604248277,0.5937494670295496,-0.23653091387704658,-0.6469821781532391
DPYSL2,0.31888641505832793,0.1578528700665929,-0.22291164089564575,0.4584902907111195,-0.5650049799520073,-0.6210149076416168,-0.6793732585152249
DR1,0.7081016812606528,0.02522393777166042,-0.04086507404786393,-0.6329514972735174,0.1604924734020928,-0.5023999339724807,0.06249054957941685
DRAM2,0.27708370034951724,-0.08732996806686413,0.015602674476756074,0.33871484015868647,-0.48010045222095693,0.23643666446104591,-0.7108072809104132
DSG2,0.20508365153297284,0.004311564228849029,-0.04025478515048636,0.4946682618644891,0.4830214796481324,-0.1916743201133363,-0.5234409944285883
DSN1,0.47412483266798844,0.02141837825141704,-0.09961163582795304,0.057351444782090845,0.0784782500385193,-0.5656935127427078,0.8117993750841532
DST,0.4261941808653038,0.11307435409639527,-0.035078194847590984,0.13949287270732744,0.34350409375000895,0.13454900686575388,-0.49161765348107317
DTL,0.2863804361426121,0.024038305076442074,0.1148487957943938,0.09410581234898563,-0.33338309321534676,-0.5761733831003272,-0.953551516216165
DTWD1,0.5120558104143358,-0.08984271975723263,0.12582875110257694,-0.3450260072678642,0.0860621851144105,-0.8168778740817165,-0.11840302287018802
DUS4L,0.2587684849500467,-0.0017797096125530382,-0.1500362477750017,-0.17300645278520072,0.3174243137297729,0.5389739418996569,-0.314563350576091
DUSP1,0.4141450284194271,0.2278703018017307,0.19040330604918956,0.05156000853413245,-0.18093047248870925,0.3152184098944781,-0.8356820606444967
DUSP12,0.17454961521279766,0.05545393678758213,-0.16489294300081642,-0.3006729326326733,0.0928667826977932,0.42857687572264924,-0.09765971719895392
DUSP14,0.40068952442786665,0.025957359543097785,-0.2012000290084236,0.06888376771213998,0.6801951868195522,0.45582108035551927,-0.5086764832007125
DYNC1LI1,0.3648846543239352,-0.014253863857392347,-0.49477828116866784,0.5804909794718517,-0.29410009188395925,-0.23619209942470978,-1.010997128939327
DYNLL2,0.8447924372040613,0.027819839283038144,0.06103088865723401,-0.05002726588983226,-0.7177218689500532,0.28147918015853246,0.5058902729651906
DYRK1A,0.5017596636591233,0.18260026934696824,0.019859516894873936,-0.4477533091335068,-0.24725430099858658,0.5687064181891096,-0.8009069255752842
DYRK3,0.22307320414997586,0.0037537277341918585,-0.19820303466158953,-0.2840237049473038,0.30435021933045336,0.3342708573847556,-0.6972919280980807
DZIP3,0.24586588704197518,0.15248459833641445,-0.2817646676371797,-0.06752546131827064,0.4346706570821054,0.4324240906375474,-0.3047606994240484
E2F5,0.07983140283405446,0.17917007518909595,0.08737299552881655,0.12355334368254751,0.2923425491150378,0.10849656676236481,-0.030679891003871796
E2F8,0.39145377785255847,0.031688548783134415,-0.0924486760630782,-0.01280516403486863,-0.3048913388492131,-0.3279007058722297,-0.2733046440573599
EBPL,0.6450659946850322,-0.005428001072656183,0.11094315253770307,0.21450492636004584,-0.45995481893528817,-0.12434297562383373,0.5780988822626535
ECD,0.3133992385080868,-0.041612900985725926,0.0321542495123479,-0.4647911812038142,0.22601522100199414,-0.08227951195616143,-0.6200469648421902
ECHDC2,0.4691237970373076,-0.03552726590732704,-0.30019632325959494,0.3371971720864736,0.6235115237317215,-0.06520765244300632,0.14337457000530193
ECI2,0.14459957276576915,0.09303454979621038,0.05241740700072529,0.1777230153765337,0.4724750953730274,0.03291694574824057,-0.46357400510360397
ECSIT,0.2379585660485271,-0.04372520245574059,0.00741264286492974,0.3219506559068925,0.6676454266617696,0.29407587092522575,-0.5478528873277092
EDC3,0.18171736141586772,0.013908571114591262,0.07420083743180568,-0.29438533004357303,0.24483333344429184,0.00795050645242686,-0.27319592390848435
EDC4,0.3816164831214184,-0.033320243797025556,-0.23645123162511614,0.018609435835591437,0.4845853300368948,0.9159846018731818,-0.8839552642641858
EDEM2,0.38438344047710304,0.11592593559426097,-0.060832122356139384,0.24264428414776745,0.6414526437241131,0.7470347729445108,1.3599017790748265
EDRF1,0.5596130841375696,-0.04259738887197711,0.16867090336226426,-0.7071509955241991,0.23277507441475778,-0.7656346404169038,0.16759055083725785
EED,0.12838215806614625,-0.002218802903008472,0.1549003703030444,0.07283828142781894,0.4762413990726714,0.32239106437360465,-0.5637235501528
EEF1G,0.6240058542276113,-0.23205438889135346,-0.11541645318226533,1.0714160997599989,-0.013589148852456248,-0.025225733413414116,-1.7161922090248696
EFL1,0.4284297791025342,0.059348209786416826,0.000217082570571249,0.3159833172216435,-0.3830238310991786,-0.31669714196725784,-1.2821447036109983
EFNA1,0.28859152952802014,0.12523890770988996,0.359243648016645,-0.1646175251766231,0.24799009301918898,0.19035885332428762,0.9982354919106623
EFTUD2,0.47945611260506293,0.22544986209490114,-0.1217824679538911,0.6796635110212291,0.03383187179339976,-0.20242970105342648,-1.0026915027194387
EGFLAM,0.13870908516598143,-0.029299837520502574,-0.07472035221553865,-0.14557750274364212,0.2364895337649101,0.4493704822884654,0.05777507034089425
EGLN3,0.35274167078351537,-0.07267192067972053,-0.0026146468342822336,0.06241797062294713,0.6140444803341343,0.2561315736402002,-0.4321326857001343
EGR1,0.5761779565767159,-0.009422442499696768,0.07126466974005652,-0.4809238476364466,0.07719030932710437,-0.8104344974636609,-1.0977998305737349
EHBP1,0.30756779619774155,0.01558211586258308,-0.0031487852268753413,0.2179916078448743,-0.009296016993419047,-0.17624118884907727,-0.0437944765545515
EIF2AK1,0.005908767232890882,0.21058013554152466,-0.002760341150080842,0.09092811222018742,0.2712769044793342,-0.2203223747375546,-0.07827279886931865
EIF2AK2,0.3992871618426389,0.202139756134128,-0.29214506179025557,-0.5455509382289985,-0.42441140526585325,0.1961495391422868,-0.48730048537472936
EIF2B2,0.338492296293999,0.07583679865166361,-0.11656150471215507,0.12987030643541436,0.44996580686136234,-0.5264884867871771,-0.4738913911528885
EIF2B3,0.32411584296546203,-0.07039736766860417,0.152868163333997,0.841889862912762,0.04821200507289976,-0.5180726774260711,-0.9831389331821422
EIF2B5,0.30379696627324165,0.06505560257871307,-0.07260962812851993,0.7370973888549275,0.37558282356074835,-0.6169456038994994,-0.9184589544589522
EIF3A,0.5239489211896119,-0.06689417184770433,0.05951751897204154,0.8842817030440897,-0.13718033653050823,-0.022379443694736677,-0.02436766466522443
EIF3G,-0.042174318083286956,0.09221651404593006,-0.013667771594515014,-0.02673113204968899,0.128378833747324,0.007312741811629466,-0.056752788436596674
EIF4E,0.5433145014103553,-0.017717158873316173,0.2271611740660007,0.6154585563584597,-0.18105600720547438,-0.297964614693845,-1.2256415491624628
EIF4ENIF1,0.6845606621880289,-0.10291089700371536,-0.06749695593673509,-0.3540606861999038,-0.6934826164906414,0.32633412176532656,-0.9897950128883409
EIF4G1,0.4827569578200495,-0.023430980210984522,0.13123672580858264,0.14656190382522527,-0.25259967138900136,-0.34690017026115855,-1.1437303303087984
EIF4G2,0.8190557261646814,-0.12913199322943553,0.22754424063086426,0.525063292258034,-0.585031215345401,-0.11598273118144785,0.09427552826445823
EIF4G3,0.3630529013981244,-0.016718786654682873,-0.1455508992023421,-0.4540915581801753,0.1380282022883881,-0.2888767114888904,-0.852342081351745
EIPR1,0.32370198625475877,0.012000085258174904,0.1093400664226891,-0.44820166598166344,-0.004857643638075736,-0.4461214748195605,0.5915105757145787
ELF1,0.27465447309506885,-0.02032472057190941,-0.21758676249004882,-0.3341962149108419,-0.3579468924880181,0.015410958930410893,-0.9449773225904344
ELL2,0.49095829974396443,-0.12956635127004698,-0.0463281069315002,0.41652499379085234,0.002587631730015166,-0.17098545647770194,-1.3946859012536221
ELOA,0.4369963769985663,0.17132760220854512,0.14957541275287495,0.10420576724757327,0.8197578755951275,0.17518073068069862,-0.7650156991504764
ELP2,0.48756078737117925,0.013264582117282714,0.09756940272861865,-0.07198924847863993,0.44445398839581046,-0.33698417896759747,0.6620740504540149
ELP4,0.2983286979050628,-0.02198131666746105,-0.17482700571041512,-0.4896496777016688,0.14794688912252033,0.40434547880303084,0.10350620559849241
ELP6,0.3971976559376852,-0.007671633153937467,-0.26266847269610233,-0.4711323032011799,0.2133265407959584,-0.14129675874965772,-0.5656442471095915
EMC2,0.4681374951683638,-0.10464787579625731,-0.16534525746478027,0.15218389837965207,0.6530146810505589,-0.17237445563286333,-0.16958893069764294
EMC3,0.4412507791827897,-0.18535085375529836,-0.08378207786342708,0.6803430767054663,0.6628260404517782,-0.5014638357489991,0.6773160335160379
EMC7,0.3272595561385237,-0.07089711451885043,0.0870811378876014,0.4353419307571656,0.6849874580599842,-0.5964916134929529,0.36852588430728844
EME1,-0.02379286505684373,-0.10620939623704789,-0.16794448576747958,-0.06314247709541983,0.04824723739415749,0.21714888814333952,0.04481229510793424
EMG1,0.27674653489839995,-0.11125646705562217,-0.01881636936357966,0.4192447519718394,0.5868164938948728,-0.6084467138617144,-0.701939834705396
EML4,0.5966221758505303,0.029539212818580657,0.07579694407214736,0.06724694646361418,-0.0648536179293226,-0.2556015821057353,-0.4298380110315308
EML5,0.12576745416689186,0.13469530011204803,-0.322195640202389,-0.06376202086485572,0.2261945403462295,-0.3960768742735051,-0.22295292261141017
ENC1,0.16084798219694135,-0.04875545150548218,0.155554968648112,0.08021999529721759,0.3902709270174774,-1.4742747275774892,-0.7973589797664483
ENTPD5,0.4520161122992277,0.20038841656653225,-0.47403241505281957,-0.6860314875512714,-0.12181324224787213,-0.6828595733819315,0.45661839816761024
EP300,0.41678900923311946,-0.08410883837357222,-0.03342598684002596,0.010358010734207456,-0.3742617114577735,-0.06912625461650465,-0.8555231204173228
EPAS1,0.4432277183334644,-0.021954334138365467,-0.023121933225731514,0.0371672837891291,-0.08061162695505376,-0.5234578342392175,-0.8813496019856117
EPB41L2,0.6630801204644483,-0.05310060526137048,0.019777072720127853,0.07458881904657687,-0.5788736030542122,-0.2566696142345861,-1.2195607261991053
EPB41L4A,0.44753961907830164,-0.03121637977082678,-0.0255173566342084,-0.07461420362239454,0.7583763000996754,0.3929119849272802,-0.6137957817663651
EPC1,0.4388290318598949,0.013918156172650577,0.0034358289496140455,-0.25308063117527246,0.3900670003413017,-0.21032992610323004,-0.8201402439912944
EPHX1,0.24132443479210838,0.02308998566023772,0.01348450418674966,0.026209752792460753,0.3145487161848517,0.6497831597713286,-0.4480975808843184
EPHX2,0.44568917609422243,-0.05184837129857078,-0.15105851719676688,-0.0053370868974355655,0.26366163819786004,-0.19756524537037082,-0.720673680730005
EPS15,0.34133836045224586,0.0554640295275681,-0.28105062980863693,-0.02701202138809602,0.4458817785397741,0.2610547769045288,-0.7613939863936935
EPS15L1,0.42974879198228016,0.17191401945706042,-0.4513224120309359,-0.7082263969305207,-0.12689865718923832,0.1706711058588727,-0.0016321341141191266
ERAL1,0.3788868876791972,-0.0027155916863606795,-0.2045907830014262,0.31357808154382943,0.6542850590020725,-0.32098625217723215,-0.6501635971823935
ERBB2,0.21008616259602014,0.17336977216966165,-0.04423916608309342,0.15640065157627883,0.4514093072101924,-0.024657662251615347,-0.611729369524727
ERBB3,0.10634284740380504,0.12799895720142362,0.03621066346903117,-0.35631023191194156,-0.16591399401726903,0.0795152079377952,-0.2008286532253432
ERBIN,0.41526944382511244,-0.16552569773395492,-0.1778869502897253,0.47939978239032305,-0.21493353201552534,-0.1250817168126607,-0.9701082315094205
ERC1,0.41427068684088,0.02883812885210055,-0.228083863308195,-0.3361261847693233,0.05137958243236412,0.03630781380230443,-0.35972804748604054
ERC2,0.2996525342426457,0.1346366612691248,-0.4424644033578732,-0.30589117098447527,0.17167651271932965,0.2670916252580975,0.06387613618622857
ERCC6L,0.21768883768021932,0.059180906541850535,-0.047855498149930356,-0.2398666898345823,0.18594397319519174,0.564724011068956,-0.49485991968686466
ERCC8,0.20641899620694693,0.06997242079842164,0.06697241763040673,0.5598715399437012,-0.19735090875931466,0.46706588885271944,0.4503872745039164
ERGIC2,0.35861517959921096,-0.13356729997720287,0.2966748012271885,0.0009563372744319078,0.6593892753265077,0.6263320669516669,-0.7528418425642385
ERLEC1,0.5471637302755752,-0.0025142655103196866,0.1849669921651757,0.18365722844283558,-0.5925585090107345,0.3554705371832811,0.4074022831706237
ERP29,0.4929023310061594,0.1621537857443114,0.1754370349877085,0.42133909527001456,-0.17601632840530707,0.0004784917997153128,-1.0064883470374641
ESCO1,0.22279398367524125,0.16397409324340273,-0.2494394366107329,0.002186410834653293,0.47094771269499963,0.36908576017695033,-0.547002237146674
ESCO2,0.7364879215236217,-0.09728259509755696,0.13684568862867816,-0.24471331975553703,-0.6085135606630803,-0.3338188483304913,0.4070782679501868
ESPL1,0.34614629115839723,0.023340319559659324,0.12984657379372871,-0.6799010421893973,0.053721921470501095,0.1020151438450779,-0.23455617099120793
ESRP1,0.6145458293762586,0.06999252249445831,0.03965301726401925,0.006897778361177397,-0.6382963109958103,0.19526164598311166,0.4698937241060888
ESRRA,-0.0001511008400457698,0.12825572171405597,-0.09655938103274216,-0.003890133540197038,0.11848114238143767,-0.3962793978670277,-0.06096316178207257
ESRRG,0.5099233155790006,-0.04525682785769255,0.010359266414661542,-0.5321468338262269,-0.6070176563630577,0.33836750807204846,0.7438895943032549
ESYT1,0.49219576063350956,-0.0035488851429646947,0.23589491427826434,0.19866430207458347,0.3426690607871099,0.3172101374423563,0.7437535876833375
ETAA1,0.4668594947264401,0.011996209695725008,0.014052731202533348,-0.49850487316649844,0.12147184644994834,-0.43776259869567735,-0.5326677679628583
ETF1,0.5098108327175928,-0.057287940718474456,-0.13333502842658299,0.015597547506859112,0.650979836899046,-0.45452275114265867,-1.1393352978671134
ETFA,0.6734639859596045,-0.11961190843089314,0.07878593454346233,0.28994171284958137,-0.6483041308259623,0.0220058270759962,0.8342483794542614
ETNPPL,0.013898735373524136,0.1609631461633001,-0.12701388178140208,-0.05296904668422522,0.14208405878980915,0.10027259975587685,-0.054922724536686784
ETV1,0.29312801143620737,0.09800362531391081,-0.21647230916429921,-0.6182333053789237,0.1280733677038275,0.306500221251738,-0.5711759453168646
EWSR1,0.4989428663859572,-0.1727861084955414,0.001484396749953493,0.6684265262254596,0.1742853049778606,-0.4620788092584002,-1.2008903806243911
EXO1,0.3380004866771569,0.10749904811606083,-0.37949478859435154,-0.011920614883439425,0.11262696235970714,0.7214484268160708,-0.4341984848800098
EXO5,0.2419439748882453,0.16443742976774742,-0.15336424114940506,0.07671320524659171,0.35371582793681927,0.64275350574374,-0.05099496453998394
EXOC5,0.3154352578404439,-0.23463296777353632,-0.0506800593891555,-0.3017759881212647,0.4207453671803483,0.6748840321483506,-0.6377476090832375
EXOC7,0.32254347940377537,0.06233622656437015,0.21573717118930089,0.37441540958443725,0.7273329637202941,0.9224020998001233,0.17244482701913105
EXOSC10,0.1571251617193413,0.1253818853007334,-0.20427232417319266,0.09460548883943129,0.412644274966938,0.09552219707829607,-0.3716313256612255
EXOSC2,0.18529827357980067,0.02739012980508767,0.0625591636260929,0.0558556624898865,0.4175791688949747,0.005955408995685649,-0.682653684585225
EXOSC4,0.3489489723168263,-0.009049226132645574,-0.09172008210041384,0.2671407264481427,0.5604996423999836,-0.5975386054738434,-0.40829030748359424
EXOSC7,0.2606419683706282,0.12155098847027329,-0.2635883298679533,0.09790582121665553,0.4877954327009034,-0.14758335630150957,-0.404615870435836
EXT1,0.5079738871250006,-0.03358267662768138,0.2546520922079464,-0.5361019507873008,-0.27662588470936605,0.06506910840123341,-1.2027513394560199
EXTL3,0.5348333584725216,0.04798532595143069,0.0902577199765858,0.06670933345911773,-0.19940736793781177,-0.41533505266223336,-0.5764978672863076
EYA3,0.44048656425042343,0.12594587128692203,-0.008247778847792889,-0.7265081436405686,0.20130079073955975,1.0060391308469463,-0.5805333491087808
EZH2,0.36543292769129176,0.07131390568365055,-0.01101609673094884,-0.1096922293187456,0.31736641568832646,0.12223852648634136,0.69646369954308
F11R,0.1153380499026752,0.02920841236493162,0.17441555636682296,-0.772203095285304,-0.23968914826958163,0.054709972799832134,-0.32916569540825064
F2RL1,0.39938992993960093,0.1799726718192306,-0.03204927399470814,-0.70664542658987,-0.09922395969467152,0.3056772648586347,-0.2741978243519883
F3,0.6519796942824307,-0.065189287753809,0.12944221867320396,-0.09772144317260416,-0.39872415946242323,0.5863099544445673,-1.2497291237289732
FABP5,0.17942284225643887,0.12733458489268945,-0.232732281315027,0.027110383235713627,-1.5862741432411314,-0.5320812372206112,-0.24023922047003374
FADS1,0.2691297733184643,-0.09004513631806402,0.09994293614264547,-0.026839297775187714,0.3278088444523355,-0.08632425301181836,-0.7053354465644897
FAF2,0.4123200396921483,-0.033387252504516005,0.26751369116779466,-0.7349820812662057,0.31887747328899124,0.3375116951713455,-0.929603050529802
FAM114A1,0.4841707978371806,-0.013389425373977384,0.25574184623581636,0.07016541639933119,0.4756956942809659,-0.04628450205696324,0.24161543397935115
FAM114A2,0.35646714268800617,-0.03768368882404091,-0.22346480699201787,0.3378911512180022,-0.16460664399637132,-0.35316531850457905,-1.1932005802216619
FAM117B,0.15439972187426462,-0.03569002547938884,-0.02122915635579534,-0.00016596140961780482,0.38343807515564615,-0.13545567745653747,-0.47888366277318273
FAM118B,0.33071449450613033,-0.1573153249448413,0.19515196885546413,0.22659437195077603,0.6858988693820641,0.757492978031831,0.8663509975578879
FAM120A,0.4660246190797996,0.11286720783622199,-0.02775451659304203,0.45275589199290805,-0.2852151184116866,-0.2523268203379468,-1.0197390094498149
FAM120B,0.3495551735040297,-0.11815417505085012,0.0607209213217018,-0.5872979600989,0.2833330931994653,-0.04375888038683503,-0.8370107074090196
FAM135A,0.18307965290038167,0.16295133290053085,-0.250812734593496,-0.17777538239753923,0.3745282183058159,0.600516820641979,-0.5958202632498442
FAM13C,0.3519827586828742,-0.04926601812593091,-0.02601353776144649,-0.6933873094257301,-0.4008844102987569,0.612963880606089,-0.7795664511557052
FAM151B,0.23784494325348166,0.1065294869965518,-0.09940556371111342,-0.04257748608664542,0.5049722992393818,0.07824298186512152,-0.6097201022660728
FAM161A,0.420884334963201,0.23689333534924142,-0.20572592959525504,-0.6322510568901126,-0.701402197741782,0.2757842212930131,-0.737311792743636
FAM169A,0.46146370113587154,0.09241415492025802,-0.12381768801097034,-0.1561191717614034,0.38845618090094547,-0.058253830844081964,0.09026829547747602
FAM171B,0.2573762096778808,0.021657003781028698,-0.31717124755974796,-0.481102369542939,-0.2254847122489037,0.38055085661000043,-0.27024930926622265
FAM216A,-0.0002721980237677519,0.00849421098246518,0.049394226641234114,0.012322170705685448,0.18134049440003322,0.08538141718277148,-0.2983804325571879
FAM219B,0.13867051476794753,0.13498176066670037,-0.08122905254075562,0.44928563522998466,0.26419224406890063,-0.41789616118863704,-0.13211591313218798
FAM3C,0.4992375308870556,0.009651337200856694,-0.0033269839764998154,0.17660324284378556,0.4229197329193218,0.6134143488697934,-0.32107312226417684
FAM76A,0.14968415113525868,0.0482944034007058,0.04394088727202355,-0.28625840212949133,0.10393967962432012,0.27959441616931807,-0.3209588308621552
FAM83D,0.3739699713791393,0.3901977302270783,0.1631586026834609,0.021492740677145402,0.5329858595800846,0.8566325750574108,-0.5511006920754451
FAM91A1,0.22546008900261708,0.12068851268257229,-0.28022831982291896,0.4119601730246663,-0.16317440490452065,-0.2342534847123758,-0.19292277843748973
FAN1,0.4061152328111333,-0.015085410641066228,0.08723335672248486,-0.7355923470743203,0.2598520287708529,-0.007445605372180687,-0.8065985294151856
FANCB,0.46771773059619204,-0.0026957883989561964,-0.025179797668040637,0.0063183279682312524,0.35744311278510466,0.21416056335216727,1.0311152443485343
FANCD2,0.2956815565955765,0.10906190695182937,-0.34339585973012393,-0.10895677145261635,0.40194984108644527,-0.1901098133543067,-0.08971802606701694
FANCL,0.5843227895162785,-0.026158832649736286,0.17147284589651088,-0.035066669119256565,-0.7067971310943716,-0.31629468218006634,0.44447105580338647
FANCM,0.19383471931727503,0.09102068933142402,-0.5342488033599299,0.07050177666131643,-0.2183845319228403,-0.35309812308870986,-0.5192438729170227
FAR1,0.17945162879574753,0.07500845848271323,0.29788588731482196,0.31366344784998135,0.5442239496542876,0.2868674977264995,-0.42013907238295994
FAR2,0.11643868869255307,0.17906982896088391,-0.2270894027996235,-0.06298702458486326,0.22085389508166794,0.09260227113474499,-0.030380294236303243
FARP1,0.4930649057563111,-0.1343686751083043,-0.21064082116972221,0.01544193598369749,0.851895250267747,0.0005170494063117954,-0.2650741816926343
FARSA,0.39904590113611116,-0.10357713613886513,-0.07057387757311973,0.05359799403329222,0.6082890804249047,-0.6259497058106375,-0.27831830695621734
FASN,0.1390489852982293,0.09700576898825645,-0.31500097418621736,0.27467799131043213,0.37455895859778965,-1.0830220896158964,-0.1488422571711121
FASTKD1,0.3637894444134466,0.02257996629217646,-0.22946093785571675,-0.57296099290421,0.19950785462597784,0.1780919282695702,-0.6475518490098632
FASTKD2,0.4962914391761787,-0.13028823452119184,-0.19658610347609265,0.22265008697390323,0.7957876252129358,-0.05799263859751571,0.5875599500622962
FASTKD3,0.18216306190111278,0.17555523354488412,0.04888650949580519,-0.06796627472638732,0.4065675254999855,0.03839859208705571,-0.4355715212189228
FAT1,0.35241615192021253,-0.0519525447745393,-0.22410137464681523,-0.8478227824035567,-0.2456785021378543,-0.5151869988942211,0.6717901962762182
FBLIM1,0.4395626806514499,0.14058501829160255,-0.027764688047250526,-0.3806466093228363,0.21919039397540246,-0.23817877771102158,-0.5077171571667739
FBLN1,0.38495556623741506,0.03529974467254667,0.038077298848313075,0.19352995466845613,0.26939880781596054,-0.3562486821732309,-0.7728359411301695
FBLN2,0.2467804144037631,0.14918607944795687,-0.5656108819275989,-0.1335680948793141,0.3238428411611412,0.5240807272956716,-0.2843737279796737
FBXL20,0.45713694809540445,-0.025951714654908396,0.16427061937887402,-0.14006875826210247,-0.9305235426080055,0.0986591247190265,-1.1854928634322022
FBXL5,0.624742718446483,-0.1512965121516661,0.007877338309642753,-0.43480582024532466,0.5817213863153903,-0.22836542337308394,-0.7822288915494436
FBXO10,0.7455220486535873,-0.048024165243410084,0.16838006879900008,-0.10037333990687103,-0.8025691476365626,0.0035608216510247697,-0.10910220399583671
FBXO15,0.5171714042952648,-0.06491225241342562,-0.016267551549784768,-0.8708320693373025,0.044077080325500305,-0.09205060571022297,-0.6362288155443033
FBXO21,0.4983024415800355,0.10686103671434888,0.023616521746247236,0.2650326620844709,-0.052472578779033816,0.3480077590645421,0.14478827372491432
FBXO3,0.33104444056615584,-0.030503165657902922,-0.18615968975669617,0.1163969432353631,0.4923566924246109,-0.608074250823726,-0.44624609941159576
FBXO30,0.4945408755619363,-0.06695251203668158,-0.03825283473730047,-0.11373581283669357,-0.027470545008287085,-0.06895255549009233,0.3561644741085548
FBXO34,0.18564568770001985,0.1422173898178082,-0.09078800023334103,0.00438835456851895,0.4010954858993392,0.10730044853136295,-0.4126612704140435
FBXO4,0.293422581892755,0.008270791633508549,-0.023946812539066543,0.169973670492771,0.3259968622367441,-0.4484198067268467,-0.6085511703226633
FBXO42,0.28069043614454986,0.04814732910514126,0.1969063649354679,-0.23092939384997757,0.10305765743860641,0.1597903345136888,-0.7967073283348673
FBXO44,0.26247708063855785,0.07046674394408126,0.09639671845315667,0.4174738715315405,-0.307965239747289,0.7264227728468452,-0.5814633851964903
FBXO5,0.6119054910947616,-0.03288748641573663,0.041678453866156914,-0.3212933546376348,0.10954419523353674,-0.14254911346275212,1.1034424719067404
FBXO7,0.3874150966252082,-0.0680503042139868,-0.11363430139105196,-0.07569409191532615,0.5354652683262496,0.6221909086196394,0.3214403719482282
FBXO8,0.08363086724888494,-0.00978122485951678,0.03601852469762929,-0.12060149236796698,0.19170299484587153,0.28262175092382263,-0.06222608405289574
FBXO9,0.2323266670606023,-0.033362399169959485,-0.06665909153324157,-0.45210525121603523,0.21801256388307136,0.18813992088508932,-0.7201018657688407
FCGRT,0.387798845204549,-0.18141750161823259,-0.11529973058168855,0.48998371714823485,-0.28810268162686997,-0.3016797040203461,-1.2440122777844158
FCHO2,0.3244107415919528,-0.04759490308780391,-0.05041596921202465,0.09308173099862713,-0.5129075047101583,-0.0023171350193228516,-0.4890913309409784
FDFT1,0.8228658969643678,-0.09542972007723459,0.26957315345220445,0.011572102033925525,-0.6505166172470743,0.016037483920263298,1.0103724899196358
FDPS,0.043499778865346686,0.18096296256685193,-0.0857247913065161,-0.055194671028610864,0.23217376584809143,0.2391493588698268,-0.048318262733969136
FDXR,0.2528333700202506,0.037316275429266826,0.1691496415249937,0.35104457052114485,0.6483067582957653,0.7363849991896371,-0.741712600366392
FECH,0.22660271277645974,0.044149198094326485,-0.08926586843964604,0.36675631197808184,0.4998824491615338,-0.7961618575913294,-0.3808693946116435
FEM1C,0.5882657301054177,-0.03991960236370972,-0.10811984883512962,0.04092122224681983,-0.6194655754038706,-0.06551862780787993,-1.2422688240319317
FERMT2,0.5561240236585203,0.040263778956749784,0.1477565058744753,-0.5260464441548159,0.29542893372641205,-0.4751566586588358,-0.4148396957459496
FERMT3,0.018527156201294803,0.17375488219857826,-0.08097707061220193,-0.23595240052147579,-0.021161550280509634,-0.6322086645163072,-0.19734704755809088
FES,0.01827457150330402,0.05420662173790485,0.0963221481025795,0.00859276979441954,0.34041473320515914,-0.022295925885427358,-0.5809377581546217
FETUB,0.2099080523278302,-0.01879310855478863,-0.08657894229679072,0.04212180716607274,0.31450567723514666,0.20881895585112797,-0.016655698267305327
FEZ2,0.6654427439352718,-0.00590367850519886,0.036355449622945436,0.04416511736006404,0.07632877866132977,0.35196236155823774,0.782198496185877
FFAR4,0.15313232057671305,0.13753863554831577,-0.06081676534993906,0.28720574652182496,-0.38772791403276174,0.5435247774784482,-0.2560034887571154
FGF19,0.02598018222886924,-0.022401538210523892,-0.18101960300849373,0.038296479658043725,0.06357967366974954,0.04188405496167716,-0.11179334340907933
FGFR1OP2,0.38303498368476147,0.02258406263206667,-0.14738727952741684,0.21128217846602335,-0.3108319012827489,0.5825761031049687,0.6907713180468767
FHL1,0.5365760946525194,-0.11477186176131698,-0.1295253374942232,0.8245349994064206,0.2221284766808901,-0.3458394403991708,-1.1417255218273656
FIBP,0.14554286890181206,-0.1586175929762191,-0.0460794260091104,0.4315344972028388,0.29590542793394453,-0.6398649826149493,-0.1819644465911561
FKBP10,0.2127642873815352,-0.13102590191694322,0.3423417878719766,0.4233546006873781,0.7061314138629747,-0.06486613155074578,-0.9454763517710095
FKBP15,0.27620282497606685,0.15802998791378817,-0.06922549397513177,0.8129376215597773,-0.4960724264721381,-0.15553841947177233,-1.0091168465101463
FKBP4,0.5915447691157962,0.11878762462735043,-0.2166549116398612,0.04050500700743587,0.5352900358454677,-0.2991859471807696,-0.40630299421942045
FKBP5,0.5404272028811541,0.01652844321505899,-0.23048248437686947,0.3261888296700085,0.5139700832985032,-0.01892842135593732,0.48109232852469097
FKBP6,0.7004248305731844,0.042302325684542175,-0.02033280583562072,-0.08093921887109858,-0.12490120929686106,-0.10769495362131466,1.0693794596332173
FKBP7,0.08295201954757511,-0.14334559684300574,0.21384800549282137,0.22830843662941752,0.4468734489289495,0.2713224316328294,-0.5135417280798269
FKBP9,0.638483938681793,0.046202445208710176,0.19631615506144187,-0.3699462201974309,-0.025100539605884032,-0.34295620996640847,-1.1214757914938922
FLNB,0.5704678800951084,0.09773477586315694,-0.2745714060331379,0.025854768503874602,0.7294379215614605,0.020539779688545756,0.09439422318328303
FLNC,0.3966800012585386,0.12703098304010887,0.03222439749692502,0.0027315272494627687,0.3674526092919406,-0.14578576745134708,0.33091543141312046
FLOT1,0.5581135139913137,-0.03416117793930544,-0.14088235107107705,0.06332007485812274,-0.42249496310964885,-0.3220761179315758,0.5275337669153184
FMNL2,0.3467462301071635,0.23917620424471,-0.10338208843927661,-0.24970058177597604,0.06827954921185275,0.2728691326267758,-0.4588110001346748
FMR1,0.5589457349277743,0.042506463191456866,0.045422563585055024,-0.446462505759131,0.3858417383953354,0.10125744269879215,0.3814570504181664
FN1,0.05811478403902928,0.02826551377490794,-0.01549395523578137,0.03270521217017483,0.34743544060462894,0.31038194722017126,-0.5696145807209188
FNBP1L,0.6120720536279401,0.016429547501858367,-0.16214018933454696,-0.008588594877901035,-0.5434463586678826,0.06035679806953491,0.45581480609756636
FNDC3A,0.4291094026654129,-0.04422508561151317,0.08212436218742963,0.971728090095689,0.07688073194210829,-0.022201567518430287,-0.9018050203171634
FNDC3B,0.585085169268719,-0.045866272794469615,0.19871004876846812,-0.07497793764493843,-0.07535671740818971,-0.1770749578549668,-1.0507218045865563
FNIP1,0.26752691370995,0.18127470799528553,-0.04466437036144306,0.2674048708707934,-0.5749269294901342,0.33157063683030263,-0.938986533306885
FOLH1B,0.16224801996739655,-0.07181762375198439,0.23551569851754856,0.09457652745138637,0.5695582725612915,0.30019907517499045,-0.8951979000821932
FOS,0.27665220047029304,-0.027382830568979343,0.08399503877975581,0.32422993239237863,-0.24394352447748133,0.23045770181748026,-0.8353090301873826
FOXN2,0.3467066092992391,0.19634659444509334,-0.4001801462298893,0.14041567845382466,-0.3941743501722636,-0.4635676129475669,-0.6420412830398047
FOXN3,0.532747071789558,0.0891019252262304,-0.09883173268876871,-0.3321999041912316,0.38219281912976355,-0.263330820695359,0.09071712121813315
FOXO1,0.475871852289472,0.22462652094851004,-0.016205717424420375,0.2538035145242296,-0.049289907461228216,-0.3561548157003501,-0.7956452974567865
FOXP1,0.5527447793279617,-0.07488267734921096,0.09134002697706349,0.005199173940273704,-0.4617748056993079,0.16821059617528628,-0.6177143464705885
FOXR1,0.6280814686466285,0.028173092852682775,0.031453778163258415,-0.6115800532664073,0.2006533781007642,0.020023403523526107,1.37653790694978
FRA10AC1,0.3755788218039132,-0.17300232596699047,-0.1568951643226629,-0.5950899109655559,0.301578971821125,0.3111745210489771,-0.2220951362003678
FRMD4B,0.32759430976307374,0.08240420687823848,0.06587466981260348,-0.16766247632330505,0.17986734965784518,0.3991063630965003,0.024003386568288262
FRMD6,0.4609688883161701,-0.05410835650093004,-0.17534105581549786,-0.6015487718002284,0.015345243536172616,0.2387402278494357,-0.6882199683775209
FRS2,0.292333103071674,0.1780557576377581,-0.1358656606910609,0.08205099078614045,0.5823070066307708,0.295231703713652,-0.5165271830133473
FRYL,0.2958041847729356,0.07419371238583305,-0.1761172413595192,0.02191683268427444,0.009530336193045346,1.027959819238916,-0.7764891227220448
FSCN1,0.49885613819024077,-0.06848295263949052,-0.08034150374299164,0.4382596299345681,0.6848893999014761,-0.3062326845079598,-0.07271482119230056
FST,0.50838263425557,-0.1306092269758401,0.0323812135935727,-0.09356766058874504,0.3580420945955487,0.8291933467584347,-0.8522164236222544
FTL,0.6776118981802056,-0.2897006001363451,0.1660740243600711,0.691110442910863,-1.015301115579353,-0.345842909746184,0.21313325686487164
FUCA1,0.5363379826021972,0.007597448665793351,-0.05953436232542978,-0.011703984992703928,0.4728829042739151,0.8421341542826767,1.1708525848087301
FUNDC1,0.524371342445624,-0.012179294991065653,-0.08376181967329732,0.7963466488378874,0.21167515822486652,-0.016002068982582066,-1.2857275779209452
FXR2,0.5486069969976781,0.23249527081138363,-0.043038487836457,0.4736434319259359,0.35079293907029574,-0.23452069084414304,0.20530460939385736
FXYD6,0.7850043106196799,-0.14840907361367303,0.14370765579020742,0.20903835612917165,-0.601544967592772,-0.008057418165085407,0.5847578156717309
FYTTD1,0.39982700410084604,-0.010053200138832987,0.03685568773205579,0.5249454868708094,0.045563164515477254,1.459504196761361,-1.2392756098902058
FZD3,0.457724680027791,0.10695150156573481,0.1148350975639562,-0.5461787265017521,0.13173023086781144,0.37863215982618026,-0.23619431954031872
FZD5,0.3735904270615495,0.04239362055260087,0.03279827000039982,-0.5797813296739446,0.1572033806242125,-0.012051633024114628,-0.661646272933612
FZR1,0.5544977115746255,-0.0333719135229772,-0.13957573490146677,0.7792712520170098,0.1461681447332554,0.19017476957561055,0.371476380979871
G2E3,0.23547637462186394,0.12159832437206682,-0.10419755684815682,0.08610405002749283,0.5883666114453212,0.5798199343419542,-0.617273228134849
G3BP2,0.4568664550644261,0.062255137201663126,-0.05260307219923785,0.05894562849012209,0.15313723225852593,0.4056628374909084,-0.9319233763224118
GAB1,0.4252452836785738,0.10295977744090344,-0.2599836449023434,-0.38777613049808257,0.27257255013824366,0.03834784175471232,-0.651394392342154
GABARAPL2,0.6302777120900007,-0.020436337015294043,0.182856233426034,-0.2531029793922962,0.3064719012907424,-0.713054785255922,0.3006934000883402
GABPB1,0.27144521602275157,-0.01254915927301267,0.1289702803638138,-0.001729982168348891,0.5903724381927077,0.13473226630369714,-0.5493480222870385
GADD45B,0.29303203798447536,-0.1690620703285166,-0.17345299458521718,-0.07970452423332881,0.25413707104015437,-0.1312833111763588,-0.8501792901612183
GALC,0.18871346893231075,0.15235811286483406,0.036700020115352124,-0.5736850477385885,-0.12235886906170296,0.16554137202890482,-0.422827292750071
GALE,0.23794868730147756,-0.04536618312190391,0.12721194448685916,0.5326588534410232,-0.28040850351216406,0.6220971068658406,0.5924051161137863
GALK1,0.54644828224837,0.025398478450263263,-0.09164591201874787,-0.06223780297942161,-0.3453397445899989,-0.1823386340572854,0.6812431863545545
GALK2,0.36291045865214905,0.16733385536274492,-0.3433591292561767,-0.09044663166990428,-0.14568110642093843,0.5250318475875204,-0.5301406851407494
GALM,0.12665454424063666,0.07454509916700543,-0.23890026959423338,0.8032264345572049,-0.46453630881504426,-0.6008536057014527,-0.8624446540137783
GALNT1,0.4083985266199918,0.028103354144475175,0.06637442529760222,0.3976577154306962,0.02796363615168445,-0.4924427079061739,-1.0588642782629165
GALNT11,0.5325536354541732,0.06269603992907663,-0.02383013055559988,0.38778931258481547,-0.24224478422230514,0.010779430746585689,-1.0989698900172313
GALNT3,0.14271298808169833,7.133723731801238e-05,-0.1603300146690412,0.0029004256819483093,0.1858773940304296,-0.6317135935074484,-0.21440222302369624
GALNT7,0.28551816097877414,0.05898215601801646,0.11260050363005654,0.009801017070906075,0.4199746634793064,0.21894459067361854,-0.6223445453339543
GALT,0.14451594981254567,0.04551209390415318,-0.09689214546047588,-0.12046369402158798,0.2275337464903681,0.2519979685344331,-0.46233138305807103
GAMT,-0.03360612202680516,0.010306023210182275,-0.011706755856425674,-0.004338645507457386,0.039434687259637516,0.0021366264202956147,-0.027523872180782637
GANAB,0.5007712606964937,-0.06949103631287995,0.46076035653996017,-0.14806616830930583,0.3585152199375026,0.5874906284848369,0.09768583381644488
GAPVD1,0.3911760614295325,-0.07292137829854799,-0.08171223113704913,-0.5035029020993473,0.23987788728341825,-1.0932717170465485,-0.8409727497779267
GART,0.17969308914951398,0.024353768473492108,0.17735100098167322,0.12123743604712234,0.5429066487159472,0.2997471650449855,-0.6383095582082463
GATA2,0.07213934602411955,0.10857855429102764,-0.014538837119060745,0.044656538560064477,0.14313065530307195,-0.28555980104782436,0.1711895663825727
GATA3,-0.026938374816557108,0.00810657285022376,-0.00770060028277003,-0.003619546575664193,0.03233244367504139,0.002291103672068111,-0.023571379172260182
GATA4,0.4920231659496579,0.08625538398334696,-0.25230003448115657,-0.16529643635823646,0.4451408278678304,-0.21157381051572188,-0.8134180453043959
GATA6,0.29309517442667726,-0.11543602241949828,0.11171892126569706,0.5320944730047329,0.551100133334999,-0.6286538827205951,-1.0128397088394216
GATAD2B,0.5436873590139684,0.026522061431013506,0.20939283031111128,-0.28419254287584206,-0.5086562255403586,-0.10561718691839465,-1.122016879497125
GBA2,0.20573358253819835,0.0349070155440018,0.06816169657402296,0.1958091690641814,0.5067311905774399,0.6265042361038476,-0.6731017912422402
GBE1,0.26872412307320787,-0.05999482554636142,0.011628834857093666,0.28333671236369745,-0.1928065451431592,-0.6531492957246223,-1.1314952231487119
GBF1,0.4199741037927817,-0.04330770904439015,0.11317477688857411,-0.37764316818165306,-0.12816436863939568,0.6855551799802359,-0.783761434427316
GCA,0.44311762790808223,0.03030318496727656,-0.2915613318359729,-0.7300634147084566,-0.17311515775780612,0.3648173168223078,0.7977732137078531
GCK,0.02247868831927384,0.09817665688764356,-0.08280944304385303,0.0836979083561537,0.1654167347459473,-0.024816894693822936,-0.021581151153105226
GCLC,0.5660204166203388,0.14592418839290092,-0.15248469176531293,0.367098082316836,-0.10188003312381066,0.6019957127170964,0.13800290075403443
GCN1,0.3665760867386535,0.12599701796416646,-0.08740286139390707,-0.36235939458583133,0.11646990281916991,0.15928720267769486,-0.6387087560129557
GCNT1,0.22573508153736424,0.04604441448975924,0.13789573733321506,0.3918976391527466,-0.27698975490367356,0.4942615573277742,-0.44063898314138855
GDAP2,0.3952254634680491,0.07642854911765316,0.08148047716976907,-0.017420608901408167,0.42540916816631225,0.1485450973206898,0.976562129803136
GDE1,0.12270443713703978,-0.030341138724304585,-0.051465799587605617,0.05721912625568042,0.4104448125402358,0.18957763084020968,-0.6701662442752907
GDF3,-0.0050970439708601205,-0.2067065980760173,-0.3228138046982676,-0.05341511268949911,0.052679457491698486,0.4707560186533802,-0.011985245547816862
GDF9,1.0053837959578873,-0.1828124658414649,0.24304650999133723,0.06288174505132971,0.2873559454067611,0.36277234394283736,1.7630327241975257
GDPD5,0.537037794653696,0.017506736703017733,0.31467710039776775,-0.4622834913275584,0.48926860966010266,0.27854398843366435,-0.23957631914610286
GEMIN5,0.38019305557700633,0.06210955520330455,-0.03929796005567957,-0.24325208461061795,0.3692377812551768,-0.26322700976810465,-0.7962418119388929
GEMIN6,0.4575351700360882,-0.1436229531643193,-0.2169342713055742,-0.016664796938441636,-0.6950438257387326,0.30766836049049784,-0.8177735219620617
GEMIN8,0.40681097689555634,0.14335945267354538,-0.2511124032595781,-0.31932643510692593,0.4262617708353123,0.5170397637862733,-0.12567192880974937
GFM2,0.3433533807277058,-0.014629529323588103,-0.060101503651609496,-0.8675838255008779,-0.2452980892237258,0.12220274690378255,-0.5924351061889449
GFPT1,0.5590423949227175,0.019615784746845322,-0.03068164171520729,0.3976770037912628,-0.27736654652072035,0.7229138749052564,0.8511451398472781
GGNBP2,0.5371836742906471,0.046663281771856,0.2075781351367795,0.044850273348707594,-0.603846251989869,-0.14661213119280017,-0.20895084319388355
GHITM,0.4315046117126965,-0.06934305991421814,-0.03628359588161729,0.16939016193697823,0.4776924980686678,0.3123310363305705,-0.22017578388288284
GIN1,0.5431065565654782,0.23376563923860608,0.46704312487669436,-0.18494055849466223,-0.25634427297333917,0.7217454814754071,0.38445813041561044
GJA1,0.5044525671274186,-0.2370324878512243,-0.12734292565326655,0.3264518230861351,0.533615927835907,-0.3415603755369552,-1.128854571240699
GJB1,-0.06401347139533438,0.023755914710422245,-0.030151151073708103,-0.013946747946173163,0.07482771209210104,0.00491439159332225,-0.05007161746329492
GJB5,-0.06024507633359257,0.020476181417687308,-0.02223920545465271,-0.012922529182883256,0.07127206070930818,0.006697817086901619,-0.050393467311069445
GJC1,0.5834963429854847,-0.009649154486316999,0.10380049601150197,0.010794502944329794,0.5656539586758088,0.08121140843251504,0.5357634081446306
GKAP1,0.42641069237747375,-0.06525590131133609,-0.12415259896365037,-0.6429017198363711,-0.05200479262125552,-0.19894790576044402,0.9480461047009922
GLCE,0.29084291615606206,-0.004823019182264148,-0.0654682507072409,0.10015046265702975,-0.24533988466805076,0.8490967747324428,-0.5590519696261259
GLDC,0.09941671368134551,0.16769843116868982,-0.13503191933210332,0.25368501915501557,0.33827446123451976,-0.04862666003687954,-0.07602011013653628
GLE1,0.42592478790339694,-0.1287430451485324,-0.2891163382705158,-0.2079197846753317,0.32929631866381076,-0.5536905236606872,-0.7149793684761581
GLG1,0.4323661578631442,0.11783118121266282,0.14751133112169046,0.9167026900070174,0.045073568255695445,-0.01566652800299247,-0.12325214492852307
GLIPR1,0.4803199392882162,0.007298965234516669,0.22335303380983193,0.00830886860069216,-0.5520184282207606,-0.1970540626521736,-0.9743496677151552
GLMP,0.09046616816058274,0.20537675412834086,-0.04448722624134238,-0.032502591967164825,0.347343538023336,0.3056581094165343,-0.316200110080853
GLRX3,0.5697229100903167,-0.12079314801650078,0.24605484494588759,-0.21280562074786727,0.44207000950697767,-0.4417460459655512,0.5028010984243116
GLRX5,0.5222284460556146,-0.11444263539275752,-0.010753076224272136,-0.20034834031360318,0.5966026206276767,-0.5598296692992059,-0.8884183726128605
GLUD1,0.5493408765558114,-0.13756808704238277,-0.06701248476225054,0.6018596441722339,-0.5525600983457072,-0.09000165985537684,0.4769312558117747
GM2A,0.28826846185500427,0.06901518392518938,0.030236076070975254,0.7181189096419744,-0.1324646928227014,0.4694293623887394,-1.0606564088604895
GMPR2,0.25185913715343133,0.15635109618284082,-0.19677994523057885,0.2468895856754272,0.4012026052040855,-0.7853157478349378,-0.6534639305668953
GNAI1,0.48518126891560476,-0.23946240176885414,-0.003538590703958607,0.05882200039109847,0.8978137051472024,-0.1010496773249135,-1.2222044801399683
GNB5,0.3814949634956203,0.048092295100718996,0.09103056953573829,-0.3170634686441034,0.36281791373375255,0.39400610247326495,0.2625833377953666
GNG2,0.3471138159371481,-0.04251474719458059,-0.09875382377989023,-0.18719034545938176,0.5009997090145959,0.4978588351590983,-0.494080063018951
GNL1,0.35010976743454836,0.25998206298343296,-0.013693532929148001,0.3814190826374388,0.7358560857495544,-0.8307517449421421,-0.3827921728930034
GNL3L,0.26392251715247766,-0.046757278561536775,0.27183565684170724,0.310273338554054,0.7948159780233381,-0.1001094456734789,-0.9297951326486534
GNPAT,0.3465216580298491,-0.06836376112580471,-0.19452657014113453,-0.030256598487438054,0.505324838691151,0.5517206027850434,-0.5725002570696505
GNPDA2,0.27467715810577953,0.045204467188628826,-0.07607807035470761,0.7341300781182089,-0.21136049810280144,0.99463137278401,-0.8210846509617327
GNPTAB,0.5346686844333753,0.009061400065991416,0.0055459547635934095,-0.4909646281849417,0.3472198998860765,-0.025265358364208595,-0.653749751454642
GNS,0.7187681415920103,-0.10213792422071284,0.12611181690260864,0.3463173939196442,-0.3172727246617241,-0.1764313737645774,0.7321243248095204
GOLGA1,0.3769311888993531,0.009502597714754419,-0.3005477167956593,-0.2239525422574495,0.5604191800813529,0.3356191963598334,-0.496177281267118
GOLGA3,0.3944028670824716,0.07850713909949819,-0.08998420468993375,-0.10501480832514425,-0.45987920456204534,0.25424793224411524,-0.4678486012723418
GOLGA5,0.1922934683964708,0.04846170210591179,0.05646884138084362,-0.029104818550435802,0.46554393436702957,0.16513464382410878,-0.5903239298775135
GOLIM4,0.2584624065687382,0.07079656387955378,0.009041795990913955,0.3340956115528292,0.3242220148585588,0.6276292901143152,-0.814316415028513
GOLT1B,0.4980238134402248,-0.08312408839477169,0.0844063539510338,-0.7765718680555983,0.035092847122337685,-0.9229476578714028,-0.7907828481638548
GOPC,0.5392403914715848,0.03526435925121126,-0.05006045014335182,-0.019618756319947948,-0.35383053228401107,-0.15275403955284161,-0.9738126322096927
GORASP2,0.5153712919563331,-0.08784828955215847,0.17846529804566397,-0.29503192378554366,-0.7124067635405795,0.5961394768337499,-1.2820013206846286
GOSR1,0.5119367426315978,0.1649828398120625,-0.005869334353402078,-0.18949984208098872,0.15344522407278038,-0.020200741670755806,-0.838566940746556
GOT1,0.21670913895244834,0.02494122951252179,0.032075198220049374,0.5903946657498154,-0.1466177903456758,0.5459924008109831,-0.7706009746146463
GPALPP1,0.3948781951562485,0.08233312012814294,0.17456153978098066,0.29064778878316494,-0.36310852400102395,0.4581717890333278,0.14317744445856445
GPAM,-0.007732613097640784,-0.10069684412684379,-0.42139453190849285,-0.06005513307779115,0.01093294528592586,0.4436575196853964,0.060178862189847346
GPANK1,0.503647070889895,-0.06432029726033178,0.002020866176482488,0.019959807268886465,0.5237202646448985,-0.5052104900263514,-0.30854545057131005
GPC4,0.47344570787390133,-0.11203934038567741,0.17356465947954167,-0.055935853837202225,0.4354413722973524,0.5256927907753808,-1.0860449664971281
GPCPD1,0.427410195535689,0.04168231561921337,0.12083689133827728,0.22281701431717818,-0.4857954178611078,0.45337055744180066,-1.1934362208682254
GPD1L,0.36074593766058916,0.12304418527950099,-0.20307328692594884,-0.36625947659003694,0.11393116617547282,-0.6984533096405294,-0.7056495267567355
GPD2,0.12029412627153807,-0.008222813281697534,0.05167396590444127,0.06615141811789525,0.17361640287551056,0.2982933262350463,-0.42925152754935775
GPN1,0.5395750438283955,-0.05139497334677112,-0.023630075528573928,0.37400548163286496,0.7516145045105683,0.01136237269669363,0.6221174460223124
GPN3,0.22939094254195544,-0.019557261325785055,-0.07012870746203503,0.006083529768600303,0.24252425533009556,0.645125102224424,-0.49528197572231836
GPT2,0.3818587884060087,0.007464558434355694,-0.20328977216695504,0.0677934634393455,0.4894480499073015,-0.605846244010391,-0.6948466912210512
GPX6,0.007173854554891187,0.09974685910538013,-0.18534193262564677,-0.036342180225555167,0.11727239963098232,0.17446637971034545,-0.05812099315954616
GPX8,0.2904724719310935,0.07154434374434912,0.08306140795412695,0.7617072744409656,0.024459790139567887,0.9175175086269626,-0.9826316877247417
GREB1L,0.7671156950731334,-0.10866449429944944,-0.0017964697354643194,-0.4074895911175983,0.3905526390946726,-0.2714421669989656,0.9168557185968973
GRHPR,0.5722940385698815,-0.17275604961774513,-0.1351904798953618,0.45027910830583084,1.0244149579571942,-0.01530837268132716,1.0824938145103389
GRIP1,0.8040964181994648,-0.10759473695239885,0.19937824942317864,-0.2059942331134089,-0.6012095870643143,-0.19768952863089934,0.5685020280361458
GRSF1,0.47939628881885615,-0.13582464261242813,-0.15088085576576524,-0.11130119678047251,-0.6752232881534592,0.6248914550834834,-1.0350031633540964
GRWD1,0.448463533995721,0.12241453804242747,0.10262316014176204,0.030422798105932864,0.091729921314378,0.09978682155665286,0.07633936875419324
GSK3B,0.29713914886323906,0.08715303421604911,-0.06786569604145662,0.026131866694067512,-0.28327646017135905,-0.6550013796809137,-0.722987304487745
GSR,0.48770875958900856,-0.04894528115121594,0.10086807739844005,-0.06384265276902105,-0.43332965831357945,0.8125511326898094,-1.0851325610822815
GSS,0.2334992476472936,0.2459692400917823,0.0068284573341934746,0.9890259047425773,-0.008732010957442228,-1.017510410445443,-1.0207001869610284
GSTA4,0.5783317109174148,-0.1353798187813742,-0.08401980628183173,0.829984547375412,0.050338834777527534,-0.26677366253722523,-0.7090368586962865
GSTM3,0.6502213009237208,-0.16379653486650916,0.0030956365499092173,0.8182147614568358,0.0337315936732454,0.7810521446408445,1.0834201091863167
GSTO1,0.3380594209332165,0.14666451466086808,-0.005150949916554183,0.9078018149072773,0.47124529438867735,-0.617223823960199,0.6618210332685948
GTF2A1,0.3478307423672708,0.19512236313244477,0.07212540203087243,0.4354310935243624,-0.2712729008511101,-0.05869475011823652,-0.7316077624252016
GTF2B,0.5119171730766515,-0.08823464262836082,-0.230745435419138,-0.32509921184383306,0.571459777571148,0.5546283180056033,-0.7167890178521001
GTF2H1,0.3633953731718544,0.17667917527374877,-0.26004939069061866,0.8357659928292596,-0.1127914327634886,-0.18058346326898658,-0.7668964452091703
GTF2H3,0.21132214157279428,0.08348032784772452,0.2039121170083192,0.3630841302974587,0.6302503397523477,-0.25811869745849214,0.16286445348729378
GTF2I,0.5397157789306136,0.13319899974062427,-0.23560839028676425,0.027637980578042624,-0.4974355245010641,-0.13242510392308315,-0.935851512015642
GTF3C1,0.5717095701193037,0.10746249753519259,0.2875697685308801,-0.22003205792068897,-0.3420618854261274,0.039706173893245385,0.2731185027701913
GTF3C6,0.33559097955986467,0.14869088952044585,0.0654108032796963,0.9982371523300057,0.20669318204910148,-0.6696831652580593,-1.002008463296594
GTSF1,0.5999865408001746,-0.03889777208736242,0.006802450480691483,-0.681854144181864,0.1360387611510916,-0.22237994834983488,0.28696333743636
GUF1,0.3777405416298189,0.041633306366072625,-0.14845680506063771,0.6345765782936551,-0.11178635942550158,-0.36217923403862895,-1.0466440133578638
GUSB,0.2528444669037355,0.0850803841383539,-0.051020480820493486,0.8158984915145328,-0.10525678606052236,0.4295137365794424,-0.7117902268826563
GYG1,0.13631389921181056,0.14289179501283977,0.01997549183312528,0.691829399163963,-0.22527845183593287,0.6017327341894515,-0.8161742062846187
HABP2,0.024159695524908563,0.11500353897542627,0.05542934806951745,-0.016462300372703447,0.23143293078614838,0.04870036183385765,-0.15601382209315895
HACD3,0.41297287415384343,0.0019976679818921065,0.2197154673680426,0.0002768151119058044,0.6847427275832446,0.5126885336094473,0.42122196965121683
HADH,0.6069682145171102,-0.04963805291327745,-0.18212564852666363,0.5002275697534441,0.11602565449055187,-0.04225022897219895,0.496379475315618
HADHB,0.3838618754502607,-0.018232199277447448,0.030873716975347517,0.7559772211673295,-0.09785664588936849,0.18146652244365113,0.33034332066449024
HAGH,0.43551927828009873,-0.07675999496542742,-0.11294473070720251,0.21889366795887655,0.31154668252772777,0.03895162122948457,0.7019183638659452
HAPLN1,0.022055936274792347,0.015787295050326198,-0.18268321096707318,0.05973559582677727,0.05623817506775235,0.40197693704026277,-0.3734939915473669
HAT1,0.5397919974560549,-0.21780889319117033,0.2510600171687865,1.2608301510188844,0.09398553246398224,-0.05333499723016798,0.49676931786765427
HAUS1,0.48187195169769265,-0.05773755971983384,-0.10455112213420162,1.001127155388972,0.33590225496131776,-0.13549169127711555,1.1728862343545463
HAX1,0.6800081821006198,-0.08338730738561405,0.0001683390442707759,-0.3929360340920163,0.45955724203943854,0.39219208341608275,0.9992339992657103
HBEGF,0.4651456895059067,-0.060739198228305084,-0.030716069713479895,-0.31296513052247305,-1.0212608549558007,-0.2869018933441781,-0.5527144391785007
HBS1L,0.3078256688087711,-0.0419581255862072,-0.08940433513588635,-0.11001322383985689,0.6070436858101957,0.8055450630779668,-0.670454071597136
HCCS,0.40436125768210385,0.006114459456089022,0.45168932899862474,-0.6207913121638814,-0.42449272232503465,0.7185818447982866,-0.9424638789581543
HDAC2,0.6076720033810503,0.10667010385196436,-0.1577620063040798,0.0410915747918961,0.41002853819876417,-0.16556725535767838,-0.049902465665798854
HDAC3,0.427345751406762,-0.0242149994729325,-0.04037470124572813,0.3381398688819375,0.02813804275322162,-0.4828095639748822,-1.2389707233468321
HDAC5,0.282961911012627,-0.01743667318976263,0.02296756581242513,0.554068620404561,-0.15273649014239155,-0.4622581283827128,-1.0919384922157778
HEATR1,0.23757430902043952,-0.020947671136656968,-0.11446428211851499,-0.16821724449693973,0.2168824986700731,0.5173641985829872,1.0252342220080488
HEATR5B,0.5756197743501523,-0.02215211373168027,-0.12392424274139484,-0.17979244865815944,-0.8255980442260844,-0.18671342900731377,-1.1509947185540617
HELB,0.4157606519182186,0.010171787296132903,-0.11717334170520848,-1.0113714862033882,-0.10150317147265044,0.16465472351767252,-0.9423500630830773
HELLS,0.4825013565462432,0.3602872302143736,-0.2034209871401601,-0.20849797915008803,0.20302996846520904,-0.12162862018754689,1.1158770857543885
HELZ,0.36069343778583973,0.2268976189405166,0.02293398051658472,0.28961251276869787,0.03710171449003891,0.04925131768963963,-0.7210697422652739
HENMT1,0.6660496108041711,-0.13915169961037238,0.14191827141414745,-0.5917626814579298,-0.1657891359447653,0.44508694090786277,0.6961652902741501
HERC1,0.44349051779385995,0.1366973080701856,-0.04028094236114598,-0.2872436212411313,-0.48142639990968294,-0.736971276666987,-1.0115130874362843
HERC3,0.4247283520224994,0.03734889947866711,-0.019578910745669777,-0.13670586159900985,0.1395698259797127,0.4741636334858883,-0.29895599785571675
HERPUD2,0.493309557227647,-0.04527083972793988,0.14005451414675393,0.7824363131675189,0.025869615567243105,-0.01773906478233107,0.3138691467463421
HEXB,0.25271557873496336,0.0621470534370635,0.13491522501213188,0.3992222864899685,0.5042518293571073,0.4383681178284188,1.09393113507055
HEY1,0.38150595969122936,0.048804165563868594,-0.15758979384329588,-0.10946078899742025,-0.7078208497105071,1.041941231690167,0.06067361818227056
HEY2,0.5400106712205632,-0.02372101194117811,-0.0347157174282626,-0.3000162348967332,0.29463849110528373,0.07743364789731533,-1.040926232718494
HHIP,0.5834404833350971,0.12264988295740663,-0.14684923835312158,0.033152187943267235,-0.6311278575865531,-0.09852199406360686,0.8373700663200107
HIBADH,0.45724469129459494,0.07216593761472805,-0.02122133690021686,-0.3181690336028534,-0.06713455399646096,-0.536324382658184,-0.2988393994415785
HIBCH,0.5840876115903483,-0.05148437810189328,0.10683189529102391,-0.5505799089023709,0.07270814318900441,-0.6394162306063003,-0.1348465755005575
HIF1A,0.717094769682517,-0.16912411418352286,0.022850961181929988,-0.24622989254798208,0.1836939681537232,-0.4958325654852471,-1.0716982344105375
HIPK1,0.5815099563647906,0.023546035193021914,0.0018992852640090695,0.4700434596064811,-0.4155899375697988,0.1392237169307818,0.04019104351703367
HIPK3,0.3501159455972435,-0.015517912541286753,-0.10626190160396967,0.18074419501847896,0.6887385850985952,-0.00011042195295310761,-0.7927611609021343
HK1,0.40816386866922005,-0.16072541803454798,-0.13544826645518446,0.1284642113591414,0.5966111827378208,-0.5489376552792817,-1.0801212150581823
HLCS,0.17356859965281227,0.0023778792810272356,-0.14790116254340088,0.3615003327741763,-0.472599598239659,-0.14838488343968925,-0.579639683413172
HLTF,0.31712187986525026,0.061861524833684615,-0.24421174301123388,-0.4273084173018197,-0.03867406904858371,-0.2539721635048719,-0.7985204502694524
HMBOX1,0.354578704283116,0.004034607378270781,-0.270903670150582,0.07650084229894678,0.5884510715818932,-0.31493588817188645,-0.7376192604829542
HMCES,0.492648883419218,0.07870301655120292,-0.043593108913106804,-0.7126677530989901,0.1033092910999443,0.9592950753574336,-0.08649838417938761
HMG20A,0.5457784120386718,0.11028372926089679,-0.03323302023164644,-0.1498428754503024,-0.18068339035895523,-0.3437827985096834,-0.7544205780184283
HMGCL,-0.07565602542628494,0.03293209179336473,-0.03419080153809536,0.09461754911697312,-0.09949522500614404,0.07282167774926578,-0.12454229289979685
HMGCR,0.30120213513075494,-0.020030123393666,-0.14246947825954842,0.3899601707958174,0.12037336970206465,-0.5784548794344605,-0.8035980087789867
HMGCS1,0.35863483451339945,0.07782536677989929,-0.16086292510023917,0.288082000037416,-0.7325451633854642,-0.6568388388040832,-1.024625151841435
HMGN3,0.4138624041197094,-0.06662986736140451,0.13933947439053987,0.5136282813263562,0.8834480346040963,-0.4075980024242092,-1.0526332739308988
HMMR,0.6064436155585327,-0.09737580254632344,0.1916804400496544,-0.1261767872092429,-0.11148424179432447,-0.0883771976710819,-0.4117540153248354
HMOX2,0.5184077951622275,-0.12922820602633964,-0.3471071854707922,-0.008871254818923738,0.7814898285526753,-0.10982008373193611,-0.9335782898280472
HNF1B,0.518896688196382,-0.1479080046600995,0.08273338507436442,-1.028837836679718,0.16312319414479107,0.4172697315689718,-0.7872579005895167
HNRNPK,0.5472751296304486,-0.12014210848302385,0.06510619064330828,0.5217759707705844,0.03845470343536658,-0.6183783625800289,-0.9679699508515434
HOOK1,0.17608609467505515,0.014252708821890918,-0.012483124019086932,-0.7876282784772181,-0.25874185254665066,0.28673636047096074,-0.2963307472342432
HP1BP3,0.524836922136304,-0.018701582053875912,0.03743870555816003,0.008728237647965527,-0.37037889308968946,-0.4413881886550627,-1.2949039144519905
HSD11B1L,0.21099981645787302,-0.007397108179319905,-0.05670988832825373,0.008604950541942716,0.3200463946676157,0.4165406846248762,-0.351011745536325
HSD17B12,0.5122668685020532,-0.0004245398578129618,0.09095961146500077,-0.527597247786901,0.32403929958520367,0.06951781079370528,-0.6950603448762981
HSD17B7,0.650162605562386,-0.2242230494164798,0.09172433075604597,-0.5079113679131557,0.324657122396501,-0.3393468268149032,0.8630116931138326
HSDL2,0.3188860800195918,0.015435188194053713,0.26668247965127895,0.36991010650347356,-0.1954013968666297,0.7774504233239273,-1.1047670686894204
HSF2,0.20127172235676308,0.12524661813031837,-0.19517953581824554,-0.025822007607349026,0.20867796482569267,0.49147293784721907,-0.36958989044302437
HSPA12B,0.27661281150313877,0.1743082578931077,-0.2223930569052766,0.06535264568770119,0.45574322536888223,-0.5944445347102161,-0.41273609935784633
HSPA13,0.38167291227653427,-0.05955519394914837,-0.002796187128672774,0.30382910786568185,0.11423992386082076,0.7750182545484827,-0.9560044472006363
HSPA14,0.4281811786722391,-0.057665538123838615,-0.09226045322160982,-0.43060874279700423,0.3187533575197356,0.9249351146043955,0.7320994460083744
HSPA4,0.5923122105366275,-0.16454574104163558,0.2036069345421395,-0.03227320202455062,0.5469636442279935,-0.4291414018568704,-0.19993083873607798
HSPA4L,0.5482696609215222,0.050892019229655465,-0.020873449636372932,0.3890437735366157,-0.06381377751910987,0.29448372933227296,-1.0573473168724707
HSPA5,0.8269112885489127,-0.26035207350281186,0.2829231547780257,0.6255565363569278,-0.38711076371394487,0.3680877514931626,1.013433530096084
HSPB8,0.09565685087760871,0.20826025793304126,-0.0496880156255932,0.01007754124518848,0.35001234699069067,-0.14564597216881597,-0.3131281800018379
HSPD1,0.5423154086339644,0.04360513042547021,-0.0928489112167287,0.07284417848043753,0.6177667329285127,-0.4753362488800143,-0.7913772052221113
HSPH1,0.5982827956977588,-0.030378993621912105,0.063119301156833,0.363584260922264,0.7753510701106885,-0.040131066832410085,0.7586308007730453
HTATIP2,0.366581865784358,-0.06106112634227079,0.024488398286580344,0.32452956714279635,-0.024130458176626117,0.700624380612293,-1.000058510450532
HUWE1,0.5269492574198632,-0.05779201217452755,-0.21559940817616288,0.4898967740542078,-0.2267153839953784,-0.19982474857519128,0.005898844342490266
HYAL2,0.6220401845770809,0.18669543146648984,0.05110307287176634,-0.03199639660044189,0.5356120283029017,0.5667485436154497,1.188730900966592
HYI,0.40412161778544875,0.06395871941706036,0.04410826741736123,0.5901085104930365,0.2554128100262101,-0.5066122014873963,-0.9392647461281372
HYLS1,0.5739692587941599,-0.04135078145633883,0.09146236743751722,-0.4342043368745117,-0.11323861285821021,-0.4134948396472481,0.3806077181751303
HYOU1,0.6760819402195379,-0.030668168420121756,0.22839868621957982,0.07190696804428923,-0.20180373320318648,0.42412108016285766,1.115291561271105
IBTK,0.42768028179422674,0.09893201234257126,-0.08636687050439462,-0.1828317470121533,0.3258702228485294,0.07334493770340755,-0.7211442122640439
ICE2,0.333426830536556,-0.04100660952379665,-0.29855372237165545,-0.30966532615103703,0.48671136912461016,0.49225466557688796,-0.6244948359185305
ID2,0.5365259194661297,-0.10101657410250317,-0.014816818095487563,0.7472416133861638,-0.02006264237941391,-0.14463317890434363,-1.1330166829136947
IDE,0.5155264096542627,0.01310303166518447,-0.020375196278536373,-0.12254540668141667,-0.3963574043102304,-0.21223449239827202,-0.4765982365632161
IFI30,0.06457264758109128,0.01731586150135704,0.21594170575252541,0.8212579353015099,-0.6425989880175569,0.35304162110855286,-0.7631714474728065
IFIT5,0.3108041582986103,-0.045060241077371777,-0.4081196757358034,0.3206718534222497,-0.385222327294158,-0.22479104353277407,-0.5769122325146547
IFRD1,0.3449069321866615,-0.09181602048348922,-0.30527464268591614,0.005622520212139488,0.48577239835522823,-0.3628541380154008,-0.5444157887121692
IFT172,-0.019261016062583847,0.035268984403493006,-0.057815739685857626,0.08637359296631546,-0.11698353423653239,-0.03962196591047617,-0.2524248765632792
IFT46,0.31376283979139485,0.12351708700715204,-0.15954655618661542,0.11688071100882173,0.5451750981053191,0.40680515091703723,-0.5697248855204606
IFT57,0.37568752754819856,-0.1905406166963497,-0.14419339512590035,0.053643065679011795,0.4542301265405638,-0.42921958273535854,-0.8956575776431381
IFT74,0.29369994001708705,-0.06692376304378433,0.04737834631577284,-0.6735304120426978,-0.1576177725321095,-0.2932643285181532,0.6563967386472174
IFT81,0.44321521082851795,0.07505983027008704,-0.014181145870318889,-0.7533997576994185,-0.006481296082754339,0.027946263073073546,-0.6633881792263404
IGFBP7,0.3214959906782484,-0.04501198674987316,0.1270881186336709,0.7634019226655061,0.14524518113946672,-0.3059475452033706,-0.9662289515208449
IL13RA1,0.5319206143485862,-0.07173839503831436,0.06938680551972405,0.38994943823979306,0.4235608963078845,0.6736566893235533,0.8634014302432785
IL6R,0.04777417001510685,0.062886654702545,-0.06085628527477727,0.1517446553896262,0.0012043864381646294,-0.20093163459617178,-0.34988879395434885
IL6ST,0.581925041521402,-0.03403801178340132,0.18738229600396206,0.01205255760393145,-0.34630802699293084,-0.43914907121938834,0.7560926475649945
IMP4,0.5807857533580552,0.03554179590334384,-0.10341405690571201,-0.0007402180353649862,0.4042044074490332,-0.0400814209850311,-0.7905934800092627
IMPDH1,0.5075643920555384,0.06094178057494285,0.01991505175100802,-0.44782909155500633,0.38415677801794174,0.34354007074559006,-0.3323870086274551
ING3,0.35326184648401787,0.0930256702285573,-0.12130639309353287,0.1379731271319332,0.5507636777105592,0.06124024309472212,-0.4892042944650012
INIP,0.5224379114912425,-0.09322247048619124,0.012851770363872186,-0.15657506268444235,-0.04816830884668966,-0.3423472030395528,-0.9322513406681873
INO80,0.34696215465304664,0.070373135443153,-0.062138349002367685,-0.1482382305324015,0.2233062166503221,-0.20049054303280509,0.36127319161545823
INO80D,0.3402285646670827,0.023994378620152558,0.3508397144055546,-0.05749429068498634,0.5270816595082016,-0.08446668480431294,-0.012120551832609763
INPP1,0.8386533289223161,-0.19291415830795575,0.2149556964394931,0.023780934866307273,-0.7331162228606943,-0.10905830253297642,0.7659374171024277
INSIG1,0.25850635558522195,0.08988845662553546,-0.36366099701531496,0.11459155145826727,-0.6209301924202724,0.784312725962709,-0.8396067764285544
INTS10,0.538377193545436,-0.02331268190689018,0.08884280435744323,0.0037015743280631812,0.5982687985631486,0.5085226177872691,0.8061552949655171
INTS11,0.3097209427473861,-0.051624193636734025,0.040383591891600526,0.25881215542300695,0.6836560582360172,-0.7110375330754831,-0.16137586224155384
INTS12,0.4700765798475321,-0.1584396691151447,-0.1395053573322942,-0.7894235802884372,-0.043968696835121654,-0.034208482412142284,-0.35400341342427993
INTS13,0.34054075675098905,0.011689327832886127,-0.10016245611802824,-0.12141543573538481,0.2184658838118655,0.13259027328892914,0.014473721736657497
INTS14,0.4251149923453209,0.15203459684866683,0.02513639061617184,0.24450314023272846,-0.364898333985978,1.358280384035288,-0.6807164109752304
INTS2,0.14216745365320813,0.022679050590569103,-0.22332983233638412,-0.08711530648233805,-0.14382469406478493,-1.023354459132236,0.30335193478953343
INTS6,0.3356373030036369,0.0518897156942962,0.03016192898519325,-0.3772256484933707,0.14603498130750225,0.010243856843713805,-0.7048568114571782
INTS8,0.21011237760008425,0.027418836171095272,-0.09779535829375006,0.28645402551358,0.5308464914867138,-1.0009722693521705,-0.886746388607321
INTS9,0.3074858143239729,0.13023407649443933,0.05962487894372126,-0.060277194757758355,0.30997563833939223,0.5292975376152546,0.607370082149054
IPO5,0.4421031136846763,0.2731634980685076,-0.059120120247194013,0.5215200970995453,-0.4230949522341416,-0.47267024209605746,-0.9577385037290573
IPO8,0.41407802314537573,-0.12562056559419393,-0.039483028882713316,-1.003793235089527,-0.13345198408548528,0.14920384215741095,-0.8091791179565272
IPPK,0.3153436751841405,0.23373945705555543,-0.18273028834488927,-0.3423754314374328,0.05687228362403121,-0.06928100616539144,-0.6108612897864409
IQCB1,0.4802314519165617,-0.07653234597300425,-0.0804187450323946,-0.299451653123991,0.40215978775992506,-0.6668572815058122,-0.6571716336266047
IQGAP1,0.4236560941248984,0.1327300471413851,0.062097015443083985,0.1526843382956745,0.31934975901508744,0.41840955761656085,-0.782462467787517
IQGAP2,0.47554037507574776,-0.04446085659706446,-0.09697475009963005,0.19625772267784677,-0.23092373814708503,0.1995918701950922,0.8455074002165398
IQGAP3,0.5685893490631163,0.0055423721097108344,0.19539702239660886,-0.41598623954006586,0.26980312660356204,-0.2618835128571635,-0.2911825379650417
IRAK4,0.24415655188363408,-0.063937429222129,-0.36201008968043186,0.2613246618109743,-0.14581826150899874,-0.32921163931224595,-0.21879253369066845
IRF6,0.4263316271731784,-0.05659607657305411,-0.08161927298067427,0.6629117112149487,0.030241432718422483,-0.2164734455015802,-1.0184210219767216
ISG20L2,0.2008535280763715,0.16917329804149112,-0.01495595831075128,0.20082526163126502,0.5489476356056986,0.49871975107904243,-0.645578662353086
ISL1,0.5295655572480763,-0.035870723945122765,0.2007710610235299,-0.7494244823415578,-0.21368159409058046,0.35224466661924575,0.22018855735468099
ISOC1,0.3273266796891462,0.050817838160665894,0.0823631325010073,0.7044435209759073,-0.11588068138724202,0.999123811267533,-0.5111630451920055
ITGA2,0.39957639677299245,-0.0955087512802711,0.04405936241260423,-0.02758985715972554,0.2735015294980002,0.38726685481628637,-0.7405413902410305
ITGA4,0.4544325311697626,0.06246027164205096,-0.10793937696233537,-0.5647354911897469,-0.6604122429202691,-0.3516097739431195,-0.6968210044609765
ITGA5,0.1270608451837848,0.032221424339265,0.27812689063104995,1.2074637676688307,-0.39175688137956344,-0.18441715452398863,-0.5171981856633041
ITGA6,0.33528928898419563,0.11732738152280742,0.20714117571139815,-0.2727074488032923,0.027004372871308652,0.309598500050566,-0.8750711296113569
ITGA9,0.3325030088740489,0.05866386659342424,0.12453591899254167,0.4109962232081483,-0.07608769707471277,0.03447975311604211,-0.9345317687899696
ITGAV,0.4817128193872245,-0.015167984959962258,0.11886862767600055,-0.24258383305937856,0.3393346176132332,-0.056524229228537386,-0.764453949344343
ITGB1,0.6127016479759664,-0.00497660316984035,0.4563890597010663,0.7351082653590286,-0.17800701609437597,0.6662172526951451,-0.0693521998958439
ITGB1BP1,0.40685884169355907,-0.0032804146971548314,0.037343214995900945,-0.30462275185564713,0.4574378506134917,0.590465334153443,-0.675332133410005
ITM2A,0.25183568463410394,-0.00852034590411985,0.13078096998538413,0.4459138617709476,0.6135012819881254,0.3233125755523023,-0.6981138377484546
ITM2B,0.646473189247798,-0.2638693200232332,0.027718147433503586,0.9780603610422015,-0.11511786072185216,0.005318370852930418,-1.6035481125994593
ITM2C,0.27064281717682337,0.08740315666407275,0.18752754145042091,0.5783919931767665,-0.29604491611584116,-0.6926551740218505,-0.5476864011971807
ITPK1,0.1947413324501071,0.158133727930437,-0.41917627606400054,0.4348494402342942,-0.12053587273690555,-0.9666413409025562,0.4769489274218098
IVNS1ABP,0.5610345235334646,0.0853922779458649,-0.03367646033942753,0.5400046662678385,0.3268535192358449,0.5517105988815836,-1.0335211870953385
JADE1,0.45139501448377983,0.2442467847770451,-0.2494831513271132,-0.154444731151512,0.48462828956995646,-0.031255714243847765,-0.3079546365715967
JADE3,0.4171958628566661,0.08630187328284006,-0.21797893231134668,-0.07411171434011578,0.47700623191861047,0.7623838798470428,1.0068169772207156
JAG1,0.708683103446971,-0.07501139758778007,0.03091770859489123,-0.2592188507038728,-0.6569145304076933,-0.35652630830202464,0.3497963082794354
JAK1,0.553624684273331,-0.11087262000828695,0.12724342670905267,0.7065296616003752,0.019145569321096633,0.48208113339350783,0.43273803579752135
JARID2,0.5826771019362658,0.22850564299108583,-0.017511463624720475,-0.3285005327530056,0.28109471175311296,0.18779016681316957,-0.6434671964039008
JMJD1C,0.30116956957343166,-0.002303145144375754,0.035233700887152074,0.6592728806047061,0.1638719787639376,0.8799026058189552,-0.605300989776682
JPH1,0.3184951206238825,0.16190150453581975,0.003953176885216669,-0.6934205734477622,-0.14535450965848795,0.4036172501260515,1.4054207307912387
JUP,0.38622886485883007,-0.11528564326402457,0.014978025483900745,0.2001590298547345,0.7066159507591505,-0.6674553434618741,-0.9794573053151778
KANK1,0.4492382951329298,0.054556023559531416,-0.22074979510019965,-0.9419481356278673,0.10373985418403252,0.10840714511275516,-0.6834663710246751
KANSL2,0.17888722461092377,-0.0180588281171897,-0.06512618706868453,-0.09556816507405562,0.27477093610596837,0.5350299596584085,-0.1319639964278293
KAT5,0.3347888509770272,0.17315855600846128,0.25765270944506136,0.7808125945647012,-0.011576564120326824,0.5390477129621285,-0.8584728893277049
KAT6A,0.4033491726238266,0.10859112894498499,-0.28944151161428144,-0.6923799590809488,0.08007306862405464,0.26216574434553874,-0.4084905498997027
KAT6B,0.4310660905566329,-0.01101760879955286,-0.061816534044132745,-0.8132101860506525,0.09581050531642803,-0.14097656007542034,-0.4037250419080663
KAT7,0.48899501846423526,-0.08331711457017751,-0.07555475161402443,-0.09487243579839681,0.46851443140132243,-0.8715083278493043,-0.9143938887555315
KATNBL1,0.3505768392934857,-0.014038547280974442,-0.11416557023549971,0.4720319836719845,-0.2688852812203665,1.0118850463397417,0.631070491575289
KBTBD2,0.35670757234173994,0.036457543553277,-0.05707634629371449,0.3965195508560687,0.12172460395670696,-0.22521197125522113,0.4586690140253273
KBTBD4,0.3459763925683003,0.07854237873607285,0.4174366017234345,-0.26885050352005696,0.34180343138244496,0.2017009428348606,-0.7607038130616239
KCMF1,0.5231456775274138,0.014341719209467911,-0.08005868829684436,-0.0494904534576352,-0.12934327864615477,0.1204889531331929,-1.1425282971349666
KCNK1,0.1309257617246331,0.09456922466898435,0.09272146500407175,0.38851477428126563,0.519760095518537,0.3446007830715586,-0.5515428543394834
KCTD20,0.44719385971999925,0.14057519744379754,-0.5107064327713954,0.25811789305834587,0.5691039248652431,-0.4488553744376504,0.8217612878658035
KCTD9,0.5896266868821828,-0.09907046327064176,-0.0027299169778015396,-0.889425979145178,0.11493159052175132,-0.538544801799119,0.04338501354927592
KDF1,0.04229509242065532,0.23541347845801544,-0.0770590797591224,-0.0575350671457246,0.17182251131755585,-0.2181337265525514,-0.06638142800106059
KDM1A,0.37970039030644953,0.20417655623847228,-0.05156693794705532,0.06353852683201328,0.30179597029240557,0.62953288553143,-0.0654068080543016
KDM3A,0.3260384441323869,0.016713056188600528,-0.18872641783731392,-0.23752747624010842,0.40002284386607795,-0.04866803908469303,-0.6414232735482681
KDM5A,0.5725942673572396,-0.1016966796973333,-0.029921096312465725,-0.6043803415723089,0.2257241860861171,-0.9022579363451234,0.3890329666782013
KDM5B,0.37367628534767183,0.15726270021591976,-0.2787817474462002,0.5475678966570589,0.12038767760942658,-0.5306167096567025,-0.8702928958361187
KDM6A,0.1725083830388401,0.15998997414358393,-0.062428541282429105,-0.5343819915525201,-0.2490042519988771,0.3573476497312423,-0.6115604303875528
KIF13B,0.36022023276960596,-0.055170392363148545,-0.4617513983497596,-0.9130979949958492,-0.10242950512877569,-0.10330407131584846,-0.6224168333443076
KIF15,0.4923413573501444,0.07120220922576012,-0.11484945100738411,-0.19187668331897859,0.3490265179526876,-0.4980857908161861,-0.8108682554517846
KIF16B,0.45452966684925705,-0.1250972137263181,0.12529082129310667,0.45447314040715087,1.0792108862765335,-0.7546919843493639,-0.7937394527383135
KIF18A,0.46575947023017367,0.06405141691768884,0.02673658160939098,-6.375010059310715e-05,0.15302996626324547,0.11938572173486973,-0.9691852678560917
KIF20A,0.5927447041655586,0.15714987830438407,0.09062541893176441,0.004291579774823662,-0.6269215953041412,0.7624162538673075,-0.8205308672788398
KIF20B,0.6329699137704481,-0.12509838424362477,-0.07042521521686834,-0.5036925175250181,0.15487930275737963,-0.1149065379807238,0.652492201812048
KIF21A,0.31848020442825165,0.002249505272632684,0.026452864058376088,-0.08594559304806267,0.3285327009786413,0.5577288344841038,0.24952676592122558
KIF22,0.5275372030843081,-0.10451663879523122,-0.12736152992758162,-0.4479730579702782,0.36291976368419454,-0.2361193507063415,-0.9252868632351907
KIF2C,0.5539479100467419,-0.028207112905048775,-0.09580103720451823,-0.4349765700280887,0.14961769900620067,-0.10321089323960482,-0.7629741710842456
KIF3A,0.463698269528204,-0.06157977145612721,-0.1449202215354166,-1.0810270341682462,-0.08759602307514269,0.03172288446440558,-0.2509380429660262
KIF5C,0.2612870234573682,0.14233756176684823,0.0512424583578172,0.3508343034264183,0.4096455296286564,0.7063831926944932,-0.6807115263086211
KIFAP3,0.24106620627328362,-0.13653810293768356,-0.21188522941351115,0.012581232784562971,0.4642305490659205,0.1602945869271205,-0.6964312333484625
KIT,0.5743911061881326,-0.0649826666165002,0.19307265063095955,0.10455634267808428,0.8360680834040811,0.4686829637937297,0.29741114712510636
KIZ,0.2935129631875619,-0.036741344415335636,-0.08962886091940203,-0.043048884706719796,0.6255833591433081,0.19270895568325527,-0.7423684040150819
KLF10,0.4296928123743624,-0.04349555033420152,-0.06918146578548093,-0.17804889438067562,0.412885062487015,0.34929868139878983,-0.7867531738786746
KLF7,0.45884199989341173,0.11414950104056866,0.21694543138170902,-0.09325845222855295,-0.1775779276136114,1.0193123094541148,-0.789578693009519
KLHDC2,0.4673761613329707,0.016550534330697576,0.4481578104059804,0.23359541299207165,-0.6633468482241706,0.4578744940600103,0.7844178287891872
KLHDC3,0.3900034022539298,0.09672927201097777,-0.01677683799553744,0.29465178982235574,0.8098117499910229,0.013253340139841877,-0.7628590606518542
KLHL13,0.14327028154467525,0.24835996440473004,0.11685650101698744,0.2686738902002577,0.593809949798553,0.05120959576371622,-0.5856029509038616
KLHL20,0.4539083245667953,0.05426839200850361,-0.1163850786796641,-0.15446115884142933,0.36921533538986745,-0.4976981145920634,-0.26540142276299905
KLHL28,0.2635440973369149,0.1622589354715481,-0.22596846578315902,0.1374095227608032,-0.3668921803467669,-0.20299542357663586,-0.8503463383919462
KMT2A,0.351212734439158,0.10098276627952844,-0.03535108740321728,-0.15300116606928513,-0.44002732049755894,-0.15852947355780556,-0.6653910338764693
KMT2C,0.5468915470842085,0.03365228211564125,0.015358576938658232,0.14674896463207215,-0.616595739722117,0.3665318836528537,-0.3979614496151649
KMT2E,0.6234515963403742,0.02205926184948956,0.23760168419894942,-0.09731123581178107,-0.6088752942607876,0.019227779822882655,-0.9835195737968486
KPNA1,0.41387288736686895,0.06376222712151636,-0.08452221832150372,1.0563526756427946,-0.1468154560228304,-0.3146161312011772,-0.39135435427267523
KPNA3,0.5462553045205569,-0.054388486989298754,-0.04961911962369011,-0.13653119714670842,-0.7474348184221872,-0.07190941442672712,-0.05037019111815701
KPNA7,0.8624949431907751,-0.1505300852096146,0.17502952884588985,-0.09735919402323022,-0.34715096230051773,-0.16233788128758847,0.9471746809956958
KYAT1,0.34382236299202884,0.1403430021804053,-0.026697709722087702,-0.43195196121642443,0.3185692057935924,0.0969808400849811,-0.6274462010776961
KYAT3,0.22056422282332577,0.10234697862053814,0.21596917955288594,0.7371778178101176,0.3030230633270806,-0.5258146285146912,-0.492080834269438
L3MBTL3,0.3532283774232822,0.09263952621038307,-0.06093900043581516,-0.6633453882997,0.0033760613318737165,-0.3427135351511713,-0.4016319317933538
LACTB,0.4100981685267941,0.03515814455557237,-0.010702817567010449,-0.11163145046202336,0.405275608985573,0.6251863270312585,0.7660511384525608
LACTB2,0.11461338500665215,-0.06346113981303761,0.04735932114791306,0.3660718881608582,-0.40723749349317506,0.4269191549685195,-0.3831790463474392
LAMB1,0.5526036129297669,-0.0012958679771562464,0.19485721184311494,-0.7785316535206545,0.2018104930690413,0.2946657355014609,0.2686809575915565
LAMC1,0.49019857283166945,-0.0010160236718222328,0.31039470127649255,-0.20557806964710298,0.3121440186459842,-0.015333164767951848,-0.4316317673285101
LAMP2,0.533102213738403,0.05124100271554919,-0.025765946825418357,0.1698623560212646,-0.4084404260945105,0.7972967377928541,-0.4604071795897226
LAPTM4A,0.6052662566968333,-0.025787753953729883,0.40115340059712323,-0.046883628864339416,-0.6437420219767044,0.7755218220467203,-1.1868197072054938
LAPTM4B,0.652355279834199,-0.13912738333888347,0.1381278177503252,0.1136273434737504,-0.09557090475992049,0.5198672467052923,-0.5856448384595783
LCLAT1,0.3070705362981586,-0.04582892489861703,-0.18250359123867896,-0.1088058148152214,0.4822966112137168,0.6075347013509715,0.3204515184490034
LDHA,0.6372141224071398,-0.15986525458342962,0.030942342914052685,0.8221972544114803,-0.048279323461004456,-0.10858157429436904,-0.21689338037696243
LEF1,0.47622232149553356,-0.09012583876070507,-0.0022712260535080755,-0.24402337525150322,0.0951089485567551,0.7121274344401525,0.3198148280770832
LEO1,0.42522635996943886,-0.011997770803255325,-0.09700714259443577,0.16148472943892608,0.7696711953361568,0.3769658532506829,0.37229319337153655
LEPROT,0.42055084580449925,7.441959338048054e-06,-0.08338348897720808,-0.7954963329056713,0.111247348921443,-0.028386679446858604,-0.804126229497301
LGALS3,0.46606768622713673,-0.18623610933150073,-0.2099048684186617,-0.18802811742403983,-1.1691625526394376,-0.17168407248736087,-0.861111521702119
LGALSL,0.10709598453913431,-0.0574579627706799,-0.04213655067893071,-0.05728516087162856,0.16861302973346087,0.29368403521751874,-0.09387433138373567
LGMN,0.6791577841180199,0.03854275793950475,0.25937952505974443,0.0034740372370058448,-0.9011558998895872,0.5975055649590786,0.343034794539938
LHFPL2,0.4823097499122478,0.1468480643418315,0.14456092087446634,0.2092812571129273,0.1021149265376995,-0.10545182000184755,-0.32152496285805054
LIAS,0.30776250869571775,0.008568767999967962,-0.123150565988759,0.13044587286368658,0.4530207471872904,-0.24293099041263197,0.5143639852765872
LIMK2,0.16598278933415836,0.02125844588597229,0.0198047515310148,-0.09087833246977785,0.43938138850313346,0.3939613274439996,-0.7416593732270339
LIMS1,0.3631253322963482,0.2132010887115992,-0.011993141844532986,1.0828614970183947,0.1997943379683104,-0.5056293794491679,-0.8579709261215932
LIN7C,0.3923165163009314,-0.17670339987209763,-0.20724265627260252,0.16782953116860044,-0.3741779459401405,0.5647800069052075,-1.002475204861036
LINS1,0.43041647669078764,-0.09526599725216335,-0.10321892818796775,0.035538228807530006,0.4688496745024183,-0.04019979232835286,-0.7854393545669653
LIPA,0.5165213476444928,-0.0012385360069005617,-0.020837187785225572,0.3783979139682224,-0.92066375134162,-0.2586341002140299,-1.1089010796143837
LMBRD1,0.4532834813941054,-0.016273748788805803,0.4838886998854589,-0.3035345815949133,0.40535736164760827,0.39133368921397504,-0.3187956888990682
LMNA,0.5856558578550562,0.010058470365508101,0.0839056700220981,-0.2712487839738451,0.31421553879249525,-0.13078185482428617,-0.1797914730711266
LNX1,0.24580633536134297,-0.16153995638772126,-0.03193173708290523,-0.025163266464445264,0.35579420721912386,-0.8318401777029909,-0.41509506412356445
LPAR2,0.1238257226564964,0.21162133946977693,-0.006651770301582909,-0.36486501487927897,-0.02719446958506411,0.20393914851740857,-0.22600144294966712
LPCAT2,0.01066115341437094,0.1341105291805364,-0.045059941977210305,0.5691168658868405,-0.6945588451718258,0.14911979358405775,-0.3533323000063399
LPGAT1,0.44481838546754693,0.05913395598880213,-0.06420603677391476,0.08961745771269405,0.5069517954744963,-0.6043763692017007,0.3120792885511081
LRAT,-0.00559718204261971,0.05501174137857557,-0.009285514959143717,-0.012537052084375885,0.04658621961671634,0.003105046481102181,-0.01628855684381902
LRP6,0.41374570605611505,0.027290821875814792,-0.06318996937698898,0.4846319647002597,-0.25563530986306066,0.15904984792204319,-0.9199973021319509
LRPAP1,0.5628632205488803,-0.13379195369256017,-0.0524625393793422,1.185693066303236,0.06315707022173656,0.1653010310451949,0.5644410147432476
LRPPRC,0.3975494447279781,0.004047806195538035,-0.05718077296219938,0.14567320748764917,-0.14631641204031268,-0.28523118158930105,-0.977335849959367
LRR1,0.4474105266449333,-0.1387078461745581,-0.06600378496100583,-0.3757738507210744,0.41535182418559513,0.13246575195059673,-0.6861770971296127
LRRC42,0.43671163567340154,-0.05141564929490324,-0.010034299538447816,-0.7010079445604118,0.24734861323485616,0.3147478986480678,-0.9451486833710927
LRRC4C,0.19908358079000932,0.12912200109802585,0.26701280195009863,-0.0633107797422394,0.07492765721430202,-0.1470332807907961,0.676972413935457
LRRC57,0.09456178032681915,-0.09533309204259982,-0.09363517779945671,0.02477950611766054,0.2251733396980413,-0.4097930790990582,-0.35793932255800287
LRRC59,0.2423054662606963,0.03502473197545717,0.02092860562636727,0.32850623677649127,0.4578514982950539,-0.7582200583249783,0.8204767514080509
LRRFIP2,0.2825240009135315,0.009259669673345568,-0.13834645512278113,-0.37962652939767694,-0.6193517176225494,0.01100624555140943,-0.6816175783912838
LRWD1,0.3075502552364342,0.026850178899894,0.2419613034359417,-0.04195194698040817,0.5522465190609732,0.2250190001879823,-0.35560594132613765
LSG1,0.3252026497839768,0.11314699355283732,0.002067569295895518,0.000908981373294783,0.3617308585894665,0.17607009476245172,-0.07828386685626443
LSM8,0.4736575581091359,-0.1553222390912661,0.08735568550698292,0.22394971652827944,0.8516512881912603,0.5707277021840556,0.6754821108242351
LSMEM2,-0.021450537646102587,0.14239321315809236,0.003879468703966657,-0.03854057908266808,0.22285763813648862,0.046930587115624284,-0.2178197999666737
LTA4H,0.2552401184187066,0.18280441013304305,-0.12579069891713954,0.5383973109567196,0.6525580085741215,-0.6068652278776058,-0.7654646586590149
LTN1,0.28261151117152095,-0.06823235890952217,-0.5359818512459946,-0.18662927074894742,0.3581362049549902,0.6750975199273914,-0.28404145617450044
LXN,0.2841209317147909,-0.11011506784132923,0.09427399005900879,0.2478436095889494,0.5987363954015466,-0.08203427458226337,-0.8239396682790588
LYSMD3,0.17184780467129693,0.14602430300781227,-0.028757506720347492,-0.05737959631580632,0.33083882141067955,0.3973571436768713,-0.37946270366020884
MACF1,0.3408372719394418,0.06637729956057174,-0.22652325275143007,0.13516431207431123,0.6240563575113739,0.26762723326525784,-0.3788282981070353
MAGED1,0.4388413314014433,-0.04762760474149321,-0.06618441146326293,0.4083064544934227,0.8161836911814816,-0.5793665259688092,-1.0970539877636465
MAGI3,0.4951396266404381,-0.01282652616967357,-0.053800091045718604,-0.3078835721012411,0.17380827152990092,-0.16444710491708928,0.7935614444912582
MAGT1,0.4843371523313208,-0.1312861223618558,0.03646140019081241,0.05967688782503457,-0.13323039553845215,1.2698466341654,-1.241980854482262
MALT1,0.207213120224791,0.10132155702224271,0.03844070575693594,0.20351882385398665,-0.01843243662148031,-0.14049571307285502,-0.4357685820215732
MAN1A2,0.3706778487875641,0.012585000473873339,0.20954298807998836,-0.5117146045065114,0.0664337909906801,0.47799333234140023,-0.9891541564203218
MAN2A1,0.4058054076356341,0.057191536567891346,-0.03737762349495192,-0.20275753523021495,0.17189508905246922,-0.7190596745996259,-0.685576143229157
MANBA,0.7940872499393625,-0.1037922719966943,0.39838114609606573,0.07960179078985254,-0.7158517042502677,-0.20819900680507322,1.0135476168867399
MAOA,0.0664873877272185,0.12723833734179193,0.14798295689451993,0.18074138715258467,0.1466076307053443,-0.013143987413573352,-0.08526834051046088
MAP1B,0.5698122495932277,-0.07968935340074322,0.10521895004298405,0.2714163280733579,-0.298585441973313,0.031032794270845463,0.13723049938219611
MAP1LC3A,0.5903564927064164,0.03321052429129247,-0.10100790460478697,-0.26529387315444863,0.35714677266330086,-0.48211593658671525,-0.07946229654773608
MAP2K4,0.4543984999827789,-0.0878617926811936,0.18217656502377322,-0.08722987590735645,-0.68018126887873,0.7056565362481911,-1.2304042789017802
MAP3K1,0.28481972092371277,-0.05601007039751244,-0.20526723966887628,0.26315500120351754,0.4941795441241212,-0.7033880767049338,-0.7138490198380345
MAP3K15,0.16685395120763974,0.1908277144497367,-0.010062419955758186,-0.3451708094535207,0.11479634440830516,0.1871329247918708,-0.05513352301521594
MAP3K7,0.28046077861262997,0.00016077884453560292,0.1655306446814731,0.09531832646992715,0.41648748841219985,-0.8738820132070951,-0.3598702423253569
MAP4K4,0.6336430551983069,-0.08700450642145807,0.09153963346120057,-0.39553642460770705,0.300918806529264,-0.40992836047372533,-0.03704362457326945
MAPK14,0.5576139721059405,0.009294606905118304,-0.07981977501262506,-0.5008989719193092,0.007263315494991973,-0.6139060373965829,-0.8022092153117061
MAPK8,0.5405355898980729,0.10223870485158663,-0.02923813586772418,-0.3105622461834709,0.4330031025709131,-0.2085837927210285,-0.2574115076875782
MAPK8IP3,0.21107127906320872,0.3246843002175168,-0.12118158497145685,0.8141273821440355,-0.14829280551244425,-0.7069792148853542,-0.05296308516187154
MAPKAPK3,0.34641732840786227,-0.026337533713060374,-0.015491096659830969,-0.2515302202387832,0.44161582429196783,0.8798199014575848,-0.5613860158076923
MAPRE2,0.48449848162708864,0.0200783645347691,-0.09752225016971985,-0.8879508854357988,0.15614952032366652,0.3125017829883215,-0.6556533276076942
MAPT,0.7938287389596843,-0.07118483784936436,0.21846172905547254,-0.14025906302804436,-0.650934658666692,-0.058346940906290785,0.5124953875950813
MARVELD2,0.4148411531640663,-0.04693188164715437,0.017150238536963035,-0.6420985195260356,0.2524933652164022,-0.0021032001389954705,-0.8173904387167362
MASTL,0.5372362700898295,-0.0979541035357686,-0.09858971755841749,-0.5735507571622565,0.2530562110681298,-0.019836267681157656,0.5959497291591327
MAT2B,0.5273427963453089,-0.15544662604769804,0.02883729065951402,0.017381871086884083,-0.5575401279803568,-0.4624388511056459,-1.0381311099235042
MBIP,0.3557066398490269,0.21902050992290897,-0.051048293190492484,0.03575019141171267,0.4008368404633766,0.03533819270506541,-0.5872355480042285
MBNL1,0.20045714376753537,0.060627015776700426,0.11890070122048596,0.7982642681460075,-0.19377933081138773,0.45700216944692823,-1.0341915967619497
MBNL3,0.41234472839928765,0.010239448841562753,-0.22554509597734607,-0.10001383291206452,0.5316752458270192,0.06535867218830463,-0.5784098016931942
MBOAT1,0.3555923889218695,-0.035055263349620176,-0.10466104438334022,-0.129702641268249,0.5011199838265572,0.15317986397658337,-0.5620927879562417
MBTD1,0.23591754955710462,0.16198491884635485,0.06336228493291271,-0.3928309322535212,0.10815367583365731,-0.10846173151842699,-0.5467044147734114
MCAT,0.6493792515605804,-0.2012955467005872,-0.0670107925884583,-0.44822296700762665,0.4633605270431567,-0.12002866157480684,0.7386406029775318
MCFD2,0.3087512459561893,-0.08585443421076848,-0.03275045546527223,-0.1767948052231794,0.4719444325711787,0.5675709758337976,-0.5829293566865406
MCM2,0.6353295044204437,0.00765612488802898,0.010414506294478234,-0.05122090313899892,-0.9208609453962658,-0.3581299446444536,-0.26923736795495573
MCM3,0.5033177213903693,0.1030168255713465,-0.2935599335107046,0.34214967807914687,-0.037162903552687046,-0.06036508582300957,0.05545538674762342
MCMBP,0.4569027028191784,0.07536692413691755,0.029915379272000237,-0.11536183043995638,0.501920432028542,0.45316441167317717,-0.808602338103324
MCPH1,0.15989800949859181,-0.07666358480203453,-0.38795673368577105,-0.25965653535693584,0.22006501266405537,0.8361514666903036,-0.1287701064613693
MCRIP2,0.34903136599067447,-0.07363498603354034,0.0627200245397698,0.47104500257654097,0.37963062794171953,-0.5268736789150369,-0.7262721056801948
MCU,0.3665894063132514,0.13846705385551264,-0.0576504701738682,0.06034369466168795,0.7949256557859677,0.524180770613628,-0.8393860263712944
MCUB,0.7896026260433179,-0.052493696964174344,0.20786501813972366,0.05855941631111502,-0.6917062278667291,0.0174720786539793,0.7883359103529561
MDH1,0.5733672595105644,-0.0358405331769285,-0.038313393990283634,1.3943159166612245,0.17220964422491705,-0.022545170542414582,0.7471037034863395
MDH2,0.4859028875738244,-0.08652408025480929,0.011366640692989746,0.06700173046646117,0.7074967771300898,0.3903968675420819,0.5915910623090345
MDM2,0.16526406824028067,0.02764361532615828,0.010237777865270494,-0.05697518429678989,0.39521302799354274,-0.019383402036775552,-0.807517380858055
MDN1,0.400284407717102,0.1041242588614055,-0.28121828049604586,-0.2176654165825317,-0.13674585825062982,0.5345426177103344,-0.6117272770229782
ME1,0.34287719795372684,0.05310707933500723,-0.3523593661538968,-0.05705079060181404,0.23956499835927905,-0.45628633763487386,-0.2941839916427718
ME2,0.731922322115822,-0.06549305459536323,0.08063010402307667,0.4331731740370152,-0.8862708648453469,-0.1441476389476375,0.6807079360005099
MED1,0.5213204702465115,0.0054419153622472585,0.1934706635038526,-0.29066393488978076,-0.09664023319330031,0.7406632177079426,-1.1187105326875095
MED10,0.258714786094833,0.06670888495229405,0.06429089013127043,0.5022936465671893,0.4866556973410271,0.4810340385137418,-0.39623438597042354
MED13,0.314481072471648,-0.08375483680453752,-0.25286900517590793,0.2008283067836173,-0.14536448062920265,-0.7632732026465144,-0.7589113897088605
MED13L,0.420902462713785,0.0329930621024909,0.08283170060231503,-0.357488658284148,0.21432482679828915,-0.23078627852211797,-0.7217271013656458
MED14,0.5304098554441288,-0.047198175382790114,0.1264794926104439,-0.543697066144568,0.4448707742979407,0.2551139008138619,-0.7656242894810795
MED15,0.6261416244751505,0.04756321656943625,0.1843142009242394,-0.14417699934872621,0.09244639079825209,-0.48005829099305997,0.5878540894594723
MED27,0.6086060931711439,-0.0642595285881151,0.14194923165689777,-0.5027605328873787,0.36558432947885006,-0.45053522561399884,0.4269815399823843
MED28,0.6712370503066818,-0.04196639162336464,0.044189349049150194,0.2660840734091594,-0.6701641944382268,0.06368921391873932,0.5332756610787021
MED7,0.45494630057935886,-0.292601575060072,0.032525982063589275,-1.0402220065912224,0.13429276377602029,0.9119141317385215,-0.821699380302083
MELK,0.6367156282407189,-0.13838695006094676,0.14490047260856947,-0.05065280982615546,-0.28831646919434933,0.2998202276532344,-1.2472858071277102
MEMO1,0.38260285525321097,0.13255641853480524,-0.1114704764734749,-0.36532130787061123,0.03274970554797502,0.31084753788881325,0.7226616816288555
MESD,0.49932871385588856,-0.1421969688715786,0.24194616315265702,0.5298497065641151,0.9641218194545981,-0.7219172471870076,0.009750749984532816
MESP1,0.45266558055228934,-0.07071584614635923,0.008112534460225545,-0.36213341387820286,0.283327109751067,0.6787628069078868,0.6749922238153289
MEST,0.5390507201837001,0.023430193019657403,0.4126078078679874,-0.18482098107880426,0.3762588276820672,-0.8351095986120712,0.6136817765952193
METAP1,0.25612201307320914,0.21806716894288827,0.05632091443172584,0.43156446614268623,0.6489498371016371,0.1883359041543822,-0.7451694985700148
METTL14,0.4948061054744527,-0.012015336774867052,0.10375237232698553,-0.19517881318938232,0.3571500683612973,-0.7170257273669028,-1.1127792697873122
METTL18,0.44991341984798205,-0.050514985471005275,-0.08603601414615479,-0.346112755092837,0.4334832595057232,0.15407135719709042,-0.5060024196511144
METTL22,0.13324599553313116,0.0034409019448349925,-0.12996591364764126,-0.04352320672552174,0.36752808751154337,0.5281834339345174,-0.33819943293501664
METTL3,0.20700606923183873,-0.12093088712473103,-0.005033681575825792,0.24099060905931924,0.0823027177947083,0.6493991398495833,-0.9364030593331162
METTL6,0.5776568093949546,0.026555228630183607,0.21674178924331938,-0.39455742594489707,0.2674098410376713,-0.4034856100196445,1.2563962943246116
MFAP2,0.5502040958929678,0.10973283496436499,0.040294179233337946,-0.3881594353254962,0.3683046306099327,-0.5804799817192714,-0.7748342249641509
MFAP3L,0.26058161855586076,0.18873521098176238,-0.2692702072412351,-0.04721801786304869,0.43770590844689017,0.1675815469727839,-0.49028609835740455
MFGE8,0.462900701678523,-0.10491432461761549,-0.007362429799931551,0.22776239633915324,-0.1375918685299199,1.1795502154618691,0.4315610940104505
MFSD1,0.5581027330152686,-0.08452966467561034,0.19117230319842293,-0.1761783700702013,-0.07739355110335998,0.2179398832443309,-1.140448345651284
MFSD2A,0.2946115363084007,-0.021742836641708774,-0.10025987081943451,0.035523759233957154,0.4991814456715755,0.5869206590644455,-0.35057237071023034
MFSD5,0.1986908525754757,0.0015946763811787643,0.20096625211804284,0.08635062013578959,0.3726338156627924,0.1409053182889914,-0.7516728476302762
MFSD8,0.021012091644420326,0.05359664066135957,-0.23011778109464276,-0.045064863305164606,0.14104064415028772,0.07437109250675597,-0.04966900636421824
MGA,0.2520429439969258,0.14460114996537432,-0.4615375476690762,0.014958137696992575,0.4075711256860015,0.01613206442279694,-0.3434667863436829
MGARP,0.4045684659783894,0.04358142085281553,0.08828290512897737,0.7219724885684902,0.14526609332806642,-0.4523171740423122,0.07340846875436981
MGAT1,0.3557320254455021,0.019167616514605006,0.19391735340756558,0.19285241872243986,0.7621024381935098,0.3193485372642003,-0.686033065717304
MGAT4A,0.6724604136310557,-0.02403891771395359,0.16145998591775484,0.02241244015534074,-0.5411885605055505,-0.24233436748499865,0.6186221746350472
MGMT,0.6472468212184044,-0.11023062197659676,0.030833970061218054,0.49258563494076496,-0.10523505233321835,-0.09167220286815261,0.4548448662704385
MGST3,0.3754260974701232,0.0029289692371173423,0.13648612014163683,0.9427963298485221,0.3981759196791287,-0.5062217408882498,-1.2617746366123546
MIA3,0.3281350091182239,0.039815334128386316,0.33727226389691,-0.37622234978206043,0.3503640808446319,0.36580541772003516,-0.7240491826840193
MIB1,0.39865256590680365,0.07874337296567281,-0.04241088650707831,0.8969481698129542,0.07558860390284358,-0.43402816275328143,-0.48910924405143513
MICU1,0.3583254874043232,0.10626391168822762,-0.45609813537126936,-0.14951122677223597,0.25914149118309826,-0.39723909972087856,-0.7837151685225573
MID1,0.43391805720942195,-0.08158161800730511,-0.17735140140822722,-0.7264650214885651,0.16157230822392019,-0.39189093568317335,-0.7033213142961746
MID1IP1,0.5057627676212457,0.07400743722023656,-0.22413111891428353,0.7423605052518635,0.3272545739062208,0.32891080099203834,-0.8753901854845135
MIER1,0.5261605196114306,0.02956242154115298,-0.07459766616943074,0.7656158410920456,-0.25633296715778525,0.36456209707445497,0.5097956003760524
MIER3,0.45009882565020765,-0.14030517201501366,-0.27351692696724444,-0.15723782282751583,0.12998091572784964,-0.31915730387173313,-0.63617453448861
MIGA1,0.3406832217879067,-0.10095448084690982,-0.006443911009443275,-0.6323915522682139,0.2013873515911403,0.2983411194883298,-0.5198107941561353
MINDY1,0.19244994401938745,-0.07863234816955697,0.1049462167518683,0.022541340873646145,0.411172335447796,0.42772563956114634,0.6027112428521085
MINDY3,0.5332284239846009,0.036879032789954885,0.09339320498000264,-0.1845473931227097,0.0444151777949376,0.31904701140413555,-0.8738089047539768
MINPP1,0.3574594257576426,0.08185729081497035,0.04705180645458983,0.053576690138446716,0.595845158339168,0.28627905257552294,-0.389178535074995
MIOS,0.36050797371488724,-0.0022547780113769925,-0.3471522900071529,-0.27974611129937205,0.32767052323358753,0.2006574004962841,-0.5254270408521213
MITD1,0.16329866507913063,-0.003450003248224958,-0.14267618436226914,-0.3175010961433599,0.16516148459136354,0.32187538232116436,0.11474120958071374
MKLN1,0.5499911583476194,0.1264295509935879,-0.1235700159937243,-0.07150978136700484,-0.6000714619432068,0.26051114813978155,-0.998614849773562
MKNK1,0.4971903801235468,0.267651426397789,0.23201141248150367,0.2594268697965228,-0.5716242642727258,-0.7846692574260475,-0.45477225690178513
MKRN1,0.4407471661162153,0.08950024101056102,-0.07014612264345214,-0.4038985017704413,0.4302735612541412,0.1716694699140764,-0.7363665673619326
MKRN2,0.22583629182757387,0.0704316470584592,-0.18014538867950236,0.23708049927334449,-0.38434555693711775,0.5211948381624694,-0.862307689935224
MLLT11,0.571182270110314,-0.05895561654679824,-0.2169534417462829,-0.7132897740487375,0.10588796329418916,-0.18966284181181223,-0.557752240448668
MLLT3,0.48614901747596323,-0.013236052220110296,-0.15164838085949575,-0.9783215604942652,0.023573674961018892,-0.07009273155020755,-0.7884536288572543
MLST8,0.11376504791785898,0.09084083557455691,-0.14384543042788492,0.19503002658125998,0.30555349037315316,-1.1435053142052314,-0.20916737207990374
MMADHC,0.6613079174136496,-0.08642142981420625,0.14112624312424443,-0.22387873271729017,-0.4222150231784372,0.046400623465712526,-1.2433878540751715
MME,0.015317876318740205,0.07695921738120606,-0.22764265328204325,-0.19251410550430886,-0.07424390183229769,-0.22539728473620646,0.049255361488238725
MMGT1,0.3670040594756415,0.04956233925382619,0.005028995838420018,0.7477223693193719,0.013154139647270151,0.34283055863888107,-0.7526832909422053
MMP2,0.22249526546131884,0.16295080661781988,0.3381788611323576,0.4074998016783649,0.7047175878517828,0.022139933828867014,-0.5307171139705399
MMS22L,0.5560540087806064,-0.11401915187403937,0.04144456099071492,-0.7344511152360154,0.2447020373431331,-0.3985616512857854,-0.7397946758656418
MND1,0.393616645375756,0.11642121887734717,-0.06609205931150886,-0.15573969389749484,0.4669836007994107,0.4629129860270752,-0.4935328192436131
MNS1,0.5277857201278437,-0.02879266966278595,-0.12923434688476673,-0.8104620016687697,-0.09981298347228632,-0.502219838915119,-0.7525296692935894
MOCS2,0.407491037050648,0.007154602282575065,-0.09467675661094967,-0.23435329672493854,0.18732591321838038,-0.47078342124783595,-0.5277572165316493
MON1A,0.46319049951210006,-0.12943879760155275,-0.02263295077190276,-0.7956306432938022,0.11100900281889653,-0.12718357439747363,-0.2088229307990697
MON1B,0.5868280313313802,0.039326321618915736,0.009328477407751602,-0.49038889849149314,-0.5726344632755506,0.22488200752513368,-1.1698615287950147
MORC2,0.4625946986145352,0.14405964808515517,-0.031117962462549015,-0.6714564270428132,0.24165324816291192,-0.01063487184480837,-0.4120085257493555
MORC3,0.3760394860489548,-0.07362520037677531,-0.13222580184473398,-0.21540310266241092,-0.6657459723117732,0.4238531787121435,-0.8642674516669864
MORF4L2,0.5692172154004822,-0.15757496253596465,-0.04069382505624303,0.6106826433303951,0.10623601773312573,1.1633084513399494,-1.3938003091418902
MOS,0.835439494351582,-0.10177929345180674,0.2428570221758543,-0.0041222839015661785,-0.6249035296031256,-0.27026190545921236,0.7539883108357582
MOSPD2,0.4377441004109339,0.12997942187658915,-0.35552016955872223,0.4520830130924955,-0.3302376981190991,0.40688084328653595,-0.2862535714366626
MOV10,0.49704814459620456,-0.12195493748251163,-0.1447601777523453,0.5218200343393167,-0.12388355442316923,-0.10715671039057707,0.22646353654137355
MPHOSPH9,0.4440215934196798,0.11488085276890088,-0.21870029574381034,-0.18616708265491333,0.3570383506915434,0.018834715336771907,-0.5125331489856757
MPI,0.20200272643262257,0.025737497327618906,0.02862944583776199,0.38094130047096725,0.5587332267680757,-0.7366886405000885,-0.7464872325832469
MPP7,0.3476405978585135,0.14792482007010624,-0.3163329276030199,-0.372734656529058,0.06089203765189156,-0.04758547144766023,0.03238278283763704
MPZL1,0.6871979948870875,-0.07899197852195157,0.13885967821251294,-0.2706665966921688,0.0018873231769668457,0.3517689903931632,0.7023807132174246
MPZL2,0.29013763560505607,0.024867390466370085,-0.04704206505476823,-0.020025216594599653,0.4796593685950992,-0.10554527160968162,-0.4526592615155516
MRI1,0.3633970765679043,0.1241254191883084,-0.2583795959746581,0.5099795717486207,0.3890289688523818,-0.6347628996119334,-0.7837484189428516
MRM3,0.33434110297918984,-0.012646182969751832,0.587858640414452,0.06371786391101952,0.9333723250514755,0.11034306097596154,-0.9606457495302764
MRNIP,0.5289835937310234,-0.1327683910430905,-0.004307263479194477,-0.6567083252780234,0.12648052269655746,-0.5046470622100089,0.954089214707783
MRPL1,0.1647189118373818,0.12470394977711895,-0.07331841479870328,0.793202201178213,-0.2563483081669278,0.6304135060075629,-0.7307426634676484
MRPL10,0.41170400343167196,0.0761009424244182,-0.040787321717153345,-0.4670163400117366,-0.3822064770414867,0.3627125004280812,-0.8588804577764644
MRPL24,0.06833248762877123,0.13410682604465224,0.13163823584515513,0.31666617975840117,0.3599740964537706,0.266733715205388,-0.44432376412101987
MRPL3,0.498596905148621,-0.08302788247617306,0.019426583356677855,0.970361201434485,0.15074521555843343,-0.028304652873110972,-1.4104488374185877
MRPL39,0.359205307167374,0.022263444990770452,-0.03343851732747553,-0.16089529748546738,-0.00826277254418413,0.1923511970111111,-0.5382837875555468
MRPL49,0.060670274903843815,-0.06270140858787722,0.05573973806540701,0.03303502100792682,0.30733178716280307,0.3549442506571925,-0.42779018500336374
MRPL55,0.5891984112397152,-0.15586597918171483,0.002316143648671787,0.19262861124540376,0.7742183581904581,-0.3085242844778831,0.8773204786878139
MRPS10,0.5380718505181972,0.004658645387296879,0.051571534023942676,-0.5790487332261783,0.19023707593211797,0.04459467486524512,0.49127733272113167
MRPS31,0.5628924302801225,-0.01260299406195887,0.09647204235381322,0.22633157366882198,-0.4490436772846782,-0.2407034254472756,0.37548282385204
MRPS35,0.3420285785592268,-0.11475728554326485,-0.06592716202790387,0.1311131963008562,0.6625453532862627,-0.2498494124205738,-0.791065350232322
MRPS6,0.4977286071741065,-0.20948134428771747,-0.07862644038962764,0.7468001217277789,0.09706889378955486,0.2714461948654108,-1.3206639934522901
MRRF,0.3243863090741677,-0.07356832542681095,0.1059114241161918,0.5672421636181385,0.014997293785219377,0.06097457066257173,-1.009402304213575
MRS2,0.10203581739066733,-0.02964452357136074,-0.11439074189630602,0.08542089258429723,0.335761888024382,-0.25664500893584113,-0.459222396402246
MSANTD4,0.14748879049316702,0.0977218127271076,-0.08443906833489863,-0.05748508923766722,0.31902201004844694,-0.042892757459436937,-0.4563382065475405
MSH3,0.3738277018427494,-0.05521351153559757,-0.028668518521161278,-1.1739036054691179,-0.0744908167132797,0.69684371076199,-0.6089025213719201
MSL3,0.5140719867145613,0.04339958096160021,-0.17488920959000806,-0.2106223726207549,-0.43975536829380385,-0.5918806155302828,-0.5821598506370005
MSMO1,0.5000447767128985,-0.13095885292701928,-0.14932042652805871,-0.04880450797380281,-0.4870220708490885,0.5028254682006315,0.533616277324448
MSN,0.31395771456694466,0.11919892058220123,0.17734204854910804,1.1044030550354407,-0.2546992704404765,-0.7634321605383566,-0.7872830976620456
MSTO1,0.01214940771656674,0.12227492324932078,-0.05828296774540309,0.04078529735783659,0.005762708095092602,0.0880018611367999,0.010699337910056082
MT3,0.5396586480980927,-0.012918297714354581,-0.040361234736667174,0.2236922954767839,0.7007426209067326,-0.11870854035511061,0.6708183694338369
MTA2,0.19590003172253326,0.13808453996235573,-0.0920065574939718,0.12012700032536291,0.4364036918335504,-0.4336072180655554,-0.6608744356750412
MTA3,0.502684841597373,0.17428705898396576,-0.11449079050908312,-0.050760547056379425,0.466940467322818,-0.24716445348631366,0.9161208511742245
MTF2,0.5338340486382629,-0.05343520626719974,0.03008877283942573,-0.22802988398307347,-0.08966782943978444,-0.5353965446042022,-1.1542308520320606
MTFMT,0.21610387562518707,0.04428564627526666,0.06889820427922086,-0.028652653185540583,0.40691773762333194,0.3660800000659468,-0.5055490922627299
MTFP1,-0.051589972269031274,-0.15464100355994068,0.0467530387818208,-0.015932311417557413,0.08630434169811928,0.08752781127107909,-0.12486746450614238
MTFR1,0.5133476938663681,0.041586101135611606,0.04816354451091287,-0.47095452958597733,-0.41416596693633184,0.28189021964427946,-0.13506443123160108
MTFR1L,0.46056451992292674,-0.001601855667616396,-0.04640118372140639,0.14399734443169057,0.6947954953055464,0.17950857359621408,-0.03306322968332683
MTFR2,0.5506968788385808,0.16872006181984614,-0.1883690621703138,-0.5251662879793144,0.06275861500348466,0.1874938594602421,1.1050820577214777
MTHFD1,0.322823280268681,0.19383561307703437,-0.2093260083374915,0.11109791433370744,0.6723373535661186,0.6589431587140917,-0.7074664170767686
MTHFD1L,0.18790784259733168,-0.08946361532952113,-0.16231801552112457,-0.11220424320164431,0.29825132338247745,0.3497138777933792,-0.5903708797982197
MTHFD2,0.456174732582731,-0.05806835378807965,-0.5384332370472654,-0.14781912793421967,0.43106356270474955,-0.15885384026532307,-0.5971234123192224
MTIF2,0.1800489787820432,0.14687509344754598,-0.003243414591160178,-0.014285997355321907,0.4477240767005028,0.5435497248083869,-0.416473214063929
MTM1,0.4126497191734603,0.01437094588896562,-0.4808888340668542,-0.43826616924195505,-0.06206858440304409,-0.39605950572179566,1.2087871434238455
MTMR14,0.41556017435874854,0.061689008244296704,0.27638598341992293,-0.08823603135544082,0.08242288856057657,0.42226297845853084,-0.45351544675581223
MTMR2,0.6376396777235572,0.007710197997753657,0.10416473114398922,0.048881427519880935,-0.6888754710451057,-0.04356630366511245,-1.2594037763212012
MTMR3,0.7111474429821111,0.0407689147345128,0.18099634300904374,-0.16121070414512242,-0.2651153390132021,0.06884419130240348,0.6741208818207719
MTO1,0.14488530942902017,0.1791787819676288,-0.3287304644074926,-0.18301654508506432,0.2814017606074059,0.5561168645875565,-0.3808628216342365
MTPAP,0.4169450874175882,0.10148356901460602,-0.08291810180472561,-0.2133659110352666,0.4798648458845066,0.59100857569666,-0.7768226428400683
MTSS1,0.661208232820198,0.08526212945379875,0.07897112262266935,0.03894367701751042,-0.6329450914970868,0.005938213248115988,0.5271952313013966
MTUS2,0.5850661578996923,-0.05087910740953089,0.007208200351553814,0.03266887021534003,0.35111801850119356,0.3857128285998431,1.0169118831710828
MTX2,0.39152290885754276,-0.03691138006987466,-0.08673403810307669,0.08651539198163231,0.4822462605666698,0.95805078149851,1.0782299727949587
MVK,0.2759667268512899,-0.1120655468768001,-0.006930080532717211,0.25889631841455424,-0.030303873217425604,-0.37365776625668784,-0.33979990214321054
MVP,0.7117188018750565,-0.04614398290984278,-0.0397129801621416,0.6488679264222101,-0.2157826861634692,-0.15264958458943073,0.48873508721679443
MXD1,0.74472655727401,0.0012907205646046599,0.03014626627649413,0.009543255237905364,-0.5465661957670425,-0.14390180762111834,0.6964260933628486
MXD3,0.15363441750423157,0.14226062143545634,-0.10285697676333264,0.0021223347323826953,0.393649097746961,0.453185194620537,-0.5008002979116383
MYC,0.35090106993039666,-0.027474780904756996,-0.27490607279876,0.18148530833561413,0.2973629642642263,-0.1905496692151938,-0.6690536786898051
MYCBP2,0.1913787252854222,0.18421719311410162,-0.140837128607276,-0.2581988924070398,0.21312370959825383,0.03904605024354259,-0.5173350824677548
MYCN,0.09309348645030795,0.05731956843229825,0.009200756011520329,0.48645805593870434,0.10606387344236134,0.3469949930457678,-0.273534637087788
MYEF2,0.4143921674587492,0.014689817638147093,-0.12779515353594556,0.03502556753352323,0.4453500255925213,-0.4072790334391611,-0.5445429438967262
MYNN,0.44396285648694084,0.0318988302680576,-0.12353224306592478,-0.6566937968679291,0.1120351305091292,1.1583861672336624,-0.5954410416986087
MYO10,0.35157665029963997,0.13387691382151407,-0.26939423613436675,-0.5395682259940815,-0.15216363594846738,0.17811934435543897,-0.4989392655172185
MYO1B,0.531674901618891,-0.12925565210279913,0.08967185103653942,-0.12526969491308285,0.36888482519018656,0.4472730034804176,-1.168904463814345
MYO1C,0.14497090630134096,0.06731961037096859,-0.038618308914431916,0.03893088065464677,0.15769316625754562,0.14841671346099652,-0.5896215321891305
MYO1E,0.280861592083261,0.2429474719194083,-0.04790636716716314,0.054286074210136974,-0.5189160106353202,-0.08893630634587117,-0.8574231745118644
MYO5C,0.3223848857075979,0.06491829779817895,-0.5180084647038726,-0.6778577291183788,-0.01571026849408606,-0.13508672549499254,-0.4778597094663881
MYO6,0.36450062878716466,0.130036099125012,0.026650042561258153,-0.24881458622650124,-0.883966319357188,0.7540762596524891,-0.7867912449718735
MYOF,0.3453611842135068,-0.1515579441075671,-0.0040673098335254594,-0.02241198244380898,0.4317514005562634,-0.17705068410739366,-0.706315035818223
MYSM1,0.3891304811309843,0.03969112878227061,0.058736960781826116,-0.6110874415528353,-0.9011279826099385,0.3001868914523142,-0.7239345019880834
N4BP2,0.26886225570123096,0.06605183273461959,-0.05236453169911294,0.18176032881980939,0.24121369078846058,-0.013724856921046613,-0.8297785218205436
NAA15,0.3728980881340624,-0.005936572542321584,-0.36335075588594135,-0.099092559034308,-0.21845714939791344,-0.47083473406191995,-0.19363703067133822
NAA20,0.5493302397022202,-0.07245642812211411,-0.1728132001377968,0.1006420207774814,0.5069983807949349,-0.17525658648894854,-0.8135502734641646
NAA25,0.22573849741830646,0.042906498150666744,-0.09227579157800345,0.39369809896939395,0.06475515759053649,0.2986072742414221,-0.8735549954133326
NAA35,0.5415329565063968,-0.09175487481385619,0.056129829240387556,-0.3497341567658599,-0.26326290445941525,0.1426034083274388,0.7341198597480163
NAA50,0.5882918478555066,-0.05150029032256516,-0.05438926470932459,0.14256838874991798,-0.2139515488887908,-0.275667132700215,-1.3144268232177319
NAAA,0.21491640471298465,0.33678381258424794,-0.03070832948383335,0.19086750078381853,0.5909733543654745,0.23675143044682012,-0.402676623110642
NAALAD2,0.44369773233764437,-0.047277121298914745,-0.10453263295529229,0.10371733532942984,0.6414038349296729,0.9545438052958735,0.5537495555397105
NAB1,0.4592615819978549,0.26503510815660836,0.015067784357357008,-0.021768240428150232,0.534052538010031,0.028449294208073208,-0.5833412887335067
NABP1,0.26805323769523615,-0.09173633151744945,0.14377055995200613,-0.2707394871247014,0.27899224119937366,-0.008018591882482377,-0.6705412368108683
NAF1,0.3629814791086356,-0.027609393467654182,-0.39963757738795436,-0.4013654882076454,0.22181067616535563,-0.10059258383267625,-0.5399056603167681
NAGK,0.5446269528553943,0.004588880552100493,0.11353916582276631,0.09924479775507207,-0.7996117177202158,-0.11660146888631373,-1.3500300309509514
NAMPT,0.40060524308621676,0.06479565986437538,-0.21667980165221384,0.7506263765020605,-0.09459820966481125,0.6387244887542473,-0.17317608460792092
NARS2,0.18837301720060895,0.09596635572978851,0.07467252193619178,-0.05625763390474644,0.2536008494338452,0.2873320666940491,-0.44878182576902576
NAT10,0.8100040465948196,-0.09092846029539327,0.18153086060528245,-0.6804375507302414,0.28031571824142526,-0.5260089621189258,0.7935011606466742
NAT9,0.18628070508823022,0.02515038665062255,-0.03759667063371497,0.561752778796305,-0.2253589819058339,0.2249657377675246,-0.7693335664078799
NAV2,0.5677732570462302,-0.06317704866255523,0.0660737436245817,-0.035381236175512115,0.2352002997622744,-0.2960476249054838,-0.29942902340216754
NAXD,0.5498266627727191,-0.13855559082716037,0.021458551900710467,0.9117156338337356,0.13233974984257035,-0.03255148851180925,-0.9048492946884458
NBR1,0.4154662724499118,0.054622801379769124,-0.1375080307241826,-0.15472642578284848,0.5461219141220709,0.22185002581576882,-0.6336365447803988
NCAPG,0.47101490771717625,0.01476208124696861,-0.2705946837894164,-0.6474683576783136,0.10567103595950332,0.09131265026919669,-0.3764411060545988
NCAPH,0.5186365352503569,0.01578152638119487,-0.04069792826329907,-0.2149470644929503,-0.387055062432402,0.8711447556955123,-0.8354017926045022
NCBP1,0.26372494034957195,0.0163420784240457,0.004447926590418034,-0.18166282478855678,0.3860145662745426,0.10890629572662262,-0.5042966317630759
NCK1,0.42012692027348647,0.17608503848717116,0.014378372952466302,0.26761217374877705,-0.15439892345343176,-0.1863920321561227,-0.7965286990614725
NCKAP1,0.41375853663020734,0.07632033068447779,-0.1804362966723218,0.3082827988596076,0.5034366053219722,0.07003704981845367,0.546851505884662
NCLN,0.4955530477653382,-0.02579442878040226,0.05763955969145172,0.07245556888269461,0.8136251460702463,0.1577507074897615,0.3058597468522804
NCOA1,0.3608641778015412,0.0874596012018876,-0.518333237204623,-0.24547421921721096,0.32600003719519566,-0.3931262572336902,-0.6446157511482881
NCOA3,0.6331794824617987,0.040441132228782144,0.19129726363165553,-0.04175795081796608,-0.7448411287226071,0.043566330753261134,0.13887977841521773
NCOA5,0.4456933892653826,-0.05495930115814813,0.2113253522805273,-0.06666332417041677,-0.3298600990350889,1.0321968598487214,-0.3468200350973696
NCOA6,0.35193327481507103,0.03848651014630794,-0.02441694813055256,-0.579160978141296,0.19390092389002087,-0.2333790351002867,-0.7926537911168235
NCOA7,0.3215758467795474,0.07905298837777265,0.2562311336524296,0.021515867414982424,0.7880036081387027,0.3746940448087284,-0.9312343521493601
NCOR1,0.4508488351787064,0.016541572369687278,-0.12156423549049793,0.1945130626321546,-0.5979143389186318,0.09093327421391047,-1.1475711640433188
NCSTN,0.39062836546387475,0.022975624085128283,0.21176266681784164,0.4928272744477088,0.6680772081066115,0.21408291313380504,-0.621700549906829
NDC1,0.5403024190964403,-0.2182304256159447,-0.14214418144816343,-0.050409169024015155,0.7665622391251237,-0.3801690136058174,0.07078996950647413
NDC80,0.43430741469551754,-0.06544157957956331,-0.3392975767515103,-0.41781574096786595,0.2959016945400024,0.4003358149020667,0.649071818796572
NDEL1,0.6551761489120667,-0.12713860853644265,0.18852687566437185,-0.11479756632531395,-0.4048749840524136,0.6230222845448723,-0.9674514848728841
NDFIP2,0.5534409614079556,-0.0679992187553287,0.2808564253339502,-0.019960373669347126,0.5894346350386024,-0.24507749327489403,0.9045300043367275
NDN,0.17568637605628395,-0.011126321684123178,0.15917040659618964,0.1729748775429562,0.37689088112722624,0.1994979931727591,-0.6943353461679261
NDUFA10,0.4839183837743868,-0.044716399869730424,0.15234721603207957,0.03873449088712503,-0.4492148294120687,1.1734089297058115,-0.7321039859939443
NDUFAF1,0.4020402017114191,0.03680849780012837,-0.0060611808812552175,0.2278234165973174,0.8833905463226345,-0.6979399650342061,-0.7692660149141468
NDUFAF4,0.40569519084034067,0.0048730944461279875,-0.36648292583092607,-0.3946145865873005,-0.009027396239489822,-0.1820441015015068,-0.41653242895431836
NDUFAF5,0.14177692060302435,-0.033923407829982384,0.16760176964355236,-0.12934108235130323,0.3951547180455504,-0.09746223072860491,-0.7931072075119022
NDUFAF6,0.1554786839525498,0.10080449232395197,-0.20855620284314796,-0.07548773962524005,0.2850568896397073,0.4266399545720553,-0.3718533113234322
NDUFAF7,0.05009668141820089,0.0457282739913988,0.14228304481378531,-0.0387332997792493,0.3079750258018587,0.2092551845312742,-0.2509048382362623
NDUFS1,0.15213781969027068,0.10097950129513583,-0.028786014505573197,0.3505976565987741,0.013725866428000413,0.4860282065144727,-0.7615265962424633
NDUFS2,0.43754865982390356,0.07271440321264956,0.07055743720117014,0.10210287629427303,0.3502833010160108,-0.6866775320531623,-0.1831458086304384
NDUFV1,0.1222455666324911,-0.07745901385187284,-0.08764480688615535,0.2868995125441598,0.3846845363201383,-0.6083817853511898,-0.6499904620665659
NECAP2,0.4865902561095934,-0.12794795620758886,0.09466539097442973,0.6022246987495287,-0.07524152388535639,1.2597903819763017,-1.3322376000076477
NECTIN2,0.2994527565525907,-0.06794951962641245,0.01598702682333854,0.3478824328306866,0.3208526495453865,0.327319591422431,-0.02449420195597307
NECTIN3,0.24795562809109783,0.1788150310541464,-0.12442407852720093,-0.3142546794877356,0.07412272154137857,0.5104250874869951,-0.09469167332224533
NEDD1,0.5308443377358207,0.07161253690123863,0.11142828831736896,-0.11121146432098032,-0.7424393907443947,-0.018787897900612558,-1.1736384484806202
NEDD4L,0.5116454422069425,0.04509573855981907,0.023521279814492892,-0.6146717528657402,0.3493807646343596,0.10081591475441425,-0.16822114038060157
NEIL3,0.4855208949294578,-0.16212072071791966,-0.11103706586915436,-0.0707261727856578,0.5353258664856997,-0.35142552342332556,-0.9613429788576914
NEK1,0.36546666237681946,-0.017368644844433758,-0.027699389724310495,-0.250754960127749,0.22333019532572745,0.23541054111355916,-0.5651163425903607
NEK2,0.43223949397384964,-0.1164707095920375,0.08936030561886632,-0.11088755429259933,0.8494052773695526,1.180974583977723,-0.8140889576558021
NEK4,0.23376039890572414,0.06914965176285336,0.017661851023090123,0.1686427527590822,0.03356350782389241,0.23170288354093407,-0.9224208454804249
NEK6,0.2003894005732507,0.19006742747086852,-0.10788126596478277,0.12767415692668985,-0.9124492103465334,0.31347073877075954,-0.4174626159660237
NEK9,0.3321199111781633,0.019833878789038552,0.1891073466236387,0.7499777789780435,0.8645954549981192,-0.6561750538558954,0.4889419111403753
NELFE,0.3861421055772472,0.05645686519424955,0.04459311527098711,0.30363132195618864,0.40337526080136543,-0.8361787365055451,-0.6814471499729329
NELL2,0.3054003663006958,-0.014192441361434514,0.2590328065478873,0.5766401789500495,0.6076548711139226,0.6851447981198169,-0.42305276508457157
NEPRO,0.09195358359292742,0.09777165782754418,-0.025739678509851815,0.010973430060865279,0.3004638697718062,0.2607549958119328,-0.46315804239824276
NEU1,0.09786856980105436,0.14926759016618804,0.06549338613498895,0.49001475756777885,-0.2614934791916631,0.041635362156251424,-0.8205558283923508
NF1,0.3342540043227322,0.06187820316674176,-0.2643571345982713,-0.049357554642039086,0.4143001288009356,-0.3242240166761765,-0.33399612800615636
NFE2L2,0.548271188192306,-0.02089785136363481,0.1682952250941358,0.11829144219231733,-0.49358594111920845,0.1556526387414287,-1.1902258280350815
NFE2L3,0.35209295986382877,0.13433169907592615,-0.04376523201568059,0.10881176680083611,0.652309635629465,-0.04276967976998513,-0.6948327467468146
NFIL3,0.3854616511338826,-0.013082048519167775,0.04449176420564743,-0.11427011255673257,0.3514566597878029,-0.7271987240723757,-0.7300182130148805
NFKB2,0.04866180025290245,-0.01662007257343683,0.2553136339921983,-0.013464532748931068,0.3139892875182845,-0.010974893672703255,-0.6012110273283939
NFKBIA,0.5730489943911871,-0.01856779660550807,0.2071298814681773,-0.02846575446894021,-0.6498544076734738,0.5560562815455233,-1.1532179223551366
NFXL1,0.43260918489100986,0.05515244946949746,-0.015638339991868203,-0.3602955860473113,0.3249612524524564,-0.19227564054265722,-0.4478501962129589
NFYB,0.4268483401951088,0.12029850068032144,-0.07103359255480356,0.6190490165653395,-0.2025807749343809,-0.3217474246326845,-1.0268451668736531
NGLY1,0.5661757499348745,-0.2560929760667755,0.05948876813376632,-0.03712955247453026,0.6468719445958577,1.2111417709997647,0.07663070551245767
NHEJ1,0.1632911464496027,0.09881266228571703,0.003266428985041139,0.0061969949249664185,0.4591755720731657,0.35886292735784264,-0.5189949983342013
NID1,0.26840189860308494,0.1707445317583678,0.1944781780286597,0.28853381187696037,0.7400520413990481,0.06665366718853019,-0.4181254344500074
NID2,0.5060055662822815,0.02705376604782215,0.17427451200634556,-0.5075818618931626,-0.2565363573354443,-0.12826087867370192,0.5138329492168602
NIN,0.3933499615836681,0.07442939102073885,0.05099047276806495,-0.19323714990315158,0.13829239307348626,0.42453061188341557,0.15152453985290193
NKAP,0.5028795166896929,-0.1527323696863634,-0.009818952171548783,-0.595501018978361,0.13500334069884,0.18718700615082126,-0.24601956414403278
NKIRAS1,0.3171326813776249,0.10407868309636346,0.17364662716584517,0.45084635545737684,-0.2567027077112766,0.9763075982560676,0.3206607384769015
NKTR,0.40264718140947725,0.15652267166788655,-0.14579330539681404,0.20658040197521232,-0.3405378326873816,-0.7132431398011767,0.10920214095416324
NLRP9,0.7295526533952968,-0.12714236522049652,0.16755305501743134,-0.44334230435346134,0.07930148162632429,-0.35662209483689605,0.8640302843445954
NMD3,0.378917967973698,0.21464961917137862,0.20180703447764697,-0.8283627746710793,-0.12924912699006577,0.6245256457376436,-0.761693836095427
NME7,0.29242756871097,0.004119491083941369,0.22563757780996238,-0.71098591088075,0.17546182760231477,0.5732477990313941,-0.3054122038334141
NMNAT1,0.3142616076563881,-0.050677704574203855,-0.013880407182544678,0.4636971422807099,-0.08842720585540398,-0.2473340341270415,-0.9782065102005764
NMRAL1,0.21901718607987009,0.12023074088945847,-0.04843059434429598,0.21378577690104933,0.5132595045695107,0.5523882356971745,-0.41164723067289816
NNAT,0.11939033011334364,-0.03025049743061828,-0.34906383044558165,-0.21448785744318488,0.15316657931687425,0.6149550311276615,-0.4981978447367341
NNT,0.5037124153946435,0.040643374996164945,0.21379755795672215,0.08526798545779934,-0.8293401684076366,0.30029221790283245,0.08218249602606532
NOB1,0.5462382761455424,0.1316700914071011,0.03653870638570371,-0.14693267854722739,0.43370636676955204,-0.758318692373293,-0.70210700781737
NOC2L,0.15240612709828102,0.046479977530476106,0.00809458252192073,-0.43253541724326067,0.044035375515638846,-0.3061043583392478,-0.6270345007267644
NOC3L,0.18643097474884796,0.01266561812083882,0.06754664650845056,-0.05149358145583272,0.36993079331666795,0.06297276233130411,-0.3578536319246072
NOC4L,0.18889425668222826,0.1964525591412213,-0.30101024545131844,-0.04742460879919346,0.2746592146738255,-0.5549513414061733,-0.30259658751556706
NOCT,0.503297012782215,-0.062182683037080064,0.00760414969688995,0.0032187285823276047,-0.2763265312223044,-0.20919243055522846,-0.5673851813696533
NOP2,0.3914941721710867,0.01797555326185877,-0.05967763932997149,0.26819963161276483,0.6664985289307528,0.25463558370295375,-0.2378315367628158
NOP9,0.4921345073234842,-0.04903280576087615,0.0273138208423307,-0.3808344232650699,0.19908019734840293,-0.8019381067034744,0.47035028120308753
NPAT,0.43343325748337164,0.07909489975845539,-0.029145480373842337,-0.05846704039904768,-0.1793571407242771,0.5999227399833162,-0.9416018724286718
NPC1,0.4960679329839531,-0.13962608502799997,0.2367358833526772,-0.11464190224897486,0.5821043011285206,0.30824121015011435,1.1309008380702519
NPC2,0.3413770001299469,0.052200658271179236,0.34098246113259717,0.7902629411967826,-0.39827799537912,0.6162841621476819,-0.8057747769497465
NPEPPS,0.514897270766135,0.03157330052658698,0.1156930170454736,-0.28959144730126496,0.1372226740373846,-0.9701568160426839,-0.6816875101026458
NPM2,0.6881993617189207,-0.1104610296474451,0.01579821318896488,-0.42824672214567194,0.42947216318547904,-0.18937647456141354,0.9281402091729903
NPRL3,0.17795898450916087,0.17878753612242368,-0.05486401272364361,0.20685848546068863,0.3314708762272959,0.006350259448870812,-0.5769278631446764
NPTN,0.484066153791115,0.01743221525750231,0.28512408842749437,0.28555821883677857,-0.5569445526157611,-0.45570266502040646,-0.939630860323849
NQO1,0.2564488704930344,-0.18100266171504226,-0.06457585888841093,0.27524037188842393,0.3921217673031371,-0.4170562408690201,-0.9946966780186097
NR2C1,0.3340582307664939,-0.177158981348189,-0.021632820054306633,-0.4503046076814255,0.2594080688175326,0.9759780607214262,-0.4615237200136671
NR6A1,0.4982808318511183,0.009983017984970245,0.01133210445844879,-0.7558212857849158,0.29776122512120334,0.06294981548230388,-0.714651592130918
NRBF2,0.4072598255881262,0.02032298592725846,-0.008924730653223316,-0.6320842067972023,0.14146457369502133,0.04041647816322181,-0.9043877616440098
NSD1,0.36504459531487843,0.1732954955556546,0.12567363838476506,0.056472811694947424,-0.518151898226755,0.059854510260951836,-0.17135465820892246
NSD3,0.5303419819340672,-0.030521593566180005,0.1747226808867258,-0.03336745919686194,-0.4669247581500578,-0.28291632870604405,-1.3267637374460142
NSDHL,0.5706917427121745,-0.1931469169584639,-0.11484238623101516,0.18749099768483554,1.016519391582404,0.06911584322294057,0.20482702202418318
NSF,0.4496590882465808,0.06657151766136694,-0.20240382925087286,-0.476175511225473,0.26223151346024565,0.01035154114247075,-0.4234913888775324
NSL1,0.4049066142526296,0.04109122735704357,-0.15048855590357385,-0.5377282838475519,0.028681349043635437,-0.6488661919895155,-0.5839077202063798
NSMAF,0.5490279201219113,0.13132655014611866,-0.14007036976970183,-0.2561490593778829,0.420258884401698,-0.5207212919980484,-0.7317405387213475
NSUN3,0.17330205682054844,0.025613382328649098,-0.023219107214088968,0.24916240726805106,0.5249956243435093,0.29446144578769945,-0.4275807411522064
NSUN7,0.344709721567265,8.915415541263099e-05,-0.38390815306137804,-0.8742990138806928,-0.13063036982506526,0.14037280464090632,-0.24588625490866173
NT5DC1,0.16716973126246307,-0.005216134607027521,-0.02716102491377976,-0.04580920655321863,0.34393349168441456,-0.18761445543893138,-0.4900636200513013
NT5DC2,-0.04000755385788662,0.002302641731328434,-0.11595274807890484,-0.0035678571102953933,0.06464009497528293,0.09797884273849065,-0.05232642501883396
NUB1,0.5507392040152951,-0.08775619204713161,-0.06634937094627409,-0.05709754183488409,-0.3699203482826732,-0.13075823243755344,-1.192559124011049
NUBP2,0.5414995084955494,-0.07964014319143316,-0.08126713628015138,0.05383018329936574,0.8832063779958688,0.2574404237881989,-0.717893591573573
NUCB1,0.5162565498014753,0.04686645104509275,-0.047223256817350595,0.019311348584650345,-0.6653327532481372,0.9210951990514032,-1.1541113191191232
NUF2,0.4209028213603752,-0.18559841234132274,0.1325293391206058,-0.03808921142761559,0.8927476573163947,1.2663081426601044,-0.7463823182573336
NUMB,0.46112061655735304,0.0670414108239693,-0.24194582281744878,-0.05520808848485784,-0.013222813762861897,0.07426952802830251,-0.7663927062853623
NUP107,0.47204290231477203,0.036854437475833474,0.03026993091648696,-0.020625796134031024,0.7404832000690589,1.05106865453295,0.7528198566379622
NUP133,0.47019675983719356,-0.07818297893329902,-0.2508454011652135,-0.6078552377776245,0.14871141544007613,-0.1595336846114859,0.42213885458858647
NUP153,0.34316963187119964,-0.14718247913715027,-0.29403089825467027,0.011830563144684426,-0.20502590028978745,-0.564591509008405,-0.9298510150875676
NUP155,0.4990367635214795,-0.09093777222044083,-0.32834598172883744,-0.4816353556001967,0.2982464050600152,0.5313922073904584,0.41499624518292383
NUP160,0.4137622955375525,0.07409349936522833,-0.09342843205844018,-0.9883305456200551,-0.1159068056662636,-0.29581011333167495,-0.20380390915825908
NUP214,0.7660617511377826,0.003250743393704317,0.1833540354851436,-0.35222571094823774,-0.29416834975942885,0.0923632413516412,0.15571724384453295
NUP43,0.27127546051668067,-0.12828356515386505,-0.5670248822958098,-0.4052893738237144,0.15787230808951644,0.5886090763372263,-0.3458736544985257
NUP98,0.43674314615789916,0.05282549811471526,-0.057421382006160225,-0.7072190122920265,0.02545700570806357,0.17477189057555548,0.902595355415351
NUS1,0.3778252469011432,0.17183475596511005,-0.29628489177666706,-0.25203425159593656,0.06874892438534355,-0.29665762131343293,-0.34260117554639974
NXT2,0.42912341361670453,0.09914377844212748,0.010997628203442822,0.03927499744292951,0.7231845624314558,1.172205478586603,-0.631074090489022
OAZ2,0.32402869608286083,0.06197327612616022,0.32238751833202717,-0.16506156111377293,0.38390496039816485,-0.25388644473941707,-0.46066948379353423
OCLN,0.3427562181308976,0.3339851244164156,0.17543702157711044,0.3084250712683605,0.7429268460260877,0.694204070848589,-0.5122577178483247
OGDH,0.403785480529638,0.04212485622277218,-0.23723075240389796,-0.22005150286970654,0.36019318880930146,-0.7385046285477614,-0.619894723780103
OGFOD2,0.5500052924730888,0.05957014367448798,0.30994715318670546,-0.290502317904728,0.3784232835863988,0.4544115619212335,0.41832581711208355
OGT,0.32131485483878514,-0.058084965958079465,0.2985168606155042,0.14629260196093705,0.8647503319807879,0.10514227710012994,-0.8784038104172969
OMA1,0.5138418391874726,-0.04129522903845037,0.2597747715934423,-0.886164010788134,0.008526153663036924,0.903649977474002,0.9107155339076829
ONECUT2,0.5994908385673121,0.07391764879117498,0.2899617790516277,-0.2480026123872153,0.04151651352540532,-0.3675928803643864,0.07174108428687317
OOEP,0.7216643707721526,-0.028596258085370148,0.07674155825838501,-0.568256051837738,0.26960779234725724,-0.1920901166464563,1.149757751234896
OPA1,0.3373885220610243,-0.10088458317437851,-0.3615623666710619,-0.2696049201991127,0.1428874160974676,-0.2560441969119902,-0.45108359570769513
OPTN,0.5615973616575036,0.058222278824905174,-0.09341264006691875,-0.020785514953213333,-0.023159344965053504,-0.10308996339868497,0.7664235237909601
ORC1,0.30478088438426976,-0.22688280894665006,-0.21266554655007522,-0.3677592089295626,0.4696693615332576,0.4065242237122551,-0.6597901500198792
ORC2,0.39891038266804096,0.10828193220049524,-0.1306795843729249,-0.1887539083378578,-0.2578606364345065,-0.20017019062835614,-0.35617477181678053
ORC3,0.41856026677271857,0.017061485197969795,-0.06842048877390478,-0.20164887002851153,0.31386284605539694,0.06666486957513092,-0.5194887902183628
ORC4,0.3386516387758995,-0.012424266344206859,-0.04571095601711317,0.18673558421308245,0.565105647682228,-0.276445003879585,0.42523360471992994
ORC5,0.38752752462584056,-0.1468778384045782,-0.009269315386330154,-0.7435037860056817,0.2269071383620641,0.38837704845410354,-0.6232563424141059
OSBPL1A,0.38749136204521634,-0.04312543789511261,-0.054648499687426716,-0.0386367670654588,0.43439406213394327,0.25406195896423056,-0.5102351647499025
OSBPL6,0.21992085200059394,0.20577981453813365,0.09671281942591332,-0.24267391474424638,-0.0066008831080181865,0.0498513633161114,-0.09778519132604352
OSBPL7,0.10541980851223998,-0.08299197285550092,-0.12203881716561175,0.12808885527076816,0.38032720287903826,-0.46767402847656975,-0.5808152627500411
OSBPL8,0.3488046716552246,-0.005714501174404449,0.04742430408645919,0.2780282243373316,0.661904507352571,-0.7869772005290854,-0.6774269200612018
OSBPL9,0.5925109319525499,0.04952943517112083,-0.03897666003540541,0.05070348572878691,0.6599482279192678,-0.2689787352635981,0.3699170405915523
OSGEP,0.2242585136821979,0.12265759984748054,-0.332393761406241,0.03803884694591073,0.371184979319704,0.16542604370642577,-0.23902699047976872
OSGEPL1,0.14862187005736024,0.13854079870294056,-0.3689155592314135,-0.007819399126333686,0.24827609174188145,0.26408480785534094,0.3869882895498439
OSGIN2,0.25518433498246595,0.13777955319482377,0.007961940914105532,0.03954504364307454,0.37156920678166644,0.48479462720723476,1.0835454125257404
OSTF1,0.4482083918251789,0.04720411376148593,-0.051985135187785685,0.3481934080485615,-0.4077204378386578,1.4077458640544984,-0.2710553757095493
OSTM1,0.23674832947305333,0.06867549465507573,0.206216578262244,0.43781283232289914,-0.27433473780262296,0.45586973184897867,-0.7536608855753069
OTUD6B,0.12584754057294825,0.14110147910458992,-0.3843400728240193,-0.09399318285689913,0.13320903588084418,0.4113115347081417,-0.05152329757860744
OTUD7B,0.22433499359409567,0.14190991981037337,-0.18368577916122145,-0.42625615716100484,-0.10297910977816604,0.638633046618725,-0.24761143956771844
OXCT1,0.19004625723507965,0.040401384736601854,0.08320635820983853,0.3286817315666608,-0.045967667777013894,0.45214041928991955,-0.7158597036421823
OXNAD1,0.24726064942176537,0.15074437050560868,-0.3181603381038951,-0.029362820815849,0.2576925381156161,0.7040361190158484,0.051714225158021314
OXR1,0.47867502488534075,0.010680398155651626,-0.18453310824927627,0.6944169914536609,0.5288023833392037,0.4115713820798663,-0.05751233777901184
P2RY11,-0.08377414169969004,0.022270632077839466,-0.09130107426612417,-0.015485441260787412,0.10508948985504234,0.05677653361447967,-0.07419299509829304
P3H1,0.5167361741664668,-0.26826208342861835,0.010416173740726672,-0.09774052027264084,0.8927154988483874,0.8082599621969289,-0.43620950571722317
P4HA1,0.44559192662460134,-0.07593330834258011,0.30281898529275303,-0.1838268819116414,0.4458567088716934,-0.012173925116524483,-1.0656295894943517
P4HA2,0.3779252165563914,0.052558075921862984,0.09430905898601209,0.2276863294931965,0.6400752436056459,-0.05024334866009891,-0.8912476090074103
PAAF1,0.24960119824448426,-0.10684838228357312,0.15605044382404196,-0.15145816345168514,0.5741038420991204,0.5337615519604173,-0.6657929399081162
PACSIN2,0.4788971509035957,0.1554754549299936,0.039274144233734876,-0.21459786592383037,0.016443131820463003,-0.8241745328184995,-0.8404710002024871
PADI6,0.7793482129905955,-0.10510794542175116,0.05005060408510448,0.2725357864246383,-0.6077343980402775,-0.0526030961898045,0.8515305288743757
PAF1,0.7114077993887516,-0.08807547464877599,0.032096324407674945,-0.4186426705479505,0.06325872985279005,-0.5546537154229482,0.15610911367443517
PAFAH1B1,0.47904041963687277,0.20292130720039517,-0.4275737311408231,0.3148117962226644,0.6372975665480174,-0.1188120595180245,-0.628523966975551
PAFAH1B2,0.6211827678805645,0.026319457097452866,0.08890781918166717,-0.701736627332878,0.30503854298871885,0.2619326006557683,-0.7445071425431186
PAFAH1B3,0.3546467524886378,-0.027784901446887958,-0.10157522916203424,0.06793634054841104,0.5368028855857888,0.5808542404240352,-0.666129670963496
PAIP1,0.7459006419416976,-0.07458686140268257,0.1589330611525268,0.14070598936320253,-0.862382718978908,0.19747666449796178,0.47452802168708325
PAIP2,0.6024349870422536,-0.19587066348386678,0.01733883189511245,1.12801813631825,0.2627398237872177,-0.10938421691525357,0.07104422760788816
PALB2,0.5255319441289457,-0.008204399695138663,-0.38558590476936316,-0.201789274203136,-0.003580071536704865,-0.23004429765634896,-0.38054105532382937
PAN2,0.38548775509057404,0.03558398775073298,-0.11585594050927722,-0.47413401066783445,0.19143279832012297,0.2254269172124424,-0.12146572217467046
PAN3,0.2335993465540563,-0.011764083557975912,-0.16666421110377613,-0.049369322186102536,-0.011187388613376186,0.45324379701883827,-0.726074837324736
PANK3,0.5025236460225712,0.14628085859933163,-0.09933948897281364,-0.13209280111454477,-0.3243014367801095,0.9586429340995706,-0.9334091343952519
PAPOLG,0.5259598809238161,0.057111943459861106,-0.07911095994602695,-0.7020324745909058,-0.001355829026691544,0.027794423173783056,0.9326441376412851
PAQR8,0.1341194830788782,0.07296401428278208,0.04380536565671326,0.18785671882798538,0.4414625525506965,-0.8798503251823132,-0.6037151703989465
PARD3,0.40919959689411006,0.17411053413410676,-0.06667246593307834,-0.449182958401312,0.11369866334234105,0.7702197778323225,0.056811631046856874
PARD3B,0.5155858624937598,0.047094136775206026,0.08493992032772583,-0.24876825002298067,-0.6356477408244872,0.26244416468614484,-1.0322928762535422
PARD6B,0.42183503812048084,0.2133415489583127,0.009122042679486237,0.07316952307314854,-0.511377030496031,-0.6067785578038831,0.8609159291657988
PARN,0.4292736637542452,0.13733309446744135,-0.03899158653501741,-0.14057650574737873,0.12556000604817272,0.5094264930871385,-0.7511799535656052
PARP12,0.5882657792250923,0.021813204608359376,-0.008409768840809654,-0.46804789669571584,0.17872782869297402,-0.3909791585022552,-0.4341997236389653
PARP2,0.1492768410730324,0.1335170720563645,-0.2627936062692143,0.7191286561678313,-0.32138847233878415,0.4489346008915663,-0.5529349456405928
PARPBP,0.1835780718414674,0.07003250115755259,-0.35208688211092987,-0.07528794974168433,0.305113856933481,0.6522217280330476,-0.3243128365889482
PATL1,0.4374079452076504,0.12440091206232529,-0.13456669980469813,-0.15588192470581802,-0.6446052284699787,0.15262657290350967,-0.813942435549746
PAX6,0.7116839229538534,-0.05680347155038073,0.14222243638230656,-0.8793970698481703,0.2124139031810443,-0.221378979581586,-0.3461409030823376
PAXBP1,0.35245774811885805,-0.02533948304500217,-0.22898506840457372,-0.6114984276295248,-0.01531118967639103,-0.07077268537748056,-0.2189490872006769
PBDC1,0.435091638855068,-0.07927375556943338,-0.08579809540819924,0.16515810002720072,0.5164155759493794,-0.8163810202985549,-0.1282783785279208
PBK,0.42392753098891006,-0.1090796990213826,-0.23603123061189124,-0.35433569413694144,0.17857794112828854,0.23022229120560708,-0.7178327346324539
PBXIP1,0.4774764765724919,0.03278532425977818,0.003801609512412888,-0.1940665256126026,-0.058929280586016125,0.2486368959107363,-0.1756746515990228
PCBD1,0.674248961803974,-0.09108519002542544,0.0836530976192651,-0.07164333141125726,0.34651925722149535,-0.2542625075598098,0.8871956479790387
PCCB,0.5454253052504366,0.10519598263096912,0.030291733603086665,0.3255195539399028,-0.6954961403035109,0.23334831452764773,0.9947326947247579
PCF11,0.4835895653871064,0.1319522793947222,-0.1587738199129242,-0.010293798500110113,0.4470763584215647,-0.7754013292311076,-0.7005192234995402
PCID2,0.30074106648320204,0.219114389332398,-0.07466341040701777,0.5423956807628684,0.8028601965818248,-0.9646329872240128,-0.8414568397333252
PCLAF,0.34156037258553346,-0.08236185919451267,-0.23177170463568622,0.05596929085538411,0.42359364337972955,-0.31742466903811023,-0.8116512331262057
PCMT1,0.46406511262744093,-0.06508202564893883,0.18516109322671612,0.7579458812277667,0.7945177119947034,-0.6065221004202328,-1.0579815800530399
PCMTD1,0.5495868361150786,-0.0539963536955256,0.15232254791534258,-0.032232586949319186,-0.6268906989348485,0.11285679968475837,-1.3836412487665102
PCOLCE2,0.5928587068934325,-0.04260170947439169,0.21978372554984865,-0.1377379957938395,-0.7767031738257023,0.6754935029982858,0.762886281552353
PDCD10,0.4088719142618578,-0.147472715479246,-0.08989076459242558,0.1841945532789346,0.6828776488619136,-0.5392804545169029,-0.8717672196392416
PDCD4,0.5804458115578561,-0.18260800782272116,-0.07669449313271019,0.39262396161868424,0.5742270567741691,-0.3042598927031626,-1.128306049889086
PDE12,0.42877905199027894,-0.0979056585604398,-0.11819175503144208,-0.29868856554478485,0.012330790969708127,-0.1778257992307003,-0.4495090300999058
PDE5A,0.3055508616258202,0.07205769595323293,0.16239591026345457,0.31031291253929416,0.3257893006791821,0.47300855291025534,-0.7625436066717297
PDE6C,0.5933517945327395,0.0017469494284378189,-0.10554314962310943,0.0002752731792252379,0.5893964237105728,0.30110177246960246,1.3285157059731278
PDE6D,0.42079693711403265,0.03152611056241012,0.15997936771141183,-0.3617496842508437,0.3800395683549353,0.5581768113923165,-0.24815946417090617
PDGFA,0.40988067039442105,0.10828608640704374,0.05251761983961551,-0.38870913845284977,0.4263177733652803,0.44362008169088873,-0.5007839657688329
PDGFRA,0.022174411838992207,0.022954932792148525,0.11830973373183874,0.039176606042490694,0.2882466775667522,0.11980813681676317,-0.5272815983508824
PDHB,0.36825533848367903,-0.00666158700681035,0.14452577010247178,0.07416341114861599,0.3674221624535948,-0.6374485751279502,-0.6351424324932347
PDHX,0.3950875131417867,0.13810541703446233,-0.1560170762058387,0.13329536788114535,-0.743592282351157,-0.19473160476463922,-0.39849389360212434
PDIA3,0.6780349506097607,-0.23297415552611558,0.41582346909769835,0.33251189552643895,-0.3369377352081979,0.9693103101311265,0.40239812229916044
PDIA5,0.4648052494126734,0.031762690139555357,0.33306326115840174,-0.2447016412308457,0.5403901812621432,0.4162350517712835,0.24757471754430158
PDK3,0.3564511194589792,0.2657948901116823,0.0535052977833687,-0.43145452807048557,0.17187503536513946,0.3903923762163492,-0.3920817129084587
PDLIM1,0.2535491338294185,0.032117974633700766,0.04655860840820835,0.29783529247694235,0.5911097166587699,-0.851925957457893,-0.8426991676247119
PDLIM5,0.3450725423825281,-0.181065460617974,-0.01371621930052325,-0.1263681543649892,-0.5110015007274392,1.0354391071075455,-0.5051329119165492
PDRG1,0.232386352907031,-0.06986506365346634,0.06116820940003938,0.06085984204948833,-0.201297178175833,0.3749474588937432,-0.6704546844114856
PDZD11,0.3749251352926715,-0.010823644883663299,-0.03987778412388277,0.7584050885952018,0.26948303772701004,-0.5098048632177012,-0.9524813373027451
PDZD9,0.11311474548709412,0.09433228697925417,-0.508846567978767,-0.37727496994094595,-0.07129084428581317,0.05757605678060085,-0.03432666566525767
PDZK1,0.5436042975745755,-0.06970014041750816,-0.15279534584665588,0.8361492179127886,-0.007037166043778833,0.2700292246695066,0.49305404568561534
PECAM1,0.13778169117371727,0.17684690792342592,-0.3467034120656873,-0.33353052736044775,-0.011342227280047516,0.12750234859927598,0.2968283445109597
PECR,0.20814098432979788,-0.06315613296352135,-0.10165022686753794,0.13988410521898745,0.15016386105351887,0.2270982325326154,-0.94239492515217
PELI1,0.45696231555956696,-0.00942553953387479,0.08152025285364868,-1.0450342908481651,0.044808511911600284,0.758380965693642,-0.6629544946257472
PELO,0.5354031833168271,-0.033278102667038637,0.06069206122268416,-0.34316934786231046,0.45260212899341623,-0.5903483239259352,-0.937246746355917
PEX1,0.3684334212302797,0.1335837496651374,-0.06407381992315547,-0.20211226754308198,0.30857566796251784,-0.23188067672964874,-0.5917151898494787
PEX3,0.4704660766312563,0.2759337931342886,0.17881250565209733,-0.014440268597953393,-0.25649656698836537,0.11165367374115513,-0.6574549437875543
PEX5L,0.7085909247479268,-0.13437811006758407,0.036115605623706665,0.03165498928052707,-0.8225581376648723,0.09423136258529066,0.49842995873590246
PFKL,0.31372811449273635,-0.033929306366665184,0.025542990524703334,0.9680669503208007,0.15948543146447336,-0.40923791351933736,-1.008002694594329
PGAM1,0.4330687612788525,-0.19719608371997657,0.2028887093878121,1.2474805272831435,0.11594715464243553,-0.43708919744805613,-1.3369579207572084
PGGT1B,0.27183832652755585,0.11466193733480742,0.3161448256430079,0.5999606613414133,-0.0824162091382657,0.6006452938971673,-0.9764521176935246
PGK1,0.3491227113520086,-0.16874547493274256,0.21180587070994028,0.7555060986700369,0.09149795705444737,0.19249047355565924,-1.311018052641261
PGLS,0.4108827674453231,-0.01428286498912209,0.15702131993602336,-0.3771100431438246,0.17312525005473758,0.14632072698674636,-0.715081976861521
PGM2,0.2839015429242021,0.14177565897408884,-0.056398662164970456,0.25660128692645356,-0.26090216863475413,0.935863682625402,-0.1190070830848228
PGM3,0.23763424748943138,0.029785357656656807,-0.22531798458746352,-0.17394217109484855,0.11844369385260882,0.4358926374680934,-0.8608688444110338
PGM5,0.30366151754674553,0.32663028756784024,0.147216183027048,0.06961042051260406,0.4943229456921562,-0.02401185744460279,-0.46483373686243407
PGRMC1,0.46157170032493716,-0.10149042911159613,-0.0077629330825150855,0.11380747266861976,0.6144687915648481,0.4132327469033776,-0.9467165001709338
PGRMC2,0.37988962461335657,0.24229761427549332,-0.08825077374484536,0.11642432243167496,0.6801668924743429,0.49236656904410586,-0.5526718800705004
PHACTR2,0.16618564645914777,0.06920376651287842,-0.021382992636006258,0.4325928782553562,0.5193889384279153,-0.5438803821593604,-0.6528462823000705
PHACTR4,0.4014640482880631,0.05633549525030423,-0.025521140762718532,0.21988018477684074,-0.0973488279805813,0.9907426109431677,0.12276711104515939
PHAX,0.6475078288034454,-0.02848428259726358,-0.0029196848447935577,-0.23454784997217845,-0.3189241996572679,0.7665221276814037,0.5082286579790268
PHC1,0.3587950877468986,0.15775430747636676,0.3021682497127518,-0.46016585726732945,-0.10834893545944149,0.24316969281679374,-0.043538184770610194
PHC3,0.4787322269367596,0.009890405489995466,-0.12135721721945394,-0.8011734902023875,0.10728346383003966,-0.08928217676297533,-0.5560028690674114
PHF1,0.18445552953071437,0.17943149866703387,-0.0008714753093325448,-0.05941926881833012,0.3800641188633023,0.31133757276653157,-0.32558882679194395
PHF11,0.4342769867824319,0.05170569731988317,-0.18171289439458413,0.07546925014289603,-0.7037556280663991,0.6591904198007322,-0.8970801063511283
PHF12,0.5102810445741054,0.00475831285021166,0.039429578792423856,0.2506769931023288,-0.24433897929591086,0.12755119311264065,0.31050812835300984
PHF13,0.6444112014940212,0.02564553594706551,0.39716643124811685,-0.1445422571264098,-0.5271206666835915,0.3705273236351514,-0.9981127964207974
PHF14,0.41878805033396105,-0.08080583647439568,-0.1363822942784363,0.13209425514553674,0.03886607018029689,0.014766588293541091,-0.5371389669345257
PHF20,0.4307714579444404,0.00013986145545297343,0.1440834144032902,-0.8205907432229868,0.22668222603426194,-0.09173271412508105,-0.8516149834308329
PHF20L1,0.4122368828835967,0.09495850840601933,0.023696552235241114,-0.5341518594322887,-0.010707334628089078,-0.21940396641049828,-0.7009067860080646
PHGDH,-0.005689780995307923,-0.021024852134695307,-0.2645416820558391,0.02961570701596198,0.07103499106096106,0.09269005599314639,-0.08438103516167568
PHIP,0.36105955398708284,0.10853829559154712,-0.49946761250836885,-0.18297814288085348,-0.011763672046745605,0.813750427370395,-0.14613165244351417
PHKG2,0.21118989764317744,0.2704062124134045,0.09924442587823379,0.7871339763918473,-0.2927685753374531,0.8329611541832297,-0.7665756905798773
PHOSPHO2,0.35092935718686435,0.24759231642442933,-0.16188826983289334,0.3321853209655939,0.6318135432297176,-0.589585923356962,-0.6220103007741459
PHTF2,0.42399774789872596,0.19988030105483362,-0.2581645820273326,-0.7647864456546039,-0.07152026197426364,0.2920080814759716,-0.5757617410824125
PI4KB,0.686392720930511,0.006154624546440239,0.18144107764593007,0.03540936731110297,-0.46498844659716826,0.4577491608091745,0.6244613768840755
PIAS1,0.45608298269793884,0.11928094017640016,0.1139482606340687,0.15145829827476584,-0.511613003094807,0.06004363518767258,-0.651750567940236
PIAS4,0.6231510790472019,0.09251413422503833,0.3753010471527692,-0.4369247208769812,-0.11804963799522969,0.19220983667419483,0.0013589600413175438
PIGA,0.29067405924530776,0.17610993021712876,-0.3539304207602877,0.502569106286029,0.17540466725068413,0.22841815506770585,-0.666399023897416
PIGC,0.5418555512458996,-0.12433933192304002,0.009985746670229532,0.044743579307823675,0.4279288774796487,1.3460802186262204,-0.77704302217216
PIGP,0.5404602513785589,-0.1539678198975129,-0.21857280030885848,0.19449851109667388,0.720730743599589,0.046370951240017305,-0.07681813050071618
PIGT,0.4487255501455603,-0.15921454226283763,0.12184033975285569,0.3932485857521547,0.09952991566643443,1.218659638835389,-0.9097151428699687
PIGU,0.5517168203460956,0.14848196964490762,0.04448128816359973,-0.5044548137830591,0.17884058254442256,0.5986032669154236,0.06123688256631965
PIGX,0.4968267152986877,-0.03840970730112326,0.14269929691265204,-0.33301439612378136,0.2943168419024777,-0.0081180331593911,0.9066978532653663
PIH1D1,0.4293077695671843,-0.071988405448514,0.011626126714238055,0.5311639221183604,0.4950689395145081,0.12638213268729742,0.60142658701694
PIK3C2A,0.3486748899002237,0.08204474108654664,0.05575757318204051,-0.15551071662650887,-0.8312398031176621,0.4076982812012239,-0.9022680006723577
PIK3C3,0.2169070437460281,-0.06331888062076982,-0.04116147160051483,-0.1387128158340825,0.4941365209893706,0.5907273550202219,-0.7006118435234407
PIK3R1,0.4561318044531398,0.10126937606788279,-0.30555256196480035,0.2836277186023985,-0.10766871721602309,0.15382212340354295,-0.43926566951701657
PIK3R4,0.43680050192165043,0.059414193177626584,-0.2731216735686128,0.21123669960257077,0.4855112794791811,-0.012556294212378591,1.3746229225901647
PIMREG,0.2944186464949769,0.05635650465525335,-0.08055915978491132,0.5337879602181099,0.6803088147293022,-0.7651198363158929,-0.7899621723143305
PIP4K2A,0.33206409462300696,0.0629765038966944,0.06817009975301454,0.5014123174844303,0.70253412828899,0.06624987014657792,-0.5779810670837503
PIP4K2C,-0.004177247076334899,-0.11060712397595204,0.07992059791857867,0.10520823746159667,0.24252665316474345,-0.4109158654787981,-0.3239345840032635
PIP5K1A,0.26771031778331594,0.22581115624816922,0.2922696616460228,0.46667090240810055,0.8241215230181854,0.21844986266488992,-0.5981628024646285
PITHD1,0.6696570897393048,0.11458054511656333,-0.11896091981195647,0.3527768061359905,-0.4690344125035642,-0.01247579155085178,0.685328654386518
PJA1,0.13492119045997164,0.16610377491418926,0.11753265166299268,0.1268193541547609,0.4956666841050238,0.2766290887369114,-0.596941761463682
PKIA,-0.04676321147901428,0.022846692566581617,0.005938773738691047,-0.005332762078286993,0.12543358623573567,0.026867946217469612,-0.15571550813847415
PKIG,0.5075456379551366,-0.10906782674357804,-0.06586578134585458,0.03396859725673043,0.08374767647821098,-0.31770219084070805,-0.7949800765309033
PKM,0.7222744715199846,-0.1880331974702302,0.048333046045114646,0.5141010531797892,0.5253835463172349,-0.4636716043509467,-0.0611602004983111
PKP2,-0.017852526916856223,-0.0011077450235731502,-0.18499245573789824,-0.019804719728415167,0.03882842867111216,-0.08697738647189568,0.3014415430086875
PKP4,0.2522778610440291,-0.10866310975958145,-0.05462399990036149,-0.1184372629634531,0.46159925632219284,0.0933198287250029,-0.6065521948748396
PLA2G4A,0.3299491324355145,0.047322068979703494,-0.4898611369418747,-1.006943883105101,-0.24335818188515526,0.1328496847820047,-0.48052363813728816
PLAA,0.28151541940560126,0.1543222947376634,-0.24345749788963453,0.7798810595754081,-0.14625052836774707,-0.6029124387046926,-0.7670653513712549
PLEK2,0.6007161547160826,-0.06362084990623743,0.0484425442245535,0.38338600807054574,-0.34193981681666213,0.175122368201476,0.7868637756516753
PLEKHA1,0.42183211147379646,0.17093444465400776,-0.26221399950454843,-0.42603505629559535,-0.481635463055046,0.08828101189617422,-0.6578651751787052
PLEKHA5,0.06393363128586499,0.011615101515672983,0.20570045876020443,0.02302663106226249,0.10819066488413948,-0.11834585237388061,-0.7888883348454192
PLEKHB2,0.4679132085630131,0.015801557347817605,0.1625341093146693,-0.6228569819509138,0.4930727399635718,0.3673936670172289,-0.9210343536000791
PLEKHG3,0.25468711888573997,0.14036312686276184,-0.13310056282732732,-0.0353447242359216,0.5494862312296548,0.0075933027376048215,-0.7475756040087543
PLGRKT,0.041266457208465994,-0.2879928630366228,-0.24319077888492707,0.6602711380179617,-0.6307575535550203,-0.7326532461371598,-0.5405391817825499
PLLP,0.4992693801619233,0.05022597914019234,0.0066932467760168896,-0.29775669063054827,-0.37095196550930026,-0.341922241073485,-0.1563712060289081
PLOD1,0.49724798986460866,-0.22303674152883873,0.41327854846863227,1.1073120895837782,0.44641683274088023,-0.04705646537799207,0.10304555271819574
PLOD2,0.48329420474871454,0.035279039709961484,0.041054816240982374,-0.5480562813143158,0.4296122141249275,1.1756952910585337,-0.7384240133911434
PLP2,0.1251691757299153,-0.02298465530903923,-0.10860396799789344,0.5661689516225719,-0.2680700759241125,-0.29499590545571946,-0.7185527285564366
PLPP5,0.04157931003370113,0.11373433800785053,0.1700289369767458,0.2860012372087474,0.36475572793070987,0.05496488150322372,-0.04528881987909822
PLS3,0.6161540952106537,-0.0903446908058236,-0.05759429206973901,-0.016588289231420975,0.4763320332215119,-0.6966124494194424,-1.1426122197610384
PMM1,0.1985900678371121,0.06510447393082944,-0.004216898421082368,-0.11123826290174144,0.4153275197913643,0.528274683459631,-0.3787507924914094
PMS1,0.48147134508373923,-0.004957439100524788,0.1537607604854337,-0.5730236563637059,0.12876101225632966,-0.32033679157492745,-0.6338586239815608
PNP,0.5999378006632319,-0.03395676993314787,0.43211416128032915,0.045456671985362136,-0.5945611751007222,0.21234910824487738,-0.29197529239001463
PNPLA8,0.34231188563157233,0.03153626155948745,0.010600490622605518,0.2173713410096277,-0.33564782893290007,0.47245771181463697,-1.1743670947759537
POC5,0.4670516100147076,-0.17804663534460538,-0.18774939912984376,-0.5826442275221253,0.199799420962321,0.08628030238290423,0.3951183745776746
PODXL,0.5642206375158114,0.07725643802551907,0.041844340798613607,-0.36474699728388643,0.33950680625602225,-0.010310898556024798,1.3876913148016305
POFUT1,0.41797516786668437,-0.026581660906396364,0.04246101313659287,-0.5660092559649774,0.15035343877817164,-0.4845810028094254,-0.3221022588205926
POGK,0.3689445569204223,0.16308919752149195,-0.15751502151020497,-0.13436079095836137,-0.4226968324360779,0.09357459080927434,-0.6299832677055409
POLD1,0.41330473836247683,0.008232247455080954,-0.017458890416550115,0.18937074139261506,0.7918252463953774,-0.0567062280202574,-0.5986778190053464
POLD3,0.5784400255459653,-0.035601072108817265,0.12296243764588202,0.0028646956845976568,-0.689841452388437,-0.42761016309022654,-1.1660913018639765
POLDIP2,0.5206488783291056,-0.18341517992369394,-0.15641887752239084,0.07167100531022616,-0.3959047357734297,-0.09719581769816771,-0.8725260291545771
POLE3,0.5808836106352482,-0.0184496537473647,0.033302535766597814,-0.17696959859298314,-0.03981207873862355,-0.33878689050062466,-0.8906106806171705
POLR1B,0.3483757677166171,0.01983745833776877,-0.3402908315007031,-0.6299882241150682,0.035829879558862014,0.07154696653915152,-0.034558685367957365
POLR1C,0.1128727035202814,0.07851993256077375,-0.07832147577483146,0.2856737036114165,0.35536457359082085,-0.900466177717439,-0.3333587597607114
POLR1E,0.4471694207133824,-0.0432844581722391,0.26127656201127636,-0.10406573101718376,0.25021103986239357,0.5567283561961701,-0.020735683504003056
POLR2B,0.413164822677347,-0.07542311449752266,-0.3687775900161145,0.22390301661118156,0.4943737951856094,-0.13416098811174496,-0.8398362968362618
POLR3A,0.37423928751256447,0.21452777986014798,-0.19609709970274358,0.11175994947768615,0.6599192738081178,0.4360704472144571,-0.21360806344715907
POLR3F,0.1746921755463154,-0.12585381650887495,-0.3546040283352027,-0.02251017716181604,0.240429686816766,0.23918543446322676,0.025228748333753374
POLR3G,0.41178608687277846,0.012652581136202169,0.13930768433238974,-0.7447205667010559,-0.10761897488963172,0.06386258523954151,-0.780699890541947
PORCN,0.04648586300750397,0.13142314204490035,-0.02060980781993435,0.07032371785764761,0.07197903980673355,-0.15277308629484915,-0.07391408731462575
POU2F1,0.27921042750128566,0.0724438332647164,-0.21157091448843643,-0.41630140343275035,0.2895266652834351,0.28717427331032697,-0.4335151439103178
PP2D1,-0.07409321511049191,0.026350597790980288,-0.03238181374165153,-0.015845603013310637,0.08648378239380279,0.0066437984848419914,-0.05837679661332248
PPAT,0.40529027496878955,0.0930909821878857,-0.0082085963929048,-0.10322875226661257,0.2439017751727144,1.2507140202160842,-0.860798596323458
PPCDC,0.3816427998412844,-0.013139725786517292,-0.03729060612637552,-0.3704654161386017,0.21702564001990596,0.4456034960856018,1.329017564019252
PPFIBP1,0.330920872518928,0.007059113238687159,-0.12472144599573888,0.2572780140614726,0.7001926043754814,-0.6679956551487378,-0.7309432521530946
PPHLN1,0.5725917480091548,-0.1141534775157666,0.09948577324386645,0.27301363792942906,-0.3995318353246606,-0.06066975891285169,-1.092204937467755
PPID,0.38583180133698974,-0.0720997827456141,-0.4261387113477037,0.16509957178147447,0.4691507580417531,-0.01680538084335581,-0.5802464861368963
PPIF,0.45497806694748655,-0.04902384285840097,0.030952712819197106,0.1323265949765639,0.6503389806803969,0.679111582259713,0.6875175118176131
PPIL2,0.5514811794644449,-0.07463835512232676,-0.1318728005984401,0.08431242687151629,0.7659250717816422,-0.33376290521440327,0.7881668737933889
PPIL3,0.2953054896053012,-0.06123288462071093,-0.2908251291722617,-0.055540193082924086,0.4375798050540863,0.31297358123403185,-0.6369206754320951
PPIL4,0.3550093418369938,-0.17819078593885626,-0.04675974573771381,-0.5422650152180228,0.3405995471473088,0.46510838627072504,-0.8676312079198993
PPIP5K2,0.45342431306143316,-0.024539731127572354,0.0009497238557200833,-0.8086168401592414,-0.09205447976542269,0.21079363639017287,-0.8130088293901204
PPM1B,0.330827608229047,-0.05405375367747659,-0.01690966380962437,-0.6354303193257718,0.21223293699571052,0.1265384947400763,-0.6887012867610222
PPM1D,0.527993677943786,0.05462023350836163,0.2704776901521754,-0.5305216452361712,-0.16618682670441584,0.3294245705711216,-0.14413129773801256
PPME1,0.4399094536478324,-0.09061494232686348,0.10198388883990113,-0.5537454691680682,0.09663889984875193,0.11273067254320887,-0.6009725545940797
PPP1CA,-0.028833439478348842,0.006675592282119859,-0.0587617768787715,0.03909200957468227,0.07401811965474342,-0.4127339139079256,-0.061632298942870985
PPP1CB,0.6539779867462038,-0.04612419249030358,0.3512170224576394,0.4093710633906079,-0.4180651906175228,-0.5094852122257312,0.14320191984643144
PPP1R15A,0.35940371335873517,0.1542280715539902,-0.1465336151600686,-0.041391246001909035,0.36474439049830476,-0.8429640247721756,-0.5035839597676504
PPP1R15B,0.34667416437872556,0.23498096149620432,-0.025124220203083577,-0.22680750965769914,0.048771345802507304,-0.5098601782544063,-0.19343291380395444
PPP2CB,0.5501065240551251,0.02781881566620347,-0.1487390395060748,0.6034446627478461,-0.12426149999247368,-0.03349389962256691,-1.034907910265071
PPP2R1B,0.6755537753728662,-0.0035364660550574615,0.21801174956242553,0.04901462899105149,-0.43379628492620925,-0.03158964711910233,-0.3085234887211717
PPP2R5A,0.42228401984625413,0.24092199376611842,-0.04040350224875559,0.5215695594629114,-0.5769564154089603,-0.5019210310692998,0.39821388774346095
PPP4R3A,0.4656845475974462,-0.05100210017331534,-0.2121613832625443,0.46643311923889363,-0.3701589574615331,0.3395149912845115,-1.1024432247263094
PPP4R3B,0.41479505478821727,0.27610185297571166,-0.11640221170006396,0.7347063791071591,-0.23030146420369016,0.32103973491129945,-1.10209919292799
PPP4R4,0.5217811458698652,-0.02304666165360484,-0.23028760374025645,-0.4855286466124853,0.3097904049386261,-0.2172652420085683,-0.20863498356868326
PPP5C,0.19281680346991567,0.013146625263461954,0.1365477363413728,0.017121081168759485,0.5576482851578237,0.43353854454742885,-0.5367035296115317
PPP6C,0.5615851441773998,0.11203939298976308,0.1028101976270874,-0.22891789339302115,0.05910431068592849,0.3248037594741416,-0.9353279788954512
PPRC1,0.47398823728574213,-0.023837334314329547,0.3030687400286514,-0.7514890896839241,0.29914679672507255,0.03647054502235316,-0.802142440636305
PRCP,0.4541391911624123,-0.0658888872814288,-0.102415665893798,0.6692448511331759,-0.10340175317447109,-0.06197090123115181,-1.180124363334869
PRDM4,0.482666592804294,-0.005641065176467351,0.038138465384971953,0.02007432045307886,-0.5014165122934039,-0.26351925134441745,-1.009334230763772
PRDM5,0.47579593912028484,0.10216752050509725,0.008421899615733726,-0.25333123606914537,0.010764215568777488,-0.24815443160607403,-0.21271689913233396
PRDX3,0.589424457422642,0.008781776220325024,-0.21575016674332076,0.9162131600369008,0.06522686770287128,0.0846437523704761,0.6501536996151537
PRDX6,0.36217260380586547,-0.011121230795727539,0.009112794439447331,1.1276309182350284,-0.016974825409527383,-0.37069700206475753,-1.2556453088598727
PREP,0.6088826433741883,-0.0446480437670967,0.1480476054634984,-0.5783841906576741,0.3285887073162905,-0.5100053397591502,0.21126953108162141
PREPL,0.5892406658730863,0.05363157505722951,-0.20886137462581267,-0.13558310111098223,0.5545545100206991,0.5463952962115479,-0.7630114143191146
PRIM1,0.23924456619431067,0.13702425233615126,-0.28924574029671735,0.082009764928937,0.35890261125136436,0.6053226968955475,-0.026565440396219817
PRIM2,0.6030958707370279,-0.08622110015543451,0.025481812664771994,-0.24769251145438778,0.5416523104920509,-0.2100449612718002,-0.9636859291305974
PRKAA1,0.3264608701502275,-0.06775143115102858,-0.3150865915498151,0.2101022988530352,0.08347519059351564,-0.01472386941058925,-0.6599675008158593
PRKAB1,0.5956217915070187,0.04262728125647536,0.23142162892188198,0.2251679214647886,-0.5614485058638439,-0.4625093818933682,-0.19021215614191
PRKAR1A,0.7001305991672687,-0.13675625813924946,0.15593298115384283,1.0576692120691351,-0.2587247823141184,-0.12976701946529803,0.3577759266149556
PRKAR2A,0.13527709286991593,0.11734248580922776,-0.18268522952381536,-0.12934475274636215,0.089598245334918,-0.163913663718282,-0.1020972997960079
PRKCI,0.2907437623713447,0.16836856275180628,0.04371262393517594,-0.2536979784691593,0.1766678399366063,-0.15429127121663366,-0.45111092506639483
PRKD3,0.4341730236385542,0.07295689251369272,-0.1458421122836434,0.6451020331856638,-0.17451891205267833,-0.013088401244864323,-1.1233217736485577
PRPF3,0.47754444313670547,-0.08966123914919641,0.006527278392783323,0.22002482941788754,0.8364238543105563,0.5039343770865681,1.0886891349559515
PRPF39,0.1382367710329797,0.21489501496214602,-0.0812134358691429,0.6480750993353718,-0.36569011030971005,0.6345858742671884,-0.34076634397925426
PRPF4,0.4707578497613587,0.06583638613127023,-0.13929975480706605,0.0065595985759130835,0.6935104906184558,-0.5857100750934636,-0.7485676094482632
PRPF8,0.5164191764278915,0.004465270822549507,-0.16025471499432425,0.223590663526933,0.108095201447096,-0.4401827313865383,-1.0623657319090016
PRPSAP1,0.49550208318900707,-0.02627199088830519,0.06447397377322277,0.07156526780049574,0.7575745277355969,-0.5625542222981631,-1.0982982745769734
PRR14L,0.2807806753933305,0.10981409812677595,0.05692576523462371,-0.3745330011526566,0.23195368715075326,-0.07433859018474978,-0.6211026068069466
PRSS12,0.3681231729126102,-0.014903763844075393,-0.05855441685031281,0.22018060844861842,0.45906002062248025,-0.5569789726090948,0.1786024402581528
PRTFDC1,0.16450059677961335,-0.006306253357228441,-0.21217473455450714,0.22917010749613514,0.35900425622600174,-0.5611698673276158,-0.605723990520733
PRUNE1,0.4089494230147794,-0.031763225949529246,0.013094869593405537,-0.16330709999221465,0.31957457803899375,-0.7047843367579355,-0.6507503310677227
PSAP,0.5414246724467698,0.15224655093428868,-0.04506992702742676,0.5011122894807312,-0.4846729082365328,-0.20131680431798366,-0.9971427285105781
PSAT1,0.19079311200678842,0.033822883531225416,0.057220065866487445,-0.12764342493224054,-0.01026072611641634,0.22136650693193166,-0.3184787479560326
PSEN1,0.5298097220570124,-0.11592139275791162,-0.03588893885702254,0.0896106871237879,0.2912492556625802,0.4712276408003297,-1.0470625193075858
PSMC2,0.5969636253311975,0.07969578373907825,0.024783623697934604,-0.04822979679255216,-0.17194378442251163,-0.17940483272636262,-0.09710292350010498
PSMC6,0.44394263553649893,-0.06204541949436072,-0.1769799739788949,0.2330289882872223,0.5312596046137125,-0.2711071693694472,-0.6017972009209466
PSMD12,0.5887360506363296,0.04909079737339156,-0.05967757588905822,-0.23530781174516283,-0.06104003940085892,0.4676507567379329,-0.8031406863974597
PSMD13,0.6124618412657631,-0.03228224024912498,0.023778356468422752,0.027797255675479457,0.6335987340631893,-0.0784335630665895,0.35581259044016433
PSMD14,0.47671009693992916,0.03808448283485059,0.14169984938688782,0.48918480977553935,-0.44247952020943926,0.37732606091977766,0.04188617295182521
PSMD3,0.5999611109592091,0.04233172360297792,0.17031313072092558,0.06957362775565454,-0.3416201532113817,-0.6783737992703113,-0.031155658464051807
PSME4,0.3021155011966185,0.14221429627539664,0.1258674948885661,-0.24277986865638507,0.48457127717047244,0.37114660499083996,-0.7348508385924885
PSPH,0.47235397519570427,0.11422599402660591,0.3355861857220373,-0.5271434676273595,-0.1784101730777024,0.8821736234965574,-0.25812322678221566
PTBP2,0.4339274204504043,-0.055567656555620584,-0.14561759717702727,-0.056041197662472,-0.18029247804014709,0.280933354792993,-0.825007422815809
PTBP3,0.539507442088749,0.03342421374177155,-0.05288221805524745,-0.015550281108044552,-0.44307026414451695,-0.2384246606216959,-1.307623466435157
PTCD3,0.3028062031065553,0.12040488929913387,-0.48636360807878176,-0.09796779012355955,0.37969116086740495,0.06080460267100336,-0.07910380649554452
PTGES,0.4528489419980844,-0.16362228782501625,0.0047762103862840286,0.4880602415267993,0.1510005760161851,0.042274002521414195,-1.3308875160448959
PTGES3,0.48685679777919433,0.17805257822272377,-0.19047562634485346,0.7315734430853792,0.17186770463045023,0.11454061122754984,-0.941037394021973
PTGIS,0.4799766559748886,0.18385629314531476,0.01793794597600139,-0.44471216188232443,0.3865694711654542,0.07768530935650253,-0.6966676603025388
PTGR1,0.10568488670722931,-0.0872748096057977,-0.09268258604534063,0.5868238367624399,-0.4087070118925304,0.5013819083629728,-0.7888677967087299
PTN,0.10974621280056611,0.12226719781591788,0.20848837964208924,0.057604065432415974,0.4704271039536977,0.20818596098960615,-0.45798998626409637
PTP4A1,0.6461478392651671,-0.0014138600845913802,0.27343231163553106,0.28290951693387406,-0.5561999251964984,0.5421219214660675,-0.8692008774795201
PTPMT1,0.13050933999443742,0.05484632693671477,0.13189870769190137,0.17571624141168404,0.36328244527563436,-0.019919250359114335,-0.18803883746862385
PTPN13,0.44855827152634936,0.0890115764631345,0.054168975919159756,-0.44873681216930844,0.25696887817276104,-0.014940860765171534,-0.5230705500156184
PTPRJ,0.33722123817504496,0.05960848069640027,-0.17204489116097157,-0.24573730313664088,0.17717737070313497,0.12696487523232294,-0.3106377860683804
PTPRK,0.21290818332295441,0.017708530305408175,0.09443601069522663,0.4956500020903955,0.6725030496176915,-0.4296921570305451,-0.6606081785471521
PTRH2,-0.007440635983165413,0.010167202568641861,0.13914358451339295,0.051504644395672705,0.25483000193053795,0.05183791102502807,-0.30673014510408936
PUM1,0.3584972824792644,0.2356720084482509,0.004745624690468755,0.1452100311647148,0.6778950331487763,-0.028876552900000022,-0.6799878496556448
PUS1,0.08229975125823626,0.04144480181035045,-0.11457672693477866,-0.12062560434711618,0.20943149160937377,-0.11080302667537663,-0.3359777853785744
PUS3,0.28997449616293147,-0.05909584807071884,-0.043385120744606,0.042588268862296434,0.38687220249153614,-0.5547886036017806,-0.78339035650721
PUS7L,0.18390347918389313,0.087215361456669,-0.2553483288878827,-0.2230375364589775,0.30883656705230617,0.5564912114656596,-0.5271908674486088
PUSL1,-0.06196786606508725,0.022703270730212843,-0.030805900316321206,-0.01644088648124207,0.07155958756859059,0.004063234351466095,-0.04820823474958917
PXDN,0.17583940867799824,0.02742195827576009,0.1069258722118134,0.5057872091376514,0.47232752737816935,-0.6978183343148164,-0.45792677920545055
PXK,0.3223238848196072,-0.06560842702908595,-0.019936828668671636,-0.02634520670350767,0.578909865438304,0.6286638057936924,-0.6707827904423341
QRSL1,0.2956110850458845,0.1513124928099663,-0.09255448421657746,-0.06357427991031295,0.27910120147069084,0.6956365732647645,-0.1268275596217672
QSER1,0.29682838915197496,-0.05286022942281385,0.027439405804655745,-0.03133590716705685,0.42832232375875817,0.04761166390010457,-0.8592678858777055
QTRT1,0.21508428013640848,0.24677829922597191,-0.05621811709901046,0.1128686389975199,0.4314690640900098,0.5678202363466927,-0.5789687948027163
QTRT2,0.1907737196682669,0.18196860265891426,-0.21610741904744846,-0.08505286722905848,0.25995901283010653,-0.2552387529695729,-0.4578429898135017
RAB10,0.5983890010280207,-0.052757964606869476,-0.004228905246362005,-0.05913373041598732,-0.7293109918436268,-0.5621586728169329,0.16579904534731232
RAB11FIP4,0.09386095382447275,0.06626345966031214,0.11992281710351518,-0.41188810641146617,0.07853433494764778,0.1167352618458859,-0.32728060191294006
RAB13,0.6028312312217446,-0.21231660508947067,-0.09309276358977338,0.47801840736967466,0.0825435241509713,-0.12167853827039106,-0.3903517214970721
RAB22A,0.5493255511936284,0.1310634795388464,0.09522970411591866,0.2578328077317542,-0.2362223019145874,-0.46537798320660806,-0.7713895407443497
RAB24,-0.013731680586796458,0.0029194744972983367,-0.0027128482707020683,-0.0011484472974483632,0.015594974314742214,0.0007587552502370099,-0.011365482807221201
RAB27A,0.4824141629687874,0.204375322546461,0.13267285150528196,-0.048018651242410205,-0.8392123471347966,0.6776786179806764,-0.14333637063690402
RAB2B,0.48759861562651474,0.10130861781039202,-0.06122868437095743,-0.24387188742870022,0.3547772028481125,0.23462797020826331,-0.058973919530569886
RAB34,0.27055844900392256,0.13355661549884856,-0.07682395157051583,0.9145723290778697,-0.5284313036628324,-0.7533270424713606,-0.7480214690153082
RAB3GAP1,0.3093549284612286,0.1423007435298567,0.04501037432827226,-0.7359327118736358,0.027930210296799988,0.6976331324436699,-0.4370476998252143
RAB8B,0.4019773528505093,0.0704501257709295,0.09241720714973961,-0.9162860497722576,-0.009747907015783975,0.784764025354193,0.3974489467824379
RAB9A,0.39905918531248347,0.015843265944993787,0.046353776920724094,-0.2017776387338155,-0.5159669127760268,-0.4731564787514427,-0.9573913812390036
RABEP1,0.5593419998697851,-0.11796534805794971,0.12537862186558904,0.08469043234654591,-0.7058745319112733,0.4801888785976499,-1.2904135908737404
RABEPK,0.268439531541675,-0.06915248159541644,-0.045269689411315456,0.239625024778762,0.4183912116196834,-0.5049373415716433,0.09483661587476785
RABGAP1,0.6004247387536779,-0.02919799386303744,0.1292522333595303,0.048505998497913455,-0.5342115669960966,0.557716815301405,-1.3277976962303213
RABGAP1L,0.39632888276447137,-0.14746463226294393,-0.412050428502151,-0.054466075658783274,0.6681218929337676,-0.026034493108067998,-0.7694452183161297
RACGAP1,0.5227789480719215,-0.04827231798917889,0.013045661814591339,-0.5753781028839048,0.20622025030092458,-0.41553818458078506,-0.7166394881769772
RAD1,0.3234802312343843,-0.11434277151890293,-0.03817551305168795,-0.9811860256821441,-0.3643568116712448,-1.1164833300223438,-0.2324092882654344
RAD17,0.39318232111141904,0.07684813778731725,-0.07895915551449664,0.20648251458931166,0.5889990181917903,0.4380850834345978,-0.8111408494358754
RAD51,0.39348302047876044,0.010862509600446957,0.20893885245448418,-0.4161036344291383,0.15138070588587368,0.0513594375283161,-0.425805361453771
RAD51AP1,0.371082284306208,0.1346087833403855,-0.021082862307515698,-0.08585911306957321,-0.5814672924851865,0.9355030286880109,-0.4809588289888861
RAD54L,0.3965249852491254,0.05833852017913033,0.11318965192899753,-0.05495446732262547,0.5458590938492845,-0.5890651627865874,-0.6996944815414192
RAE1,0.6180314608263582,-0.05101382195645946,0.15597278810341994,-0.6209438726795065,0.18167965229521515,0.45827411091440307,0.7623479061510292
RALB,0.18145065041371225,0.19675972908301206,-0.011091892122035815,-0.01030354459010027,0.37866137837343944,0.48165963771073944,-0.5932742744497839
RALGAPB,0.5172910611153393,-0.09129827033153518,-0.2664760421711587,-0.4974263126306994,0.14438270298268857,-0.25033364009530673,-0.4239731636119759
RALGPS2,0.5749998800429442,-0.04482949370503851,0.15269619398931453,-0.2001868263589638,-0.49117041095504615,0.40564114807246276,-1.320919193422972
RANBP17,0.19356349447885382,0.10158623460987574,-0.30072095929403103,-0.33306381787371875,0.1935747380526554,0.616216881170081,-0.05787821550283823
RANBP9,0.37076516771704465,0.004998228623814153,0.16141135834250017,-0.08830999327767215,-0.4004926585988471,0.756003176934985,-0.6922924197603301
RAP1A,0.4058793670230826,-0.015707841298201217,-0.029096109742996697,0.5072145062522373,-0.21534468182761887,-0.3055791987525054,-1.0160845309791078
RAP1GDS1,0.36529301118004,-0.05551325532703708,-0.25798110457562873,-0.5670508665095959,0.06869985095036965,-0.20954349655025173,-0.9560781267040398
RAP2C,0.37294232062500476,0.04078559450154693,0.08665668370764462,0.38859335749811846,-0.5588495446051984,0.5747170008347638,0.8386971641011223
RAPGEF2,0.20527788761718754,0.05554910111377932,-0.41583254832091643,0.0073488423835702844,0.12503944939586573,-0.6013642833210384,-0.565492306332163
RARRES1,0.8864114369890762,-0.22685298634779866,0.1697973056318812,0.07468947637577943,-0.6024325646063446,-0.11911374522698541,0.09453538770215576
RARS2,0.5049069417285467,-0.0924578576058329,0.08981944015922941,0.04005051503202326,-0.40961513851211867,-0.22657907509398884,-1.0112629717278332
RASA1,0.5012248646069511,0.0967474797226224,-0.1758204642510265,0.0825434658200132,-0.41966100498341763,0.18581082402783358,-0.8766169842483154
RASSF1,0.2501585216844149,0.03778906465626412,-0.09625343019936458,0.5780221846040332,-0.03413384816378852,-0.5725923644987186,-0.8717025961871477
RASSF8,0.487112945866987,0.2221925057594788,-0.26338483728132417,-0.6950150351026928,0.148381122380678,-0.4910730919539753,-0.6582442919867041
RBBP5,0.5983472907111639,0.049711964600780964,0.0748485503976888,-0.04150049002360274,-0.4402494400631105,-0.060591972856951774,-0.7790209881011887
RBBP9,0.07386148738828936,-0.11669494968744605,0.37569310362989844,-0.11184604011417085,0.2001538371975948,-0.011817664227392987,-0.8173957702841448
RBFOX2,0.5041885983803627,0.04954518087703288,0.1442030308868576,-0.7358624222482273,0.2629557780216599,-0.06253224377987303,-0.7518863992946974
RBM18,0.2504946123797961,0.02129637430867409,-0.13513068052954824,0.37242651164846996,-0.19910313554467252,0.28220241159375725,-0.9614215791256453
RBM19,0.10828561524866852,0.004548827940475078,0.15786636245389218,0.15066112439472296,0.38659207447058413,0.12017598276723951,-0.27917491990227616
RBM26,0.507570384869778,0.12625134463800344,-0.2194145812186406,-0.48830682001685566,0.23163398817007355,0.03008897041728489,-0.18394394380458076
RBM41,0.3233774334964826,0.059286993282145345,0.04168703238354654,-0.055573715082802365,-0.7347351435785175,0.49488485240054225,0.22251563666144994
RBM47,0.06869985963273664,0.21137111717847656,-0.19193703741936832,0.08309272908488526,-0.21631555904438574,0.020370580108643108,-0.21750974529447098
RBM48,0.27815988448650647,0.05325388993051035,-0.06313968468337108,0.044095323767450435,0.47161502240853276,-0.28493795031212743,-0.5652972466139594
RBM5,0.3933139676303925,0.06048568634269914,0.1663251942956401,0.6542200307362732,0.03594576840253034,0.7165902254537504,-1.075920705955694
RBMS1,0.49419329685974867,0.1480703738436281,0.036597145419426755,0.39792149221505246,0.06646668815122157,0.2242527602620611,-0.6046604050266249
RBMX,0.576387159418082,-0.208591428032636,-0.013121481412254984,0.9516942683742113,0.2700907579927238,-0.23151058287819234,-1.3530500442697284
RBP2,0.24255854920834932,0.061530572861143766,-0.27755423116019007,0.19874830513379563,0.4145099748432379,-0.35181003629118485,-0.32354202803829424
RBPJ,0.5719741449488679,0.0754175449596419,0.007013172229269343,0.37066429287464814,-0.6012675034360135,0.6761519630904518,0.5198908351369337
RBPMS,0.5423351544200831,-0.0633402813746606,-0.006987160833712352,-0.24996864963974705,0.5081571362060759,-0.07247749134047778,0.5258367605202386
RBPMS2,0.6294336065821143,-0.016881501315338103,0.03583899930807042,-0.20105892687843396,-0.7519592534852423,0.3805122886456954,0.18341407873180382
RCAN1,0.5473985379771089,0.07216700298464583,-0.1109073192010951,0.4763921675186268,-0.3911728156959783,0.01891511825917887,-1.070507944796609
RCBTB1,0.4487264154406066,0.12485402420664925,-0.12517758646466523,-0.05230068684532167,-0.6038517136964549,0.190104179494855,-0.8102721706722688
RCBTB2,0.6222156410977671,0.04045516650270581,-0.024974673695772366,-0.447298838592911,0.39020218649873656,-0.6478437115058129,0.27768253746993
RCC1,0.18057051661319903,0.0637959159643469,-0.29938524778150577,-0.39952416455536527,-0.17560328859201363,0.27241258837306664,-0.11970386345569697
RCE1,0.33279542938604295,0.03624623439843376,-0.002423808690815454,-0.12444199643485133,0.4724854213774156,0.6325533995243665,-0.4064155271434208
RCHY1,0.48069954966081896,0.006759175117356587,-0.119610005260917,-0.2905372327765055,0.3947083054006959,-0.3607309309600319,-0.7653039382043583
RCL1,0.32997279391785317,-0.009174193736809258,-0.21017100885805068,-0.23208964325855236,0.5504631980106716,0.1741970016886771,-0.8121459596299438
RCN1,0.1275947486432875,0.05905579925030925,0.04595958729276549,0.4506375514677074,-0.1868129923555543,0.23587176203122737,-0.7661118519136726
RCN2,0.6245896182440102,0.01901675065431006,0.04476558107900088,-0.2183262861561448,-0.10520182584526262,-0.31839506626578523,-0.8404873291912656
RCN3,0.4158262715293638,0.012818005985704184,-0.05437079428769932,0.3394083839842966,0.7017705531001744,-0.28061076903566656,-0.7474025748525175
RECQL,0.041940014654183386,0.13036858875713134,-0.25785327683290526,0.041716672748573276,0.20473342331100775,-0.8629135190195878,-0.18552027313716069
REEP4,0.5451823069123083,-0.006334232579803462,-0.15196795889772294,0.16522028178051745,0.7663576730237612,0.41096786096907056,0.8752783357660711
REEP5,0.23076775619130485,0.005209850679917383,0.2740752323483945,0.8172736642370794,-0.04786827997644893,0.4971616433542432,-0.8768611812649943
RENBP,0.03770241790514945,-0.02343945673779719,0.18542163425921088,0.6362893916180712,-0.4855274727681963,0.045125211102973795,-0.6548259985127739
REPS1,0.5219434981286845,0.0749052266756711,0.11205121649242064,-0.26297428576204995,0.4233591098939056,0.30294354645666305,1.0666282701013134
REPS2,0.24248548512808218,0.12036148180698807,-0.31844175769819594,0.4533032972599924,-0.345388803645312,-0.20228403247687185,-0.8887879428903503
REV1,0.565191174816694,-0.04962032444951564,-0.06842205522209392,-0.4180007043209437,0.3200553840831094,-0.2331976060679966,-0.3167147834394412
RFC5,0.17264440612270635,-0.01735583275051391,0.0011551902349925562,0.9598225771492526,-0.09488171225902532,-0.42576885627917826,-0.8552842231333806
RFESD,0.4574321275558268,-0.005776607751314871,0.24316223666511827,-0.08635938692917579,-0.4172850743718677,0.8970520193464441,0.34314863275314533
RFWD3,0.3063710152347438,0.24400536028194145,-0.07038501081624647,-0.6779905293121643,-0.4201934881613382,0.6635491927429074,-0.49262453706694753
RGL1,0.5467717081154199,-0.01210089086856328,0.014537054497995144,-0.3396843164290864,-0.8971506033039766,0.12284087729711904,-1.147514770638105
RHBDD1,0.4811641860999099,0.04071556819183172,0.09489667308075207,-0.07212625011873904,0.6567769082830794,-0.29731522634834795,-0.7614143508417567
RHEBL1,0.5024746820042431,0.03205725495410394,0.1963187512031242,-0.22436466364793659,0.3111165792062264,-0.8427865974915074,-0.015149274058049647
RHNO1,0.4241388688258525,-0.0856048926519363,0.059885855720393885,-0.30287023460082113,0.004322816104663927,0.5150759675841114,0.2379443725680928
RHOA,0.5456007911941236,-0.06644321954993025,0.12214765501382,0.13077622667766703,-0.42850500798456775,-0.3493633136710229,-1.5182502771502844
RHOD,0.28318618486363445,-0.03658941704511566,0.06401516236370065,-0.3185586683825315,0.3989451555307391,0.2809199746272571,-0.3661679420965825
RHOF,0.44732660812424685,0.15656662955879522,0.12455076564645698,-0.511571096929765,-0.009122744685036266,0.3620578800335154,0.18229432913856813
RHOT1,0.48530633755192176,0.13314267046815462,-0.1464969353075806,-0.563176781733599,0.2122512346636594,-0.0552711342033284,-0.5238968767492337
RHOV,0.17785056832461998,0.20820465381085737,0.06656362691365489,-0.04231162825964997,0.35608651308951944,0.2711212618034752,-0.29522378664611454
RHPN2,0.13809726113518347,0.10665294207109566,0.0059475037019977185,-0.018025542211230587,0.44283762913780905,0.49331122400879646,-0.5538574440553821
RIBC1,0.0038364133509222534,0.13185031512774248,-0.021143599147196893,-0.057908437722419936,0.19328870175206425,-0.0011164390441918217,-0.03496335131318862
RIF1,0.42835148554157226,-0.0006724857555762521,-0.19455700816385507,0.051507785842799955,0.6945461786539242,0.12550056282571392,-0.7687607298563682
RIMKLB,0.11845536835257828,0.11424173421702205,-0.14255780516711858,0.3116248627659712,0.1177823351315316,0.4406372658244305,-0.16832922862131222
RINT1,0.4905094786749425,-0.11633217396304699,-0.19652903560507998,-0.2690865354394613,0.234908355608322,0.4842631885236936,-0.6131903146777726
RIPOR1,0.6135092053292485,-0.05191144635268142,0.33008378148001877,-0.42435875214043545,0.15610000494787085,0.05130361419767323,-0.46672858273297513
RLF,0.34128071072815885,-0.005143879090699691,-0.11522261631259707,-0.6172777027092294,0.19246837976377698,0.5251422069806678,-0.5118978730200864
RMND5B,0.1672699431597404,0.18205216979968034,-0.1544028501115223,0.5958389619275872,-0.2789376407508903,0.5577601074568823,-0.9373174436672214
RNF111,0.5421347916133753,-0.07846396697774022,-0.15002998417846017,-0.1753410278734654,-0.4623520122124456,-0.02834314280228435,-0.9921643666714485
RNF138,0.3828710184768868,0.041907769583339596,0.1887169327009922,0.07629303593856825,0.478065876316331,-0.3244674846710068,-0.9228420936860485
RNF139,0.6780472998856774,-0.1503034938377508,0.09946648078768155,-0.3506201189103945,0.4930680541036457,-0.21884404782416533,0.8428390776901699
RNF146,0.05938936874949271,0.13969155479435924,0.07756997877712747,0.28029479570009513,-0.20557232860553226,0.24889991285325982,-0.5161152397636487
RNF167,0.2729167235274828,-0.029515778457527723,-0.011822380451067458,0.07871904767268603,0.20136047136527302,0.4180916947021797,0.2674878134050651
RNF17,0.42660837483738673,-0.00503875291890657,-0.0817115273209805,0.025228240081718055,0.7527102671386648,0.13694146221235476,-0.5629407606604
RNF181,0.09691888608699575,0.04114503378915911,0.04703656795249058,0.08607778146259112,0.36676023136217945,0.16655719914603329,-0.12847127191809837
RNF19A,0.5046453499965472,-0.031244111532001562,-0.1620404814814548,0.5805716392935616,-0.0754214590628039,0.1296424756714762,-1.0236743615476749
RNF2,0.655759940692967,0.0021390919836610342,0.05374558587576347,0.1396489338450522,-0.3567889625777264,-0.2200172889399847,0.49225791672091407
RNF20,0.6346663339931511,-0.07167570248700626,0.11403801776637652,-0.6625600247180075,0.28441476470802374,-0.6864790812148605,0.36898889700557724
RNF26,0.439615770707191,-0.03566866745721191,0.012408666540738605,-0.574632229760693,0.2826274368694764,0.2656979081111622,-0.4313905666349545
RNF38,0.5908039244663761,-0.08336907243976562,-0.15508180563660237,-0.5354559745614615,0.0006620718072103546,-0.3826852699236218,-0.6938794099490871
RNF8,0.5628990412176659,0.036857578547633225,0.0676536434632152,-0.2109084957341247,0.701956793911433,0.62871384343004,-0.31735111729384796
RORB,0.5779467530030588,0.06239644286681946,-0.1273096832347433,-0.5535704675499671,0.37195165164859945,0.05995766747178924,-0.709837445156822
RPA1,0.333139421964384,0.03416810183547737,0.060940155739984944,0.4204369458039048,0.099597305175376,0.481866246716617,-0.5716737435913433
RPA2,0.4851241656859351,0.04123522797307177,-0.11489171561368651,-0.20942638540776093,0.2723853321951028,0.1528705801958322,-0.23337358880973136
RPAP2,0.3789687156504309,0.19289811481798094,-0.28375618411807185,0.12429026179988784,0.5502333065824061,0.14128605144140494,0.2503657821228094
RPGR,0.2429823970639571,-0.10936691789551506,-0.23012986904175614,0.22268460519379357,-0.3721825157038049,1.1782330634535891,-0.6507360513003372
RPIA,0.7063881144698578,-0.05831816479411298,0.08534375057339633,0.022863767923209207,-0.45810411189760936,-0.42308771955297986,0.47694495524845953
RPN1,0.6109952794494973,-0.1758910111964926,0.11291204760819076,0.33361587216781496,0.22769011484918691,1.256990408224848,0.5417913132833438
RPN2,0.5147159791678446,-0.2820633277638335,0.1913916947973443,0.7812323816490292,0.20742958819219737,0.9923979321151055,-1.1640326744512766
RPP25L,0.37491671262838105,-0.005412383520693529,0.3140155428808663,-0.4426884013012198,0.207930373980913,0.2731305145373462,-0.6810413880104569
RPP30,0.24305203825343782,0.17360321869958176,-0.16806421518234083,0.12444027333299379,0.5098385589293689,0.7046241731515249,-0.4102178171916156
RPP38,-0.021603480924216142,0.017924504391191837,0.08704832266545413,0.019635851436487647,0.21101094294822517,0.050044943658444564,-0.27912830045551973
RPP40,0.3962561862794388,-0.023169769827677943,-0.10809253032575473,0.09445936993991906,0.10104639457618517,-0.344884356411113,0.37600247454247376
RPRD1A,0.29758347408906394,0.18258472076185778,-0.005605179768820177,-0.26205435693925755,0.10359857004122111,0.2390498685142091,-0.47797376385141876
RPRD1B,0.27267317637551375,0.028806600482134268,0.037971186636956755,0.1888062711582211,-0.4179027503865994,-0.7094249676745106,-1.0205054366016975
RPS6KB1,0.17679251729461976,0.11837737948138385,-0.09392029532561527,0.04173866084978752,0.44347020447234686,0.4665026438735595,-0.4734521707199996
RPS6KC1,0.28146165148573427,0.18892738418677324,-0.031071792678610037,0.20637562777893073,0.6639980921656299,-0.1568602809203819,-0.2936139570652094
RPUSD3,0.1033421791337459,0.1612521641456865,0.09827938042247021,-0.1537435927400622,-0.011238978893845727,0.10367334852384419,-0.021748356410537253
RRAGD,0.3638815387890246,0.022447866672319863,0.3475667801569848,-0.06654078919163815,0.6098152906921877,-0.035677620618451644,-0.8318779411776424
RRP12,0.2120433036651866,0.1172799579836278,0.1893059197582074,-0.5995939928761628,0.10851480794149752,0.18582287176477516,-0.5732400867202614
RSF1,0.2315728441650875,0.017123607821164472,0.13120853565066615,0.6999700578880595,-0.2561834826573644,0.6946260646373262,-0.9011365326838384
RSPO3,0.013983029974972933,0.08251190600167908,0.040250613913044304,-0.005106409196780229,0.15310414047632492,0.029713830091233087,-0.15898749252753014
RSPRY1,0.16089865633491815,0.030382542579873606,0.011603455706309133,-0.11001817167168183,0.37932641578130805,0.19774615379843122,-0.7122122839447138
RTCA,0.4272944064783717,-0.04384005292359486,-0.5647966430266059,-0.04084889136071108,0.4949355815431498,0.08553041904447507,-0.6092235547904025
RTCB,0.44974922862734584,-0.11780947911508044,0.16104146959341664,0.709666740500222,0.1327156568417526,0.7999501748081733,0.545192461739695
RTN4IP1,0.31238711297215044,0.040434350920535836,-0.20922874099321845,-0.597045836461235,0.054138431489206836,-0.7601805008395377,-0.6427758468536272
RUNX1T1,0.5865835193117871,-0.07204236941883622,0.023941886575093788,-0.20936570743969712,-0.4080063012328755,-0.06754044287095948,-0.990877950630493
RUVBL2,0.36107972008771044,0.10018189305325705,0.01902926566123482,-0.12099463616206028,0.16959396955076295,-0.8047117634031278,-0.6013410568291755
RYK,0.3457712238260096,-0.09713901880431418,0.06287816341670441,-0.10965364118348819,0.23707170689257573,0.10252840766757858,-0.8734113942685455
S100A10,0.23004577711923227,-0.018212729249950783,0.2170744437090257,1.2213948968658448,-0.285526770124682,-0.6415688936042988,-1.0235977876643245
S100A14,0.14387312549409736,0.044149335434058176,0.267475818793441,-0.16920872676753518,0.29800855890272593,0.0949684143003235,-0.6294089944905266
S100PBP,0.578170825873771,-0.011193927978041515,0.345850133458129,-0.5791986832514465,0.34222521810898393,0.688619065083219,-0.10794424812259538
SAE1,0.5290240504426358,-0.01927624102944751,0.013930218771431956,-0.15216505410704378,0.6711173558755683,-0.3485775367031638,-0.9275889328344183
SALL2,0.29788964671038864,0.11174298184638534,0.18568598814242077,-0.3137951207153903,0.30044507514845975,0.31659727949482475,-0.1104820334235667
SAP130,0.6258664944578965,-0.012824454053077108,0.24992651113261474,-0.11140007024621242,-0.5578702529412822,0.10843639664903694,-1.2855009938046074
SAR1B,0.42056684139429457,-0.06554118723760029,-0.17943680690288263,0.5771734253167214,0.10099962425459431,0.029092924521793795,-0.870599502959978
SAT1,0.6300083787093309,0.02267399660268555,0.06621472356565901,0.35185578854934324,-0.8525514390172637,-0.3236731874238343,-0.3752225446624983
SAT2,0.38728007662119496,-0.08985967937390671,0.3030401157500487,0.061359239633338614,0.721431332986697,0.6738542372663753,-0.6279875328941261
SBDS,0.54097649931334,-0.1336836436180623,-0.1867432371207616,-0.0014137750455059936,0.3876337414432737,-0.08731846485133271,-0.9227354637407756
SBNO1,0.4460802202326327,0.12557797417906139,-0.244549641055679,-1.0997698617238794,-0.22051002917881093,-0.17426457170698378,-0.32583326362639786
SC5D,0.27382850690541627,0.0081899429920714,-0.2263170271676995,-0.20209347122188703,0.3620089847584329,0.5261052481949786,-0.712995109975885
SCAF8,0.46780798190606365,0.18151371037453398,0.1455982904740959,-0.046293894837762896,-0.028410420965660994,0.03342702891196618,0.21319001518430739
SCAMP2,0.4376606032288727,-0.09686033985228429,0.15258794574955453,0.5836661008127245,-0.007796151066530401,0.5513216458428644,-1.2658409090026133
SCAMP3,0.4825284306761671,-0.18001780184462177,-0.030033168544475554,0.03142523569222149,-0.4292433248620337,0.2764153111701185,-1.2107643536741064
SCAMP4,0.3696431889097915,0.10643602351641562,0.12405450793465932,0.5012391685217396,0.8906196560640881,0.4270010051781946,0.7181021068492469
SCAP,0.4716425464882687,0.2970072242713299,-0.05421057186821182,-0.1853123520525365,-0.08654633993978801,0.06111186037437288,-0.45709582283307254
SCAPER,0.39677513487530314,-0.007143403756582159,-0.4059037481618936,-0.3368400382737513,0.4292424767897746,0.24968087814148365,-0.7436660594575789
SCARB2,0.5073221921217095,-0.02975675351497074,0.2739005122202973,0.34952117690266643,-0.5118011148561974,0.4635505779816481,-0.8361814665759347
SCD,0.3326090505594272,0.08427192339030555,0.0021034645256646062,0.5419228517353359,0.4786518349837317,-0.4796229050762504,-0.4773139606777923
SCFD1,0.4480330914147269,-0.08136491382725382,-0.07469930823683885,0.21632485234694881,0.7583071090446863,-0.09631037384086173,0.7546403663266523
SCG5,0.3666638251520366,0.005159848794823309,0.2107958341578348,0.14274817381944038,0.8815342445000619,0.17415851383196324,-0.9593625040021366
SCIN,0.4122222039526319,-0.02620752551659226,-0.06679273523721578,-0.0611349692837361,-0.6676708473234335,0.16560525976126594,-0.8788886752556496
SCLT1,0.5306302820057754,0.1083867347962246,-0.037596759440625294,-0.6304180957598623,0.04528360343335517,-0.06961621315505823,1.0684962900685981
SCML2,0.35201268168649424,0.056805731853021485,-0.4880621961783526,-0.36205223981784607,0.21106642615443855,0.5270680131568798,-0.12158493012932524
SCPEP1,-0.027441460560140612,-0.00024977230306472636,-0.22570853427629517,0.5205247137135208,-0.579198352278075,0.5280366860495971,-0.4080363554659628
SCTR,-0.06827417212128631,0.007416352931290324,-0.06384863195505361,-0.01773548852254988,0.06263262231646664,0.018094261295420293,-0.019540483987912242
SCYL2,0.47416597489272105,0.0975752884809876,-0.37530478041714765,-0.4654631052588346,-0.881213448731347,-0.21957952170805645,-0.7019081545644636
SCYL3,0.34325649481658793,-0.0300065519190557,-0.22829580276220962,0.2183774244586339,0.43506556468166985,-0.5235153992453748,0.7776531078085387
SDC2,0.41759678325417654,-0.0005583731723025482,0.37688897540233696,0.06771219131277482,-0.46551692726506577,0.550604730078835,-1.0953314211243916
SDCBP,0.5468893449262703,-0.11497448323194573,-0.002314426053685156,0.31998947692532964,-0.6435791322062643,0.010527071259974654,-1.2998251696150647
SDCBP2,0.40073154122675836,0.09545132668606857,-0.020674852847585783,0.08508510984608719,-0.054451856521365305,-0.7975558829242878,-0.8611934071567547
SDE2,0.5047876208436071,-0.015589896546540766,0.08932202657472522,0.022032414812190426,0.7540037227534532,-0.01407687954481842,-0.9706154441767757
SDF4,0.5074816941536283,-0.12693628139251678,-0.1238442578804745,0.8652183053490228,-0.06756753636654167,0.015258239686720644,-1.3451056214922001
SDHD,0.49818848846992425,-0.05284972921989801,-0.1362710697549648,0.14755196707096283,0.692852565664542,-0.30600689006466836,-1.0313640513261024
SEC22A,0.34430575414798953,-0.09863000216174994,0.084044481626052,-0.8604864559319763,0.08071030413431571,0.5470164353467396,-0.8555957590953263
SEC22B,0.5608538799947943,0.025986794745369114,-0.24950352781540364,0.7389647316629653,-0.13001318909967993,-0.06923171731411044,-0.6862721109043695
SEC23B,0.527308709596704,-0.05206253275703104,0.24468614620758875,-0.6358466902399462,0.22761097342923453,0.2811800214582612,-0.3838365738169957
SEC23IP,0.17811754788580678,0.07680931360774157,-0.007634387562875574,0.012058888359207421,0.10761267490602973,-0.11256055907687251,-0.821230779489827
SEC24A,0.4434517949450357,0.2346261888699939,-0.2669696862482553,0.8817533580470882,-0.17304009908620158,-0.09667822459332102,-0.9906643849902658
SEC24B,0.39863452693493906,-0.0870917847655794,-0.23211999452375495,-0.1246276439382506,0.40864641693842674,-0.17658025900976143,0.42935223375680326
SEC24C,0.0831327449246125,0.003601944138309585,0.06191623904225962,0.02120703768385087,0.464558506266179,0.3531931837700539,-0.711639962125038
SEC24D,0.4976197576771007,0.09599675504349553,0.0694234353476678,-0.3708450227061628,0.31436134733286253,-0.7067944970517618,-0.9569145683781273
SEC31A,0.5056681245423338,0.039531978356621936,-0.032810739520314464,-0.18435156853766757,0.4060565206650226,-0.43982503041351106,-0.8245521864007797
SEC61A1,0.5862195656462199,-0.017117565552674484,0.22082563329214275,0.024937987938030336,-0.3573485515318936,-0.4285238321769717,-0.6962081026838176
SEC61A2,0.6184452919668014,0.0915303645684071,0.3313653700200295,-0.5844551295478597,0.1365551374566131,-0.01640587409447434,1.0984646571805368
SECISBP2,0.5101698426135156,0.05062640718381059,0.07697032979871192,0.18867872325668245,-0.27991766169665255,0.30254247761483694,-0.0102725031002613
SECISBP2L,0.5091380258395328,0.10974666448140959,0.08640696453270973,-0.11414564013633692,-0.24548188854776873,0.5343892674707439,-1.0041608100468378
SELENOS,0.5241311783043957,-0.15631864807845194,0.18725632115451454,0.1683154937066432,-0.28961358493467165,0.8103113412777443,-1.051216339241825
SENP2,0.42122728376786583,-0.009650145769372797,-0.013190337330745112,0.44897670636669623,0.4374783901127096,0.2162232095157487,0.7369287403673785
SENP5,0.5048002018294978,0.29509158069096614,-0.3273255969058802,-0.27235425710765243,0.20881745588810527,-0.5501438001613885,-0.2798198936465954
SENP6,0.47310741222472635,0.0527432122319003,-0.09767544501232439,0.10009596722853152,-0.4042181708936661,0.15866386720460546,-1.051988121473086
SERINC1,0.46163392206521425,0.009474433825175637,-0.09544371931758311,0.46287608783043604,0.1638695004473004,-0.44984727557827714,-0.6361936207225128
SERINC5,0.44011404377237967,0.05612895733544707,0.025715309857613132,0.46337192696713136,0.873695131288763,-0.44357550610443175,-0.510728172464506
SERPINE2,0.7164551377290953,-0.2683242507684398,0.04188633692674179,0.5844306645586146,0.27581353356554644,-0.11974208970850787,-0.5871909649359023
SERPING1,0.2109859572981221,-0.027623358044852112,-0.11021423223982559,-0.2924476751797023,-0.3090202351667082,0.5022232551719459,-0.730949566008901
SERTAD1,0.47027034848967686,0.09748471135593197,-0.3962520806436293,0.1933708183854318,0.6123267008871044,-0.49895998886294507,-0.4855556608479244
SERTAD3,0.5552269513599302,0.01566459244598113,-0.011662360157357011,-0.043220408123572016,0.7049735715287616,0.7549546059571445,-0.5594707091833023
SESN1,0.3654279270755826,-0.03979685946320078,0.12967079161379,0.06953109570987313,-0.20577178533919338,0.7406095865355569,-0.9411999422394686
SESN2,0.2976892223276289,0.10365588766363751,-0.175611566868608,-0.07163133272676243,0.010970286872634325,-0.6920821262327509,0.07682451503666023
SESTD1,0.42584083661941646,0.1674268284803286,-0.06112406192225545,-0.05416853529600685,0.3127577733166414,-0.2773907157408672,1.1069468961972455
SETD2,0.4581941046605476,0.0031087550320206755,-0.21953822467827866,0.0798713389812068,0.6239669710560352,-0.49516367521975535,-0.7674943252298254
SETX,0.5184303152295406,0.07996007491835135,-0.07390763401687199,-0.29661350906785217,0.2805766663808132,0.14652597483036595,0.2765175929417496
SF3A3,0.607541331377527,-0.11804057830913406,0.15032981950646965,-0.144003497425539,0.4766458307270304,-0.5449233941295152,1.0613129857015784
SFR1,0.4833675739311752,0.11389435910174213,0.2730900381786988,-0.3103528379491126,0.19655245452669598,0.4239362167859932,1.313194460362541
SFRP1,0.05362448530672851,0.11632459999033905,0.15718400405388797,0.41509034887334895,0.326399079393862,-0.08179738210754332,0.3868147621536433
SFSWAP,0.560693904881741,-0.009786617227066682,0.1664243181179773,-0.6321379895738853,0.21861738902010716,0.21424465119332953,0.9643227444579203
SFT2D1,0.5114115160137762,-0.015199494697965436,-0.11111513604443837,0.4079539539728309,-0.505653189698237,-0.17029104312705795,-1.0749711877213786
SFXN1,0.2355903206718256,0.12444562531974776,0.046496890358331266,0.38909498482244803,0.666994242392309,0.18770601612153112,-0.7101669434229381
SGK1,0.1714214771882815,0.13959180452660455,0.17289464554800385,0.7929979884524367,-0.47761221678268934,-0.01757642084952178,-0.8243467307270701
SGO1,0.4727057283390551,0.0727810629472183,-0.08885149028282162,-0.23679543753288532,-0.415946343952363,0.2698112260049886,0.7470503538941349
SGO2,0.4896870045534477,0.15353884140522772,-0.06585324438046238,-0.23838752503561222,0.048611584918546925,0.05468094085126084,0.918035502770069
SGPL1,0.4937267183727603,0.00766911646443628,-0.004348363041920271,0.34541957044255545,-0.15583663581748325,0.4130229030165552,-1.007338912541168
SGPP2,0.35220837499334967,0.30722324855621475,-0.08032980780300404,-0.20433492611427545,0.42012732372600814,0.37880539256566476,-0.4668548588693097
SGTA,0.525831998453568,0.06406611730886633,0.2490985119682121,0.42263989226757437,-0.3987446139180072,-0.33920840816083264,-1.368232345319167
SH3BGRL,0.5333496651298414,0.0012429071159821752,0.2799493193213241,0.04783560273956423,-0.5277137505113706,0.4327705440181566,-0.6090643850704326
SH3BP5,0.6245625863734633,0.022208675103368006,0.011740997152955401,-0.4674650327345893,0.1790393421879524,-0.20675670679419947,1.1244920075535794
SH3GL2,0.30615034403651786,-0.09371266004209863,-0.09128351657510146,-0.5522481900289524,0.2403996755122704,0.06467633261517479,-0.9329563714367459
SH3GLB1,0.5534132629985877,-0.06230395024110734,0.14824992971932113,0.35650532518407885,-0.14928106579411482,-0.2180572158901958,-0.64148589384013
SH3PXD2A,0.7307176295054096,-0.06648051285823271,0.24548133222850352,-0.41697405312511915,-0.2509529922679027,-0.35245032670599596,0.728545933350645
SHC1,0.5610337943310296,0.07101914630174297,-0.023796580891368227,-0.7902242154616833,0.13571646737962545,0.20727128493819075,0.16558314603259255
SHCBP1,0.44925057567563714,-0.005588730317761162,0.005154974531110769,0.662550399106849,-0.3417829554414725,0.46277297144798313,0.6291461869054872
SHISA5,0.46853534976098055,-0.10434867254475816,0.21472390624292137,0.5013292492178845,0.17976767717761818,0.04384288479161561,-0.7323574305298588
SHOC2,0.3029908551018486,0.03966351423745152,0.24194712051699221,0.07576518437472513,0.17755184225345627,0.35358749935995354,-0.8067805005384904
SHQ1,0.14633847643338743,0.18280376355487143,-0.13245398443222545,-0.034814046879963534,0.41560419745727517,0.16704378010529408,-0.6133032519443522
SHTN1,0.2961280014451077,0.0358842006239467,-0.05076958810278753,-0.5223173629152184,-0.5307921254677511,0.8548394277549527,-0.6779482192277904
SIDT2,0.23106415152606158,0.04261088289678204,0.0875183426491909,-0.018524727038460073,0.35361022802145625,0.31321633632157253,-0.5527198796005829
SIN3A,0.8195086917595673,-0.07621653748136445,0.2559512857823698,-0.06894882959589578,-0.631021556210681,-0.0424390337965914,0.5471912663782007
SIPA1L1,0.5353798297550116,-0.05745332114906593,0.21086085427611206,-0.7946220165323707,0.3016582388214299,0.19888007297659271,-0.39136688864989255
SIRT1,0.3955736141734067,0.03413569222663866,-0.27410074905912774,0.0003099644815900971,-0.3506527449597294,0.3345085963458801,-0.5878874383530157
SKIL,0.23583969880936428,-0.019247739705062994,0.32529370613184116,0.843661352451323,-0.17369261761894927,0.5886883624014377,-1.0737351693370853
SKP2,0.3459883061127317,-0.1574287976923385,-0.5116496570012403,-0.1967736414517881,0.42602799687947374,-0.4678678829849483,-0.8884770405559606
SLAIN2,0.5746276112593396,0.11856807788275395,0.1638563383928071,0.05306656207841912,-0.8637271968908904,0.08167388179379208,-1.2450219152958164
SLC10A3,0.23053503605510176,0.21631086259366628,-0.2591006072110858,0.2700241830289955,0.3312656566559323,-0.9340398094742611,-0.5769355131209604
SLC10A7,0.527806153914154,-0.07030119349861758,-0.015835079409765435,-0.3721882128149029,0.5698818758946438,-0.22996586310408004,-0.917288710742237
SLC12A2,0.26528896284936276,0.1178665100289334,-0.13338455210436223,0.3720692796888158,0.299387304863221,-0.3565345437867985,0.1440589420843363
SLC12A6,0.20337929192032506,0.1611517858054109,0.09468830793689259,0.3865786358185911,0.06037304688944212,0.7030142588774181,-0.7083398842666162
SLC13A4,0.11450841220375783,0.032924254429700796,0.1080543107430199,0.018742949816441763,0.4255054822154171,0.000901158684676272,-0.4180675998242252
SLC15A1,0.28761553561512887,-0.022589239581082454,-0.16541626313726857,-0.03922978020567762,0.2849573971458082,0.31262479974299334,-0.17841780335831436
SLC19A2,0.2770934493031155,0.10969325382639257,-0.09658455508741512,0.24667965304444142,0.43560242416495043,0.6295359627829114,-0.5146019779530387
SLC1A1,0.21688366927655678,-0.058483910686339825,-0.3603993110233043,-0.36217048721122247,0.19358231464295245,0.8645914106022153,-0.38130051653793123
SLC1A3,-0.03549784340332722,0.012206227472319168,-0.09826592541165427,0.03269218908836785,0.06756037195749504,-0.4929965180283735,-0.06949869670294737
SLC1A5,0.7628012254655698,0.0036449667872248456,0.2627810562111738,0.01598326650385479,-0.5953131745166074,-0.2435922420801223,0.7860177641699779
SLC23A2,0.32886075052773006,-0.13625558739626722,-0.08097949136746321,0.15104412853762408,-0.11932894124797176,0.32282019362784825,-0.90894398371771
SLC25A1,0.4625235857860809,-0.11317942323131885,-0.1252639058184709,0.15307273519630263,0.5323774441527178,-0.4093420975507241,-0.7211702465978466
SLC25A17,0.5855979833771644,0.1097812746486427,0.0262107022700255,0.036713291511765105,0.2860607708415,-0.37923007115001856,1.0120510831120695
SLC25A19,0.11978921001040152,0.034661505161528126,0.05132585558591656,-0.024006688300646124,0.44590518861475215,0.20199791679453846,-0.6021690872524385
SLC25A20,0.1444545035760697,0.07058031968229742,-0.13156288394919421,0.005440761003478967,0.3619774564354759,0.2726679640098447,-0.3496376084614807
SLC25A24,0.5032332308857198,-0.04730521180493377,0.003791770206012732,0.014526344561266901,-0.262866002330292,-0.2539722415982755,-1.1738681841206096
SLC25A26,0.4577918132012637,-0.208186328096122,-0.15254563554281864,-0.6925974469955173,0.39279289059864947,0.5425841051042114,-0.7961948353526781
SLC25A3,0.6659767425714522,-0.22722453097810522,0.11877536604060328,0.2403195144725247,-0.4400999923150147,-0.568161280904518,-1.5062230773940344
SLC25A32,0.5407083123472184,0.10981193027958676,-0.0435943782385921,-0.04751148368485568,-0.8498558263366686,0.40886467963611783,-0.8031597500774914
SLC25A35,0.07461395418865706,0.1354810450475428,-0.1645861002206428,-0.0440704161817021,0.12160092985525475,-0.1480634378507,-0.0368564835079836
SLC25A4,0.36142456713403215,0.014527983666243756,0.23621793189331747,0.7384505471311718,0.35432963647543764,-0.4734221309632026,-1.0303921715291167
SLC25A46,0.2674680899189939,0.06581612366107288,-0.35850069271793306,-0.19565371292069908,0.28142702451510404,0.16436147367555462,-0.6494174258440893
SLC26A6,0.28779439776222165,0.24151090202248543,-0.03814147009315286,0.12029411421275026,0.5910273904516667,0.30997939677060754,-0.2240086617539365
SLC27A4,0.0828273353929472,0.1817534188339535,0.018845209908609512,0.0303880730241131,0.3160471070035073,0.12784802418607416,-0.09769759111864439
SLC28A3,0.23731604593534486,0.03338040511036918,-0.15821468797147198,-0.35647440050618495,0.24627259843692642,0.39417925013885446,-0.5253273394287359
SLC29A1,0.30255432723188297,0.12675932175448404,-0.35984814216646627,0.02245602709511299,0.150378041555733,-0.8082060545614403,-0.22347938367466694
SLC2A12,-0.0047520028878583545,0.09185920331256002,0.026458944366322144,-0.014504382940662475,0.18882849535915475,0.04918189800316016,-0.22812490181029846
SLC2A8,0.3989492255673969,-0.09478129994893444,-0.08725476157950858,-0.02757533589835542,0.36044677986708795,0.7627276583884639,-0.5946274508428332
SLC30A5,0.22192275392576433,0.006434139657797239,0.13289391849505142,-0.12125468986017288,0.510296985822617,0.18032081239510034,-0.7943841164312853
SLC30A7,0.10949379058678041,0.03651079002223517,0.07039724892747316,0.08869700682655807,0.3462358043705782,0.46311107734768,-0.5762119803038965
SLC31A2,0.644756932882109,-0.17517188895112548,0.14066646775550737,-0.521816107385846,0.4999283982242783,0.054565016485282156,-0.39295170266624896
SLC33A1,0.3067862887842809,-0.008217375675391584,-0.18524983290022037,-0.08662073224459486,0.4487602919497539,0.3890808518327369,-0.7248150885948701
SLC34A2,-0.04023538114754311,-0.06657005472919805,0.02831139411594312,0.006771203667178113,0.10816860358685662,0.06897190660808869,-0.09159203829753443
SLC35A1,0.5028149248616366,0.001957978020848075,0.003418638954127787,-0.23023093263007607,0.4778042880144767,1.2314930756806635,-0.3197909257657542
SLC35B2,0.07789987588192644,0.0754113177818164,-0.07747658961874665,-0.045809797517075895,0.23992487225052303,0.3340761376084855,-0.3761184803479472
SLC35F5,0.2803885751241271,0.07193770346579856,0.25006691878242665,0.46675854764986724,0.7006658677433324,0.694747998084804,-0.6856063998793446
SLC35G1,0.2715702704361279,0.05700244668498099,0.10327269660024643,-0.5233334042986176,-0.30708165335676546,0.39571532113286206,-0.4350489023751141
SLC37A4,0.23878473807622308,0.14067709734716663,0.08929399036577203,0.682198187156151,-0.3031946966856699,0.2558528086687995,-0.3159185793502387
SLC38A2,0.5500283750470044,-0.21692718621339882,0.025019510301662037,0.7007838227907263,-0.04531128880630425,0.19983249743622983,-1.375013819318179
SLC38A5,0.25372384172415136,0.022875294238243363,0.12474048497899562,-0.03611638742458455,0.30389238521235884,0.503518275304175,-0.09612146324684209
SLC38A9,0.20569105315880107,-0.009584429931203862,-0.38643421352480495,-0.09856006404600257,0.2769142189757179,0.03385397464311685,-0.33869507204613686
SLC39A1,0.36543764934912026,-0.014902957846950199,-0.1592304183153933,0.3366364207863085,-0.1917785369055752,0.9301415790067364,-1.0560962015655742
SLC39A4,0.1340318646693174,0.08101305919802836,-0.3187672183128673,-0.021624393764749058,0.15014344150595332,-0.08657019534028877,-0.11796109702438758
SLC39A6,0.5058637034574405,0.05926608814669018,0.23759804372605398,-0.03874370554696118,-0.7876754811527669,0.42873636109018814,-0.4499937335592648
SLC3A1,-0.029980575836554595,0.08172781471786475,0.06228788637914279,-0.015033905628360553,0.20102679401496412,0.09553200559883336,-0.021485491371007283
SLC3A2,0.3332109765362029,0.08884089759430619,0.07385253910412169,0.28942795081175854,0.5968164741422817,0.6754689326252037,0.9138618844188335
SLC41A1,0.2953755201458417,-0.028407677065756715,0.2877451912617857,0.06441069492771358,0.43707887869478335,-0.6834797278621674,-0.8408961003208266
SLC43A2,0.3768711539160163,0.1650579286752287,0.11143393240500371,-0.720489281184579,0.07262324010891094,0.40895627947359536,-0.3521876538915797
SLC4A11,0.3413028112878675,0.04363000430395229,-0.1627404973756686,0.09681151112558135,0.46702408646739346,0.6316531154494641,-0.4297442506879067
SLC4A7,0.26381684020111335,0.21937507091913472,-0.11178924055833891,0.007063574231181607,0.17377472306892858,0.05201044583469023,0.7628684973587184
SLC5A6,0.16670456272841777,0.21138461797996108,-0.09464117042665653,0.2730325140674164,0.37426762656682444,-0.8766418920255402,-0.2380880830910916
SLC6A20,0.5956346478648689,-0.03802459934046288,-0.08563820259791445,-0.49757490537216603,-0.7504765952602529,0.11560495832599718,0.594797095981613
SLC6A8,0.2571397638973906,0.021484669553745867,0.07403495384792522,-0.0061251218154569145,0.4801238970014142,0.07835135016789749,-0.5420625308921174
SLC7A3,0.3951346852162005,-0.13921598797622436,0.06086027948964289,0.11684251564301695,0.5529343346904753,-0.04625439778976933,-0.00822299729091969
SLC7A9,0.29459268523094556,-0.059810153472259084,-0.042282554452729895,0.006336414367818091,-0.41954561788686956,0.6297658577056611,-0.8214051810488968
SLF1,0.49408135372490597,0.059892028414895986,-0.20819940013488275,-0.43725450502376967,0.4732325288285287,0.3225758422185562,-0.5579743080354619
SLK,0.28718676354327083,0.09731369546502969,-0.1793013359232189,0.42779665307138043,-0.15325032564759428,-0.1200984667781444,-0.435573146567631
SLU7,0.46006209877865895,-0.042042884130319494,0.2333251933832082,-0.141236204998606,0.5599431619777525,-0.012654060987290295,0.31754939435476626
SMAD2,0.585148724682349,-0.11164814725386597,0.14949201190996447,0.8311674570959218,0.28644864120017005,-0.7246279389187023,0.16329893994325692
SMAD4,0.35470641401465974,0.03214841011557654,-0.07717337066459934,0.5060127765419633,0.7801684870603608,-0.4882623953010154,-0.860380683342991
SMAD5,0.5432793466974899,-0.013946495506282035,0.05411202339331382,-0.7327844045175834,-0.0037582867042263634,0.3204149020915839,-0.8559803069888955
SMARCA1,0.2826992862794986,0.047455755868369996,0.14198499503994044,0.7715872706786605,0.11291540603492775,-0.5568486664609622,-1.097719382821562
SMARCD1,0.5743649533946685,0.11002213940713658,0.10527882615551197,-0.0974035035497387,-0.45877244610336304,0.013882196887145317,-0.6049270762168425
SMG7,0.36514044551150093,-0.01445744546823076,-0.05325873334625224,0.11066748042633635,-0.18160770190442363,0.25013180446850536,-0.880620754118626
SMIM14,0.5568485599614944,0.13258488616199268,-0.22667197437018424,0.14538278535847837,0.11371432970776944,-0.1328058060452943,0.19467343684866445
SMPDL3A,0.1815569152444811,0.06204788118871409,-0.5900772191858359,0.6930824839658984,-0.9249399835271775,-0.5333900512612223,-0.5762401212568741
SMU1,0.3407471231797265,-0.014587535555742034,-0.017279072964451903,-0.27668471369552305,0.05274857277328729,-0.936919532447491,-0.670913473646396
SMYD5,0.3536524804959672,0.12400505292015711,0.17295256032451178,0.25179200061570817,-0.44511231174476723,-0.8452411899470007,-0.6195300733804612
SNAP47,0.167232556808617,-0.016077971330923774,0.025019864911172068,-0.11079772360024157,0.1914684718436138,0.04424157866244601,1.0940144047836942
SNAPC1,0.3442606247386955,-0.05281023236203996,-0.03895924967183699,-0.27016481705138184,0.14495111323723203,-0.47578682574566455,0.3704200174619127
SNAPC2,0.5574402341821703,-0.0974451003053024,-0.2445924872920892,-0.7567558413718376,-0.13526625839178047,-0.3869028698292081,-0.5267158353293181
SNRK,0.6101661752763406,0.041328180837389254,0.0980804483647749,-0.5260448435304138,0.24633156925081515,-0.3933646853210875,0.7365134120571695
SNRNP40,0.5537682943041158,-0.022617182800716396,0.0564170035945937,-0.3677050713168537,0.3635693490107172,0.2015969739558398,-0.30302992744666085
SNX13,0.3035263260398155,0.22160274839192862,-0.13559232698399218,0.6104061252367394,-0.37013276761259895,0.40073180208534015,-0.8548946402714098
SNX14,0.35822017429661784,0.09091237158442049,0.26147911874814517,0.3476915803947382,0.8149209844236786,0.8272688189108003,-0.7090757791071864
SNX16,0.19387718391603032,0.12852183511177384,-0.18987300700267315,-0.0166756058098962,0.37864577207200467,0.08385028111637918,-0.5565292401362818
SNX25,0.41343037517989323,0.01151574512710825,-0.1609903751857684,0.4418819504065705,-0.01736624489347456,0.2049038097487179,-1.0176801176120884
SNX27,0.5250444028093956,0.005870384876352151,-0.1418575707483198,-0.44021086032081247,0.03406039369310728,-0.160237006069935,0.5368999271236055
SNX3,0.5626264949772856,-0.04024680571874735,-0.24538900234766511,0.8398864896578858,0.03071474315300464,-0.07748502696265536,-1.3029896624987831
SNX7,0.4788545224699525,0.043580067026449454,0.09606070274242996,-0.3774293443609803,-0.10113726033970465,0.8402207538069282,1.3023564876969407
SNX9,0.5974887127360419,0.011763077560699307,0.13856559540852242,-0.047077749822365116,-0.32510891465196384,0.01076707227721608,0.22100108236801946
SOAT1,0.43988092997446393,0.0882151101454775,-0.3403254212402978,0.697973590403831,0.20183829049409882,-0.1102485363207884,-0.7244187911156815
SORD,0.3189233174112808,0.0036693410198723304,-0.14578185985975364,0.19299491688950254,0.6073298498845453,-0.014211618226168479,-0.5351522820227069
SORL1,0.616808326002673,0.13885924365228633,0.0818112717104078,-0.010521590450858034,-0.2730460399499828,0.28581411600416184,-0.31812366610486176
SP3,0.4450034208978395,0.029786508458083016,0.24295459970555125,0.6982408990875063,-0.1884758962701884,0.38127514879736724,0.19549369124011387
SPAG1,0.284609754324756,0.018652071793148702,-0.47490041556863827,0.06388776766520983,-0.38744896071912366,0.6029515199459385,-0.4860361529637648
SPAG8,0.4249793961493611,-0.10076622753519973,0.025787076969587215,0.5088095834415041,0.807015173592428,-0.8957081738595475,-0.8926550142724176
SPARC,0.34224567628906905,-0.0017330202095178823,0.19850711314611016,0.6308415834374351,-0.06962471417727643,-0.31884332784850977,-0.7538640108170477
SPART,0.5228488642412639,0.0689771887170171,-0.18402802483313005,-0.07947682343052845,0.2862127950195901,0.5448295801219065,-0.14178283038171896
SPAST,0.38285937632231287,0.024811558767629034,-0.06316540900220498,-0.5779637419994921,-0.13164284100500934,0.2853286850969658,-0.5693901641499257
SPATA7,0.5059019921291219,-0.04209086840174711,-0.03573592218096785,-0.7016491760812992,0.2127048137991254,0.012044734085794116,-0.3674924624668439
SPATS2L,0.2220163668286147,0.07125535551811638,0.24969346626706482,-0.32353943139317165,0.0914595177887879,-0.21589882738054184,0.5148373555575655
SPC25,0.3361871001885539,-0.1031516301930728,-0.10682543483909998,-0.09343091985067603,-0.5621781322437076,-0.3921224040979129,-0.43915483242478676
SPDL1,0.5068559239947854,-0.09230594102991123,-0.03961494784363446,0.1267343289096964,-0.4582999790581325,0.3564391081433928,0.8377864604651345
SPINT1,0.3472404756467659,0.054798571804202605,-0.05364488700435747,0.4858350978292513,0.6046820927755331,0.00620572119940131,1.3055645395761166
SPPL2B,0.4649079387197047,0.04715329166827473,0.11243717703195547,-0.32103909342758474,-0.05260054852149197,0.08907922057973802,1.2807958420120638
SPRED2,0.5897646276745228,-0.14892329349667113,0.06432196000471477,-0.8850983418183381,-0.04001051725811712,-0.08747114732499912,-0.3423850695172656
SPRYD7,0.25520926283273454,-0.0499470248687333,0.23455174561970277,-0.6070592994825513,0.19727844371113157,0.37645324622656057,-0.6224863411953472
SPTLC1,0.49045292049114353,0.23593158716175366,-0.14237861750286532,-0.26934320585446775,0.29761849289518133,-0.03273812505138685,-0.22116773905783285
SPTLC2,0.2861275960349244,0.021566262952629568,0.18604623908769174,-0.06794615997508996,0.464647969680704,0.3069447190788071,-0.708870832766327
SPTY2D1,0.28165899306511477,0.09796644220547919,-0.24275724016699607,0.23141961777938058,0.3648038656054169,-0.7456146569012552,0.7290256095287593
SQLE,0.5155183294250102,0.047006199597585625,0.2220957317894018,-0.49674104983767586,-0.5807195592251188,0.14082806200204856,-1.0877307575051953
SQSTM1,0.7256707299538929,-0.10295492204969794,0.15340513125985555,-0.28128673441009167,-0.4225312282698202,-0.017434446108237137,-1.3829531563233328
SRGAP1,0.25417301911257584,0.0857902401466631,-0.08428739638324087,-0.17085018631814122,0.4047537069072866,0.12617595513107743,-0.6573640479313624
SRI,0.5986811832736031,-0.05797964143993665,0.10643200063800617,0.20003707975653467,-0.612498084648934,-0.4169524623893609,-1.3824649154233855
SRP54,0.3768180754776885,0.06519260272602999,-0.16628947037350514,0.5372385459381877,-0.23072871120192756,0.43925598388262405,-0.911386929350626
SRP68,0.6042252240410315,-0.09874771158401124,0.06417085174991576,-0.658018006742788,0.3584876559552773,-0.18842816025661224,-1.1517361876821857
SRP72,0.22001174033627033,0.011974056217258921,-0.21988297695125186,0.026467881397625508,0.2015953211023693,0.08668282174016685,-0.5811950533202167
SRPK2,0.5223958870600449,0.005726000052327515,0.0696489302654779,-0.5624564485177691,0.19155692169230945,-0.37791018304569785,-0.0716448833924625
SRPK3,-0.03396202443190501,0.004864303294642943,-0.10643875976322915,-0.003355852985916565,0.04865544269180226,-0.22690449340899754,-0.06090612238674354
SRPX,0.7057276908486095,-0.1175954974168953,0.49569761246871996,-0.12554217611455637,-0.6562641748717218,0.08209686593684673,1.002014584242629
SRRM4,0.044650865934598556,0.07141945161728917,0.048369020120356286,-0.02160984969991978,0.29902119050954296,0.1711148304446044,-0.34382721385663534
SRSF1,0.6594258044854227,-0.05215848451020356,0.11762329243083508,-0.45295897631485016,0.0010670724375451259,-0.1342147484757602,-1.009645853618747
SSR2,0.5888004433718494,-0.06101518747353571,-0.03065465698038676,-0.2740309003890361,0.4291103216517635,-0.3648992112613893,-0.9722646891449358
SSX2IP,0.563881059207387,-0.056409130545598374,5.4736114629082945e-05,-0.6419513166223837,0.3623753092055578,-0.06249102440076687,-0.8089168928694341
ST14,0.1942187384340777,0.033546690309639936,0.4309121854313744,-0.7573540801866644,0.016692098522716234,-0.0012533625167128872,-0.5666490139116519
ST6GALNAC4,0.2615017149777738,0.10281362419004905,0.24977276378741906,0.3030427989289503,0.7779047204765159,0.5829073815904796,-0.650764587047567
STAB1,0.1365214385829012,0.1922288509713638,0.05449842920797204,0.8760736879617472,-0.28471831576831247,-0.1458397680456523,-0.48989275422462353
STAM,0.4841126714573645,-0.08028797316545798,0.011681860951603939,-0.7900099683295959,-0.3184312474103768,0.4324514702580172,0.5735419862554644
STAM2,0.344708774655949,-0.09814058871377819,-0.13624180618120418,-0.5727235788837038,-0.036170110199176445,-0.9773269756339491,-0.8325459858984569
STAMBP,0.2848230077592142,0.008781364712314105,-0.15899621102458353,0.43682910808717285,-0.29832224188277556,-0.2735372194236206,-0.7441964781459615
STARD3,0.15665157541183694,0.1994816213030273,0.1857168076566446,0.11478070615271554,0.39756475465689195,-0.13798237031613705,-0.5868722785905185
STARD3NL,0.5705946135804086,0.09932278805690088,0.07901842757893647,-0.5310733919180334,0.07045308418954101,0.2855710895913585,-0.29398009828491706
STARD7,0.09086932908086426,0.16805285233470552,-0.08763288971136295,0.04762689065743197,0.34170553977641427,0.3157484543796278,-0.34542825139518424
STAT2,0.30380000663694084,-0.037751552293985365,-0.113988988088205,-0.3027011003680086,0.07898114268277927,0.39465256697977746,-0.5436796649137073
STAT3,0.4847420385867281,0.07196081289360184,-0.14116473306645005,-0.1658428669798667,0.05306972626754516,-0.24069237073744904,0.4913268382228768
STAU1,0.6735051421725072,-0.10415186440574593,0.08035677092735076,0.2385146133452497,-0.46165020382041555,0.3975355403739097,0.71917211238968
STEAP2,0.07727199216702406,0.07761771295923295,-0.4294233423951542,-0.25821242816639556,0.10032979077340903,0.5080381872507466,-0.05912980906559164
STIP1,0.6664365991115031,-0.1832448431607106,-0.05672887456287419,0.4045644450410209,-0.15760453419246104,-0.0024289991210694013,-1.2745877868609474
STK35,0.6943754907722007,-0.020034562498599712,0.0895520319488786,-0.3027442438577944,-0.12550172652491387,0.1118341431650212,-0.4873848842246219
STK38,0.5043013550308049,0.09777922634353087,0.29691123098596867,-0.015444068141849602,-0.7904488815620725,0.5661016364325477,-0.37584947611912045
STK38L,0.32745842612442755,-0.12477169292022636,-0.03478653431601152,-0.46785250252468363,0.24776411873130383,0.22752923308451534,-0.8952865585540538
STK39,0.5031044637839219,-0.06416014762129982,0.06692800399268965,-0.15297473935999617,0.6929649832654899,0.23132121876579378,-0.7093603757110711
STRADA,0.5003927136772639,0.17750843140338823,-0.3293724176142053,0.13239471372480785,0.6408869873731585,0.456453705389078,-0.4710303215104049
STRAP,0.6319489675068017,-0.04177981952626585,0.1182768267732186,0.0801718254485306,-0.4981655639286211,-0.26064613065366626,-1.3476325678480277
STRBP,0.3847475231671819,-0.0059639365158439955,-0.20423541764302525,-0.06702004118669612,0.4884314018558602,0.10754635260804989,-0.7450635660972237
STRIP1,0.5260671694148911,0.059996617460398895,-0.029897316711532007,-0.5711150503617316,0.28724946172138843,-0.6261610625333677,-0.29443264033517375
STRN,0.35213995910268353,-0.04115442996844937,-0.4048284756215589,-0.2944301284047737,0.340212038130383,0.20177017319737703,-0.5980503629998184
STT3A,0.6184787342657151,-0.05988068291517547,0.15054668226324347,0.27851596111936366,0.14054375666481844,-0.02052830520474027,0.8151761886434478
STT3B,0.5653439689022962,0.01105469550581236,0.029223928180630968,-0.28172733962200985,0.40485664220708867,0.02963496097839307,-0.1316394142495461
STX12,0.46612303554346746,0.04867598323461323,0.06928804994544946,0.5125883140340465,0.01708553237765413,1.42974034862723,-0.7248688948751523
STX17,0.3534924049403073,0.033417871784634595,-0.020360633899154996,-0.06276182600220964,-0.8625166186210975,0.43479403997344157,-0.8058316302962472
STX3,0.4911751543473401,-0.05305023148413925,-0.181031360382654,0.3636599585309267,-0.30487559694565125,-0.20980054024575043,-0.8345048047335296
STX6,0.6726827742077546,-0.020826742715537448,0.264369320773923,-0.7921536295372005,0.3569762127042895,0.44570667218302246,0.5316991586390362
STX7,0.5173421622156242,-0.025715604726192928,0.04360073515698766,0.7337796093928582,-0.022677862957931033,-0.5069149386475869,-0.6006785334736591
SUCLA2,0.24527628056162395,-0.042042626309385094,-0.29658102019076404,0.05718575659871342,0.36189905105607184,-0.35146710767005446,-0.5855727305684316
SUCLG1,0.5597216630712045,-0.16215475435256052,-0.20130407592274774,0.7138024093061518,0.13189093840841454,-0.007914512535591637,-1.294351110224467
SUCLG2,0.4886173362533553,-0.14945398594852582,-0.24076852426106155,0.17538477742949274,0.2551428386044516,0.0641034691132941,-1.129536915074277
SUCO,0.2036543597115142,-0.03230959122125947,-0.28809030116286916,-0.11925259176323977,0.26460401189227645,-0.6389088288943793,-0.5592441390160771
SUDS3,0.6511870284188402,-0.03266216095189694,0.12879604784146495,-0.25368744729178777,-0.5204547751398173,0.4151317520437799,-1.3288909728447151
SUMF1,0.3575543684019166,0.006172928794124513,0.2522296604850058,0.24841082854962496,0.8781917391086139,0.5114644744136224,-0.5074718686880321
SUN2,0.7655906555253617,-0.017275446909509343,0.30773480861369834,-0.27985785865476487,-0.19570528744334917,0.23471936683593242,0.639236277930226
SUOX,0.19037833584594724,-0.04097939548548238,-0.21771949702620588,-0.044289744515182035,0.2122798793929735,0.41126080142820726,-0.26898587323439893
SUPT3H,0.4962795605242023,0.027589576408618765,-0.037640076354992405,-0.4513174589440455,0.2895807992309516,-0.1293121385761215,0.33052311155533404
SUPV3L1,0.36888281743969853,-0.021691186637909813,0.051769547984195974,-0.8180398038383728,-0.11095601205251039,-0.3286958275100627,-0.54649488007734
SUSD6,0.5993746156770752,0.08471270549216725,0.2860287841178218,-0.668072011262977,0.3563134655148553,0.8469737138302235,0.6706988446030872
SUV39H2,0.5329177907652902,-0.05202973335644591,-0.004821476063280057,-0.8043663783850591,0.28214808855499723,0.8156364895454636,-0.7322174566838191
SVIL,0.3766034801253434,-0.17634913319938647,-0.10819375644566363,-0.370571524784575,-0.3657265856141915,0.10044571217351099,0.11681997675426559
SWAP70,0.2885278909309775,0.041113493217041844,-0.03779083276518983,-0.35947802277318597,0.07052501251197804,-0.8553299993877939,-0.6021496422173486
SWT1,0.3961324554378853,0.07052202663350869,-0.14363672962321586,-0.26479829409193384,0.2783270651848351,0.48096263649791154,-0.4760286595641817
SYAP1,0.614098406092134,-0.13045060267162792,-0.015850537682970227,-0.4115213862118679,0.1791372068954078,-0.5830691620119608,-0.6684004568099653
SYCN,0.7234959185281482,-0.03593633765845181,0.3014620549038033,-0.907265751484637,0.2225654666914358,1.4147432991164048,0.9501231501761772
SYCP2,0.45904123147461,-0.056919134711387424,-0.30289719838978085,-0.12416085988765078,-0.0543745260215916,0.028558886893581395,-0.7864503245272305
SYCP3,0.3747041871682477,0.006162899361375894,-0.12098019658200145,-0.6544780826401905,0.04839271656402755,0.46805818685037387,-0.35002073629320424
SYNC,-0.03990724174760023,-0.05695794633167606,0.030801810946101574,-0.020026822714308314,0.059348172777440346,-0.2615021516956431,-0.1502687858119398
SYNE2,0.3607297886710124,0.04853668455511509,-0.13909483848328824,0.075704217495128,0.3860682978838017,-0.08804414261197721,-0.8592228855694449
SYNRG,0.45739926770261496,-0.01502320213032149,-0.08344398033912845,0.5698792510148558,0.11968020691439557,0.1804453678057666,-0.983018717346154
SYTL3,0.6604439077330541,-0.04998941916564275,0.22979305163601452,0.008054683308138707,-0.6337374088655283,0.659990402172807,0.9040115241745573
TAB2,0.49053014603530254,0.07420697176112427,-0.06591538174486836,-0.5511794600995125,0.08201531033075704,0.3323702095417759,-0.6490193201818738
TACC3,0.7358739485179696,-0.07338769231229873,0.09221223558913019,-0.6037953229693431,0.15770736758951132,-0.1692828915819913,0.8918718420986856
TACSTD2,0.5217546327948994,0.005975973010894211,0.021870385742792764,-0.7080219282863168,-0.08005247821308381,-0.5994551223459406,0.07309105305947532
TADA1,0.2750131751655903,0.09387760892977533,-6.179115070735865e-05,0.0509278649798447,0.4934398702852419,0.42206089873751734,-0.5461514034060282
TADA2A,0.5349129754522779,-0.11171903024061365,-0.12707171974879913,-0.6425045510004096,-0.10332301784884379,-0.6117224993757254,-0.9268371415987308
TADA2B,0.2845439942256682,-0.10059499690781414,0.0444184599724162,-0.6096096399421115,0.17513107093373576,-0.43312436904031776,-0.9069095653808628
TADA3,0.4588083342433215,-0.05414857186556302,0.286239583354175,-0.3354582416093866,0.258647397503438,-0.06540911310916676,-0.18580216444306508
TAF1A,0.5938025853310908,0.06546225615379156,-0.04540728710846067,-0.42385343589471225,0.11285113847059433,0.402301899109756,0.8092127437838063
TAF1B,0.2937542234165853,0.04052457344005016,-0.38941169935962067,0.37362040671840013,-0.15704730440183967,0.8301185338139219,-0.741385135574678
TAF2,0.6683096460964372,0.016905126143752766,-0.008344656524527216,-0.2624800933857961,0.02232296552274133,-0.18932666346347587,1.0604061937736515
TAF7,0.59272652895933,0.018320843396750795,0.228639789573439,-0.06727811661728449,-0.34073305290816064,-0.12201510824861798,-0.535492285016906
TAF9B,0.3859611175909001,-0.15854997911657306,0.01010023134436136,-0.004369731289488945,0.6777771607289829,-0.709234654743662,-0.9085740968079996
TAGLN,0.057167004944432886,0.1305077331532146,0.22596209964586267,0.139915482497872,0.43805741624357575,0.14416393254304247,-0.38927914724945395
TAMM41,0.5107846650981592,0.08667919613357497,-0.093529670324005,0.05798820509855036,0.5339718574405065,-0.3012984879295617,0.8093950623905113
TANC1,0.4015443721829882,0.11162960623775056,-0.1315209183056366,-0.1572197433576727,0.5471876857496957,0.27769040554836705,-0.5710104174891235
TANGO2,0.3895750447367059,-0.04349509675576443,0.03708640368829839,0.05579338795581517,0.8085891598835269,-0.033095697182784975,-0.6359693979759471
TANK,0.2942309944128649,0.1182235055658478,0.04267639335506425,0.16555240425089185,-0.30860156041958314,-0.6042336424267588,0.7147609805290615
TAOK3,0.41835760481323253,0.1152217859258858,-0.08245112945444244,-0.38439538400419576,-0.3846631235423946,0.28876666581338134,-0.9377601890667053
TARBP2,0.2514687923523589,0.1208011181458343,-0.1055805295217207,-0.05276875177708003,0.41535955128713253,0.11430192496109637,-0.4859940160588932
TARS2,0.12339214791968092,0.16919672370515818,-0.06555400148250684,-0.0167010100130892,0.4011759643197959,0.4447800734972818,-0.3666570189217133
TBC1D15,0.344738807905739,0.12309507346119807,-0.1415537512014708,0.6426412589210936,-0.23436389088466325,1.4455370218312629,-0.9304622720598823
TBC1D31,0.3691996656488068,-0.05808389868777358,-0.09780722785636244,-0.2674758514550608,0.34022285506666394,-0.38517683984519724,-0.7523139409196344
TBC1D32,0.45377173539420107,-0.1594682290541455,-0.18676399188528034,-0.5678775805754401,0.25677976058105645,0.3976119315887423,0.7168052309027655
TBC1D9B,0.21635796802459079,0.08139703734119665,-0.09546035922253919,0.2307394725718872,0.3027147132846978,0.1622800457881731,-0.591237723155507
TBCC,0.5558470783231707,-0.007888571005655837,0.22868954197524893,0.1999623102483182,0.6112338207229124,0.20687584116385763,0.8883284926619504
TBL1XR1,0.43579609691740184,-0.13808742524585596,-0.0996345248197836,0.21641953958886953,-0.4243265304353966,0.178105481948513,-1.2098877351021768
TBPL1,0.3153345159002094,-0.017670692817930034,0.11914652172920097,-0.456311861280302,-0.2761304965324368,0.304104702664694,1.0129265485731729
TBRG4,0.4329707793384991,0.18971157723678855,0.05374514544495267,-0.48682636071251423,0.3072712018112619,0.6853919282213461,-0.6325907237779458
TBX3,0.1016991213158971,0.08177610342733978,-0.3576673830330787,-0.2314100799800663,0.07294930564929901,0.4401527098416313,-0.09511538938058373
TC2N,0.3518126518721994,0.04896134433365723,-0.2916905756059008,-1.1448012721817158,-0.39926777552868975,-0.10429856339821497,-0.4620518488613878
TCAF1,0.3109791765891821,0.27705696590098466,-0.011011888224195613,0.20316107221702212,0.5176636176787476,-0.7402076407547693,-0.5328721972614551
TCEAL9,0.19424232984257972,-0.030839323230291628,-0.12015799733639293,-0.2498641952888313,0.19428169202881182,0.301633487471137,-0.17777955654259311
TCF12,0.2344826564787203,-0.10223165383008552,0.3112976682250835,0.1931544672398596,0.07444678077729594,0.195932249904311,-0.7453470665652986
TCF7L1,0.41578058328220646,0.22394958938373774,-0.062300776452874206,-1.00521426701229,-0.1133941969720079,0.7623009145942097,-0.3277360461120116
TCIRG1,0.4435745920954101,0.15343695496904688,0.058466803471046574,-0.031056394179506747,0.5516966860102717,0.7612323754314616,-0.3512243524637778
TCN2,0.20492051824811228,0.12269675948158623,-0.01667351618290636,0.8008128258439567,0.008492160991139638,0.45803390781403214,-0.1660143625922134
TCP11L1,0.6411849239582088,-0.03963667101328626,0.15758581746840325,-0.09420751093304583,-0.3056366785806955,-0.26225503688029045,1.0235785069848329
TDG,0.21202489759327162,0.04876169836619376,-0.14894776755940609,0.34266237483845113,0.46155226774182384,-0.8642042495534907,-0.672237559435613
TDP1,0.4713555058864132,0.09091202529713455,-0.08388096964272759,0.706486136620074,-0.14683184119183307,-0.12100259086031803,-0.4849608432244059
TDP2,0.408470335033913,-0.03725162844157202,-0.0502415514119787,-0.0787063491465512,0.5532086345261624,0.0061318913555836515,-0.6991790479586507
TDRD10,0.41046801657726256,-0.01854454555428636,-0.372116163199226,-0.10917314602968445,0.394385225364084,0.789292376871374,1.35915324788651
TDRKH,0.31448621147874767,0.20948370203027444,-0.5962486919352425,-0.2604503655906657,0.38182537698367525,0.7910104420297772,-0.4128416988123692
TEAD1,0.36105404325895935,0.18848234996099522,0.11387206005267257,0.012613059716860487,0.3551845487922533,0.1293962244938489,-0.6270067976706687
TEAD4,0.05648780083803391,0.2026860524459607,-0.17758286867009807,-0.05546237736391732,0.16195072843758984,-0.2891102086624105,-0.08040986668862497
TEC,0.29317472569074954,0.03875637773333808,-0.24069968940232572,-0.12239470529011481,-0.7357604535235837,0.7753154857651667,-0.4916091124089612
TEFM,0.1813701377517067,0.04401966981397418,0.22350321888929392,0.3021139565664057,0.6641914009949935,0.4189831533507438,-0.6301727601075114
TET1,0.09286393743677147,-0.052150285710365986,0.1163801190987669,0.10144787034563664,0.4109368912177533,-0.2784352489554515,-0.6870656320527253
TEX30,0.467634472869836,0.04336631458409282,-0.06396937817345792,0.11693557676966786,0.7301198784689128,0.8922725259288735,-0.33881469029622796
TFAP2C,0.24628937012346774,-0.03279429488926874,-0.1478254398991094,-0.08621449636287663,0.24915343030720502,0.22623431986842546,-0.12527931511287294
TFB2M,0.04108711912667935,0.011133602148037566,-0.2555430379453763,0.03867542870040487,0.1367890590862969,-0.13535286450789552,-0.16014797950607587
TFIP11,0.44214477359668103,0.07566694814310346,0.40730495429987257,0.16791485585227284,-0.33852199305002467,0.436797695503168,0.30090759881700035
TFRC,0.3071724498809889,-0.008358863213386972,-0.3820358315697696,0.596208778424116,-0.09863859526288929,0.12686527439726428,-0.8327132387685283
TGDS,0.4209956618993261,0.08737495992046311,-0.23129172434135767,0.07152609778543112,0.7729017839210647,0.8249066883066638,-0.5458885221025733
TGFBR1,0.33061352355560647,0.1153103109491351,0.030985704235695022,0.38758090896524966,0.004892192307110042,0.5208139575518104,-0.7874207044803271
TGIF1,0.2344634464121881,-0.05944654816316925,0.022173783229247724,0.7487894133883687,0.2763433361513669,-0.6485620238653038,-0.8139441321515629
THAP11,0.6227320459631218,0.026559875675055314,0.07342817701354817,0.1048292281526315,-0.5272267488179789,0.5016438840465232,-0.8359809112003908
THOP1,0.23699959893440536,0.21999870049700884,0.08377788858540096,-0.22351206957074063,0.1347754799941608,0.0811552170165635,-0.27654622716295363
THUMPD2,0.0668151441137804,0.0312356317502189,0.04249563974388488,0.25159647327672047,-0.20851530134755625,0.3625033594077839,-0.49599717557907425
TIA1,0.28404853875586106,0.1871263233160768,-0.045311762528122,0.4127177276485634,0.39464048768734117,0.5729668019812051,-0.7830765808199911
TIAM1,0.5153665454065329,0.007012437257397794,-0.038335136650095046,-0.7818640584482541,-0.17296817906452736,-0.39285785577144183,-0.007203747249599707
TIGAR,0.027278784390006652,0.2152364312766871,-0.09845599732508167,-0.114051512780442,0.15653293551362651,0.07972085794363798,0.11503356004199153
TIMELESS,0.2072938272072054,0.22612999886123694,-0.04757623418780798,0.18035886881932284,0.590444246425522,0.31187807900243547,-0.4871567082342668
TIMM22,0.48274816884151056,-0.08837106383313503,-0.05344858085081814,-0.2889831389489382,0.7012690517476429,1.3927422345381661,-0.6375101801185036
TIMM50,0.5113253481395417,-0.12378429962751737,-0.12951756624961128,0.5880973469565988,0.11392782443037401,0.4478788596025674,-1.1109094426756496
TIMM8A,0.2586744318690541,-0.1589423573753357,0.3433833932620588,0.2575780444315939,0.678310601259671,0.26123834966452925,-0.7742444063846915
TIMP1,0.5606592012353597,-0.06720472229380325,0.1092953822112156,0.7961547905372609,0.15473598247549109,-0.15293906673738508,-0.23167614414733875
TINF2,0.5305448676056517,0.12999093118966779,-0.38944091489685023,0.9847566619311775,0.09935368863337475,0.05833746445175775,0.8818060048821871
TIPARP,0.29577214323108153,0.014236862433228218,-0.17349541964195472,-0.26036144896129093,0.2428098039648333,0.5156022547561916,-0.5960479085582092
TIPIN,0.4799726657329351,-0.026842984235404505,0.07585933529731499,-0.5511725002595617,0.21001749261171834,0.017532149057294617,0.14175123443015716
TIPRL,0.15745895462688858,0.02063968532883987,0.23216276735567243,0.8204838536774939,-0.1350805327513925,0.26254410685399876,-1.0344115927657513
TJP2,0.42200957407998785,0.06460261643786153,-0.08693839754927712,-0.0800145326034045,0.5775996643794035,0.1323964504901658,-0.6168413623798182
TKT,0.6140759950936251,-0.1627912406941077,0.17227508763175664,0.28950922650565597,-0.5088462247924939,0.004541282192759301,-0.4142866548674017
TLE4,0.3411411005570325,0.16675229707253833,-0.2166424531777887,0.29427166331423327,-0.041143650705161024,0.20242063613630412,-0.7688514702075939
TLK2,0.4384847991300446,-0.012505577420987304,-0.06800249880884741,-0.5057011754690767,0.2826196785307836,-0.9497082896529001,-0.7578544341329425
TLN2,0.4056641706626057,-0.19914178589054066,0.0220125658561318,0.2747762374908799,0.9114121321932426,-0.4553785031986049,-0.3587886307573678
TLR7,0.20535607134944028,0.045282918708972844,-0.24037918649056286,0.1113110985294125,0.32422734502416894,-0.2175658432793234,1.172610732977243
TM2D3,0.5648605790489498,0.06686729382156575,0.143270134349898,0.3714118579111382,-0.5850575530446087,0.6495516278747796,0.06760007117502313
TMA16,0.29980819832808986,0.06282120903203874,0.003532767221093418,-0.25027512145314457,0.2236510549705499,-0.19248205886452935,-0.5344633557105904
TMCO3,0.2951952432809911,0.05653200978987026,0.0379231341868937,-0.2093590399642609,0.2903678620060191,-0.12240955604120603,-0.35923177721153726
TMED9,0.5391480211926851,0.1371828235414884,0.08155376509447453,-0.036364685652837674,-0.07110173573405738,0.838197005420156,-0.8899623660847097
TMEM101,-0.02957371092446247,-0.0907585533333742,-0.007180172274015633,-0.007912931752835334,-0.019114820744489155,0.08805044389261477,-0.16202041801635356
TMEM109,0.5502951328570658,0.04242710268512526,0.3766669703072603,-0.06105081534414984,0.04566247683016147,-0.16703123509618845,0.5577057503268904
TMEM131,0.5080342533086074,0.13172940687094734,0.11001487138340782,-0.01555213264659457,0.03774806182233652,0.01725404776301573,-0.8013059305218613
TMEM131L,0.5691854720527787,0.0009578604482668134,0.04301099728268751,-0.7679726212196973,0.03301765204667224,-0.4533231427814124,-0.9310389810196943
TMEM14A,0.680668359419311,-0.03503083709515811,0.18238067843670344,-0.43311151449540564,0.34679836473731407,-0.16549345939252133,0.7814571411269107
TMEM168,0.3907551144018202,0.15951955370200444,0.15877669404579578,-0.009242434857701126,0.30534487359387275,-0.9536253750217495,-0.6941824048011135
TMEM183A,0.43952731190385214,0.022321705422954845,-0.14154694509755555,0.5885588288851648,0.5623959051971984,-0.333045808663915,-0.7043067930971569
TMEM19,0.017281770590641118,-0.03098787411678085,0.003337819297973318,0.09972037205024609,-0.23076413948741883,0.24372759247783746,-0.41874848488257976
TMEM192,0.37157304206748776,0.1982362655018828,-0.07809635625671485,0.24923973537769176,-0.5745492979960151,0.6534766202099855,-0.9949274357250348
TMEM209,0.44992239135220036,-0.15059698711937816,-0.00010521371487335,-0.32611958843094135,0.7151432619355069,0.28705793913455446,-1.1084008033814743
TMEM214,0.3094909461909406,0.012403258853404984,-0.1458340055370546,0.1898072087894565,-0.31177522291554205,0.41670128506529924,-0.8177450249911163
TMEM216,0.3046119623795043,-0.19433445235276217,-0.06533191350649925,-0.9881751067107203,-0.15641471980990848,-0.02364525788365558,-0.526401821418338
TMEM254,0.24775307983097475,0.04523703340607638,-0.21573439691505594,0.3023077599839579,0.21305628432651136,0.33738659376094976,-0.07902702716055832
TMEM39A,0.6041775936777335,-0.10162918306765036,0.1996043595347855,-0.7564806315810408,0.2907649633557261,0.9228472950264645,0.6577477815943221
TMEM41B,0.36042985329378785,0.25931446825440446,0.2683187803837455,0.6858895452086952,0.26851242314370116,0.9471241341845859,-0.9079553232061559
TMEM47,0.46534732706674187,0.045294265465531024,-0.24177562426263993,-0.026791146075249232,-0.4346316701188649,0.18243739685493282,-0.5087171958549024
TMEM59L,0.10936101288683588,-0.14693409551787395,-0.16460883419135702,-0.06712702281376254,0.13001706602930838,0.47190539237016177,-0.16698094236565234
TMEM63A,0.5414930980546082,-0.12966442946408085,0.1630125335794177,-0.2992604321932747,0.2946371590165785,0.015507592861539634,0.5902370676457303
TMEM63B,0.4615802184226906,0.1784485213917705,0.151918516099986,0.3514842110588162,-0.1382168324284871,0.08531500371671152,0.18318405802656273
TMEM70,0.5461664530042355,-0.2411044362764369,-0.02062330554007157,0.3747554999760732,0.7203125586494313,-0.01696937316432664,0.9440605408624336
TMEM86A,0.2517837483491716,0.06397541369411415,-0.22292835462531754,0.36302507124484096,-0.5797176910336265,0.5167157442618632,-0.7162965690272878
TMEM87A,0.6231417040857409,0.10127777098766541,0.1815733268060158,-0.536043904898183,-0.07637468983822458,0.27035882059831795,0.7081640155631164
TMEM98,0.31641150726883777,0.09163734249016643,-0.02751429049901305,1.20590169792708,-0.019645739277059517,-0.3605201900583398,-0.9655342150658476
TMF1,0.30555752756424354,0.06984042104216838,-0.22303661245505865,-0.5711800086568717,-0.41981048834642354,0.1478002139927232,-0.6846277895638271
TMTC3,0.40040565005041145,0.01608308317427448,0.20186742622056245,-0.3434060287774419,-0.3371725529318498,0.6483985328222002,-0.8541879843456193
TMUB1,0.6564393316021506,-0.06682856483926931,0.13180825007304078,-0.5963651256092375,0.052467397446814376,-0.5254914827872667,-0.9424178650934876
TMX2,0.44438349468046745,0.07525715764787325,-0.10447668169278723,0.23572599004584271,0.4313650002835178,0.6080038082429832,1.2492966993480399
TMX3,0.3874778813472587,0.004843239808381313,-0.14599612683766008,0.5091858144717781,0.48396427944138715,0.46627139203906764,-0.43071236848960537
TMX4,0.4817717593695284,-0.008665101736403343,0.3110204330685647,0.2411291201320196,-0.21727064197063414,0.4154980632996148,-1.130828762735774
TNFAIP1,0.07254097665714504,0.00840129571869671,0.18620921398443,0.24454422273832832,0.3971020883084675,-0.06745292913127154,-0.10729580191871771
TNFRSF12A,0.3698050226581961,-0.03473261727670492,0.010569828513601618,0.16481278091036744,0.272990020090808,-0.605717512586955,-0.633248277910497
TNFRSF21,-0.011465193485466532,0.028148561028314985,0.029446305968599356,0.39606776000201604,-0.3494139232575153,0.05199752026970186,-0.4328538788610002
TNFSF9,0.03745474800916103,0.12238788884952648,-0.009118724149164006,-0.11142480343839191,-0.020777258430904277,-0.21305823770633617,-0.012426881169767071
TNKS,0.38765779314946536,0.06746292744755635,0.064695728052336,-0.06124239944498639,0.5289011676218937,0.19945596633277177,-0.5833078082984418
TNN,0.7376740379645146,-0.09530200555360906,0.16485974547253363,0.1532144219428888,-0.35269741854965475,0.06542113722311431,0.560006260066788
TNNT1,0.571324755689409,-0.20589274729631013,-0.05780395035512346,0.09932464882997272,0.8062972566796629,0.5793429824949411,1.0814212398733383
TNPO2,0.4033242468422235,-0.04793063239512947,0.038933901825245504,-0.14216260531583552,0.3074619883959357,0.49297764034917,-0.6480963847836771
TNPO3,0.42506336670049744,0.24309964800573625,0.06633384878465833,-0.4304347849095661,0.1403070682870786,-0.0710984032659416,-0.5599993927095835
TOGARAM1,0.36838821585109605,-0.14194392805067046,-0.1572166744142178,-0.06209342077263766,0.5878325678468287,-0.8907103344151142,-1.0468991855991376
TOMM34,0.6155382600876083,-0.045183644576977204,-0.26149809981056715,-0.38991513922872273,0.266691163204868,-0.06948568961413312,0.6417943925850322
TOP2A,0.4914491760440458,0.06738681437872776,-0.23302464905109288,0.42440266289229456,-0.38720243203986837,0.39500304644412976,-1.1070182417768457
TOP2B,0.6334353069584658,-0.008259551753884783,-0.045233353989236065,-0.11476175426334766,-0.5840978058522602,-0.3324968358152692,0.7921023289244602
TOPORS,0.5319674943416752,-0.08306298504594914,0.033992339299154725,-0.7129454815312347,0.23646174131224587,-0.4614281593633545,-1.0615160764309444
TOR3A,0.16235058179058162,0.20748483833913114,0.1997844970177086,0.4226827098530773,0.521050040923089,0.017720563745982052,0.2377240134779371
TP53I3,-0.033787007055039786,0.06339798028965579,-0.021590987347062312,-0.02201128206378527,0.07727758724444989,0.0055102502121342255,-0.03607159788384726
TPI1,-0.032793911261589995,-0.027644772441031338,0.0007019397596452982,-0.005039305892253828,0.043479944636726796,0.0155059559067027,-0.04527547396320416
TPK1,0.42168377377640714,0.082477140448606,0.009090504672907224,-0.22167600852728528,0.5142931340040131,0.4901541522927825,-0.5056826242237703
TPM1,0.5789733598985034,-0.19385129067811874,-0.13040027986100802,0.22416976967806404,0.865027376794587,-0.2928872674687768,-0.9917177983555916
TPM2,0.2786074892331696,0.04530307322861157,0.062421380548604084,0.31299823369861446,-0.030206222151425603,0.6545070475411461,-0.5715441800857866
TPM4,0.5440764753354376,-0.1111832316134822,0.01595683239946351,0.7764188575823476,-0.19851057017510565,-0.3197538721504992,-0.00984364425361553
TPMT,0.02162954449517882,0.22380326331165987,-0.041055845990481205,-0.08963439818086563,0.1632623808887374,0.019304002904776945,-0.051833050792793135
TPST1,0.46855525336482273,0.21675861894665768,-0.30175640158047534,0.22908657480341824,0.6254837303325231,0.31210264786096964,0.9276091044840903
TRAFD1,0.4681654440109871,-0.14163126383709063,-0.005153422876520331,-0.6109395826931016,0.31565337296307844,-0.6538398963686299,-0.8612996129523356
TRAK2,0.5461370413418584,-0.2648717212194104,-0.12711229966727722,0.17807308002592945,-0.07070013096513085,-0.04464572716987834,0.49444850671598284
TRAM1,0.45267734446194813,-0.12641933130235145,0.16571983294656556,0.6903196048193706,0.2882830356094195,-0.1493794203230756,-0.026117277865609106
TRAPPC11,0.38997475801262355,-0.004559861564265865,-0.06662707857317891,0.1676346738965907,0.48958384672407135,0.7828562403248882,-0.8307638157262079
TRAPPC13,0.3716616725787509,0.02527621404760861,-0.06923151520197511,-0.02362706572850712,0.419699758203624,0.2636728334604143,0.22535259453876744
TRAPPC2,0.3147479398005878,-0.05970549855405478,0.285066646747427,0.04098813369626153,0.003351323315613256,-0.6089494053194002,-0.7106800437452591
TRAPPC2L,0.30149305038598156,-0.049493891840755234,0.01861899823546119,0.454844686143631,0.6642898283109913,-0.9427375249594674,-0.9787908780554311
TRAPPC5,0.5070546763937148,-0.1111652361136346,-0.04982502519774368,0.37052687722294736,0.6571860919090182,-0.43998797894633745,-0.7094412140737655
TRAPPC6B,0.30315360037716155,0.13311686002678963,-0.1390704207219195,0.4720333421971025,-0.29676570825640924,-0.18395474858572972,-0.7822671279168067
TRIM24,0.4015881617464326,0.14621360049758467,-0.18039631167952674,0.6387602597934005,-0.34047590292826985,-0.2979853796662803,-1.0351846572549575
TRIM36,0.573034610914993,0.2119602794243027,0.027719343708164153,0.07289137175574714,-0.7229766291056551,0.7960661993410142,1.0357933844974074
TRIM37,0.5364210047005553,0.06955995485905703,-0.20256759203177582,-0.34621646530314837,0.522195208099207,0.42001474653245074,-0.6067448953019565
TRIM46,0.0346126297759203,0.037471851928265756,-0.13134887175283766,-0.18093384748274408,0.1599847520743569,0.055528116505098826,-0.2986880621957862
TRIM59,0.5065779470527745,0.08431932888439855,0.01156306209547472,-0.3193537064126693,0.16077492710982388,0.3276533654403653,0.04965286453476479
TRIML2,0.0784336627838452,-0.05569014856763271,0.12502050178155263,0.017592716904878892,0.4278754846454992,0.2892672439758079,-0.4642362202663623
TRIP11,0.4905295564530519,-0.13099687045814057,-0.23084854687650574,-0.1954166594177243,0.5095753697197265,-0.3654783890469366,-0.8628606815710976
TRIP6,0.15458156116431399,0.00372151039951961,-0.09521775416450497,0.4322057974219946,0.44764991156873846,-0.6459874634600403,-0.6767305459913922
TRMT1,0.19553364272443793,0.19916875526515834,-0.07796176432215243,0.08999038732866463,0.45410942132801063,0.4448207647848617,-0.3206385304810881
TRMT11,0.25215501081950303,0.2096711761651396,-0.07430712637755425,0.02171932083491905,0.5441029256944945,0.6963536122473892,-0.3381748242527997
TRMT112,0.6526273020574347,-0.06375290302691132,0.1660116336040608,0.0579554592398142,-0.1768310703964544,-0.4559502171888801,-0.7409478223221821
TRMT1L,0.3264224595750605,0.24229780659936032,-0.10703803821720644,-0.11297265006065883,0.36557621175530985,0.3610004598723363,-0.5480869722866336
TRMT5,0.22116417327420695,-0.08924974626389318,-0.2673576366843661,-0.11927341921934435,0.09559502665779447,-0.7849022728131272,-0.1842526835963716
TRMU,0.17535196231271025,0.15303289616691476,-0.30910496190006853,0.07856453469108586,0.3105509999461795,-0.8163297503712781,0.19597183257715198
TRNAU1AP,0.4311812431718564,0.033276615665818375,-0.02336254769170795,0.1794042055666685,-0.5251850418666741,0.02208635487755012,-0.6443585570463883
TRNT1,0.4944779849772256,-0.06732502150611051,-0.10207068462406609,-0.6092310035665567,0.04866057896642753,0.09243311132991629,-0.8056771584369656
TRPM6,0.2653490501951272,0.009468702896258403,-0.20971461954290127,-0.2888234652406555,0.2149290100954038,-0.37852163780579196,-0.06106131422511542
TRPM7,0.3953033565519182,0.05815805983479985,0.13962767052382055,-0.06815219365306481,-0.14296730218535825,0.13484533426161094,-1.1384500284240462
TSC22D1,0.5884879449412818,0.016056268437960902,0.06293494799576145,0.3366737847290282,0.10453595373060731,0.1815235412860827,-0.788131288463238
TSC22D2,0.5111440224909584,-0.06872968155234552,-0.017276690783842773,-0.4244644946399802,0.08174743688732074,-0.02376017897222211,-0.37766998026382015
TSEN34,0.28941845218469486,0.14941575392960676,0.029952481801938238,0.31477755627655574,0.6111419778085113,0.42687280012350187,-0.4017355408004896
TSGA10,0.28667451488650997,-0.021137924626982375,-0.22679620758839902,-0.8102599476169201,-0.2547351624828653,-0.6635046366916125,-0.3376041713344136
TSNAX,0.33055338003965595,0.09302505177436694,-0.1290498958036576,0.0418451377152428,0.5004931762739226,0.07419688878614511,-0.5359415333013786
TSPAN1,0.030373813726881183,0.09604750443604783,-0.11689785430299812,0.048234873199104314,0.08508704832692202,0.14043116929642938,-0.08983409871616858
TSPAN13,0.340949097622293,0.11301201977013134,-0.31931847392616086,0.16138866744000027,-0.25482951943157683,0.9789821025339941,-0.7439103205663586
TSPAN3,0.8376204074771824,-0.058288114342697296,0.35174800840774617,0.08337316010956956,-0.461937711772123,0.0769027541726548,0.9410784030874965
TSPAN6,0.19997220874387472,-0.08188557489952263,0.16567743848639394,0.26018791966250293,0.5342734326987457,0.21498280215329724,-0.7822762220748264
TSR2,0.0900188593005333,-0.008407956815210426,0.05755659590052672,0.13471198465296363,0.3785945094329139,0.38568389475663634,-0.326138051350788
TSTD1,0.2998371251081645,0.2287240088765743,0.17649077951400294,-0.198247273386671,0.10530901009052598,0.3550000477715031,-0.3964494961996759
TTC14,0.2984983927141107,0.19103039759066393,-0.10234595663773377,0.39881789092948766,0.11617767928460505,0.9773894717413165,-0.5808563654961536
TTC17,0.4269903894152824,0.061694606139752896,0.0480159963932365,0.3800153491467772,0.9284685910912391,0.33361685403627533,-0.5235914292277973
TTC21B,0.3076525562715457,-0.008622081121856206,-0.03518796399037864,0.335818157244663,-0.338202785233683,0.2015675992890167,0.12477184727732633
TTC3,0.4965527311607352,0.10847395363504983,0.010588652678382307,0.4942737134718938,0.10238093781681697,0.3867430545036961,-1.132634375841597
TTC4,0.41415131460838767,-0.11609513596298578,-0.029713146170157842,-0.857751766691354,0.06568868589636619,-0.7193326133282644,-0.8095811418945679
TTC5,0.44425984346519426,0.014192342809869082,0.38416901562876715,-0.6069191458932293,0.1450079768008148,0.5600801269657978,-0.16442582848403847
TTF2,0.38599610323027445,0.11758575168826942,0.16497241522985548,0.27701270547413076,0.21469023872849252,0.9509873015292221,-0.9172570674916437
TTK,0.4970168723864712,-0.03499557757144768,-0.13463570531349786,-0.37735403827803465,0.4558867991048267,0.32946859860938543,-0.669504804530195
TTYH2,0.0730045795608162,0.10041158960338002,0.10771324780930579,0.18779336163096183,0.38465485021540846,-0.3218041007320875,-0.49543318779686873
TUBA4A,0.005177974929117317,0.06669378797708697,0.005430217211637085,-0.0269963008448051,0.0899820392867965,0.06634651027779345,0.0011837342725330635
TUBB,0.3255970274843713,-0.087228525640226,-0.11531815074458172,0.02929491993434655,-0.014737000606836546,-0.7023236976324215,-0.9429428880110204
TUBE1,0.23585025662046757,-0.07448102688794449,0.28374465661775383,-0.39529689002596075,-0.10347742694957279,0.21443369315924893,0.9760219512196576
TUBGCP2,0.20748095802170224,0.1801366656292621,-0.1088051519033703,0.025207097738250174,0.33153992771004454,-0.14824089071696142,-0.5381806960163307
TUFM,0.5794707526989998,-0.13559606126639137,0.1296573157253176,0.39290555942776545,-0.45508260775257486,-0.34833368902226797,-0.630723380846996
TUFT1,0.31984982133905304,-0.050767086723233344,-0.07140329743340768,-0.8233293990682913,0.052525441347989026,0.11935634230072473,-0.59471811257938
TULP3,0.2838853362867536,0.07186418726157288,0.23780680176882882,-0.45205911609871624,0.26884453789113644,0.25717667400911953,-0.49605510299775596
TUSC3,0.5149904006559527,-0.09613198990358068,0.3592871207752327,-0.5081907195981679,0.4382808755245045,0.170926823233319,-0.8338853907527416
TWF1,0.5085253937164989,-0.09893034569494023,-0.10442150913462053,0.02763196364978717,0.588794105893702,-0.3827967093216934,-0.8956868940578646
TWF2,0.23231956274009521,0.08402450500236187,0.1167099063227874,0.7042632880981056,-0.11007265505013389,0.9516060213265659,-0.9665208241148198
TXLNA,0.39023975010394374,-0.06363239135930981,-0.17168475119689924,-0.04687459769825047,0.3529162165974043,-0.23860148271862652,-0.6430911687407461
TXNDC12,0.502641489983374,0.01321736528140667,-0.15523664123002703,0.11660054110701969,0.7179757479366405,-0.26098418744737273,-0.8889370149611429
TXNDC15,0.20530518618014443,0.0042601945697358055,0.025826496089437226,0.5065596623091505,0.3050730806026633,0.7098477146058669,-0.7151243899388435
TXNDC9,0.48310578748765687,-0.09159299538095063,0.023271838501674216,0.4011540379804988,-0.08173018693180945,0.5499426985675642,-0.8936617982759919
TXNRD1,0.47215780621369574,0.1362444573185604,-0.028547049527533216,-0.3800971813149184,0.17506367801168538,-0.37391095119436746,-0.6925646451187717
TYRO3,0.28988652438410545,0.17969062863910104,-0.3591247546146362,0.14881485277630574,0.5508112235229048,0.34789624475257447,-0.5331738959411705
TYW5,0.22410920405886306,0.01358019217596892,-0.12837662438757363,-0.20720536052946165,-0.07683882611143462,0.6118019106523704,-0.36323583491690287
UACA,0.3310165265504451,0.045110100106128086,-0.1709955005702279,0.01581682129261308,0.3730644789853066,0.3404993056884183,0.39596186114022197
UAP1,0.3140556330735659,-0.10144151648989357,0.04600603424323294,0.05348767501157609,0.4489168491814281,0.36057347792360406,-0.8879683577713626
UBA5,0.3376974917807656,0.03203252005723761,0.10825116910218556,0.7962738962689527,-0.005285825750509133,1.2345037049584955,-0.3978895812300758
UBA6,0.3381237514894729,0.04284408905679484,-0.14177446419880854,-0.1601092985788341,0.44146834195246865,0.3678268675775114,-0.5208197022840813
UBAC2,0.5243353890252889,-0.10188478255781037,0.29854178883805604,-0.326940894984522,0.7020070093184475,0.1802330504310011,-0.40510421653609446
UBAP1,0.437157193937094,0.07934683269790836,-0.12364848892146636,-1.0312444904399252,-0.03527015159261734,0.05342223496163054,-0.7290914476480402
UBAP2,0.5763885205406686,-0.045705612430914984,-0.2439593529881728,-0.09528919192551473,-0.5612310650822837,-0.42822850172173754,0.3906983817267741
UBASH3B,0.35075865193545286,0.16667843353626247,-0.2769999466075986,-0.2994044668297049,-0.03557324214414451,0.1525889512807947,-0.32289544808878856
UBE2H,0.5854131648968439,0.03293853164198934,0.03221333020204364,-0.6855926143709955,0.13840517744925945,-0.7496974368052067,-0.7483876461153975
UBE2J1,0.266240925283476,0.02925328347794149,-0.07404362050480973,0.5014886222915591,-0.025723880849094376,0.797827561239895,-0.6639257091813431
UBE2T,0.43302492997515896,-0.054944887966881864,-0.3730073946103626,-0.08254623386261409,0.5300153708400701,0.43746468910200487,0.04647124534133432
UBE4A,0.276580873813843,-0.04413397525385161,-0.1831420872821105,0.06251388747311859,0.5282332338202068,-0.32057104739979164,-0.7334284390342138
UBL7,0.5984112151368057,-0.07710425692292457,0.06604692722462117,0.005108270479557983,-0.4231776269348154,0.16861969887439074,0.587283913730491
UBLCP1,0.33232908714838577,-0.003170376139997348,0.026366921333616816,-0.5901103635816567,0.14105568554887601,0.25045085281480434,-0.7805734892276013
UBQLN1,0.646638759732205,0.0922939870500846,0.003010874265471259,0.04597681420233386,-0.671255092165688,-0.3516414731247547,-0.4312195514691808
UBR5,0.35218149073180244,0.007904140727418145,-0.17032861586287662,0.08848732183920947,-0.6150995254516594,0.32806339807514434,0.7373286665905231
UBXN2B,0.5123910547581966,0.004165271468030641,0.10865888772786725,-0.5561096385983058,0.14065295731802258,0.051516059755839755,-0.6301392330875083
UBXN4,0.5875353867638724,-0.012133869538667963,0.1415732674471894,0.37335703347488075,-0.350929720167038,-0.4202185309328476,0.16650256610717076
UCHL1,0.7680759196739091,-0.15631620923100095,0.16989259899118517,-0.426643779101014,0.4272640163464201,-0.429533424640934,1.2378675955659375
UCP2,0.27629668214198305,0.3050794251002564,0.2509324193280994,0.8502032538502416,0.3233218753891493,-0.9392090711655701,-0.6994593332001008
UEVLD,0.36506554269530145,-0.002603322740276548,0.06833594882216451,-0.12309037189740385,-0.6185558472177012,1.085476459619156,-0.5731916845378296
UFD1,0.4143368478937223,0.036808302564976844,0.36366915408067574,-0.017607003066482836,-0.31001072110837824,0.17195254610818636,-1.1868088006083937
UFL1,0.43837025251790246,-0.12406054508133131,-0.08559229892786047,-0.8079934012825604,-0.12892007095168884,-0.2511535516278878,-0.5591230076624737
UFSP2,0.16663640237526736,0.0062449929109380945,-0.317117931655975,-0.15877362263449846,0.33865306401524425,0.7671407131406082,-0.6561253882457613
UGCG,0.23583640275471995,0.11190706512066705,-0.1129061386311779,0.7138732306131512,-0.2444076865922209,-0.37714607991086924,-1.0383343049237295
UGDH,0.4179546485102588,0.15905996776739129,-0.09445248952798993,0.40699245637141956,-0.057814286874390636,0.2420493291878674,-0.8958137713124027
UGP2,0.512143592685682,-0.012066095752700236,0.09255252180052304,0.26320017592860956,-0.4195325675454252,0.4241475947026035,-1.2162446964072304
UHRF2,0.7984120486577668,-0.04095152380189455,0.17192213897550337,-0.604881295695007,0.255238543023537,0.043838533498297055,-0.24762151992495304
ULK4,0.4552708610330534,0.003813453896403493,-0.33885215187005946,0.1330610776291313,0.6630746666034113,-0.4251444272476783,-0.589183536873015
UMPS,0.5166646157860705,-0.07569283616746417,0.029175898817221043,-0.5269334885498494,0.23872009637429928,0.1027256217799536,0.41349051672185455
UNC45A,0.0957042413658617,0.10692549569055051,-0.01257178523560246,0.09054813408154051,0.28862135364369895,0.21868845575429105,-0.04157557969348681
UNC50,0.4285518320707572,0.07253739813104544,0.19163508102610594,0.5584550259687608,0.5671301957350678,0.5509845383478852,-0.23545986806988975
UNG,0.3611416422018952,0.007748923261408954,0.12143735913285685,0.20609553806579523,-0.6985950201458949,0.7942424380634988,0.6806283619971542
UPK1B,-0.055276874145505486,0.003995580423577808,0.072644066765266,0.03719122991351362,0.16350084494104994,-0.006096481650126586,-0.06364178425082374
UPRT,0.27937693337124414,0.008418369955228745,-0.2968587069042379,-0.1589991574181913,0.2943219561017705,0.5611526148616451,-0.3706687755109834
UQCRC1,0.5581206386907084,-0.21445456752645978,-0.05333412933245625,0.9542564201452436,0.05016421567292975,-0.1204131746451965,-1.4430310516542009
UQCRC2,0.33407163623346897,-0.0485025426773853,-0.22373748942036356,0.5366009556730611,0.2120352153405808,-0.25575117135142866,-1.1178719864491706
URB2,0.4510153822181652,0.1755980981956702,-0.09197940087677714,-0.2628565892774597,0.4348475000822588,-0.2496996412406942,-0.15922467231882123
URI1,0.2397713672379105,0.2128336158465682,-0.13702013675111085,0.2145352199869281,0.5537382027338099,-0.28643355065616266,-0.5107488605533709
URM1,0.46394589746161674,-0.07939880150925421,0.13226294817368137,0.23860464152405322,0.8756854365552956,0.012045647807906557,1.0703017506558399
UROD,0.27449155649171186,-0.07071310816537574,0.06886953103358415,-0.03169163753002411,0.5746363809370991,0.03621801021882744,-0.8707697021853404
USF1,0.30741306284571374,0.2080759760846116,0.043143001737034926,0.5621898447045222,-0.2876826872507206,0.8872506028935092,-0.3526041453845544
USP11,0.5028841410261599,0.14118899264403517,-0.17157762985816477,0.2623871442991726,0.5462829759563136,-0.5494337059983425,-0.924773753556234
USP15,0.3249626717513466,-0.08974575170472907,-0.06516217191111214,0.08836329029593923,-0.10084788569162444,0.5099573147901847,-0.9028947630261651
USP2,0.6608143561613277,-0.03618839287836585,0.1394167104422103,-0.48755489654687745,0.07706326144258946,-0.4257129356552286,0.6518272407635761
USP24,0.15478956414937609,0.1379924985084041,0.16463784433822265,0.033737911811412426,0.34487529041451565,0.22425972205771666,-0.4312868654507668
USP25,0.37224791444220856,0.21183968796522137,-0.23595494185328106,0.4335481732046907,-0.7241613284961411,0.7232389845061005,-0.2169357978403206
USP28,0.4341194452194818,0.30916134886084956,0.015499988144890757,0.013609777775421533,0.3835978963506245,-0.8645347016009308,0.11615552866812544
USP34,0.4291740307986484,0.18103381290008938,-0.29688732158150793,-0.3766307502760955,-0.7211347799617344,-0.00924490484165827,-0.9515486279542296
USP37,0.4881624838887865,0.13741947725901835,-0.07250280032557793,-0.8882838856120207,0.025046591627394862,0.16992549341847912,-0.4745682083151621
USP38,0.5460306154839935,-0.14656184272250347,-0.08054119074375682,-0.43012030696359027,0.33347668166764877,0.17402929486447175,0.3668927211024562
USP4,0.3115724801335458,0.23549749909862447,-0.02109065850783214,0.41566851169342445,0.4558732424468034,0.28267109910735283,0.5727553882031668
USP44,0.4177311858181072,-0.11629258776625766,-0.24104873072759436,-0.43724317846827115,-0.9525616966707804,0.06414111896702251,-1.0541952898174014
USP45,0.43944439548787495,-0.11765026612302613,-0.02664402058502678,-0.8696953724349212,0.02939666659393948,0.08490538992583758,-0.8126667055056671
USP47,0.4342651841126688,0.05455146436853021,0.1437935705448542,-0.34752822136840206,0.365688149083796,0.9512599786571085,-0.97945735978501
USP5,0.5087975728390284,0.15297454547999087,0.01291517799176252,0.3552819228263602,-0.2691900188996078,0.24162024061985082,-0.8857796275494382
USP53,0.3591798033382232,0.10207411717842556,-0.02548351003898862,-0.85964731538465,0.029334384305780392,0.09035508629656538,-0.5855495888710557
USP7,0.6587697058865567,0.0027201356904654208,0.10206919412382624,-0.343436506933541,0.021103863009554812,0.056450277957118856,0.06479005840848262
USP8,0.5271909589368172,0.052330445785741336,0.20107682496995113,-0.5395724601119681,0.310133134679862,-0.06405759090749559,-0.36796720599607774
USP9X,0.5247530642680197,0.06505178426823682,-0.24683772645177482,-0.010922102693143266,0.7204990766116485,-0.007246794131091199,-0.7773813255041068
USPL1,0.24398774114090954,0.19024799296194858,-0.18599912479380964,-0.1559996701994926,0.44938799518550515,0.7325721344929089,-0.5086374847893405
UTP11,0.6800336116303424,-0.1581515168516354,-0.02321829066953185,-0.2121054668455574,0.4575045216301646,-0.468043623336688,0.44831640291692315
UTP15,0.3559887601784609,0.16357284742698583,-0.4069582538788692,0.2578431118193814,0.08499364129070909,0.9215288629272038,-0.021664670709442856
UTP18,0.40804512616326377,-0.10900954828860861,-0.2672380517231122,-0.42663699885084233,0.1526480094811921,0.0784909081125047,-0.6609641979189866
UTP20,0.37943602239227986,0.1935290370318444,-0.34639542003289614,0.01376143256186309,0.15650148945315226,-0.6397900475713174,0.07293611369620857
UTP23,0.7313802131934503,-0.11754265231563205,0.1657419913322853,-0.03507086836552988,-0.6191145607449403,-0.31530744441477576,0.7589596153296974
UTP4,0.3558849824455043,-0.05040516443762122,-0.012907411061501603,0.4464449160127976,0.05320771364502723,1.1754346772336166,-0.7659220536637498
UTP6,0.6449192692076815,-0.09632549298813385,0.114281195703229,-0.8977735839010597,0.14562144754385895,0.4329056749534149,-0.7898770229196829
UTRN,0.3730534492393239,-0.08521807777963636,0.004553359344605909,0.3514056997437871,-0.10458788113880661,0.3502073553585887,-0.6717227871575828
VCAN,0.4892188787864762,-0.2697308570046239,0.2973707200536343,0.7391351385937173,-0.011418858421798305,0.09862932223532585,-1.2427662607378351
VCL,0.21170002378031025,-0.005500229743849193,0.09124974184653954,0.17710670605692225,0.5940815532698678,0.06412436297580493,-0.6926223480405767
VCP,0.6027889656282017,0.11272781333654187,0.017114689177435763,0.4290459631205704,-0.31429778169069317,-0.3475546165500826,-0.36791363233875823
VIM,0.7060151098478143,-0.1789826149153473,0.029576509681414297,0.7027234975168414,-0.3108892413715484,-0.27924424245186796,-0.8675704933818663
VIPAS39,0.4128931674112523,-0.07218443651239975,-0.32266558086498104,-0.11658642741379169,0.5044094448252597,-0.019825698990806898,-0.35897431201178487
VIRMA,0.48008984436904545,-0.10477094002648707,-0.3118864412322473,-0.43350573798334996,0.29667945677706536,-0.19508211886506097,-0.13667383126695412
VMP1,0.3701624616833902,0.012237770170424458,-0.09331743615657152,0.7729344942019049,-0.16224511161030739,-0.15865568184893228,-0.6197745433391282
VPS11,0.29380219804191055,-0.05264937199761797,-0.19748899371996587,-0.3097690358661934,0.5039051321202377,1.051135243582351,-0.7216751269456295
VPS26A,0.45368629725757154,-0.1288331456817879,-0.13854078024160102,0.7251372461673781,-0.15517827599900316,-0.2601458940543842,-1.251113286416335
VPS39,0.40603156884577996,0.09753208266929844,-0.39841268633298005,-0.16293993973651283,0.24681140272988047,-0.4958977247511321,-0.6451206004503669
VPS41,0.39003484965915425,-0.05835287840296863,-0.060535773559802525,0.20839002048614189,0.7041492131217533,-0.614983823108407,-0.9488792861672802
VPS45,0.14379084009022405,0.0633905667998354,0.12130073293085589,0.21886999169331992,0.5559261206006939,0.5326020951045849,-0.29633065386170077
VPS50,0.5295156536126672,-0.021244886196630813,0.04336516517026661,-0.3643248161660854,0.6062239754252603,0.7264311931797409,-0.43528991554243535
VRK1,0.5464489812561458,0.07170372658917244,0.13668810229263145,-0.5999156186565873,0.13841837775331434,0.13319864023246172,0.9691196401006429
VRK2,0.1859943527249312,-0.002918235700519115,-0.0435073696438724,-0.1155197053236297,-0.5117189232113002,0.34800407621205165,-0.6552419850125764
VRTN,0.10349015061124646,0.2096749467800188,-0.2515929359150834,-0.1285304946310126,0.23296548383084087,0.30885926385280527,-0.1830333883656483
VWA5B2,0.14483530449262763,0.07681308059770926,-0.12298327909576172,0.26999527367604764,0.2530280682645987,-0.8403054689760857,-0.7049311022830999
WAC,0.6446438553349019,-0.009440923166663841,0.16208970644167398,-0.18958479314363666,-0.6701544888499793,0.19547868766289805,-0.6239723960783292
WAPL,0.5230124438295339,0.013024919694491396,0.023884368129855702,-0.5912374197245408,0.46444005768784197,0.4134453434429797,-0.7953974878200982
WASF2,0.48986724047266633,0.16162365671055884,0.04471412398987375,0.055829786569548755,-0.5006302288201325,0.7673753768261071,-0.811938478177883
WASHC4,0.4260429612262026,0.16934105474035946,-0.11406291879673451,-0.014391154007848931,-0.42931267552948055,0.43493152690880865,-0.47342531592362497
WASHC5,0.44876602653896813,-0.0984950007489884,0.07461312551667676,0.04022832136157033,-0.32655256115596587,-0.5716823388793274,-1.00702021060443
WDFY3,0.34385292773399173,0.18820696143840857,0.007469021018060323,-0.5524885455711043,-0.2260252497948647,0.2705786126445171,0.3144485693243829
WDHD1,0.5038673669738436,-0.015723177409890494,0.013401581279301073,-0.17467140061955572,0.34864036611949906,0.20620240630777,0.39315893505575383
WDR12,0.426206051573585,0.004135904265563611,0.21258088835034167,0.4287686209023116,0.3635310249043026,-0.6056713482246864,-1.0537422578331102
WDR18,0.3363122761020677,-0.04890072203278058,0.04441719253561569,0.8154564712459643,-0.04677667926131893,0.4941464294282703,-1.0955889817412063
WDR19,0.4297306578669408,-0.09712063680705295,-0.1508439093719622,-0.7074560614856061,0.03397966742195538,0.37537800928795906,-0.8170317849156656
WDR26,0.551652813636885,0.1840650900385189,-0.1601069419369166,-0.05477675814287747,0.33942798943615243,-0.6939767213468854,0.07504933103325324
WDR3,0.4158573156587572,0.007122814885906571,0.25721543155003196,0.016091692315546552,0.5604353383783867,0.2648196800345145,0.7873018880018422
WDR36,0.3518642541779954,-0.02385004120347509,-0.09746646580449363,0.17603457463463248,-0.3856658598509994,-0.6684937420488728,-0.9323943012623193
WDR43,0.3736751796841678,0.10876718147259637,0.3173364978132105,-0.4110609886765899,0.21150010643501074,0.40187213962563356,0.8417533214252458
WDR47,0.6022684894086903,0.07801649115863951,0.013726651161778607,0.04288730858191172,-0.8264166193448008,0.8343522546566838,0.5033746383559126
WDR48,0.27086371786359725,-0.07477785703007958,0.04576155711691699,0.6294973298106359,-0.08089274263874262,-0.5035565434712848,-1.0688964501508187
WDR5,0.6467294491821919,-0.07822162827864758,-0.04529774783077938,0.21266779781758954,0.5477961733389983,-0.041399678996594386,0.9083293843459539
WDR6,0.15820829468983832,0.1358010714416823,0.3399606916723896,0.3457673441856378,0.5206290052217868,-0.06546380325337318,-0.3609909716475645
WDR74,0.3713956660757781,0.06260489611218892,0.15504859662585288,0.7509784768554583,-0.07327662974886408,0.7687437510600932,-0.8489040386112322
WDR75,0.5691877589297488,0.1967949037932732,-0.16882218436979893,-0.23912883384797914,0.29233418520221305,-0.5367209683746981,0.7752627290192406
WDR77,0.22359201042406582,0.34661455092456,0.2617158508471395,0.4229865655162755,0.7632175294015972,0.2298297705749795,-0.22158590296486264
WDR89,0.2686021875662177,0.16822171886594242,-0.36753126693206023,0.11231599043584718,-0.32523261114931373,0.12910568433174258,-0.48597182017900453
WDR91,0.5982867321209111,-0.03331617885643618,0.2287946132201797,0.12017182729260284,-0.692859634632835,1.3377384687293459,0.730371512209849
WEE2,0.8031442023745458,-0.11082406501386902,0.2640960742562271,0.12527765612517533,-0.7204294786669416,-0.23926159831940919,0.711626409211342
WIPF2,0.6211580784891682,0.1177178606454787,0.060210948286315714,-0.34383021400216257,-0.35513750058099797,0.04652472757538649,-0.6610375557163998
WLS,0.55600312301211,-0.14417935687932465,0.06950947201820408,-0.37997805614472174,0.5015019440944667,0.2583108194947006,0.8741430224890409
WNK1,0.40370607094635985,0.06769534110968407,-0.1208444956122832,-0.05248497801184902,-0.7807031969318119,0.8020221388477149,-1.0472828000599912
WNK3,0.10171510117140391,-0.17502689107283173,-0.09107632217588053,-0.20269894789269782,0.291735317791136,0.45074338499932665,-0.7518360242543594
WSB1,0.5174406746228757,0.09197128471178449,0.6492970007897116,0.133127131594455,-0.1577268571168404,0.7690458411461467,-1.2295717602249279
WWC2,0.06331608923559552,-0.08725181161595173,-0.1569606222486023,-0.018876860711883187,0.2193798438297124,0.20507592105281172,-0.022849746023466996
WWC3,0.30200006245581934,0.1130964975346747,-0.0478258247802215,-0.07299954467627832,-0.08714482641760554,-0.09549974417611318,-0.5237467339510199
WWTR1,0.15171010772665158,-0.09191999002699733,-0.006265967433340011,0.3735533430274153,0.2908205321833043,-0.4379646356374012,-0.719426509465498
XPC,0.41091335268012463,0.050460885179185955,0.030525984274864724,-0.7040913654431707,0.17337220698470152,-0.07792253123877634,-0.6245943832328382
XPNPEP1,0.19422048781995882,0.16968906104930268,0.01920476078237329,0.6047333686642488,-0.1307035291405744,0.0468843147807519,-0.8584397489102831
XPNPEP2,-0.0059849724671826145,0.0176335889193696,-0.004174842094155006,0.053287321874947884,0.18072518531410306,-0.3702520438518364,-0.29692761983919236
XPO7,0.47505088113860316,0.04013894309932803,-0.17978110006867307,-0.3622652984591126,0.17043295657768345,-0.7682903054703573,0.5137585032721337
XRCC5,0.40581161070522953,-0.06703355293736141,-0.14578520190641442,0.007517277714319695,0.4639695825152504,0.3109195732401237,-0.610630167246699
YBX2,0.723766617763381,-0.08462618255188448,0.077300786941726,-0.2965233807640814,-0.4943819616693308,0.22595465645296192,0.35213662077030794
YBX3,0.5765307595426568,-0.028593229493015463,-0.01868387864352458,-0.12605937682532495,0.570047889758224,-0.7461412438860657,-0.7150728784069778
YIF1A,0.5231673566469042,-0.026024106252991307,-0.1826786808721961,0.32334749787885897,0.7445213128051368,-0.3939501276400325,0.8982383089693315
YPEL5,0.6603595021287879,-0.0629734943938559,0.27099597229436023,0.05936934140303912,-0.6673318787536766,-0.16445653400015595,0.3535930634200477
YTHDF2,0.6173204122241719,0.0166867232651347,0.10951407216210202,0.5838751394738162,-0.6160116235494341,0.5690612091830128,0.5055855226793535
YWHAH,0.6855507664331351,-0.11630342799154181,-0.0745760142130881,0.47386735939500507,-0.28356246970828425,-0.4255569174359379,0.25021140691068283
ZBTB10,0.616510351485442,0.039882127920399725,-0.14899979547087655,-0.7281120701528876,0.12903450088463306,0.13372490303589338,-0.4926638142809825
ZBTB11,0.30632990106254904,0.1647837466166952,-0.35299387247664543,0.2018323778427705,-0.9064629594240681,0.20763852678578706,-0.707821341278243
ZBTB33,0.7182051731348001,-0.03744627023975558,0.08429445782978445,-0.55699118830077,0.32157177177395224,-0.5433167406198396,0.1721659501498454
ZBTB44,0.4435779342027893,0.083062199727355,0.23750986373179242,-0.6409181532144967,0.21044613998419787,0.8264028886632069,-0.20798161243319674
ZBTB8OS,0.1741271438313213,0.061812588073349786,0.10702500285944325,0.2890763647806363,0.6100007139971508,-0.08761153546513693,-0.7410131665503196
ZC2HC1A,0.6888998906297088,0.11578835150671786,-0.002973011303882316,-0.3504859122708568,0.2979740004967675,-0.36364009226054744,1.1036446456904156
ZC3H14,0.5921510560487682,0.018989951064934403,-0.1306900350627058,-0.08926252911282052,0.11341676838140201,-0.1727163268118468,-0.8740640235148803
ZC3H8,0.406550440709182,-0.11777170837186231,-0.11763303757805621,0.20159148464565782,0.6507749647542935,-0.2958875894359307,0.4645730937379135
ZC3HAV1,0.17126951105124835,0.14887153735940722,0.046988837068211935,0.8425580796114603,-0.22933356091831505,0.6191518086803816,-0.8503935162135103
ZC3HC1,0.38309311556609865,0.0567288130312237,0.0350287735403743,0.33942953143530835,0.7648849128165909,0.2784321754435229,-0.5782822084716593
ZCCHC2,0.5543948422659735,-0.016680439132194493,0.06390081232802962,-0.6074085326766842,-0.1452315618757439,-0.024233543135627523,-0.377690808302506
ZCCHC7,0.30306256481498506,0.10957289193941978,-0.2820025527571718,0.5670979310007636,-0.24736693628741185,1.322426920648001,-0.7971836205790425
ZCCHC8,0.45139498301721764,-0.05431760812297108,-0.18042159626948992,0.49486167998390224,-0.1475208379468014,0.1267556200234901,-0.5896362102632859
ZDHHC18,0.5724549565797082,0.0013875974549376641,0.16147785584720342,-0.5033842848875264,0.4545580495615396,-0.010295076368949196,0.5217522837619986
ZDHHC5,0.48252373722718644,0.10792021623414873,-0.054664084607557284,-0.05722167707406568,0.30493338234715023,-0.753095006780305,-0.7405899731912782
ZFAND2A,0.7346749046409417,-0.12127882485958477,0.1917599371891612,-0.6401356269550116,0.35504647991133265,-0.34477914636991724,0.8126948244072969
ZFP1,0.2935870210896886,-0.03364364005942946,-0.22899180165613617,-0.2618934872827905,0.31155331808140485,0.8648239261770658,-0.4866747427076019
ZFP30,0.4000486996396723,-0.007832207687719387,0.08768105219828884,0.08006271474301202,0.8497875999776205,0.36256640486911784,-0.6265104878305096
ZFP36,0.5904497212817758,0.020883749105563947,0.0661268333932317,0.1484476444169461,-0.6740512863325014,-0.41742411951026304,-1.1982223298693886
ZFP36L1,0.7001009077645918,0.02830191420470497,0.10349157440436477,0.1937974379526135,-0.6876530770175384,-0.2329642409099293,-0.9140480242251
ZFP64,0.38923667384204136,-0.011789071093960596,-0.06835916507980497,-0.056566465640476,0.527305161162635,-0.5501693071860471,-0.5903131450790732
ZFYVE1,0.5445849584900927,-0.10129292367547889,-0.15659982811402967,-0.4685382670751729,0.23052702238306738,0.19620311729233228,0.7735453725151302
ZKSCAN1,0.32845389818334025,-0.05791202558475508,-0.02425782969634682,-0.774439837520001,-0.10582186118655489,0.7543418860919961,1.2848324608016082
ZMYND11,0.4612668836507976,-0.008133039048487237,-0.0178260852359982,-0.15459313799752208,-0.03130110132564347,-0.659514705745595,-0.4299552527676676
ZNF134,0.3142360378101939,0.18185172555715756,0.18661966389192358,-0.6784364052420367,-0.011792783143723892,-0.5222578057935408,-0.6663731794210012
ZNF143,0.40449417562458767,-0.053040234742730924,0.05702578351196917,-0.055651916479115084,0.6658725390731733,0.8725935809147357,-0.4827862383553959
ZNF146,0.3880977294423141,0.029535792798626254,0.007918456801925,1.0138149801716934,-0.2211465958346701,-0.33334107494508464,-1.053444646325575
ZNF148,0.3005872307279483,0.01692657857543044,-0.03735628234757203,0.08750245525685844,0.2509794100701402,0.37108375929848936,-0.8144746102141932
ZNF205,0.25444661765914883,-0.015914491651877416,-0.1411997922019249,-0.13906918451605746,0.3640851836118081,0.472524345020382,-0.618810085052204
ZNF207,0.6299326842835116,-0.09167979735672087,0.039863560217549346,0.5315196609601804,-0.2385275348653401,0.036819064925590075,-1.2581204708856273
ZNF217,0.5789774112328233,0.008738516388821085,-0.027664694439059178,-0.6893755389892512,0.24914523852866632,0.7064250018180621,0.5794751718039692
ZNF24,0.4514501177565103,0.24818043596692307,-0.20808098948110335,-0.5371999081726057,0.15136100425356333,0.8025705054972945,-0.44111562047904557
ZNF277,0.4959941688509452,-0.013043680072671263,-0.1928898664588143,0.8435113439702384,0.15932646681042045,0.02682204065868507,-0.6764777891295233
ZNF283,0.39430171552892734,0.1406186750276061,-0.33236837575883144,-0.8803190857069059,-0.2606538345753633,-0.09824526001579988,0.3101980771844483
ZNF322,0.15863049674902235,0.13361096567902989,-0.03504846125574984,0.6940821305364302,-0.4967176218091798,0.6720398693688182,-0.9193924969219758
ZNF396,0.2656717611127289,0.27572608719291214,0.3177422860873261,0.29882606717938154,0.7302730172769989,0.5211369881607574,-0.5191753980336262
ZNF451,0.4330844839982604,0.002817887217658239,-0.10488331607311525,-0.5786752682752159,0.01742153149806572,-0.3300720393946511,-0.08203105923815757
ZNF507,0.3294428674975046,0.15442548233637513,0.2922165044221892,0.09548970738039941,-0.2957732112511042,0.12787424114293022,-0.416504918633287
ZNF518A,0.3066545572251391,0.13480324981656794,-0.4353331938285166,-0.14265240532865084,0.17318303222838838,-0.440655388906458,-0.1337885601415913
ZNF566,0.24617682703647767,-0.03128829339372513,-0.024976038865354096,-0.15213072361440086,0.27913251145283546,0.34313265040961005,0.7370052278545068
ZNF567,0.32573642138911724,0.023747161461054198,-0.027669468241554286,0.021080089424469036,0.6033079552894516,0.7737281885120281,-0.472189208545465
ZNF622,0.18747635193914788,0.15971165052587177,-0.02118652221170795,0.15282934364150613,0.30109790653975654,-1.138391225734771,-0.664538758915515
ZNF644,0.4399053724126884,0.09725519665989234,-0.1661630637966962,0.09733621746067345,-0.202078554109171,-0.15048470948037002,-0.7357348471649986
ZNF667,0.3907875317228482,0.026629191535556374,-0.051086503234461365,-0.6019782184978032,0.10672924085936675,0.15078231319427576,-0.8529919235742977
ZNF7,0.45179667989133,-0.10747622427654371,0.011720743552892422,-0.010818182117100178,0.6682967901954954,0.7639361797155988,0.9500577576311601
ZNF79,0.2526414907755788,-0.006826719330091519,0.15681362624941983,0.17288590439150828,0.5249020391829381,0.5172952425141152,0.7517240755053456
ZP2,0.9322863638862283,-0.16158031582414295,0.2797450811625693,0.13332092250595237,0.09796031594234869,0.27177630453277174,1.495775380420339
ZP3,1.0790096559209506,-0.21781071816868217,0.3040578543333563,0.24585401103948878,0.26483601954218094,0.5409057826639777,1.8536608185502723
ZP4,1.044475095985028,-0.17636153501744473,0.3874832683315763,0.06403448673075354,0.06385206535137519,0.476276495442545,1.745391375649686
ZSCAN26,0.459487703841828,-0.07098718607960706,0.06183482037057558,-0.28457990156653545,0.18875314087216627,0.3798756691474363,0.7562232029885932
ZW10,0.39371718849758847,0.01558323877107953,0.11888680047138593,-0.1102197768648957,0.6680861326641222,0.07436751861112859,-0.9364404738418864
ZWILCH,0.3363380008677675,0.03558867419581356,-0.37736021846628953,-0.5686313825967236,0.13314358717199723,0.477196123158155,-0.25817577170905265
ZYG11B,0.46277855851520905,0.0016601401960627449,0.2489303151072841,-0.359423618365833,0.3301773748537648,0.099016007894519,-0.2775096107488592
ZZZ3,0.2816249399243427,-0.11474213079706744,0.12963635998148992,-0.013900318624792851,0.3875490361215878,-0.4489034858043205,-0.8786859074213852
