,UMAP1_raw,UMAP2_raw,UMAP1_harmony,UMAP2_harmony
P10_AACAACCA,-1.3972322,7.035257,4.267804,11.942525
P10_AACCGAGA,-0.7889975,6.79812,4.4601555,12.2956085
P10_AACGCTTA,-0.0376096,5.599176,17.675905,0.0543775
P10_AACTCACC,6.0055795,6.2012334,7.612357,4.9990234
P10_AAGACGGA,-0.48043507,5.4143777,4.757466,12.392478
P10_AAGAGATC,-4.593367,7.7959247,9.883348,-6.596111
P10_AAGGACAC,7.0008016,5.8107805,7.1277766,6.069868
P10_AAGGTACA,-0.3824496,5.210275,9.042942,13.866597
P10_AATGTTGC,7.0634847,5.695279,7.0450373,6.201112
P10_ACAAGCTA,-0.21432184,4.6973443,18.239279,-1.7013758
P10_ACACAGAA,2.1274035,4.838014,7.114173,2.5346866
P10_ACACGACC,5.895489,6.202288,7.5289207,5.0555882
P10_ACAGCAGA,-1.315173,6.9268456,4.266249,11.915285
P10_ACCTCCAA,2.3020477,3.579633,6.7891417,2.41052
P10_ACGCTCGA,2.5864885,3.43113,6.4861865,2.3715594
P10_ACGTATCA,-0.059689052,5.1762853,17.798141,-0.88828474
P10_ACTATGCA,7.0335484,5.562228,6.926977,6.204039
P10_AGAGTCAA,-0.5067609,5.1266923,9.164978,13.910036
P10_AGATCGCA,0.21100032,7.497185,4.3539166,13.074358
P10_AGATGTAC,5.105631,6.6455684,8.008792,4.3948326
P10_AGCACCTC,5.7258525,6.3704424,7.7520905,4.8549356
P10_AGCAGGAA,0.9663344,6.0724983,17.590155,0.3172545
P10_AGCCATGC,5.5530705,6.465659,7.903192,4.724002
P10_AGGCTAAC,4.689946,6.806197,8.299638,4.0521836
P10_AGTACAAG,-0.4557903,5.0204263,9.035268,13.882072
P10_AGTCACTA,0.03966236,7.6166525,4.12865,12.9387245
P10_ATAGCGAC,5.972819,6.217068,7.5632014,5.132808
P10_ATCATTCC,2.705082,8.836556,-2.1805873,2.376936
P10_ATCCTGTA,7.1421614,5.6950746,7.0827394,6.214982
P10_ATTGAGGA,5.824267,5.8860126,7.293183,4.799814
P10_ATTGGCTC,4.9549966,6.9419537,8.143248,4.255714
P10_CAACCACA,0.21703143,7.539558,4.148731,13.104709
P10_CAAGGAGC,2.5595016,8.897588,-2.2522898,2.3371344
P10_CAATGGAA,6.1268635,5.98941,7.316059,5.2184763
P10_CACCTTAC,3.2351632,8.279845,4.8991075,3.0268533
P10_CACTTCGA,-4.875665,8.014287,5.722342,13.60341
P10_CAGCGTTA,6.439635,5.9122686,7.1912427,5.5380974
P10_CATACCAA,3.3036084,4.819541,7.238939,2.8486865
P10_CCAGTTCA,-0.05507871,7.85231,4.0694065,13.030417
P10_CCATCCTC,2.9148898,8.876501,-2.1498766,2.3716826
P10_CCGAAGTA,-5.0228477,7.7443795,5.3069324,13.396615
P10_CCGACAAC,2.3254607,8.84968,-2.335757,2.32534
P10_CCGTGAGA,3.9799643,6.9321036,8.385436,3.457603
P10_CCTAATCC,2.4879413,8.931021,-2.2816374,2.257668
P10_CCTCCTGA,4.777985,6.658212,8.2065735,4.097747
P10_CCTCTATC,3.534677,8.456952,4.8154163,2.9784393
P10_CGAACTTA,3.7552235,6.924654,8.344567,3.338578
P10_CGACTGGA,-1.3941597,7.339163,4.0989103,11.938226
P10_CGCATACA,-0.08612988,7.2244453,4.420654,12.66552
P10_CGCTGATC,-0.54742116,5.006194,9.041689,13.90639
P10_CTCAATGA,1.0618217,5.6876903,17.671547,0.30256584
P10_CTGAGCCA,6.5515876,6.0777955,7.2672586,5.5773993
P10_CTGGCATA,-0.5222086,5.153196,9.005095,13.97915
P10_CTGTAGCC,-0.62426305,5.1218104,9.139348,14.001102
P10_GAATCTGA,3.226426,4.4718494,6.9512095,2.7583973
P10_GACTAGTA,-0.45133585,5.132196,9.079385,14.068407
P10_GAGCTGAA,-0.28700364,7.870739,3.7785938,13.08549
P10_GATAGACA,-1.0863129,7.6543465,3.8250577,12.289095
P10_GCCACATA,-1.7001851,8.258892,3.268188,11.73175
P10_GCGAGTAA,-1.1036181,6.710571,4.435606,12.006406
P10_GCTAACGA,-1.8874769,9.479983,2.142713,11.843921
P10_GCTCGGTA,1.0144666,3.670215,17.982117,-2.272318
P10_GGAGAACA,-1.0619,6.6725497,4.475405,12.048532
P10_GGTGCGAA,6.102538,5.93991,7.2590218,5.207987
P10_GTACGCAA,1.5022435,3.351988,17.660791,-2.9901838
P10_TATCAGCA,5.9795885,6.021421,7.392926,5.0397573
P10_TCCGTCTA,6.5396957,6.011537,7.2088785,5.5345902
P10_TCTTCACA,4.9278207,7.027599,8.0543,4.153716
P10_TGAAGAGA,6.9243355,5.882908,7.1655784,5.923729
P10_TGGAACAA,-3.564204,6.798512,8.374068,3.0165946
P10_TGGCTTCA,-4.7456865,7.854946,9.787609,-6.4103203
P10_TGGTGGTA,-4.4909267,8.0795765,9.893304,-6.2749352
P10_TTCACGCA,4.3061633,6.9097204,8.316589,3.7461371
P11_AAGAGATC,4.4058332,1.0600251,-3.5252397,2.3016238
P11_AAGGACAC,3.9363618,1.41622,3.130652,15.512785
P11_AATCCGTC,0.44834787,9.216592,3.3099804,15.136475
P11_AATGTTGC,4.4054427,1.4508038,-3.2603276,2.5110595
P11_AGCACCTC,-0.2039616,9.652215,3.902585,15.668125
P11_AGCCATGC,2.6568947,8.544735,-2.7429423,2.3925679
P11_ATCATTCC,0.7095761,9.322519,3.0962496,15.173677
P11_ATTGGCTC,5.0684905,1.9901865,18.96755,11.334854
P11_CAAGGAGC,4.7742996,1.0254388,-3.9503725,2.3204563
P11_CACCTTAC,-0.4255242,9.72931,3.9892857,15.664113
P11_CCATCCTC,5.110049,4.136145,6.3713984,4.0989165
P11_CCGACAAC,5.1301475,3.1562219,5.7634344,3.4302518
P11_CCTAATCC,4.3101406,1.0781224,-3.4269023,2.3630972
P11_CCTCTATC,4.9887633,4.0069394,6.202154,3.914673
P11_CGACACAC,5.227256,1.5941145,-4.3107724,2.5952938
P11_CGCATACA,7.054332,5.6388545,6.9691825,6.0985136
P11_CGGATTGC,4.734031,0.9977257,-3.8856413,2.2326458
P11_CTCAATGA,5.0720778,3.1211455,5.786861,3.3850474
P11_CTGGCATA,5.2241454,1.9783857,-4.2319603,2.6867597
P11_GAACAGGC,0.5721243,9.308184,3.2022839,15.255988
P11_GACAGTGC,4.9422097,3.9612217,6.2545037,3.8097038
P11_GACTAGTA,4.751883,1.4510694,-3.6172762,2.5777533
P11_GAGCTGAA,5.3228545,2.4656253,19.047232,11.245069
P11_GAGTTAGC,0.7079292,9.463864,3.0645108,15.425067
P11_GATAGACA,4.773108,1.4921186,-3.8010306,2.5915828
P11_GATGAATC,5.3597836,2.6885028,19.066227,11.22214
P11_GCCAAGAC,4.5970893,1.0268369,-3.714449,2.309803
P11_GCCACATA,4.872856,1.2250625,-3.821745,2.4006398
P11_GCGAGTAA,5.1857624,1.7972759,-4.118711,2.7074552
P11_GCTAACGA,-0.43692476,9.715139,3.9852223,15.796173
P11_GCTCGGTA,4.4047613,1.5436739,-3.2964942,2.484499
P11_GGAGAACA,3.9920118,1.3194457,3.29602,15.592635
P11_GGTGCGAA,4.21872,1.0885584,3.1797073,15.272537
P11_GTACGCAA,5.009356,1.830294,-3.9947245,2.7318974
P11_GTCGTAGA,3.9665012,1.5724224,3.1958177,15.561686
P11_GTCTGTCA,5.058457,2.7016861,5.835026,3.3671818
P11_GTGTTCTA,-0.2901671,9.822187,3.9435868,15.875111
P11_TATCAGCA,0.03543228,9.810768,3.6610377,15.807447
P11_TCCGTCTA,0.5527152,9.565753,3.1935596,15.475944
P11_TGAAGAGA,0.43174782,9.790745,3.1737406,15.603964
P11_TGGAACAA,4.186852,1.4424702,-3.2885451,2.549516
P11_TGGCTTCA,5.0594645,3.5963342,5.9360523,3.714455
P11_TGGTGGTA,5.0398607,1.8624426,18.929295,11.382295
P11_TTCACGCA,4.342989,0.9906615,-3.6316335,2.2277575
P12_AAACATCG,4.985995,1.2768245,-3.8464506,2.4551477
P12_AACAACCA,4.280191,1.3565209,-3.33575,2.4094653
P12_AACCGAGA,5.345606,1.5266961,-4.235525,2.5310159
P12_AACGCTTA,4.225367,0.98234326,3.1124506,15.369358
P12_AACGTGAT,0.5000533,9.897107,3.2739398,15.708158
P12_AACTCACC,5.123648,3.4312582,5.854882,3.6422715
P12_AAGACGGA,4.5446715,0.98144,-3.5837235,2.2212577
P12_AAGAGATC,-0.40408805,9.836379,3.9302745,15.877859
P12_AAGGACAC,4.9862657,1.4079372,-3.8635614,2.5924432
P12_AAGGTACA,0.11171229,9.511468,3.624763,15.457775
P12_AATCCGTC,0.25899497,9.889422,3.2197447,15.695357
P12_AATGTTGC,5.030785,3.8477638,6.1408334,3.8627002
P12_ACAAGCTA,3.891853,1.5099262,3.2263813,15.732058
P12_ACACAGAA,4.641072,1.8673134,18.866932,11.438137
P12_ACACGACC,4.2723637,1.2078792,-3.374781,2.3009965
P12_ACAGATTC,4.688632,1.061499,-3.79678,2.2406063
P12_ACAGCAGA,2.5383031,8.758302,-2.3880646,2.2958837
P12_ACATTGGC,5.1902866,3.0148327,5.8732057,3.336086
P12_ACCACTGT,4.951601,3.6862614,6.0005727,3.7703903
P12_ACCTCCAA,5.4065037,2.7031355,5.769078,3.3985445
P12_ACGCTCGA,5.3618903,2.822411,5.7550855,3.4111261
P12_ACGTATCA,5.3645067,2.7017899,19.04977,11.241779
P12_ACTATGCA,6.5787086,5.9630895,7.372833,5.7136154
P12_AGATCGCA,5.0660257,3.1509256,5.830013,3.4311883
P12_AGATGTAC,4.4493127,1.0855484,-3.4399087,2.36521
P12_AGCACCTC,5.082885,1.3103462,-4.133829,2.5584505
P12_AGCAGGAA,0.63257515,9.6165085,3.1912236,15.456253
P12_AGCCATGC,5.2848783,1.6254494,-4.163947,2.6768568
P12_AGGCTAAC,0.36053595,9.952164,3.4028416,15.84637
P12_AGTACAAG,4.6140256,0.9848033,-3.678654,2.23404
P12_AGTCACTA,-0.5271075,9.701555,4.0463586,15.847808
P12_AGTGGTCA,4.563108,1.2815611,-3.4228306,2.4425783
P12_ATAGCGAC,0.6159589,9.504686,3.1132052,15.40455
P12_ATCATTCC,0.25009298,9.700498,3.2019107,15.620896
P12_ATCCTGTA,4.683252,1.3679751,-3.5320551,2.4535196
P12_ATGCCTAA,0.40058067,9.910113,3.2219388,15.707984
P12_ATTGAGGA,0.14141308,9.921101,3.5862925,15.816888
P12_ATTGGCTC,5.2815814,1.4925865,-4.2482557,2.564935
P12_CAACCACA,4.1473866,1.1039748,-3.4261708,2.2185674
P12_CAAGACTA,5.033858,3.5425894,5.93608,3.6678329
P12_CAAGGAGC,5.0830493,1.1751397,-3.9979203,2.3862915
P12_CAATGGAA,5.2898912,1.7280213,-4.1985235,2.733701
P12_CACCTTAC,0.30756,9.805651,3.35501,15.6853075
P12_CACTTCGA,0.5017473,9.714235,3.3174887,15.633502
P12_CAGCGTTA,7.028234,5.707605,6.9245534,6.132797
P12_CATCAAGT,5.0534964,4.104507,6.1462884,4.0506907
P12_CCAGTTCA,0.5429534,9.792424,3.1770222,15.566745
P12_CCATCCTC,4.962903,3.6356564,5.97672,3.6361568
P12_CCGAAGTA,4.890379,1.0856481,-3.769225,2.3972666
P12_CCGACAAC,0.12729074,9.830966,3.374165,15.800106
P12_CCGTGAGA,4.171739,0.9780342,-3.4936385,2.2289805
P12_CCTAATCC,0.42709905,9.85256,3.1279655,15.680739
P12_CCTCCTGA,5.1429424,3.0020044,5.653557,3.2843595
P12_CCTCTATC,5.0880475,1.4318733,-4.0807805,2.636111
P12_CGAACTTA,0.42213294,9.790633,3.2220707,15.659658
P12_CGACACAC,5.915896,5.7887297,7.0553246,4.8641644
P12_CGACTGGA,-0.23673718,9.826505,3.8196528,15.810248
P12_CGCTGATC,0.24294262,9.563029,3.4038818,15.43369
P12_CGGATTGC,5.2574487,1.4975381,-4.2224393,2.5099576
P12_CTAAGGTC,5.0273085,1.1483289,-3.926114,2.4864287
P12_CTCAATGA,5.323446,1.6449218,-4.2853794,2.6644125
P12_CTGAGCCA,4.4454923,1.0021517,-3.581595,2.239154
P12_CTGGCATA,-0.60308486,9.727167,4.099547,15.738503
P12_CTGTAGCC,5.275025,2.3349137,18.890444,11.410578
P12_GAACAGGC,4.494095,1.1572986,-3.5900896,2.3434558
P12_GAATCTGA,5.115988,3.001173,5.7993264,3.2939093
P12_GACAGTGC,5.3392034,2.1835732,-4.310302,2.7130032
P12_GACTAGTA,0.35307467,9.894117,3.2771268,15.768113
P12_GAGCTGAA,0.7250173,9.61759,3.0367837,15.575624
P12_GAGTTAGC,4.288648,1.1419321,-3.4622114,2.2295222
P12_GATAGACA,-0.15680356,9.80717,3.7922406,15.80734
P12_GATGAATC,4.917025,1.6551973,-3.6550972,2.663842
P12_GCCAAGAC,5.015419,4.005768,6.1571226,4.0039415
P12_GCCACATA,0.451581,9.687113,3.221114,15.527556
P12_GCGAGTAA,0.62337697,9.424293,3.0894988,15.259245
P12_GCTAACGA,7.1573863,5.5369973,6.866763,6.3012705
P12_GCTCGGTA,5.211379,1.3849474,-4.17644,2.4717028
P12_GGAGAACA,0.4675989,9.757004,3.285309,15.725727
P12_GGTGCGAA,-0.058797866,9.760424,3.7222397,15.801608
P12_GTACGCAA,4.9044886,4.1124053,6.151941,3.888227
P12_GTCGTAGA,2.5477512,8.769984,-2.4742677,2.3242369
P12_GTCTGTCA,2.9443793,8.502998,4.662787,2.89371
P12_GTGTTCTA,2.7062528,8.672756,-2.525458,2.3690531
P12_TAGGATGA,2.5169787,8.803986,-2.5119584,2.4014723
P12_TATCAGCA,2.57382,8.732558,-2.5351787,2.3135989
P12_TCCGTCTA,2.7835202,8.622471,-2.6875503,2.407028
P12_TCTTCACA,2.5214174,8.757407,-2.439624,2.338789
P12_TGAAGAGA,3.1687093,8.351039,4.7348733,2.9449959
P12_TGGAACAA,-0.4408631,9.835416,4.0520687,15.898564
P12_TGGTGGTA,-0.0700372,9.939838,3.7282608,15.874777
P12_TTCACGCA,5.0589876,3.9900334,6.1559877,4.044303
P13_AAACATCG,5.3867636,2.8669007,5.7762885,3.617142
P13_AACAACCA,4.645854,1.3941619,-3.6485164,2.4909377
P13_AACGCTTA,4.9744925,1.8891573,18.971071,11.35343
P13_AACGTGAT,5.469877,2.593737,19.029545,11.258859
P13_AACTCACC,6.8347406,8.413248,9.489525,5.5245695
P13_AAGACGGA,5.1254373,1.9485087,18.917553,11.3974905
P13_AAGAGATC,7.6869874,9.964618,-0.018034073,-6.216549
P13_AAGGACAC,7.7246003,9.951503,0.101971835,-6.248215
P13_AAGGTACA,5.221786,1.9297076,18.798576,11.521878
P13_AATGTTGC,6.609074,6.919365,8.24931,5.717668
P13_ACAAGCTA,-0.3859198,9.791498,4.059813,15.840488
P13_ACACAGAA,4.721672,1.3302008,-3.8337579,2.4940295
P13_ACAGATTC,7.0063143,8.6265335,9.5433655,5.603889
P13_ACAGCAGA,4.3273854,0.8545628,3.2892213,14.967377
P13_ACATTGGC,5.2506714,3.314869,6.0021186,3.6705515
P13_ACCACTGT,5.4891944,2.830035,5.7586417,3.481834
P13_ACCTCCAA,4.8949037,3.5533216,6.0503764,3.5065103
P13_ACGCTCGA,4.987825,3.205543,5.781092,3.2928338
P13_AGAGTCAA,5.053169,1.9056906,18.920864,11.471184
P13_AGATCGCA,5.2616863,1.8546582,-4.199844,2.6967313
P13_AGATGTAC,7.677258,9.413383,9.557157,5.7462096
P13_AGCACCTC,7.797542,10.137716,0.026732165,-6.1568356
P13_AGCAGGAA,4.3863416,0.85893834,3.2365658,15.052073
P13_AGCCATGC,6.7416263,6.5306544,7.82801,5.9166155
P13_AGTACAAG,4.6580973,1.4046165,-3.6332057,2.5318565
P13_AGTCACTA,4.8667936,1.6747301,18.816172,11.5095
P13_ATTGAGGA,4.033404,1.1313221,3.180704,15.244519
P13_CAACCACA,4.2551517,1.0384114,3.3582346,14.831659
P13_CAAGACTA,4.958071,3.3232372,5.8538146,3.425374
P13_CAATGGAA,4.9697633,2.0613446,18.948812,11.368212
P13_CACTTCGA,4.4161634,1.0720888,-3.559194,2.4150877
P13_CAGATCTG,5.28422,2.409745,19.126215,11.162263
P13_CATACCAA,5.1228037,2.3294477,18.904121,11.407422
P13_CATCAAGT,6.286232,6.2562175,7.609457,5.433038
P13_CCAGTTCA,5.096532,1.7533581,18.906933,11.462685
P13_CCGAAGTA,0.7146514,8.070004,3.515305,14.532147
P13_CCGACAAC,6.5957484,7.7768106,9.052906,5.4982624
P13_CCGTGAGA,5.3770466,2.748361,18.954754,11.240916
P13_CCTCCTGA,4.9920306,3.193717,5.7444906,3.3007379
P13_CGAACTTA,5.0679655,3.202925,5.7949314,3.4042284
P13_CGACACAC,8.249466,10.572971,-0.65208626,-5.5484333
P13_CGCTGATC,4.95755,2.0551522,18.980242,11.33674
P13_CGGATTGC,7.624841,10.149595,0.22866416,-6.304787
P13_CTAAGGTC,8.227896,10.582161,-0.82717776,-5.650172
P13_CTCAATGA,5.3643484,2.6219115,19.08932,11.190404
P13_CTGAGCCA,4.8128753,2.1667511,18.893028,11.419819
P13_CTGGCATA,4.6898546,2.147405,18.937885,11.372395
P13_CTGTAGCC,5.186329,2.504354,19.142069,11.150415
P13_GAACAGGC,8.029994,10.55955,-0.8306841,-6.031839
P13_GAATCTGA,5.4982357,2.707071,19.157919,11.121967
P13_GACAGTGC,7.703256,10.344306,-0.08249835,-6.3027563
P13_GACTAGTA,4.912589,2.2018902,18.744377,11.569822
P13_GAGCTGAA,4.7449164,2.172486,18.850681,11.465488
P13_GAGTTAGC,8.041401,10.633343,-0.85683453,-5.9084015
P13_GATAGACA,7.3770227,8.083545,9.0431595,6.2506266
P13_GATGAATC,7.941875,10.5004,-0.73269564,-6.1110597
P13_GCCACATA,6.787789,6.664931,8.097628,5.9889207
P13_GCGAGTAA,11.333551,10.706283,9.46524,10.941916
P13_GCTAACGA,11.712933,10.298306,9.468915,10.176236
P13_GCTCGGTA,11.643209,10.400612,9.402492,10.271188
P13_GGAGAACA,11.317183,10.735711,9.4158325,11.017796
P13_GGTGCGAA,11.316824,10.724735,9.453743,11.044263
P13_GTACGCAA,6.8672705,6.501519,7.991689,6.111248
P13_GTCGTAGA,6.6838174,7.7171807,8.872629,5.6962852
P13_GTCTGTCA,7.0433793,8.39473,9.467393,5.5164847
P13_TAGGATGA,6.862087,8.272557,9.404545,5.5137057
P13_TATCAGCA,7.7744427,10.360226,-0.24299392,-6.0584574
P13_TGGAACAA,7.7542896,9.76627,0.33800343,-6.499459
P13_TGGCTTCA,7.4638495,9.659162,0.504171,-6.546313
P13_TTCACGCA,6.886347,8.221964,9.357957,5.6381273
P14_AAACATCG,8.121179,10.664606,-0.95594174,-5.864517
P14_AACGTGAT,8.181403,10.713502,-0.8561709,-5.441049
P14_AACTCACC,3.9595578,10.949609,2.4742851,-3.8392372
P14_AAGAGATC,3.7823644,11.739656,1.7875901,-3.165916
P14_AAGGACAC,3.7443018,11.5036545,2.214419,-3.2376802
P14_AAGGTACA,4.3464475,10.508497,2.9707417,-4.360845
P14_AATCCGTC,-4.694605,4.098729,-0.35935357,-3.3819087
P14_AATGTTGC,4.60165,9.283736,2.894094,-5.443733
P14_ACACAGAA,3.89283,11.272971,2.4112177,-3.3586168
P14_ACACGACC,6.8650436,5.6556487,7.1102076,5.979637
P14_ACAGATTC,-4.6216207,4.147645,-0.37097487,-3.4464474
P14_ACAGCAGA,5.7026978,7.2642894,8.622287,4.8667474
P14_ACATTGGC,8.001015,10.641981,-0.94085306,-5.8639708
P14_ACCACTGT,7.437,10.094487,0.037559945,-6.361899
P14_ACCTCCAA,4.74615,8.984888,9.224537,4.1298914
P14_ACGCTCGA,-3.5476475,4.4385953,2.2718303,-6.287825
P14_ACGTATCA,3.7297573,11.747612,1.8144302,-3.0800748
P14_AGAGTCAA,5.4654517,7.405903,8.806654,4.7407146
P14_AGATCGCA,4.276593,10.899331,2.8639388,-3.8042524
P14_AGATGTAC,4.2252364,10.615131,2.8010352,-4.248966
P14_AGCAGGAA,4.2046432,11.045696,2.735476,-3.6981394
P14_AGCCATGC,4.358351,10.349078,3.019647,-4.39938
P14_AGGCTAAC,4.0530257,10.886718,2.50107,-3.7591503
P14_AGTCACTA,3.775244,11.41681,2.1921208,-3.277226
P14_AGTGGTCA,8.235764,10.704129,-0.9553318,-5.5238295
P14_ATAGCGAC,3.6585054,11.560996,2.0931022,-3.1288116
P14_ATCATTCC,-4.7998195,4.152655,-0.43493646,-3.2707841
P14_ATCCTGTA,4.7019544,8.861146,9.104676,4.077133
P14_ATGCCTAA,8.175251,10.746202,-0.96126115,-5.684725
P14_ATTGAGGA,4.0589547,10.939326,2.2580962,-3.8322716
P14_ATTGGCTC,3.7269235,11.477547,2.194107,-3.183097
P14_CAACCACA,4.015204,10.79728,2.3977075,-3.9965932
P14_CAAGACTA,4.635606,9.34904,2.9721885,-5.473907
P14_CAAGGAGC,4.3993673,9.447309,2.7531245,-5.0297046
P14_CAATGGAA,4.2272863,10.785478,2.751026,-3.938724
P14_CACCTTAC,4.2949114,10.569768,2.915177,-4.257718
P14_CAGATCTG,7.364366,9.936746,0.67733204,-6.347076
P14_CATACCAA,4.3620877,10.4927,2.9333389,-4.362056
P14_CATCAAGT,6.6132445,8.995491,1.6031779,-6.3562913
P14_CCAGTTCA,3.7420735,11.481656,2.1295314,-3.141464
P14_CCGAAGTA,4.368268,10.78445,2.9901512,-3.8885198
P14_CCGACAAC,3.742968,11.736675,1.8355101,-3.1401093
P14_CCGTGAGA,-5.021333,4.206128,-0.14879942,-3.2751713
P14_CCTAATCC,4.174739,10.974477,2.6195674,-3.8164074
P14_CCTCCTGA,6.5141745,6.517715,7.8102393,5.637931
P14_CCTCTATC,3.93507,11.13957,2.3545241,-3.4691792
P14_CGAACTTA,3.7511942,11.5713005,2.0740037,-3.146298
P14_CGACACAC,4.694545,9.578288,2.955572,-5.2610564
P14_CGACTGGA,-4.4667,4.1588845,-0.4350895,-3.636128
P14_CGCATACA,4.2825775,10.964242,2.807786,-3.712303
P14_CGCTGATC,6.687726,9.568392,1.7425282,-6.1416245
P14_CGGATTGC,4.7781425,9.039602,2.9843369,-5.778865
P14_CTAAGGTC,5.141267,7.8048725,9.00987,4.371712
P14_CTGAGCCA,3.638799,11.692014,1.435644,-3.1767454
P14_GAACAGGC,4.913921,6.2703166,8.82363,4.327687
P14_GAATCTGA,5.2291875,6.024687,8.402323,4.5558867
P14_GACAGTGC,3.7791922,11.417891,2.1998527,-3.2663326
P14_GACTAGTA,3.6186528,11.502301,2.155232,-3.185011
P14_GAGCTGAA,4.2688646,10.920964,2.7160585,-3.8281457
P14_GAGTTAGC,3.9967306,11.187973,2.4731889,-3.3826795
P14_GATAGACA,-4.919624,4.1765175,-0.29525176,-3.3010302
P14_GATGAATC,4.17647,10.844763,2.8153176,-3.8400817
P14_GCCAAGAC,4.74122,9.094692,3.068515,-5.726748
P14_GCCACATA,4.1231003,11.151669,2.7463527,-3.5164208
P14_GCGAGTAA,-4.6353693,4.1786814,-0.51200265,-3.5138378
P14_GCTAACGA,3.6814682,11.583064,2.094613,-3.1850724
P14_GGAGAACA,4.006794,11.314344,2.561495,-3.4049575
P14_GGTGCGAA,3.9968138,11.229446,2.495267,-3.3147032
P14_GTACGCAA,4.499983,10.1105,2.9790196,-4.553685
P14_GTCGTAGA,4.760844,8.686942,3.040244,-5.862127
P14_GTCTGTCA,4.064074,11.25032,2.6026013,-3.4046
P14_GTGTTCTA,4.1466656,10.904595,2.5224292,-3.92378
P14_TAGGATGA,-4.7108364,4.2173986,-0.4106692,-3.4388607
P14_TATCAGCA,-4.6446333,4.1211977,-0.47054544,-3.397597
P14_TCCGTCTA,-4.881801,4.152619,-0.38952243,-3.3217964
P14_TCTTCACA,-4.0865407,4.1794105,0.010529994,-4.227623
P14_TGAAGAGA,-4.3439837,4.198038,-0.2586466,-3.7477658
P14_TGGAACAA,3.7267191,11.690318,1.7283611,-3.0283542
P14_TGGCTTCA,3.6599805,11.560749,2.126875,-3.1498547
P14_TGGTGGTA,3.860281,11.84796,1.711496,-3.3031087
P14_TTCACGCA,3.7076373,11.659954,1.7885911,-3.2447622
P15_AAACATCG,4.621283,9.729176,3.0245638,-5.0066934
P15_AACAACCA,4.8119097,8.776289,9.142408,4.150225
P15_AACCGAGA,4.713872,9.414951,2.9233358,-5.395706
P15_AACGCTTA,4.4300437,10.090137,2.9151282,-4.6439896
P15_AACGTGAT,4.7664394,9.357596,3.0850582,-5.5377836
P15_AACTCACC,-2.1857102,7.257354,3.9546907,10.99428
P15_AAGACGGA,-3.6832335,4.3034654,2.453642,-6.405735
P15_AAGAGATC,-2.3114824,7.9585185,3.3138258,10.803726
P15_AAGGACAC,-2.0943978,6.7969046,4.3606296,11.151013
P15_AAGGTACA,6.0460153,8.032018,9.311863,4.866341
P15_AATCCGTC,-1.9133506,6.8568015,4.359992,11.285821
P15_AATGTTGC,2.4361737,3.7836878,6.7210536,2.4280267
P15_ACACAGAA,-4.2237825,4.294056,-0.2704907,-3.7854338
P15_ACACGACC,-2.0782852,9.355783,2.083088,11.493301
P15_ACAGATTC,-2.1997867,7.4971747,3.7928329,10.914214
P15_ACAGCAGA,-3.7630002,4.3687453,2.2992752,-6.40953
P15_ACATTGGC,4.8409886,8.872219,3.0279868,-5.8808746
P15_ACCACTGT,4.655726,9.23686,2.9855788,-5.622308
P15_ACCTCCAA,-3.8012993,4.309262,2.2559254,-6.3617463
P15_ACTATGCA,6.916114,5.652939,7.1746144,6.04351
P15_AGAGTCAA,-4.3126917,4.230114,-0.3970476,-3.7130322
P15_AGATCGCA,6.3105807,8.689954,9.593062,4.6400137
P15_AGATGTAC,-2.1447499,9.483625,1.9843751,11.60061
P15_AGCACCTC,-2.3541684,8.249367,2.9624186,10.782223
P15_AGCCATGC,-2.3501627,7.7019234,3.646197,10.605982
P15_AGGCTAAC,-0.8947877,5.397096,9.205482,14.177969
P15_AGTACAAG,4.629561,9.870839,3.067229,-4.9519644
P15_AGTCACTA,-4.0603995,4.197731,-0.23502798,-3.9886658
P15_AGTGGTCA,5.254406,7.5120096,8.884344,4.571198
P15_ATAGCGAC,-2.3169668,8.975992,2.399313,11.021444
P15_ATCATTCC,-2.0524552,9.495241,1.8968686,11.699843
P15_ATCCTGTA,4.665854,9.102737,2.5956068,-5.4453416
P15_ATGCCTAA,5.02554,7.9021277,9.051357,4.240128
P15_ATTGAGGA,3.7758687,11.578674,1.8123933,-3.1694522
P15_ATTGGCTC,-2.2920067,8.888055,2.358373,11.158133
P15_CAACCACA,3.7380137,11.506249,1.9963198,-3.0371206
P15_CAAGGAGC,-2.2493064,7.424668,3.8467727,10.796638
P15_CACCTTAC,-2.2544544,8.842128,2.3522124,11.146563
P15_CACTTCGA,5.667737,7.285099,8.829799,4.840517
P15_CAGATCTG,4.7742214,9.48782,3.023602,-5.3758826
P15_CATCAAGT,4.641692,9.441142,2.9948537,-5.495017
P15_CCATCCTC,-1.3744519,5.7924323,9.028449,14.3715105
P15_CCGAAGTA,5.349552,7.444944,8.772552,4.58646
P15_CCGACAAC,-2.3232174,8.769535,2.4988985,11.030279
P15_CCTAATCC,-2.1184082,8.814445,2.5228434,11.23479
P15_CCTCTATC,-1.5745369,6.2760515,4.603837,11.620786
P15_CGAACTTA,4.735046,8.952577,2.7876096,-5.7801065
P15_CGACACAC,-2.0671756,8.991073,2.3999932,11.40765
P15_CGACTGGA,7.0965934,5.7948675,7.1932106,6.10449
P15_CGCTGATC,5.080177,6.2922406,8.404274,4.622263
P15_CGGATTGC,-2.050508,9.360651,2.114995,11.646731
P15_CTAAGGTC,-2.1622856,7.2634397,3.9777944,10.956673
P15_CTCAATGA,6.2191215,6.605484,7.959985,5.4232235
P15_CTGTAGCC,4.5707073,9.932522,3.0244231,-4.823489
P15_GAACAGGC,-2.197611,8.788904,2.4884675,11.1981325
P15_GACAGTGC,-1.8491824,6.5101357,4.5600085,11.370953
P15_GAGTTAGC,-2.3705916,8.984004,2.401786,11.227274
P15_GATAGACA,-2.0207946,6.957183,4.121037,11.215456
P15_GATGAATC,-2.3757656,8.458018,2.7896879,10.780144
P15_GCCAAGAC,-2.2956598,7.6983795,3.5613725,10.7100935
P15_GCCACATA,-2.2949052,8.713907,2.5712667,10.986375
P15_GCGAGTAA,-2.0385823,6.5709777,4.5187254,11.132904
P15_GCTAACGA,-2.0511067,6.792675,4.344484,11.142991
P15_GCTCGGTA,-2.3114374,7.6944647,3.537069,10.577178
P15_GGAGAACA,-2.3519585,7.6435375,3.5480075,10.688885
P15_GGTGCGAA,-2.2937129,7.5638685,3.677652,10.636997
P15_GTACGCAA,-1.0745499,5.483741,9.196603,14.259376
P15_GTCGTAGA,-2.0130022,9.459437,1.9169656,11.654723
P15_GTCTGTCA,-2.166195,9.326006,1.9716532,11.591616
P15_TAGGATGA,-2.2436182,9.23286,2.201407,11.307878
P15_TATCAGCA,-2.0370457,9.51673,1.9685122,11.690329
P15_TCCGTCTA,-2.1070976,9.518993,2.01387,11.62023
P15_TCTTCACA,-2.0176556,9.493346,1.975634,11.644694
P15_TGAAGAGA,-2.2782834,7.159747,3.8991277,10.787686
P15_TGGAACAA,-2.3150613,7.8248816,3.4278164,10.679543
P15_TGGCTTCA,-2.3706048,8.544486,2.672444,10.947627
P15_TGGTGGTA,-2.1645503,9.006103,2.3608298,11.295233
P15_TTCACGCA,-2.3474548,8.714056,2.5439258,11.062962
P16_AAACATCG,-2.2000654,8.781805,2.594141,11.271097
P16_AACAACCA,-1.1276606,5.7128344,4.735001,11.935157
P16_AACCGAGA,-2.2999403,7.686199,3.6034694,10.765592
P16_AACGCTTA,-2.034511,6.621025,4.3372707,11.161561
P16_AACGTGAT,-2.014211,9.42606,2.011197,11.696795
P16_AACTCACC,6.3841114,5.8510194,7.181652,5.501919
P16_AAGACGGA,-2.3631582,7.497078,3.7800481,10.624725
P16_AAGAGATC,-4.542965,7.1923504,-1.2725916,2.4477985
P16_AAGGACAC,3.5233681,6.2891164,9.246151,3.0474155
P16_AAGGTACA,-1.984821,6.677593,4.3825135,11.196832
P16_AATCCGTC,-5.4296618,6.2261357,10.716794,-8.396358
P16_AATGTTGC,4.355255,6.2607694,8.8836975,3.742576
P16_ACAAGCTA,-2.1000843,8.633877,2.705745,11.180051
P16_ACACAGAA,-2.1925023,7.8943715,3.3072124,10.911694
P16_ACACGACC,3.4104397,6.523013,8.918902,3.0056458
P16_ACAGATTC,-4.253795,5.8764462,9.953598,-7.9045653
P16_ACAGCAGA,-1.856332,6.3501806,4.5290074,11.324655
P16_ACATTGGC,-1.9883041,7.4332256,3.887014,11.132995
P16_ACCACTGT,-1.8039306,7.095099,4.2183843,11.491542
P16_ACGCTCGA,-1.5833347,6.0658054,4.6819634,11.508519
P16_ACGTATCA,-2.2948685,8.761594,2.4145656,11.004664
P16_ACTATGCA,5.498154,5.5988226,7.1008205,4.6258345
P16_AGAGTCAA,-2.1804116,7.4542456,3.6539583,10.705069
P16_AGATCGCA,-2.1201267,9.447236,2.0667582,11.650277
P16_AGATGTAC,5.049242,6.21433,8.022301,4.256513
P16_AGCACCTC,4.704373,6.124911,8.407761,3.9444282
P16_AGCAGGAA,-2.1612208,9.022435,2.2866366,11.342844
P16_AGCCATGC,-4.6690235,7.828224,9.840461,-6.426742
P16_AGGCTAAC,-3.9372613,5.9929023,9.712614,-7.888887
P16_AGTACAAG,5.2597733,5.536094,7.273523,4.448829
P16_AGTCACTA,-1.9161888,8.805274,2.6916225,11.48444
P16_AGTGGTCA,-2.0529823,9.495124,1.9312927,11.644682
P16_ATAGCGAC,-4.427065,5.9460087,10.064548,-7.938465
P16_ATCATTCC,-4.3980694,7.255456,-1.2930504,2.4245958
P16_ATCCTGTA,-1.8395272,6.5772953,4.706833,11.4115305
P16_ATGCCTAA,-1.5836383,6.7339387,4.5690727,11.691266
P16_ATTGAGGA,-2.1232793,7.516255,3.8649597,10.974657
P16_ATTGGCTC,-5.1588707,9.188148,5.898396,14.138664
P16_CAACCACA,-2.1152205,7.6078677,3.8085945,10.998305
P16_CAAGACTA,-0.9992868,5.5115676,9.202497,14.39968
P16_CAAGGAGC,-2.0456133,9.3499565,2.093078,11.57024
P16_CAATGGAA,-1.452464,5.9262366,8.979959,14.433359
P16_CACCTTAC,-4.479468,9.705152,5.4709325,14.71854
P16_CACTTCGA,-1.902338,6.3717294,4.665689,11.345691
P16_CAGATCTG,-2.1641548,7.4295154,3.847629,10.914812
P16_CAGCGTTA,2.6116073,3.8536785,6.7966647,2.4688187
P16_CATACCAA,-1.8274285,6.2695475,4.5788074,11.174866
P16_CATCAAGT,0.22324334,4.042226,18.295507,-2.1795866
P16_CCAGTTCA,-1.9596188,6.4682283,4.466132,11.118503
P16_CCATCCTC,-4.833773,9.547449,5.765573,14.513888
P16_CCGAAGTA,5.1468916,5.2232366,7.0649033,4.29313
P16_CCGACAAC,-5.259874,8.922549,5.938497,13.934176
P16_CCGTGAGA,-1.5992796,5.8349733,8.930201,14.523904
P16_CCTAATCC,-1.9704506,9.30402,2.182589,11.630554
P16_CCTCCTGA,-1.561791,5.8951006,8.927701,14.574772
P16_CCTCTATC,-4.8404922,9.562111,5.781019,14.598284
P16_CGAACTTA,-2.0746217,7.388573,3.8411396,10.8145275
P16_CGACTGGA,-2.0339563,6.419292,4.400868,11.2525215
P16_CGCATACA,-1.861283,6.3101516,4.525602,11.23739
P16_CGCTGATC,-1.9639304,8.640839,2.725635,11.326497
P16_CTCAATGA,-1.4245453,5.7456584,8.971162,14.484929
P16_CTGAGCCA,6.4781513,5.673015,6.917502,5.4729943
P16_CTGGCATA,-2.3408945,7.640813,3.7422538,10.529201
P16_CTGTAGCC,-1.5309526,6.000238,8.97419,14.459194
P16_GAATCTGA,-1.5069247,5.7981095,8.946322,14.5820265
P16_GACTAGTA,-1.754539,6.029282,8.97495,14.641667
P16_GAGCTGAA,-1.558196,5.786724,9.02414,14.553743
P16_GATAGACA,3.929163,6.159205,9.294003,3.2337995
P16_GCCACATA,-5.9121966,6.40898,11.355335,-8.973788
P16_GCTCGGTA,3.7029848,6.2453117,9.308949,3.1609132
P16_GGAGAACA,-6.08299,6.6997333,11.573266,-9.018494
P16_GGTGCGAA,-6.009523,6.6057825,11.424725,-9.025747
P16_GTACGCAA,4.074582,6.716162,8.746678,3.4909039
P16_GTCGTAGA,-1.9122205,7.0811477,5.4553,12.788253
P16_GTGTTCTA,-4.36116,5.7722,9.864999,-7.9688215
P16_TAGGATGA,-5.9288497,6.4182787,11.433311,-9.052469
P16_TATCAGCA,-6.200929,6.7862954,11.6433115,-9.134077
P16_TCCGTCTA,-6.0926905,6.951276,11.756299,-9.162854
P16_TCTTCACA,-5.8597527,6.5952234,11.372894,-8.936251
P16_TGAAGAGA,-5.4963155,6.182229,10.930161,-8.542521
P16_TGGAACAA,-5.9816008,6.4705043,11.484901,-8.925111
P16_TGGCTTCA,-3.457546,5.9530234,9.435727,-7.936235
P16_TGGTGGTA,3.6113558,6.745272,8.970095,2.8964489
P16_TTCACGCA,3.5835574,6.3436713,9.190024,2.9810364
P1_AAACATCG,11.302281,10.771078,9.516279,11.0009365
P1_AACAACCA,8.314845,9.246783,9.522958,6.775175
P1_AACCGAGA,8.158116,9.055449,9.628774,6.6599135
P1_AACGCTTA,7.6531663,8.557304,9.519375,6.72215
P1_AACGTGAT,11.327456,10.648403,9.49512,10.7248745
P1_AACTCACC,8.205064,9.922428,7.1334877,11.285954
P1_AAGAGATC,8.808944,10.095649,7.4017696,11.284772
P1_AAGGACAC,8.651119,10.234753,7.265924,11.351428
P1_AATCCGTC,7.622927,9.549249,0.5507334,-6.5857205
P1_AATGTTGC,6.761367,7.957134,9.197921,5.6196804
P1_ACACAGAA,11.277116,10.828973,9.4883995,11.0899315
P1_ACAGATTC,7.203143,8.43061,9.459204,5.8751545
P1_ACAGCAGA,7.8840585,8.79606,9.553899,6.7057366
P1_ACATTGGC,11.887191,10.281573,9.579369,9.826637
P1_ACCACTGT,11.801013,10.303931,9.465184,10.101692
P1_ACCTCCAA,6.897212,6.7171464,8.209409,6.136799
P1_ACGCTCGA,11.207146,10.906292,9.246454,11.357321
P1_AGATGTAC,6.7876406,7.582054,8.814105,5.7766576
P1_AGCCATGC,7.098812,8.797316,9.5840025,5.455654
P1_AGGCTAAC,6.972696,8.247849,9.3640175,5.7090225
P1_AGTACAAG,8.1660795,9.112462,9.610071,6.643712
P1_AGTGGTCA,11.633423,10.347102,9.365951,10.165719
P1_ATCATTCC,7.5383186,8.969888,0.72130305,-6.6665106
P1_ATGCCTAA,11.654987,10.519226,9.514095,10.363268
P1_ATTGGCTC,7.056042,8.787101,1.0742706,-6.6283927
P1_CAAGACTA,8.530667,9.3014765,7.684721,10.626169
P1_CAAGGAGC,7.3442044,8.874316,0.8803295,-6.6977468
P1_CAATGGAA,9.273746,9.535278,8.009572,10.956523
P1_CACTTCGA,9.2124195,9.410747,8.039041,11.001971
P1_CAGATCTG,11.359458,10.768684,9.455124,11.024185
P1_CAGCGTTA,7.6062803,8.70324,9.735235,6.3768563
P1_CATCAAGT,11.771555,10.333479,9.481568,10.005403
P1_CCGACAAC,8.227196,9.98764,7.0423074,11.306112
P1_CCTAATCC,8.803651,9.95967,7.4815574,11.203679
P1_CCTCTATC,6.7347975,8.099993,9.24319,5.471617
P1_CGCATACA,7.976029,8.875287,9.719409,6.599951
P1_CGCTGATC,11.625167,10.301285,9.380804,10.182005
P1_CTAAGGTC,7.487796,9.33086,0.6074852,-6.5537987
P1_CTCAATGA,9.197844,9.521833,8.042486,10.966782
P1_CTGAGCCA,9.195575,9.49827,8.009491,10.966052
P1_CTGGCATA,9.333671,9.437572,8.155868,11.0975685
P1_CTGTAGCC,7.559112,8.5084305,9.457019,6.5617976
P1_GAACAGGC,6.72006,8.090042,9.233601,5.418946
P1_GAATCTGA,7.681666,8.690413,9.733454,6.6250997
P1_GACTAGTA,9.043991,9.443812,7.891381,10.916595
P1_GAGCTGAA,8.177749,9.040703,9.725451,6.687945
P1_GAGTTAGC,8.944009,9.968034,7.602297,11.187437
P1_GATAGACA,9.215085,9.523694,7.9658823,11.033485
P1_GATGAATC,8.664954,10.202078,7.2549124,11.347536
P1_GCCAAGAC,8.709528,10.196672,7.500404,11.260892
P1_GCCACATA,9.296177,9.472763,8.073444,11.037749
P1_GCGAGTAA,9.340395,9.499242,8.149857,11.140244
P1_GCTAACGA,9.444306,9.627469,8.196746,11.013077
P1_GCTCGGTA,8.605527,9.241481,9.743372,6.7594767
P1_GGAGAACA,8.786949,9.310591,7.880844,10.666532
P1_TGGAACAA,8.457023,10.088171,6.9004335,11.495821
P1_TGGCTTCA,8.6016445,10.234418,7.1854405,11.395052
P1_TGGTGGTA,8.3290205,10.101206,7.0839114,11.323343
P1_TTCACGCA,7.377062,9.030303,0.8013537,-6.712055
P17_AAACATCG,-4.8362837,9.519675,5.8480577,14.723348
P17_AACAACCA,-4.483751,8.2898035,9.882293,-6.247094
P17_AACCGAGA,-4.7419934,8.4531145,9.807147,-6.347729
P17_AACGCTTA,-4.259711,7.566408,-1.292123,2.334996
P17_AACGTGAT,-4.65949,8.489698,9.945985,-6.294155
P17_AAGACGGA,-4.9323106,8.923654,6.222223,14.141216
P17_AAGAGATC,-4.8493366,9.508302,6.0599866,14.684401
P17_AAGGACAC,-3.9753487,7.2095866,-1.1904213,2.4786067
P17_AAGGTACA,-4.5924153,8.402324,9.917136,-6.2218895
P17_AATCCGTC,-4.7943625,9.733073,5.8336735,14.769219
P17_ACAAGCTA,-4.986244,9.026216,6.2217913,14.196058
P17_ACACAGAA,-4.314648,7.9722543,9.828197,-6.369762
P17_ACACGACC,-1.7346259,6.8581195,4.609021,11.584709
P17_ACAGATTC,-2.2108595,8.753838,2.5451481,10.984925
P17_ACAGCAGA,-3.966726,7.1323504,-1.1111431,2.507588
P17_ACATTGGC,-4.29607,7.7317066,9.748196,-6.4528103
P17_ACCACTGT,-3.7182596,6.885632,-1.1368619,2.4541965
P17_ACGCTCGA,-3.7526767,6.767429,-1.1529812,2.4158773
P17_ACGTATCA,-4.248366,7.5693555,-1.2624323,2.3808296
P17_AGAGTCAA,4.546524,6.8919067,8.4188795,3.9068122
P17_AGATCGCA,-4.1741953,7.6098475,-1.299352,2.4624176
P17_AGATGTAC,-1.7201133,6.6300173,4.698684,11.501558
P17_AGCACCTC,-0.56324244,4.964667,4.904064,11.886388
P17_AGCCATGC,-2.4673102,8.494472,2.711542,10.807896
P17_AGGCTAAC,-2.3428795,8.590266,2.642691,10.842878
P17_AGTACAAG,-5.059985,9.099789,6.177697,14.252953
P17_AGTCACTA,-4.625064,8.231654,9.864462,-6.310323
P17_AGTGGTCA,5.4317102,6.388607,7.8309655,4.7070575
P17_ATAGCGAC,-2.4329877,8.558431,2.70937,10.832204
P17_ATGCCTAA,-4.4910436,8.330067,9.838466,-6.248076
P17_ATTGAGGA,-4.3975687,7.9836783,9.786745,-6.407367
P17_CAACCACA,-4.634692,8.505979,9.948692,-6.236427
P17_CAAGACTA,4.1371527,6.9386826,8.592059,3.5628016
P17_CAATGGAA,-4.5726995,8.208776,9.969995,-6.261332
P17_CAGATCTG,-3.7896686,6.963056,-1.1271471,2.4689097
P17_CATACCAA,5.139689,7.1987104,8.473856,4.555785
P17_CATCAAGT,-3.9789429,7.337537,-1.2531971,2.573074
P17_CCAGTTCA,5.1522584,7.1246367,8.450761,4.3888655
P17_CGACTGGA,-4.6819587,9.758647,5.740927,14.7948265
P17_CGCATACA,-4.8090644,8.761074,10.014002,-6.303144
P17_CGCTGATC,-4.768192,8.597931,9.947053,-6.2656364
P17_CTCAATGA,-4.908985,9.225114,6.1514907,14.458155
P17_CTGAGCCA,-5.014052,8.746578,10.196516,-6.479281
P17_CTGGCATA,-5.028947,9.256362,5.9976273,14.253286
P17_CTGTAGCC,-4.5013647,8.128422,9.788124,-6.2243037
P17_GAATCTGA,-4.3497496,7.66559,9.664773,-6.5174217
P17_GACTAGTA,-5.1920176,8.842406,6.110935,13.919655
P17_GAGCTGAA,-5.0215707,9.298465,6.0701303,14.30118
P17_GATAGACA,-4.8480225,9.7312155,5.7884865,14.828798
P17_GCCACATA,-4.906724,9.689613,5.888619,14.825209
P17_GCGAGTAA,-5.1213236,8.888524,6.188586,13.985307
P17_GCTAACGA,-5.047898,9.203397,6.1744223,14.408609
P17_GCTCGGTA,-5.178367,8.922819,6.114899,14.102826
P17_GGTGCGAA,-4.965567,9.453222,6.0619407,14.460431
P17_GTACGCAA,-5.154768,8.5932865,6.0560346,13.799071
P17_GTCGTAGA,-5.2884517,8.947265,6.095179,13.956292
P17_GTCTGTCA,-4.489808,7.9203897,9.920661,-6.3173504
P17_GTGTTCTA,-4.2455688,7.4132886,-1.2481668,2.3701818
P17_TAGGATGA,-5.006862,8.546331,6.0022464,13.800243
P17_TATCAGCA,-4.973302,9.424052,6.0263104,14.507613
P17_TCCGTCTA,-5.103557,9.043909,6.1759744,14.074952
P17_TCTTCACA,-4.8701663,9.717812,5.89335,14.714489
P17_TGGAACAA,-5.125541,8.698241,6.182803,13.895121
P17_TGGCTTCA,-4.8586936,9.662719,5.9180837,14.761127
P17_TGGTGGTA,-5.1255,9.022501,6.2442117,14.078791
P17_TTCACGCA,-4.9164205,9.586391,5.8707414,14.658117
P18_AACTCACC,-0.8558896,6.669084,4.570489,12.344687
P18_AAGAGATC,-0.63355803,7.5466666,3.9607244,13.00362
P18_AAGGACAC,-0.7620305,7.2611837,4.131469,12.670361
P18_AATCCGTC,-0.6071823,7.500879,4.0450892,13.130377
P18_AATGTTGC,5.9276385,6.0854487,7.472347,4.945715
P18_ACCTCCAA,0.81834686,6.215097,17.520983,0.21832152
P18_ACGCTCGA,5.081991,6.5822773,7.775421,4.322994
P18_ACTATGCA,6.769586,6.020963,7.1313624,5.648548
P18_AGAGTCAA,-0.088572204,8.153468,3.8912692,13.729054
P18_AGATCGCA,4.12437,3.9987779,6.400844,3.2270465
P18_AGATGTAC,6.3546257,6.0701604,7.301483,5.2680726
P18_AGCAGGAA,-0.68404144,7.227966,4.2961836,12.552443
P18_AGGCTAAC,1.4619331,5.1136675,-3.985194,10.994058
P18_AGTCACTA,3.8138506,7.6102076,7.7599545,3.4013636
P18_ATAGCGAC,6.065687,6.0236597,7.3275857,5.0127463
P18_ATCATTCC,5.9163423,5.8655577,7.199967,4.908346
P18_ATCCTGTA,-0.12495891,6.203762,4.809477,12.637021
P18_ATTGAGGA,-0.85342026,8.3850765,3.3853776,12.793946
P18_CAACCACA,-0.7433249,8.589435,3.3597975,12.889966
P18_CAAGACTA,2.8773227,8.639665,4.677897,2.9000168
P18_CAATGGAA,-0.23499945,8.367108,3.9039552,13.697104
P18_CACTTCGA,-0.9719124,6.7908163,4.3948164,12.1287155
P18_CAGCGTTA,4.742569,4.641201,6.6575885,3.8673732
P18_CATACCAA,1.7307669,4.499864,-4.1359525,11.032692
P18_CCAGTTCA,-0.5485764,8.075964,3.6329696,12.847935
P18_CCGAAGTA,-1.1728128,8.461826,3.2153368,12.369585
P18_CCGTGAGA,-0.343144,7.9020863,3.9638727,13.270303
P18_CCTAATCC,-0.36993188,7.789377,3.9297338,13.211675
P18_CCTCCTGA,1.5394285,3.9174974,17.452772,-2.686323
P18_CGAACTTA,-0.92582124,6.928489,4.5043516,12.295298
P18_CGACACAC,3.1618197,8.454011,4.6828732,2.9047778
P18_CGACTGGA,-0.83595663,8.149395,3.4303906,12.722833
P18_CGCATACA,-0.72890896,7.0658717,4.2488933,12.566206
P18_CGGATTGC,3.200091,8.633415,4.7739205,2.9576252
P18_CTAAGGTC,4.0002046,7.6112375,7.857371,3.51883
P18_CTCAATGA,-0.36022967,5.641867,17.824413,-0.62873304
P18_CTGAGCCA,5.9158225,5.632398,7.0671372,4.974436
P18_CTGGCATA,-0.57836586,7.825868,3.7245128,13.156351
P18_GAACAGGC,4.021548,7.7233043,7.9540844,3.4988782
P18_GAATCTGA,-0.23613968,5.6755958,17.670734,-0.51517695
P18_GACAGTGC,5.525451,6.3137765,7.691962,4.5548105
P18_GACTAGTA,-1.0639106,6.8664308,4.2633348,12.24229
P18_GAGCTGAA,-1.424584,7.8275642,3.6029358,11.729578
P18_GAGTTAGC,5.3319817,6.659621,7.8451753,4.4623656
P18_GATAGACA,-0.7353715,9.111058,4.643469,14.565773
P18_GATGAATC,0.20331798,8.376362,3.7661085,14.193304
P18_GCCAAGAC,0.17266399,8.345731,3.7651737,14.176145
P18_GCCACATA,-0.64802134,8.981382,4.575367,14.478907
P18_GCGAGTAA,-0.6889529,9.004472,4.6751504,14.524993
P18_GCTAACGA,-0.6335764,8.941665,4.6637177,14.451287
P18_GCTCGGTA,0.04202494,8.551827,4.0208397,14.248885
P18_GGAGAACA,-1.3199191,9.507919,4.8985057,14.758122
P18_GGTGCGAA,-0.23205523,8.695794,4.201795,14.288577
P18_GTACGCAA,1.0066113,7.298965,3.624552,14.400686
P18_GTCGTAGA,0.17609015,6.3669744,17.50848,0.04332743
P18_GTCTGTCA,-0.821231,6.739528,4.4567657,12.531689
P18_GTGTTCTA,-1.2476643,8.51438,3.1497061,12.168691
P18_TATCAGCA,-0.99382526,7.120086,4.1103406,12.326984
P18_TCCGTCTA,-0.8184281,8.192196,3.5378032,12.7235
P18_TCTTCACA,-1.4133395,8.352154,3.150943,12.036051
P18_TGAAGAGA,3.384845,7.8818293,7.5183935,3.0903149
P18_TGGAACAA,0.07605886,5.948568,17.625944,-0.2613865
P18_TGGCTTCA,-0.7858407,7.5501757,3.9682956,12.716491
P18_TGGTGGTA,-0.41135722,7.9496417,3.742181,13.113002
P18_TTCACGCA,-0.81521857,7.581049,3.96472,12.695119
P19_AAACATCG,-0.90639406,7.5403295,3.9678679,12.542722
P19_AACAACCA,-0.73247313,6.891201,4.4751363,12.515912
P19_AACCGAGA,-0.6125781,7.2026587,4.357844,12.797409
P19_AACGCTTA,-0.66324455,8.134156,3.632818,13.098186
P19_AACGTGAT,3.018271,3.40826,6.2808905,2.6721203
P19_AACTCACC,6.365718,6.2062593,7.56258,5.463833
P19_AAGACGGA,-0.75590575,7.4338965,4.0398526,12.741709
P19_AAGAGATC,3.8898423,7.803497,7.844053,3.4752934
P19_AAGGTACA,-0.5975552,7.7195415,3.8921614,13.126791
P19_AATGTTGC,4.817068,4.235289,6.4284306,3.7124503
P19_ACAAGCTA,0.5296108,5.9596863,17.516588,-0.031515088
P19_ACACAGAA,1.8750796,4.873878,7.0271306,2.6651492
P19_ACACGACC,0.83568037,7.951618,3.5422597,14.433526
P19_ACAGATTC,0.70303524,8.078301,3.545449,14.423987
P19_ACAGCAGA,-0.5960813,7.5029497,3.9930272,13.071496
P19_ACATTGGC,-0.47703496,7.206562,4.2082043,12.9859085
P19_ACCACTGT,2.2173958,4.6615496,6.9825234,2.5542393
P19_ACCTCCAA,3.3138332,4.346662,6.7201643,2.7967138
P19_ACGCTCGA,3.1899176,4.4724646,6.783281,2.5726418
P19_ACGTATCA,0.03963396,8.405585,3.790282,14.075761
P19_AGAGTCAA,1.8385137,4.618112,-4.1810007,11.101735
P19_AGATCGCA,0.110485785,6.2939644,17.54854,-0.09587816
P19_AGATGTAC,0.9662288,7.785237,3.5445774,14.430177
P19_AGCACCTC,0.5072721,8.249016,3.621619,14.319663
P19_AGCAGGAA,5.9818497,6.1649847,7.440533,5.118289
P19_AGCCATGC,0.53254217,8.201269,3.548795,14.382313
P19_AGGCTAAC,-0.07115138,8.554057,3.9631398,14.217738
P19_AGTACAAG,-0.09608097,6.7023077,17.52918,0.04784329
P19_AGTCACTA,0.35376856,8.173265,3.6508098,14.352765
P19_AGTGGTCA,1.7282994,4.6868234,-4.1154876,10.992497
P19_ATAGCGAC,0.52465254,8.283669,3.6632771,14.30402
P19_ATCCTGTA,1.266315,5.516383,-3.9780192,11.058645
P19_ATTGAGGA,-0.3421008,7.4464893,4.2631135,13.408472
P19_ATTGGCTC,12.827997,10.224523,10.090514,9.203715
P19_CAACCACA,-0.40357977,7.1270514,4.356563,13.15806
P19_CAAGGAGC,11.913947,10.955292,9.946963,10.672962
P19_CACCTTAC,11.776644,11.073319,9.789137,10.834226
P19_CACTTCGA,3.9589643,7.6419716,7.7477603,3.4403257
P19_CAGATCTG,-0.08179097,6.4170613,17.465893,0.019944962
P19_CATCAAGT,4.835421,4.6353135,6.7027545,3.8699043
P19_CCAGTTCA,2.9311655,8.677346,4.69781,2.8662
P19_CCATCCTC,12.905053,10.022751,9.888795,8.90625
P19_CCGAAGTA,6.4221945,6.168119,7.5845,5.434068
P19_CCGACAAC,11.604295,10.983078,9.675621,11.123839
P19_CCGTGAGA,2.8733582,8.6640215,4.6872907,2.9242673
P19_CCTAATCC,11.892054,10.885012,9.819054,10.569782
P19_CCTCCTGA,4.346642,7.43865,7.9998827,3.806076
P19_CCTCTATC,12.545033,10.665475,10.172051,9.819225
P19_CGACACAC,11.956493,10.894441,9.955028,10.472407
P19_CGACTGGA,-1.0474238,7.3913283,3.918931,12.167539
P19_CGCATACA,-0.7045124,7.169823,4.328638,12.648605
P19_CGCTGATC,0.030917112,6.3224106,17.337967,0.0062722377
P19_CGGATTGC,12.075253,10.905554,9.981948,10.371775
P19_CTAAGGTC,11.67776,11.02753,9.734907,10.911109
P19_CTCAATGA,5.914981,5.722413,7.2562947,4.9000783
P19_CTGAGCCA,-0.7227631,7.3005414,4.1400027,12.738911
P19_CTGGCATA,0.19836931,6.255577,17.582254,-0.12299954
P19_CTGTAGCC,-0.23887101,6.8735466,4.4487786,12.988846
P19_GAACAGGC,11.69194,11.06496,9.732937,10.8835
P19_GAATCTGA,0.007954434,6.4841237,17.434504,0.05664158
P19_GACAGTGC,12.674445,10.539311,10.161737,9.543497
P19_GACTAGTA,0.11554183,6.3406467,17.57651,-0.07577806
P19_GAGCTGAA,-0.29468593,6.9100447,4.435625,13.005109
P19_GAGTTAGC,11.580309,11.010942,9.6515665,11.0679
P19_GATAGACA,-1.8114525,9.492362,2.1631572,11.936137
P19_GATGAATC,11.928375,10.971922,9.941337,10.500217
P19_GCCAAGAC,11.641454,11.10137,9.69529,10.963879
P19_GCCACATA,-0.5168587,7.3094144,4.291515,12.962106
P19_GCGAGTAA,-0.6473175,7.602149,4.127404,13.05297
P19_GCTAACGA,-0.81858045,7.3904486,4.0980196,12.696529
P19_GCTCGGTA,-0.2321205,5.846663,17.72901,-0.4506027
P19_GGAGAACA,-0.9336617,7.295445,4.0483093,12.525597
P19_GGTGCGAA,-0.42717132,7.1514745,4.2705274,13.029481
P19_GTACGCAA,1.796166,4.270989,-4.220124,11.219185
P19_GTCGTAGA,-0.39687026,7.5040874,4.17221,13.194382
P19_GTCTGTCA,-0.36229914,7.8010116,4.0295014,13.28584
P19_GTGTTCTA,-0.33555526,7.1638627,4.3792286,13.007485
P19_TATCAGCA,-0.12409267,6.543356,17.49688,-0.05682019
P19_TCCGTCTA,-0.84659445,8.326862,3.45567,12.7481
P19_TCTTCACA,-0.37691575,7.7828155,3.9602757,13.152494
P19_TGAAGAGA,-0.0238866,6.650654,17.533398,0.016005987
P19_TGGAACAA,0.046018127,6.522617,17.48931,0.0095069185
P19_TGGTGGTA,3.9415998,7.983052,7.972254,3.4154215
P20_AAACATCG,12.980736,10.109404,10.071869,9.035009
P20_AACAACCA,12.975255,10.036638,10.037988,8.892505
P20_AACCGAGA,12.562604,10.755403,10.213897,9.841147
P20_AACGCTTA,12.764918,10.535126,10.292887,9.648184
P20_AACGTGAT,13.019057,10.032223,10.047137,8.952688
P20_AACTCACC,13.384934,9.377229,9.846532,8.317293
P20_AAGACGGA,12.2431135,10.974568,10.184602,10.252109
P20_AAGGTACA,13.198206,9.696708,9.932114,8.576729
P20_ACAAGCTA,12.102939,10.882405,9.916642,10.352512
P20_ACAGCAGA,12.355577,10.97388,10.159683,10.156109
P20_ACATTGGC,13.111016,8.931275,9.211427,7.676987
P20_ACCACTGT,12.991408,8.858662,9.140902,7.5755053
P20_ACCTCCAA,13.293594,9.137673,9.46764,7.8704786
P20_ACGCTCGA,13.380299,9.191292,9.68597,7.927982
P20_ACGTATCA,12.548066,10.77353,10.1701565,9.926826
P20_ACTATGCA,7.029068,6.5497065,8.084535,6.313268
P20_AGAGTCAA,13.435593,9.399363,9.789605,8.196405
P20_AGATCGCA,12.9873,10.046574,10.096157,9.027866
P20_AGTACAAG,13.522016,9.42237,9.778065,8.116354
P20_AGTCACTA,12.632766,10.653698,10.262712,9.787347
P20_AGTGGTCA,12.736531,10.547697,10.251884,9.525367
P20_ATCCTGTA,13.32805,9.460912,9.762276,8.3659935
P20_ATGCCTAA,13.165709,9.899921,10.010436,8.774385
P20_ATTGAGGA,13.397688,9.234106,9.758243,8.089895
P20_CAACCACA,12.135972,11.018461,10.162146,10.388746
P20_CAAGACTA,13.022926,8.879392,9.211521,7.635581
P20_CACTTCGA,12.566898,10.682127,10.294534,9.865226
P20_CAGATCTG,13.427359,9.30005,9.549868,8.006989
P20_CAGCGTTA,12.824975,8.763296,8.821052,7.1443667
P20_CATACCAA,13.161284,9.828709,10.016725,8.790175
P20_CATCAAGT,13.041384,8.863144,9.291527,7.7954583
P20_CCAGTTCA,12.386744,10.88586,10.234863,10.085687
P20_CCGAAGTA,11.923555,11.01489,10.06114,10.511397
P20_CCGTGAGA,12.364143,10.872751,10.111318,10.123948
P20_CCTCCTGA,13.307361,9.165472,9.638557,7.956989
P20_CGAACTTA,11.930204,11.143949,9.980554,10.568333
P20_CGACTGGA,12.146142,11.074138,10.153429,10.439894
P20_CGCATACA,12.299473,10.919986,10.211606,10.300588
P20_CGCTGATC,12.865701,10.343313,10.097503,9.233859
P20_CTCAATGA,13.383788,9.281406,9.784358,8.082812
P20_CTGAGCCA,12.700621,10.6540575,10.215721,9.594072
P20_CTGGCATA,12.611383,10.870438,10.169948,9.941987
P20_GAATCTGA,12.967973,8.823386,9.154353,7.6442204
P20_GACTAGTA,12.75643,10.544087,10.244959,9.444656
P20_GAGCTGAA,13.052809,9.997061,10.105254,8.917836
P20_GATAGACA,12.7299385,10.501165,10.16125,9.330082
P20_GCCACATA,12.783404,10.49294,10.283275,9.623476
P20_GCGAGTAA,12.915872,10.337674,10.268756,9.32958
P20_GCTAACGA,13.239144,9.737273,10.004864,8.583117
P20_GCTCGGTA,13.404719,9.271085,9.668793,8.048376
P20_GGAGAACA,13.349595,9.449395,9.895717,8.186755
P20_GGTGCGAA,13.366803,9.512298,9.909915,8.277659
P20_GTACGCAA,13.411196,9.363987,9.755238,8.174857
P20_GTCGTAGA,13.00234,10.026459,10.119466,8.850545
P20_GTCTGTCA,13.048475,8.886432,9.159803,7.6576996
P20_GTGTTCTA,13.323205,9.411452,9.80715,8.202687
P20_TAGGATGA,12.939276,10.108985,10.185043,9.114649
P20_TATCAGCA,12.810577,10.37734,10.220408,9.321004
P20_TCCGTCTA,12.306867,10.793131,10.036442,10.305755
P20_TCTTCACA,13.380927,9.344326,9.723371,8.107243
P20_TGAAGAGA,12.854845,10.258446,10.157173,9.135797
P20_TGGAACAA,12.59803,10.7448635,10.25212,9.742581
P20_TGGCTTCA,12.194117,10.999769,10.060577,10.49949
P20_TTCACGCA,12.819484,10.494461,10.20817,9.554531
P2_AAACATCG,8.250914,10.459889,-0.64209324,-5.962914
P2_AACAACCA,6.21674,7.900911,9.088946,5.038299
P2_AACCGAGA,7.106365,9.793815,0.9117453,-6.0030427
P2_AACGCTTA,7.9662676,10.864499,-0.11616578,-5.3463655
P2_AACGTGAT,8.281804,10.468968,-0.5667829,-5.926473
P2_AAGACGGA,7.5674424,10.306113,0.3502758,-5.7448463
P2_AAGAGATC,7.1270347,9.721704,1.0877141,-6.179813
P2_AAGGACAC,7.9773083,10.647199,-0.020871615,-5.493092
P2_AAGGTACA,8.16169,10.6812725,-0.48804665,-5.600174
P2_AATCCGTC,6.697539,9.15366,1.6036729,-6.364181
P2_ACAAGCTA,7.0762005,9.57244,1.0505387,-6.1476035
P2_ACACAGAA,6.748842,8.942626,1.5074852,-6.4599586
P2_ACAGCAGA,8.049761,10.766926,-0.47464737,-5.7232566
P2_ACATTGGC,7.2656784,9.212681,0.9451391,-6.564928
P2_ACCACTGT,6.476142,7.770077,8.989976,5.384951
P2_ACCTCCAA,6.6117587,8.951165,9.585884,5.187956
P2_ACGCTCGA,6.568185,8.811654,9.567299,5.068892
P2_ACGTATCA,7.7029767,10.247757,0.21228078,-5.8363233
P2_AGAGTCAA,6.8382797,9.032728,1.2922745,-6.4560757
P2_AGATCGCA,7.1221547,9.649396,0.9681342,-6.1773233
P2_AGCAGGAA,7.5953107,10.221635,0.28555676,-5.80004
P2_AGTACAAG,6.3289576,8.122647,9.262778,5.181756
P2_AGTCACTA,7.3387313,10.005822,0.7489194,-6.1533184
P2_AGTGGTCA,8.08754,10.139735,-0.32182568,-6.154624
P2_ATCCTGTA,6.388653,8.051156,9.290729,5.216273
P2_ATGCCTAA,7.615689,9.609382,0.37994832,-6.3988023
P2_ATTGAGGA,8.018453,10.65645,-0.25751987,-5.6832266
P2_CAACCACA,7.7431917,10.125641,0.22436544,-6.332394
P2_CAAGACTA,6.437795,7.5727334,8.772075,5.296349
P2_CAATGGAA,7.642912,10.62691,0.2498596,-5.404412
P2_CACTTCGA,6.515025,6.7972465,8.159189,5.614853
P2_CAGATCTG,6.2199907,7.9375324,9.2181,5.081731
P2_CAGCGTTA,6.9170494,6.006278,7.43194,6.011428
P2_CATACCAA,6.823063,9.340013,1.4840258,-6.269178
P2_CATCAAGT,6.7078295,6.3984237,7.722081,5.7644153
P2_CCAGTTCA,6.705816,8.888545,9.66506,5.1757593
P2_CCGAAGTA,7.1446667,9.696475,0.9892602,-6.0508943
P2_CCGTGAGA,7.921529,10.867621,-0.17508927,-5.200384
P2_CCTCCTGA,6.8040733,9.391463,1.4724993,-6.262922
P2_CGAACTTA,8.062486,10.867961,-0.2941566,-5.2747602
P2_CGACTGGA,7.922694,10.914161,-0.25036186,-5.162804
P2_CGCATACA,6.153125,7.9639363,9.165233,5.0350513
P2_CGCTGATC,6.4102364,8.694616,9.450255,5.0407825
P2_CTCAATGA,6.9052925,9.510837,1.3576125,-6.2774487
P2_CTGGCATA,7.6605377,10.793147,0.110908,-5.1128726
P2_CTGTAGCC,6.58396,6.706797,8.0673065,5.6994224
P2_GAATCTGA,6.6159396,8.929382,9.584801,4.9586735
P2_GAGCTGAA,7.938475,10.893838,-0.30882785,-5.3780966
P2_GATAGACA,7.8047523,10.952221,-0.14853203,-5.3347726
P2_GCCACATA,7.51766,10.262339,0.5057776,-5.8074527
P2_GCGAGTAA,7.5703793,10.0809145,0.4945802,-5.9883676
P2_GCTAACGA,7.9992404,10.812838,-0.20639893,-5.3063946
P2_GGAGAACA,6.9494047,9.438766,1.2050474,-6.346607
P2_GTCTGTCA,6.6431503,6.5474505,7.784561,5.8111644
P2_GTGTTCTA,6.6223273,8.85352,9.640084,5.0302634
P2_TAGGATGA,7.4399047,10.050923,0.7843797,-5.8852887
P2_TATCAGCA,7.3160515,9.887783,0.89181256,-6.02849
P2_TCCGTCTA,7.793001,10.829578,-0.0033892184,-5.166178
P2_TCTTCACA,6.1189265,7.8346972,9.155174,5.106076
P2_TGAAGAGA,7.74305,10.66564,0.26736012,-5.4494205
P2_TGGAACAA,7.738466,10.771247,0.10610146,-5.3602667
P2_TGGCTTCA,8.012058,10.717069,-0.15420538,-5.3871875
P2_TGGTGGTA,7.535325,10.181662,0.4973789,-5.7936316
P2_TTCACGCA,7.50922,10.332826,0.6345015,-5.7621164
P3_AACTCACC,3.9428914,9.773608,2.552899,-4.5492644
P3_AAGAGATC,5.1775427,7.287569,8.540241,4.5040984
P3_AAGGACAC,3.717966,10.76609,2.310389,-3.9201946
P3_AATGTTGC,-3.230571,6.117683,8.933439,2.936398
P3_ACACGACC,-4.516859,5.746046,10.178462,-8.057678
P3_ACAGATTC,-5.2450995,6.0124545,10.8081665,-8.477496
P3_AGATGTAC,-4.453965,5.7212267,10.098784,-8.064399
P3_AGCACCTC,-5.5790067,6.0623727,11.0650015,-8.571738
P3_AGCCATGC,3.143495,6.358428,9.275286,3.0040433
P3_AGGCTAAC,-6.123869,7.214099,5.8933105,13.537015
P3_ATAGCGAC,-5.5253463,6.1414533,10.905536,-8.611651
P3_ATCATTCC,-6.0049386,6.4681225,11.619032,-8.844967
P3_ATTGGCTC,-3.2165606,5.608714,9.071933,3.1844895
P3_CAAGGAGC,-5.44029,6.0779147,10.861296,-8.4955435
P3_CACCTTAC,-5.240935,5.964154,10.662787,-8.356193
P3_CCATCCTC,3.7328463,6.1822963,9.353104,3.2636425
P3_CCGACAAC,-5.6259394,6.366102,11.081547,-8.784875
P3_CCTAATCC,3.4273825,6.354185,9.188634,3.0979757
P3_CCTCTATC,4.09238,6.261645,9.228132,3.4949512
P3_CGACACAC,-4.165432,5.553324,9.924278,-8.037342
P3_CGGATTGC,-4.440957,5.6358337,10.073017,-8.055664
P3_CTAAGGTC,4.0982203,6.4303937,9.070412,3.5407743
P3_GAACAGGC,-4.4674892,5.682499,10.100861,-8.037911
P3_GACAGTGC,5.4561334,6.2013416,7.9017806,4.7324142
P3_GAGTTAGC,-4.8064675,5.925045,10.327437,-8.2323675
P3_GATGAATC,-3.8248594,5.5879326,9.625212,-8.094343
P3_GCCAAGAC,-6.061073,6.533877,11.660914,-8.81702
P3_TGGCTTCA,3.745619,10.499938,2.3211682,-4.075261
P3_TGGTGGTA,3.872884,10.362331,2.4098878,-4.29183
P3_TTCACGCA,4.9104896,7.6802745,8.576682,4.2929707
P4_AAACATCG,4.252295,8.948253,2.8339348,-5.598632
P4_AACAACCA,-4.5566263,6.7606664,-1.1666677,2.3318615
P4_AACCGAGA,-5.970468,7.1994524,11.579219,-9.533808
P4_AACGCTTA,-6.0311985,7.1186824,11.679506,-9.411242
P4_AACGTGAT,4.214057,8.973209,8.658471,3.2033408
P4_AAGACGGA,-6.0754437,6.803427,11.457341,-9.20722
P4_AAGAGATC,3.9860327,9.351495,2.543456,-4.733432
P4_AAGGACAC,6.816771,5.6868134,7.1614275,5.884566
P4_AAGGTACA,-6.193097,7.352966,11.781857,-9.328853
P4_AATCCGTC,4.24177,8.656661,8.688967,3.3623288
P4_AATGTTGC,-3.485435,6.3177624,8.88499,2.7228158
P4_ACAAGCTA,-4.360906,6.5247393,-1.2354673,2.3829987
P4_ACACAGAA,-6.074928,6.959481,11.458764,-9.378408
P4_ACACGACC,3.9424295,6.6162086,8.888087,3.4924347
P4_ACAGATTC,-5.8590765,7.8728213,6.018523,13.680292
P4_ACAGCAGA,-5.9586134,7.751987,5.953485,13.5548725
P4_ACCACTGT,4.8144674,7.5979195,8.89232,4.009993
P4_ACCTCCAA,3.2310555,6.5677304,9.158827,2.8113897
P4_ACGCTCGA,5.3405123,5.611786,7.5208354,4.4936047
P4_ACGTATCA,-1.8959935,7.238693,4.7678604,11.657803
P4_ACTATGCA,6.4669604,5.736992,7.193379,5.6385627
P4_AGAGTCAA,-4.450545,6.019863,10.013004,-8.289137
P4_AGATCGCA,-5.085536,6.434669,10.419193,-8.838569
P4_AGATGTAC,-5.5031886,7.097998,10.939994,-9.418204
P4_AGCACCTC,-5.9424715,7.6508427,5.957678,13.474866
P4_AGCAGGAA,0.4752223,4.6056333,-4.353382,11.102355
P4_AGCCATGC,-5.726852,7.116872,11.147771,-9.496399
P4_AGGCTAAC,-3.3209844,6.2808776,8.802133,2.8369198
P4_AGTACAAG,-4.61553,6.0830007,10.138058,-8.312227
P4_AGTCACTA,-6.045719,7.0870547,11.603968,-9.380786
P4_AGTGGTCA,3.9785783,9.488795,2.5629578,-4.633788
P4_ATAGCGAC,-5.968903,7.7585325,6.0292716,13.5590725
P4_ATCATTCC,-5.89068,7.1001716,11.331102,-9.549744
P4_ATCCTGTA,6.697222,6.1328144,7.5388093,5.7281156
P4_ATGCCTAA,4.1124077,8.994595,8.526444,3.3540833
P4_ATTGAGGA,-4.7927394,9.478139,5.735138,14.466657
P4_ATTGGCTC,-5.0033846,6.5365553,10.351953,-8.830461
P4_CAACCACA,-5.8498683,7.9523973,6.016145,13.686543
P4_CAAGACTA,-3.960921,5.9288673,9.691254,-8.241828
P4_CAAGGAGC,-6.07815,7.5270185,11.732722,-9.36228
P4_CAATGGAA,-3.871159,6.13909,9.497158,-8.211268
P4_CACCTTAC,-5.8942585,7.34074,11.427524,-9.459487
P4_CACTTCGA,3.8266244,10.457443,2.4161654,-4.235412
P4_CAGATCTG,4.9276648,7.3966775,8.728488,4.148529
P4_CATACCAA,4.2011056,9.134559,2.715668,-5.3532596
P4_CATCAAGT,0.74121404,4.62508,8.003401,2.7407663
P4_CCATCCTC,-3.6467462,6.1201715,9.337598,-8.102413
P4_CCGAAGTA,3.726818,10.614066,2.356602,-3.982909
P4_CCGACAAC,-5.777974,6.656472,10.936794,-9.123809
P4_CCTAATCC,-5.2422976,6.6272964,10.595488,-9.032457
P4_CCTCTATC,3.5320904,6.6262507,8.93369,2.913064
P4_CGAACTTA,3.834877,10.2113905,2.4513593,-4.3795776
P4_CGACACAC,-3.955917,6.052565,9.478781,-8.183759
P4_CGACTGGA,-5.1221094,6.549933,10.430841,-8.952584
P4_CGCATACA,0.19873513,4.8605013,14.790165,-6.4018674
P4_CGCTGATC,3.5578184,6.5844913,9.202605,2.9761677
P4_CGGATTGC,-6.071349,7.250426,11.58263,-9.387601
P4_CTAAGGTC,-5.939534,7.1102853,11.450882,-9.439396
P4_CTCAATGA,-3.712297,6.1158957,9.3857,-8.228232
P4_CTGAGCCA,-4.1761446,5.9542136,9.757397,-8.393801
P4_CTGGCATA,-3.8103693,6.220109,9.503176,-8.213509
P4_GAACAGGC,-5.4460535,6.869731,10.775736,-9.2715645
P4_GAATCTGA,3.4915805,6.444471,9.257399,2.9034028
P4_GACAGTGC,3.2740433,6.445332,9.226443,2.7990298
P4_GACTAGTA,-5.6832294,7.0615315,11.096017,-9.469801
P4_GAGCTGAA,-5.333833,6.60494,10.571293,-9.033596
P4_GAGTTAGC,-5.8581142,6.7964144,11.238259,-9.23109
P4_GATAGACA,0.7383414,4.4623976,7.9342294,2.6784647
P4_GATGAATC,-6.063312,6.8420424,11.409636,-9.147544
P4_GCCAAGAC,-5.9321957,7.7044773,5.975619,13.625707
P4_GCCACATA,-5.8677244,6.872586,11.118573,-9.302502
P4_GCGAGTAA,-4.2983007,6.0554357,9.697685,-8.389693
P4_GCTAACGA,3.7539892,6.385099,9.303604,2.9659317
P4_GCTCGGTA,3.4251065,6.4858975,9.243261,2.750852
P4_GGAGAACA,-5.2451043,6.6782465,10.578591,-9.127713
P4_GGTGCGAA,3.6452937,6.4291925,9.328736,2.8451464
P4_GTACGCAA,4.041548,6.4731894,9.11276,3.454515
P4_GTCGTAGA,4.1786857,6.369396,9.128375,3.5021055
P4_GTCTGTCA,-5.657037,6.9661756,10.978046,-9.377513
P4_GTGTTCTA,-3.8812976,6.079361,9.49705,-8.157149
P4_TAGGATGA,-6.028687,7.026609,11.398593,-9.411251
P4_TATCAGCA,-4.829793,6.2908926,10.195704,-8.701921
P4_TCCGTCTA,-6.1500688,7.2451396,11.774801,-9.473163
P4_TCTTCACA,3.2505386,6.5383825,9.001903,2.7204833
P4_TGAAGAGA,4.053739,6.277118,9.124325,3.4011056
P4_TGGAACAA,6.7580814,5.8681087,7.3530903,5.7570224
P4_TTCACGCA,5.3700385,7.0681715,8.337509,4.639021
P5_AAACATCG,3.8598435,9.378661,2.4433267,-4.671139
P5_AACAACCA,0.5708123,4.5261197,7.8207126,2.6628678
P5_AACCGAGA,-5.637639,7.178745,11.365345,-9.498829
P5_AACGCTTA,-0.0017026652,5.171365,9.076623,14.2624445
P5_AAGACGGA,-0.1543494,5.204326,5.1685357,12.066532
P5_AAGGTACA,-5.2860117,6.852978,10.685108,-9.145422
P5_ACAAGCTA,0.11212315,4.9470005,9.082813,14.220476
P5_ACACAGAA,-3.751773,6.297849,9.321131,-8.111656
P5_ACAGCAGA,-5.9104023,7.7840357,5.925743,13.70847
P5_ACCTCCAA,3.3643641,6.530743,9.187958,2.734454
P5_ACGCTCGA,3.2721035,6.4737387,9.077315,2.820725
P5_ACGTATCA,-5.2173758,6.742829,10.569602,-9.156138
P5_AGAGTCAA,4.0585294,6.2950583,9.201515,3.3268106
P5_AGATCGCA,-3.7121208,6.1172113,9.297944,-8.050435
P5_AGCAGGAA,-4.2449985,6.1391363,9.880355,-8.246711
P5_AGTACAAG,0.5289253,4.5966864,7.821119,2.6214302
P5_AGTCACTA,-5.2949386,6.7117996,10.766584,-9.219786
P5_AGTGGTCA,4.1440377,8.8952265,8.494899,3.2615216
P5_ATCCTGTA,-3.8507614,6.109419,9.3916645,-8.040109
P5_ATTGAGGA,-5.549103,6.821012,10.894316,-9.275087
P5_CAACCACA,-5.967328,7.4803476,11.695244,-9.588315
P5_CAAGACTA,3.7754343,6.3644648,9.361062,2.9901886
P5_CAATGGAA,-3.8703685,5.9859977,9.513597,-8.154328
P5_CCGAAGTA,-3.9524717,5.943555,9.6290455,-8.107389
P5_CCTCCTGA,3.9163663,6.215686,9.405465,3.3297982
P5_CGAACTTA,4.2001033,8.632823,8.65578,3.3838236
P5_CGACTGGA,-6.077289,7.5197396,11.812998,-9.392766
P5_CGCATACA,-3.4656956,6.3792076,8.838307,2.7307892
P5_CGCTGATC,0.14187808,4.940047,9.116858,14.172991
P5_CTCAATGA,-3.7488415,6.3255754,9.459155,-8.187648
P5_CTGAGCCA,-0.30417928,5.243877,5.268613,12.473029
P5_CTGGCATA,4.0292306,6.5189366,8.989045,3.4489512
P5_CTGTAGCC,1.9951673,4.1211557,7.2802553,2.492016
P5_GAATCTGA,-5.2614083,6.895074,10.641159,-9.28374
P5_GACTAGTA,-5.971257,7.395498,5.886435,13.329476
P5_GAGCTGAA,-4.888831,6.640228,10.396059,-9.019272
P5_GCCACATA,-4.1010866,5.977225,9.597561,-8.26197
P5_GCGAGTAA,-3.961914,6.0064845,9.482748,-8.252206
P5_GCTCGGTA,-3.5006645,6.255462,8.854485,2.6916919
P5_GGAGAACA,-1.6634135,6.826564,5.101251,11.965246
P5_GGTGCGAA,-5.032765,6.5559125,10.398054,-8.957492
P5_GTACGCAA,3.5109694,6.361476,9.30753,2.9262977
P5_GTCGTAGA,-3.6637108,6.0387454,9.354833,-8.037998
P5_GTCTGTCA,3.3435602,6.4346695,9.232571,2.7502043
P5_GTGTTCTA,4.0463214,6.215883,9.197601,3.309418
P5_TAGGATGA,-5.950326,6.847461,11.332122,-9.267308
P5_TATCAGCA,3.250213,6.450753,9.1294775,2.6617844
P5_TCCGTCTA,-3.9356778,5.932507,9.468721,-8.258107
P5_TCTTCACA,-5.8686304,7.0503187,11.231719,-9.447425
P5_TGAAGAGA,-3.250193,6.3107014,8.866364,2.779111
P6_AACTCACC,2.4355283,4.688685,7.1349583,2.5739098
P6_AAGAGATC,0.6004955,6.577596,20.91617,17.506454
P6_AAGGACAC,0.5694923,7.3771996,21.373337,17.219503
P6_AATCCGTC,2.0941627,4.7045636,-4.2344036,10.961183
P6_AATGTTGC,3.4649324,4.6002474,6.9840846,2.740146
P6_ACAGATTC,2.0079558,4.4731503,-4.3352237,11.120715
P6_AGCACCTC,0.10023488,6.0556884,4.627758,12.371831
P6_AGCCATGC,2.218186,4.8330007,7.2251434,2.6964512
P6_AGGCTAAC,0.5859283,7.416609,21.402872,17.121008
P6_ATAGCGAC,0.46521986,6.2398205,21.023453,17.40564
P6_ATCATTCC,0.66892856,7.4934683,21.36924,17.146324
P6_ATTGGCTC,1.613986,5.6649384,-3.9316971,10.777681
P6_CAAGGAGC,2.426095,4.84248,-4.128969,10.774299
P6_CACCTTAC,0.8622358,6.962524,21.14678,17.406027
P6_CCATCCTC,4.424712,4.6712627,6.7011623,3.556297
P6_CCGACAAC,0.8620199,6.879681,20.996054,17.388468
P6_CCTAATCC,1.4140404,5.817254,17.650818,0.64515924
P6_CCTCTATC,3.3738604,4.596843,7.0560727,2.830464
P6_CGACACAC,0.45250264,7.397232,21.39929,17.135443
P6_CGGATTGC,1.118217,6.4764314,17.54041,0.6833153
P6_CTAAGGTC,1.8219937,5.4611673,-4.0806355,10.765749
P6_GACAGTGC,4.1127815,4.5381856,6.7949753,3.3576713
P6_GAGTTAGC,1.9671619,5.269557,-4.0744944,10.788558
P6_GATAGACA,0.8393011,6.718181,17.535791,0.5789647
P6_GATGAATC,2.5533679,4.875377,-4.322282,10.803588
P6_GCCACATA,-1.385836,8.94602,2.641529,12.191041
P6_GCGAGTAA,1.9732276,4.485837,-4.3549647,11.18502
P6_GCTAACGA,1.036783,6.8526406,21.04263,17.482634
P6_GCTCGGTA,4.5972624,4.750292,6.7716274,3.7458968
P6_GGAGAACA,0.8949984,6.807849,21.082808,17.454813
P6_GGTGCGAA,2.4865174,4.822988,-4.336511,10.95966
P6_GTACGCAA,3.5588045,4.553923,6.8428802,2.9116025
P6_GTCGTAGA,0.5696647,7.393285,21.496801,17.067364
P6_GTCTGTCA,1.0675187,6.748971,21.083105,17.42639
P6_GTGTTCTA,2.563623,4.7868557,7.1424837,2.646802
P6_TAGGATGA,1.1526847,6.5764775,17.428062,0.8075214
P6_TATCAGCA,1.6180336,5.6720595,-4.006478,10.843274
P6_TCCGTCTA,0.8358256,7.1524506,21.247746,17.284235
P6_TCTTCACA,0.863113,7.1855326,21.233059,17.317345
P6_TGAAGAGA,0.70890975,7.190501,21.285168,17.209557
P6_TGGAACAA,0.96702343,6.8147097,21.139894,17.4241
P6_TGGCTTCA,0.6238986,7.249404,21.350752,17.156307
P6_TGGTGGTA,5.6485467,5.9646187,7.361653,4.7988095
P6_TTCACGCA,1.6108532,5.6385326,-3.9902184,10.792203
P7_AAACATCG,6.881886,5.736275,7.0759597,5.986704
P7_AACAACCA,1.102481,5.973804,17.71392,0.88830954
P7_AACCGAGA,0.62346566,7.396335,21.468834,17.036362
P7_AACGCTTA,1.461165,5.777354,17.613356,0.7096045
P7_AACGTGAT,1.4269387,5.737657,17.597195,0.6259388
P7_AACTCACC,1.7344092,4.4582596,-4.3704286,11.126463
P7_AAGACGGA,0.7358408,6.950914,21.209126,17.280785
P7_AAGAGATC,0.46075183,5.4885006,17.811403,0.5906857
P7_AAGGACAC,1.7288675,5.03017,-4.300588,11.1290045
P7_AAGGTACA,0.38800436,5.7628126,9.214945,14.080689
P7_AATCCGTC,3.475943,4.522494,7.016221,2.9236712
P7_AATGTTGC,4.7755094,4.906297,6.8686676,4.0761623
P7_ACAAGCTA,1.3385985,5.8584533,17.687407,0.86658144
P7_ACACAGAA,1.839887,5.383314,-4.0627356,10.8309555
P7_ACACGACC,2.456627,4.734417,-4.247642,10.863702
P7_ACAGATTC,2.125511,4.747131,-4.3419347,11.03432
P7_ACAGCAGA,0.2811516,5.7115936,9.352409,14.143994
P7_ACATTGGC,3.5345364,4.553871,6.9339757,2.9937851
P7_ACCACTGT,2.0051353,4.533762,-4.4584093,11.139326
P7_ACCTCCAA,4.8037353,4.8332076,6.772592,3.9730272
P7_ACGCTCGA,3.5082176,4.6119957,7.045304,2.9393811
P7_ACGTATCA,0.4710399,5.9110584,17.649767,0.7411012
P7_ACTATGCA,6.607032,5.6728363,6.9443674,5.7290926
P7_AGAGTCAA,3.3540683,4.550759,7.06436,2.821138
P7_AGATCGCA,1.6109009,5.692445,-4.05494,10.797867
P7_AGATGTAC,1.3065436,5.896551,17.75678,0.5951773
P7_AGCAGGAA,0.7092992,7.157038,21.275969,17.314114
P7_AGGCTAAC,0.7355685,6.4090858,17.49316,0.54047817
P7_AGTACAAG,1.7845501,4.7077756,-4.37737,11.224769
P7_AGTCACTA,1.1038326,6.6536717,21.043068,17.519485
P7_AGTGGTCA,1.7527586,5.3907514,-4.12047,10.882417
P7_ATAGCGAC,1.7910285,4.7517066,-4.374088,11.1761465
P7_ATCATTCC,0.64227563,6.7443085,20.984367,17.379675
P7_ATCCTGTA,3.2918496,4.58782,7.0478835,2.6978946
P7_ATGCCTAA,1.9525845,4.9589577,7.296729,2.60294
P7_ATTGAGGA,0.59294873,7.376432,21.381393,17.127329
P7_ATTGGCTC,1.6887969,5.40043,-3.9486046,10.953614
P7_CAACCACA,1.0958585,6.7611957,21.15761,17.487638
P7_CAAGACTA,4.578257,4.705921,6.751412,3.795701
P7_CAAGGAGC,1.1989883,6.317923,17.611776,0.7117499
P7_CAATGGAA,2.31271,4.896114,-4.1653175,10.9085245
P7_CACCTTAC,0.25266346,5.8823767,9.360788,14.102888
P7_CACTTCGA,0.82696015,5.975181,17.698896,0.75571346
P7_CAGATCTG,1.9524937,5.049892,-4.233185,11.029036
P7_CAGCGTTA,6.6469684,5.6411033,6.923432,5.598971
P7_CATACCAA,2.3323426,4.632813,-4.3408055,10.982453
P7_CATCAAGT,3.5455573,4.588259,6.956422,2.9193764
P7_CCAGTTCA,1.6928545,5.4819684,-4.0752664,10.874346
P7_CCATCCTC,6.804204,5.789607,7.02675,5.788695
P7_CCGAAGTA,0.7951399,6.7206106,20.99666,17.41166
P7_CCGACAAC,0.63063735,7.290299,21.349125,17.124552
P7_CCGTGAGA,-1.7581204,9.383167,2.181751,11.925578
P7_CCTAATCC,1.292755,6.1400385,17.589539,0.81554645
P7_CCTCCTGA,3.3301878,4.5736704,6.9526796,2.7598245
P7_CCTCTATC,3.0852306,4.5575113,7.0490613,2.5746305
P7_CGAACTTA,0.6808449,7.054553,21.182793,17.232407
P7_CGACACAC,-1.2368399,6.6073546,4.342663,11.812266
P7_CGACTGGA,-1.7748351,9.080987,2.5311818,11.781133
P7_CGCATACA,0.9841198,6.593847,20.987299,17.45769
P7_CGCTGATC,1.9749241,5.3525076,-4.057195,10.755924
P7_CGGATTGC,1.5078027,5.8595557,17.663563,0.7288002
P7_CTAAGGTC,6.514426,5.92534,7.1875668,5.565798
P7_CTGAGCCA,0.92327464,5.87229,17.570929,0.74000335
P7_CTGGCATA,1.1510977,6.4978485,17.49776,0.7978422
P7_CTGTAGCC,5.070294,5.0318,6.856727,4.1883664
P7_GAACAGGC,0.15067276,5.6462197,9.234959,14.1406555
P7_GAATCTGA,3.5978622,4.532641,6.950406,2.9726312
P7_GACAGTGC,3.0975602,4.6357493,7.100073,2.6575246
P7_GACTAGTA,0.33434728,5.8037424,20.891861,17.387318
P7_GAGTTAGC,-0.3674899,6.2712746,4.580348,11.999291
P7_GATAGACA,1.1568025,6.5253015,17.533749,0.82702506
P7_GATGAATC,1.7528094,5.2124267,-4.1874094,10.882062
P7_GCCAAGAC,0.55791235,7.376716,21.47134,17.090286
P7_GCCACATA,1.524582,5.8991237,17.570559,0.76885664
P7_GCGAGTAA,1.2702695,6.3652697,17.548487,0.68632525
P7_GCTAACGA,5.2751007,5.2315893,7.0364413,4.3835273
P7_GCTCGGTA,3.7280018,4.5420823,6.84597,3.128533
P7_GGTGCGAA,1.3827463,6.1550097,17.529387,0.7107162
P7_GTACGCAA,2.125689,4.9938483,-4.2053804,10.909658
P7_GTCGTAGA,0.96596676,5.750873,17.711578,0.5377741
P7_GTCTGTCA,1.5432895,5.776331,17.529243,0.71988386
P7_GTGTTCTA,0.620119,7.04178,21.164421,17.267204
P7_TAGGATGA,0.69790417,6.937039,21.114372,17.307493
P7_TATCAGCA,0.13648547,5.8669195,9.278107,14.063067
P7_TCCGTCTA,0.2888879,5.881741,9.302026,14.143349
P7_TCTTCACA,0.5878536,7.4759016,21.417463,17.11164
P7_TGAAGAGA,1.2167397,6.41525,17.520742,0.73697555
P7_TGGAACAA,3.1818812,4.538953,7.0232754,2.7140152
P7_TGGCTTCA,0.5589325,6.6661463,20.964851,17.277473
P7_TGGTGGTA,-0.37872615,6.422595,4.597606,12.285404
P7_TTCACGCA,0.94003946,6.3239827,17.47929,0.64743495
P8_AACAACCA,3.805088,6.67169,8.752659,3.209476
P8_AACCGAGA,-6.0610476,6.6176605,11.574829,-9.007412
P8_AACGCTTA,-4.235514,6.0807576,10.118702,-7.8699403
P8_AACGTGAT,6.32657,5.766816,7.42589,5.481525
P8_AACTCACC,4.448067,9.0735445,2.7417135,-5.5325623
P8_AAGAGATC,5.6415186,6.6689386,8.050258,4.97438
P8_AATGTTGC,4.7272944,6.370306,9.093333,4.146037
P8_ACAAGCTA,-3.7829475,6.426446,-1.1440294,2.3813152
P8_ACACGACC,-5.964564,4.528119,11.922825,-8.018214
P8_ACAGATTC,6.69628,6.1943116,7.525318,5.7250276
P8_ACATTGGC,-4.9156747,6.1467047,10.454336,-8.130109
P8_AGAGTCAA,4.062419,9.9550085,2.592065,-4.4897194
P8_AGCAGGAA,-5.332628,4.9064856,11.237572,-7.9083962
P8_AGCCATGC,5.2015424,6.1671734,8.072666,4.647522
P8_AGGCTAAC,-5.4791555,4.926067,11.456123,-7.8826575
P8_AGTACAAG,3.7830238,6.5372014,8.982112,3.1859822
P8_AGTCACTA,-5.929875,4.5409927,11.987508,-8.085073
P8_AGTGGTCA,5.618253,6.28538,7.7805276,4.790479
P8_ATAGCGAC,-6.150683,4.5912642,12.114771,-8.375613
P8_ATCATTCC,-6.058168,4.4209533,12.101611,-8.181416
P8_ATCCTGTA,4.015977,10.131183,2.5596704,-4.5419707
P8_ATGCCTAA,-4.227664,6.183419,10.028172,-7.9204907
P8_ATTGAGGA,-5.0073605,5.054528,10.929835,-7.9345236
P8_ATTGGCTC,-5.4261303,4.769585,11.514381,-7.843804
P8_CAAGACTA,-3.410777,4.724613,2.6042545,-6.4252563
P8_CAAGGAGC,-3.5020282,4.9140964,2.4991753,-6.3655005
P8_CAATGGAA,-4.92957,4.974827,-0.037204333,-3.8919296
P8_CACCTTAC,-5.590257,4.5927205,11.690346,-7.7655535
P8_CACTTCGA,-4.9502215,3.5688596,14.76967,-6.3074837
P8_CAGATCTG,3.3575027,6.6189795,8.744563,3.051151
P8_CAGCGTTA,4.636579,6.3170686,9.030784,4.019826
P8_CATACCAA,-5.2607646,4.8068085,11.441588,-7.70658
P8_CATCAAGT,5.8501225,6.0880213,7.648074,5.0653567
P8_CCAGTTCA,-6.125459,4.5740733,12.128071,-8.331304
P8_CCATCCTC,4.501143,6.334565,9.244946,4.021327
P8_CCGAAGTA,-4.7939606,4.799793,-0.02177796,-3.914508
P8_CCGACAAC,-5.7988486,4.552148,11.883721,-7.9694357
P8_CCGTGAGA,-5.766394,4.5592437,11.89448,-7.8830705
P8_CCTAATCC,-5.543224,4.6486073,11.714729,-7.782644
P8_CCTCCTGA,5.264387,5.9100986,8.054257,4.529603
P8_CCTCTATC,-3.4113202,3.9241748,2.411306,-6.7576156
P8_CGAACTTA,-5.6927447,4.6051292,11.829806,-7.766969
P8_CGACACAC,-6.094122,4.5318246,12.071365,-8.197109
P8_CGACTGGA,5.4073715,6.4770694,8.180929,4.740351
P8_CGCTGATC,3.48242,6.936467,8.488292,3.091011
P8_CGGATTGC,-5.890806,4.449902,11.881075,-7.9445386
P8_CTAAGGTC,-3.3945634,4.900975,9.429189,3.4922664
P8_CTCAATGA,4.072609,10.136412,2.5915964,-4.4563756
P8_CTGAGCCA,3.8908558,10.534074,2.45225,-4.1702785
P8_CTGGCATA,3.7176654,11.004639,2.1512578,-3.7591922
P8_CTGTAGCC,-3.801135,6.4828734,-1.1923105,2.3899062
P8_GAACAGGC,-4.8180704,3.5887294,14.841222,-6.332265
P8_GACAGTGC,-4.585181,5.0866375,10.46282,-7.9406033
P8_GACTAGTA,4.9131966,7.491676,8.738827,4.205805
P8_GAGTTAGC,-6.333553,4.6903067,6.107333,13.417144
P8_GATGAATC,-5.685864,4.5933924,11.774865,-7.866383
P8_GCCAAGAC,-6.2088776,4.557115,12.147692,-8.179479
P8_GCCACATA,-5.6345377,4.49547,11.809205,-7.7921696
P8_GCGAGTAA,-3.2569525,4.6866264,2.6349611,-6.483399
P8_GCTAACGA,4.6278768,6.243493,9.240007,4.08496
P8_GCTCGGTA,-2.9947371,4.664215,9.513132,3.6262023
P8_GGAGAACA,-5.3103805,4.8820424,11.298863,-7.8063645
P8_GGTGCGAA,-5.545001,4.561487,11.720678,-7.6563945
P8_GTACGCAA,-3.6106615,4.8368263,2.598724,-6.4394646
P8_GTCGTAGA,-4.3267484,3.7143533,14.8655815,-6.3109803
P8_GTCTGTCA,-3.6660259,3.8825035,2.3908913,-6.7405267
P8_GTGTTCTA,-3.8057406,3.842301,2.3473833,-6.827011
P8_TAGGATGA,-5.9785905,4.5511155,11.975975,-7.9882264
P8_TATCAGCA,-4.960392,3.6189625,14.816411,-6.3567314
P8_TCCGTCTA,-5.8223186,4.5778685,11.877223,-7.7810616
P8_TCTTCACA,-5.2379355,3.723497,14.796698,-6.418178
P8_TGAAGAGA,-4.9409685,3.4845753,14.703442,-6.45186
P8_TGGCTTCA,4.072415,10.230299,2.518717,-4.365989
P9_AAACATCG,-3.1529443,4.5093904,9.5915985,3.6325753
P9_AACCGAGA,5.8940444,6.6412277,8.045487,5.0484047
P9_AACGTGAT,-5.1509147,4.7964077,11.3799095,-7.76646
P9_AAGAGATC,4.7415247,6.849078,8.873622,4.172084
P9_AAGGACAC,-4.969021,4.6948047,-0.09264461,-3.9030962
P9_AATGTTGC,6.717248,6.0910387,7.428211,5.8404026
P9_ACACGACC,-3.1990883,4.078626,9.594184,3.8076136
P9_ACAGATTC,-3.31454,4.050348,9.712963,3.8612092
P9_ACATTGGC,-3.5128167,3.982811,2.4629328,-6.6854053
P9_ACCACTGT,-3.3789864,4.758417,2.6296222,-6.4935775
P9_ACCTCCAA,6.5714536,6.3449497,7.6658454,5.6679397
P9_AGATCGCA,-6.251429,4.583575,6.06639,13.455705
P9_AGATGTAC,-5.8936396,4.331958,12.0634775,-7.9411073
P9_AGCACCTC,-5.7884126,4.521396,11.910767,-7.8235936
P9_AGCAGGAA,-5.0556235,3.6290262,14.777864,-6.3567677
P9_AGCCATGC,-3.2921417,4.0265117,2.4861524,-6.6853433
P9_AGGCTAAC,-3.622855,3.7957714,2.4281003,-6.7823124
P9_AGTCACTA,-3.8039038,4.922599,2.3399656,-6.513955
P9_AGTGGTCA,-5.3955894,4.753827,11.559786,-7.761847
P9_ATAGCGAC,-5.45978,4.6238422,11.586252,-7.6407075
P9_ATCATTCC,-3.6715586,3.909005,2.4374855,-6.8122897
P9_ATCCTGTA,4.8011107,6.55473,9.135721,4.2892966
P9_ATGCCTAA,-3.2458093,4.6275,9.610237,3.635261
P9_ATTGAGGA,-5.281683,3.7758965,14.732055,-6.400593
P9_CAACCACA,-4.783101,3.4800181,14.8802805,-6.3710976
P9_CAAGACTA,5.369729,5.808795,7.8559394,4.649103
P9_CAAGGAGC,-4.6360297,3.611675,14.815662,-6.3597627
P9_CAATGGAA,5.1085844,7.078081,8.606081,4.4511576
P9_CACCTTAC,-6.0380287,4.2035365,5.9127226,13.191699
P9_CACTTCGA,-4.803186,4.899875,0.073725656,-3.9394803
P9_CAGATCTG,4.61411,6.298766,9.0106735,4.0226727
P9_CAGCGTTA,5.697724,5.86101,7.594128,4.9592943
P9_CATACCAA,-3.0968363,4.0880384,9.608832,3.925911
P9_CATCAAGT,-3.1308706,4.563644,9.612479,3.6955707
P9_CCAGTTCA,-3.1866844,3.997127,9.651437,4.051225
P9_CCATCCTC,4.4701185,6.4315553,9.49724,3.806082
P9_CCGAAGTA,4.937906,7.0411367,8.683758,4.3094077
P9_CCGACAAC,-5.343676,3.7921247,14.757909,-6.3770223
P9_CCGTGAGA,-6.018561,4.3050957,5.929786,13.197753
P9_CCTAATCC,-5.891699,4.3793955,11.994524,-7.9093385
P9_CCTCCTGA,6.889327,5.8693824,7.1978464,6.003262
P9_CCTCTATC,-3.2082999,4.0451345,2.4485052,-6.7131715
P9_CGAACTTA,5.265439,6.920241,8.503845,4.6442676
P9_CTCAATGA,6.22238,6.519212,7.8556848,5.4224024
P9_GATAGACA,-3.8001099,3.8874934,2.3539307,-6.8410563
P9_GCCACATA,-4.8699684,4.7893586,-0.05390667,-3.9098246
P9_GCTCGGTA,-3.4511232,4.662266,2.5211596,-6.4805894
P9_GGAGAACA,-5.6795573,4.5824413,11.83226,-7.7307234
P9_GGTGCGAA,-3.2417316,4.1478333,2.62151,-6.732211
P9_GTACGCAA,-3.213174,4.63832,2.6617165,-6.5155253
P9_GTCGTAGA,-5.920205,4.269838,12.030149,-7.9085703
P9_GTCTGTCA,-6.159496,4.4048886,6.004876,13.380935
P9_GTGTTCTA,-3.125623,4.2334256,9.758856,3.9131367
P9_TAGGATGA,4.511151,6.8041053,9.472697,4.117704
P9_TATCAGCA,4.4161754,6.7151074,9.476942,3.941163
P9_TCCGTCTA,-5.1626782,4.760295,11.413591,-7.7288117
P9_TGAAGAGA,-6.1699734,4.427663,6.062986,13.381252
P9_TGGAACAA,4.972347,7.9002285,8.767111,4.227897
P9_TGGCTTCA,4.4524717,8.523803,8.726792,4.060885
P9_TTCACGCA,-4.9652987,3.5192409,14.789923,-6.337193
pgEpiSC_low_AAACATCG,1.8120143,2.692204,17.697023,-3.1493216
pgEpiSC_low_AACAACCA,3.527207,3.5226116,6.228194,2.7986255
pgEpiSC_low_AACCGAGA,2.4580152,2.8595285,17.555086,-3.4553132
pgEpiSC_low_AACGCTTA,3.8022537,3.754444,6.2057967,2.9878318
pgEpiSC_low_AACTCACC,4.555426,4.415266,6.542643,3.6485648
pgEpiSC_low_AAGACGGA,0.9190917,1.9310641,17.651463,-2.1680517
pgEpiSC_low_AAGAGATC,2.1096556,3.0039,6.143611,2.0901773
pgEpiSC_low_AAGGACAC,0.14909667,2.1714544,18.077202,-1.6780688
pgEpiSC_low_AAGGTACA,2.6958265,3.0204928,5.9956765,2.1248004
pgEpiSC_low_AATCCGTC,0.6779262,2.20567,17.92748,-2.1156473
pgEpiSC_low_AATGTTGC,5.5653057,5.2783327,6.8962836,4.606357
pgEpiSC_low_ACAAGCTA,2.7893531,3.058766,6.1244135,2.0909686
pgEpiSC_low_ACACAGAA,2.84634,3.0949903,5.973006,2.2510943
pgEpiSC_low_ACACGACC,2.3544376,2.9560428,17.65945,-3.4922645
pgEpiSC_low_ACAGATTC,1.3094598,2.9059908,17.940367,-2.8924162
pgEpiSC_low_ACAGCAGA,2.1242568,3.0323994,17.928123,-3.3759053
pgEpiSC_low_ACATTGGC,3.2673316,3.3673747,6.037693,2.4446397
pgEpiSC_low_ACCTCCAA,5.5161834,5.3056445,7.0622063,4.5851574
pgEpiSC_low_ACGCTCGA,2.3234441,2.9528942,17.829967,-3.4562566
pgEpiSC_low_AGAGTCAA,6.9175916,5.842935,7.049556,5.9454355
pgEpiSC_low_AGATCGCA,-0.6056711,2.1990802,18.67701,-1.4084203
pgEpiSC_low_AGATGTAC,3.2608297,3.3213527,6.0252275,2.526207
pgEpiSC_low_AGCACCTC,2.32179,2.7735918,17.651993,-3.4147928
pgEpiSC_low_AGCAGGAA,0.50819415,2.520196,18.178389,-2.1195493
pgEpiSC_low_AGCCATGC,2.6974509,3.043962,6.0727534,2.162166
pgEpiSC_low_AGGCTAAC,1.9894588,2.8083303,17.7024,-3.5449333
pgEpiSC_low_AGTCACTA,0.9473016,2.348636,17.74483,-2.6075757
pgEpiSC_low_AGTGGTCA,-0.098013826,1.9871854,17.967033,-1.1855766
pgEpiSC_low_ATAGCGAC,0.43197122,2.342668,17.9633,-1.9082408
pgEpiSC_low_ATCCTGTA,2.886341,3.2388964,6.1250796,2.2764022
pgEpiSC_low_ATGCCTAA,1.2589768,2.2529898,17.567627,-2.5892432
pgEpiSC_low_ATTGAGGA,-1.4701786,1.7283775,5.4774446,11.205711
pgEpiSC_low_ATTGGCTC,1.6352733,3.0836773,18.1213,-3.1513891
pgEpiSC_low_CAACCACA,0.17255682,2.3468213,18.090658,-1.7689118
pgEpiSC_low_CAAGACTA,3.0156271,3.1883404,6.0499835,2.3081534
pgEpiSC_low_CAAGGAGC,-0.18426548,2.4527545,18.56908,-1.6750715
pgEpiSC_low_CAATGGAA,0.70661247,2.0738697,17.82769,-2.2064774
pgEpiSC_low_CACCTTAC,0.42051506,2.8327093,18.351902,-2.2248065
pgEpiSC_low_CACTTCGA,-0.5215996,2.133955,18.605848,-1.3436954
pgEpiSC_low_CAGATCTG,5.29655,5.1293063,7.078235,4.312527
pgEpiSC_low_CAGCGTTA,7.1229315,5.5675836,6.839215,6.177831
pgEpiSC_low_CATACCAA,1.4767891,3.0136552,18.109783,-3.1289551
pgEpiSC_low_CATCAAGT,2.3702579,2.9649591,6.0511394,2.0943646
pgEpiSC_low_CCAGTTCA,0.8194539,2.836442,18.155859,-2.4710095
pgEpiSC_low_CCGAAGTA,0.25741085,2.719491,18.491766,-2.1303442
pgEpiSC_low_CCGACAAC,-0.124065705,2.4791005,18.587713,-1.7353803
pgEpiSC_low_CCGTGAGA,-0.35293117,2.3776357,18.667011,-1.5559171
pgEpiSC_low_CCTAATCC,1.8861986,2.9415226,17.955627,-3.311269
pgEpiSC_low_CCTCCTGA,3.4514537,3.4644778,6.0884323,2.7659647
pgEpiSC_low_CCTCTATC,3.4162443,3.4340665,6.1306553,2.7305856
pgEpiSC_low_CGAACTTA,0.2981404,2.6676378,18.394697,-2.0842419
pgEpiSC_low_CGACACAC,-0.5082562,2.3160126,18.723667,-1.4990265
pgEpiSC_low_CGACTGGA,-0.24659465,2.4322293,18.55358,-1.6914235
pgEpiSC_low_CGCATACA,-0.79477096,2.146885,18.720488,-1.1891223
pgEpiSC_low_CGGATTGC,1.3290347,3.0534859,18.147076,-3.0070562
pgEpiSC_low_CTAAGGTC,2.0826201,2.9676547,17.927805,-3.3009863
pgEpiSC_low_CTCAATGA,1.5226626,2.891585,18.047222,-3.14726
pgEpiSC_low_CTGAGCCA,0.69031185,2.5177495,18.138937,-2.2298284
pgEpiSC_low_CTGGCATA,7.1736474,5.6220145,6.9052463,6.3188667
pgEpiSC_low_CTGTAGCC,3.042201,3.1966984,5.9179416,2.3371315
pgEpiSC_low_GAACAGGC,-0.28988597,2.0493762,18.47553,-1.439713
pgEpiSC_low_GAATCTGA,3.1675525,3.2816706,6.065839,2.373594
pgEpiSC_low_GACAGTGC,2.4904492,2.9452443,6.0751276,2.091696
pgEpiSC_low_GACTAGTA,-0.48161757,2.2642748,18.791891,-1.4219688
pgEpiSC_low_GAGCTGAA,0.36031654,2.313469,17.91768,-1.8283013
pgEpiSC_low_GATAGACA,-0.309528,2.4366426,18.74163,-1.6377956
pgEpiSC_low_GATGAATC,1.4135305,2.6978958,17.844507,-2.8275836
pgEpiSC_low_GCCAAGAC,6.9765725,5.6873264,7.1694527,5.8275795
pgEpiSC_low_GCCACATA,1.4391681,2.9637876,18.126616,-3.1886225
pgEpiSC_low_GCGAGTAA,5.510135,5.2218823,6.957695,4.643071
pgEpiSC_low_GCTAACGA,1.0413685,2.9436867,18.164055,-2.7619617
pgEpiSC_low_GCTCGGTA,3.5675306,3.5838666,6.2003584,2.8369863
pgEpiSC_low_GGAGAACA,0.3984029,2.3036764,17.882854,-1.8797318
pgEpiSC_low_GGTGCGAA,2.4287694,2.8423638,17.71382,-3.524339
pgEpiSC_low_GTACGCAA,4.992861,4.7539606,6.704136,4.148426
pgEpiSC_low_GTCGTAGA,1.2086892,2.7805095,17.984375,-2.8706515
pgEpiSC_low_GTCTGTCA,2.2631414,2.7953496,17.769602,-3.3434386
pgEpiSC_low_GTGTTCTA,2.4285588,2.8558362,6.169897,2.0423348
pgEpiSC_low_TAGGATGA,2.2395124,2.7605684,17.630173,-3.4711044
pgEpiSC_low_TATCAGCA,0.9303804,2.4286869,17.825563,-2.5126615
pgEpiSC_low_TCCGTCTA,0.5584193,2.4258776,17.965633,-2.0003126
pgEpiSC_low_TCTTCACA,0.6881495,2.4522,17.761957,-2.1298146
pgEpiSC_low_TGAAGAGA,2.6055675,2.9367485,6.111617,2.0462952
pgEpiSC_low_TGGAACAA,1.5112239,2.7123165,17.812647,-2.9658499
pgEpiSC_low_TGGTGGTA,1.1717649,2.6765065,17.927565,-2.7313852
pgEpiSC_low_TTCACGCA,0.6589285,2.6223688,17.979246,-2.0559142
pgEpiSC_high_AAACATCG,2.4741397,2.7345603,17.56804,-3.5327063
pgEpiSC_high_AACAACCA,1.5267988,2.3317463,17.419952,-2.9112291
pgEpiSC_high_AACCGAGA,2.662283,2.832573,6.27936,2.219586
pgEpiSC_high_AACGCTTA,0.8505844,2.063641,17.811432,-2.2187388
pgEpiSC_high_AACGTGAT,0.16427319,1.9077848,17.875845,-1.4780937
pgEpiSC_high_AACTCACC,1.1896966,2.1997383,17.573753,-2.6067846
pgEpiSC_high_AAGACGGA,1.0582043,1.9942001,17.385567,-2.3474946
pgEpiSC_high_AAGAGATC,0.5757747,2.2217047,17.584576,-1.9336208
pgEpiSC_high_AAGGACAC,-0.86306304,1.8030776,18.499214,-1.1731386
pgEpiSC_high_AAGGTACA,0.85308766,2.352062,17.595598,-2.2859032
pgEpiSC_high_AATCCGTC,0.41135064,1.7715088,17.64876,-1.7337946
pgEpiSC_high_AATGTTGC,4.8917456,4.7368355,6.6780667,3.9967458
pgEpiSC_high_ACAAGCTA,0.55135924,1.9860023,17.611832,-1.879051
pgEpiSC_high_ACACAGAA,1.0477353,2.029843,17.342667,-2.3763034
pgEpiSC_high_ACACGACC,-0.17408544,1.9828166,18.006142,-1.0740051
pgEpiSC_high_ACAGATTC,1.496525,2.4015427,17.35067,-2.7438679
pgEpiSC_high_ACAGCAGA,-0.6750734,1.9208527,18.526094,-1.0659736
pgEpiSC_high_ACATTGGC,2.6216776,2.846542,6.050292,2.078839
pgEpiSC_high_ACCACTGT,0.8401341,2.079069,17.432205,-2.1113956
pgEpiSC_high_ACCTCCAA,3.2283714,3.2711947,5.9369593,2.3944535
pgEpiSC_high_ACGCTCGA,2.3612134,2.803512,6.184559,2.0347395
pgEpiSC_high_ACGTATCA,1.1428382,2.1303172,17.260952,-2.4279094
pgEpiSC_high_ACTATGCA,7.2167325,5.514594,6.9240584,6.2715406
pgEpiSC_high_AGAGTCAA,0.6090631,2.1272154,17.498047,-2.0908477
pgEpiSC_high_AGATCGCA,-1.5253009,1.6954472,5.574926,11.169678
pgEpiSC_high_AGATGTAC,1.8294564,2.540399,17.550581,-3.086373
pgEpiSC_high_AGCACCTC,0.18614037,1.8884562,17.723753,-1.3250139
pgEpiSC_high_AGCAGGAA,-1.0929663,2.008737,18.621561,-1.039176
pgEpiSC_high_AGCCATGC,3.0900524,3.1609464,6.2463207,2.3142765
pgEpiSC_high_AGGCTAAC,-0.5019303,2.259589,18.743416,-1.3266802
pgEpiSC_high_AGTACAAG,0.941436,2.0638952,17.332003,-2.165168
pgEpiSC_high_AGTCACTA,-1.307629,1.7766987,5.6389623,11.116696
pgEpiSC_high_AGTGGTCA,-1.078734,1.9057573,18.525597,-0.9641564
pgEpiSC_high_ATAGCGAC,0.13093692,2.2994475,18.139769,-1.7144663
pgEpiSC_high_ATCATTCC,1.3983065,2.948229,17.896255,-2.956578
pgEpiSC_high_ATCCTGTA,1.2893536,2.1754563,17.310976,-2.5214422
pgEpiSC_high_ATGCCTAA,2.787296,2.9584897,6.020299,2.1349437
pgEpiSC_high_ATTGAGGA,-0.9629389,1.9796019,18.554033,-0.9425945
pgEpiSC_high_ATTGGCTC,1.4665424,2.4844983,17.334461,-2.7691247
pgEpiSC_high_CAACCACA,-1.5750383,1.8109249,5.383772,11.203902
pgEpiSC_high_CAAGACTA,2.32564,2.6796575,17.574194,-3.3594604
pgEpiSC_high_CAAGGAGC,-0.8411605,2.1153505,18.46175,-0.9829967
pgEpiSC_high_CAATGGAA,-1.4573836,1.7122886,5.55085,11.1308155
pgEpiSC_high_CACCTTAC,0.91191435,2.096318,17.461233,-2.1209707
pgEpiSC_high_CACTTCGA,-1.369354,1.673137,5.720537,11.062167
pgEpiSC_high_CAGATCTG,-0.9849426,1.8214116,18.529343,-1.0366971
pgEpiSC_high_CAGCGTTA,5.7334676,5.397138,6.9634147,4.82298
pgEpiSC_high_CATACCAA,-0.898458,2.0283897,18.74398,-1.1287646
pgEpiSC_high_CATCAAGT,1.0356517,1.9937627,17.66201,-2.4676695
pgEpiSC_high_CCAGTTCA,-1.405119,1.658202,5.6776443,11.088928
pgEpiSC_high_CCATCCTC,3.8878527,3.7916157,6.3099794,3.156382
pgEpiSC_high_CCGAAGTA,0.27655587,1.8706332,17.592617,-1.5378247
pgEpiSC_high_CCGACAAC,0.045841023,1.9262012,17.950497,-1.3429533
pgEpiSC_high_CCGTGAGA,-1.2710823,1.6122365,5.5750155,11.017472
pgEpiSC_high_CCTAATCC,1.1027308,2.9375722,17.939413,-2.7638965
pgEpiSC_high_CCTCCTGA,1.7152317,2.4832666,17.35917,-2.9072375
pgEpiSC_high_CCTCTATC,0.98065335,2.1570208,17.565647,-2.33648
pgEpiSC_high_CGAACTTA,-0.85998994,1.9251375,18.43439,-1.0722181
pgEpiSC_high_CGACACAC,-0.7499722,2.002466,18.34252,-1.0153054
pgEpiSC_high_CGACTGGA,-1.4361836,1.6971639,5.626385,11.112161
pgEpiSC_high_CGCATACA,-1.2782023,1.866446,5.5055723,11.221153
pgEpiSC_high_CGCTGATC,0.40186417,1.880906,17.991676,-1.7936052
pgEpiSC_high_CGGATTGC,0.59439987,2.1323671,17.573637,-1.751998
pgEpiSC_high_CTAAGGTC,1.745935,3.0483994,18.049734,-3.2094152
pgEpiSC_high_CTCAATGA,-1.4444507,1.705799,5.6024365,11.092555
pgEpiSC_high_CTGAGCCA,-1.4218662,1.6568403,5.6435814,11.032272
pgEpiSC_high_CTGGCATA,-1.0990151,1.9584774,18.770054,-1.0302341
pgEpiSC_high_CTGTAGCC,0.8151998,1.9622234,17.416409,-2.0565567
pgEpiSC_high_GAACAGGC,2.1540353,3.0746412,6.0839458,2.1741087
pgEpiSC_high_GAATCTGA,1.9636103,2.4906557,17.43267,-3.274512
pgEpiSC_high_GACAGTGC,3.0567296,3.0610356,6.155734,2.2783673
pgEpiSC_high_GACTAGTA,-0.6181421,1.820343,18.48325,-1.1172557
pgEpiSC_high_GAGCTGAA,-1.2923516,1.7748315,18.482622,-0.9315674
pgEpiSC_high_GAGTTAGC,0.21549927,2.1119428,17.783632,-1.3636507
pgEpiSC_high_GATAGACA,0.07093325,1.8441379,17.851654,-1.3043071
pgEpiSC_high_GATGAATC,7.0288134,5.4950485,6.829498,6.1725354
pgEpiSC_high_GCCAAGAC,-1.1276001,1.8854839,18.393316,-0.98841834
pgEpiSC_high_GCCACATA,0.31173778,1.8693384,17.78013,-1.6108059
pgEpiSC_high_GCGAGTAA,1.11103,2.1270394,17.401766,-2.3754828
pgEpiSC_high_GCTAACGA,1.2659255,2.0925772,17.36407,-2.5740855
pgEpiSC_high_GCTCGGTA,5.303225,5.0403495,6.7942796,4.39403
pgEpiSC_high_GGAGAACA,1.3329235,2.319715,17.31898,-2.7054574
pgEpiSC_high_GGTGCGAA,3.0135067,3.126754,6.0787473,2.2186313
pgEpiSC_high_GTACGCAA,4.9891214,4.754466,6.707223,4.136593
pgEpiSC_high_GTCGTAGA,1.0671006,1.956942,17.71307,-2.5133753
pgEpiSC_high_GTCTGTCA,1.1862607,2.0265656,17.732101,-2.5500646
pgEpiSC_high_GTGTTCTA,2.8842044,3.0279417,6.192177,2.2544215
pgEpiSC_high_TAGGATGA,3.074087,3.031334,6.1782837,2.343117
pgEpiSC_high_TATCAGCA,0.73492765,1.9578953,17.622452,-1.9957955
pgEpiSC_high_TCCGTCTA,2.95824,2.9874427,6.0024295,2.1764545
pgEpiSC_high_TCTTCACA,5.879151,5.3968816,6.8573174,4.9995537
pgEpiSC_high_TGAAGAGA,2.5673988,2.7750769,17.515137,-3.461779
pgEpiSC_high_TGGAACAA,2.2514057,2.7617579,17.5169,-3.4009585
pgEpiSC_high_TGGCTTCA,0.73206836,1.9636756,17.686157,-1.9752356
pgEpiSC_high_TGGTGGTA,0.12485765,2.147027,17.989408,-1.4555668
pgEpiSC_high_TTCACGCA,0.82824534,2.2965124,17.536436,-2.2088504
SLX_13258.i710_i517,6.7364917,9.285728,1.2363272,-6.340545
SLX_13259.i712_i505,6.6547236,10.439103,-0.42403877,-5.961394
SLX_13255.i704_i507,6.9091125,10.041902,-0.06626837,-6.1444387
SLX_13255.i706_i505,6.766021,9.222406,0.96566844,-6.6111803
SLX_13256.i707_i517,6.485849,10.436115,-0.27994975,-5.5431886
SLX_13257.i709_i505,7.203399,10.683927,-0.97586876,-5.749638
SLX_13255.i705_i505,7.032091,10.537708,-1.0024412,-5.9031353
SLX_13256.i706_i517,6.859997,9.016804,0.7532389,-6.5044575
SLX_13258.i711_i517,6.9535165,10.031851,0.38849702,-5.977717
SLX_13257.i710_i505,6.7003427,9.2613535,1.0713513,-6.1134663
SLX_13254.i704_i517,7.0856643,10.569976,-0.60925084,-5.632781
SLX_13259.i702_i504,6.8371778,9.548743,0.85585135,-6.1242375
SLX_13260.i704_i503,7.0317316,10.024579,0.634179,-6.0639024
SLX_13259.i701_i504,7.2305436,10.832113,-0.86024135,-5.504449
SLX_13260.i703_i503,6.8673806,10.221228,0.051020853,-5.8538976
SLX_13261.i705_i507,6.8410635,9.974658,0.65233505,-6.0089636
SLX_13255.i707_i505,6.711819,9.348764,1.0857557,-6.159688
SLX_13256.i708_i517,6.7561665,9.356318,1.1686037,-6.181115
SLX_13261.i706_i507,6.633584,10.453217,-0.46320483,-5.664
SLX_13258.i705_i503,6.495988,10.4600725,-0.34241003,-5.7239485
SLX_13254.i702_i503,6.5436373,10.047821,0.40178108,-6.173524
SLX_13255.i708_i505,6.6472206,9.629188,0.7955755,-6.359523
SLX_13256.i709_i517,6.5586724,10.272462,-0.08251715,-5.918236
SLX_13257.i711_i505,6.64361,10.518659,-0.4694245,-5.5073805
SLX_13259.i703_i504,6.570842,10.50008,-0.56760323,-5.5242763
SLX_13254.i701_i503,6.5747104,9.350967,1.0935262,-6.3213363
SLX_13256.i710_i517,6.53443,10.46136,-0.356301,-5.6414447
SLX_13258.i702_i502,7.4370313,10.871357,-1.0252167,-5.3908515
SLX_13259.i704_i504,7.6743674,10.954091,-0.9556942,-5.275765
SLX_13260.i706_i503,6.4330177,10.533108,-0.30952838,-5.4394164
SLX_13261.i707_i507,7.573404,11.049778,-0.8273376,-5.2951093
SLX_13255.i710_i505,7.48118,10.855362,-0.95746493,-5.776167
SLX_13256.i711_i517,7.4755187,10.774619,-0.84902066,-5.765654
SLX_13259.i705_i504,6.701343,9.06507,1.4078034,-6.263045
SLX_13260.i707_i503,7.53657,10.794316,-0.774968,-5.7115035
SLX_13254.i703_i503,6.474126,9.837333,0.5765256,-6.1069465
SLX_13255.i711_i505,7.461098,11.157034,-0.73483837,-5.1225834
SLX_13256.i712_i517,7.49499,11.061116,-0.95713854,-5.433776
SLX_13257.i702_i506,6.5796723,9.896684,0.5710611,-5.8806186
SLX_13258.i703_i502,6.396491,10.384407,-0.19206758,-5.4777045
SLX_13259.i706_i504,7.4344606,10.438165,-0.65114594,-6.1363487
SLX_13260.i708_i503,6.4240017,10.398336,-0.20350368,-5.5327206
SLX_13261.i708_i507,7.3361754,10.022703,-0.2687821,-6.2555904
SLX_13261.i705_i504,6.4692016,10.359337,-0.12463089,-5.4198756
SLX_13261.i706_i504,6.340297,10.223396,0.11067605,-5.7745466
SLX_13261.i704_i503,6.451527,10.415291,-0.33505034,-5.5902257
SLX_13261.i705_i503,6.595144,10.212015,0.23895183,-6.0189443
SLX_13254.i707_i503,6.596644,11.594443,-0.24499223,-3.9388106
SLX_13257.i705_i506,4.6643543,6.5087514,2.245481,-6.5135527
SLX_13254.i705_i503,6.800282,11.706639,-0.21148463,-3.737663
SLX_13260.i711_i503,6.6331496,11.808066,-0.32498163,-3.6896443
SLX_13255.i712_i505,6.744897,11.794111,-0.34264335,-3.5646863
SLX_13256.i701_i502,6.9777966,11.831729,-0.17452991,-3.404655
SLX_13254.i704_i503,6.6191626,11.676077,-0.2727243,-3.8178167
SLX_13254.i705_i517,6.6588974,11.760247,-0.26125064,-3.7645974
SLX_13254.i706_i517,6.7605214,11.79077,-0.25949025,-3.499864
SLX_13256.i706_i502,6.8286457,11.230903,-0.34236598,-3.831759
SLX_13259.i711_i506,7.1462,11.4549885,-0.3500543,-3.3407583
SLX_13261.i702_i502,6.724434,11.426612,-0.24024926,-3.868864
SLX_13260.i709_i503,7.002744,11.806236,-0.2363906,-3.3095558
SLX_13258.i709_i502,6.879252,11.625025,5.8239326,14.552704
SLX_13261.i705_i502,7.1435823,11.507354,-0.5325253,-3.2703187
SLX_13255.i704_i506,7.1811423,11.428321,-0.5713704,-3.4346755
SLX_13258.i707_i502,7.139495,11.494695,-0.46982846,-3.5601509
SLX_13259.i709_i506,7.1170673,11.619008,-0.36301616,-3.1961257
SLX_13260.i701_i504,7.20765,11.592443,-0.2043782,-3.2016895
SLX_13257.i703_i506,7.0797434,11.493433,-0.6425384,-3.4276245
SLX_13258.i710_i502,6.950659,11.770126,-0.41864416,-3.2684429
SLX_13261.i710_i507,7.0745835,11.652938,-0.5327629,-3.378219
SLX_13255.i707_i506,7.127271,11.794382,-0.13196649,-3.2157857
SLX_13259.i712_i506,7.129879,11.626482,-0.2541236,-3.2657444
SLX_13258.i705_i502,4.9347787,9.142908,3.0988657,-4.7945266
SLX_13259.i707_i506,4.682759,9.225741,2.995998,-4.471736
SLX_13259.i708_i506,5.1376114,9.282709,2.8876696,-4.366288
SLX_13254.i708_i517,5.3623433,8.274514,3.0419161,-5.9660115
SLX_13254.i706_i503,5.1742353,9.023678,3.0055907,-4.966157
SLX_13255.i702_i506,5.2429247,8.670731,2.9572778,-5.7666097
SLX_13256.i703_i502,5.6164503,9.534589,2.7127073,-4.208851
SLX_13261.i709_i507,4.866675,9.099655,3.0828676,-4.59893
SLX_13255.i701_i506,5.102603,9.012864,2.9832983,-5.102661
SLX_13257.i704_i506,5.3303733,8.556741,2.5360394,-6.3965607
SLX_13258.i706_i502,5.2115765,8.871655,2.844164,-5.751574
SLX_13261.i711_i507,4.97895,9.502087,2.84549,-4.058128
SLX_13261.i712_i507,3.992845,10.233443,2.0512621,-3.163663
SLX_13257.i707_i506,4.3003497,9.164054,2.5261812,-4.5773926
SLX_13255.i703_i506,3.856692,10.397838,2.0607247,-3.0983953
SLX_13261.i704_i502,4.055483,9.924516,2.3794794,-3.4560928
SLX_13258.i708_i502,4.376758,9.149959,2.7192004,-4.400533
SLX_13259.i710_i506,5.082132,9.12299,3.0168736,-4.685837
SLX_13260.i712_i503,5.288065,9.230805,2.8899653,-4.541136
SLX_13260.i710_i503,5.2596254,8.48743,3.0916405,-5.7991676
SLX_13255.i705_i506,4.0300417,10.134593,2.2244673,-3.2459261
SLX_13257.i708_i506,4.193471,9.336395,2.4814663,-4.4476395
SLX_13255.i706_i506,4.112585,9.725013,2.3752594,-3.9576852
SLX_13256.i707_i502,3.9916213,10.04952,2.00885,-3.0926409
SLX_13258.i711_i502,4.3982177,10.258761,1.8016618,-3.3375087
SLX_13259.i701_i507,3.874763,10.106036,2.3243673,-3.336292
SLX_13260.i703_i504,4.3696113,9.133736,2.4594443,-4.525641
SLX_13261.i706_i503,5.5025086,9.017529,2.0164778,-6.1864643
SLX_13257.i701_i507,1.1521773,3.763429,9.380043,14.298375
SLX_13260.i710_i504,-0.2898021,5.402012,5.2522306,12.019469
SLX_13255.i702_i507,0.60444546,4.10074,8.788664,14.204112
SLX_13256.i703_i503,1.8664392,3.8761241,14.830568,-6.389051
SLX_13257.i705_i507,1.5543773,4.0023656,14.922513,-6.2234807
SLX_13258.i708_i503,0.64885515,4.0685973,5.414084,12.254714
SLX_13260.i712_i504,0.80464005,4.055407,8.943244,14.601077
SLX_13254.i712_i503,0.6612387,4.0270796,8.862984,14.372514
SLX_13261.i704_i507,0.7598081,3.862607,9.24241,14.307665
SLX_13259.i709_i507,1.0878751,3.9271107,9.335794,14.165973
SLX_13260.i711_i504,0.6678212,4.0476756,8.927255,14.246976
SLX_13254.i711_i503,0.71978784,3.9384043,9.018986,14.246551
SLX_13255.i703_i507,0.7165076,3.9443977,8.952353,14.515284
SLX_13256.i704_i503,0.756081,3.9463108,9.120308,14.232931
SLX_13257.i706_i507,0.7790185,4.031354,9.127881,14.288882
SLX_13261.i704_i506,0.8428464,4.095615,9.353573,14.296075
SLX_13254.i709_i503,-0.0011205785,5.0366435,5.457667,12.197525
SLX_13257.i702_i507,0.0761906,5.035519,5.5621405,12.345284
SLX_13257.i704_i507,0.26156566,4.6080227,5.6825585,12.135799
SLX_13258.i703_i503,0.2788549,4.712132,5.566897,12.117834
SLX_13258.i704_i503,0.044240158,4.7990975,5.577995,12.138768
SLX_13258.i706_i503,0.21520378,4.635475,5.6158776,12.085385
SLX_13259.i708_i507,0.40845332,4.3593206,5.8111424,12.071944
SLX_13260.i709_i504,-0.19221975,5.1321535,5.6129875,12.447185
SLX_13261.i703_i508,0.46341607,4.2454405,5.470554,12.285333
SLX_13256.i705_i503,-7.437805,7.0915112,11.769903,-9.198169
SLX_13257.i711_i506,-7.6290193,7.0799613,11.222402,-9.544487
SLX_13258.i701_i503,-7.441123,7.0631814,11.969085,-9.115359
SLX_13259.i703_i507,-8.000518,7.252538,10.007508,-8.480875
SLX_13260.i705_i504,-7.854569,7.2311425,11.135745,-8.289268
SLX_13259.i702_i507,-8.194448,7.385763,9.463735,-8.209226
SLX_13255.i709_i506,-8.01991,7.335152,10.268892,-8.434098
SLX_13256.i710_i502,-7.849491,7.1547637,11.254171,-8.046327
SLX_13255.i702_i508,-7.627075,7.015995,11.751621,-8.680504
SLX_13258.i712_i502,-7.53557,7.036018,11.767567,-9.095302
SLX_13254.i710_i517,-7.4836597,7.087016,6.1994367,13.887475
SLX_13260.i704_i504,-7.5809355,7.1254873,11.746743,-9.20913
SLX_13256.i708_i502,-7.329986,6.933869,12.097557,-8.953477
SLX_13255.i708_i506,-8.183939,7.2729445,10.548411,-8.20214
SLX_13256.i709_i502,-7.278583,6.8616924,12.136491,-8.703108
SLX_13260.i706_i504,-7.7354846,7.4581833,10.020493,-6.767877
SLX_13255.i710_i506,-7.8279204,7.373547,10.6759405,-9.100803
SLX_13256.i711_i502,-7.9161243,7.225542,10.382725,-9.004356
SLX_13254.i711_i517,-7.8940196,7.095001,10.950772,-8.743671
SLX_13255.i711_i506,-7.417809,6.998479,12.02014,-8.930504
SLX_13256.i712_i502,-7.5309954,7.0247135,11.502002,-9.554741
SLX_13259.i706_i507,-8.193735,7.307397,9.602174,-8.3687725
SLX_13260.i708_i504,-8.008959,7.1016626,10.870263,-8.660003
SLX_13254.i708_i503,-8.033633,7.1876173,10.618709,-8.652514
SLX_13255.i712_i506,-7.884754,7.2099013,10.692121,-9.215672
SLX_13256.i701_i503,-8.0116,7.31483,10.1358,-8.654346
SLX_13257.i703_i507,-7.7160273,7.061244,10.966087,-8.951449
SLX_13260.i705_i503,-8.189626,7.2826114,9.760122,-8.355897
SLX_13259.i707_i507,-8.242717,7.2572885,9.696944,-8.324223
SLX_13255.i701_i507,-7.3828783,7.0340366,12.0064335,-9.310515
SLX_13254.i712_i517,-7.996473,7.242311,10.317415,-8.532638
SLX_13259.i705_i507,-8.1466675,7.323238,9.832559,-8.221728
SLX_13260.i707_i504,-8.257346,7.246797,10.048428,-8.397195
SLX_13255.i704_i508,-7.289328,6.9022903,11.948937,-8.874566
SLX_13255.i705_i508,-7.6596193,7.0780306,11.688835,-9.202547
SLX_13256.i702_i503,-8.102551,7.3342686,9.948945,-8.0718155
SLX_13258.i709_i503,-1.1732867,4.1111336,4.1040487,11.410452
SLX_13259.i711_i507,-0.663205,3.781533,4.479964,12.09961
SLX_13260.i701_i505,-0.35257703,3.654223,4.6105685,12.581317
SLX_13256.i708_i503,-0.54032964,3.797327,4.542921,12.213699
SLX_13256.i706_i503,-1.127397,3.7869322,3.9867718,11.820975
SLX_13257.i708_i507,-0.88813454,3.8198957,4.2856455,12.253789
SLX_13258.i710_i503,-1.0721647,3.7644937,3.7877872,11.553454
SLX_13259.i712_i507,-1.1454977,3.670455,3.5845444,11.445443
SLX_13260.i702_i505,-0.7471078,3.866364,4.4014378,12.006313
SLX_13257.i707_i507,-0.6936278,3.8005667,4.48594,12.133771
SLX_13255.i706_i507,-0.7060741,3.6708071,4.440986,12.12827
SLX_13256.i707_i503,-1.3259959,3.7924259,3.5698001,11.299732
SLX_13261.i707_i508,-1.2138972,3.9536011,3.5976171,11.3796015
SLX_13257.i709_i507,2.0545573,3.308704,8.897419,13.956391
SLX_13257.i710_i507,-1.6097,3.45095,3.0196226,11.337022
SLX_13254.i703_i502,-1.2536849,3.6946933,3.582427,11.378432
SLX_13254.i704_i502,-1.3810297,3.6804056,3.3001978,11.191801
SLX_13258.i712_i503,-1.1020179,3.6587057,3.76076,11.453786
SLX_13255.i708_i507,-0.6453795,3.6100996,4.7298293,12.193856
SLX_13256.i709_i503,0.18471721,3.417626,4.7845817,11.9380245
SLX_13258.i701_i504,-1.117998,3.6967082,3.7754893,11.560057
SLX_13259.i702_i508,-1.42041,3.6173766,3.3030396,10.950531
SLX_13255.i709_i507,-1.0926285,3.8841143,3.659351,11.41097
SLX_13256.i710_i503,-1.3788527,3.6199858,3.2451584,11.242295
SLX_13261.i709_i508,-1.2633071,3.8033278,4.167623,11.490673
SLX_13254.i701_i504,-0.19303776,3.6447115,4.75796,12.367092
SLX_13255.i707_i507,-0.117451474,3.4946554,4.7529225,12.194291
SLX_13261.i708_i508,0.05122165,3.4688053,4.8414407,12.398286
SLX_13260.i703_i505,0.2697258,3.4194722,8.5317,13.824993
SLX_13256.i711_i503,-1.2235157,3.5808125,4.0722895,11.316767
SLX_13257.i701_i508,-1.6300075,3.4605978,2.671947,11.276473
SLX_13258.i703_i504,-1.3286124,3.53003,3.469905,11.17578
SLX_13259.i705_i508,-0.9815806,3.8439226,4.30762,11.723063
SLX_13260.i707_i505,-1.1665759,3.8840683,4.182995,11.672885
SLX_13254.i703_i504,-1.5659243,3.5015738,3.0512233,11.053684
SLX_13255.i711_i507,-1.0677103,3.675878,3.8582208,11.500217
SLX_13256.i712_i503,-0.9580253,3.465898,4.0724707,11.538461
SLX_13257.i702_i508,-1.5312766,3.5227635,3.022828,11.235727
SLX_13258.i704_i504,-1.5398029,3.5024128,3.0695698,11.146278
SLX_13259.i706_i508,-1.3504491,3.578112,3.44353,11.229323
SLX_13260.i708_i505,-1.3845991,3.6036806,3.3068569,11.073995
SLX_13254.i704_i504,-1.4819057,3.543558,3.3141978,11.0118
SLX_13255.i712_i507,-0.616526,3.5676785,4.668868,12.025081
SLX_13256.i701_i504,-1.5042269,3.450538,3.168606,11.243537
SLX_13257.i703_i508,-1.5086869,3.540973,2.880915,11.12519
SLX_13258.i705_i504,-1.4583272,3.6345747,3.2189083,11.184312
SLX_13259.i707_i508,-1.3709965,3.5533547,3.5437622,11.264417
SLX_13260.i704_i505,-0.14459294,3.399707,4.69232,12.116257
SLX_13258.i711_i503,2.7358582,6.0064826,9.744074,-6.369404
SLX_13259.i701_i508,3.0115414,6.0413013,9.612205,-6.663281
SLX_13254.i701_i502,2.635277,5.8467607,9.76665,-6.3762994
SLX_13254.i702_i502,2.7083304,5.9212265,9.817234,-6.45063
SLX_13261.i711_i508,-4.7020855,7.27732,5.2388535,14.050078
SLX_13261.i712_i508,-4.9714603,7.283718,5.5644603,14.0521
SLX_13257.i712_i507,-4.766421,7.2481327,5.404717,13.969044
SLX_13258.i702_i504,-4.9001007,7.0390096,5.5514026,13.90025
SLX_13259.i704_i508,-4.6844635,7.2505713,5.395181,14.110177
SLX_13260.i706_i505,-4.71858,6.9875164,5.580426,13.895506
SLX_13254.i702_i504,-4.8242707,7.138658,5.4341326,13.948376
SLX_13255.i710_i507,-4.2381945,6.565538,10.216476,-8.517861
GV1,0.44076964,5.272371,9.06036,6.9133883
GV2,0.53339654,5.2380776,9.029398,6.725571
GV3,0.5834512,5.187689,8.676937,6.410419
MII1,1.0663959,4.6531706,8.531191,6.3068895
MII2,0.91572005,4.598868,8.505209,6.289943
MII3,1.040136,4.6654058,8.515438,6.3063836
Oo_2,11.684827,21.524279,10.552942,10.064787
Oo_4,11.766412,21.517973,10.171113,10.077071
1-cell_1,11.642917,21.72271,10.747423,10.023375
1-cell_2,11.813998,21.55707,10.721377,10.009042
1-cell_3,11.757776,21.573387,10.342264,10.146671
2-cell_1,11.7270775,21.626724,10.886401,10.110251
2-cell_1_2,11.82168,21.529749,10.775337,10.009355
2-cell_3_1,11.724467,21.629656,10.886443,10.063326
2-cell_3_2,11.722865,21.644495,10.84021,10.053805
2-cell_5_1,11.813995,21.658018,10.783998,10.022945
2-cell_5_2,11.781991,21.59405,10.626141,10.073086
2-cell_pull,11.764401,21.59064,10.893978,10.088731
4-cell-1_1,15.628069,2.0748732,9.965701,7.200025
4-cell-1_2,15.483921,1.9353473,9.803765,6.999567
4-cell-1_3,15.623767,2.071477,9.7691765,7.0312624
4-cell-2_3,15.657176,2.1047657,9.890012,7.206059
4-cell-2_4,15.622881,2.0698738,9.847719,7.0535603
4-cell-3_1,15.632271,2.0794506,9.894536,7.194625
4-cell-3_2,15.628746,2.076551,9.954058,7.330186
4-cell-3_3,15.627317,2.0744383,9.949278,7.216046
4-cell-3_4,15.658848,2.105877,9.960224,7.3293786
4-cell-4_1,15.668116,2.1189315,9.809962,7.040494
4-cell-4_2,15.533305,1.9917263,9.720424,6.8705335
4-cell-4_3,15.5766945,2.0246458,9.7820635,7.031456
4-cell-4_4,15.559619,2.0072956,9.723315,7.0287814
4-cell-pull,15.671645,2.131835,10.248476,9.123443
8-cell_1_1,-1.8468269,14.787738,0.6495571,-6.551561
8-cell_1_2,-1.8021543,14.732794,0.8543366,-6.6460605
8-cell_1_3,-1.980741,14.863667,-0.96873695,-6.3190794
8-cell_1_4,-2.1747723,15.01175,-0.932684,-6.3647337
8-cell_1_5,-1.9560244,14.872257,-0.011827107,-6.651965
8-cell_1_6,-2.0587163,14.94124,-0.87987626,-6.22864
8-cell_1_7,-2.0437684,14.940064,-0.7170461,-6.334198
8-cell_1_8,-2.0705402,15.059331,-0.59230363,-6.405531
8-cell_2_1,-2.171982,15.063834,-0.9153989,-6.3769884
8-cell_2_2,-2.205171,15.107618,-0.6663511,-6.55747
8-cell_2_3,-2.0435662,15.029515,-0.8802841,-6.555369
8-cell_2_4,-2.1869116,15.087451,-0.55710423,-6.6636834
8-cell_2_5,-2.110045,14.913029,-0.77209693,-6.412082
8-cell_2_6,-1.8442488,14.77731,0.5742351,-6.5010777
8-cell_2_7,-2.0750494,14.999412,-0.5532499,-6.515624
8-cell_2_8,-1.9313073,14.898502,0.303439,-6.598821
8-cell_3_1,-2.060894,14.948135,-0.8479434,-6.1981773
8-cell_3_2,-2.1877491,15.08501,-0.6069727,-6.355648
8-cell_3_3,-2.2134013,15.069226,-0.9105326,-6.3259006
8-cell_3_5,-2.1741648,15.065511,-0.8040838,-6.393158
8-cell_3_6,-2.1486158,15.043216,-0.73223084,-6.4793496
8-cell_3_7,-2.2549133,15.145892,-0.82089573,-6.4133253
8-cell_3_8,-2.1432257,15.041367,-0.6768107,-6.518128
8-cell_4_1,-1.9250801,14.81966,-0.885762,-6.1458488
8-cell_4_8,-1.9984018,14.905902,-0.97401977,-6.3203297
8-cell_pull,-2.012311,14.919171,-0.5121972,-6.212889
M-1_1,-0.4455128,13.648606,1.7305661,-6.2006035
M-1_2,-0.42855263,14.032859,1.2116343,-6.059117
M_1_10,-0.857532,14.029635,1.2150277,-6.5346317
M_1_11,0.1865542,14.154733,1.4000258,-4.134606
M_1_3,-0.05313132,14.152218,1.342928,-4.507491
M_1_4,0.19828786,14.21337,1.374563,-4.2044425
M_1_6,0.0873233,14.218133,1.4316617,-4.2958794
M_1_7,-0.54260284,13.929686,3.029801,-5.711504
M_1_8,-0.8137682,13.84634,1.990756,-6.368772
M_1_9,-0.81188107,13.992382,1.2003059,-6.4208055
M_2_1,-0.72857434,13.915051,1.9261492,-6.2967944
M_2_11,0.08770423,14.156724,1.331971,-4.3450465
M_2_13,-0.058363684,14.112385,1.4380825,-4.5277505
M_2_7,-0.7713846,13.841543,1.7200862,-6.3861294
M_2_8,0.0068750707,14.059696,1.8594033,-4.607645
M_3_2,0.09094949,14.240824,1.3187709,-4.3584332
M_3_5,0.05057285,14.166958,1.292231,-4.2760954
M_3_7,0.03869119,14.187761,1.2945211,-4.4086003
M_4_10,-0.7665578,13.854107,2.369394,-6.1954026
M_4_11,-0.93081135,13.914535,1.4990633,-6.5611086
M_4_12,-0.773143,13.812574,2.6798885,-6.1188602
M_4_13,-0.8776687,14.028115,1.4139509,-6.5338354
M_4_14,-0.7903493,13.8527355,2.1424778,-6.3299675
M_4_15,4.6789975,5.202947,8.739921,4.635855
M_4_16,-0.9183393,13.967872,1.4211087,-6.548571
M_4_2,0.103515126,14.179446,1.4027821,-4.270667
M_4_3,0.12653194,14.237735,1.2692877,-4.185091
M_4_4,0.09594982,14.137381,1.5344108,-4.301507
M_4_6,0.1490863,14.184069,1.3717346,-4.228492
M_4_7,0.08035008,14.131409,1.5761869,-4.2504654
M_pull,-0.016548838,14.192577,1.3020424,-4.6500983
S_Bla-1,0.34609777,13.984313,2.394318,-3.5604565
S_Bla-2,0.40439022,13.866222,2.475534,-3.3186524
ICM-1,0.316501,13.875001,-0.46441615,-3.487306
ICM-2,0.24781087,14.00831,-0.56405884,-3.5334208
ICM-3,0.24578105,14.025463,-0.43948177,-3.4063032
TE-1,0.48644835,13.8026085,2.9058397,-4.26831
TE-2,0.3771491,13.927891,2.5685387,-3.4983752
TE-3,0.49330854,13.8534355,2.6291506,-3.482166
AF1_11,-0.54418117,9.536936,4.0558724,15.591311
AF1_12,6.423767,5.199197,7.3804975,4.614828
AF1_15,6.2325172,5.210556,6.8964863,3.5896335
AF1_51,11.039246,10.947551,9.112882,11.460929
AF1_61,6.0354013,5.2124534,7.192265,3.125426
AF1_62,10.360604,10.368214,9.171667,11.032241
AF1_66,-0.55290526,8.922621,4.0204067,13.760693
AF1_83,6.52647,5.2333326,7.062454,5.538388
AF1_85,0.90159893,4.745804,9.344334,10.400282
AF1_86,0.8246819,6.91563,9.229475,13.787569
AF2_11,0.68649614,4.8910475,9.041582,10.5173
AF2_14,6.280576,5.291089,6.9500847,3.5077405
AF2_15,1.178016,4.8120103,9.403649,10.261809
AF2_51,0.90410376,5.0957613,9.8091135,10.383551
AF2_61,5.8801165,5.3779106,7.6442146,3.2592843
AF2_63,1.117759,5.0920286,10.2220545,10.455906
AF2_65,4.828887,5.627582,9.961654,8.830008
AF2_66,11.14645,10.93339,9.225396,11.329041
AF2_82,5.7858186,5.4613085,9.648505,7.0686946
AF2_83,-0.12732549,8.405977,21.398815,17.20165
AF2_85,6.1725183,5.423833,4.707668,2.9412155
AF2_86,6.5356507,5.2666225,6.978886,6.0645623
AF3_11,6.1678915,5.1793623,7.0642,3.4021027
AF3_12,6.056971,5.382317,7.4182096,3.3906593
AF3_14,5.575903,5.886494,9.72643,8.249987
AF3_15,5.836076,6.0667343,9.523246,7.713176
AF3_51,4.774998,5.5392065,9.82043,7.723667
AF3_52,8.99923,10.058079,9.155172,10.5144415
AF3_66,-1.6156467,9.242214,2.5266082,11.984104
AF3_82,0.5684858,6.161639,8.992729,13.89224
AF3_84,0.20863682,7.103793,9.101089,14.355461
AF3_85,-1.4055905,9.139659,2.5825272,12.342324
AF3_86,9.404447,10.078423,9.128427,10.858182
AF4_15,0.81102824,4.6723175,9.166062,10.44617
AF4_52,5.086038,5.9712024,9.800249,8.906529
AF4_55,9.235641,10.062806,8.997028,10.706076
AF4_62,3.8449364,5.4262366,10.077525,9.2293625
AF4_64,11.161706,10.994693,9.159944,11.413306
AF4_65,11.193562,10.9481125,9.218949,11.327266
AF4_66,-1.1255035,8.346633,4.0326824,12.511949
AF4_82,-0.41582134,8.082449,21.414488,17.138115
AF4_83,-0.7188615,7.3024335,4.7032228,12.695886
AF4_84,-0.051957358,7.6250095,9.033667,14.206683
AF4_85,-1.2269323,9.023476,21.144861,16.94404
AF5_11,1.1642354,6.307152,9.255717,13.79713
AF5_12,5.7757397,5.373048,9.583969,7.2402606
AF5_14,4.1576686,5.4456663,9.924112,8.511697
AF5_52,0.9025482,4.940361,9.612939,10.356011
AF5_53,0.9939879,4.829391,9.29785,10.374701
AF5_54,10.705777,10.597525,9.131064,11.146819
AF5_82,6.357993,5.2126455,-4.282299,10.997339
AF5_83,5.459503,5.3035603,18.916712,11.394058
AF5_85,5.053514,5.3045425,9.871531,8.029686
AF5_86,11.238941,10.6334095,9.465388,11.038615
