cell,stage,donor,dataset,source,condition,study,stage_clean,stage_group,UMAP1,UMAP2
P10_AACAACCA,E12,P10,GSE168106,in_vivo,in_vivo,Han2022,,Post-impl (E11-14),-2.8679152,-1.9659016
P10_AACCGAGA,E12,P10,GSE168106,in_vivo,in_vivo,Han2022,,Post-impl (E11-14),-2.3246896,-1.381614
P10_AACGCTTA,E12,P10,GSE168106,in_vivo,in_vivo,Han2022,,Post-impl (E11-14),-1.8516124,-0.23473215
P10_AACTCACC,E12,P10,GSE168106,in_vivo,in_vivo,Han2022,,Post-impl (E11-14),3.8625078,3.818274
P10_AAGACGGA,E12,P10,GSE168106,in_vivo,in_vivo,Han2022,,Post-impl (E11-14),-2.2644308,-0.28626543
P10_AAGAGATC,E12,P10,GSE168106,in_vivo,in_vivo,Han2022,,Post-impl (E11-14),-0.86133045,7.669255
P10_AAGGACAC,E12,P10,GSE168106,in_vivo,in_vivo,Han2022,,Post-impl (E11-14),4.4386435,2.5983448
P10_AAGGTACA,E12,P10,GSE168106,in_vivo,in_vivo,Han2022,,Post-impl (E11-14),-2.409251,-0.045063775
P10_AATGTTGC,E12,P10,GSE168106,in_vivo,in_vivo,Han2022,,Post-impl (E11-14),4.600608,2.5877008
P10_ACAAGCTA,E12,P10,GSE168106,in_vivo,in_vivo,Han2022,,Post-impl (E11-14),-2.418901,0.44556218
P10_ACACAGAA,E12,P10,GSE168106,in_vivo,in_vivo,Han2022,,Post-impl (E11-14),0.5725352,1.0831599
P10_ACACGACC,E12,P10,GSE168106,in_vivo,in_vivo,Han2022,,Post-impl (E11-14),3.791604,3.8020077
P10_ACAGCAGA,E12,P10,GSE168106,in_vivo,in_vivo,Han2022,,Post-impl (E11-14),-2.7608624,-1.728454
P10_ACCTCCAA,E12,P10,GSE168106,in_vivo,in_vivo,Han2022,,Post-impl (E11-14),-0.1701228,2.3067555
P10_ACGCTCGA,E12,P10,GSE168106,in_vivo,in_vivo,Han2022,,Post-impl (E11-14),-0.10879707,2.6466866
P10_ACGTATCA,E12,P10,GSE168106,in_vivo,in_vivo,Han2022,,Post-impl (E11-14),-2.3220642,0.3090563
P10_ACTATGCA,E12,P10,GSE168106,in_vivo,in_vivo,Han2022,,Post-impl (E11-14),4.506903,2.4884603
P10_AGAGTCAA,E12,P10,GSE168106,in_vivo,in_vivo,Han2022,,Post-impl (E11-14),-2.372243,-0.07942288
P10_AGATCGCA,E12,P10,GSE168106,in_vivo,in_vivo,Han2022,,Post-impl (E11-14),-1.1475551,-1.6665473
P10_AGATGTAC,E12,P10,GSE168106,in_vivo,in_vivo,Han2022,,Post-impl (E11-14),3.6071942,4.7642145
P10_AGCACCTC,E12,P10,GSE168106,in_vivo,in_vivo,Han2022,,Post-impl (E11-14),3.7554545,4.0425725
P10_AGCAGGAA,E12,P10,GSE168106,in_vivo,in_vivo,Han2022,,Post-impl (E11-14),-0.5536078,-0.1561181
P10_AGCCATGC,E12,P10,GSE168106,in_vivo,in_vivo,Han2022,,Post-impl (E11-14),3.669932,4.1905565
P10_AGGCTAAC,E12,P10,GSE168106,in_vivo,in_vivo,Han2022,,Post-impl (E11-14),3.3523993,5.1115336
P10_AGTACAAG,E12,P10,GSE168106,in_vivo,in_vivo,Han2022,,Post-impl (E11-14),-2.3686543,0.08226052
P10_AGTCACTA,E12,P10,GSE168106,in_vivo,in_vivo,Han2022,,Post-impl (E11-14),-1.1979282,-1.9209269
P10_ATAGCGAC,E12,P10,GSE168106,in_vivo,in_vivo,Han2022,,Post-impl (E11-14),3.9476547,3.7675114
P10_ATCATTCC,E12,P10,GSE168106,in_vivo,in_vivo,Han2022,,Post-impl (E11-14),3.5106478,7.6781855
P10_ATCCTGTA,E12,P10,GSE168106,in_vivo,in_vivo,Han2022,,Post-impl (E11-14),4.550543,2.5618112
P10_ATTGAGGA,E12,P10,GSE168106,in_vivo,in_vivo,Han2022,,Post-impl (E11-14),3.6559865,3.601144
P10_ATTGGCTC,E12,P10,GSE168106,in_vivo,in_vivo,Han2022,,Post-impl (E11-14),3.8000653,5.0229273
P10_CAACCACA,E12,P10,GSE168106,in_vivo,in_vivo,Han2022,,Post-impl (E11-14),-1.0522919,-1.7270087
P10_CAAGGAGC,E12,P10,GSE168106,in_vivo,in_vivo,Han2022,,Post-impl (E11-14),3.281444,7.7342644
P10_CAATGGAA,E12,P10,GSE168106,in_vivo,in_vivo,Han2022,,Post-impl (E11-14),3.9169743,3.4701324
P10_CACCTTAC,E12,P10,GSE168106,in_vivo,in_vivo,Han2022,,Post-impl (E11-14),3.6333234,7.0859404
P10_CACTTCGA,E12,P10,GSE168106,in_vivo,in_vivo,Han2022,,Post-impl (E11-14),-1.2540227,7.999854
P10_CAGCGTTA,E12,P10,GSE168106,in_vivo,in_vivo,Han2022,,Post-impl (E11-14),4.0646133,3.1608088
P10_CATACCAA,E12,P10,GSE168106,in_vivo,in_vivo,Han2022,,Post-impl (E11-14),1.2625418,2.1507092
P10_CCAGTTCA,E12,P10,GSE168106,in_vivo,in_vivo,Han2022,,Post-impl (E11-14),-1.193871,-2.0087438
P10_CCATCCTC,E12,P10,GSE168106,in_vivo,in_vivo,Han2022,,Post-impl (E11-14),3.5678623,7.5591083
P10_CCGAAGTA,E12,P10,GSE168106,in_vivo,in_vivo,Han2022,,Post-impl (E11-14),-1.0335537,8.022263
P10_CCGACAAC,E12,P10,GSE168106,in_vivo,in_vivo,Han2022,,Post-impl (E11-14),3.1815705,7.7467937
P10_CCGTGAGA,E12,P10,GSE168106,in_vivo,in_vivo,Han2022,,Post-impl (E11-14),2.85876,5.6967945
P10_CCTAATCC,E12,P10,GSE168106,in_vivo,in_vivo,Han2022,,Post-impl (E11-14),3.3022728,7.7563496
P10_CCTCCTGA,E12,P10,GSE168106,in_vivo,in_vivo,Han2022,,Post-impl (E11-14),3.366359,4.933326
P10_CCTCTATC,E12,P10,GSE168106,in_vivo,in_vivo,Han2022,,Post-impl (E11-14),3.8622599,6.9233136
P10_CGAACTTA,E12,P10,GSE168106,in_vivo,in_vivo,Han2022,,Post-impl (E11-14),2.7684636,6.0080967
P10_CGACTGGA,E12,P10,GSE168106,in_vivo,in_vivo,Han2022,,Post-impl (E11-14),-2.6902184,-2.056823
P10_CGCATACA,E12,P10,GSE168106,in_vivo,in_vivo,Han2022,,Post-impl (E11-14),-1.38597,-1.4106193
P10_CGCTGATC,E12,P10,GSE168106,in_vivo,in_vivo,Han2022,,Post-impl (E11-14),-2.4045124,0.04187552
P10_CTCAATGA,E12,P10,GSE168106,in_vivo,in_vivo,Han2022,,Post-impl (E11-14),-0.5204071,0.11100758
P10_CTGAGCCA,E12,P10,GSE168106,in_vivo,in_vivo,Han2022,,Post-impl (E11-14),4.1229234,3.121542
P10_CTGGCATA,E12,P10,GSE168106,in_vivo,in_vivo,Han2022,,Post-impl (E11-14),-2.2905095,-0.26104364
P10_CTGTAGCC,E12,P10,GSE168106,in_vivo,in_vivo,Han2022,,Post-impl (E11-14),-2.5259697,-0.24505676
P10_GAATCTGA,E12,P10,GSE168106,in_vivo,in_vivo,Han2022,,Post-impl (E11-14),1.1335523,2.1644962
P10_GACTAGTA,E12,P10,GSE168106,in_vivo,in_vivo,Han2022,,Post-impl (E11-14),-2.4665935,-0.01381514
P10_GAGCTGAA,E12,P10,GSE168106,in_vivo,in_vivo,Han2022,,Post-impl (E11-14),-1.4236332,-2.208587
P10_GATAGACA,E12,P10,GSE168106,in_vivo,in_vivo,Han2022,,Post-impl (E11-14),-2.3342025,-2.297382
P10_GCCACATA,E12,P10,GSE168106,in_vivo,in_vivo,Han2022,,Post-impl (E11-14),-2.6899688,-2.9901364
P10_GCGAGTAA,E12,P10,GSE168106,in_vivo,in_vivo,Han2022,,Post-impl (E11-14),-2.6625855,-1.4784937
P10_GCTAACGA,E12,P10,GSE168106,in_vivo,in_vivo,Han2022,,Post-impl (E11-14),-2.3892493,-3.826304
P10_GCTCGGTA,E12,P10,GSE168106,in_vivo,in_vivo,Han2022,,Post-impl (E11-14),-1.793831,1.5840999
P10_GGAGAACA,E12,P10,GSE168106,in_vivo,in_vivo,Han2022,,Post-impl (E11-14),-2.629409,-1.489998
P10_GGTGCGAA,E12,P10,GSE168106,in_vivo,in_vivo,Han2022,,Post-impl (E11-14),3.7501755,3.4584186
P10_GTACGCAA,E12,P10,GSE168106,in_vivo,in_vivo,Han2022,,Post-impl (E11-14),-1.2156583,2.138392
P10_TATCAGCA,E12,P10,GSE168106,in_vivo,in_vivo,Han2022,,Post-impl (E11-14),3.8011036,3.6810534
P10_TCCGTCTA,E12,P10,GSE168106,in_vivo,in_vivo,Han2022,,Post-impl (E11-14),4.075683,3.2349024
P10_TCTTCACA,E12,P10,GSE168106,in_vivo,in_vivo,Han2022,,Post-impl (E11-14),3.7512467,5.125041
P10_TGAAGAGA,E12,P10,GSE168106,in_vivo,in_vivo,Han2022,,Post-impl (E11-14),4.4750156,2.7639384
P10_TGGAACAA,E12,P10,GSE168106,in_vivo,in_vivo,Han2022,,Post-impl (E11-14),1.4544667,6.804087
P10_TGGCTTCA,E12,P10,GSE168106,in_vivo,in_vivo,Han2022,,Post-impl (E11-14),-1.1622552,7.7535605
P10_TGGTGGTA,E12,P10,GSE168106,in_vivo,in_vivo,Han2022,,Post-impl (E11-14),-1.29361,7.648777
P10_TTCACGCA,E12,P10,GSE168106,in_vivo,in_vivo,Han2022,,Post-impl (E11-14),3.1664948,5.397462
P11_AAGAGATC,E14,P11,GSE168106,in_vivo,in_vivo,Han2022,,Post-impl (E11-14),1.594125,-2.6631932
P11_AAGGACAC,E14,P11,GSE168106,in_vivo,in_vivo,Han2022,,Post-impl (E11-14),1.5153823,-3.1352806
P11_AATCCGTC,E14,P11,GSE168106,in_vivo,in_vivo,Han2022,,Post-impl (E11-14),0.74657,-3.1101797
P11_AATGTTGC,E14,P11,GSE168106,in_vivo,in_vivo,Han2022,,Post-impl (E11-14),1.9108844,-2.6716285
P11_AGCACCTC,E14,P11,GSE168106,in_vivo,in_vivo,Han2022,,Post-impl (E11-14),0.07736432,-3.5074167
P11_AGCCATGC,E14,P11,GSE168106,in_vivo,in_vivo,Han2022,,Post-impl (E11-14),3.4012327,7.5068426
P11_ATCATTCC,E14,P11,GSE168106,in_vivo,in_vivo,Han2022,,Post-impl (E11-14),1.053391,-3.0551808
P11_ATTGGCTC,E14,P11,GSE168106,in_vivo,in_vivo,Han2022,,Post-impl (E11-14),2.1623948,-1.3715302
P11_CAAGGAGC,E14,P11,GSE168106,in_vivo,in_vivo,Han2022,,Post-impl (E11-14),1.9634979,-2.2242587
P11_CACCTTAC,E14,P11,GSE168106,in_vivo,in_vivo,Han2022,,Post-impl (E11-14),-0.118899904,-3.6763496
P11_CCATCCTC,E14,P11,GSE168106,in_vivo,in_vivo,Han2022,,Post-impl (E11-14),2.4909136,1.6647055
P11_CCGACAAC,E14,P11,GSE168106,in_vivo,in_vivo,Han2022,,Post-impl (E11-14),2.3696868,0.30503133
P11_CCTAATCC,E14,P11,GSE168106,in_vivo,in_vivo,Han2022,,Post-impl (E11-14),1.597151,-2.786964
P11_CCTCTATC,E14,P11,GSE168106,in_vivo,in_vivo,Han2022,,Post-impl (E11-14),2.3963654,1.4778107
P11_CGACACAC,E14,P11,GSE168106,in_vivo,in_vivo,Han2022,,Post-impl (E11-14),2.2454734,-1.6190333
P11_CGCATACA,E14,P11,GSE168106,in_vivo,in_vivo,Han2022,,Post-impl (E11-14),4.3355417,2.6416073
P11_CGGATTGC,E14,P11,GSE168106,in_vivo,in_vivo,Han2022,,Post-impl (E11-14),1.9331515,-2.3781774
P11_CTCAATGA,E14,P11,GSE168106,in_vivo,in_vivo,Han2022,,Post-impl (E11-14),2.3624408,0.21137564
P11_CTGGCATA,E14,P11,GSE168106,in_vivo,in_vivo,Han2022,,Post-impl (E11-14),2.4008958,-1.1520436
P11_GAACAGGC,E14,P11,GSE168106,in_vivo,in_vivo,Han2022,,Post-impl (E11-14),0.8462186,-3.1784797
P11_GACAGTGC,E14,P11,GSE168106,in_vivo,in_vivo,Han2022,,Post-impl (E11-14),2.3269749,1.7006092
P11_GACTAGTA,E14,P11,GSE168106,in_vivo,in_vivo,Han2022,,Post-impl (E11-14),2.0248168,-2.0965626
P11_GAGCTGAA,E14,P11,GSE168106,in_vivo,in_vivo,Han2022,,Post-impl (E11-14),2.0940232,-0.7695808
P11_GAGTTAGC,E14,P11,GSE168106,in_vivo,in_vivo,Han2022,,Post-impl (E11-14),1.0629491,-3.2009282
P11_GATAGACA,E14,P11,GSE168106,in_vivo,in_vivo,Han2022,,Post-impl (E11-14),1.9265544,-1.9580604
P11_GATGAATC,E14,P11,GSE168106,in_vivo,in_vivo,Han2022,,Post-impl (E11-14),2.191392,-0.5393092
P11_GCCAAGAC,E14,P11,GSE168106,in_vivo,in_vivo,Han2022,,Post-impl (E11-14),1.795124,-2.4600847
P11_GCCACATA,E14,P11,GSE168106,in_vivo,in_vivo,Han2022,,Post-impl (E11-14),2.0474765,-2.3209095
P11_GCGAGTAA,E14,P11,GSE168106,in_vivo,in_vivo,Han2022,,Post-impl (E11-14),2.1154087,-1.4805205
P11_GCTAACGA,E14,P11,GSE168106,in_vivo,in_vivo,Han2022,,Post-impl (E11-14),-0.0019640436,-3.600799
P11_GCTCGGTA,E14,P11,GSE168106,in_vivo,in_vivo,Han2022,,Post-impl (E11-14),1.870405,-2.6191158
P11_GGAGAACA,E14,P11,GSE168106,in_vivo,in_vivo,Han2022,,Post-impl (E11-14),1.5786992,-3.0926921
P11_GGTGCGAA,E14,P11,GSE168106,in_vivo,in_vivo,Han2022,,Post-impl (E11-14),1.4715111,-2.9076822
P11_GTACGCAA,E14,P11,GSE168106,in_vivo,in_vivo,Han2022,,Post-impl (E11-14),2.1847878,-1.5082875
P11_GTCGTAGA,E14,P11,GSE168106,in_vivo,in_vivo,Han2022,,Post-impl (E11-14),1.5420133,-3.1708162
P11_GTCTGTCA,E14,P11,GSE168106,in_vivo,in_vivo,Han2022,,Post-impl (E11-14),2.3485487,-0.28885028
P11_GTGTTCTA,E14,P11,GSE168106,in_vivo,in_vivo,Han2022,,Post-impl (E11-14),-0.017575609,-3.7040377
P11_TATCAGCA,E14,P11,GSE168106,in_vivo,in_vivo,Han2022,,Post-impl (E11-14),0.45630747,-3.6413007
P11_TCCGTCTA,E14,P11,GSE168106,in_vivo,in_vivo,Han2022,,Post-impl (E11-14),0.99201953,-3.2912352
P11_TGAAGAGA,E14,P11,GSE168106,in_vivo,in_vivo,Han2022,,Post-impl (E11-14),0.96305376,-3.4560492
P11_TGGAACAA,E14,P11,GSE168106,in_vivo,in_vivo,Han2022,,Post-impl (E11-14),1.7367642,-2.7982278
P11_TGGCTTCA,E14,P11,GSE168106,in_vivo,in_vivo,Han2022,,Post-impl (E11-14),2.4237056,0.9417073
P11_TGGTGGTA,E14,P11,GSE168106,in_vivo,in_vivo,Han2022,,Post-impl (E11-14),2.0350013,-1.5217006
P11_TTCACGCA,E14,P11,GSE168106,in_vivo,in_vivo,Han2022,,Post-impl (E11-14),1.4545906,-2.864075
P12_AAACATCG,E14,P12,GSE168106,in_vivo,in_vivo,Han2022,,Post-impl (E11-14),2.105145,-2.19381
P12_AACAACCA,E14,P12,GSE168106,in_vivo,in_vivo,Han2022,,Post-impl (E11-14),1.8755351,-2.695321
P12_AACCGAGA,E14,P12,GSE168106,in_vivo,in_vivo,Han2022,,Post-impl (E11-14),2.3666217,-1.7135228
P12_AACGCTTA,E14,P12,GSE168106,in_vivo,in_vivo,Han2022,,Post-impl (E11-14),1.5186077,-2.8056662
P12_AACGTGAT,E14,P12,GSE168106,in_vivo,in_vivo,Han2022,,Post-impl (E11-14),0.8683227,-3.6297188
P12_AACTCACC,E14,P12,GSE168106,in_vivo,in_vivo,Han2022,,Post-impl (E11-14),2.3832653,0.65209246
P12_AAGACGGA,E14,P12,GSE168106,in_vivo,in_vivo,Han2022,,Post-impl (E11-14),1.8274375,-2.6058648
P12_AAGAGATC,E14,P12,GSE168106,in_vivo,in_vivo,Han2022,,Post-impl (E11-14),-0.051178772,-3.7588265
P12_AAGGACAC,E14,P12,GSE168106,in_vivo,in_vivo,Han2022,,Post-impl (E11-14),2.2861514,-1.8558774
P12_AAGGTACA,E14,P12,GSE168106,in_vivo,in_vivo,Han2022,,Post-impl (E11-14),0.3106974,-3.2808425
P12_AATCCGTC,E14,P12,GSE168106,in_vivo,in_vivo,Han2022,,Post-impl (E11-14),0.68629616,-3.5439665
P12_AATGTTGC,E14,P12,GSE168106,in_vivo,in_vivo,Han2022,,Post-impl (E11-14),2.3842082,1.3297392
P12_ACAAGCTA,E14,P12,GSE168106,in_vivo,in_vivo,Han2022,,Post-impl (E11-14),1.3189374,-3.267492
P12_ACACAGAA,E14,P12,GSE168106,in_vivo,in_vivo,Han2022,,Post-impl (E11-14),1.4832544,-1.8187678
P12_ACACGACC,E14,P12,GSE168106,in_vivo,in_vivo,Han2022,,Post-impl (E11-14),1.6852597,-2.7375422
P12_ACAGATTC,E14,P12,GSE168106,in_vivo,in_vivo,Han2022,,Post-impl (E11-14),1.9130965,-2.462195
P12_ACAGCAGA,E14,P12,GSE168106,in_vivo,in_vivo,Han2022,,Post-impl (E11-14),3.351031,7.6324368
P12_ACATTGGC,E14,P12,GSE168106,in_vivo,in_vivo,Han2022,,Post-impl (E11-14),2.2672246,-0.0370433
P12_ACCACTGT,E14,P12,GSE168106,in_vivo,in_vivo,Han2022,,Post-impl (E11-14),2.3904128,1.1260644
P12_ACCTCCAA,E14,P12,GSE168106,in_vivo,in_vivo,Han2022,,Post-impl (E11-14),2.192742,-0.45979366
P12_ACGCTCGA,E14,P12,GSE168106,in_vivo,in_vivo,Han2022,,Post-impl (E11-14),2.2381163,-0.3036925
P12_ACGTATCA,E14,P12,GSE168106,in_vivo,in_vivo,Han2022,,Post-impl (E11-14),2.1436327,-0.55707264
P12_ACTATGCA,E14,P12,GSE168106,in_vivo,in_vivo,Han2022,,Post-impl (E11-14),4.174664,3.2332401
P12_AGATCGCA,E14,P12,GSE168106,in_vivo,in_vivo,Han2022,,Post-impl (E11-14),2.3616328,0.2773251
P12_AGATGTAC,E14,P12,GSE168106,in_vivo,in_vivo,Han2022,,Post-impl (E11-14),1.7559782,-2.5916648
P12_AGCACCTC,E14,P12,GSE168106,in_vivo,in_vivo,Han2022,,Post-impl (E11-14),2.1766248,-2.1190138
P12_AGCAGGAA,E14,P12,GSE168106,in_vivo,in_vivo,Han2022,,Post-impl (E11-14),1.0641141,-3.3227692
P12_AGCCATGC,E14,P12,GSE168106,in_vivo,in_vivo,Han2022,,Post-impl (E11-14),2.4184637,-1.5809784
P12_AGGCTAAC,E14,P12,GSE168106,in_vivo,in_vivo,Han2022,,Post-impl (E11-14),0.71621555,-3.582266
P12_AGTACAAG,E14,P12,GSE168106,in_vivo,in_vivo,Han2022,,Post-impl (E11-14),1.852966,-2.5547822
P12_AGTCACTA,E14,P12,GSE168106,in_vivo,in_vivo,Han2022,,Post-impl (E11-14),-0.14957672,-3.68264
P12_AGTGGTCA,E14,P12,GSE168106,in_vivo,in_vivo,Han2022,,Post-impl (E11-14),1.747943,-2.4186635
P12_ATAGCGAC,E14,P12,GSE168106,in_vivo,in_vivo,Han2022,,Post-impl (E11-14),0.93554443,-3.2793767
P12_ATCATTCC,E14,P12,GSE168106,in_vivo,in_vivo,Han2022,,Post-impl (E11-14),0.63648385,-3.4900215
P12_ATCCTGTA,E14,P12,GSE168106,in_vivo,in_vivo,Han2022,,Post-impl (E11-14),1.7740201,-2.1302667
P12_ATGCCTAA,E14,P12,GSE168106,in_vivo,in_vivo,Han2022,,Post-impl (E11-14),0.9138231,-3.6253016
P12_ATTGAGGA,E14,P12,GSE168106,in_vivo,in_vivo,Han2022,,Post-impl (E11-14),0.4717582,-3.6609201
P12_ATTGGCTC,E14,P12,GSE168106,in_vivo,in_vivo,Han2022,,Post-impl (E11-14),2.3347657,-1.7930043
P12_CAACCACA,E14,P12,GSE168106,in_vivo,in_vivo,Han2022,,Post-impl (E11-14),1.5060979,-3.0073302
P12_CAAGACTA,E14,P12,GSE168106,in_vivo,in_vivo,Han2022,,Post-impl (E11-14),2.3800762,0.91074145
P12_CAAGGAGC,E14,P12,GSE168106,in_vivo,in_vivo,Han2022,,Post-impl (E11-14),2.1871884,-2.1827688
P12_CAATGGAA,E14,P12,GSE168106,in_vivo,in_vivo,Han2022,,Post-impl (E11-14),2.412611,-1.485928
P12_CACCTTAC,E14,P12,GSE168106,in_vivo,in_vivo,Han2022,,Post-impl (E11-14),0.624734,-3.5379193
P12_CACTTCGA,E14,P12,GSE168106,in_vivo,in_vivo,Han2022,,Post-impl (E11-14),1.1623923,-3.431383
P12_CAGCGTTA,E14,P12,GSE168106,in_vivo,in_vivo,Han2022,,Post-impl (E11-14),4.457781,2.5303562
P12_CATCAAGT,E14,P12,GSE168106,in_vivo,in_vivo,Han2022,,Post-impl (E11-14),2.4438412,1.5751958
P12_CCAGTTCA,E14,P12,GSE168106,in_vivo,in_vivo,Han2022,,Post-impl (E11-14),0.8969112,-3.5041955
P12_CCATCCTC,E14,P12,GSE168106,in_vivo,in_vivo,Han2022,,Post-impl (E11-14),2.3381453,1.0092022
P12_CCGAAGTA,E14,P12,GSE168106,in_vivo,in_vivo,Han2022,,Post-impl (E11-14),2.0624046,-2.322187
P12_CCGACAAC,E14,P12,GSE168106,in_vivo,in_vivo,Han2022,,Post-impl (E11-14),0.50954354,-3.6912358
P12_CCGTGAGA,E14,P12,GSE168106,in_vivo,in_vivo,Han2022,,Post-impl (E11-14),1.4695622,-2.991953
P12_CCTAATCC,E14,P12,GSE168106,in_vivo,in_vivo,Han2022,,Post-impl (E11-14),0.83210933,-3.629384
P12_CCTCCTGA,E14,P12,GSE168106,in_vivo,in_vivo,Han2022,,Post-impl (E11-14),2.356258,0.14818087
P12_CCTCTATC,E14,P12,GSE168106,in_vivo,in_vivo,Han2022,,Post-impl (E11-14),2.1163976,-1.7838857
P12_CGAACTTA,E14,P12,GSE168106,in_vivo,in_vivo,Han2022,,Post-impl (E11-14),0.73111695,-3.5891776
P12_CGACACAC,E14,P12,GSE168106,in_vivo,in_vivo,Han2022,,Post-impl (E11-14),3.6516154,3.4264653
P12_CGACTGGA,E14,P12,GSE168106,in_vivo,in_vivo,Han2022,,Post-impl (E11-14),0.11176922,-3.6626084
P12_CGCTGATC,E14,P12,GSE168106,in_vivo,in_vivo,Han2022,,Post-impl (E11-14),0.69593996,-3.3671682
P12_CGGATTGC,E14,P12,GSE168106,in_vivo,in_vivo,Han2022,,Post-impl (E11-14),2.411089,-1.745166
P12_CTAAGGTC,E14,P12,GSE168106,in_vivo,in_vivo,Han2022,,Post-impl (E11-14),2.2097585,-2.1123104
P12_CTCAATGA,E14,P12,GSE168106,in_vivo,in_vivo,Han2022,,Post-impl (E11-14),2.2945704,-1.6307065
P12_CTGAGCCA,E14,P12,GSE168106,in_vivo,in_vivo,Han2022,,Post-impl (E11-14),1.5209068,-2.7678409
P12_CTGGCATA,E14,P12,GSE168106,in_vivo,in_vivo,Han2022,,Post-impl (E11-14),-0.31661907,-3.7019536
P12_CTGTAGCC,E14,P12,GSE168106,in_vivo,in_vivo,Han2022,,Post-impl (E11-14),2.3486037,-0.845982
P12_GAACAGGC,E14,P12,GSE168106,in_vivo,in_vivo,Han2022,,Post-impl (E11-14),1.707858,-2.6413684
P12_GAATCTGA,E14,P12,GSE168106,in_vivo,in_vivo,Han2022,,Post-impl (E11-14),2.3191645,0.120805
P12_GACAGTGC,E14,P12,GSE168106,in_vivo,in_vivo,Han2022,,Post-impl (E11-14),2.4351683,-1.1352295
P12_GACTAGTA,E14,P12,GSE168106,in_vivo,in_vivo,Han2022,,Post-impl (E11-14),0.7012416,-3.6096737
P12_GAGCTGAA,E14,P12,GSE168106,in_vivo,in_vivo,Han2022,,Post-impl (E11-14),0.99982417,-3.3987157
P12_GAGTTAGC,E14,P12,GSE168106,in_vivo,in_vivo,Han2022,,Post-impl (E11-14),1.709025,-2.834309
P12_GATAGACA,E14,P12,GSE168106,in_vivo,in_vivo,Han2022,,Post-impl (E11-14),0.13583112,-3.7076104
P12_GATGAATC,E14,P12,GSE168106,in_vivo,in_vivo,Han2022,,Post-impl (E11-14),2.097765,-1.8109521
P12_GCCAAGAC,E14,P12,GSE168106,in_vivo,in_vivo,Han2022,,Post-impl (E11-14),2.4613533,1.4542156
P12_GCCACATA,E14,P12,GSE168106,in_vivo,in_vivo,Han2022,,Post-impl (E11-14),0.7726261,-3.4667492
P12_GCGAGTAA,E14,P12,GSE168106,in_vivo,in_vivo,Han2022,,Post-impl (E11-14),0.9636996,-3.253684
P12_GCTAACGA,E14,P12,GSE168106,in_vivo,in_vivo,Han2022,,Post-impl (E11-14),4.466753,2.5470204
P12_GCTCGGTA,E14,P12,GSE168106,in_vivo,in_vivo,Han2022,,Post-impl (E11-14),2.2781677,-1.8980731
P12_GGAGAACA,E14,P12,GSE168106,in_vivo,in_vivo,Han2022,,Post-impl (E11-14),1.0825747,-3.4907284
P12_GGTGCGAA,E14,P12,GSE168106,in_vivo,in_vivo,Han2022,,Post-impl (E11-14),0.28352508,-3.5832543
P12_GTACGCAA,E14,P12,GSE168106,in_vivo,in_vivo,Han2022,,Post-impl (E11-14),2.3802037,1.6686844
P12_GTCGTAGA,E14,P12,GSE168106,in_vivo,in_vivo,Han2022,,Post-impl (E11-14),3.2765937,7.6905212
P12_GTCTGTCA,E14,P12,GSE168106,in_vivo,in_vivo,Han2022,,Post-impl (E11-14),3.4582295,7.323661
P12_GTGTTCTA,E14,P12,GSE168106,in_vivo,in_vivo,Han2022,,Post-impl (E11-14),3.327341,7.5882545
P12_TAGGATGA,E14,P12,GSE168106,in_vivo,in_vivo,Han2022,,Post-impl (E11-14),3.2818117,7.7301927
P12_TATCAGCA,E14,P12,GSE168106,in_vivo,in_vivo,Han2022,,Post-impl (E11-14),3.264763,7.634701
P12_TCCGTCTA,E14,P12,GSE168106,in_vivo,in_vivo,Han2022,,Post-impl (E11-14),3.3748984,7.463017
P12_TCTTCACA,E14,P12,GSE168106,in_vivo,in_vivo,Han2022,,Post-impl (E11-14),3.2504444,7.658724
P12_TGAAGAGA,E14,P12,GSE168106,in_vivo,in_vivo,Han2022,,Post-impl (E11-14),3.538663,7.106691
P12_TGGAACAA,E14,P12,GSE168106,in_vivo,in_vivo,Han2022,,Post-impl (E11-14),-0.111769356,-3.7521536
P12_TGGTGGTA,E14,P12,GSE168106,in_vivo,in_vivo,Han2022,,Post-impl (E11-14),0.24037209,-3.7029831
P12_TTCACGCA,E14,P12,GSE168106,in_vivo,in_vivo,Han2022,,Post-impl (E11-14),2.4653394,1.528098
P13_AAACATCG,E14,P13,GSE168106,in_vivo,in_vivo,Han2022,,Post-impl (E11-14),2.1940856,-0.26302788
P13_AACAACCA,E14,P13,GSE168106,in_vivo,in_vivo,Han2022,,Post-impl (E11-14),1.6899308,-2.1132843
P13_AACGCTTA,E14,P13,GSE168106,in_vivo,in_vivo,Han2022,,Post-impl (E11-14),1.9202106,-1.4992646
P13_AACGTGAT,E14,P13,GSE168106,in_vivo,in_vivo,Han2022,,Post-impl (E11-14),2.1060379,-0.68314564
P13_AACTCACC,E5,P13,GSE168106,in_vivo,in_vivo,Han2022,,Morula (E4-5),6.0029783,4.5489535
P13_AAGACGGA,E14,P13,GSE168106,in_vivo,in_vivo,Han2022,,Post-impl (E11-14),2.087547,-1.2928475
P13_AAGAGATC,E5,P13,GSE168106,in_vivo,in_vivo,Han2022,,Morula (E4-5),8.035034,5.039467
P13_AAGGACAC,E5,P13,GSE168106,in_vivo,in_vivo,Han2022,,Morula (E4-5),8.008286,5.1050334
P13_AAGGTACA,E14,P13,GSE168106,in_vivo,in_vivo,Han2022,,Post-impl (E11-14),2.1853628,-1.2949218
P13_AATGTTGC,E5,P13,GSE168106,in_vivo,in_vivo,Han2022,,Morula (E4-5),4.7953477,3.8537662
P13_ACAAGCTA,E14,P13,GSE168106,in_vivo,in_vivo,Han2022,,Post-impl (E11-14),-0.09286068,-3.7326252
P13_ACACAGAA,E14,P13,GSE168106,in_vivo,in_vivo,Han2022,,Post-impl (E11-14),1.7198915,-2.0153103
P13_ACAGATTC,E5,P13,GSE168106,in_vivo,in_vivo,Han2022,,Morula (E4-5),6.2448697,4.6348658
P13_ACAGCAGA,E14,P13,GSE168106,in_vivo,in_vivo,Han2022,,Post-impl (E11-14),1.3500053,-2.6801784
P13_ACATTGGC,E14,P13,GSE168106,in_vivo,in_vivo,Han2022,,Post-impl (E11-14),2.3034708,0.39267373
P13_ACCACTGT,E14,P13,GSE168106,in_vivo,in_vivo,Han2022,,Post-impl (E11-14),2.160277,-0.42722753
P13_ACCTCCAA,E14,P13,GSE168106,in_vivo,in_vivo,Han2022,,Post-impl (E11-14),2.3068442,0.822545
P13_ACGCTCGA,E14,P13,GSE168106,in_vivo,in_vivo,Han2022,,Post-impl (E11-14),2.2740827,0.44462454
P13_AGAGTCAA,E14,P13,GSE168106,in_vivo,in_vivo,Han2022,,Post-impl (E11-14),1.8479794,-1.4018012
P13_AGATCGCA,E14,P13,GSE168106,in_vivo,in_vivo,Han2022,,Post-impl (E11-14),2.2711027,-1.357208
P13_AGATGTAC,E5,P13,GSE168106,in_vivo,in_vivo,Han2022,,Morula (E4-5),7.376006,4.694337
P13_AGCACCTC,E5,P13,GSE168106,in_vivo,in_vivo,Han2022,,Morula (E4-5),8.12587,5.0777826
P13_AGCAGGAA,E14,P13,GSE168106,in_vivo,in_vivo,Han2022,,Post-impl (E11-14),1.4681964,-2.7495236
P13_AGCCATGC,E5,P13,GSE168106,in_vivo,in_vivo,Han2022,,Morula (E4-5),4.734179,3.4891062
P13_AGTACAAG,E14,P13,GSE168106,in_vivo,in_vivo,Han2022,,Post-impl (E11-14),1.738134,-2.118699
P13_AGTCACTA,E14,P13,GSE168106,in_vivo,in_vivo,Han2022,,Post-impl (E11-14),1.7047563,-1.8035961
P13_ATTGAGGA,E14,P13,GSE168106,in_vivo,in_vivo,Han2022,,Post-impl (E11-14),1.3903108,-2.892381
P13_CAACCACA,E14,P13,GSE168106,in_vivo,in_vivo,Han2022,,Post-impl (E11-14),1.3726519,-2.301954
P13_CAAGACTA,E14,P13,GSE168106,in_vivo,in_vivo,Han2022,,Post-impl (E11-14),2.31069,0.3972318
P13_CAATGGAA,E14,P13,GSE168106,in_vivo,in_vivo,Han2022,,Post-impl (E11-14),1.6863656,-1.4195789
P13_CACTTCGA,E14,P13,GSE168106,in_vivo,in_vivo,Han2022,,Post-impl (E11-14),1.5556979,-2.4683585
P13_CAGATCTG,E14,P13,GSE168106,in_vivo,in_vivo,Han2022,,Post-impl (E11-14),2.0408554,-0.8557611
P13_CATACCAA,E14,P13,GSE168106,in_vivo,in_vivo,Han2022,,Post-impl (E11-14),2.262696,-0.9890264
P13_CATCAAGT,E14,P13,GSE168106,in_vivo,in_vivo,Han2022,,Post-impl (E11-14),4.1143064,3.6333838
P13_CCAGTTCA,E14,P13,GSE168106,in_vivo,in_vivo,Han2022,,Post-impl (E11-14),1.9676782,-1.521666
P13_CCGAAGTA,E14,P13,GSE168106,in_vivo,in_vivo,Han2022,,Post-impl (E11-14),0.7988339,-2.0223086
P13_CCGACAAC,E5,P13,GSE168106,in_vivo,in_vivo,Han2022,,Morula (E4-5),5.399579,4.3543844
P13_CCGTGAGA,E14,P13,GSE168106,in_vivo,in_vivo,Han2022,,Post-impl (E11-14),2.1754956,-0.51544374
P13_CCTCCTGA,E14,P13,GSE168106,in_vivo,in_vivo,Han2022,,Post-impl (E11-14),2.3112857,0.20299248
P13_CGAACTTA,E14,P13,GSE168106,in_vivo,in_vivo,Han2022,,Post-impl (E11-14),2.2858908,0.4159097
P13_CGACACAC,E5,P13,GSE168106,in_vivo,in_vivo,Han2022,,Morula (E4-5),8.868321,4.9546456
P13_CGCTGATC,E14,P13,GSE168106,in_vivo,in_vivo,Han2022,,Post-impl (E11-14),1.8528147,-1.4175911
P13_CGGATTGC,E5,P13,GSE168106,in_vivo,in_vivo,Han2022,,Morula (E4-5),8.033233,5.378878
P13_CTAAGGTC,E5,P13,GSE168106,in_vivo,in_vivo,Han2022,,Morula (E4-5),8.835804,5.0384393
P13_CTCAATGA,E14,P13,GSE168106,in_vivo,in_vivo,Han2022,,Post-impl (E11-14),2.0094433,-0.69290626
P13_CTGAGCCA,E14,P13,GSE168106,in_vivo,in_vivo,Han2022,,Post-impl (E11-14),1.3736591,-1.5284204
P13_CTGGCATA,E14,P13,GSE168106,in_vivo,in_vivo,Han2022,,Post-impl (E11-14),1.3497266,-1.6367542
P13_CTGTAGCC,E14,P13,GSE168106,in_vivo,in_vivo,Han2022,,Post-impl (E11-14),2.048417,-0.8265867
P13_GAACAGGC,E5,P13,GSE168106,in_vivo,in_vivo,Han2022,,Morula (E4-5),8.620048,5.1923137
P13_GAATCTGA,E14,P13,GSE168106,in_vivo,in_vivo,Han2022,,Post-impl (E11-14),2.0419486,-0.6881693
P13_GACAGTGC,E5,P13,GSE168106,in_vivo,in_vivo,Han2022,,Morula (E4-5),8.167882,5.416878
P13_GACTAGTA,E14,P13,GSE168106,in_vivo,in_vivo,Han2022,,Post-impl (E11-14),1.4065915,-1.437665
P13_GAGCTGAA,E14,P13,GSE168106,in_vivo,in_vivo,Han2022,,Post-impl (E11-14),1.2426289,-1.6055318
P13_GAGTTAGC,E5,P13,GSE168106,in_vivo,in_vivo,Han2022,,Morula (E4-5),8.618027,5.2043877
P13_GATAGACA,E2,P13,GSE168106,in_vivo,in_vivo,Han2022,,E2 (2C),6.091928,4.017006
P13_GATGAATC,E5,P13,GSE168106,in_vivo,in_vivo,Han2022,,Morula (E4-5),8.513114,5.2259912
P13_GCCACATA,E2,P13,GSE168106,in_vivo,in_vivo,Han2022,,E2 (2C),4.709242,3.610151
P13_GCGAGTAA,E2,P13,GSE168106,in_vivo,in_vivo,Han2022,,E2 (2C),11.371023,1.3397379
P13_GCTAACGA,E2,P13,GSE168106,in_vivo,in_vivo,Han2022,,E2 (2C),11.268361,0.91291404
P13_GCTCGGTA,E2,P13,GSE168106,in_vivo,in_vivo,Han2022,,E2 (2C),11.299949,1.0274106
P13_GGAGAACA,E2,P13,GSE168106,in_vivo,in_vivo,Han2022,,E2 (2C),11.456505,1.4020435
P13_GGTGCGAA,E2,P13,GSE168106,in_vivo,in_vivo,Han2022,,E2 (2C),11.376403,1.3565764
P13_GTACGCAA,E2,P13,GSE168106,in_vivo,in_vivo,Han2022,,E2 (2C),4.640623,3.4346893
P13_GTCGTAGA,E5,P13,GSE168106,in_vivo,in_vivo,Han2022,,Morula (E4-5),5.355191,4.217095
P13_GTCTGTCA,E5,P13,GSE168106,in_vivo,in_vivo,Han2022,,Morula (E4-5),6.1109257,4.576253
P13_TAGGATGA,E5,P13,GSE168106,in_vivo,in_vivo,Han2022,,Morula (E4-5),5.8410983,4.511268
P13_TATCAGCA,E5,P13,GSE168106,in_vivo,in_vivo,Han2022,,Morula (E4-5),8.414983,5.075151
P13_TGGAACAA,E5,P13,GSE168106,in_vivo,in_vivo,Han2022,,Morula (E4-5),7.7507377,5.000549
P13_TGGCTTCA,E5,P13,GSE168106,in_vivo,in_vivo,Han2022,,Morula (E4-5),7.4187837,5.0030484
P13_TTCACGCA,E5,P13,GSE168106,in_vivo,in_vivo,Han2022,,Morula (E4-5),5.884655,4.441457
P14_AAACATCG,E5,P14,GSE168106,in_vivo,in_vivo,Han2022,,Morula (E4-5),8.812033,5.2574086
P14_AACGTGAT,E5,P14,GSE168106,in_vivo,in_vivo,Han2022,,Morula (E4-5),8.938553,5.053924
P14_AACTCACC,E6,P14,GSE168106,in_vivo,in_vivo,Han2022,,Early blastocyst (E6-8),6.2789736,8.524491
P14_AAGAGATC,E6,P14,GSE168106,in_vivo,in_vivo,Han2022,,Early blastocyst (E6-8),7.024564,9.016481
P14_AAGGACAC,E6,P14,GSE168106,in_vivo,in_vivo,Han2022,,Early blastocyst (E6-8),6.702321,8.836332
P14_AAGGTACA,E6,P14,GSE168106,in_vivo,in_vivo,Han2022,,Early blastocyst (E6-8),5.9763584,7.837626
P14_AATCCGTC,E6,P14,GSE168106,in_vivo,in_vivo,Han2022,,Early blastocyst (E6-8),6.9954057,7.0765634
P14_AATGTTGC,E6,P14,GSE168106,in_vivo,in_vivo,Han2022,,Early blastocyst (E6-8),5.21796,6.8228836
P14_ACACAGAA,E6,P14,GSE168106,in_vivo,in_vivo,Han2022,,Early blastocyst (E6-8),6.5937276,8.76609
P14_ACACGACC,E6,P14,GSE168106,in_vivo,in_vivo,Han2022,,Early blastocyst (E6-8),4.2992816,2.6505811
P14_ACAGATTC,E6,P14,GSE168106,in_vivo,in_vivo,Han2022,,Early blastocyst (E6-8),6.992207,7.0178823
P14_ACAGCAGA,E6,P14,GSE168106,in_vivo,in_vivo,Han2022,,Early blastocyst (E6-8),4.3867164,4.761998
P14_ACATTGGC,E5,P14,GSE168106,in_vivo,in_vivo,Han2022,,Morula (E4-5),8.689503,5.2028008
P14_ACCACTGT,E5,P14,GSE168106,in_vivo,in_vivo,Han2022,,Morula (E4-5),7.874864,5.3598523
P14_ACCTCCAA,E6,P14,GSE168106,in_vivo,in_vivo,Han2022,,Early blastocyst (E6-8),5.1026998,6.5026617
P14_ACGCTCGA,E6,P14,GSE168106,in_vivo,in_vivo,Han2022,,Early blastocyst (E6-8),6.2499537,6.307442
P14_ACGTATCA,E6,P14,GSE168106,in_vivo,in_vivo,Han2022,,Early blastocyst (E6-8),6.936389,8.967383
P14_AGAGTCAA,E6,P14,GSE168106,in_vivo,in_vivo,Han2022,,Early blastocyst (E6-8),4.3206487,4.9790287
P14_AGATCGCA,E6,P14,GSE168106,in_vivo,in_vivo,Han2022,,Early blastocyst (E6-8),6.2208467,8.251032
P14_AGATGTAC,E6,P14,GSE168106,in_vivo,in_vivo,Han2022,,Early blastocyst (E6-8),5.940578,8.012773
P14_AGCAGGAA,E6,P14,GSE168106,in_vivo,in_vivo,Han2022,,Early blastocyst (E6-8),6.3820615,8.461695
P14_AGCCATGC,E6,P14,GSE168106,in_vivo,in_vivo,Han2022,,Early blastocyst (E6-8),5.928058,7.7698603
P14_AGGCTAAC,E6,P14,GSE168106,in_vivo,in_vivo,Han2022,,Early blastocyst (E6-8),6.3402023,8.507985
P14_AGTCACTA,E6,P14,GSE168106,in_vivo,in_vivo,Han2022,,Early blastocyst (E6-8),6.6356516,8.815509
P14_AGTGGTCA,E5,P14,GSE168106,in_vivo,in_vivo,Han2022,,Morula (E4-5),8.957439,5.1376452
P14_ATAGCGAC,E6,P14,GSE168106,in_vivo,in_vivo,Han2022,,Early blastocyst (E6-8),6.790255,8.9253845
P14_ATCATTCC,E6,P14,GSE168106,in_vivo,in_vivo,Han2022,,Early blastocyst (E6-8),6.9936705,6.998155
P14_ATCCTGTA,E6,P14,GSE168106,in_vivo,in_vivo,Han2022,,Early blastocyst (E6-8),5.0286503,6.451068
P14_ATGCCTAA,E5,P14,GSE168106,in_vivo,in_vivo,Han2022,,Morula (E4-5),8.888348,5.0598674
P14_ATTGAGGA,E6,P14,GSE168106,in_vivo,in_vivo,Han2022,,Early blastocyst (E6-8),6.2264886,8.418327
P14_ATTGGCTC,E6,P14,GSE168106,in_vivo,in_vivo,Han2022,,Early blastocyst (E6-8),6.654672,8.813866
P14_CAACCACA,E6,P14,GSE168106,in_vivo,in_vivo,Han2022,,Early blastocyst (E6-8),6.103334,8.233614
P14_CAAGACTA,E6,P14,GSE168106,in_vivo,in_vivo,Han2022,,Early blastocyst (E6-8),5.261504,6.7949
P14_CAAGGAGC,E6,P14,GSE168106,in_vivo,in_vivo,Han2022,,Early blastocyst (E6-8),5.1450086,6.9839144
P14_CAATGGAA,E6,P14,GSE168106,in_vivo,in_vivo,Han2022,,Early blastocyst (E6-8),6.136085,8.187045
P14_CACCTTAC,E6,P14,GSE168106,in_vivo,in_vivo,Han2022,,Early blastocyst (E6-8),5.9472976,7.910754
P14_CAGATCTG,E5,P14,GSE168106,in_vivo,in_vivo,Han2022,,Morula (E4-5),7.6012063,5.473528
P14_CATACCAA,E6,P14,GSE168106,in_vivo,in_vivo,Han2022,,Early blastocyst (E6-8),5.98901,7.860776
P14_CATCAAGT,E5,P14,GSE168106,in_vivo,in_vivo,Han2022,,Morula (E4-5),6.250121,5.2066298
P14_CCAGTTCA,E6,P14,GSE168106,in_vivo,in_vivo,Han2022,,Early blastocyst (E6-8),6.6667876,8.828636
P14_CCGAAGTA,E6,P14,GSE168106,in_vivo,in_vivo,Han2022,,Early blastocyst (E6-8),6.249338,8.190387
P14_CCGACAAC,E6,P14,GSE168106,in_vivo,in_vivo,Han2022,,Early blastocyst (E6-8),7.0120745,9.014586
P14_CCGTGAGA,E6,P14,GSE168106,in_vivo,in_vivo,Han2022,,Early blastocyst (E6-8),7.046711,7.2354054
P14_CCTAATCC,E6,P14,GSE168106,in_vivo,in_vivo,Han2022,,Early blastocyst (E6-8),6.149727,8.3690605
P14_CCTCCTGA,E6,P14,GSE168106,in_vivo,in_vivo,Han2022,,Early blastocyst (E6-8),4.4257965,3.5222278
P14_CCTCTATC,E6,P14,GSE168106,in_vivo,in_vivo,Han2022,,Early blastocyst (E6-8),6.3832946,8.715677
P14_CGAACTTA,E6,P14,GSE168106,in_vivo,in_vivo,Han2022,,Early blastocyst (E6-8),6.799117,8.92556
P14_CGACACAC,E6,P14,GSE168106,in_vivo,in_vivo,Han2022,,Early blastocyst (E6-8),5.4641204,7.006827
P14_CGACTGGA,E6,P14,GSE168106,in_vivo,in_vivo,Han2022,,Early blastocyst (E6-8),6.935598,6.794745
P14_CGCATACA,E6,P14,GSE168106,in_vivo,in_vivo,Han2022,,Early blastocyst (E6-8),6.333847,8.402887
P14_CGCTGATC,E6,P14,GSE168106,in_vivo,in_vivo,Han2022,,Early blastocyst (E6-8),6.8048472,5.9712934
P14_CGGATTGC,E6,P14,GSE168106,in_vivo,in_vivo,Han2022,,Early blastocyst (E6-8),5.1317277,6.5122976
P14_CTAAGGTC,E6,P14,GSE168106,in_vivo,in_vivo,Han2022,,Early blastocyst (E6-8),4.4257255,5.4371843
P14_CTGAGCCA,E6,P14,GSE168106,in_vivo,in_vivo,Han2022,,Early blastocyst (E6-8),7.0379043,8.852166
P14_GAACAGGC,E6,P14,GSE168106,in_vivo,in_vivo,Han2022,,Early blastocyst (E6-8),3.0771973,4.344812
P14_GAATCTGA,E6,P14,GSE168106,in_vivo,in_vivo,Han2022,,Early blastocyst (E6-8),3.1426601,3.9267478
P14_GACAGTGC,E6,P14,GSE168106,in_vivo,in_vivo,Han2022,,Early blastocyst (E6-8),6.74601,8.918749
P14_GACTAGTA,E6,P14,GSE168106,in_vivo,in_vivo,Han2022,,Early blastocyst (E6-8),6.8329296,8.96052
P14_GAGCTGAA,E6,P14,GSE168106,in_vivo,in_vivo,Han2022,,Early blastocyst (E6-8),6.2160673,8.3084345
P14_GAGTTAGC,E6,P14,GSE168106,in_vivo,in_vivo,Han2022,,Early blastocyst (E6-8),6.524919,8.747315
P14_GATAGACA,E6,P14,GSE168106,in_vivo,in_vivo,Han2022,,Early blastocyst (E6-8),7.106001,7.182255
P14_GATGAATC,E6,P14,GSE168106,in_vivo,in_vivo,Han2022,,Early blastocyst (E6-8),6.2191806,8.246867
P14_GCCAAGAC,E6,P14,GSE168106,in_vivo,in_vivo,Han2022,,Early blastocyst (E6-8),5.2667284,6.529219
P14_GCCACATA,E6,P14,GSE168106,in_vivo,in_vivo,Han2022,,Early blastocyst (E6-8),6.398973,8.470709
P14_GCGAGTAA,E6,P14,GSE168106,in_vivo,in_vivo,Han2022,,Early blastocyst (E6-8),6.9634666,7.0369987
P14_GCTAACGA,E6,P14,GSE168106,in_vivo,in_vivo,Han2022,,Early blastocyst (E6-8),6.793028,8.920188
P14_GGAGAACA,E6,P14,GSE168106,in_vivo,in_vivo,Han2022,,Early blastocyst (E6-8),6.443193,8.596889
P14_GGTGCGAA,E6,P14,GSE168106,in_vivo,in_vivo,Han2022,,Early blastocyst (E6-8),6.5746922,8.721143
P14_GTACGCAA,E6,P14,GSE168106,in_vivo,in_vivo,Han2022,,Early blastocyst (E6-8),5.7233377,7.4109535
P14_GTCGTAGA,E6,P14,GSE168106,in_vivo,in_vivo,Han2022,,Early blastocyst (E6-8),5.115538,6.402108
P14_GTCTGTCA,E6,P14,GSE168106,in_vivo,in_vivo,Han2022,,Early blastocyst (E6-8),6.52928,8.600422
P14_GTGTTCTA,E6,P14,GSE168106,in_vivo,in_vivo,Han2022,,Early blastocyst (E6-8),6.0835004,8.321579
P14_TAGGATGA,E6,P14,GSE168106,in_vivo,in_vivo,Han2022,,Early blastocyst (E6-8),6.881667,6.945531
P14_TATCAGCA,E6,P14,GSE168106,in_vivo,in_vivo,Han2022,,Early blastocyst (E6-8),6.919811,6.901229
P14_TCCGTCTA,E6,P14,GSE168106,in_vivo,in_vivo,Han2022,,Early blastocyst (E6-8),7.040449,7.0890684
P14_TCTTCACA,E6,P14,GSE168106,in_vivo,in_vivo,Han2022,,Early blastocyst (E6-8),6.6893787,6.4887695
P14_TGAAGAGA,E6,P14,GSE168106,in_vivo,in_vivo,Han2022,,Early blastocyst (E6-8),6.838301,6.689597
P14_TGGAACAA,E6,P14,GSE168106,in_vivo,in_vivo,Han2022,,Early blastocyst (E6-8),7.012481,8.992409
P14_TGGCTTCA,E6,P14,GSE168106,in_vivo,in_vivo,Han2022,,Early blastocyst (E6-8),6.8420377,8.858416
P14_TGGTGGTA,E6,P14,GSE168106,in_vivo,in_vivo,Han2022,,Early blastocyst (E6-8),7.0182724,8.843588
P14_TTCACGCA,E6,P14,GSE168106,in_vivo,in_vivo,Han2022,,Early blastocyst (E6-8),7.012144,8.918998
P15_AAACATCG,E6,P15,GSE168106,in_vivo,in_vivo,Han2022,,Early blastocyst (E6-8),5.522494,7.134124
P15_AACAACCA,E6,P15,GSE168106,in_vivo,in_vivo,Han2022,,Early blastocyst (E6-8),4.9356136,6.295884
P15_AACCGAGA,E6,P15,GSE168106,in_vivo,in_vivo,Han2022,,Early blastocyst (E6-8),5.362839,6.774591
P15_AACGCTTA,E6,P15,GSE168106,in_vivo,in_vivo,Han2022,,Early blastocyst (E6-8),5.7098904,7.5252223
P15_AACGTGAT,E6,P15,GSE168106,in_vivo,in_vivo,Han2022,,Early blastocyst (E6-8),5.4906387,6.815228
P15_AACTCACC,E10,P15,GSE168106,in_vivo,in_vivo,Han2022,,Hatched blastocyst (E9-10),-3.5871797,-2.561959
P15_AAGACGGA,E6,P15,GSE168106,in_vivo,in_vivo,Han2022,,Early blastocyst (E6-8),6.298758,6.383592
P15_AAGAGATC,E10,P15,GSE168106,in_vivo,in_vivo,Han2022,,Hatched blastocyst (E9-10),-3.5921469,-3.107373
P15_AAGGACAC,E10,P15,GSE168106,in_vivo,in_vivo,Han2022,,Hatched blastocyst (E9-10),-3.9119928,-2.0442495
P15_AAGGTACA,E6,P15,GSE168106,in_vivo,in_vivo,Han2022,,Early blastocyst (E6-8),5.4137826,4.8737564
P15_AATCCGTC,E10,P15,GSE168106,in_vivo,in_vivo,Han2022,,Hatched blastocyst (E9-10),-3.759634,-1.952939
P15_AATGTTGC,E10,P15,GSE168106,in_vivo,in_vivo,Han2022,,Hatched blastocyst (E9-10),-0.006523959,2.1998775
P15_ACACAGAA,E6,P15,GSE168106,in_vivo,in_vivo,Han2022,,Early blastocyst (E6-8),6.68409,6.5487614
P15_ACACGACC,E10,P15,GSE168106,in_vivo,in_vivo,Han2022,,Hatched blastocyst (E9-10),-2.6025374,-4.0767164
P15_ACAGATTC,E10,P15,GSE168106,in_vivo,in_vivo,Han2022,,Hatched blastocyst (E9-10),-3.6003535,-2.6601048
P15_ACAGCAGA,E6,P15,GSE168106,in_vivo,in_vivo,Han2022,,Early blastocyst (E6-8),6.4076843,6.3457475
P15_ACATTGGC,E6,P15,GSE168106,in_vivo,in_vivo,Han2022,,Early blastocyst (E6-8),5.0645647,6.425226
P15_ACCACTGT,E6,P15,GSE168106,in_vivo,in_vivo,Han2022,,Early blastocyst (E6-8),5.3027563,6.7316823
P15_ACCTCCAA,E6,P15,GSE168106,in_vivo,in_vivo,Han2022,,Early blastocyst (E6-8),6.457552,6.3163915
P15_ACTATGCA,E6,P15,GSE168106,in_vivo,in_vivo,Han2022,,Early blastocyst (E6-8),4.347383,2.6998773
P15_AGAGTCAA,E6,P15,GSE168106,in_vivo,in_vivo,Han2022,,Early blastocyst (E6-8),6.755736,6.6178837
P15_AGATCGCA,E6,P15,GSE168106,in_vivo,in_vivo,Han2022,,Early blastocyst (E6-8),6.058931,5.3878284
P15_AGATGTAC,E10,P15,GSE168106,in_vivo,in_vivo,Han2022,,Hatched blastocyst (E9-10),-2.635288,-3.999328
P15_AGCACCTC,E10,P15,GSE168106,in_vivo,in_vivo,Han2022,,Hatched blastocyst (E9-10),-3.4618223,-3.3822472
P15_AGCCATGC,E10,P15,GSE168106,in_vivo,in_vivo,Han2022,,Hatched blastocyst (E9-10),-3.6946297,-2.9557984
P15_AGGCTAAC,E10,P15,GSE168106,in_vivo,in_vivo,Han2022,,Hatched blastocyst (E9-10),-3.3539562,-0.8737248
P15_AGTACAAG,E6,P15,GSE168106,in_vivo,in_vivo,Han2022,,Early blastocyst (E6-8),5.5528464,7.2027
P15_AGTCACTA,E6,P15,GSE168106,in_vivo,in_vivo,Han2022,,Early blastocyst (E6-8),6.623149,6.3029017
P15_AGTGGTCA,E6,P15,GSE168106,in_vivo,in_vivo,Han2022,,Early blastocyst (E6-8),4.2793655,5.005898
P15_ATAGCGAC,E10,P15,GSE168106,in_vivo,in_vivo,Han2022,,Hatched blastocyst (E9-10),-3.065159,-3.8045802
P15_ATCATTCC,E10,P15,GSE168106,in_vivo,in_vivo,Han2022,,Hatched blastocyst (E9-10),-2.4467957,-4.0310197
P15_ATCCTGTA,E6,P15,GSE168106,in_vivo,in_vivo,Han2022,,Early blastocyst (E6-8),5.1672506,6.807565
P15_ATGCCTAA,E6,P15,GSE168106,in_vivo,in_vivo,Han2022,,Early blastocyst (E6-8),4.366915,5.450936
P15_ATTGAGGA,E6,P15,GSE168106,in_vivo,in_vivo,Han2022,,Early blastocyst (E6-8),6.903863,8.82309
P15_ATTGGCTC,E10,P15,GSE168106,in_vivo,in_vivo,Han2022,,Hatched blastocyst (E9-10),-3.0702577,-3.737567
P15_CAACCACA,E6,P15,GSE168106,in_vivo,in_vivo,Han2022,,Early blastocyst (E6-8),6.860661,8.910099
P15_CAAGGAGC,E10,P15,GSE168106,in_vivo,in_vivo,Han2022,,Hatched blastocyst (E9-10),-3.7553236,-2.7039013
P15_CACCTTAC,E10,P15,GSE168106,in_vivo,in_vivo,Han2022,,Hatched blastocyst (E9-10),-3.1007013,-3.7260146
P15_CACTTCGA,E6,P15,GSE168106,in_vivo,in_vivo,Han2022,,Early blastocyst (E6-8),4.40458,4.7146587
P15_CAGATCTG,E6,P15,GSE168106,in_vivo,in_vivo,Han2022,,Early blastocyst (E6-8),5.357887,6.8834476
P15_CATACCAA,E6,P15,GSE168106,in_vivo,in_vivo,Han2022,,Early blastocyst (E6-8),4.5964656,2.5454426
P15_CATCAAGT,E6,P15,GSE168106,in_vivo,in_vivo,Han2022,,Early blastocyst (E6-8),5.2943563,6.750065
P15_CCATCCTC,E10,P15,GSE168106,in_vivo,in_vivo,Han2022,,Hatched blastocyst (E9-10),-3.665547,-1.206844
P15_CCGAAGTA,E6,P15,GSE168106,in_vivo,in_vivo,Han2022,,Early blastocyst (E6-8),4.2763853,4.973865
P15_CCGACAAC,E10,P15,GSE168106,in_vivo,in_vivo,Han2022,,Hatched blastocyst (E9-10),-3.201999,-3.6772792
P15_CCTAATCC,E10,P15,GSE168106,in_vivo,in_vivo,Han2022,,Hatched blastocyst (E9-10),-3.0129755,-3.5259864
P15_CCTCTATC,E10,P15,GSE168106,in_vivo,in_vivo,Han2022,,Hatched blastocyst (E9-10),-3.5723763,-1.5517275
P15_CGAACTTA,E6,P15,GSE168106,in_vivo,in_vivo,Han2022,,Early blastocyst (E6-8),5.119566,6.4936585
P15_CGACACAC,E10,P15,GSE168106,in_vivo,in_vivo,Han2022,,Hatched blastocyst (E9-10),-2.8868628,-3.6896992
P15_CGACTGGA,E6,P15,GSE168106,in_vivo,in_vivo,Han2022,,Early blastocyst (E6-8),4.656522,2.6820698
P15_CGCTGATC,E6,P15,GSE168106,in_vivo,in_vivo,Han2022,,Early blastocyst (E6-8),3.2400997,4.238548
P15_CGGATTGC,E10,P15,GSE168106,in_vivo,in_vivo,Han2022,,Hatched blastocyst (E9-10),-2.4845047,-3.9428928
P15_CTAAGGTC,E10,P15,GSE168106,in_vivo,in_vivo,Han2022,,Hatched blastocyst (E9-10),-3.5983722,-2.545593
P15_CTCAATGA,E6,P15,GSE168106,in_vivo,in_vivo,Han2022,,Early blastocyst (E6-8),4.304686,3.7956536
P15_CTGTAGCC,E6,P15,GSE168106,in_vivo,in_vivo,Han2022,,Early blastocyst (E6-8),5.6627436,7.2905316
P15_GAACAGGC,E10,P15,GSE168106,in_vivo,in_vivo,Han2022,,Hatched blastocyst (E9-10),-2.9726615,-3.6958423
P15_GACAGTGC,E10,P15,GSE168106,in_vivo,in_vivo,Han2022,,Hatched blastocyst (E9-10),-3.7788918,-1.7181002
P15_GAGTTAGC,E10,P15,GSE168106,in_vivo,in_vivo,Han2022,,Hatched blastocyst (E9-10),-2.9722018,-3.7085094
P15_GATAGACA,E10,P15,GSE168106,in_vivo,in_vivo,Han2022,,Hatched blastocyst (E9-10),-3.6344016,-2.2120907
P15_GATGAATC,E10,P15,GSE168106,in_vivo,in_vivo,Han2022,,Hatched blastocyst (E9-10),-3.4052598,-3.5726843
P15_GCCAAGAC,E10,P15,GSE168106,in_vivo,in_vivo,Han2022,,Hatched blastocyst (E9-10),-3.6512785,-2.940953
P15_GCCACATA,E10,P15,GSE168106,in_vivo,in_vivo,Han2022,,Hatched blastocyst (E9-10),-3.12839,-3.654236
P15_GCGAGTAA,E10,P15,GSE168106,in_vivo,in_vivo,Han2022,,Hatched blastocyst (E9-10),-3.8940449,-1.9317981
P15_GCTAACGA,E10,P15,GSE168106,in_vivo,in_vivo,Han2022,,Hatched blastocyst (E9-10),-3.8788164,-2.1107855
P15_GCTCGGTA,E10,P15,GSE168106,in_vivo,in_vivo,Han2022,,Hatched blastocyst (E9-10),-3.7835755,-2.9984505
P15_GGAGAACA,E10,P15,GSE168106,in_vivo,in_vivo,Han2022,,Hatched blastocyst (E9-10),-3.6815293,-2.927479
P15_GGTGCGAA,E10,P15,GSE168106,in_vivo,in_vivo,Han2022,,Hatched blastocyst (E9-10),-3.7812672,-2.8190935
P15_GTACGCAA,E10,P15,GSE168106,in_vivo,in_vivo,Han2022,,Hatched blastocyst (E9-10),-3.5286489,-0.9896215
P15_GTCGTAGA,E10,P15,GSE168106,in_vivo,in_vivo,Han2022,,Hatched blastocyst (E9-10),-2.4698684,-4.0460534
P15_GTCTGTCA,E10,P15,GSE168106,in_vivo,in_vivo,Han2022,,Hatched blastocyst (E9-10),-2.583295,-3.9714031
P15_TAGGATGA,E10,P15,GSE168106,in_vivo,in_vivo,Han2022,,Hatched blastocyst (E9-10),-2.847567,-3.9209468
P15_TATCAGCA,E10,P15,GSE168106,in_vivo,in_vivo,Han2022,,Hatched blastocyst (E9-10),-2.454005,-4.0849853
P15_TCCGTCTA,E10,P15,GSE168106,in_vivo,in_vivo,Han2022,,Hatched blastocyst (E9-10),-2.5498106,-4.13597
P15_TCTTCACA,E10,P15,GSE168106,in_vivo,in_vivo,Han2022,,Hatched blastocyst (E9-10),-2.4441946,-4.0186696
P15_TGAAGAGA,E10,P15,GSE168106,in_vivo,in_vivo,Han2022,,Hatched blastocyst (E9-10),-3.872722,-2.4781318
P15_TGGAACAA,E10,P15,GSE168106,in_vivo,in_vivo,Han2022,,Hatched blastocyst (E9-10),-3.6109831,-3.1013901
P15_TGGCTTCA,E10,P15,GSE168106,in_vivo,in_vivo,Han2022,,Hatched blastocyst (E9-10),-3.2830822,-3.586137
P15_TGGTGGTA,E10,P15,GSE168106,in_vivo,in_vivo,Han2022,,Hatched blastocyst (E9-10),-2.9438639,-3.7379901
P15_TTCACGCA,E10,P15,GSE168106,in_vivo,in_vivo,Han2022,,Hatched blastocyst (E9-10),-3.1100204,-3.6700187
P16_AAACATCG,E10,P16,GSE168106,in_vivo,in_vivo,Han2022,,Hatched blastocyst (E9-10),-3.097722,-3.4522357
P16_AACAACCA,E10,P16,GSE168106,in_vivo,in_vivo,Han2022,,Hatched blastocyst (E9-10),-3.221671,-1.1791484
P16_AACCGAGA,E10,P16,GSE168106,in_vivo,in_vivo,Han2022,,Hatched blastocyst (E9-10),-3.5253808,-2.8560665
P16_AACGCTTA,E10,P16,GSE168106,in_vivo,in_vivo,Han2022,,Hatched blastocyst (E9-10),-3.94414,-2.0105233
P16_AACGTGAT,E10,P16,GSE168106,in_vivo,in_vivo,Han2022,,Hatched blastocyst (E9-10),-2.3845937,-4.0733724
P16_AACTCACC,E10,P16,GSE168106,in_vivo,in_vivo,Han2022,,Hatched blastocyst (E9-10),3.9863157,3.135641
P16_AAGACGGA,E10,P16,GSE168106,in_vivo,in_vivo,Han2022,,Hatched blastocyst (E9-10),-3.7235906,-2.7425995
P16_AAGAGATC,E10,P16,GSE168106,in_vivo,in_vivo,Han2022,,Hatched blastocyst (E9-10),-0.45919916,7.5413933
P16_AAGGACAC,E10,P16,GSE168106,in_vivo,in_vivo,Han2022,,Hatched blastocyst (E9-10),2.202573,5.820021
P16_AAGGTACA,E10,P16,GSE168106,in_vivo,in_vivo,Han2022,,Hatched blastocyst (E9-10),-3.8599584,-1.9459491
P16_AATCCGTC,E10,P16,GSE168106,in_vivo,in_vivo,Han2022,,Hatched blastocyst (E9-10),-0.33307922,7.953632
P16_AATGTTGC,E10,P16,GSE168106,in_vivo,in_vivo,Han2022,,Hatched blastocyst (E9-10),2.7789645,4.9482303
P16_ACAAGCTA,E10,P16,GSE168106,in_vivo,in_vivo,Han2022,,Hatched blastocyst (E9-10),-3.0502532,-3.4425228
P16_ACACAGAA,E10,P16,GSE168106,in_vivo,in_vivo,Han2022,,Hatched blastocyst (E9-10),-3.379056,-3.0462487
P16_ACACGACC,E10,P16,GSE168106,in_vivo,in_vivo,Han2022,,Hatched blastocyst (E9-10),2.126389,6.1953053
P16_ACAGATTC,E10,P16,GSE168106,in_vivo,in_vivo,Han2022,,Hatched blastocyst (E9-10),0.7429576,7.149673
P16_ACAGCAGA,E10,P16,GSE168106,in_vivo,in_vivo,Han2022,,Hatched blastocyst (E9-10),-3.825251,-1.6981267
P16_ACATTGGC,E10,P16,GSE168106,in_vivo,in_vivo,Han2022,,Hatched blastocyst (E9-10),-3.329234,-2.5358105
P16_ACCACTGT,E10,P16,GSE168106,in_vivo,in_vivo,Han2022,,Hatched blastocyst (E9-10),-3.3554554,-2.1517706
P16_ACGCTCGA,E10,P16,GSE168106,in_vivo,in_vivo,Han2022,,Hatched blastocyst (E9-10),-3.750135,-1.4515567
P16_ACGTATCA,E10,P16,GSE168106,in_vivo,in_vivo,Han2022,,Hatched blastocyst (E9-10),-3.3040931,-3.5814807
P16_ACTATGCA,E10,P16,GSE168106,in_vivo,in_vivo,Han2022,,Hatched blastocyst (E9-10),3.1874204,3.2778215
P16_AGAGTCAA,E10,P16,GSE168106,in_vivo,in_vivo,Han2022,,Hatched blastocyst (E9-10),-3.650404,-2.7978508
P16_AGATCGCA,E10,P16,GSE168106,in_vivo,in_vivo,Han2022,,Hatched blastocyst (E9-10),-2.5130699,-3.8786526
P16_AGATGTAC,E10,P16,GSE168106,in_vivo,in_vivo,Han2022,,Hatched blastocyst (E9-10),3.2781844,4.298848
P16_AGCACCTC,E10,P16,GSE168106,in_vivo,in_vivo,Han2022,,Hatched blastocyst (E9-10),3.0416152,4.6901946
P16_AGCAGGAA,E10,P16,GSE168106,in_vivo,in_vivo,Han2022,,Hatched blastocyst (E9-10),-2.906244,-3.7399411
P16_AGCCATGC,E10,P16,GSE168106,in_vivo,in_vivo,Han2022,,Hatched blastocyst (E9-10),-1.054932,7.6851153
P16_AGGCTAAC,E10,P16,GSE168106,in_vivo,in_vivo,Han2022,,Hatched blastocyst (E9-10),1.054208,6.9958267
P16_AGTACAAG,E10,P16,GSE168106,in_vivo,in_vivo,Han2022,,Hatched blastocyst (E9-10),2.8322728,3.3850806
P16_AGTCACTA,E10,P16,GSE168106,in_vivo,in_vivo,Han2022,,Hatched blastocyst (E9-10),-2.7134528,-3.576481
P16_AGTGGTCA,E10,P16,GSE168106,in_vivo,in_vivo,Han2022,,Hatched blastocyst (E9-10),-2.4818747,-4.02486
P16_ATAGCGAC,E10,P16,GSE168106,in_vivo,in_vivo,Han2022,,Hatched blastocyst (E9-10),0.68834865,7.250738
P16_ATCATTCC,E10,P16,GSE168106,in_vivo,in_vivo,Han2022,,Hatched blastocyst (E9-10),-0.3286079,7.4176345
P16_ATCCTGTA,E10,P16,GSE168106,in_vivo,in_vivo,Han2022,,Hatched blastocyst (E9-10),-3.7375283,-1.8529384
P16_ATGCCTAA,E10,P16,GSE168106,in_vivo,in_vivo,Han2022,,Hatched blastocyst (E9-10),-3.1077802,-1.8844943
P16_ATTGAGGA,E10,P16,GSE168106,in_vivo,in_vivo,Han2022,,Hatched blastocyst (E9-10),-3.4545715,-2.6836061
P16_ATTGGCTC,E10,P16,GSE168106,in_vivo,in_vivo,Han2022,,Hatched blastocyst (E9-10),-2.506753,8.277629
P16_CAACCACA,E10,P16,GSE168106,in_vivo,in_vivo,Han2022,,Hatched blastocyst (E9-10),-3.451459,-2.768791
P16_CAAGACTA,E10,P16,GSE168106,in_vivo,in_vivo,Han2022,,Hatched blastocyst (E9-10),-3.4896934,-0.914535
P16_CAAGGAGC,E10,P16,GSE168106,in_vivo,in_vivo,Han2022,,Hatched blastocyst (E9-10),-2.620465,-3.8297727
P16_CAATGGAA,E10,P16,GSE168106,in_vivo,in_vivo,Han2022,,Hatched blastocyst (E9-10),-3.7460666,-1.350317
P16_CACCTTAC,E10,P16,GSE168106,in_vivo,in_vivo,Han2022,,Hatched blastocyst (E9-10),-3.16242,8.068363
P16_CACTTCGA,E10,P16,GSE168106,in_vivo,in_vivo,Han2022,,Hatched blastocyst (E9-10),-3.9353755,-1.6038753
P16_CAGATCTG,E10,P16,GSE168106,in_vivo,in_vivo,Han2022,,Hatched blastocyst (E9-10),-3.4810288,-2.6781
P16_CAGCGTTA,E10,P16,GSE168106,in_vivo,in_vivo,Han2022,,Hatched blastocyst (E9-10),0.26462016,2.2011182
P16_CATACCAA,E10,P16,GSE168106,in_vivo,in_vivo,Han2022,,Hatched blastocyst (E9-10),-3.8851497,-1.7404189
P16_CATCAAGT,E10,P16,GSE168106,in_vivo,in_vivo,Han2022,,Hatched blastocyst (E9-10),-2.1608367,1.0842854
P16_CCAGTTCA,E10,P16,GSE168106,in_vivo,in_vivo,Han2022,,Hatched blastocyst (E9-10),-3.9399974,-1.8537505
P16_CCATCCTC,E10,P16,GSE168106,in_vivo,in_vivo,Han2022,,Hatched blastocyst (E9-10),-2.716742,8.316763
P16_CCGAAGTA,E10,P16,GSE168106,in_vivo,in_vivo,Han2022,,Hatched blastocyst (E9-10),2.5922542,3.2368906
P16_CCGACAAC,E10,P16,GSE168106,in_vivo,in_vivo,Han2022,,Hatched blastocyst (E9-10),-2.1671195,8.391791
P16_CCGTGAGA,E10,P16,GSE168106,in_vivo,in_vivo,Han2022,,Hatched blastocyst (E9-10),-3.9210694,-1.2810374
P16_CCTAATCC,E10,P16,GSE168106,in_vivo,in_vivo,Han2022,,Hatched blastocyst (E9-10),-2.6363695,-3.791625
P16_CCTCCTGA,E10,P16,GSE168106,in_vivo,in_vivo,Han2022,,Hatched blastocyst (E9-10),-3.9091628,-1.3194996
P16_CCTCTATC,E10,P16,GSE168106,in_vivo,in_vivo,Han2022,,Hatched blastocyst (E9-10),-2.771541,8.286511
P16_CGAACTTA,E10,P16,GSE168106,in_vivo,in_vivo,Han2022,,Hatched blastocyst (E9-10),-3.55684,-2.7335818
P16_CGACTGGA,E10,P16,GSE168106,in_vivo,in_vivo,Han2022,,Hatched blastocyst (E9-10),-3.918106,-1.8598733
P16_CGCATACA,E10,P16,GSE168106,in_vivo,in_vivo,Han2022,,Hatched blastocyst (E9-10),-3.9763954,-1.6645788
P16_CGCTGATC,E10,P16,GSE168106,in_vivo,in_vivo,Han2022,,Hatched blastocyst (E9-10),-2.964803,-3.4670432
P16_CTCAATGA,E10,P16,GSE168106,in_vivo,in_vivo,Han2022,,Hatched blastocyst (E9-10),-3.8016794,-1.1610471
P16_CTGAGCCA,E10,P16,GSE168106,in_vivo,in_vivo,Han2022,,Hatched blastocyst (E9-10),3.8359797,2.9309657
P16_CTGGCATA,E10,P16,GSE168106,in_vivo,in_vivo,Han2022,,Hatched blastocyst (E9-10),-3.672976,-2.9097676
P16_CTGTAGCC,E10,P16,GSE168106,in_vivo,in_vivo,Han2022,,Hatched blastocyst (E9-10),-3.643271,-1.2953918
P16_GAATCTGA,E10,P16,GSE168106,in_vivo,in_vivo,Han2022,,Hatched blastocyst (E9-10),-3.8347402,-1.120613
P16_GACTAGTA,E10,P16,GSE168106,in_vivo,in_vivo,Han2022,,Hatched blastocyst (E9-10),-4.0079403,-1.3818713
P16_GAGCTGAA,E10,P16,GSE168106,in_vivo,in_vivo,Han2022,,Hatched blastocyst (E9-10),-3.9219916,-1.2131654
P16_GATAGACA,E10,P16,GSE168106,in_vivo,in_vivo,Han2022,,Hatched blastocyst (E9-10),2.4745102,5.4197946
P16_GCCACATA,E10,P16,GSE168106,in_vivo,in_vivo,Han2022,,Hatched blastocyst (E9-10),-0.6848952,8.544581
P16_GCTCGGTA,E10,P16,GSE168106,in_vivo,in_vivo,Han2022,,Hatched blastocyst (E9-10),2.235997,5.62983
P16_GGAGAACA,E10,P16,GSE168106,in_vivo,in_vivo,Han2022,,Hatched blastocyst (E9-10),-0.7783595,8.571032
P16_GGTGCGAA,E10,P16,GSE168106,in_vivo,in_vivo,Han2022,,Hatched blastocyst (E9-10),-0.7194111,8.587755
P16_GTACGCAA,E10,P16,GSE168106,in_vivo,in_vivo,Han2022,,Hatched blastocyst (E9-10),2.8016336,5.622301
P16_GTCGTAGA,E10,P16,GSE168106,in_vivo,in_vivo,Han2022,,Hatched blastocyst (E9-10),-3.1196241,-1.7778401
P16_GTGTTCTA,E10,P16,GSE168106,in_vivo,in_vivo,Han2022,,Hatched blastocyst (E9-10),0.62603456,7.0675216
P16_TAGGATGA,E10,P16,GSE168106,in_vivo,in_vivo,Han2022,,Hatched blastocyst (E9-10),-0.63822305,8.450898
P16_TATCAGCA,E10,P16,GSE168106,in_vivo,in_vivo,Han2022,,Hatched blastocyst (E9-10),-0.7971425,8.786246
P16_TCCGTCTA,E10,P16,GSE168106,in_vivo,in_vivo,Han2022,,Hatched blastocyst (E9-10),-1.0002428,8.574576
P16_TCTTCACA,E10,P16,GSE168106,in_vivo,in_vivo,Han2022,,Hatched blastocyst (E9-10),-0.58384734,8.403456
P16_TGAAGAGA,E10,P16,GSE168106,in_vivo,in_vivo,Han2022,,Hatched blastocyst (E9-10),-0.22589359,8.028145
P16_TGGAACAA,E10,P16,GSE168106,in_vivo,in_vivo,Han2022,,Hatched blastocyst (E9-10),-0.751128,8.518742
P16_TGGCTTCA,E10,P16,GSE168106,in_vivo,in_vivo,Han2022,,Hatched blastocyst (E9-10),1.5052601,6.618479
P16_TGGTGGTA,E10,P16,GSE168106,in_vivo,in_vivo,Han2022,,Hatched blastocyst (E9-10),2.2524264,6.1546736
P16_TTCACGCA,E10,P16,GSE168106,in_vivo,in_vivo,Han2022,,Hatched blastocyst (E9-10),2.251442,5.769374
P1_AAACATCG,E2,P1,GSE168106,in_vivo,in_vivo,Han2022,,E2 (2C),11.395091,1.3608829
P1_AACAACCA,E1,P1,GSE168106,in_vivo,in_vivo,Han2022,,Zygote/E0-E1,7.27844,3.9461868
P1_AACCGAGA,E1,P1,GSE168106,in_vivo,in_vivo,Han2022,,Zygote/E0-E1,7.0304794,3.9875953
P1_AACGCTTA,E1,P1,GSE168106,in_vivo,in_vivo,Han2022,,Zygote/E0-E1,6.612069,4.1284375
P1_AACGTGAT,E2,P1,GSE168106,in_vivo,in_vivo,Han2022,,E2 (2C),11.373407,1.3791595
P1_AACTCACC,E4,P1,GSE168106,in_vivo,in_vivo,Han2022,,Morula (E4-5),8.341875,4.590179
P1_AAGAGATC,E4,P1,GSE168106,in_vivo,in_vivo,Han2022,,Morula (E4-5),8.854348,4.1655793
P1_AAGGACAC,E4,P1,GSE168106,in_vivo,in_vivo,Han2022,,Morula (E4-5),8.889363,4.3740997
P1_AATCCGTC,E4,P1,GSE168106,in_vivo,in_vivo,Han2022,,Morula (E4-5),7.5209227,4.914864
P1_AATGTTGC,E4,P1,GSE168106,in_vivo,in_vivo,Han2022,,Morula (E4-5),5.641703,4.3471594
P1_ACACAGAA,E0,P1,GSE168106,in_vivo,in_vivo,Han2022,,Zygote/E0-E1,11.442791,1.4791378
P1_ACAGATTC,E4,P1,GSE168106,in_vivo,in_vivo,Han2022,,Morula (E4-5),6.233065,4.427884
P1_ACAGCAGA,E0,P1,GSE168106,in_vivo,in_vivo,Han2022,,Zygote/E0-E1,6.844088,4.0705905
P1_ACATTGGC,E2,P1,GSE168106,in_vivo,in_vivo,Han2022,,E2 (2C),11.325915,0.6714882
P1_ACCACTGT,E2,P1,GSE168106,in_vivo,in_vivo,Han2022,,E2 (2C),11.389647,0.74373454
P1_ACCTCCAA,E0,P1,GSE168106,in_vivo,in_vivo,Han2022,,Zygote/E0-E1,4.824521,3.5086765
P1_ACGCTCGA,E0,P1,GSE168106,in_vivo,in_vivo,Han2022,,Zygote/E0-E1,11.610504,1.6045645
P1_AGATGTAC,E4,P1,GSE168106,in_vivo,in_vivo,Han2022,,Morula (E4-5),5.3567553,4.1415243
P1_AGCCATGC,E4,P1,GSE168106,in_vivo,in_vivo,Han2022,,Morula (E4-5),6.3472853,4.780023
P1_AGGCTAAC,E4,P1,GSE168106,in_vivo,in_vivo,Han2022,,Morula (E4-5),6.0144978,4.446164
P1_AGTACAAG,E1,P1,GSE168106,in_vivo,in_vivo,Han2022,,Zygote/E0-E1,7.1584744,3.970983
P1_AGTGGTCA,E2,P1,GSE168106,in_vivo,in_vivo,Han2022,,E2 (2C),11.262643,0.9590181
P1_ATCATTCC,E4,P1,GSE168106,in_vivo,in_vivo,Han2022,,Morula (E4-5),6.851741,4.408629
P1_ATGCCTAA,E2,P1,GSE168106,in_vivo,in_vivo,Han2022,,E2 (2C),11.4904,1.0117126
P1_ATTGGCTC,E4,P1,GSE168106,in_vivo,in_vivo,Han2022,,Morula (E4-5),6.4460526,4.658891
P1_CAAGACTA,E3,P1,GSE168106,in_vivo,in_vivo,Han2022,,E3 (4-8C),7.75708,3.8731754
P1_CAAGGAGC,E4,P1,GSE168106,in_vivo,in_vivo,Han2022,,Morula (E4-5),6.5961747,4.553359
P1_CAATGGAA,E3,P1,GSE168106,in_vivo,in_vivo,Han2022,,E3 (4-8C),8.583109,3.414157
P1_CACTTCGA,E3,P1,GSE168106,in_vivo,in_vivo,Han2022,,E3 (4-8C),8.552652,3.3893757
P1_CAGATCTG,E2,P1,GSE168106,in_vivo,in_vivo,Han2022,,E2 (2C),11.4774065,1.4418854
P1_CAGCGTTA,E3,P1,GSE168106,in_vivo,in_vivo,Han2022,,E3 (4-8C),6.5797167,4.226817
P1_CATCAAGT,E2,P1,GSE168106,in_vivo,in_vivo,Han2022,,E2 (2C),11.334057,0.78071696
P1_CCGACAAC,E4,P1,GSE168106,in_vivo,in_vivo,Han2022,,Morula (E4-5),8.341836,4.55015
P1_CCTAATCC,E4,P1,GSE168106,in_vivo,in_vivo,Han2022,,Morula (E4-5),8.774712,4.0922685
P1_CCTCTATC,E4,P1,GSE168106,in_vivo,in_vivo,Han2022,,Morula (E4-5),5.722061,4.361865
P1_CGCATACA,E3,P1,GSE168106,in_vivo,in_vivo,Han2022,,E3 (4-8C),6.95508,4.060431
P1_CGCTGATC,E1,P1,GSE168106,in_vivo,in_vivo,Han2022,,Zygote/E0-E1,11.202735,0.84833235
P1_CTAAGGTC,E4,P1,GSE168106,in_vivo,in_vivo,Han2022,,Morula (E4-5),7.1121473,4.8418674
P1_CTCAATGA,E3,P1,GSE168106,in_vivo,in_vivo,Han2022,,E3 (4-8C),8.54046,3.4388244
P1_CTGAGCCA,E3,P1,GSE168106,in_vivo,in_vivo,Han2022,,E3 (4-8C),8.513475,3.3819215
P1_CTGGCATA,E3,P1,GSE168106,in_vivo,in_vivo,Han2022,,E3 (4-8C),8.63995,3.4017568
P1_CTGTAGCC,E1,P1,GSE168106,in_vivo,in_vivo,Han2022,,Zygote/E0-E1,6.5807867,4.114126
P1_GAACAGGC,E4,P1,GSE168106,in_vivo,in_vivo,Han2022,,Morula (E4-5),5.6880584,4.506744
P1_GAATCTGA,E3,P1,GSE168106,in_vivo,in_vivo,Han2022,,E3 (4-8C),6.7134304,4.148201
P1_GACTAGTA,E3,P1,GSE168106,in_vivo,in_vivo,Han2022,,E3 (4-8C),8.40222,3.510901
P1_GAGCTGAA,E3,P1,GSE168106,in_vivo,in_vivo,Han2022,,E3 (4-8C),7.338233,3.9400227
P1_GAGTTAGC,E4,P1,GSE168106,in_vivo,in_vivo,Han2022,,Morula (E4-5),8.856907,3.9747365
P1_GATAGACA,E3,P1,GSE168106,in_vivo,in_vivo,Han2022,,E3 (4-8C),8.670971,3.5185444
P1_GATGAATC,E4,P1,GSE168106,in_vivo,in_vivo,Han2022,,Morula (E4-5),8.822257,4.3411436
P1_GCCAAGAC,E4,P1,GSE168106,in_vivo,in_vivo,Han2022,,Morula (E4-5),8.942323,4.3414216
P1_GCCACATA,E3,P1,GSE168106,in_vivo,in_vivo,Han2022,,E3 (4-8C),8.634507,3.370935
P1_GCGAGTAA,E3,P1,GSE168106,in_vivo,in_vivo,Han2022,,E3 (4-8C),8.689459,3.3329554
P1_GCTAACGA,E3,P1,GSE168106,in_vivo,in_vivo,Han2022,,E3 (4-8C),8.753821,3.3709807
P1_GCTCGGTA,E3,P1,GSE168106,in_vivo,in_vivo,Han2022,,E3 (4-8C),7.6121283,3.7053277
P1_GGAGAACA,E3,P1,GSE168106,in_vivo,in_vivo,Han2022,,E3 (4-8C),8.041279,3.612291
P1_TGGAACAA,E4,P1,GSE168106,in_vivo,in_vivo,Han2022,,Morula (E4-5),8.629314,4.533761
P1_TGGCTTCA,E4,P1,GSE168106,in_vivo,in_vivo,Han2022,,Morula (E4-5),8.8189535,4.5388117
P1_TGGTGGTA,E4,P1,GSE168106,in_vivo,in_vivo,Han2022,,Morula (E4-5),8.540007,4.5732307
P1_TTCACGCA,E4,P1,GSE168106,in_vivo,in_vivo,Han2022,,Morula (E4-5),6.752614,4.7567215
P17_AAACATCG,E9,P17,GSE168106,in_vivo,in_vivo,Han2022,,Hatched blastocyst (E9-10),-3.0269966,8.056553
P17_AACAACCA,E9,P17,GSE168106,in_vivo,in_vivo,Han2022,,Hatched blastocyst (E9-10),-1.5270824,7.433442
P17_AACCGAGA,E9,P17,GSE168106,in_vivo,in_vivo,Han2022,,Hatched blastocyst (E9-10),-1.6791961,7.7090325
P17_AACGCTTA,E9,P17,GSE168106,in_vivo,in_vivo,Han2022,,Hatched blastocyst (E9-10),-0.6777541,7.3375607
P17_AACGTGAT,E9,P17,GSE168106,in_vivo,in_vivo,Han2022,,Hatched blastocyst (E9-10),-1.7855724,7.6143827
P17_AAGACGGA,E9,P17,GSE168106,in_vivo,in_vivo,Han2022,,Hatched blastocyst (E9-10),-2.3729327,7.83609
P17_AAGAGATC,E9,P17,GSE168106,in_vivo,in_vivo,Han2022,,Hatched blastocyst (E9-10),-2.860055,8.031403
P17_AAGGACAC,E9,P17,GSE168106,in_vivo,in_vivo,Han2022,,Hatched blastocyst (E9-10),0.09935465,7.013176
P17_AAGGTACA,E9,P17,GSE168106,in_vivo,in_vivo,Han2022,,Hatched blastocyst (E9-10),-1.5165557,7.5365696
P17_AATCCGTC,E9,P17,GSE168106,in_vivo,in_vivo,Han2022,,Hatched blastocyst (E9-10),-3.0468044,8.198498
P17_ACAAGCTA,E9,P17,GSE168106,in_vivo,in_vivo,Han2022,,Hatched blastocyst (E9-10),-2.3625524,7.7822056
P17_ACACAGAA,E9,P17,GSE168106,in_vivo,in_vivo,Han2022,,Hatched blastocyst (E9-10),-1.1040373,7.460681
P17_ACACGACC,E9,P17,GSE168106,in_vivo,in_vivo,Han2022,,Hatched blastocyst (E9-10),-3.3309467,-1.9867094
P17_ACAGATTC,E9,P17,GSE168106,in_vivo,in_vivo,Han2022,,Hatched blastocyst (E9-10),-3.1674116,-3.56431
P17_ACAGCAGA,E9,P17,GSE168106,in_vivo,in_vivo,Han2022,,Hatched blastocyst (E9-10),0.16094702,7.1278534
P17_ACATTGGC,E9,P17,GSE168106,in_vivo,in_vivo,Han2022,,Hatched blastocyst (E9-10),-0.8099503,7.4039717
P17_ACCACTGT,E9,P17,GSE168106,in_vivo,in_vivo,Han2022,,Hatched blastocyst (E9-10),0.968697,6.797496
P17_ACGCTCGA,E9,P17,GSE168106,in_vivo,in_vivo,Han2022,,Hatched blastocyst (E9-10),0.8186528,6.8561673
P17_ACGTATCA,E9,P17,GSE168106,in_vivo,in_vivo,Han2022,,Hatched blastocyst (E9-10),-0.7643243,7.355806
P17_AGAGTCAA,E9,P17,GSE168106,in_vivo,in_vivo,Han2022,,Hatched blastocyst (E9-10),3.2685823,5.305178
P17_AGATCGCA,E9,P17,GSE168106,in_vivo,in_vivo,Han2022,,Hatched blastocyst (E9-10),-0.76840484,7.287589
P17_AGATGTAC,E9,P17,GSE168106,in_vivo,in_vivo,Han2022,,Hatched blastocyst (E9-10),-3.5743303,-1.8050628
P17_AGCACCTC,E9,P17,GSE168106,in_vivo,in_vivo,Han2022,,Hatched blastocyst (E9-10),-2.385335,0.20097202
P17_AGCCATGC,E9,P17,GSE168106,in_vivo,in_vivo,Han2022,,Hatched blastocyst (E9-10),-3.2702067,-3.5458193
P17_AGGCTAAC,E9,P17,GSE168106,in_vivo,in_vivo,Han2022,,Hatched blastocyst (E9-10),-3.3661711,-3.5458155
P17_AGTACAAG,E9,P17,GSE168106,in_vivo,in_vivo,Han2022,,Hatched blastocyst (E9-10),-2.4842968,7.8999567
P17_AGTCACTA,E9,P17,GSE168106,in_vivo,in_vivo,Han2022,,Hatched blastocyst (E9-10),-1.3782337,7.5930405
P17_AGTGGTCA,E9,P17,GSE168106,in_vivo,in_vivo,Han2022,,Hatched blastocyst (E9-10),3.6419973,4.2844315
P17_ATAGCGAC,E9,P17,GSE168106,in_vivo,in_vivo,Han2022,,Hatched blastocyst (E9-10),-3.3371654,-3.6070054
P17_ATGCCTAA,E9,P17,GSE168106,in_vivo,in_vivo,Han2022,,Hatched blastocyst (E9-10),-1.4694772,7.559946
P17_ATTGAGGA,E9,P17,GSE168106,in_vivo,in_vivo,Han2022,,Hatched blastocyst (E9-10),-1.2217356,7.464937
P17_CAACCACA,E9,P17,GSE168106,in_vivo,in_vivo,Han2022,,Hatched blastocyst (E9-10),-1.6703306,7.5717163
P17_CAAGACTA,E9,P17,GSE168106,in_vivo,in_vivo,Han2022,,Hatched blastocyst (E9-10),2.9121757,5.595015
P17_CAATGGAA,E9,P17,GSE168106,in_vivo,in_vivo,Han2022,,Hatched blastocyst (E9-10),-1.5177398,7.6437225
P17_CAGATCTG,E9,P17,GSE168106,in_vivo,in_vivo,Han2022,,Hatched blastocyst (E9-10),0.5858272,6.9346957
P17_CATACCAA,E9,P17,GSE168106,in_vivo,in_vivo,Han2022,,Hatched blastocyst (E9-10),3.923654,5.081712
P17_CATCAAGT,E9,P17,GSE168106,in_vivo,in_vivo,Han2022,,Hatched blastocyst (E9-10),-0.004001172,7.0745907
P17_CCAGTTCA,E9,P17,GSE168106,in_vivo,in_vivo,Han2022,,Hatched blastocyst (E9-10),3.9361598,5.0040226
P17_CGACTGGA,E9,P17,GSE168106,in_vivo,in_vivo,Han2022,,Hatched blastocyst (E9-10),-3.0986197,8.131851
P17_CGCATACA,E9,P17,GSE168106,in_vivo,in_vivo,Han2022,,Hatched blastocyst (E9-10),-2.1198695,7.6742535
P17_CGCTGATC,E9,P17,GSE168106,in_vivo,in_vivo,Han2022,,Hatched blastocyst (E9-10),-1.8357934,7.6580005
P17_CTCAATGA,E9,P17,GSE168106,in_vivo,in_vivo,Han2022,,Hatched blastocyst (E9-10),-2.6829894,7.9741125
P17_CTGAGCCA,E9,P17,GSE168106,in_vivo,in_vivo,Han2022,,Hatched blastocyst (E9-10),-2.1706667,7.892358
P17_CTGGCATA,E9,P17,GSE168106,in_vivo,in_vivo,Han2022,,Hatched blastocyst (E9-10),-2.628207,8.040766
P17_CTGTAGCC,E9,P17,GSE168106,in_vivo,in_vivo,Han2022,,Hatched blastocyst (E9-10),-1.3302423,7.493631
P17_GAATCTGA,E9,P17,GSE168106,in_vivo,in_vivo,Han2022,,Hatched blastocyst (E9-10),-0.7238545,7.3922563
P17_GACTAGTA,E9,P17,GSE168106,in_vivo,in_vivo,Han2022,,Hatched blastocyst (E9-10),-2.2309272,8.084517
P17_GAGCTGAA,E9,P17,GSE168106,in_vivo,in_vivo,Han2022,,Hatched blastocyst (E9-10),-2.6264043,8.064672
P17_GATAGACA,E9,P17,GSE168106,in_vivo,in_vivo,Han2022,,Hatched blastocyst (E9-10),-3.0910614,8.137599
P17_GCCACATA,E9,P17,GSE168106,in_vivo,in_vivo,Han2022,,Hatched blastocyst (E9-10),-3.0389698,8.153695
P17_GCGAGTAA,E9,P17,GSE168106,in_vivo,in_vivo,Han2022,,Hatched blastocyst (E9-10),-2.2141516,7.8757596
P17_GCTAACGA,E9,P17,GSE168106,in_vivo,in_vivo,Han2022,,Hatched blastocyst (E9-10),-2.6878338,8.059548
P17_GCTCGGTA,E9,P17,GSE168106,in_vivo,in_vivo,Han2022,,Hatched blastocyst (E9-10),-2.383994,8.019
P17_GGTGCGAA,E9,P17,GSE168106,in_vivo,in_vivo,Han2022,,Hatched blastocyst (E9-10),-2.8642945,8.070241
P17_GTACGCAA,E9,P17,GSE168106,in_vivo,in_vivo,Han2022,,Hatched blastocyst (E9-10),-2.044827,8.070854
P17_GTCGTAGA,E9,P17,GSE168106,in_vivo,in_vivo,Han2022,,Hatched blastocyst (E9-10),-2.3773367,8.175602
P17_GTCTGTCA,E9,P17,GSE168106,in_vivo,in_vivo,Han2022,,Hatched blastocyst (E9-10),-1.1599305,7.5221024
P17_GTGTTCTA,E9,P17,GSE168106,in_vivo,in_vivo,Han2022,,Hatched blastocyst (E9-10),-0.3485004,7.276319
P17_TAGGATGA,E9,P17,GSE168106,in_vivo,in_vivo,Han2022,,Hatched blastocyst (E9-10),-1.8703592,7.918702
P17_TATCAGCA,E9,P17,GSE168106,in_vivo,in_vivo,Han2022,,Hatched blastocyst (E9-10),-2.7150989,8.028427
P17_TCCGTCTA,E9,P17,GSE168106,in_vivo,in_vivo,Han2022,,Hatched blastocyst (E9-10),-2.4836257,8.074605
P17_TCTTCACA,E9,P17,GSE168106,in_vivo,in_vivo,Han2022,,Hatched blastocyst (E9-10),-3.0328004,8.093396
P17_TGGAACAA,E9,P17,GSE168106,in_vivo,in_vivo,Han2022,,Hatched blastocyst (E9-10),-2.1079178,7.940907
P17_TGGCTTCA,E9,P17,GSE168106,in_vivo,in_vivo,Han2022,,Hatched blastocyst (E9-10),-2.9837887,8.238478
P17_TGGTGGTA,E9,P17,GSE168106,in_vivo,in_vivo,Han2022,,Hatched blastocyst (E9-10),-2.3302114,7.895149
P17_TTCACGCA,E9,P17,GSE168106,in_vivo,in_vivo,Han2022,,Hatched blastocyst (E9-10),-3.0175452,8.114776
P18_AACTCACC,E13,P18,GSE168106,in_vivo,in_vivo,Han2022,,Post-impl (E11-14),-2.5805604,-1.094416
P18_AAGAGATC,E13,P18,GSE168106,in_vivo,in_vivo,Han2022,,Post-impl (E11-14),-1.7895606,-2.0006025
P18_AAGGACAC,E13,P18,GSE168106,in_vivo,in_vivo,Han2022,,Post-impl (E11-14),-2.012189,-1.6574768
P18_AATCCGTC,E13,P18,GSE168106,in_vivo,in_vivo,Han2022,,Post-impl (E11-14),-1.7142112,-1.8654982
P18_AATGTTGC,E13,P18,GSE168106,in_vivo,in_vivo,Han2022,,Post-impl (E11-14),3.7791266,3.673758
P18_ACCTCCAA,E13,P18,GSE168106,in_vivo,in_vivo,Han2022,,Post-impl (E11-14),-0.66760486,-0.39905548
P18_ACGCTCGA,E13,P18,GSE168106,in_vivo,in_vivo,Han2022,,Post-impl (E11-14),3.6286712,4.585349
P18_ACTATGCA,E13,P18,GSE168106,in_vivo,in_vivo,Han2022,,Post-impl (E11-14),4.1898704,2.925708
P18_AGAGTCAA,E13,P18,GSE168106,in_vivo,in_vivo,Han2022,,Post-impl (E11-14),-0.8565522,-2.3071437
P18_AGATCGCA,E13,P18,GSE168106,in_vivo,in_vivo,Han2022,,Post-impl (E11-14),1.3838893,2.6822655
P18_AGATGTAC,E13,P18,GSE168106,in_vivo,in_vivo,Han2022,,Post-impl (E11-14),4.0128713,3.2976627
P18_AGCAGGAA,E13,P18,GSE168106,in_vivo,in_vivo,Han2022,,Post-impl (E11-14),-2.2222579,-1.9518926
P18_AGGCTAAC,E13,P18,GSE168106,in_vivo,in_vivo,Han2022,,Post-impl (E11-14),0.19256064,1.1250622
P18_AGTCACTA,E13,P18,GSE168106,in_vivo,in_vivo,Han2022,,Post-impl (E11-14),3.4377322,6.160396
P18_ATAGCGAC,E13,P18,GSE168106,in_vivo,in_vivo,Han2022,,Post-impl (E11-14),3.8115098,3.538889
P18_ATCATTCC,E13,P18,GSE168106,in_vivo,in_vivo,Han2022,,Post-impl (E11-14),3.7109504,3.5931408
P18_ATCCTGTA,E13,P18,GSE168106,in_vivo,in_vivo,Han2022,,Post-impl (E11-14),-1.8638781,-0.85854816
P18_ATTGAGGA,E13,P18,GSE168106,in_vivo,in_vivo,Han2022,,Post-impl (E11-14),-1.6748991,-2.8002305
P18_CAACCACA,E13,P18,GSE168106,in_vivo,in_vivo,Han2022,,Post-impl (E11-14),-1.4001464,-2.9073126
P18_CAAGACTA,E13,P18,GSE168106,in_vivo,in_vivo,Han2022,,Post-impl (E11-14),3.524514,7.4285808
P18_CAATGGAA,E13,P18,GSE168106,in_vivo,in_vivo,Han2022,,Post-impl (E11-14),-0.89984816,-2.4669054
P18_CACTTCGA,E13,P18,GSE168106,in_vivo,in_vivo,Han2022,,Post-impl (E11-14),-2.5411687,-1.4012927
P18_CAGCGTTA,E13,P18,GSE168106,in_vivo,in_vivo,Han2022,,Post-impl (E11-14),2.3010118,2.4766421
P18_CATACCAA,E13,P18,GSE168106,in_vivo,in_vivo,Han2022,,Post-impl (E11-14),-0.08410403,1.2293031
P18_CCAGTTCA,E13,P18,GSE168106,in_vivo,in_vivo,Han2022,,Post-impl (E11-14),-1.5877086,-2.4533482
P18_CCGAAGTA,E13,P18,GSE168106,in_vivo,in_vivo,Han2022,,Post-impl (E11-14),-2.0009496,-2.9253945
P18_CCGTGAGA,E13,P18,GSE168106,in_vivo,in_vivo,Han2022,,Post-impl (E11-14),-1.4215574,-2.0791655
P18_CCTAATCC,E13,P18,GSE168106,in_vivo,in_vivo,Han2022,,Post-impl (E11-14),-1.4894081,-2.0812426
P18_CCTCCTGA,E13,P18,GSE168106,in_vivo,in_vivo,Han2022,,Post-impl (E11-14),-0.7946858,1.7271851
P18_CGAACTTA,E13,P18,GSE168106,in_vivo,in_vivo,Han2022,,Post-impl (E11-14),-2.4494245,-1.4441199
P18_CGACACAC,E13,P18,GSE168106,in_vivo,in_vivo,Han2022,,Post-impl (E11-14),3.6832724,7.101005
P18_CGACTGGA,E13,P18,GSE168106,in_vivo,in_vivo,Han2022,,Post-impl (E11-14),-1.6985911,-2.6561787
P18_CGCATACA,E13,P18,GSE168106,in_vivo,in_vivo,Han2022,,Post-impl (E11-14),-2.2490191,-1.5827788
P18_CGGATTGC,E13,P18,GSE168106,in_vivo,in_vivo,Han2022,,Post-impl (E11-14),3.7660675,7.1775374
P18_CTAAGGTC,E13,P18,GSE168106,in_vivo,in_vivo,Han2022,,Post-impl (E11-14),3.597648,6.0344315
P18_CTCAATGA,E13,P18,GSE168106,in_vivo,in_vivo,Han2022,,Post-impl (E11-14),-2.3494506,-0.2952506
P18_CTGAGCCA,E13,P18,GSE168106,in_vivo,in_vivo,Han2022,,Post-impl (E11-14),3.5007734,3.2357538
P18_CTGGCATA,E13,P18,GSE168106,in_vivo,in_vivo,Han2022,,Post-impl (E11-14),-1.6261773,-2.2440288
P18_GAACAGGC,E13,P18,GSE168106,in_vivo,in_vivo,Han2022,,Post-impl (E11-14),3.6205432,6.1020246
P18_GAATCTGA,E13,P18,GSE168106,in_vivo,in_vivo,Han2022,,Post-impl (E11-14),-2.184125,-0.14458069
P18_GACAGTGC,E13,P18,GSE168106,in_vivo,in_vivo,Han2022,,Post-impl (E11-14),3.8253229,4.2845607
P18_GACTAGTA,E13,P18,GSE168106,in_vivo,in_vivo,Han2022,,Post-impl (E11-14),-2.5184524,-1.5124979
P18_GAGCTGAA,E13,P18,GSE168106,in_vivo,in_vivo,Han2022,,Post-impl (E11-14),-2.5441968,-2.5157733
P18_GAGTTAGC,E13,P18,GSE168106,in_vivo,in_vivo,Han2022,,Post-impl (E11-14),3.884273,4.542945
P18_GATAGACA,E13,P18,GSE168106,in_vivo,in_vivo,Han2022,,Post-impl (E11-14),-0.85773623,-3.1958866
P18_GATGAATC,E13,P18,GSE168106,in_vivo,in_vivo,Han2022,,Post-impl (E11-14),-0.07748989,-2.2221339
P18_GCCAAGAC,E13,P18,GSE168106,in_vivo,in_vivo,Han2022,,Post-impl (E11-14),-0.055955306,-2.2637067
P18_GCCACATA,E13,P18,GSE168106,in_vivo,in_vivo,Han2022,,Post-impl (E11-14),-0.8362401,-3.0341122
P18_GCGAGTAA,E13,P18,GSE168106,in_vivo,in_vivo,Han2022,,Post-impl (E11-14),-0.80281305,-3.1498678
P18_GCTAACGA,E13,P18,GSE168106,in_vivo,in_vivo,Han2022,,Post-impl (E11-14),-0.8969639,-3.0560098
P18_GCTCGGTA,E13,P18,GSE168106,in_vivo,in_vivo,Han2022,,Post-impl (E11-14),-0.20475231,-2.3999672
P18_GGAGAACA,E13,P18,GSE168106,in_vivo,in_vivo,Han2022,,Post-impl (E11-14),-1.1002682,-3.4867656
P18_GGTGCGAA,E13,P18,GSE168106,in_vivo,in_vivo,Han2022,,Post-impl (E11-14),-0.5675026,-2.7179313
P18_GTACGCAA,E13,P18,GSE168106,in_vivo,in_vivo,Han2022,,Post-impl (E11-14),0.75237906,-1.5978047
P18_GTCGTAGA,E13,P18,GSE168106,in_vivo,in_vivo,Han2022,,Post-impl (E11-14),-1.4237943,-0.6785188
P18_GTCTGTCA,E13,P18,GSE168106,in_vivo,in_vivo,Han2022,,Post-impl (E11-14),-2.379821,-1.3692569
P18_GTGTTCTA,E13,P18,GSE168106,in_vivo,in_vivo,Han2022,,Post-impl (E11-14),-2.1049113,-3.0536618
P18_TATCAGCA,E13,P18,GSE168106,in_vivo,in_vivo,Han2022,,Post-impl (E11-14),-2.3461735,-1.7319807
P18_TCCGTCTA,E13,P18,GSE168106,in_vivo,in_vivo,Han2022,,Post-impl (E11-14),-1.689451,-2.5387661
P18_TCTTCACA,E13,P18,GSE168106,in_vivo,in_vivo,Han2022,,Post-impl (E11-14),-2.279255,-2.933866
P18_TGAAGAGA,E13,P18,GSE168106,in_vivo,in_vivo,Han2022,,Post-impl (E11-14),3.4135363,6.6005898
P18_TGGAACAA,E13,P18,GSE168106,in_vivo,in_vivo,Han2022,,Post-impl (E11-14),-1.6825047,-0.398955
P18_TGGCTTCA,E13,P18,GSE168106,in_vivo,in_vivo,Han2022,,Post-impl (E11-14),-1.9302517,-1.9949515
P18_TGGTGGTA,E13,P18,GSE168106,in_vivo,in_vivo,Han2022,,Post-impl (E11-14),-1.4491898,-2.3108437
P18_TTCACGCA,E13,P18,GSE168106,in_vivo,in_vivo,Han2022,,Post-impl (E11-14),-2.0400205,-2.1046886
P19_AAACATCG,E13,P19,GSE168106,in_vivo,in_vivo,Han2022,,Post-impl (E11-14),-2.1769521,-2.121296
P19_AACAACCA,E13,P19,GSE168106,in_vivo,in_vivo,Han2022,,Post-impl (E11-14),-2.1241944,-1.6086534
P19_AACCGAGA,E13,P19,GSE168106,in_vivo,in_vivo,Han2022,,Post-impl (E11-14),-1.8204248,-1.7280556
P19_AACGCTTA,E13,P19,GSE168106,in_vivo,in_vivo,Han2022,,Post-impl (E11-14),-1.4994256,-2.488679
P19_AACGTGAT,E13,P19,GSE168106,in_vivo,in_vivo,Han2022,,Post-impl (E11-14),0.0015058832,2.6789417
P19_AACTCACC,E13,P19,GSE168106,in_vivo,in_vivo,Han2022,,Post-impl (E11-14),4.3033705,3.3867457
P19_AAGACGGA,E13,P19,GSE168106,in_vivo,in_vivo,Han2022,,Post-impl (E11-14),-2.0448282,-1.8837686
P19_AAGAGATC,E13,P19,GSE168106,in_vivo,in_vivo,Han2022,,Post-impl (E11-14),3.6149063,6.2773356
P19_AAGGTACA,E13,P19,GSE168106,in_vivo,in_vivo,Han2022,,Post-impl (E11-14),-1.6274201,-2.1725678
P19_AATGTTGC,E13,P19,GSE168106,in_vivo,in_vivo,Han2022,,Post-impl (E11-14),2.2956119,1.9701293
P19_ACAAGCTA,E13,P19,GSE168106,in_vivo,in_vivo,Han2022,,Post-impl (E11-14),-1.310913,-0.36814532
P19_ACACAGAA,E13,P19,GSE168106,in_vivo,in_vivo,Han2022,,Post-impl (E11-14),0.39052212,1.4808315
P19_ACACGACC,E13,P19,GSE168106,in_vivo,in_vivo,Han2022,,Post-impl (E11-14),0.71245825,-1.8127929
P19_ACAGATTC,E13,P19,GSE168106,in_vivo,in_vivo,Han2022,,Post-impl (E11-14),0.5380599,-1.9161506
P19_ACAGCAGA,E13,P19,GSE168106,in_vivo,in_vivo,Han2022,,Post-impl (E11-14),-1.8674235,-1.8681188
P19_ACATTGGC,E13,P19,GSE168106,in_vivo,in_vivo,Han2022,,Post-impl (E11-14),-1.7823588,-1.7139082
P19_ACCACTGT,E13,P19,GSE168106,in_vivo,in_vivo,Han2022,,Post-impl (E11-14),0.33206946,1.4245814
P19_ACCTCCAA,E13,P19,GSE168106,in_vivo,in_vivo,Han2022,,Post-impl (E11-14),1.1226983,2.1500754
P19_ACGCTCGA,E13,P19,GSE168106,in_vivo,in_vivo,Han2022,,Post-impl (E11-14),1.0001695,2.1561806
P19_ACGTATCA,E13,P19,GSE168106,in_vivo,in_vivo,Han2022,,Post-impl (E11-14),-0.34521016,-2.4023001
P19_AGAGTCAA,E13,P19,GSE168106,in_vivo,in_vivo,Han2022,,Post-impl (E11-14),0.10108059,1.2696908
P19_AGATCGCA,E13,P19,GSE168106,in_vivo,in_vivo,Han2022,,Post-impl (E11-14),-1.6474667,-0.6690717
P19_AGATGTAC,E13,P19,GSE168106,in_vivo,in_vivo,Han2022,,Post-impl (E11-14),0.7594144,-1.7417287
P19_AGCACCTC,E13,P19,GSE168106,in_vivo,in_vivo,Han2022,,Post-impl (E11-14),0.26073137,-2.1035829
P19_AGCAGGAA,E13,P19,GSE168106,in_vivo,in_vivo,Han2022,,Post-impl (E11-14),3.8118968,3.7914805
P19_AGCCATGC,E13,P19,GSE168106,in_vivo,in_vivo,Han2022,,Post-impl (E11-14),0.41548696,-2.0050635
P19_AGGCTAAC,E13,P19,GSE168106,in_vivo,in_vivo,Han2022,,Post-impl (E11-14),-0.3767399,-2.5463538
P19_AGTACAAG,E13,P19,GSE168106,in_vivo,in_vivo,Han2022,,Post-impl (E11-14),-1.5506437,-1.1800619
P19_AGTCACTA,E13,P19,GSE168106,in_vivo,in_vivo,Han2022,,Post-impl (E11-14),0.08812962,-2.226518
P19_AGTGGTCA,E13,P19,GSE168106,in_vivo,in_vivo,Han2022,,Post-impl (E11-14),-0.12916104,1.1304137
P19_ATAGCGAC,E13,P19,GSE168106,in_vivo,in_vivo,Han2022,,Post-impl (E11-14),0.1697621,-2.1387548
P19_ATCCTGTA,E13,P19,GSE168106,in_vivo,in_vivo,Han2022,,Post-impl (E11-14),-0.30214795,0.42220983
P19_ATTGAGGA,E13,P19,GSE168106,in_vivo,in_vivo,Han2022,,Post-impl (E11-14),-1.5808733,-1.7771058
P19_ATTGGCTC,E3,P19,GSE168106,in_vivo,in_vivo,Han2022,,E3 (4-8C),11.620422,-0.18754567
P19_CAACCACA,E13,P19,GSE168106,in_vivo,in_vivo,Han2022,,Post-impl (E11-14),-1.7197292,-1.4585358
P19_CAAGGAGC,E3,P19,GSE168106,in_vivo,in_vivo,Han2022,,E3 (4-8C),11.88188,1.0457256
P19_CACCTTAC,E3,P19,GSE168106,in_vivo,in_vivo,Han2022,,E3 (4-8C),11.824266,1.1820362
P19_CACTTCGA,E13,P19,GSE168106,in_vivo,in_vivo,Han2022,,Post-impl (E11-14),3.5941298,6.131636
P19_CAGATCTG,E13,P19,GSE168106,in_vivo,in_vivo,Han2022,,Post-impl (E11-14),-1.5261284,-0.9238574
P19_CATCAAGT,E13,P19,GSE168106,in_vivo,in_vivo,Han2022,,Post-impl (E11-14),2.329841,2.5971391
P19_CCAGTTCA,E13,P19,GSE168106,in_vivo,in_vivo,Han2022,,Post-impl (E11-14),3.5651782,7.478936
P19_CCATCCTC,E3,P19,GSE168106,in_vivo,in_vivo,Han2022,,E3 (4-8C),11.479246,-0.29603055
P19_CCGAAGTA,E13,P19,GSE168106,in_vivo,in_vivo,Han2022,,Post-impl (E11-14),4.1804395,3.4264283
P19_CCGACAAC,E3,P19,GSE168106,in_vivo,in_vivo,Han2022,,E3 (4-8C),11.680189,1.3825552
P19_CCGTGAGA,E13,P19,GSE168106,in_vivo,in_vivo,Han2022,,Post-impl (E11-14),3.5681872,7.353573
P19_CCTAATCC,E3,P19,GSE168106,in_vivo,in_vivo,Han2022,,E3 (4-8C),11.820419,0.9322198
P19_CCTCCTGA,E13,P19,GSE168106,in_vivo,in_vivo,Han2022,,Post-impl (E11-14),3.6463356,5.74461
P19_CCTCTATC,E3,P19,GSE168106,in_vivo,in_vivo,Han2022,,E3 (4-8C),11.9960375,0.32604113
P19_CGACACAC,E3,P19,GSE168106,in_vivo,in_vivo,Han2022,,E3 (4-8C),11.961084,0.76761395
P19_CGACTGGA,E13,P19,GSE168106,in_vivo,in_vivo,Han2022,,Post-impl (E11-14),-2.3214598,-2.0654306
P19_CGCATACA,E13,P19,GSE168106,in_vivo,in_vivo,Han2022,,Post-impl (E11-14),-2.1887143,-1.6614265
P19_CGCTGATC,E13,P19,GSE168106,in_vivo,in_vivo,Han2022,,Post-impl (E11-14),-1.5347815,-0.78238726
P19_CGGATTGC,E3,P19,GSE168106,in_vivo,in_vivo,Han2022,,E3 (4-8C),11.957641,0.728392
P19_CTAAGGTC,E3,P19,GSE168106,in_vivo,in_vivo,Han2022,,E3 (4-8C),11.785784,1.2651579
P19_CTCAATGA,E13,P19,GSE168106,in_vivo,in_vivo,Han2022,,Post-impl (E11-14),3.5519848,3.4551873
P19_CTGAGCCA,E13,P19,GSE168106,in_vivo,in_vivo,Han2022,,Post-impl (E11-14),-2.1084697,-1.8459574
P19_CTGGCATA,E13,P19,GSE168106,in_vivo,in_vivo,Han2022,,Post-impl (E11-14),-1.6120645,-0.70619166
P19_CTGTAGCC,E13,P19,GSE168106,in_vivo,in_vivo,Han2022,,Post-impl (E11-14),-1.6999544,-1.3640156
P19_GAACAGGC,E3,P19,GSE168106,in_vivo,in_vivo,Han2022,,E3 (4-8C),11.81467,1.2358309
P19_GAATCTGA,E13,P19,GSE168106,in_vivo,in_vivo,Han2022,,Post-impl (E11-14),-1.581715,-0.8244622
P19_GACAGTGC,E3,P19,GSE168106,in_vivo,in_vivo,Han2022,,E3 (4-8C),11.960864,0.054398667
P19_GACTAGTA,E13,P19,GSE168106,in_vivo,in_vivo,Han2022,,Post-impl (E11-14),-1.5197659,-0.6793155
P19_GAGCTGAA,E13,P19,GSE168106,in_vivo,in_vivo,Han2022,,Post-impl (E11-14),-1.754504,-1.3537817
P19_GAGTTAGC,E3,P19,GSE168106,in_vivo,in_vivo,Han2022,,E3 (4-8C),11.737577,1.3578049
P19_GATAGACA,E13,P19,GSE168106,in_vivo,in_vivo,Han2022,,Post-impl (E11-14),-2.3420236,-3.9164383
P19_GATGAATC,E3,P19,GSE168106,in_vivo,in_vivo,Han2022,,E3 (4-8C),11.965733,0.9354119
P19_GCCAAGAC,E3,P19,GSE168106,in_vivo,in_vivo,Han2022,,E3 (4-8C),11.860965,1.2467937
P19_GCCACATA,E13,P19,GSE168106,in_vivo,in_vivo,Han2022,,Post-impl (E11-14),-1.9383125,-1.7979927
P19_GCGAGTAA,E13,P19,GSE168106,in_vivo,in_vivo,Han2022,,Post-impl (E11-14),-1.849576,-1.9443915
P19_GCTAACGA,E13,P19,GSE168106,in_vivo,in_vivo,Han2022,,Post-impl (E11-14),-2.0100205,-2.0439787
P19_GCTCGGTA,E13,P19,GSE168106,in_vivo,in_vivo,Han2022,,Post-impl (E11-14),-2.2027006,-0.31534526
P19_GGAGAACA,E13,P19,GSE168106,in_vivo,in_vivo,Han2022,,Post-impl (E11-14),-2.286759,-1.9275733
P19_GGTGCGAA,E13,P19,GSE168106,in_vivo,in_vivo,Han2022,,Post-impl (E11-14),-1.8678665,-1.6087853
P19_GTACGCAA,E13,P19,GSE168106,in_vivo,in_vivo,Han2022,,Post-impl (E11-14),-0.3406249,1.5242574
P19_GTCGTAGA,E13,P19,GSE168106,in_vivo,in_vivo,Han2022,,Post-impl (E11-14),-1.5978897,-1.9302661
P19_GTCTGTCA,E13,P19,GSE168106,in_vivo,in_vivo,Han2022,,Post-impl (E11-14),-1.5389994,-2.044208
P19_GTGTTCTA,E13,P19,GSE168106,in_vivo,in_vivo,Han2022,,Post-impl (E11-14),-1.7200744,-1.6309822
P19_TATCAGCA,E13,P19,GSE168106,in_vivo,in_vivo,Han2022,,Post-impl (E11-14),-1.6118196,-0.9527353
P19_TCCGTCTA,E13,P19,GSE168106,in_vivo,in_vivo,Han2022,,Post-impl (E11-14),-1.683542,-2.760936
P19_TCTTCACA,E13,P19,GSE168106,in_vivo,in_vivo,Han2022,,Post-impl (E11-14),-1.6026399,-2.2018285
P19_TGAAGAGA,E13,P19,GSE168106,in_vivo,in_vivo,Han2022,,Post-impl (E11-14),-1.5940094,-1.1175202
P19_TGGAACAA,E13,P19,GSE168106,in_vivo,in_vivo,Han2022,,Post-impl (E11-14),-1.5629294,-0.99937063
P19_TGGTGGTA,E13,P19,GSE168106,in_vivo,in_vivo,Han2022,,Post-impl (E11-14),3.8027925,6.4164596
P20_AAACATCG,E3,P20,GSE168106,in_vivo,in_vivo,Han2022,,E3 (4-8C),11.579889,-0.26082405
P20_AACAACCA,E3,P20,GSE168106,in_vivo,in_vivo,Han2022,,E3 (4-8C),11.474892,-0.3395901
P20_AACCGAGA,E3,P20,GSE168106,in_vivo,in_vivo,Han2022,,E3 (4-8C),12.161576,0.20295772
P20_AACGCTTA,E3,P20,GSE168106,in_vivo,in_vivo,Han2022,,E3 (4-8C),12.027392,0.046796594
P20_AACGTGAT,E3,P20,GSE168106,in_vivo,in_vivo,Han2022,,E3 (4-8C),11.638987,-0.24418199
P20_AACTCACC,E3,P20,GSE168106,in_vivo,in_vivo,Han2022,,E3 (4-8C),11.163375,-0.7133094
P20_AAGACGGA,E3,P20,GSE168106,in_vivo,in_vivo,Han2022,,E3 (4-8C),12.109101,0.5638233
P20_AAGGTACA,E3,P20,GSE168106,in_vivo,in_vivo,Han2022,,E3 (4-8C),11.390858,-0.49160776
P20_ACAAGCTA,E3,P20,GSE168106,in_vivo,in_vivo,Han2022,,E3 (4-8C),11.962787,0.80171317
P20_ACAGCAGA,E3,P20,GSE168106,in_vivo,in_vivo,Han2022,,E3 (4-8C),12.139097,0.5900797
P20_ACATTGGC,E3,P20,GSE168106,in_vivo,in_vivo,Han2022,,E3 (4-8C),10.407941,-1.0453135
P20_ACCACTGT,E3,P20,GSE168106,in_vivo,in_vivo,Han2022,,E3 (4-8C),10.3897705,-0.9839403
P20_ACCTCCAA,E3,P20,GSE168106,in_vivo,in_vivo,Han2022,,E3 (4-8C),10.728792,-0.9630858
P20_ACGCTCGA,E3,P20,GSE168106,in_vivo,in_vivo,Han2022,,E3 (4-8C),10.872974,-0.94112664
P20_ACGTATCA,E3,P20,GSE168106,in_vivo,in_vivo,Han2022,,E3 (4-8C),12.165094,0.3131715
P20_ACTATGCA,E3,P20,GSE168106,in_vivo,in_vivo,Han2022,,E3 (4-8C),4.855728,3.2366974
P20_AGAGTCAA,E3,P20,GSE168106,in_vivo,in_vivo,Han2022,,E3 (4-8C),11.09281,-0.7730112
P20_AGATCGCA,E3,P20,GSE168106,in_vivo,in_vivo,Han2022,,E3 (4-8C),11.592802,-0.2959699
P20_AGTACAAG,E3,P20,GSE168106,in_vivo,in_vivo,Han2022,,E3 (4-8C),11.100347,-0.801471
P20_AGTCACTA,E3,P20,GSE168106,in_vivo,in_vivo,Han2022,,E3 (4-8C),12.123584,0.18155712
P20_AGTGGTCA,E3,P20,GSE168106,in_vivo,in_vivo,Han2022,,E3 (4-8C),12.0698595,-0.003963435
P20_ATCCTGTA,E3,P20,GSE168106,in_vivo,in_vivo,Han2022,,E3 (4-8C),11.134547,-0.7601544
P20_ATGCCTAA,E3,P20,GSE168106,in_vivo,in_vivo,Han2022,,E3 (4-8C),11.435305,-0.4730322
P20_ATTGAGGA,E3,P20,GSE168106,in_vivo,in_vivo,Han2022,,E3 (4-8C),10.940339,-0.9432057
P20_CAACCACA,E3,P20,GSE168106,in_vivo,in_vivo,Han2022,,E3 (4-8C),12.043648,0.66170555
P20_CAAGACTA,E3,P20,GSE168106,in_vivo,in_vivo,Han2022,,E3 (4-8C),10.438121,-0.97435206
P20_CACTTCGA,E3,P20,GSE168106,in_vivo,in_vivo,Han2022,,E3 (4-8C),12.121698,0.25315636
P20_CAGATCTG,E3,P20,GSE168106,in_vivo,in_vivo,Han2022,,E3 (4-8C),10.904501,-0.90016466
P20_CAGCGTTA,E3,P20,GSE168106,in_vivo,in_vivo,Han2022,,E3 (4-8C),10.2257805,-0.89548475
P20_CATACCAA,E3,P20,GSE168106,in_vivo,in_vivo,Han2022,,E3 (4-8C),11.467318,-0.43064967
P20_CATCAAGT,E3,P20,GSE168106,in_vivo,in_vivo,Han2022,,E3 (4-8C),10.551586,-1.0637331
P20_CCAGTTCA,E3,P20,GSE168106,in_vivo,in_vivo,Han2022,,E3 (4-8C),12.16154,0.53600067
P20_CCGAAGTA,E3,P20,GSE168106,in_vivo,in_vivo,Han2022,,E3 (4-8C),12.012991,0.97953993
P20_CCGTGAGA,E3,P20,GSE168106,in_vivo,in_vivo,Han2022,,E3 (4-8C),12.0424795,0.5904137
P20_CCTCCTGA,E3,P20,GSE168106,in_vivo,in_vivo,Han2022,,E3 (4-8C),10.82837,-0.95372564
P20_CGAACTTA,E3,P20,GSE168106,in_vivo,in_vivo,Han2022,,E3 (4-8C),11.961306,0.91315794
P20_CGACTGGA,E3,P20,GSE168106,in_vivo,in_vivo,Han2022,,E3 (4-8C),12.022047,0.76185584
P20_CGCATACA,E3,P20,GSE168106,in_vivo,in_vivo,Han2022,,E3 (4-8C),12.116818,0.4927387
P20_CGCTGATC,E3,P20,GSE168106,in_vivo,in_vivo,Han2022,,E3 (4-8C),11.882328,-0.05819471
P20_CTCAATGA,E3,P20,GSE168106,in_vivo,in_vivo,Han2022,,E3 (4-8C),10.973194,-0.90875226
P20_CTGAGCCA,E3,P20,GSE168106,in_vivo,in_vivo,Han2022,,E3 (4-8C),12.162285,0.03790197
P20_CTGGCATA,E3,P20,GSE168106,in_vivo,in_vivo,Han2022,,E3 (4-8C),12.17248,0.4315509
P20_GAATCTGA,E3,P20,GSE168106,in_vivo,in_vivo,Han2022,,E3 (4-8C),10.370505,-1.0168803
P20_GACTAGTA,E3,P20,GSE168106,in_vivo,in_vivo,Han2022,,E3 (4-8C),11.971645,-0.061253384
P20_GAGCTGAA,E3,P20,GSE168106,in_vivo,in_vivo,Han2022,,E3 (4-8C),11.52314,-0.4013988
P20_GATAGACA,E3,P20,GSE168106,in_vivo,in_vivo,Han2022,,E3 (4-8C),11.982252,0.025031094
P20_GCCACATA,E3,P20,GSE168106,in_vivo,in_vivo,Han2022,,E3 (4-8C),11.98292,-0.0030030229
P20_GCGAGTAA,E3,P20,GSE168106,in_vivo,in_vivo,Han2022,,E3 (4-8C),11.892534,-0.1123146
P20_GCTAACGA,E3,P20,GSE168106,in_vivo,in_vivo,Han2022,,E3 (4-8C),11.35228,-0.5616675
P20_GCTCGGTA,E3,P20,GSE168106,in_vivo,in_vivo,Han2022,,E3 (4-8C),10.834403,-0.9741022
P20_GGAGAACA,E3,P20,GSE168106,in_vivo,in_vivo,Han2022,,E3 (4-8C),11.107153,-0.78136104
P20_GGTGCGAA,E3,P20,GSE168106,in_vivo,in_vivo,Han2022,,E3 (4-8C),11.198638,-0.6924107
P20_GTACGCAA,E3,P20,GSE168106,in_vivo,in_vivo,Han2022,,E3 (4-8C),10.928437,-0.9139941
P20_GTCGTAGA,E3,P20,GSE168106,in_vivo,in_vivo,Han2022,,E3 (4-8C),11.554559,-0.3135988
P20_GTCTGTCA,E3,P20,GSE168106,in_vivo,in_vivo,Han2022,,E3 (4-8C),10.449005,-1.016733
P20_GTGTTCTA,E3,P20,GSE168106,in_vivo,in_vivo,Han2022,,E3 (4-8C),11.031914,-0.8288063
P20_TAGGATGA,E3,P20,GSE168106,in_vivo,in_vivo,Han2022,,E3 (4-8C),11.684238,-0.21340905
P20_TATCAGCA,E3,P20,GSE168106,in_vivo,in_vivo,Han2022,,E3 (4-8C),11.791554,-0.14839749
P20_TCCGTCTA,E3,P20,GSE168106,in_vivo,in_vivo,Han2022,,E3 (4-8C),12.010791,0.65202594
P20_TCTTCACA,E3,P20,GSE168106,in_vivo,in_vivo,Han2022,,E3 (4-8C),10.947072,-0.90050465
P20_TGAAGAGA,E3,P20,GSE168106,in_vivo,in_vivo,Han2022,,E3 (4-8C),11.661784,-0.18539017
P20_TGGAACAA,E3,P20,GSE168106,in_vivo,in_vivo,Han2022,,E3 (4-8C),12.141067,0.028757494
P20_TGGCTTCA,E3,P20,GSE168106,in_vivo,in_vivo,Han2022,,E3 (4-8C),12.111534,0.75001013
P20_TTCACGCA,E3,P20,GSE168106,in_vivo,in_vivo,Han2022,,E3 (4-8C),12.049176,0.060427036
P2_AAACATCG,E4,P2,GSE168106,in_vivo,in_vivo,Han2022,,Morula (E4-5),8.691524,4.97401
P2_AACAACCA,E5,P2,GSE168106,in_vivo,in_vivo,Han2022,,Morula (E4-5),5.3003354,4.701059
P2_AACCGAGA,E5,P2,GSE168106,in_vivo,in_vivo,Han2022,,Morula (E4-5),7.35181,5.4760513
P2_AACGCTTA,E5,P2,GSE168106,in_vivo,in_vivo,Han2022,,Morula (E4-5),8.729146,5.6340537
P2_AACGTGAT,E4,P2,GSE168106,in_vivo,in_vivo,Han2022,,Morula (E4-5),8.756619,4.897929
P2_AACTCACC,E5,P2,GSE168106,in_vivo,in_vivo,Han2022,,Morula (E4-5),4.6487765,2.5851638
P2_AAGACGGA,E5,P2,GSE168106,in_vivo,in_vivo,Han2022,,Morula (E4-5),7.937416,5.660331
P2_AAGAGATC,E5,P2,GSE168106,in_vivo,in_vivo,Han2022,,Morula (E4-5),7.1698146,5.5253825
P2_AAGGACAC,E5,P2,GSE168106,in_vivo,in_vivo,Han2022,,Morula (E4-5),8.620247,5.6112456
P2_AAGGTACA,E5,P2,GSE168106,in_vivo,in_vivo,Han2022,,Morula (E4-5),8.740674,5.0957355
P2_AATCCGTC,E5,P2,GSE168106,in_vivo,in_vivo,Han2022,,Morula (E4-5),6.497542,5.2909346
P2_ACAAGCTA,E5,P2,GSE168106,in_vivo,in_vivo,Han2022,,Morula (E4-5),6.915947,5.457205
P2_ACACAGAA,E5,P2,GSE168106,in_vivo,in_vivo,Han2022,,Morula (E4-5),6.3549347,5.099715
P2_ACAGCAGA,E5,P2,GSE168106,in_vivo,in_vivo,Han2022,,Morula (E4-5),8.763428,5.3045664
P2_ACATTGGC,E4,P2,GSE168106,in_vivo,in_vivo,Han2022,,Morula (E4-5),6.8583956,4.8600273
P2_ACCACTGT,E4,P2,GSE168106,in_vivo,in_vivo,Han2022,,Morula (E4-5),5.36426,4.4478617
P2_ACCTCCAA,E5,P2,GSE168106,in_vivo,in_vivo,Han2022,,Morula (E4-5),6.285035,5.035514
P2_ACGCTCGA,E5,P2,GSE168106,in_vivo,in_vivo,Han2022,,Morula (E4-5),6.14035,5.045847
P2_ACGTATCA,E5,P2,GSE168106,in_vivo,in_vivo,Han2022,,Morula (E4-5),8.101105,5.352251
P2_AGAGTCAA,E5,P2,GSE168106,in_vivo,in_vivo,Han2022,,Morula (E4-5),6.5080824,5.100613
P2_AGATCGCA,E5,P2,GSE168106,in_vivo,in_vivo,Han2022,,Morula (E4-5),7.2006006,5.33391
P2_AGCAGGAA,E5,P2,GSE168106,in_vivo,in_vivo,Han2022,,Morula (E4-5),7.964908,5.4854836
P2_AGTACAAG,E5,P2,GSE168106,in_vivo,in_vivo,Han2022,,Morula (E4-5),5.5949063,4.7225432
P2_AGTCACTA,E5,P2,GSE168106,in_vivo,in_vivo,Han2022,,Morula (E4-5),7.6108427,5.5051465
P2_AGTGGTCA,E4,P2,GSE168106,in_vivo,in_vivo,Han2022,,Morula (E4-5),8.4071045,4.802524
P2_ATCCTGTA,E5,P2,GSE168106,in_vivo,in_vivo,Han2022,,Morula (E4-5),5.4616213,4.646225
P2_ATGCCTAA,E4,P2,GSE168106,in_vivo,in_vivo,Han2022,,Morula (E4-5),7.5414424,5.018691
P2_ATTGAGGA,E5,P2,GSE168106,in_vivo,in_vivo,Han2022,,Morula (E4-5),8.871103,5.2490473
P2_CAACCACA,E5,P2,GSE168106,in_vivo,in_vivo,Han2022,,Morula (E4-5),7.8947268,5.3939075
P2_CAAGACTA,E5,P2,GSE168106,in_vivo,in_vivo,Han2022,,Morula (E4-5),5.1306014,4.3202534
P2_CAATGGAA,E5,P2,GSE168106,in_vivo,in_vivo,Han2022,,Morula (E4-5),8.049301,5.809591
P2_CACTTCGA,E5,P2,GSE168106,in_vivo,in_vivo,Han2022,,Morula (E4-5),4.6827655,3.8069975
P2_CAGATCTG,E5,P2,GSE168106,in_vivo,in_vivo,Han2022,,Morula (E4-5),5.359987,4.61115
P2_CAGCGTTA,E5,P2,GSE168106,in_vivo,in_vivo,Han2022,,Morula (E4-5),4.6099105,2.9020872
P2_CATACCAA,E5,P2,GSE168106,in_vivo,in_vivo,Han2022,,Morula (E4-5),6.7804885,5.5600057
P2_CATCAAGT,E5,P2,GSE168106,in_vivo,in_vivo,Han2022,,Morula (E4-5),4.56181,3.2890253
P2_CCAGTTCA,E5,P2,GSE168106,in_vivo,in_vivo,Han2022,,Morula (E4-5),6.295954,4.9814563
P2_CCGAAGTA,E5,P2,GSE168106,in_vivo,in_vivo,Han2022,,Morula (E4-5),7.1302447,5.6053066
P2_CCGTGAGA,E5,P2,GSE168106,in_vivo,in_vivo,Han2022,,Morula (E4-5),8.596585,5.658186
P2_CCTCCTGA,E5,P2,GSE168106,in_vivo,in_vivo,Han2022,,Morula (E4-5),6.802092,5.530729
P2_CGAACTTA,E5,P2,GSE168106,in_vivo,in_vivo,Han2022,,Morula (E4-5),8.876375,5.3111534
P2_CGACTGGA,E5,P2,GSE168106,in_vivo,in_vivo,Han2022,,Morula (E4-5),8.697014,5.658696
P2_CGCATACA,E5,P2,GSE168106,in_vivo,in_vivo,Han2022,,Morula (E4-5),5.295854,4.819306
P2_CGCTGATC,E5,P2,GSE168106,in_vivo,in_vivo,Han2022,,Morula (E4-5),6.0182195,5.106321
P2_CTCAATGA,E5,P2,GSE168106,in_vivo,in_vivo,Han2022,,Morula (E4-5),6.9741845,5.6818547
P2_CTGGCATA,E5,P2,GSE168106,in_vivo,in_vivo,Han2022,,Morula (E4-5),8.234338,5.8871064
P2_CTGTAGCC,E5,P2,GSE168106,in_vivo,in_vivo,Han2022,,Morula (E4-5),4.6283126,3.7235904
P2_GAATCTGA,E5,P2,GSE168106,in_vivo,in_vivo,Han2022,,Morula (E4-5),6.3139606,5.214148
P2_GAGCTGAA,E5,P2,GSE168106,in_vivo,in_vivo,Han2022,,Morula (E4-5),8.732204,5.550197
P2_GATAGACA,E5,P2,GSE168106,in_vivo,in_vivo,Han2022,,Morula (E4-5),8.649287,5.660992
P2_GCCACATA,E5,P2,GSE168106,in_vivo,in_vivo,Han2022,,Morula (E4-5),7.8874702,5.6794662
P2_GCGAGTAA,E5,P2,GSE168106,in_vivo,in_vivo,Han2022,,Morula (E4-5),7.8485312,5.52154
P2_GCTAACGA,E5,P2,GSE168106,in_vivo,in_vivo,Han2022,,Morula (E4-5),8.563897,5.7087708
P2_GGAGAACA,E5,P2,GSE168106,in_vivo,in_vivo,Han2022,,Morula (E4-5),6.8089414,5.364301
P2_GGTGCGAA,E5,P2,GSE168106,in_vivo,in_vivo,Han2022,,Morula (E4-5),4.6195383,2.6462622
P2_GTCTGTCA,E5,P2,GSE168106,in_vivo,in_vivo,Han2022,,Morula (E4-5),4.571023,3.418972
P2_GTGTTCTA,E5,P2,GSE168106,in_vivo,in_vivo,Han2022,,Morula (E4-5),6.1967187,5.038562
P2_TAGGATGA,E5,P2,GSE168106,in_vivo,in_vivo,Han2022,,Morula (E4-5),7.636695,5.4998655
P2_TATCAGCA,E5,P2,GSE168106,in_vivo,in_vivo,Han2022,,Morula (E4-5),7.4705596,5.522918
P2_TCCGTCTA,E5,P2,GSE168106,in_vivo,in_vivo,Han2022,,Morula (E4-5),8.469492,5.8448963
P2_TCTTCACA,E5,P2,GSE168106,in_vivo,in_vivo,Han2022,,Morula (E4-5),5.1375394,4.7383537
P2_TGAAGAGA,E5,P2,GSE168106,in_vivo,in_vivo,Han2022,,Morula (E4-5),8.248614,5.814969
P2_TGGAACAA,E5,P2,GSE168106,in_vivo,in_vivo,Han2022,,Morula (E4-5),8.330152,5.835287
P2_TGGCTTCA,E5,P2,GSE168106,in_vivo,in_vivo,Han2022,,Morula (E4-5),8.867907,5.42744
P2_TGGTGGTA,E5,P2,GSE168106,in_vivo,in_vivo,Han2022,,Morula (E4-5),7.8946433,5.5108104
P2_TTCACGCA,E5,P2,GSE168106,in_vivo,in_vivo,Han2022,,Morula (E4-5),7.903081,5.689009
P3_AACTCACC,E8,P3,GSE168106,in_vivo,in_vivo,Han2022,,Early blastocyst (E6-8),5.1560807,7.535021
P3_AAGAGATC,E8,P3,GSE168106,in_vivo,in_vivo,Han2022,,Early blastocyst (E6-8),4.0985,5.1147428
P3_AAGGACAC,E8,P3,GSE168106,in_vivo,in_vivo,Han2022,,Early blastocyst (E6-8),5.8097315,8.430855
P3_AATGTTGC,E8,P3,GSE168106,in_vivo,in_vivo,Han2022,,Early blastocyst (E6-8),1.7059588,6.465054
P3_ACACGACC,E8,P3,GSE168106,in_vivo,in_vivo,Han2022,,Early blastocyst (E6-8),0.52116483,7.2083282
P3_ACAGATTC,E8,P3,GSE168106,in_vivo,in_vivo,Han2022,,Early blastocyst (E6-8),-0.014095856,7.7374687
P3_AGATGTAC,E8,P3,GSE168106,in_vivo,in_vivo,Han2022,,Early blastocyst (E6-8),0.5885712,7.03482
P3_AGCACCTC,E8,P3,GSE168106,in_vivo,in_vivo,Han2022,,Early blastocyst (E6-8),-0.2638651,7.8825636
P3_AGCCATGC,E8,P3,GSE168106,in_vivo,in_vivo,Han2022,,Early blastocyst (E6-8),1.7466172,6.0445285
P3_AGGCTAAC,E8,P3,GSE168106,in_vivo,in_vivo,Han2022,,Early blastocyst (E6-8),-1.2832898,8.502033
P3_ATAGCGAC,E8,P3,GSE168106,in_vivo,in_vivo,Han2022,,Early blastocyst (E6-8),-0.19669642,7.9659376
P3_ATCATTCC,E8,P3,GSE168106,in_vivo,in_vivo,Han2022,,Early blastocyst (E6-8),-0.6920574,8.6179085
P3_ATTGGCTC,E8,P3,GSE168106,in_vivo,in_vivo,Han2022,,Early blastocyst (E6-8),1.5805728,6.153607
P3_CAAGGAGC,E8,P3,GSE168106,in_vivo,in_vivo,Han2022,,Early blastocyst (E6-8),-0.11151574,7.7701187
P3_CACCTTAC,E8,P3,GSE168106,in_vivo,in_vivo,Han2022,,Early blastocyst (E6-8),-0.048981722,7.593877
P3_CCATCCTC,E8,P3,GSE168106,in_vivo,in_vivo,Han2022,,Early blastocyst (E6-8),2.1667602,5.5358133
P3_CCGACAAC,E8,P3,GSE168106,in_vivo,in_vivo,Han2022,,Early blastocyst (E6-8),-0.36101276,8.257332
P3_CCTAATCC,E8,P3,GSE168106,in_vivo,in_vivo,Han2022,,Early blastocyst (E6-8),2.0018003,5.8548846
P3_CCTCTATC,E8,P3,GSE168106,in_vivo,in_vivo,Han2022,,Early blastocyst (E6-8),2.4902,5.3367324
P3_CGACACAC,E8,P3,GSE168106,in_vivo,in_vivo,Han2022,,Early blastocyst (E6-8),0.72218144,6.8380995
P3_CGGATTGC,E8,P3,GSE168106,in_vivo,in_vivo,Han2022,,Early blastocyst (E6-8),0.47513607,6.8461585
P3_CTAAGGTC,E8,P3,GSE168106,in_vivo,in_vivo,Han2022,,Early blastocyst (E6-8),2.6001246,5.288544
P3_GAACAGGC,E8,P3,GSE168106,in_vivo,in_vivo,Han2022,,Early blastocyst (E6-8),0.5306788,7.1291285
P3_GACAGTGC,E8,P3,GSE168106,in_vivo,in_vivo,Han2022,,Early blastocyst (E6-8),3.4999642,4.0696197
P3_GAGTTAGC,E8,P3,GSE168106,in_vivo,in_vivo,Han2022,,Early blastocyst (E6-8),0.3073274,7.3661613
P3_GATGAATC,E8,P3,GSE168106,in_vivo,in_vivo,Han2022,,Early blastocyst (E6-8),1.0955815,6.81523
P3_GCCAAGAC,E8,P3,GSE168106,in_vivo,in_vivo,Han2022,,Early blastocyst (E6-8),-0.9818803,8.556268
P3_TGGCTTCA,E8,P3,GSE168106,in_vivo,in_vivo,Han2022,,Early blastocyst (E6-8),5.631863,8.151155
P3_TGGTGGTA,E8,P3,GSE168106,in_vivo,in_vivo,Han2022,,Early blastocyst (E6-8),5.574351,8.048547
P3_TTCACGCA,E8,P3,GSE168106,in_vivo,in_vivo,Han2022,,Early blastocyst (E6-8),4.1409082,5.4824038
P4_AAACATCG,E8,P4,GSE168106,in_vivo,in_vivo,Han2022,,Early blastocyst (E6-8),4.566417,6.760228
P4_AACAACCA,E8,P4,GSE168106,in_vivo,in_vivo,Han2022,,Early blastocyst (E6-8),0.17787541,7.6612673
P4_AACCGAGA,E8,P4,GSE168106,in_vivo,in_vivo,Han2022,,Early blastocyst (E6-8),-0.8793043,9.015477
P4_AACGCTTA,E8,P4,GSE168106,in_vivo,in_vivo,Han2022,,Early blastocyst (E6-8),-0.84785163,9.089149
P4_AACGTGAT,E8,P4,GSE168106,in_vivo,in_vivo,Han2022,,Early blastocyst (E6-8),4.688954,6.8556657
P4_AAGACGGA,E8,P4,GSE168106,in_vivo,in_vivo,Han2022,,Early blastocyst (E6-8),-0.6479122,8.911498
P4_AAGAGATC,E8,P4,GSE168106,in_vivo,in_vivo,Han2022,,Early blastocyst (E6-8),4.7671337,7.2773433
P4_AAGGACAC,E8,P4,GSE168106,in_vivo,in_vivo,Han2022,,Early blastocyst (E6-8),4.3341675,2.6860578
P4_AAGGTACA,E8,P4,GSE168106,in_vivo,in_vivo,Han2022,,Early blastocyst (E6-8),-1.0659769,8.921677
P4_AATCCGTC,E8,P4,GSE168106,in_vivo,in_vivo,Han2022,,Early blastocyst (E6-8),4.501405,6.6814346
P4_AATGTTGC,E8,P4,GSE168106,in_vivo,in_vivo,Han2022,,Early blastocyst (E6-8),1.484292,6.95946
P4_ACAAGCTA,E8,P4,GSE168106,in_vivo,in_vivo,Han2022,,Early blastocyst (E6-8),0.48708233,7.67905
P4_ACACAGAA,E8,P4,GSE168106,in_vivo,in_vivo,Han2022,,Early blastocyst (E6-8),-0.75396985,8.97921
P4_ACACGACC,E8,P4,GSE168106,in_vivo,in_vivo,Han2022,,Early blastocyst (E6-8),2.782336,5.7584577
P4_ACAGATTC,E8,P4,GSE168106,in_vivo,in_vivo,Han2022,,Early blastocyst (E6-8),-1.5491277,8.746311
P4_ACAGCAGA,E8,P4,GSE168106,in_vivo,in_vivo,Han2022,,Early blastocyst (E6-8),-1.4699281,8.789004
P4_ACCACTGT,E8,P4,GSE168106,in_vivo,in_vivo,Han2022,,Early blastocyst (E6-8),3.9869392,5.545609
P4_ACCTCCAA,E8,P4,GSE168106,in_vivo,in_vivo,Han2022,,Early blastocyst (E6-8),1.995575,6.1436524
P4_ACGCTCGA,E8,P4,GSE168106,in_vivo,in_vivo,Han2022,,Early blastocyst (E6-8),3.1037629,3.4734285
P4_ACGTATCA,E8,P4,GSE168106,in_vivo,in_vivo,Han2022,,Early blastocyst (E6-8),-3.3129094,-2.2313316
P4_ACTATGCA,E8,P4,GSE168106,in_vivo,in_vivo,Han2022,,Early blastocyst (E6-8),4.0492687,3.0196514
P4_AGAGTCAA,E8,P4,GSE168106,in_vivo,in_vivo,Han2022,,Early blastocyst (E6-8),0.6102059,7.4338384
P4_AGATCGCA,E8,P4,GSE168106,in_vivo,in_vivo,Han2022,,Early blastocyst (E6-8),0.20483842,8.184153
P4_AGATGTAC,E8,P4,GSE168106,in_vivo,in_vivo,Han2022,,Early blastocyst (E6-8),-0.4925502,8.666822
P4_AGCACCTC,E8,P4,GSE168106,in_vivo,in_vivo,Han2022,,Early blastocyst (E6-8),-1.3570355,8.931907
P4_AGCAGGAA,E8,P4,GSE168106,in_vivo,in_vivo,Han2022,,Early blastocyst (E6-8),-1.1760881,1.0036851
P4_AGCCATGC,E8,P4,GSE168106,in_vivo,in_vivo,Han2022,,Early blastocyst (E6-8),-0.49693692,8.908838
P4_AGGCTAAC,E8,P4,GSE168106,in_vivo,in_vivo,Han2022,,Early blastocyst (E6-8),1.6914492,6.841898
P4_AGTACAAG,E8,P4,GSE168106,in_vivo,in_vivo,Han2022,,Early blastocyst (E6-8),0.53017867,7.556657
P4_AGTCACTA,E8,P4,GSE168106,in_vivo,in_vivo,Han2022,,Early blastocyst (E6-8),-0.80740714,8.892354
P4_AGTGGTCA,E8,P4,GSE168106,in_vivo,in_vivo,Han2022,,Early blastocyst (E6-8),4.922029,7.441135
P4_ATAGCGAC,E8,P4,GSE168106,in_vivo,in_vivo,Han2022,,Early blastocyst (E6-8),-1.4343766,8.862888
P4_ATCATTCC,E8,P4,GSE168106,in_vivo,in_vivo,Han2022,,Early blastocyst (E6-8),-0.548726,9.002272
P4_ATCCTGTA,E8,P4,GSE168106,in_vivo,in_vivo,Han2022,,Early blastocyst (E6-8),4.3007646,3.2416785
P4_ATGCCTAA,E8,P4,GSE168106,in_vivo,in_vivo,Han2022,,Early blastocyst (E6-8),4.6190557,6.9837995
P4_ATTGAGGA,E8,P4,GSE168106,in_vivo,in_vivo,Han2022,,Early blastocyst (E6-8),-2.6440954,8.260515
P4_ATTGGCTC,E8,P4,GSE168106,in_vivo,in_vivo,Han2022,,Early blastocyst (E6-8),0.20790417,8.137861
P4_CAACCACA,E8,P4,GSE168106,in_vivo,in_vivo,Han2022,,Early blastocyst (E6-8),-1.6778085,8.64104
P4_CAAGACTA,E8,P4,GSE168106,in_vivo,in_vivo,Han2022,,Early blastocyst (E6-8),1.0713488,7.291297
P4_CAAGGAGC,E8,P4,GSE168106,in_vivo,in_vivo,Han2022,,Early blastocyst (E6-8),-1.1681564,8.949812
P4_CAATGGAA,E8,P4,GSE168106,in_vivo,in_vivo,Han2022,,Early blastocyst (E6-8),1.0778211,7.370456
P4_CACCTTAC,E8,P4,GSE168106,in_vivo,in_vivo,Han2022,,Early blastocyst (E6-8),-0.9163068,8.950698
P4_CACTTCGA,E8,P4,GSE168106,in_vivo,in_vivo,Han2022,,Early blastocyst (E6-8),5.607014,8.058163
P4_CAGATCTG,E8,P4,GSE168106,in_vivo,in_vivo,Han2022,,Early blastocyst (E6-8),3.8852239,5.3397655
P4_CATACCAA,E8,P4,GSE168106,in_vivo,in_vivo,Han2022,,Early blastocyst (E6-8),4.768961,6.9923987
P4_CATCAAGT,E8,P4,GSE168106,in_vivo,in_vivo,Han2022,,Early blastocyst (E6-8),-1.0117804,1.2300793
P4_CCATCCTC,E8,P4,GSE168106,in_vivo,in_vivo,Han2022,,Early blastocyst (E6-8),1.3559475,7.176357
P4_CCGAAGTA,E8,P4,GSE168106,in_vivo,in_vivo,Han2022,,Early blastocyst (E6-8),5.669002,8.228056
P4_CCGACAAC,E8,P4,GSE168106,in_vivo,in_vivo,Han2022,,Early blastocyst (E6-8),-0.26826018,8.77869
P4_CCTAATCC,E8,P4,GSE168106,in_vivo,in_vivo,Han2022,,Early blastocyst (E6-8),0.013579076,8.406945
P4_CCTCTATC,E8,P4,GSE168106,in_vivo,in_vivo,Han2022,,Early blastocyst (E6-8),2.2302806,6.10538
P4_CGAACTTA,E8,P4,GSE168106,in_vivo,in_vivo,Han2022,,Early blastocyst (E6-8),5.2660203,7.910453
P4_CGACACAC,E8,P4,GSE168106,in_vivo,in_vivo,Han2022,,Early blastocyst (E6-8),1.116516,7.421901
P4_CGACTGGA,E8,P4,GSE168106,in_vivo,in_vivo,Han2022,,Early blastocyst (E6-8),0.20391105,8.2717705
P4_CGCATACA,E8,P4,GSE168106,in_vivo,in_vivo,Han2022,,Early blastocyst (E6-8),-1.370675,0.75391346
P4_CGCTGATC,E8,P4,GSE168106,in_vivo,in_vivo,Han2022,,Early blastocyst (E6-8),2.2816403,6.0154266
P4_CGGATTGC,E8,P4,GSE168106,in_vivo,in_vivo,Han2022,,Early blastocyst (E6-8),-0.739045,9.069043
P4_CTAAGGTC,E8,P4,GSE168106,in_vivo,in_vivo,Han2022,,Early blastocyst (E6-8),-0.6986232,8.97295
P4_CTCAATGA,E8,P4,GSE168106,in_vivo,in_vivo,Han2022,,Early blastocyst (E6-8),1.3450048,7.231505
P4_CTGAGCCA,E8,P4,GSE168106,in_vivo,in_vivo,Han2022,,Early blastocyst (E6-8),0.9747773,7.484813
P4_CTGGCATA,E8,P4,GSE168106,in_vivo,in_vivo,Han2022,,Early blastocyst (E6-8),1.159765,7.3370557
P4_GAACAGGC,E8,P4,GSE168106,in_vivo,in_vivo,Han2022,,Early blastocyst (E6-8),-0.14435415,8.636458
P4_GAATCTGA,E8,P4,GSE168106,in_vivo,in_vivo,Han2022,,Early blastocyst (E6-8),2.255305,5.970596
P4_GACAGTGC,E8,P4,GSE168106,in_vivo,in_vivo,Han2022,,Early blastocyst (E6-8),2.2161477,5.963585
P4_GACTAGTA,E8,P4,GSE168106,in_vivo,in_vivo,Han2022,,Early blastocyst (E6-8),-0.39740813,8.839417
P4_GAGCTGAA,E8,P4,GSE168106,in_vivo,in_vivo,Han2022,,Early blastocyst (E6-8),0.05801788,8.427957
P4_GAGTTAGC,E8,P4,GSE168106,in_vivo,in_vivo,Han2022,,Early blastocyst (E6-8),-0.4706488,8.965374
P4_GATAGACA,E8,P4,GSE168106,in_vivo,in_vivo,Han2022,,Early blastocyst (E6-8),-0.83598155,1.3095098
P4_GATGAATC,E8,P4,GSE168106,in_vivo,in_vivo,Han2022,,Early blastocyst (E6-8),-0.6131342,8.921673
P4_GCCAAGAC,E8,P4,GSE168106,in_vivo,in_vivo,Han2022,,Early blastocyst (E6-8),-1.3908476,8.887463
P4_GCCACATA,E8,P4,GSE168106,in_vivo,in_vivo,Han2022,,Early blastocyst (E6-8),-0.44972348,8.894137
P4_GCGAGTAA,E8,P4,GSE168106,in_vivo,in_vivo,Han2022,,Early blastocyst (E6-8),0.8385291,7.644083
P4_GCTAACGA,E8,P4,GSE168106,in_vivo,in_vivo,Han2022,,Early blastocyst (E6-8),2.4129105,5.787627
P4_GCTCGGTA,E8,P4,GSE168106,in_vivo,in_vivo,Han2022,,Early blastocyst (E6-8),2.2035317,6.013146
P4_GGAGAACA,E8,P4,GSE168106,in_vivo,in_vivo,Han2022,,Early blastocyst (E6-8),0.081348285,8.4524
P4_GGTGCGAA,E8,P4,GSE168106,in_vivo,in_vivo,Han2022,,Early blastocyst (E6-8),2.327218,5.8678355
P4_GTACGCAA,E8,P4,GSE168106,in_vivo,in_vivo,Han2022,,Early blastocyst (E6-8),2.6963434,5.6195726
P4_GTCGTAGA,E8,P4,GSE168106,in_vivo,in_vivo,Han2022,,Early blastocyst (E6-8),2.6274946,5.471921
P4_GTCTGTCA,E8,P4,GSE168106,in_vivo,in_vivo,Han2022,,Early blastocyst (E6-8),-0.38073465,8.750085
P4_GTGTTCTA,E8,P4,GSE168106,in_vivo,in_vivo,Han2022,,Early blastocyst (E6-8),1.1795287,7.414921
P4_TAGGATGA,E8,P4,GSE168106,in_vivo,in_vivo,Han2022,,Early blastocyst (E6-8),-0.5672231,9.001143
P4_TATCAGCA,E8,P4,GSE168106,in_vivo,in_vivo,Han2022,,Early blastocyst (E6-8),0.39733344,7.956022
P4_TCCGTCTA,E8,P4,GSE168106,in_vivo,in_vivo,Han2022,,Early blastocyst (E6-8),-0.94764394,9.0418
P4_TCTTCACA,E8,P4,GSE168106,in_vivo,in_vivo,Han2022,,Early blastocyst (E6-8),2.0802448,6.3126187
P4_TGAAGAGA,E8,P4,GSE168106,in_vivo,in_vivo,Han2022,,Early blastocyst (E6-8),2.6589723,5.334755
P4_TGGAACAA,E8,P4,GSE168106,in_vivo,in_vivo,Han2022,,Early blastocyst (E6-8),4.3027873,3.065413
P4_TTCACGCA,E8,P4,GSE168106,in_vivo,in_vivo,Han2022,,Early blastocyst (E6-8),4.0450125,4.8218966
P5_AAACATCG,E8,P5,GSE168106,in_vivo,in_vivo,Han2022,,Early blastocyst (E6-8),4.828348,7.4525275
P5_AACAACCA,E8,P5,GSE168106,in_vivo,in_vivo,Han2022,,Early blastocyst (E6-8),-1.2830274,1.0597162
P5_AACCGAGA,E8,P5,GSE168106,in_vivo,in_vivo,Han2022,,Early blastocyst (E6-8),-0.69543695,8.892042
P5_AACGCTTA,E8,P5,GSE168106,in_vivo,in_vivo,Han2022,,Early blastocyst (E6-8),-1.4732654,0.4272493
P5_AAGACGGA,E8,P5,GSE168106,in_vivo,in_vivo,Han2022,,Early blastocyst (E6-8),-1.5054976,0.39875373
P5_AAGGTACA,E8,P5,GSE168106,in_vivo,in_vivo,Han2022,,Early blastocyst (E6-8),0.011908945,8.540291
P5_ACAAGCTA,E8,P5,GSE168106,in_vivo,in_vivo,Han2022,,Early blastocyst (E6-8),-1.5089333,0.694935
P5_ACACAGAA,E8,P5,GSE168106,in_vivo,in_vivo,Han2022,,Early blastocyst (E6-8),1.3645337,7.321309
P5_ACAGCAGA,E8,P5,GSE168106,in_vivo,in_vivo,Han2022,,Early blastocyst (E6-8),-1.5876504,8.7533455
P5_ACCTCCAA,E8,P5,GSE168106,in_vivo,in_vivo,Han2022,,Early blastocyst (E6-8),2.0978007,5.953186
P5_ACGCTCGA,E8,P5,GSE168106,in_vivo,in_vivo,Han2022,,Early blastocyst (E6-8),1.9837478,6.117822
P5_ACGTATCA,E8,P5,GSE168106,in_vivo,in_vivo,Han2022,,Early blastocyst (E6-8),0.03960109,8.359493
P5_AGAGTCAA,E8,P5,GSE168106,in_vivo,in_vivo,Han2022,,Early blastocyst (E6-8),2.5618122,5.5742483
P5_AGATCGCA,E8,P5,GSE168106,in_vivo,in_vivo,Han2022,,Early blastocyst (E6-8),1.3249586,7.271919
P5_AGCAGGAA,E8,P5,GSE168106,in_vivo,in_vivo,Han2022,,Early blastocyst (E6-8),0.8100251,7.449322
P5_AGTACAAG,E8,P5,GSE168106,in_vivo,in_vivo,Han2022,,Early blastocyst (E6-8),-1.0738845,1.0627582
P5_AGTCACTA,E8,P5,GSE168106,in_vivo,in_vivo,Han2022,,Early blastocyst (E6-8),-0.10576251,8.635259
P5_AGTGGTCA,E8,P5,GSE168106,in_vivo,in_vivo,Han2022,,Early blastocyst (E6-8),4.534137,6.900944
P5_ATCCTGTA,E8,P5,GSE168106,in_vivo,in_vivo,Han2022,,Early blastocyst (E6-8),1.3004806,7.2869263
P5_ATTGAGGA,E8,P5,GSE168106,in_vivo,in_vivo,Han2022,,Early blastocyst (E6-8),-0.15506685,8.760511
P5_CAACCACA,E8,P5,GSE168106,in_vivo,in_vivo,Han2022,,Early blastocyst (E6-8),-1.1317762,9.056383
P5_CAAGACTA,E8,P5,GSE168106,in_vivo,in_vivo,Han2022,,Early blastocyst (E6-8),2.423636,5.7148414
P5_CAATGGAA,E8,P5,GSE168106,in_vivo,in_vivo,Han2022,,Early blastocyst (E6-8),1.2022958,7.4033995
P5_CCGAAGTA,E8,P5,GSE168106,in_vivo,in_vivo,Han2022,,Early blastocyst (E6-8),1.0799222,7.262983
P5_CCTCCTGA,E8,P5,GSE168106,in_vivo,in_vivo,Han2022,,Early blastocyst (E6-8),2.4644268,5.4880342
P5_CGAACTTA,E8,P5,GSE168106,in_vivo,in_vivo,Han2022,,Early blastocyst (E6-8),4.4281197,6.6775494
P5_CGACTGGA,E8,P5,GSE168106,in_vivo,in_vivo,Han2022,,Early blastocyst (E6-8),-1.1917527,9.01442
P5_CGCATACA,E8,P5,GSE168106,in_vivo,in_vivo,Han2022,,Early blastocyst (E6-8),1.622171,6.943172
P5_CGCTGATC,E8,P5,GSE168106,in_vivo,in_vivo,Han2022,,Early blastocyst (E6-8),-1.5288705,0.57395035
P5_CTCAATGA,E8,P5,GSE168106,in_vivo,in_vivo,Han2022,,Early blastocyst (E6-8),1.1047922,7.307524
P5_CTGAGCCA,E8,P5,GSE168106,in_vivo,in_vivo,Han2022,,Early blastocyst (E6-8),-1.5653635,0.56691575
P5_CTGGCATA,E8,P5,GSE168106,in_vivo,in_vivo,Han2022,,Early blastocyst (E6-8),2.641984,5.6666813
P5_CTGTAGCC,E8,P5,GSE168106,in_vivo,in_vivo,Han2022,,Early blastocyst (E6-8),-0.11329243,1.8346708
P5_GAATCTGA,E8,P5,GSE168106,in_vivo,in_vivo,Han2022,,Early blastocyst (E6-8),-0.049460024,8.6109495
P5_GACTAGTA,E8,P5,GSE168106,in_vivo,in_vivo,Han2022,,Early blastocyst (E6-8),-1.1078165,8.906402
P5_GAGCTGAA,E8,P5,GSE168106,in_vivo,in_vivo,Han2022,,Early blastocyst (E6-8),0.14542605,8.226059
P5_GCCACATA,E8,P5,GSE168106,in_vivo,in_vivo,Han2022,,Early blastocyst (E6-8),1.0395068,7.517217
P5_GCGAGTAA,E8,P5,GSE168106,in_vivo,in_vivo,Han2022,,Early blastocyst (E6-8),1.002298,7.451876
P5_GCTCGGTA,E8,P5,GSE168106,in_vivo,in_vivo,Han2022,,Early blastocyst (E6-8),1.6311425,6.9936266
P5_GGAGAACA,E8,P5,GSE168106,in_vivo,in_vivo,Han2022,,Early blastocyst (E6-8),-3.2543454,-1.8764249
P5_GGTGCGAA,E8,P5,GSE168106,in_vivo,in_vivo,Han2022,,Early blastocyst (E6-8),0.21273397,8.237816
P5_GTACGCAA,E8,P5,GSE168106,in_vivo,in_vivo,Han2022,,Early blastocyst (E6-8),2.2963526,5.855392
P5_GTCGTAGA,E8,P5,GSE168106,in_vivo,in_vivo,Han2022,,Early blastocyst (E6-8),1.4544779,7.0510993
P5_GTCTGTCA,E8,P5,GSE168106,in_vivo,in_vivo,Han2022,,Early blastocyst (E6-8),2.2324388,6.093099
P5_GTGTTCTA,E8,P5,GSE168106,in_vivo,in_vivo,Han2022,,Early blastocyst (E6-8),2.579611,5.4614267
P5_TAGGATGA,E8,P5,GSE168106,in_vivo,in_vivo,Han2022,,Early blastocyst (E6-8),-0.48892337,8.897485
P5_TATCAGCA,E8,P5,GSE168106,in_vivo,in_vivo,Han2022,,Early blastocyst (E6-8),2.0623577,6.261602
P5_TCCGTCTA,E8,P5,GSE168106,in_vivo,in_vivo,Han2022,,Early blastocyst (E6-8),1.2391661,7.3700347
P5_TCTTCACA,E8,P5,GSE168106,in_vivo,in_vivo,Han2022,,Early blastocyst (E6-8),-0.4192719,8.975087
P5_TGAAGAGA,E8,P5,GSE168106,in_vivo,in_vivo,Han2022,,Early blastocyst (E6-8),1.9796151,6.557033
P6_AACTCACC,E11,P6,GSE168106,in_vivo,in_vivo,Han2022,,Post-impl (E11-14),0.5874947,1.3605961
P6_AAGAGATC,E11,P6,GSE168106,in_vivo,in_vivo,Han2022,,Post-impl (E11-14),-0.7903907,-0.8773096
P6_AAGGACAC,E11,P6,GSE168106,in_vivo,in_vivo,Han2022,,Post-impl (E11-14),-0.7011774,-1.5027875
P6_AATCCGTC,E11,P6,GSE168106,in_vivo,in_vivo,Han2022,,Post-impl (E11-14),0.31114846,1.1578712
P6_AATGTTGC,E11,P6,GSE168106,in_vivo,in_vivo,Han2022,,Post-impl (E11-14),1.2659216,1.9832932
P6_ACAGATTC,E11,P6,GSE168106,in_vivo,in_vivo,Han2022,,Post-impl (E11-14),0.06389875,1.5096083
P6_AGCACCTC,E11,P6,GSE168106,in_vivo,in_vivo,Han2022,,Post-impl (E11-14),-1.1909951,-0.47253823
P6_AGCCATGC,E11,P6,GSE168106,in_vivo,in_vivo,Han2022,,Post-impl (E11-14),0.5200539,1.114993
P6_AGGCTAAC,E11,P6,GSE168106,in_vivo,in_vivo,Han2022,,Post-impl (E11-14),-0.6506425,-1.5607592
P6_ATAGCGAC,E11,P6,GSE168106,in_vivo,in_vivo,Han2022,,Post-impl (E11-14),-1.0058889,-0.6449453
P6_ATCATTCC,E11,P6,GSE168106,in_vivo,in_vivo,Han2022,,Post-impl (E11-14),-0.7063917,-1.4588916
P6_ATTGGCTC,E11,P6,GSE168106,in_vivo,in_vivo,Han2022,,Post-impl (E11-14),0.044873044,0.31637058
P6_CAAGGAGC,E11,P6,GSE168106,in_vivo,in_vivo,Han2022,,Post-impl (E11-14),0.7277449,1.2300577
P6_CACCTTAC,E11,P6,GSE168106,in_vivo,in_vivo,Han2022,,Post-impl (E11-14),-0.46891543,-1.0002149
P6_CCATCCTC,E11,P6,GSE168106,in_vivo,in_vivo,Han2022,,Post-impl (E11-14),2.0659428,2.38721
P6_CCGACAAC,E11,P6,GSE168106,in_vivo,in_vivo,Han2022,,Post-impl (E11-14),-0.486349,-0.9006684
P6_CCTAATCC,E11,P6,GSE168106,in_vivo,in_vivo,Han2022,,Post-impl (E11-14),-0.106784284,0.109829135
P6_CCTCTATC,E11,P6,GSE168106,in_vivo,in_vivo,Han2022,,Post-impl (E11-14),1.3051164,1.9411875
P6_CGACACAC,E11,P6,GSE168106,in_vivo,in_vivo,Han2022,,Post-impl (E11-14),-0.80003136,-1.6029159
P6_CGGATTGC,E11,P6,GSE168106,in_vivo,in_vivo,Han2022,,Post-impl (E11-14),-0.37708256,-0.49835527
P6_CTAAGGTC,E11,P6,GSE168106,in_vivo,in_vivo,Han2022,,Post-impl (E11-14),0.172419,0.4607583
P6_GACAGTGC,E11,P6,GSE168106,in_vivo,in_vivo,Han2022,,Post-impl (E11-14),1.8027649,2.2395136
P6_GAGTTAGC,E11,P6,GSE168106,in_vivo,in_vivo,Han2022,,Post-impl (E11-14),0.34829873,0.7369045
P6_GATAGACA,E11,P6,GSE168106,in_vivo,in_vivo,Han2022,,Post-impl (E11-14),-0.3707054,-0.70491576
P6_GATGAATC,E11,P6,GSE168106,in_vivo,in_vivo,Han2022,,Post-impl (E11-14),0.6551211,1.2218097
P6_GCCACATA,E11,P6,GSE168106,in_vivo,in_vivo,Han2022,,Post-impl (E11-14),-2.0421956,-3.3413177
P6_GCGAGTAA,E11,P6,GSE168106,in_vivo,in_vivo,Han2022,,Post-impl (E11-14),-0.02064595,1.3338019
P6_GCTAACGA,E11,P6,GSE168106,in_vivo,in_vivo,Han2022,,Post-impl (E11-14),-0.35001937,-0.8719069
P6_GCTCGGTA,E11,P6,GSE168106,in_vivo,in_vivo,Han2022,,Post-impl (E11-14),2.2486663,2.5091786
P6_GGAGAACA,E11,P6,GSE168106,in_vivo,in_vivo,Han2022,,Post-impl (E11-14),-0.42342243,-0.801618
P6_GGTGCGAA,E11,P6,GSE168106,in_vivo,in_vivo,Han2022,,Post-impl (E11-14),0.6646611,1.3492395
P6_GTACGCAA,E11,P6,GSE168106,in_vivo,in_vivo,Han2022,,Post-impl (E11-14),1.3964593,2.1638663
P6_GTCGTAGA,E11,P6,GSE168106,in_vivo,in_vivo,Han2022,,Post-impl (E11-14),-0.780335,-1.5819838
P6_GTCTGTCA,E11,P6,GSE168106,in_vivo,in_vivo,Han2022,,Post-impl (E11-14),-0.21519428,-0.8343434
P6_GTGTTCTA,E11,P6,GSE168106,in_vivo,in_vivo,Han2022,,Post-impl (E11-14),0.7486486,1.336264
P6_TAGGATGA,E11,P6,GSE168106,in_vivo,in_vivo,Han2022,,Post-impl (E11-14),-0.1787969,-0.6167208
P6_TATCAGCA,E11,P6,GSE168106,in_vivo,in_vivo,Han2022,,Post-impl (E11-14),0.05306334,0.339068
P6_TCCGTCTA,E11,P6,GSE168106,in_vivo,in_vivo,Han2022,,Post-impl (E11-14),-0.6196568,-1.2553902
P6_TCTTCACA,E11,P6,GSE168106,in_vivo,in_vivo,Han2022,,Post-impl (E11-14),-0.5889909,-1.2171828
P6_TGAAGAGA,E11,P6,GSE168106,in_vivo,in_vivo,Han2022,,Post-impl (E11-14),-0.6160189,-1.2686092
P6_TGGAACAA,E11,P6,GSE168106,in_vivo,in_vivo,Han2022,,Post-impl (E11-14),-0.31215808,-0.9019729
P6_TGGCTTCA,E11,P6,GSE168106,in_vivo,in_vivo,Han2022,,Post-impl (E11-14),-0.65153027,-1.3981065
P6_TGGTGGTA,E11,P6,GSE168106,in_vivo,in_vivo,Han2022,,Post-impl (E11-14),3.4312756,3.5610533
P6_TTCACGCA,E11,P6,GSE168106,in_vivo,in_vivo,Han2022,,Post-impl (E11-14),0.054126833,0.42267224
P7_AAACATCG,E11,P7,GSE168106,in_vivo,in_vivo,Han2022,,Post-impl (E11-14),4.4208946,2.6741054
P7_AACAACCA,E11,P7,GSE168106,in_vivo,in_vivo,Han2022,,Post-impl (E11-14),-0.46145707,-0.09838035
P7_AACCGAGA,E11,P7,GSE168106,in_vivo,in_vivo,Han2022,,Post-impl (E11-14),-0.64361084,-1.3904284
P7_AACGCTTA,E11,P7,GSE168106,in_vivo,in_vivo,Han2022,,Post-impl (E11-14),-0.025892723,0.32834938
P7_AACGTGAT,E11,P7,GSE168106,in_vivo,in_vivo,Han2022,,Post-impl (E11-14),-0.22788301,0.20730656
P7_AACTCACC,E11,P7,GSE168106,in_vivo,in_vivo,Han2022,,Post-impl (E11-14),-0.13010399,1.3420756
P7_AAGACGGA,E11,P7,GSE168106,in_vivo,in_vivo,Han2022,,Post-impl (E11-14),-0.57479846,-1.0254751
P7_AAGAGATC,E11,P7,GSE168106,in_vivo,in_vivo,Han2022,,Post-impl (E11-14),-0.8908997,-0.022229137
P7_AAGGACAC,E11,P7,GSE168106,in_vivo,in_vivo,Han2022,,Post-impl (E11-14),-0.016070282,0.85467154
P7_AAGGTACA,E11,P7,GSE168106,in_vivo,in_vivo,Han2022,,Post-impl (E11-14),-1.1533701,-0.24957576
P7_AATCCGTC,E11,P7,GSE168106,in_vivo,in_vivo,Han2022,,Post-impl (E11-14),1.3979741,2.0145607
P7_AATGTTGC,E11,P7,GSE168106,in_vivo,in_vivo,Han2022,,Post-impl (E11-14),2.4320223,2.7128747
P7_ACAAGCTA,E11,P7,GSE168106,in_vivo,in_vivo,Han2022,,Post-impl (E11-14),-0.26221433,0.050280366
P7_ACACAGAA,E11,P7,GSE168106,in_vivo,in_vivo,Han2022,,Post-impl (E11-14),0.24801841,0.67677534
P7_ACACGACC,E11,P7,GSE168106,in_vivo,in_vivo,Han2022,,Post-impl (E11-14),0.69579923,1.3110739
P7_ACAGATTC,E11,P7,GSE168106,in_vivo,in_vivo,Han2022,,Post-impl (E11-14),0.37175053,1.0287504
P7_ACAGCAGA,E11,P7,GSE168106,in_vivo,in_vivo,Han2022,,Post-impl (E11-14),-1.1796228,-0.19750889
P7_ACATTGGC,E11,P7,GSE168106,in_vivo,in_vivo,Han2022,,Post-impl (E11-14),1.3929025,2.1061144
P7_ACCACTGT,E11,P7,GSE168106,in_vivo,in_vivo,Han2022,,Post-impl (E11-14),0.13821527,1.3400977
P7_ACCTCCAA,E11,P7,GSE168106,in_vivo,in_vivo,Han2022,,Post-impl (E11-14),2.3291798,2.4936473
P7_ACGCTCGA,E11,P7,GSE168106,in_vivo,in_vivo,Han2022,,Post-impl (E11-14),1.4428278,2.0327587
P7_ACGTATCA,E11,P7,GSE168106,in_vivo,in_vivo,Han2022,,Post-impl (E11-14),-0.99955434,-0.18891887
P7_ACTATGCA,E11,P7,GSE168106,in_vivo,in_vivo,Han2022,,Post-impl (E11-14),4.060837,2.7384584
P7_AGAGTCAA,E11,P7,GSE168106,in_vivo,in_vivo,Han2022,,Post-impl (E11-14),1.3153486,1.9637688
P7_AGATCGCA,E11,P7,GSE168106,in_vivo,in_vivo,Han2022,,Post-impl (E11-14),0.042767458,0.3024393
P7_AGATGTAC,E11,P7,GSE168106,in_vivo,in_vivo,Han2022,,Post-impl (E11-14),-0.3186579,-0.018098881
P7_AGCAGGAA,E11,P7,GSE168106,in_vivo,in_vivo,Han2022,,Post-impl (E11-14),-0.55646235,-1.1937903
P7_AGGCTAAC,E11,P7,GSE168106,in_vivo,in_vivo,Han2022,,Post-impl (E11-14),-0.73751146,-0.4577851
P7_AGTACAAG,E11,P7,GSE168106,in_vivo,in_vivo,Han2022,,Post-impl (E11-14),-0.03785445,1.1986418
P7_AGTCACTA,E11,P7,GSE168106,in_vivo,in_vivo,Han2022,,Post-impl (E11-14),-0.26419663,-0.6482868
P7_AGTGGTCA,E11,P7,GSE168106,in_vivo,in_vivo,Han2022,,Post-impl (E11-14),0.09273871,0.55626076
P7_ATAGCGAC,E11,P7,GSE168106,in_vivo,in_vivo,Han2022,,Post-impl (E11-14),-0.03988774,1.1810261
P7_ATCATTCC,E11,P7,GSE168106,in_vivo,in_vivo,Han2022,,Post-impl (E11-14),-0.62876403,-0.8886486
P7_ATCCTGTA,E11,P7,GSE168106,in_vivo,in_vivo,Han2022,,Post-impl (E11-14),1.1555771,1.846351
P7_ATGCCTAA,E11,P7,GSE168106,in_vivo,in_vivo,Han2022,,Post-impl (E11-14),0.46163124,1.0836806
P7_ATTGAGGA,E11,P7,GSE168106,in_vivo,in_vivo,Han2022,,Post-impl (E11-14),-0.6674455,-1.4670625
P7_ATTGGCTC,E11,P7,GSE168106,in_vivo,in_vivo,Han2022,,Post-impl (E11-14),0.09168971,0.5765539
P7_CAACCACA,E11,P7,GSE168106,in_vivo,in_vivo,Han2022,,Post-impl (E11-14),-0.21582781,-0.7527645
P7_CAAGACTA,E11,P7,GSE168106,in_vivo,in_vivo,Han2022,,Post-impl (E11-14),2.1567888,2.6622055
P7_CAAGGAGC,E11,P7,GSE168106,in_vivo,in_vivo,Han2022,,Post-impl (E11-14),-0.24364111,-0.2953179
P7_CAATGGAA,E11,P7,GSE168106,in_vivo,in_vivo,Han2022,,Post-impl (E11-14),0.6522286,1.2095405
P7_CACCTTAC,E11,P7,GSE168106,in_vivo,in_vivo,Han2022,,Post-impl (E11-14),-1.1166037,-0.4346748
P7_CACTTCGA,E11,P7,GSE168106,in_vivo,in_vivo,Han2022,,Post-impl (E11-14),-0.6273193,-0.32466838
P7_CAGATCTG,E11,P7,GSE168106,in_vivo,in_vivo,Han2022,,Post-impl (E11-14),0.2610684,0.8863161
P7_CAGCGTTA,E11,P7,GSE168106,in_vivo,in_vivo,Han2022,,Post-impl (E11-14),4.0582786,2.8231218
P7_CATACCAA,E11,P7,GSE168106,in_vivo,in_vivo,Han2022,,Post-impl (E11-14),0.5059932,1.2897105
P7_CATCAAGT,E11,P7,GSE168106,in_vivo,in_vivo,Han2022,,Post-impl (E11-14),1.445758,2.026267
P7_CCAGTTCA,E11,P7,GSE168106,in_vivo,in_vivo,Han2022,,Post-impl (E11-14),0.1588878,0.5963244
P7_CCATCCTC,E11,P7,GSE168106,in_vivo,in_vivo,Han2022,,Post-impl (E11-14),4.2659507,2.88843
P7_CCGAAGTA,E11,P7,GSE168106,in_vivo,in_vivo,Han2022,,Post-impl (E11-14),-0.52541566,-0.865799
P7_CCGACAAC,E11,P7,GSE168106,in_vivo,in_vivo,Han2022,,Post-impl (E11-14),-0.61028683,-1.3413056
P7_CCGTGAGA,E11,P7,GSE168106,in_vivo,in_vivo,Han2022,,Post-impl (E11-14),-2.2669137,-3.7174776
P7_CCTAATCC,E11,P7,GSE168106,in_vivo,in_vivo,Han2022,,Post-impl (E11-14),-0.18463986,-0.24938981
P7_CCTCCTGA,E11,P7,GSE168106,in_vivo,in_vivo,Han2022,,Post-impl (E11-14),1.2304642,1.954962
P7_CCTCTATC,E11,P7,GSE168106,in_vivo,in_vivo,Han2022,,Post-impl (E11-14),0.96723604,1.8461096
P7_CGAACTTA,E11,P7,GSE168106,in_vivo,in_vivo,Han2022,,Post-impl (E11-14),-0.64054185,-1.0737156
P7_CGACACAC,E11,P7,GSE168106,in_vivo,in_vivo,Han2022,,Post-impl (E11-14),-2.8709705,-1.5351968
P7_CGACTGGA,E11,P7,GSE168106,in_vivo,in_vivo,Han2022,,Post-impl (E11-14),-2.4399192,-3.5459967
P7_CGCATACA,E11,P7,GSE168106,in_vivo,in_vivo,Han2022,,Post-impl (E11-14),-0.44631365,-0.5371534
P7_CGCTGATC,E11,P7,GSE168106,in_vivo,in_vivo,Han2022,,Post-impl (E11-14),0.25657544,0.71919817
P7_CGGATTGC,E11,P7,GSE168106,in_vivo,in_vivo,Han2022,,Post-impl (E11-14),-0.11166713,0.21239553
P7_CTAAGGTC,E11,P7,GSE168106,in_vivo,in_vivo,Han2022,,Post-impl (E11-14),4.0903606,3.2262564
P7_CTGAGCCA,E11,P7,GSE168106,in_vivo,in_vivo,Han2022,,Post-impl (E11-14),-0.67755705,-0.11972419
P7_CTGGCATA,E11,P7,GSE168106,in_vivo,in_vivo,Han2022,,Post-impl (E11-14),-0.20971113,-0.49247205
P7_CTGTAGCC,E11,P7,GSE168106,in_vivo,in_vivo,Han2022,,Post-impl (E11-14),2.7561219,2.9307795
P7_GAACAGGC,E11,P7,GSE168106,in_vivo,in_vivo,Han2022,,Post-impl (E11-14),-1.2386929,-0.27474514
P7_GAATCTGA,E11,P7,GSE168106,in_vivo,in_vivo,Han2022,,Post-impl (E11-14),1.4824355,2.0674632
P7_GACAGTGC,E11,P7,GSE168106,in_vivo,in_vivo,Han2022,,Post-impl (E11-14),1.0917901,1.7555178
P7_GACTAGTA,E11,P7,GSE168106,in_vivo,in_vivo,Han2022,,Post-impl (E11-14),-1.0170978,-0.34572324
P7_GAGTTAGC,E11,P7,GSE168106,in_vivo,in_vivo,Han2022,,Post-impl (E11-14),-1.6391525,-0.90638703
P7_GATAGACA,E11,P7,GSE168106,in_vivo,in_vivo,Han2022,,Post-impl (E11-14),-0.20805664,-0.5888501
P7_GATGAATC,E11,P7,GSE168106,in_vivo,in_vivo,Han2022,,Post-impl (E11-14),0.09801614,0.69511575
P7_GCCAAGAC,E11,P7,GSE168106,in_vivo,in_vivo,Han2022,,Post-impl (E11-14),-0.6632087,-1.4626577
P7_GCCACATA,E11,P7,GSE168106,in_vivo,in_vivo,Han2022,,Post-impl (E11-14),-0.015971867,0.09330911
P7_GCGAGTAA,E11,P7,GSE168106,in_vivo,in_vivo,Han2022,,Post-impl (E11-14),-0.24652176,-0.33341798
P7_GCTAACGA,E11,P7,GSE168106,in_vivo,in_vivo,Han2022,,Post-impl (E11-14),2.805779,3.0269992
P7_GCTCGGTA,E11,P7,GSE168106,in_vivo,in_vivo,Han2022,,Post-impl (E11-14),1.6096628,2.252534
P7_GGTGCGAA,E11,P7,GSE168106,in_vivo,in_vivo,Han2022,,Post-impl (E11-14),-0.08798933,-0.15756391
P7_GTACGCAA,E11,P7,GSE168106,in_vivo,in_vivo,Han2022,,Post-impl (E11-14),0.41009924,0.9387225
P7_GTCGTAGA,E11,P7,GSE168106,in_vivo,in_vivo,Han2022,,Post-impl (E11-14),-0.51778597,0.040197164
P7_GTCTGTCA,E11,P7,GSE168106,in_vivo,in_vivo,Han2022,,Post-impl (E11-14),-0.0091059515,0.16545235
P7_GTGTTCTA,E11,P7,GSE168106,in_vivo,in_vivo,Han2022,,Post-impl (E11-14),-0.72418237,-1.090963
P7_TAGGATGA,E11,P7,GSE168106,in_vivo,in_vivo,Han2022,,Post-impl (E11-14),-0.5754647,-1.030024
P7_TATCAGCA,E11,P7,GSE168106,in_vivo,in_vivo,Han2022,,Post-impl (E11-14),-1.2149603,-0.40481916
P7_TCCGTCTA,E11,P7,GSE168106,in_vivo,in_vivo,Han2022,,Post-impl (E11-14),-1.2009212,-0.40295747
P7_TCTTCACA,E11,P7,GSE168106,in_vivo,in_vivo,Han2022,,Post-impl (E11-14),-0.81475407,-1.6158403
P7_TGAAGAGA,E11,P7,GSE168106,in_vivo,in_vivo,Han2022,,Post-impl (E11-14),-0.23476957,-0.49484354
P7_TGGAACAA,E11,P7,GSE168106,in_vivo,in_vivo,Han2022,,Post-impl (E11-14),1.0332824,1.8064922
P7_TGGCTTCA,E11,P7,GSE168106,in_vivo,in_vivo,Han2022,,Post-impl (E11-14),-0.72723204,-0.8639516
P7_TGGTGGTA,E11,P7,GSE168106,in_vivo,in_vivo,Han2022,,Post-impl (E11-14),-1.7098575,-1.0302044
P7_TTCACGCA,E11,P7,GSE168106,in_vivo,in_vivo,Han2022,,Post-impl (E11-14),-0.43361473,-0.38586232
P8_AACAACCA,E11,P8,GSE168106,in_vivo,in_vivo,Han2022,,Post-impl (E11-14),2.4840198,5.8315115
P8_AACCGAGA,E11,P8,GSE168106,in_vivo,in_vivo,Han2022,,Post-impl (E11-14),-0.83734334,8.708462
P8_AACGCTTA,E11,P8,GSE168106,in_vivo,in_vivo,Han2022,,Post-impl (E11-14),0.6643155,7.2614017
P8_AACGTGAT,E11,P8,GSE168106,in_vivo,in_vivo,Han2022,,Post-impl (E11-14),3.987776,3.1259108
P8_AACTCACC,E7,P8,GSE168106,in_vivo,in_vivo,Han2022,,Early blastocyst (E6-8),4.876877,6.8045344
P8_AAGAGATC,E7,P8,GSE168106,in_vivo,in_vivo,Han2022,,Early blastocyst (E6-8),3.9860647,4.1663966
P8_AATGTTGC,E7,P8,GSE168106,in_vivo,in_vivo,Han2022,,Early blastocyst (E6-8),2.903272,4.6352596
P8_ACAAGCTA,E11,P8,GSE168106,in_vivo,in_vivo,Han2022,,Post-impl (E11-14),1.1436416,7.018848
P8_ACACGACC,E7,P8,GSE168106,in_vivo,in_vivo,Han2022,,Early blastocyst (E6-8),-1.0979227,6.212357
P8_ACAGATTC,E7,P8,GSE168106,in_vivo,in_vivo,Han2022,,Early blastocyst (E6-8),4.2908044,3.2047267
P8_ACATTGGC,E11,P8,GSE168106,in_vivo,in_vivo,Han2022,,Post-impl (E11-14),0.14441776,7.56289
P8_AGAGTCAA,E7,P8,GSE168106,in_vivo,in_vivo,Han2022,,Early blastocyst (E6-8),5.3490596,7.705395
P8_AGCAGGAA,E7,P8,GSE168106,in_vivo,in_vivo,Han2022,,Early blastocyst (E6-8),-0.35894024,6.40165
P8_AGCCATGC,E7,P8,GSE168106,in_vivo,in_vivo,Han2022,,Early blastocyst (E6-8),3.3472729,4.098037
P8_AGGCTAAC,E7,P8,GSE168106,in_vivo,in_vivo,Han2022,,Early blastocyst (E6-8),-0.44160166,6.4734893
P8_AGTACAAG,E11,P8,GSE168106,in_vivo,in_vivo,Han2022,,Post-impl (E11-14),2.3306968,5.701119
P8_AGTCACTA,E7,P8,GSE168106,in_vivo,in_vivo,Han2022,,Early blastocyst (E6-8),-1.0823588,6.228528
P8_AGTGGTCA,E11,P8,GSE168106,in_vivo,in_vivo,Han2022,,Post-impl (E11-14),3.6837144,4.0105653
P8_ATAGCGAC,E7,P8,GSE168106,in_vivo,in_vivo,Han2022,,Early blastocyst (E6-8),-1.3809046,6.215715
P8_ATCATTCC,E7,P8,GSE168106,in_vivo,in_vivo,Han2022,,Early blastocyst (E6-8),-1.2243918,6.192328
P8_ATCCTGTA,E7,P8,GSE168106,in_vivo,in_vivo,Han2022,,Early blastocyst (E6-8),5.427503,7.832016
P8_ATGCCTAA,E11,P8,GSE168106,in_vivo,in_vivo,Han2022,,Post-impl (E11-14),0.69480103,7.401649
P8_ATTGAGGA,E7,P8,GSE168106,in_vivo,in_vivo,Han2022,,Early blastocyst (E6-8),-0.05318765,6.453552
P8_ATTGGCTC,E7,P8,GSE168106,in_vivo,in_vivo,Han2022,,Early blastocyst (E6-8),-0.4968805,6.3166065
P8_CAAGACTA,E7,P8,GSE168106,in_vivo,in_vivo,Han2022,,Early blastocyst (E6-8),1.2656581,5.6524034
P8_CAAGGAGC,E7,P8,GSE168106,in_vivo,in_vivo,Han2022,,Early blastocyst (E6-8),1.2533041,5.8483906
P8_CAATGGAA,E7,P8,GSE168106,in_vivo,in_vivo,Han2022,,Early blastocyst (E6-8),-0.0075343926,6.373105
P8_CACCTTAC,E7,P8,GSE168106,in_vivo,in_vivo,Han2022,,Early blastocyst (E6-8),-0.8494032,6.224707
P8_CACTTCGA,E7,P8,GSE168106,in_vivo,in_vivo,Han2022,,Early blastocyst (E6-8),-0.37919158,5.259972
P8_CAGATCTG,E11,P8,GSE168106,in_vivo,in_vivo,Han2022,,Post-impl (E11-14),1.8752942,6.283062
P8_CAGCGTTA,E7,P8,GSE168106,in_vivo,in_vivo,Han2022,,Early blastocyst (E6-8),2.8772082,4.6250362
P8_CATACCAA,E7,P8,GSE168106,in_vivo,in_vivo,Han2022,,Early blastocyst (E6-8),-0.43833864,6.3014207
P8_CATCAAGT,E11,P8,GSE168106,in_vivo,in_vivo,Han2022,,Post-impl (E11-14),3.750866,3.821218
P8_CCAGTTCA,E7,P8,GSE168106,in_vivo,in_vivo,Han2022,,Early blastocyst (E6-8),-1.270931,6.160227
P8_CCATCCTC,E7,P8,GSE168106,in_vivo,in_vivo,Han2022,,Early blastocyst (E6-8),2.6362813,4.898576
P8_CCGAAGTA,E7,P8,GSE168106,in_vivo,in_vivo,Han2022,,Early blastocyst (E6-8),-0.0031959983,6.3301473
P8_CCGACAAC,E7,P8,GSE168106,in_vivo,in_vivo,Han2022,,Early blastocyst (E6-8),-0.8977434,6.092717
P8_CCGTGAGA,E7,P8,GSE168106,in_vivo,in_vivo,Han2022,,Early blastocyst (E6-8),-1.0377203,6.2691226
P8_CCTAATCC,E7,P8,GSE168106,in_vivo,in_vivo,Han2022,,Early blastocyst (E6-8),-0.6846911,6.203463
P8_CCTCCTGA,E7,P8,GSE168106,in_vivo,in_vivo,Han2022,,Early blastocyst (E6-8),3.1574519,3.7478716
P8_CCTCTATC,E7,P8,GSE168106,in_vivo,in_vivo,Han2022,,Early blastocyst (E6-8),0.9678271,5.0406227
P8_CGAACTTA,E7,P8,GSE168106,in_vivo,in_vivo,Han2022,,Early blastocyst (E6-8),-0.9715246,6.3190465
P8_CGACACAC,E7,P8,GSE168106,in_vivo,in_vivo,Han2022,,Early blastocyst (E6-8),-1.2925098,6.2160954
P8_CGACTGGA,E7,P8,GSE168106,in_vivo,in_vivo,Han2022,,Early blastocyst (E6-8),3.5766184,4.323876
P8_CGCTGATC,E11,P8,GSE168106,in_vivo,in_vivo,Han2022,,Post-impl (E11-14),1.9716865,6.542618
P8_CGGATTGC,E7,P8,GSE168106,in_vivo,in_vivo,Han2022,,Early blastocyst (E6-8),-1.0886772,6.2169642
P8_CTAAGGTC,E7,P8,GSE168106,in_vivo,in_vivo,Han2022,,Early blastocyst (E6-8),1.4068632,5.7462473
P8_CTCAATGA,E7,P8,GSE168106,in_vivo,in_vivo,Han2022,,Early blastocyst (E6-8),5.5655036,7.893558
P8_CTGAGCCA,E7,P8,GSE168106,in_vivo,in_vivo,Han2022,,Early blastocyst (E6-8),5.7100577,8.165209
P8_CTGGCATA,E7,P8,GSE168106,in_vivo,in_vivo,Han2022,,Early blastocyst (E6-8),6.1450524,8.630594
P8_CTGTAGCC,E11,P8,GSE168106,in_vivo,in_vivo,Han2022,,Post-impl (E11-14),1.0151085,6.9766984
P8_GAACAGGC,E7,P8,GSE168106,in_vivo,in_vivo,Han2022,,Early blastocyst (E6-8),-0.26934132,5.196249
P8_GACAGTGC,E7,P8,GSE168106,in_vivo,in_vivo,Han2022,,Early blastocyst (E6-8),0.30633146,6.319097
P8_GACTAGTA,E7,P8,GSE168106,in_vivo,in_vivo,Han2022,,Early blastocyst (E6-8),4.0704174,5.442261
P8_GAGTTAGC,E7,P8,GSE168106,in_vivo,in_vivo,Han2022,,Early blastocyst (E6-8),-1.6094263,6.412668
P8_GATGAATC,E7,P8,GSE168106,in_vivo,in_vivo,Han2022,,Early blastocyst (E6-8),-0.8848881,6.2844305
P8_GCCAAGAC,E7,P8,GSE168106,in_vivo,in_vivo,Han2022,,Early blastocyst (E6-8),-1.4268136,6.267293
P8_GCCACATA,E7,P8,GSE168106,in_vivo,in_vivo,Han2022,,Early blastocyst (E6-8),-0.78506273,6.1781516
P8_GCGAGTAA,E7,P8,GSE168106,in_vivo,in_vivo,Han2022,,Early blastocyst (E6-8),1.3677304,5.577785
P8_GCTAACGA,E7,P8,GSE168106,in_vivo,in_vivo,Han2022,,Early blastocyst (E6-8),2.6344028,4.559437
P8_GCTCGGTA,E7,P8,GSE168106,in_vivo,in_vivo,Han2022,,Early blastocyst (E6-8),1.8429904,5.2382717
P8_GGAGAACA,E7,P8,GSE168106,in_vivo,in_vivo,Han2022,,Early blastocyst (E6-8),-0.25043246,6.436963
P8_GGTGCGAA,E7,P8,GSE168106,in_vivo,in_vivo,Han2022,,Early blastocyst (E6-8),-0.6904559,6.22416
P8_GTACGCAA,E7,P8,GSE168106,in_vivo,in_vivo,Han2022,,Early blastocyst (E6-8),1.058535,5.8571596
P8_GTCGTAGA,E7,P8,GSE168106,in_vivo,in_vivo,Han2022,,Early blastocyst (E6-8),0.087587945,5.168766
P8_GTCTGTCA,E7,P8,GSE168106,in_vivo,in_vivo,Han2022,,Early blastocyst (E6-8),0.7630286,5.0883346
P8_GTGTTCTA,E7,P8,GSE168106,in_vivo,in_vivo,Han2022,,Early blastocyst (E6-8),0.54003483,5.0447454
P8_TAGGATGA,E7,P8,GSE168106,in_vivo,in_vivo,Han2022,,Early blastocyst (E6-8),-0.9658849,6.2077823
P8_TATCAGCA,E7,P8,GSE168106,in_vivo,in_vivo,Han2022,,Early blastocyst (E6-8),-0.4032407,5.2238793
P8_TCCGTCTA,E7,P8,GSE168106,in_vivo,in_vivo,Han2022,,Early blastocyst (E6-8),-1.0227064,6.2050185
P8_TCTTCACA,E7,P8,GSE168106,in_vivo,in_vivo,Han2022,,Early blastocyst (E6-8),-0.600782,5.361867
P8_TGAAGAGA,E7,P8,GSE168106,in_vivo,in_vivo,Han2022,,Early blastocyst (E6-8),-0.36043277,5.303591
P8_TGGCTTCA,E7,P8,GSE168106,in_vivo,in_vivo,Han2022,,Early blastocyst (E6-8),5.498362,7.992468
P9_AAACATCG,E7,P9,GSE168106,in_vivo,in_vivo,Han2022,,Early blastocyst (E6-8),1.524533,5.389255
P9_AACCGAGA,E7,P9,GSE168106,in_vivo,in_vivo,Han2022,,Early blastocyst (E6-8),4.0689664,4.222744
P9_AACGTGAT,E7,P9,GSE168106,in_vivo,in_vivo,Han2022,,Early blastocyst (E6-8),-0.20689887,6.295882
P9_AAGAGATC,E7,P9,GSE168106,in_vivo,in_vivo,Han2022,,Early blastocyst (E6-8),3.2160828,4.875172
P9_AAGGACAC,E7,P9,GSE168106,in_vivo,in_vivo,Han2022,,Early blastocyst (E6-8),-0.12642974,6.138636
P9_AATGTTGC,E7,P9,GSE168106,in_vivo,in_vivo,Han2022,,Early blastocyst (E6-8),4.327256,3.0850673
P9_ACACGACC,E7,P9,GSE168106,in_vivo,in_vivo,Han2022,,Early blastocyst (E6-8),1.3180691,4.982913
P9_ACAGATTC,E7,P9,GSE168106,in_vivo,in_vivo,Han2022,,Early blastocyst (E6-8),1.04009,4.9774237
P9_ACATTGGC,E7,P9,GSE168106,in_vivo,in_vivo,Han2022,,Early blastocyst (E6-8),0.88854575,5.081967
P9_ACCACTGT,E7,P9,GSE168106,in_vivo,in_vivo,Han2022,,Early blastocyst (E6-8),1.2649051,5.6722407
P9_ACCTCCAA,E7,P9,GSE168106,in_vivo,in_vivo,Han2022,,Early blastocyst (E6-8),4.38263,3.4635794
P9_AGATCGCA,E7,P9,GSE168106,in_vivo,in_vivo,Han2022,,Early blastocyst (E6-8),-1.5251318,6.3457303
P9_AGATGTAC,E7,P9,GSE168106,in_vivo,in_vivo,Han2022,,Early blastocyst (E6-8),-1.1088327,6.0636683
P9_AGCACCTC,E7,P9,GSE168106,in_vivo,in_vivo,Han2022,,Early blastocyst (E6-8),-0.9715902,6.2019444
P9_AGCAGGAA,E7,P9,GSE168106,in_vivo,in_vivo,Han2022,,Early blastocyst (E6-8),-0.51484513,5.350538
P9_AGCCATGC,E7,P9,GSE168106,in_vivo,in_vivo,Han2022,,Early blastocyst (E6-8),1.0430112,4.9897346
P9_AGGCTAAC,E7,P9,GSE168106,in_vivo,in_vivo,Han2022,,Early blastocyst (E6-8),0.71055394,5.00266
P9_AGTCACTA,E7,P9,GSE168106,in_vivo,in_vivo,Han2022,,Early blastocyst (E6-8),0.9395444,5.9807444
P9_AGTGGTCA,E7,P9,GSE168106,in_vivo,in_vivo,Han2022,,Early blastocyst (E6-8),-0.66172326,6.379864
P9_ATAGCGAC,E7,P9,GSE168106,in_vivo,in_vivo,Han2022,,Early blastocyst (E6-8),-0.5499715,6.197937
P9_ATCATTCC,E7,P9,GSE168106,in_vivo,in_vivo,Han2022,,Early blastocyst (E6-8),0.76186913,5.001654
P9_ATCCTGTA,E7,P9,GSE168106,in_vivo,in_vivo,Han2022,,Early blastocyst (E6-8),2.884962,4.61001
P9_ATGCCTAA,E7,P9,GSE168106,in_vivo,in_vivo,Han2022,,Early blastocyst (E6-8),1.4842532,5.4413385
P9_ATTGAGGA,E7,P9,GSE168106,in_vivo,in_vivo,Han2022,,Early blastocyst (E6-8),-0.66449034,5.4352956
P9_CAACCACA,E7,P9,GSE168106,in_vivo,in_vivo,Han2022,,Early blastocyst (E6-8),-0.28922603,5.224347
P9_CAAGACTA,E7,P9,GSE168106,in_vivo,in_vivo,Han2022,,Early blastocyst (E6-8),3.2482703,3.6383257
P9_CAAGGAGC,E7,P9,GSE168106,in_vivo,in_vivo,Han2022,,Early blastocyst (E6-8),-0.13908751,5.2131414
P9_CAATGGAA,E7,P9,GSE168106,in_vivo,in_vivo,Han2022,,Early blastocyst (E6-8),3.6863608,4.913014
P9_CACCTTAC,E7,P9,GSE168106,in_vivo,in_vivo,Han2022,,Early blastocyst (E6-8),-1.2654829,6.0215974
P9_CACTTCGA,E7,P9,GSE168106,in_vivo,in_vivo,Han2022,,Early blastocyst (E6-8),0.08209403,6.267992
P9_CAGATCTG,E7,P9,GSE168106,in_vivo,in_vivo,Han2022,,Early blastocyst (E6-8),2.7651281,4.741464
P9_CAGCGTTA,E7,P9,GSE168106,in_vivo,in_vivo,Han2022,,Early blastocyst (E6-8),3.4366171,3.2909362
P9_CATACCAA,E7,P9,GSE168106,in_vivo,in_vivo,Han2022,,Early blastocyst (E6-8),1.4526129,4.9476266
P9_CATCAAGT,E7,P9,GSE168106,in_vivo,in_vivo,Han2022,,Early blastocyst (E6-8),1.638554,5.3449354
P9_CCAGTTCA,E7,P9,GSE168106,in_vivo,in_vivo,Han2022,,Early blastocyst (E6-8),1.3408912,4.9356847
P9_CCATCCTC,E7,P9,GSE168106,in_vivo,in_vivo,Han2022,,Early blastocyst (E6-8),2.4113734,4.9230285
P9_CCGAAGTA,E7,P9,GSE168106,in_vivo,in_vivo,Han2022,,Early blastocyst (E6-8),3.550948,5.0202117
P9_CCGACAAC,E7,P9,GSE168106,in_vivo,in_vivo,Han2022,,Early blastocyst (E6-8),-0.73470265,5.4390054
P9_CCGTGAGA,E7,P9,GSE168106,in_vivo,in_vivo,Han2022,,Early blastocyst (E6-8),-1.3453147,6.016118
P9_CCTAATCC,E7,P9,GSE168106,in_vivo,in_vivo,Han2022,,Early blastocyst (E6-8),-1.0231875,6.096865
P9_CCTCCTGA,E7,P9,GSE168106,in_vivo,in_vivo,Han2022,,Early blastocyst (E6-8),4.2786922,2.7158504
P9_CCTCTATC,E7,P9,GSE168106,in_vivo,in_vivo,Han2022,,Early blastocyst (E6-8),1.0641401,4.9851456
P9_CGAACTTA,E7,P9,GSE168106,in_vivo,in_vivo,Han2022,,Early blastocyst (E6-8),3.6944575,4.755827
P9_CTCAATGA,E7,P9,GSE168106,in_vivo,in_vivo,Han2022,,Early blastocyst (E6-8),4.2923393,3.9024508
P9_GATAGACA,E7,P9,GSE168106,in_vivo,in_vivo,Han2022,,Early blastocyst (E6-8),0.6340999,5.061391
P9_GCCACATA,E7,P9,GSE168106,in_vivo,in_vivo,Han2022,,Early blastocyst (E6-8),0.11107841,6.3017197
P9_GCTCGGTA,E7,P9,GSE168106,in_vivo,in_vivo,Han2022,,Early blastocyst (E6-8),1.2199938,5.6376867
P9_GGAGAACA,E7,P9,GSE168106,in_vivo,in_vivo,Han2022,,Early blastocyst (E6-8),-0.85713077,6.238505
P9_GGTGCGAA,E7,P9,GSE168106,in_vivo,in_vivo,Han2022,,Early blastocyst (E6-8),1.212836,5.0650363
P9_GTACGCAA,E7,P9,GSE168106,in_vivo,in_vivo,Han2022,,Early blastocyst (E6-8),1.4459535,5.4471025
P9_GTCGTAGA,E7,P9,GSE168106,in_vivo,in_vivo,Han2022,,Early blastocyst (E6-8),-1.1992662,6.064862
P9_GTCTGTCA,E7,P9,GSE168106,in_vivo,in_vivo,Han2022,,Early blastocyst (E6-8),-1.45691,6.2420764
P9_GTGTTCTA,E7,P9,GSE168106,in_vivo,in_vivo,Han2022,,Early blastocyst (E6-8),1.2966934,5.124765
P9_TAGGATGA,E7,P9,GSE168106,in_vivo,in_vivo,Han2022,,Early blastocyst (E6-8),2.4793723,4.930252
P9_TATCAGCA,E7,P9,GSE168106,in_vivo,in_vivo,Han2022,,Early blastocyst (E6-8),2.2672884,5.098796
P9_TCCGTCTA,E7,P9,GSE168106,in_vivo,in_vivo,Han2022,,Early blastocyst (E6-8),-0.29722446,6.270142
P9_TGAAGAGA,E7,P9,GSE168106,in_vivo,in_vivo,Han2022,,Early blastocyst (E6-8),-1.4824737,6.1862245
P9_TGGAACAA,E7,P9,GSE168106,in_vivo,in_vivo,Han2022,,Early blastocyst (E6-8),4.261912,5.7650094
P9_TGGCTTCA,E7,P9,GSE168106,in_vivo,in_vivo,Han2022,,Early blastocyst (E6-8),4.4188604,6.406204
P9_TTCACGCA,E7,P9,GSE168106,in_vivo,in_vivo,Han2022,,Early blastocyst (E6-8),-0.4788269,5.2480717
pgEpiSC_low_AAACATCG,p10,pgEpiSC_low,GSE168106,in_vivo,in_vivo,Han2022,,pgEpiSC (stem cell),-1.4165244,2.6098237
pgEpiSC_low_AACAACCA,p10,pgEpiSC_low,GSE168106,in_vivo,in_vivo,Han2022,,pgEpiSC (stem cell),0.6294779,2.893242
pgEpiSC_low_AACCGAGA,p10,pgEpiSC_low,GSE168106,in_vivo,in_vivo,Han2022,,pgEpiSC (stem cell),-0.5326786,2.8544958
pgEpiSC_low_AACGCTTA,p10,pgEpiSC_low,GSE168106,in_vivo,in_vivo,Han2022,,pgEpiSC (stem cell),0.9530407,2.9068925
pgEpiSC_low_AACTCACC,p10,pgEpiSC_low,GSE168106,in_vivo,in_vivo,Han2022,,pgEpiSC (stem cell),2.0031989,2.7378979
pgEpiSC_low_AAGACGGA,p10,pgEpiSC_low,GSE168106,in_vivo,in_vivo,Han2022,,pgEpiSC (stem cell),-2.795115,2.1736686
pgEpiSC_low_AAGAGATC,p10,pgEpiSC_low,GSE168106,in_vivo,in_vivo,Han2022,,pgEpiSC (stem cell),-0.94541097,2.6836705
pgEpiSC_low_AAGGACAC,p10,pgEpiSC_low,GSE168106,in_vivo,in_vivo,Han2022,,pgEpiSC (stem cell),-2.8290377,1.432635
pgEpiSC_low_AAGGTACA,p10,pgEpiSC_low,GSE168106,in_vivo,in_vivo,Han2022,,pgEpiSC (stem cell),-0.36707482,2.8427641
pgEpiSC_low_AATCCGTC,p10,pgEpiSC_low,GSE168106,in_vivo,in_vivo,Han2022,,pgEpiSC (stem cell),-2.732331,1.9521855
pgEpiSC_low_AATGTTGC,p10,pgEpiSC_low,GSE168106,in_vivo,in_vivo,Han2022,,pgEpiSC (stem cell),3.1525066,3.0622637
pgEpiSC_low_ACAAGCTA,p10,pgEpiSC_low,GSE168106,in_vivo,in_vivo,Han2022,,pgEpiSC (stem cell),-0.29453686,2.9213274
pgEpiSC_low_ACACAGAA,p10,pgEpiSC_low,GSE168106,in_vivo,in_vivo,Han2022,,pgEpiSC (stem cell),-0.31296813,2.919706
pgEpiSC_low_ACACGACC,p10,pgEpiSC_low,GSE168106,in_vivo,in_vivo,Han2022,,pgEpiSC (stem cell),-0.7213222,2.733689
pgEpiSC_low_ACAGATTC,p10,pgEpiSC_low,GSE168106,in_vivo,in_vivo,Han2022,,pgEpiSC (stem cell),-1.9129391,2.1299746
pgEpiSC_low_ACAGCAGA,p10,pgEpiSC_low,GSE168106,in_vivo,in_vivo,Han2022,,pgEpiSC (stem cell),-1.0015447,2.6958506
pgEpiSC_low_ACATTGGC,p10,pgEpiSC_low,GSE168106,in_vivo,in_vivo,Han2022,,pgEpiSC (stem cell),0.23571813,2.9272676
pgEpiSC_low_ACCTCCAA,p10,pgEpiSC_low,GSE168106,in_vivo,in_vivo,Han2022,,pgEpiSC (stem cell),3.048651,3.1803117
pgEpiSC_low_ACGCTCGA,p10,pgEpiSC_low,GSE168106,in_vivo,in_vivo,Han2022,,pgEpiSC (stem cell),-0.74754125,2.8779237
pgEpiSC_low_AGAGTCAA,p10,pgEpiSC_low,GSE168106,in_vivo,in_vivo,Han2022,,pgEpiSC (stem cell),4.3123636,2.8241248
pgEpiSC_low_AGATCGCA,p10,pgEpiSC_low,GSE168106,in_vivo,in_vivo,Han2022,,pgEpiSC (stem cell),-2.8991866,0.67696834
pgEpiSC_low_AGATGTAC,p10,pgEpiSC_low,GSE168106,in_vivo,in_vivo,Han2022,,pgEpiSC (stem cell),0.2587245,2.9049394
pgEpiSC_low_AGCACCTC,p10,pgEpiSC_low,GSE168106,in_vivo,in_vivo,Han2022,,pgEpiSC (stem cell),-0.6563705,2.6630857
pgEpiSC_low_AGCAGGAA,p10,pgEpiSC_low,GSE168106,in_vivo,in_vivo,Han2022,,pgEpiSC (stem cell),-2.4727957,1.5277895
pgEpiSC_low_AGCCATGC,p10,pgEpiSC_low,GSE168106,in_vivo,in_vivo,Han2022,,pgEpiSC (stem cell),-0.19286078,2.9074898
pgEpiSC_low_AGGCTAAC,p10,pgEpiSC_low,GSE168106,in_vivo,in_vivo,Han2022,,pgEpiSC (stem cell),-0.97398597,2.689817
pgEpiSC_low_AGTCACTA,p10,pgEpiSC_low,GSE168106,in_vivo,in_vivo,Han2022,,pgEpiSC (stem cell),-2.459992,2.0490966
pgEpiSC_low_AGTGGTCA,p10,pgEpiSC_low,GSE168106,in_vivo,in_vivo,Han2022,,pgEpiSC (stem cell),-2.9692712,1.1911489
pgEpiSC_low_ATAGCGAC,p10,pgEpiSC_low,GSE168106,in_vivo,in_vivo,Han2022,,pgEpiSC (stem cell),-2.5363605,1.6374682
pgEpiSC_low_ATCCTGTA,p10,pgEpiSC_low,GSE168106,in_vivo,in_vivo,Han2022,,pgEpiSC (stem cell),-0.09201855,2.8402824
pgEpiSC_low_ATGCCTAA,p10,pgEpiSC_low,GSE168106,in_vivo,in_vivo,Han2022,,pgEpiSC (stem cell),-2.2828987,2.3926682
pgEpiSC_low_ATTGAGGA,p10,pgEpiSC_low,GSE168106,in_vivo,in_vivo,Han2022,,pgEpiSC (stem cell),-3.34707,-0.49582472
pgEpiSC_low_ATTGGCTC,p10,pgEpiSC_low,GSE168106,in_vivo,in_vivo,Han2022,,pgEpiSC (stem cell),-1.4638255,2.3443296
pgEpiSC_low_CAACCACA,p10,pgEpiSC_low,GSE168106,in_vivo,in_vivo,Han2022,,pgEpiSC (stem cell),-2.7661061,1.4250755
pgEpiSC_low_CAAGACTA,p10,pgEpiSC_low,GSE168106,in_vivo,in_vivo,Han2022,,pgEpiSC (stem cell),0.010727628,2.9047709
pgEpiSC_low_CAAGGAGC,p10,pgEpiSC_low,GSE168106,in_vivo,in_vivo,Han2022,,pgEpiSC (stem cell),-2.7510858,1.0108931
pgEpiSC_low_CAATGGAA,p10,pgEpiSC_low,GSE168106,in_vivo,in_vivo,Han2022,,pgEpiSC (stem cell),-2.8008213,1.9375359
pgEpiSC_low_CACCTTAC,p10,pgEpiSC_low,GSE168106,in_vivo,in_vivo,Han2022,,pgEpiSC (stem cell),-2.2814312,1.4113865
pgEpiSC_low_CACTTCGA,p10,pgEpiSC_low,GSE168106,in_vivo,in_vivo,Han2022,,pgEpiSC (stem cell),-2.9867086,0.62812996
pgEpiSC_low_CAGATCTG,p10,pgEpiSC_low,GSE168106,in_vivo,in_vivo,Han2022,,pgEpiSC (stem cell),2.6819983,3.2867873
pgEpiSC_low_CAGCGTTA,p10,pgEpiSC_low,GSE168106,in_vivo,in_vivo,Han2022,,pgEpiSC (stem cell),4.4382625,2.4221206
pgEpiSC_low_CATACCAA,p10,pgEpiSC_low,GSE168106,in_vivo,in_vivo,Han2022,,pgEpiSC (stem cell),-1.5416782,2.378924
pgEpiSC_low_CATCAAGT,p10,pgEpiSC_low,GSE168106,in_vivo,in_vivo,Han2022,,pgEpiSC (stem cell),-0.68471247,2.9032512
pgEpiSC_low_CCAGTTCA,p10,pgEpiSC_low,GSE168106,in_vivo,in_vivo,Han2022,,pgEpiSC (stem cell),-2.2451768,1.7627854
pgEpiSC_low_CCGAAGTA,p10,pgEpiSC_low,GSE168106,in_vivo,in_vivo,Han2022,,pgEpiSC (stem cell),-2.4249983,1.4266312
pgEpiSC_low_CCGACAAC,p10,pgEpiSC_low,GSE168106,in_vivo,in_vivo,Han2022,,pgEpiSC (stem cell),-2.7057185,1.0281705
pgEpiSC_low_CCGTGAGA,p10,pgEpiSC_low,GSE168106,in_vivo,in_vivo,Han2022,,pgEpiSC (stem cell),-2.8832333,0.8656144
pgEpiSC_low_CCTAATCC,p10,pgEpiSC_low,GSE168106,in_vivo,in_vivo,Han2022,,pgEpiSC (stem cell),-1.130573,2.6025252
pgEpiSC_low_CCTCCTGA,p10,pgEpiSC_low,GSE168106,in_vivo,in_vivo,Han2022,,pgEpiSC (stem cell),0.53860843,2.9066718
pgEpiSC_low_CCTCTATC,p10,pgEpiSC_low,GSE168106,in_vivo,in_vivo,Han2022,,pgEpiSC (stem cell),0.58219814,2.9026725
pgEpiSC_low_CGAACTTA,p10,pgEpiSC_low,GSE168106,in_vivo,in_vivo,Han2022,,pgEpiSC (stem cell),-2.484779,1.3833907
pgEpiSC_low_CGACACAC,p10,pgEpiSC_low,GSE168106,in_vivo,in_vivo,Han2022,,pgEpiSC (stem cell),-2.8613167,0.6697541
pgEpiSC_low_CGACTGGA,p10,pgEpiSC_low,GSE168106,in_vivo,in_vivo,Han2022,,pgEpiSC (stem cell),-2.740163,0.9472188
pgEpiSC_low_CGCATACA,p10,pgEpiSC_low,GSE168106,in_vivo,in_vivo,Han2022,,pgEpiSC (stem cell),-3.0773067,0.35520482
pgEpiSC_low_CGGATTGC,p10,pgEpiSC_low,GSE168106,in_vivo,in_vivo,Han2022,,pgEpiSC (stem cell),-1.6014208,2.2014287
pgEpiSC_low_CTAAGGTC,p10,pgEpiSC_low,GSE168106,in_vivo,in_vivo,Han2022,,pgEpiSC (stem cell),-0.9402004,2.6975377
pgEpiSC_low_CTCAATGA,p10,pgEpiSC_low,GSE168106,in_vivo,in_vivo,Han2022,,pgEpiSC (stem cell),-1.5802833,2.2797823
pgEpiSC_low_CTGAGCCA,p10,pgEpiSC_low,GSE168106,in_vivo,in_vivo,Han2022,,pgEpiSC (stem cell),-2.4520018,1.7738202
pgEpiSC_low_CTGGCATA,p10,pgEpiSC_low,GSE168106,in_vivo,in_vivo,Han2022,,pgEpiSC (stem cell),4.5749116,2.4427676
pgEpiSC_low_CTGTAGCC,p10,pgEpiSC_low,GSE168106,in_vivo,in_vivo,Han2022,,pgEpiSC (stem cell),-0.041251242,3.0590394
pgEpiSC_low_GAACAGGC,p10,pgEpiSC_low,GSE168106,in_vivo,in_vivo,Han2022,,pgEpiSC (stem cell),-2.933948,0.88435906
pgEpiSC_low_GAATCTGA,p10,pgEpiSC_low,GSE168106,in_vivo,in_vivo,Han2022,,pgEpiSC (stem cell),0.080224834,2.9089696
pgEpiSC_low_GACAGTGC,p10,pgEpiSC_low,GSE168106,in_vivo,in_vivo,Han2022,,pgEpiSC (stem cell),-0.58906955,2.8935797
pgEpiSC_low_GACTAGTA,p10,pgEpiSC_low,GSE168106,in_vivo,in_vivo,Han2022,,pgEpiSC (stem cell),-2.9223762,0.54484
pgEpiSC_low_GAGCTGAA,p10,pgEpiSC_low,GSE168106,in_vivo,in_vivo,Han2022,,pgEpiSC (stem cell),-2.6536458,1.6160517
pgEpiSC_low_GATAGACA,p10,pgEpiSC_low,GSE168106,in_vivo,in_vivo,Han2022,,pgEpiSC (stem cell),-2.800841,0.81762564
pgEpiSC_low_GATGAATC,p10,pgEpiSC_low,GSE168106,in_vivo,in_vivo,Han2022,,pgEpiSC (stem cell),-1.951909,2.2205951
pgEpiSC_low_GCCAAGAC,p10,pgEpiSC_low,GSE168106,in_vivo,in_vivo,Han2022,,pgEpiSC (stem cell),4.486659,2.7791972
pgEpiSC_low_GCCACATA,p10,pgEpiSC_low,GSE168106,in_vivo,in_vivo,Han2022,,pgEpiSC (stem cell),-1.5519136,2.2968862
pgEpiSC_low_GCGAGTAA,p10,pgEpiSC_low,GSE168106,in_vivo,in_vivo,Han2022,,pgEpiSC (stem cell),2.967087,3.1471102
pgEpiSC_low_GCTAACGA,p10,pgEpiSC_low,GSE168106,in_vivo,in_vivo,Han2022,,pgEpiSC (stem cell),-1.8657165,2.0250857
pgEpiSC_low_GCTCGGTA,p10,pgEpiSC_low,GSE168106,in_vivo,in_vivo,Han2022,,pgEpiSC (stem cell),0.57893246,2.9024405
pgEpiSC_low_GGAGAACA,p10,pgEpiSC_low,GSE168106,in_vivo,in_vivo,Han2022,,pgEpiSC (stem cell),-2.6150525,1.7014399
pgEpiSC_low_GGTGCGAA,p10,pgEpiSC_low,GSE168106,in_vivo,in_vivo,Han2022,,pgEpiSC (stem cell),-0.6300173,2.9548578
pgEpiSC_low_GTACGCAA,p10,pgEpiSC_low,GSE168106,in_vivo,in_vivo,Han2022,,pgEpiSC (stem cell),2.3935173,2.8961844
pgEpiSC_low_GTCGTAGA,p10,pgEpiSC_low,GSE168106,in_vivo,in_vivo,Han2022,,pgEpiSC (stem cell),-1.9154376,2.2373538
pgEpiSC_low_GTCTGTCA,p10,pgEpiSC_low,GSE168106,in_vivo,in_vivo,Han2022,,pgEpiSC (stem cell),-0.8385947,2.783068
pgEpiSC_low_GTGTTCTA,p10,pgEpiSC_low,GSE168106,in_vivo,in_vivo,Han2022,,pgEpiSC (stem cell),-0.5732615,2.9036117
pgEpiSC_low_TAGGATGA,p10,pgEpiSC_low,GSE168106,in_vivo,in_vivo,Han2022,,pgEpiSC (stem cell),-0.81510824,2.7966297
pgEpiSC_low_TATCAGCA,p10,pgEpiSC_low,GSE168106,in_vivo,in_vivo,Han2022,,pgEpiSC (stem cell),-2.3880177,2.164173
pgEpiSC_low_TCCGTCTA,p10,pgEpiSC_low,GSE168106,in_vivo,in_vivo,Han2022,,pgEpiSC (stem cell),-2.4653492,1.6845397
pgEpiSC_low_TCTTCACA,p10,pgEpiSC_low,GSE168106,in_vivo,in_vivo,Han2022,,pgEpiSC (stem cell),-2.3976786,1.9043722
pgEpiSC_low_TGAAGAGA,p10,pgEpiSC_low,GSE168106,in_vivo,in_vivo,Han2022,,pgEpiSC (stem cell),-0.52135116,3.0239358
pgEpiSC_low_TGGAACAA,p10,pgEpiSC_low,GSE168106,in_vivo,in_vivo,Han2022,,pgEpiSC (stem cell),-1.7168417,2.3948157
pgEpiSC_low_TGGTGGTA,p10,pgEpiSC_low,GSE168106,in_vivo,in_vivo,Han2022,,pgEpiSC (stem cell),-1.8945162,2.2103336
pgEpiSC_low_TTCACGCA,p10,pgEpiSC_low,GSE168106,in_vivo,in_vivo,Han2022,,pgEpiSC (stem cell),-2.4887776,1.7157153
pgEpiSC_high_AAACATCG,p64,pgEpiSC_high,GSE168106,in_vivo,in_vivo,Han2022,,pgEpiSC (stem cell),-0.602831,2.9953609
pgEpiSC_high_AACAACCA,p64,pgEpiSC_high,GSE168106,in_vivo,in_vivo,Han2022,,pgEpiSC (stem cell),-1.9608029,2.5239708
pgEpiSC_high_AACCGAGA,p64,pgEpiSC_high,GSE168106,in_vivo,in_vivo,Han2022,,pgEpiSC (stem cell),-0.30875805,2.9317658
pgEpiSC_high_AACGCTTA,p64,pgEpiSC_high,GSE168106,in_vivo,in_vivo,Han2022,,pgEpiSC (stem cell),-2.8339963,2.1212542
pgEpiSC_high_AACGTGAT,p64,pgEpiSC_high,GSE168106,in_vivo,in_vivo,Han2022,,pgEpiSC (stem cell),-2.996056,1.3799982
pgEpiSC_high_AACTCACC,p54,pgEpiSC_high,GSE168106,in_vivo,in_vivo,Han2022,,pgEpiSC (stem cell),-2.3477075,2.3678892
pgEpiSC_high_AAGACGGA,p64,pgEpiSC_high,GSE168106,in_vivo,in_vivo,Han2022,,pgEpiSC (stem cell),-2.4344172,2.1927207
pgEpiSC_high_AAGAGATC,p54,pgEpiSC_high,GSE168106,in_vivo,in_vivo,Han2022,,pgEpiSC (stem cell),-2.7231205,1.7834107
pgEpiSC_high_AAGGACAC,p54,pgEpiSC_high,GSE168106,in_vivo,in_vivo,Han2022,,pgEpiSC (stem cell),-3.2662895,0.2060058
pgEpiSC_high_AAGGTACA,p64,pgEpiSC_high,GSE168106,in_vivo,in_vivo,Han2022,,pgEpiSC (stem cell),-2.3944652,2.049609
pgEpiSC_high_AATCCGTC,p54,pgEpiSC_high,GSE168106,in_vivo,in_vivo,Han2022,,pgEpiSC (stem cell),-3.0047686,1.7914828
pgEpiSC_high_AATGTTGC,p54,pgEpiSC_high,GSE168106,in_vivo,in_vivo,Han2022,,pgEpiSC (stem cell),2.3185673,2.8749428
pgEpiSC_high_ACAAGCTA,p64,pgEpiSC_high,GSE168106,in_vivo,in_vivo,Han2022,,pgEpiSC (stem cell),-2.9225662,2.0266213
pgEpiSC_high_ACACAGAA,p64,pgEpiSC_high,GSE168106,in_vivo,in_vivo,Han2022,,pgEpiSC (stem cell),-2.452956,2.2689922
pgEpiSC_high_ACACGACC,p54,pgEpiSC_high,GSE168106,in_vivo,in_vivo,Han2022,,pgEpiSC (stem cell),-2.9891841,0.8716634
pgEpiSC_high_ACAGATTC,p54,pgEpiSC_high,GSE168106,in_vivo,in_vivo,Han2022,,pgEpiSC (stem cell),-2.0138845,2.4287772
pgEpiSC_high_ACAGCAGA,p64,pgEpiSC_high,GSE168106,in_vivo,in_vivo,Han2022,,pgEpiSC (stem cell),-3.1099424,0.31776202
pgEpiSC_high_ACATTGGC,p64,pgEpiSC_high,GSE168106,in_vivo,in_vivo,Han2022,,pgEpiSC (stem cell),-0.5771671,3.0577838
pgEpiSC_high_ACCACTGT,p64,pgEpiSC_high,GSE168106,in_vivo,in_vivo,Han2022,,pgEpiSC (stem cell),-2.4991739,2.0872824
pgEpiSC_high_ACCTCCAA,p64,pgEpiSC_high,GSE168106,in_vivo,in_vivo,Han2022,,pgEpiSC (stem cell),0.14087349,2.931827
pgEpiSC_high_ACGCTCGA,p64,pgEpiSC_high,GSE168106,in_vivo,in_vivo,Han2022,,pgEpiSC (stem cell),-0.6402041,2.8662198
pgEpiSC_high_ACGTATCA,p64,pgEpiSC_high,GSE168106,in_vivo,in_vivo,Han2022,,pgEpiSC (stem cell),-2.3482633,2.405082
pgEpiSC_high_ACTATGCA,p64,pgEpiSC_high,GSE168106,in_vivo,in_vivo,Han2022,,pgEpiSC (stem cell),4.4618263,2.5167193
pgEpiSC_high_AGAGTCAA,p64,pgEpiSC_high,GSE168106,in_vivo,in_vivo,Han2022,,pgEpiSC (stem cell),-2.6016674,1.9249059
pgEpiSC_high_AGATCGCA,p64,pgEpiSC_high,GSE168106,in_vivo,in_vivo,Han2022,,pgEpiSC (stem cell),-3.373809,-0.44597644
pgEpiSC_high_AGATGTAC,p54,pgEpiSC_high,GSE168106,in_vivo,in_vivo,Han2022,,pgEpiSC (stem cell),-1.4602464,2.6230514
pgEpiSC_high_AGCACCTC,p54,pgEpiSC_high,GSE168106,in_vivo,in_vivo,Han2022,,pgEpiSC (stem cell),-3.0618093,1.5190697
pgEpiSC_high_AGCAGGAA,p64,pgEpiSC_high,GSE168106,in_vivo,in_vivo,Han2022,,pgEpiSC (stem cell),-3.1482446,-0.09936224
pgEpiSC_high_AGCCATGC,p54,pgEpiSC_high,GSE168106,in_vivo,in_vivo,Han2022,,pgEpiSC (stem cell),0.08178788,2.9794254
pgEpiSC_high_AGGCTAAC,p54,pgEpiSC_high,GSE168106,in_vivo,in_vivo,Han2022,,pgEpiSC (stem cell),-2.9210563,0.564897
pgEpiSC_high_AGTACAAG,p64,pgEpiSC_high,GSE168106,in_vivo,in_vivo,Han2022,,pgEpiSC (stem cell),-2.5696988,2.2989125
pgEpiSC_high_AGTCACTA,p64,pgEpiSC_high,GSE168106,in_vivo,in_vivo,Han2022,,pgEpiSC (stem cell),-3.395037,-0.4378076
pgEpiSC_high_AGTGGTCA,p64,pgEpiSC_high,GSE168106,in_vivo,in_vivo,Han2022,,pgEpiSC (stem cell),-3.142118,-0.07008569
pgEpiSC_high_ATAGCGAC,p54,pgEpiSC_high,GSE168106,in_vivo,in_vivo,Han2022,,pgEpiSC (stem cell),-2.7017186,1.3773915
pgEpiSC_high_ATCATTCC,p54,pgEpiSC_high,GSE168106,in_vivo,in_vivo,Han2022,,pgEpiSC (stem cell),-1.6071919,2.2935822
pgEpiSC_high_ATCCTGTA,p64,pgEpiSC_high,GSE168106,in_vivo,in_vivo,Han2022,,pgEpiSC (stem cell),-2.2012687,2.47631
pgEpiSC_high_ATGCCTAA,p64,pgEpiSC_high,GSE168106,in_vivo,in_vivo,Han2022,,pgEpiSC (stem cell),-0.32403535,3.0747244
pgEpiSC_high_ATTGAGGA,p64,pgEpiSC_high,GSE168106,in_vivo,in_vivo,Han2022,,pgEpiSC (stem cell),-3.1262112,-0.022950903
pgEpiSC_high_ATTGGCTC,p54,pgEpiSC_high,GSE168106,in_vivo,in_vivo,Han2022,,pgEpiSC (stem cell),-1.9362935,2.4048917
pgEpiSC_high_CAACCACA,p64,pgEpiSC_high,GSE168106,in_vivo,in_vivo,Han2022,,pgEpiSC (stem cell),-3.285829,-0.7154663
pgEpiSC_high_CAAGACTA,p64,pgEpiSC_high,GSE168106,in_vivo,in_vivo,Han2022,,pgEpiSC (stem cell),-0.8191826,2.8401814
pgEpiSC_high_CAAGGAGC,p54,pgEpiSC_high,GSE168106,in_vivo,in_vivo,Han2022,,pgEpiSC (stem cell),-2.9931145,0.13266249
pgEpiSC_high_CAATGGAA,p64,pgEpiSC_high,GSE168106,in_vivo,in_vivo,Han2022,,pgEpiSC (stem cell),-3.3950357,-0.53433657
pgEpiSC_high_CACCTTAC,p54,pgEpiSC_high,GSE168106,in_vivo,in_vivo,Han2022,,pgEpiSC (stem cell),-2.5775557,2.187992
pgEpiSC_high_CACTTCGA,p64,pgEpiSC_high,GSE168106,in_vivo,in_vivo,Han2022,,pgEpiSC (stem cell),-3.384576,-0.4777893
pgEpiSC_high_CAGATCTG,p64,pgEpiSC_high,GSE168106,in_vivo,in_vivo,Han2022,,pgEpiSC (stem cell),-3.2162168,-0.036571454
pgEpiSC_high_CAGCGTTA,p64,pgEpiSC_high,GSE168106,in_vivo,in_vivo,Han2022,,pgEpiSC (stem cell),3.2377625,3.0946593
pgEpiSC_high_CATACCAA,p64,pgEpiSC_high,GSE168106,in_vivo,in_vivo,Han2022,,pgEpiSC (stem cell),-3.127909,0.17069475
pgEpiSC_high_CATCAAGT,p64,pgEpiSC_high,GSE168106,in_vivo,in_vivo,Han2022,,pgEpiSC (stem cell),-2.6744103,2.3112957
pgEpiSC_high_CCAGTTCA,p64,pgEpiSC_high,GSE168106,in_vivo,in_vivo,Han2022,,pgEpiSC (stem cell),-3.3322506,-0.3822178
pgEpiSC_high_CCATCCTC,p54,pgEpiSC_high,GSE168106,in_vivo,in_vivo,Han2022,,pgEpiSC (stem cell),1.0217165,2.874888
pgEpiSC_high_CCGAAGTA,p64,pgEpiSC_high,GSE168106,in_vivo,in_vivo,Han2022,,pgEpiSC (stem cell),-2.9915352,1.5334013
pgEpiSC_high_CCGACAAC,p54,pgEpiSC_high,GSE168106,in_vivo,in_vivo,Han2022,,pgEpiSC (stem cell),-2.9845698,1.345383
pgEpiSC_high_CCGTGAGA,p64,pgEpiSC_high,GSE168106,in_vivo,in_vivo,Han2022,,pgEpiSC (stem cell),-3.4323232,-0.26528415
pgEpiSC_high_CCTAATCC,p54,pgEpiSC_high,GSE168106,in_vivo,in_vivo,Han2022,,pgEpiSC (stem cell),-1.8495767,2.1394086
pgEpiSC_high_CCTCCTGA,p64,pgEpiSC_high,GSE168106,in_vivo,in_vivo,Han2022,,pgEpiSC (stem cell),-1.7927914,2.5316336
pgEpiSC_high_CCTCTATC,p54,pgEpiSC_high,GSE168106,in_vivo,in_vivo,Han2022,,pgEpiSC (stem cell),-2.6663342,2.214871
pgEpiSC_high_CGAACTTA,p64,pgEpiSC_high,GSE168106,in_vivo,in_vivo,Han2022,,pgEpiSC (stem cell),-3.1034606,0.04302725
pgEpiSC_high_CGACACAC,p54,pgEpiSC_high,GSE168106,in_vivo,in_vivo,Han2022,,pgEpiSC (stem cell),-3.1123369,0.18257801
pgEpiSC_high_CGACTGGA,p64,pgEpiSC_high,GSE168106,in_vivo,in_vivo,Han2022,,pgEpiSC (stem cell),-3.3881273,-0.46667874
pgEpiSC_high_CGCATACA,p64,pgEpiSC_high,GSE168106,in_vivo,in_vivo,Han2022,,pgEpiSC (stem cell),-3.1579282,-0.44428352
pgEpiSC_high_CGCTGATC,p64,pgEpiSC_high,GSE168106,in_vivo,in_vivo,Han2022,,pgEpiSC (stem cell),-3.07845,1.768423
pgEpiSC_high_CGGATTGC,p54,pgEpiSC_high,GSE168106,in_vivo,in_vivo,Han2022,,pgEpiSC (stem cell),-2.8049166,1.9132692
pgEpiSC_high_CTAAGGTC,p54,pgEpiSC_high,GSE168106,in_vivo,in_vivo,Han2022,,pgEpiSC (stem cell),-1.3852654,2.4350097
pgEpiSC_high_CTCAATGA,p64,pgEpiSC_high,GSE168106,in_vivo,in_vivo,Han2022,,pgEpiSC (stem cell),-3.319133,-0.41160953
pgEpiSC_high_CTGAGCCA,p64,pgEpiSC_high,GSE168106,in_vivo,in_vivo,Han2022,,pgEpiSC (stem cell),-3.3270454,-0.5191582
pgEpiSC_high_CTGGCATA,p64,pgEpiSC_high,GSE168106,in_vivo,in_vivo,Han2022,,pgEpiSC (stem cell),-3.0352712,0.1092871
pgEpiSC_high_CTGTAGCC,p64,pgEpiSC_high,GSE168106,in_vivo,in_vivo,Han2022,,pgEpiSC (stem cell),-2.7939193,2.149843
pgEpiSC_high_GAACAGGC,p54,pgEpiSC_high,GSE168106,in_vivo,in_vivo,Han2022,,pgEpiSC (stem cell),-1.0154625,2.575527
pgEpiSC_high_GAATCTGA,p64,pgEpiSC_high,GSE168106,in_vivo,in_vivo,Han2022,,pgEpiSC (stem cell),-1.2789167,2.7867773
pgEpiSC_high_GACAGTGC,p54,pgEpiSC_high,GSE168106,in_vivo,in_vivo,Han2022,,pgEpiSC (stem cell),0.09147278,3.0433953
pgEpiSC_high_GACTAGTA,p64,pgEpiSC_high,GSE168106,in_vivo,in_vivo,Han2022,,pgEpiSC (stem cell),-3.2145388,0.32085195
pgEpiSC_high_GAGCTGAA,p64,pgEpiSC_high,GSE168106,in_vivo,in_vivo,Han2022,,pgEpiSC (stem cell),-3.2189186,-0.3504664
pgEpiSC_high_GAGTTAGC,p54,pgEpiSC_high,GSE168106,in_vivo,in_vivo,Han2022,,pgEpiSC (stem cell),-2.8371584,1.4421967
pgEpiSC_high_GATAGACA,p54,pgEpiSC_high,GSE168106,in_vivo,in_vivo,Han2022,,pgEpiSC (stem cell),-3.0529578,1.3747765
pgEpiSC_high_GATGAATC,p54,pgEpiSC_high,GSE168106,in_vivo,in_vivo,Han2022,,pgEpiSC (stem cell),4.333096,2.426796
pgEpiSC_high_GCCAAGAC,p54,pgEpiSC_high,GSE168106,in_vivo,in_vivo,Han2022,,pgEpiSC (stem cell),-3.1507356,-0.21138297
pgEpiSC_high_GCCACATA,p54,pgEpiSC_high,GSE168106,in_vivo,in_vivo,Han2022,,pgEpiSC (stem cell),-3.0318856,1.5762092
pgEpiSC_high_GCGAGTAA,p54,pgEpiSC_high,GSE168106,in_vivo,in_vivo,Han2022,,pgEpiSC (stem cell),-2.4442115,2.232727
pgEpiSC_high_GCTAACGA,p54,pgEpiSC_high,GSE168106,in_vivo,in_vivo,Han2022,,pgEpiSC (stem cell),-2.2975683,2.5561635
pgEpiSC_high_GCTCGGTA,p54,pgEpiSC_high,GSE168106,in_vivo,in_vivo,Han2022,,pgEpiSC (stem cell),2.6983304,2.9656546
pgEpiSC_high_GGAGAACA,p54,pgEpiSC_high,GSE168106,in_vivo,in_vivo,Han2022,,pgEpiSC (stem cell),-2.1592526,2.4825363
pgEpiSC_high_GGTGCGAA,p54,pgEpiSC_high,GSE168106,in_vivo,in_vivo,Han2022,,pgEpiSC (stem cell),-0.021152806,3.0042765
pgEpiSC_high_GTACGCAA,p54,pgEpiSC_high,GSE168106,in_vivo,in_vivo,Han2022,,pgEpiSC (stem cell),2.4242878,2.8823707
pgEpiSC_high_GTCGTAGA,p54,pgEpiSC_high,GSE168106,in_vivo,in_vivo,Han2022,,pgEpiSC (stem cell),-2.5419853,2.3590333
pgEpiSC_high_GTCTGTCA,p54,pgEpiSC_high,GSE168106,in_vivo,in_vivo,Han2022,,pgEpiSC (stem cell),-2.5388305,2.3722942
pgEpiSC_high_GTGTTCTA,p54,pgEpiSC_high,GSE168106,in_vivo,in_vivo,Han2022,,pgEpiSC (stem cell),-0.10140197,3.0671086
pgEpiSC_high_TAGGATGA,p54,pgEpiSC_high,GSE168106,in_vivo,in_vivo,Han2022,,pgEpiSC (stem cell),0.19843888,2.966776
pgEpiSC_high_TATCAGCA,p54,pgEpiSC_high,GSE168106,in_vivo,in_vivo,Han2022,,pgEpiSC (stem cell),-2.8178818,2.0755389
pgEpiSC_high_TCCGTCTA,p54,pgEpiSC_high,GSE168106,in_vivo,in_vivo,Han2022,,pgEpiSC (stem cell),0.008849548,3.0275364
pgEpiSC_high_TCTTCACA,p54,pgEpiSC_high,GSE168106,in_vivo,in_vivo,Han2022,,pgEpiSC (stem cell),3.48232,2.8713598
pgEpiSC_high_TGAAGAGA,p54,pgEpiSC_high,GSE168106,in_vivo,in_vivo,Han2022,,pgEpiSC (stem cell),-0.43192253,3.012266
pgEpiSC_high_TGGAACAA,p54,pgEpiSC_high,GSE168106,in_vivo,in_vivo,Han2022,,pgEpiSC (stem cell),-0.96343774,2.7671585
pgEpiSC_high_TGGCTTCA,p54,pgEpiSC_high,GSE168106,in_vivo,in_vivo,Han2022,,pgEpiSC (stem cell),-2.9391332,2.0537398
pgEpiSC_high_TGGTGGTA,p54,pgEpiSC_high,GSE168106,in_vivo,in_vivo,Han2022,,pgEpiSC (stem cell),-2.8175402,1.3252199
pgEpiSC_high_TTCACGCA,p54,pgEpiSC_high,GSE168106,in_vivo,in_vivo,Han2022,,pgEpiSC (stem cell),-2.3849576,1.9640484
SLX_13258.i710_i517,preimplantation,pooled,GSE112380,in_vivo,in_vivo,RamosIbeas2019,,Preimplant (D5-11),6.7920246,5.018752
SLX_13259.i712_i505,preimplantation,pooled,GSE112380,in_vivo,in_vivo,RamosIbeas2019,,Preimplant (D5-11),7.919258,4.5389132
SLX_13255.i704_i507,preimplantation,pooled,GSE112380,in_vivo,in_vivo,RamosIbeas2019,,Preimplant (D5-11),7.780481,4.7077765
SLX_13255.i706_i505,preimplantation,pooled,GSE112380,in_vivo,in_vivo,RamosIbeas2019,,Preimplant (D5-11),6.784386,4.800971
SLX_13256.i707_i517,preimplantation,pooled,GSE112380,in_vivo,in_vivo,RamosIbeas2019,,Preimplant (D5-11),7.9378943,4.4461756
SLX_13257.i709_i505,preimplantation,pooled,GSE112380,in_vivo,in_vivo,RamosIbeas2019,,Preimplant (D5-11),8.439383,4.957581
SLX_13255.i705_i505,preimplantation,pooled,GSE112380,in_vivo,in_vivo,RamosIbeas2019,,Preimplant (D5-11),8.120496,4.9590755
SLX_13256.i706_i517,preimplantation,pooled,GSE112380,in_vivo,in_vivo,RamosIbeas2019,,Preimplant (D5-11),6.7675014,4.7095838
SLX_13258.i711_i517,preimplantation,pooled,GSE112380,in_vivo,in_vivo,RamosIbeas2019,,Preimplant (D5-11),7.6733556,4.931346
SLX_13257.i710_i505,preimplantation,pooled,GSE112380,in_vivo,in_vivo,RamosIbeas2019,,Preimplant (D5-11),6.8729444,4.978413
SLX_13254.i704_i517,preimplantation,pooled,GSE112380,in_vivo,in_vivo,RamosIbeas2019,,Preimplant (D5-11),8.190955,4.809656
SLX_13259.i702_i504,preimplantation,pooled,GSE112380,in_vivo,in_vivo,RamosIbeas2019,,Preimplant (D5-11),7.059983,5.0313025
SLX_13260.i704_i503,preimplantation,pooled,GSE112380,in_vivo,in_vivo,RamosIbeas2019,,Preimplant (D5-11),7.5496655,4.939642
SLX_13259.i701_i504,preimplantation,pooled,GSE112380,in_vivo,in_vivo,RamosIbeas2019,,Preimplant (D5-11),8.490073,5.04206
SLX_13260.i703_i503,preimplantation,pooled,GSE112380,in_vivo,in_vivo,RamosIbeas2019,,Preimplant (D5-11),7.7987556,4.813897
SLX_13261.i705_i507,preimplantation,pooled,GSE112380,in_vivo,in_vivo,RamosIbeas2019,,Preimplant (D5-11),7.4882436,4.8994026
SLX_13255.i707_i505,preimplantation,pooled,GSE112380,in_vivo,in_vivo,RamosIbeas2019,,Preimplant (D5-11),6.939923,5.045048
SLX_13256.i708_i517,preimplantation,pooled,GSE112380,in_vivo,in_vivo,RamosIbeas2019,,Preimplant (D5-11),6.8803596,4.9784803
SLX_13261.i706_i507,preimplantation,pooled,GSE112380,in_vivo,in_vivo,RamosIbeas2019,,Preimplant (D5-11),8.080602,4.4528866
SLX_13258.i705_i503,preimplantation,pooled,GSE112380,in_vivo,in_vivo,RamosIbeas2019,,Preimplant (D5-11),7.9540443,4.394208
SLX_13254.i702_i503,preimplantation,pooled,GSE112380,in_vivo,in_vivo,RamosIbeas2019,,Preimplant (D5-11),7.548899,4.506745
SLX_13255.i708_i505,preimplantation,pooled,GSE112380,in_vivo,in_vivo,RamosIbeas2019,,Preimplant (D5-11),7.175464,4.7547455
SLX_13256.i709_i517,preimplantation,pooled,GSE112380,in_vivo,in_vivo,RamosIbeas2019,,Preimplant (D5-11),7.772071,4.4717803
SLX_13257.i711_i505,preimplantation,pooled,GSE112380,in_vivo,in_vivo,RamosIbeas2019,,Preimplant (D5-11),8.191806,4.525717
SLX_13259.i703_i504,preimplantation,pooled,GSE112380,in_vivo,in_vivo,RamosIbeas2019,,Preimplant (D5-11),8.121717,4.400493
SLX_13254.i701_i503,preimplantation,pooled,GSE112380,in_vivo,in_vivo,RamosIbeas2019,,Preimplant (D5-11),6.9199443,4.855756
SLX_13256.i710_i517,preimplantation,pooled,GSE112380,in_vivo,in_vivo,RamosIbeas2019,,Preimplant (D5-11),8.083823,4.4440637
SLX_13258.i702_i502,preimplantation,pooled,GSE112380,in_vivo,in_vivo,RamosIbeas2019,,Preimplant (D5-11),8.718754,5.2146034
SLX_13259.i704_i504,preimplantation,pooled,GSE112380,in_vivo,in_vivo,RamosIbeas2019,,Preimplant (D5-11),8.843374,5.3425217
SLX_13260.i706_i503,preimplantation,pooled,GSE112380,in_vivo,in_vivo,RamosIbeas2019,,Preimplant (D5-11),8.061499,4.281035
SLX_13261.i707_i507,preimplantation,pooled,GSE112380,in_vivo,in_vivo,RamosIbeas2019,,Preimplant (D5-11),8.686365,5.400865
SLX_13255.i710_i505,preimplantation,pooled,GSE112380,in_vivo,in_vivo,RamosIbeas2019,,Preimplant (D5-11),8.546542,5.302746
SLX_13256.i711_i517,preimplantation,pooled,GSE112380,in_vivo,in_vivo,RamosIbeas2019,,Preimplant (D5-11),8.366355,5.3426766
SLX_13259.i705_i504,preimplantation,pooled,GSE112380,in_vivo,in_vivo,RamosIbeas2019,,Preimplant (D5-11),6.5955276,4.9529905
SLX_13260.i707_i503,preimplantation,pooled,GSE112380,in_vivo,in_vivo,RamosIbeas2019,,Preimplant (D5-11),8.301804,5.550954
SLX_13254.i703_i503,preimplantation,pooled,GSE112380,in_vivo,in_vivo,RamosIbeas2019,,Preimplant (D5-11),7.372114,4.6172166
SLX_13255.i711_i505,preimplantation,pooled,GSE112380,in_vivo,in_vivo,RamosIbeas2019,,Preimplant (D5-11),8.465423,5.715851
SLX_13256.i712_i517,preimplantation,pooled,GSE112380,in_vivo,in_vivo,RamosIbeas2019,,Preimplant (D5-11),8.623655,5.4919066
SLX_13257.i702_i506,preimplantation,pooled,GSE112380,in_vivo,in_vivo,RamosIbeas2019,,Preimplant (D5-11),7.4252577,4.644817
SLX_13258.i703_i502,preimplantation,pooled,GSE112380,in_vivo,in_vivo,RamosIbeas2019,,Preimplant (D5-11),7.937515,4.3871155
SLX_13259.i706_i504,preimplantation,pooled,GSE112380,in_vivo,in_vivo,RamosIbeas2019,,Preimplant (D5-11),8.095089,5.293982
SLX_13260.i708_i503,preimplantation,pooled,GSE112380,in_vivo,in_vivo,RamosIbeas2019,,Preimplant (D5-11),7.8904057,4.2984505
SLX_13261.i708_i507,preimplantation,pooled,GSE112380,in_vivo,in_vivo,RamosIbeas2019,,Preimplant (D5-11),7.822601,5.4507446
SLX_13261.i705_i504,preimplantation,pooled,GSE112380,in_vivo,in_vivo,RamosIbeas2019,,Preimplant (D5-11),7.837364,4.3391795
SLX_13261.i706_i504,preimplantation,pooled,GSE112380,in_vivo,in_vivo,RamosIbeas2019,,Preimplant (D5-11),7.777979,4.3610435
SLX_13261.i704_i503,preimplantation,pooled,GSE112380,in_vivo,in_vivo,RamosIbeas2019,,Preimplant (D5-11),7.864635,4.223942
SLX_13261.i705_i503,preimplantation,pooled,GSE112380,in_vivo,in_vivo,RamosIbeas2019,,Preimplant (D5-11),7.7024856,4.5453243
SLX_13254.i707_i503,preimplantation,pooled,GSE112380,in_vivo,in_vivo,RamosIbeas2019,,Preimplant (D5-11),7.2543163,6.395944
SLX_13257.i705_i506,preimplantation,pooled,GSE112380,in_vivo,in_vivo,RamosIbeas2019,,Preimplant (D5-11),2.8863933,4.7780166
SLX_13254.i705_i503,preimplantation,pooled,GSE112380,in_vivo,in_vivo,RamosIbeas2019,,Preimplant (D5-11),7.631919,6.5568557
SLX_13260.i711_i503,preimplantation,pooled,GSE112380,in_vivo,in_vivo,RamosIbeas2019,,Preimplant (D5-11),7.4307995,6.5798483
SLX_13255.i712_i505,preimplantation,pooled,GSE112380,in_vivo,in_vivo,RamosIbeas2019,,Preimplant (D5-11),7.586083,6.6754537
SLX_13256.i701_i502,preimplantation,pooled,GSE112380,in_vivo,in_vivo,RamosIbeas2019,,Preimplant (D5-11),7.7260528,6.775672
SLX_13254.i704_i503,preimplantation,pooled,GSE112380,in_vivo,in_vivo,RamosIbeas2019,,Preimplant (D5-11),7.3479133,6.5672946
SLX_13254.i705_i517,preimplantation,pooled,GSE112380,in_vivo,in_vivo,RamosIbeas2019,,Preimplant (D5-11),7.4719005,6.6128535
SLX_13254.i706_i517,preimplantation,pooled,GSE112380,in_vivo,in_vivo,RamosIbeas2019,,Preimplant (D5-11),7.571496,6.7599206
SLX_13256.i706_i502,preimplantation,pooled,GSE112380,in_vivo,in_vivo,RamosIbeas2019,,Preimplant (D5-11),7.3321157,6.201596
SLX_13259.i711_i506,preimplantation,pooled,GSE112380,in_vivo,in_vivo,RamosIbeas2019,,Preimplant (D5-11),7.744515,6.505002
SLX_13261.i702_i502,preimplantation,pooled,GSE112380,in_vivo,in_vivo,RamosIbeas2019,,Preimplant (D5-11),7.36912,6.4586987
SLX_13260.i709_i503,preimplantation,pooled,GSE112380,in_vivo,in_vivo,RamosIbeas2019,,Preimplant (D5-11),7.8309264,6.687406
SLX_13258.i709_i502,preimplantation,pooled,GSE112380,in_vivo,in_vivo,RamosIbeas2019,,Preimplant (D5-11),7.96338,6.722266
SLX_13261.i705_i502,preimplantation,pooled,GSE112380,in_vivo,in_vivo,RamosIbeas2019,,Preimplant (D5-11),8.010993,6.346715
SLX_13255.i704_i506,preimplantation,pooled,GSE112380,in_vivo,in_vivo,RamosIbeas2019,,Preimplant (D5-11),7.968131,6.2523894
SLX_13258.i707_i502,preimplantation,pooled,GSE112380,in_vivo,in_vivo,RamosIbeas2019,,Preimplant (D5-11),7.822067,6.3020034
SLX_13259.i709_i506,preimplantation,pooled,GSE112380,in_vivo,in_vivo,RamosIbeas2019,,Preimplant (D5-11),7.862142,6.5059695
SLX_13260.i701_i504,preimplantation,pooled,GSE112380,in_vivo,in_vivo,RamosIbeas2019,,Preimplant (D5-11),7.9182816,6.689122
SLX_13257.i703_i506,preimplantation,pooled,GSE112380,in_vivo,in_vivo,RamosIbeas2019,,Preimplant (D5-11),7.8095345,6.439641
SLX_13258.i710_i502,preimplantation,pooled,GSE112380,in_vivo,in_vivo,RamosIbeas2019,,Preimplant (D5-11),7.8854265,6.5149183
SLX_13261.i710_i507,preimplantation,pooled,GSE112380,in_vivo,in_vivo,RamosIbeas2019,,Preimplant (D5-11),7.8852663,6.4310975
SLX_13255.i707_i506,preimplantation,pooled,GSE112380,in_vivo,in_vivo,RamosIbeas2019,,Preimplant (D5-11),7.904276,6.7184243
SLX_13259.i712_i506,preimplantation,pooled,GSE112380,in_vivo,in_vivo,RamosIbeas2019,,Preimplant (D5-11),7.9396243,6.526941
SLX_13258.i705_i502,preimplantation,pooled,GSE112380,in_vivo,in_vivo,RamosIbeas2019,,Preimplant (D5-11),5.213162,6.425717
SLX_13259.i707_i506,preimplantation,pooled,GSE112380,in_vivo,in_vivo,RamosIbeas2019,,Preimplant (D5-11),5.069169,6.6503806
SLX_13259.i708_i506,preimplantation,pooled,GSE112380,in_vivo,in_vivo,RamosIbeas2019,,Preimplant (D5-11),5.4771147,6.315957
SLX_13254.i708_i517,preimplantation,pooled,GSE112380,in_vivo,in_vivo,RamosIbeas2019,,Preimplant (D5-11),4.807227,5.3761573
SLX_13254.i706_i503,preimplantation,pooled,GSE112380,in_vivo,in_vivo,RamosIbeas2019,,Preimplant (D5-11),5.226231,6.1840715
SLX_13255.i702_i506,preimplantation,pooled,GSE112380,in_vivo,in_vivo,RamosIbeas2019,,Preimplant (D5-11),5.081249,5.847667
SLX_13256.i703_i502,preimplantation,pooled,GSE112380,in_vivo,in_vivo,RamosIbeas2019,,Preimplant (D5-11),5.9112444,6.097191
SLX_13261.i709_i507,preimplantation,pooled,GSE112380,in_vivo,in_vivo,RamosIbeas2019,,Preimplant (D5-11),5.131758,6.615744
SLX_13255.i701_i506,preimplantation,pooled,GSE112380,in_vivo,in_vivo,RamosIbeas2019,,Preimplant (D5-11),5.190957,6.3087215
SLX_13257.i704_i506,preimplantation,pooled,GSE112380,in_vivo,in_vivo,RamosIbeas2019,,Preimplant (D5-11),4.9205155,5.647853
SLX_13258.i706_i502,preimplantation,pooled,GSE112380,in_vivo,in_vivo,RamosIbeas2019,,Preimplant (D5-11),5.208538,5.970548
SLX_13261.i711_i507,preimplantation,pooled,GSE112380,in_vivo,in_vivo,RamosIbeas2019,,Preimplant (D5-11),5.5545774,6.491623
SLX_13261.i712_i507,preimplantation,pooled,GSE112380,in_vivo,in_vivo,RamosIbeas2019,,Preimplant (D5-11),5.3125777,8.106092
SLX_13257.i707_i506,preimplantation,pooled,GSE112380,in_vivo,in_vivo,RamosIbeas2019,,Preimplant (D5-11),4.7141886,6.886292
SLX_13255.i703_i506,preimplantation,pooled,GSE112380,in_vivo,in_vivo,RamosIbeas2019,,Preimplant (D5-11),5.5585,8.121852
SLX_13261.i704_i502,preimplantation,pooled,GSE112380,in_vivo,in_vivo,RamosIbeas2019,,Preimplant (D5-11),5.2576194,7.796188
SLX_13258.i708_i502,preimplantation,pooled,GSE112380,in_vivo,in_vivo,RamosIbeas2019,,Preimplant (D5-11),4.799621,6.810296
SLX_13259.i710_i506,preimplantation,pooled,GSE112380,in_vivo,in_vivo,RamosIbeas2019,,Preimplant (D5-11),5.356786,6.223975
SLX_13260.i712_i503,preimplantation,pooled,GSE112380,in_vivo,in_vivo,RamosIbeas2019,,Preimplant (D5-11),5.4458785,6.20673
SLX_13260.i710_i503,preimplantation,pooled,GSE112380,in_vivo,in_vivo,RamosIbeas2019,,Preimplant (D5-11),4.961099,5.745764
SLX_13255.i705_i506,preimplantation,pooled,GSE112380,in_vivo,in_vivo,RamosIbeas2019,,Preimplant (D5-11),5.3905206,7.9407706
SLX_13257.i708_i506,preimplantation,pooled,GSE112380,in_vivo,in_vivo,RamosIbeas2019,,Preimplant (D5-11),4.9142814,7.12977
SLX_13255.i706_i506,preimplantation,pooled,GSE112380,in_vivo,in_vivo,RamosIbeas2019,,Preimplant (D5-11),5.092817,7.5759897
SLX_13256.i707_i502,preimplantation,pooled,GSE112380,in_vivo,in_vivo,RamosIbeas2019,,Preimplant (D5-11),5.3509755,7.9139833
SLX_13258.i711_i502,preimplantation,pooled,GSE112380,in_vivo,in_vivo,RamosIbeas2019,,Preimplant (D5-11),5.3345456,7.8823934
SLX_13259.i701_i507,preimplantation,pooled,GSE112380,in_vivo,in_vivo,RamosIbeas2019,,Preimplant (D5-11),5.4295263,7.9121785
SLX_13260.i703_i504,preimplantation,pooled,GSE112380,in_vivo,in_vivo,RamosIbeas2019,,Preimplant (D5-11),4.74975,6.899456
SLX_13261.i706_i503,preimplantation,pooled,GSE112380,in_vivo,in_vivo,RamosIbeas2019,,Preimplant (D5-11),5.62703,5.9270926
SLX_13257.i701_i507,preimplantation,pooled,GSE112380,in_vivo,in_vivo,RamosIbeas2019,,Preimplant (D5-11),-1.0824202,1.5740991
SLX_13260.i710_i504,preimplantation,pooled,GSE112380,in_vivo,in_vivo,RamosIbeas2019,,Preimplant (D5-11),-1.5209386,0.6083352
SLX_13255.i702_i507,preimplantation,pooled,GSE112380,in_vivo,in_vivo,RamosIbeas2019,,Preimplant (D5-11),-1.3021393,1.1439693
SLX_13256.i703_i503,preimplantation,pooled,GSE112380,in_vivo,in_vivo,RamosIbeas2019,,Preimplant (D5-11),-0.14775637,2.0781603
SLX_13257.i705_i507,preimplantation,pooled,GSE112380,in_vivo,in_vivo,RamosIbeas2019,,Preimplant (D5-11),-0.3793345,1.8519976
SLX_13258.i708_i503,preimplantation,pooled,GSE112380,in_vivo,in_vivo,RamosIbeas2019,,Preimplant (D5-11),-1.1911138,1.4089332
SLX_13260.i712_i504,preimplantation,pooled,GSE112380,in_vivo,in_vivo,RamosIbeas2019,,Preimplant (D5-11),-0.9991906,1.5395936
SLX_13254.i712_i503,preimplantation,pooled,GSE112380,in_vivo,in_vivo,RamosIbeas2019,,Preimplant (D5-11),-1.1047825,1.4620552
SLX_13261.i704_i507,preimplantation,pooled,GSE112380,in_vivo,in_vivo,RamosIbeas2019,,Preimplant (D5-11),-1.0716702,1.6068192
SLX_13259.i709_i507,preimplantation,pooled,GSE112380,in_vivo,in_vivo,RamosIbeas2019,,Preimplant (D5-11),-0.8166618,1.6376045
SLX_13260.i711_i504,preimplantation,pooled,GSE112380,in_vivo,in_vivo,RamosIbeas2019,,Preimplant (D5-11),-1.1641184,1.5038701
SLX_13254.i711_i503,preimplantation,pooled,GSE112380,in_vivo,in_vivo,RamosIbeas2019,,Preimplant (D5-11),-1.1377504,1.4787616
SLX_13255.i703_i507,preimplantation,pooled,GSE112380,in_vivo,in_vivo,RamosIbeas2019,,Preimplant (D5-11),-1.069655,1.4488238
SLX_13256.i704_i503,preimplantation,pooled,GSE112380,in_vivo,in_vivo,RamosIbeas2019,,Preimplant (D5-11),-1.1519532,1.5530604
SLX_13257.i706_i507,preimplantation,pooled,GSE112380,in_vivo,in_vivo,RamosIbeas2019,,Preimplant (D5-11),-1.0372264,1.4686338
SLX_13261.i704_i506,preimplantation,pooled,GSE112380,in_vivo,in_vivo,RamosIbeas2019,,Preimplant (D5-11),-0.9110115,1.389587
SLX_13254.i709_i503,preimplantation,pooled,GSE112380,in_vivo,in_vivo,RamosIbeas2019,,Preimplant (D5-11),-1.3507477,0.5890872
SLX_13257.i702_i507,preimplantation,pooled,GSE112380,in_vivo,in_vivo,RamosIbeas2019,,Preimplant (D5-11),-1.3991901,0.8094691
SLX_13257.i704_i507,preimplantation,pooled,GSE112380,in_vivo,in_vivo,RamosIbeas2019,,Preimplant (D5-11),-1.3586535,0.9429593
SLX_13258.i703_i503,preimplantation,pooled,GSE112380,in_vivo,in_vivo,RamosIbeas2019,,Preimplant (D5-11),-1.3764081,0.83438873
SLX_13258.i704_i503,preimplantation,pooled,GSE112380,in_vivo,in_vivo,RamosIbeas2019,,Preimplant (D5-11),-1.3665415,0.7941207
SLX_13258.i706_i503,preimplantation,pooled,GSE112380,in_vivo,in_vivo,RamosIbeas2019,,Preimplant (D5-11),-1.4706339,0.8315588
SLX_13259.i708_i507,preimplantation,pooled,GSE112380,in_vivo,in_vivo,RamosIbeas2019,,Preimplant (D5-11),-1.4854826,1.0571777
SLX_13260.i709_i504,preimplantation,pooled,GSE112380,in_vivo,in_vivo,RamosIbeas2019,,Preimplant (D5-11),-1.5103083,0.6422998
SLX_13261.i703_i508,preimplantation,pooled,GSE112380,in_vivo,in_vivo,RamosIbeas2019,,Preimplant (D5-11),-1.3772398,1.1786536
SLX_13256.i705_i503,preimplantation,pooled,GSE112380,in_vivo,in_vivo,RamosIbeas2019,,Preimplant (D5-11),0.9193739,9.225571
SLX_13257.i711_i506,preimplantation,pooled,GSE112380,in_vivo,in_vivo,RamosIbeas2019,,Preimplant (D5-11),1.1027704,9.074024
SLX_13258.i701_i503,preimplantation,pooled,GSE112380,in_vivo,in_vivo,RamosIbeas2019,,Preimplant (D5-11),0.960329,9.289409
SLX_13259.i703_i507,preimplantation,pooled,GSE112380,in_vivo,in_vivo,RamosIbeas2019,,Preimplant (D5-11),1.4077973,8.75906
SLX_13260.i705_i504,preimplantation,pooled,GSE112380,in_vivo,in_vivo,RamosIbeas2019,,Preimplant (D5-11),1.2705117,8.956383
SLX_13259.i702_i507,preimplantation,pooled,GSE112380,in_vivo,in_vivo,RamosIbeas2019,,Preimplant (D5-11),1.4935628,8.660974
SLX_13255.i709_i506,preimplantation,pooled,GSE112380,in_vivo,in_vivo,RamosIbeas2019,,Preimplant (D5-11),1.4281512,8.73415
SLX_13256.i710_i502,preimplantation,pooled,GSE112380,in_vivo,in_vivo,RamosIbeas2019,,Preimplant (D5-11),1.2493509,8.99452
SLX_13255.i702_i508,preimplantation,pooled,GSE112380,in_vivo,in_vivo,RamosIbeas2019,,Preimplant (D5-11),1.1196225,9.09725
SLX_13258.i712_i502,preimplantation,pooled,GSE112380,in_vivo,in_vivo,RamosIbeas2019,,Preimplant (D5-11),1.0189344,9.268992
SLX_13254.i710_i517,preimplantation,pooled,GSE112380,in_vivo,in_vivo,RamosIbeas2019,,Preimplant (D5-11),0.9758876,9.287311
SLX_13260.i704_i504,preimplantation,pooled,GSE112380,in_vivo,in_vivo,RamosIbeas2019,,Preimplant (D5-11),1.0334986,9.146555
SLX_13256.i708_i502,preimplantation,pooled,GSE112380,in_vivo,in_vivo,RamosIbeas2019,,Preimplant (D5-11),0.87521106,9.258485
SLX_13255.i708_i506,preimplantation,pooled,GSE112380,in_vivo,in_vivo,RamosIbeas2019,,Preimplant (D5-11),1.4144914,8.80334
SLX_13256.i709_i502,preimplantation,pooled,GSE112380,in_vivo,in_vivo,RamosIbeas2019,,Preimplant (D5-11),0.6456032,9.155425
SLX_13260.i706_i504,preimplantation,pooled,GSE112380,in_vivo,in_vivo,RamosIbeas2019,,Preimplant (D5-11),1.36,8.240502
SLX_13255.i710_i506,preimplantation,pooled,GSE112380,in_vivo,in_vivo,RamosIbeas2019,,Preimplant (D5-11),1.2680675,8.665501
SLX_13256.i711_i502,preimplantation,pooled,GSE112380,in_vivo,in_vivo,RamosIbeas2019,,Preimplant (D5-11),1.248116,8.664892
SLX_13254.i711_i517,preimplantation,pooled,GSE112380,in_vivo,in_vivo,RamosIbeas2019,,Preimplant (D5-11),1.2615844,8.915805
SLX_13255.i711_i506,preimplantation,pooled,GSE112380,in_vivo,in_vivo,RamosIbeas2019,,Preimplant (D5-11),0.8008227,9.189795
SLX_13256.i712_i502,preimplantation,pooled,GSE112380,in_vivo,in_vivo,RamosIbeas2019,,Preimplant (D5-11),1.1145889,9.130858
SLX_13259.i706_i507,preimplantation,pooled,GSE112380,in_vivo,in_vivo,RamosIbeas2019,,Preimplant (D5-11),1.4803969,8.700711
SLX_13260.i708_i504,preimplantation,pooled,GSE112380,in_vivo,in_vivo,RamosIbeas2019,,Preimplant (D5-11),1.3392044,8.858644
SLX_13254.i708_i503,preimplantation,pooled,GSE112380,in_vivo,in_vivo,RamosIbeas2019,,Preimplant (D5-11),1.3285642,8.838769
SLX_13255.i712_i506,preimplantation,pooled,GSE112380,in_vivo,in_vivo,RamosIbeas2019,,Preimplant (D5-11),1.209022,8.870085
SLX_13256.i701_i503,preimplantation,pooled,GSE112380,in_vivo,in_vivo,RamosIbeas2019,,Preimplant (D5-11),1.4124453,8.539212
SLX_13257.i703_i507,preimplantation,pooled,GSE112380,in_vivo,in_vivo,RamosIbeas2019,,Preimplant (D5-11),1.2694898,8.915291
SLX_13260.i705_i503,preimplantation,pooled,GSE112380,in_vivo,in_vivo,RamosIbeas2019,,Preimplant (D5-11),1.4257817,8.762089
SLX_13259.i707_i507,preimplantation,pooled,GSE112380,in_vivo,in_vivo,RamosIbeas2019,,Preimplant (D5-11),1.5401173,8.631579
SLX_13255.i701_i507,preimplantation,pooled,GSE112380,in_vivo,in_vivo,RamosIbeas2019,,Preimplant (D5-11),0.7832018,9.335366
SLX_13254.i712_i517,preimplantation,pooled,GSE112380,in_vivo,in_vivo,RamosIbeas2019,,Preimplant (D5-11),1.4316047,8.734355
SLX_13259.i705_i507,preimplantation,pooled,GSE112380,in_vivo,in_vivo,RamosIbeas2019,,Preimplant (D5-11),1.5267662,8.618179
SLX_13260.i707_i504,preimplantation,pooled,GSE112380,in_vivo,in_vivo,RamosIbeas2019,,Preimplant (D5-11),1.5362291,8.5425625
SLX_13255.i704_i508,preimplantation,pooled,GSE112380,in_vivo,in_vivo,RamosIbeas2019,,Preimplant (D5-11),0.796774,9.166474
SLX_13255.i705_i508,preimplantation,pooled,GSE112380,in_vivo,in_vivo,RamosIbeas2019,,Preimplant (D5-11),1.0293391,9.226957
SLX_13256.i702_i503,preimplantation,pooled,GSE112380,in_vivo,in_vivo,RamosIbeas2019,,Preimplant (D5-11),1.4974649,8.605919
SLX_13258.i709_i503,preimplantation,pooled,GSE112380,in_vivo,in_vivo,RamosIbeas2019,,Preimplant (D5-11),-4.42312,0.55949193
SLX_13259.i711_i507,preimplantation,pooled,GSE112380,in_vivo,in_vivo,RamosIbeas2019,,Preimplant (D5-11),-4.030973,0.92563796
SLX_13260.i701_i505,preimplantation,pooled,GSE112380,in_vivo,in_vivo,RamosIbeas2019,,Preimplant (D5-11),-3.8717775,1.0837504
SLX_13256.i708_i503,preimplantation,pooled,GSE112380,in_vivo,in_vivo,RamosIbeas2019,,Preimplant (D5-11),-3.8805645,0.90961486
SLX_13256.i706_i503,preimplantation,pooled,GSE112380,in_vivo,in_vivo,RamosIbeas2019,,Preimplant (D5-11),-4.4106193,0.7588808
SLX_13257.i708_i507,preimplantation,pooled,GSE112380,in_vivo,in_vivo,RamosIbeas2019,,Preimplant (D5-11),-4.136098,0.9293793
SLX_13258.i710_i503,preimplantation,pooled,GSE112380,in_vivo,in_vivo,RamosIbeas2019,,Preimplant (D5-11),-4.4818687,0.85659564
SLX_13259.i712_i507,preimplantation,pooled,GSE112380,in_vivo,in_vivo,RamosIbeas2019,,Preimplant (D5-11),-4.5251813,0.81552446
SLX_13260.i702_i505,preimplantation,pooled,GSE112380,in_vivo,in_vivo,RamosIbeas2019,,Preimplant (D5-11),-4.1852417,0.84000933
SLX_13257.i707_i507,preimplantation,pooled,GSE112380,in_vivo,in_vivo,RamosIbeas2019,,Preimplant (D5-11),-4.060957,0.9218094
SLX_13255.i706_i507,preimplantation,pooled,GSE112380,in_vivo,in_vivo,RamosIbeas2019,,Preimplant (D5-11),-4.100991,0.91519743
SLX_13256.i707_i503,preimplantation,pooled,GSE112380,in_vivo,in_vivo,RamosIbeas2019,,Preimplant (D5-11),-4.614839,0.7841436
SLX_13261.i707_i508,preimplantation,pooled,GSE112380,in_vivo,in_vivo,RamosIbeas2019,,Preimplant (D5-11),-4.4582367,0.47409323
SLX_13257.i709_i507,preimplantation,pooled,GSE112380,in_vivo,in_vivo,RamosIbeas2019,,Preimplant (D5-11),-0.5614269,2.4834924
SLX_13257.i710_i507,preimplantation,pooled,GSE112380,in_vivo,in_vivo,RamosIbeas2019,,Preimplant (D5-11),-4.860974,0.7436317
SLX_13254.i703_i502,preimplantation,pooled,GSE112380,in_vivo,in_vivo,RamosIbeas2019,,Preimplant (D5-11),-4.6342144,0.8949045
SLX_13254.i704_i502,preimplantation,pooled,GSE112380,in_vivo,in_vivo,RamosIbeas2019,,Preimplant (D5-11),-4.8725085,0.895966
SLX_13258.i712_i503,preimplantation,pooled,GSE112380,in_vivo,in_vivo,RamosIbeas2019,,Preimplant (D5-11),-4.4616895,0.95019794
SLX_13255.i708_i507,preimplantation,pooled,GSE112380,in_vivo,in_vivo,RamosIbeas2019,,Preimplant (D5-11),-4.058389,1.0239629
SLX_13256.i709_i503,preimplantation,pooled,GSE112380,in_vivo,in_vivo,RamosIbeas2019,,Preimplant (D5-11),-2.3021817,1.5298785
SLX_13258.i701_i504,preimplantation,pooled,GSE112380,in_vivo,in_vivo,RamosIbeas2019,,Preimplant (D5-11),-4.597977,0.958901
SLX_13259.i702_i508,preimplantation,pooled,GSE112380,in_vivo,in_vivo,RamosIbeas2019,,Preimplant (D5-11),-4.8164043,0.7740367
SLX_13255.i709_i507,preimplantation,pooled,GSE112380,in_vivo,in_vivo,RamosIbeas2019,,Preimplant (D5-11),-4.670879,0.85709053
SLX_13256.i710_i503,preimplantation,pooled,GSE112380,in_vivo,in_vivo,RamosIbeas2019,,Preimplant (D5-11),-4.7216125,0.9137188
SLX_13261.i709_i508,preimplantation,pooled,GSE112380,in_vivo,in_vivo,RamosIbeas2019,,Preimplant (D5-11),-4.5139337,0.6439741
SLX_13254.i701_i504,preimplantation,pooled,GSE112380,in_vivo,in_vivo,RamosIbeas2019,,Preimplant (D5-11),-3.5502682,1.1855657
SLX_13255.i707_i507,preimplantation,pooled,GSE112380,in_vivo,in_vivo,RamosIbeas2019,,Preimplant (D5-11),-3.5397933,1.2609634
SLX_13261.i708_i508,preimplantation,pooled,GSE112380,in_vivo,in_vivo,RamosIbeas2019,,Preimplant (D5-11),-3.1518838,1.4492397
SLX_13260.i703_i505,preimplantation,pooled,GSE112380,in_vivo,in_vivo,RamosIbeas2019,,Preimplant (D5-11),-3.0621657,1.5183094
SLX_13256.i711_i503,preimplantation,pooled,GSE112380,in_vivo,in_vivo,RamosIbeas2019,,Preimplant (D5-11),-4.4740405,0.65594214
SLX_13257.i701_i508,preimplantation,pooled,GSE112380,in_vivo,in_vivo,RamosIbeas2019,,Preimplant (D5-11),-5.0303054,0.76377594
SLX_13258.i703_i504,preimplantation,pooled,GSE112380,in_vivo,in_vivo,RamosIbeas2019,,Preimplant (D5-11),-4.757091,0.8861806
SLX_13259.i705_i508,preimplantation,pooled,GSE112380,in_vivo,in_vivo,RamosIbeas2019,,Preimplant (D5-11),-4.3793635,0.77203476
SLX_13260.i707_i505,preimplantation,pooled,GSE112380,in_vivo,in_vivo,RamosIbeas2019,,Preimplant (D5-11),-4.38207,0.72466934
SLX_13254.i703_i504,preimplantation,pooled,GSE112380,in_vivo,in_vivo,RamosIbeas2019,,Preimplant (D5-11),-4.8632407,0.95351905
SLX_13255.i711_i507,preimplantation,pooled,GSE112380,in_vivo,in_vivo,RamosIbeas2019,,Preimplant (D5-11),-4.4968038,0.994937
SLX_13256.i712_i503,preimplantation,pooled,GSE112380,in_vivo,in_vivo,RamosIbeas2019,,Preimplant (D5-11),-4.3251257,0.8795223
SLX_13257.i702_i508,preimplantation,pooled,GSE112380,in_vivo,in_vivo,RamosIbeas2019,,Preimplant (D5-11),-4.946654,0.8647236
SLX_13258.i704_i504,preimplantation,pooled,GSE112380,in_vivo,in_vivo,RamosIbeas2019,,Preimplant (D5-11),-4.9697866,0.8215748
SLX_13259.i706_i508,preimplantation,pooled,GSE112380,in_vivo,in_vivo,RamosIbeas2019,,Preimplant (D5-11),-4.7433968,0.95704204
SLX_13260.i708_i505,preimplantation,pooled,GSE112380,in_vivo,in_vivo,RamosIbeas2019,,Preimplant (D5-11),-4.822207,0.9276352
SLX_13254.i704_i504,preimplantation,pooled,GSE112380,in_vivo,in_vivo,RamosIbeas2019,,Preimplant (D5-11),-4.8008046,0.8847295
SLX_13255.i712_i507,preimplantation,pooled,GSE112380,in_vivo,in_vivo,RamosIbeas2019,,Preimplant (D5-11),-4.1724586,1.0265492
SLX_13256.i701_i504,preimplantation,pooled,GSE112380,in_vivo,in_vivo,RamosIbeas2019,,Preimplant (D5-11),-4.8692408,0.8720096
SLX_13257.i703_i508,preimplantation,pooled,GSE112380,in_vivo,in_vivo,RamosIbeas2019,,Preimplant (D5-11),-4.957676,0.8014536
SLX_13258.i705_i504,preimplantation,pooled,GSE112380,in_vivo,in_vivo,RamosIbeas2019,,Preimplant (D5-11),-4.8780613,0.8659633
SLX_13259.i707_i508,preimplantation,pooled,GSE112380,in_vivo,in_vivo,RamosIbeas2019,,Preimplant (D5-11),-4.7798667,0.8605349
SLX_13260.i704_i505,preimplantation,pooled,GSE112380,in_vivo,in_vivo,RamosIbeas2019,,Preimplant (D5-11),-3.5777898,1.3767257
SLX_13258.i711_i503,preimplantation,pooled,GSE112380,in_vivo,in_vivo,RamosIbeas2019,,Preimplant (D5-11),1.8024507,6.7028313
SLX_13259.i701_i508,preimplantation,pooled,GSE112380,in_vivo,in_vivo,RamosIbeas2019,,Preimplant (D5-11),1.9749777,6.4458065
SLX_13254.i701_i502,preimplantation,pooled,GSE112380,in_vivo,in_vivo,RamosIbeas2019,,Preimplant (D5-11),1.7089341,6.70205
SLX_13254.i702_i502,preimplantation,pooled,GSE112380,in_vivo,in_vivo,RamosIbeas2019,,Preimplant (D5-11),1.8082278,6.7096825
SLX_13261.i711_i508,preimplantation,pooled,GSE112380,in_vivo,in_vivo,RamosIbeas2019,,Preimplant (D5-11),-0.64434385,7.9453616
SLX_13261.i712_i508,preimplantation,pooled,GSE112380,in_vivo,in_vivo,RamosIbeas2019,,Preimplant (D5-11),-0.6825815,8.187396
SLX_13257.i712_i507,preimplantation,pooled,GSE112380,in_vivo,in_vivo,RamosIbeas2019,,Preimplant (D5-11),-0.55876,8.006068
SLX_13258.i702_i504,preimplantation,pooled,GSE112380,in_vivo,in_vivo,RamosIbeas2019,,Preimplant (D5-11),-0.41058367,8.172869
SLX_13259.i704_i508,preimplantation,pooled,GSE112380,in_vivo,in_vivo,RamosIbeas2019,,Preimplant (D5-11),-0.6477238,7.957278
SLX_13260.i706_i505,preimplantation,pooled,GSE112380,in_vivo,in_vivo,RamosIbeas2019,,Preimplant (D5-11),-0.19976412,8.024242
SLX_13254.i702_i504,preimplantation,pooled,GSE112380,in_vivo,in_vivo,RamosIbeas2019,,Preimplant (D5-11),-0.45477754,8.040727
SLX_13255.i710_i507,preimplantation,pooled,GSE112380,in_vivo,in_vivo,RamosIbeas2019,,Preimplant (D5-11),1.1753399,7.683159
IVF 1-cell-1,1C,IVF_IVF 1-cell-1,GSE164812,IVF,IVF,Du2021,1-cell-1,1C/MII,4.6092405,9.45231
IVF 1-cell-2,1C,IVF_IVF 1-cell-2,GSE164812,IVF,IVF,Du2021,1-cell-2,1C/MII,4.6117854,9.373332
IVF 1-cell-3,1C,IVF_IVF 1-cell-3,GSE164812,IVF,IVF,Du2021,1-cell-3,1C/MII,4.628237,9.407536
IVF 2-cell-1-1,2C,IVF_IVF 2-cell-1-1,GSE164812,IVF,IVF,Du2021,2-cell-1-1,2C,4.5213604,9.590288
IVF 2-cell-1-2,2C,IVF_IVF 2-cell-1-2,GSE164812,IVF,IVF,Du2021,2-cell-1-2,2C,4.659455,9.460106
IVF 2-cell-2-1,2C,IVF_IVF 2-cell-2-1,GSE164812,IVF,IVF,Du2021,2-cell-2-1,2C,4.363706,9.935141
IVF 2-cell-2-2,2C,IVF_IVF 2-cell-2-2,GSE164812,IVF,IVF,Du2021,2-cell-2-2,2C,4.619725,9.484475
IVF 2-cell-3-1,2C,IVF_IVF 2-cell-3-1,GSE164812,IVF,IVF,Du2021,2-cell-3-1,2C,4.617906,9.416629
IVF 2-cell-3-2,2C,IVF_IVF 2-cell-3-2,GSE164812,IVF,IVF,Du2021,2-cell-3-2,2C,4.6865325,9.471602
IVF 4-cell-1-1,4C,IVF_IVF 4-cell-1-1,GSE164812,IVF,IVF,Du2021,4-cell-1-1,4C,3.675511,10.729884
IVF 4-cell-1-2,4C,IVF_IVF 4-cell-1-2,GSE164812,IVF,IVF,Du2021,4-cell-1-2,4C,4.332701,9.775686
IVF 4-cell-1-4,4C,IVF_IVF 4-cell-1-4,GSE164812,IVF,IVF,Du2021,4-cell-1-4,4C,4.0502563,10.096198
IVF 4-cell-2-2,4C,IVF_IVF 4-cell-2-2,GSE164812,IVF,IVF,Du2021,4-cell-2-2,4C,3.3702354,11.789148
IVF 4-cell-2-3,4C,IVF_IVF 4-cell-2-3,GSE164812,IVF,IVF,Du2021,4-cell-2-3,4C,3.5688117,11.297962
IVF 4-cell-3-1,4C,IVF_IVF 4-cell-3-1,GSE164812,IVF,IVF,Du2021,4-cell-3-1,4C,3.3719661,11.606599
IVF 4-cell-3-2,4C,IVF_IVF 4-cell-3-2,GSE164812,IVF,IVF,Du2021,4-cell-3-2,4C,3.7299333,10.797054
IVF 4-cell-3-3,4C,IVF_IVF 4-cell-3-3,GSE164812,IVF,IVF,Du2021,4-cell-3-3,4C,4.3044806,9.874649
IVF 4-cell-3-4,4C,IVF_IVF 4-cell-3-4,GSE164812,IVF,IVF,Du2021,4-cell-3-4,4C,3.4141388,11.513005
IVF 8-cell-1-1,8C,IVF_IVF 8-cell-1-1,GSE164812,IVF,IVF,Du2021,8-cell-1-1,8C,3.408432,11.762269
IVF 8-cell-1-2,8C,IVF_IVF 8-cell-1-2,GSE164812,IVF,IVF,Du2021,8-cell-1-2,8C,3.3666654,11.86574
IVF 8-cell-1-3,8C,IVF_IVF 8-cell-1-3,GSE164812,IVF,IVF,Du2021,8-cell-1-3,8C,3.3789628,11.745904
PA 1-cell-1,1C,PA_PA 1-cell-1,GSE164812,PA,PA,Du2021,1-cell-1,1C/MII,4.6796145,9.515434
PA 1-cell-2,1C,PA_PA 1-cell-2,GSE164812,PA,PA,Du2021,1-cell-2,1C/MII,4.6840634,9.465995
PA 1-cell-3,1C,PA_PA 1-cell-3,GSE164812,PA,PA,Du2021,1-cell-3,1C/MII,4.616873,9.430962
PA 2-cell-1-1,2C,PA_PA 2-cell-1-1,GSE164812,PA,PA,Du2021,2-cell-1-1,2C,4.303561,9.870425
PA 2-cell-1-2,2C,PA_PA 2-cell-1-2,GSE164812,PA,PA,Du2021,2-cell-1-2,2C,4.304547,9.828881
PA 2-cell-2-1,2C,PA_PA 2-cell-2-1,GSE164812,PA,PA,Du2021,2-cell-2-1,2C,4.3724627,9.813921
PA 2-cell-2-2,2C,PA_PA 2-cell-2-2,GSE164812,PA,PA,Du2021,2-cell-2-2,2C,4.270721,9.936429
PA 2-cell-3-1,2C,PA_PA 2-cell-3-1,GSE164812,PA,PA,Du2021,2-cell-3-1,2C,4.287018,10.052515
PA 2-cell-3-2,2C,PA_PA 2-cell-3-2,GSE164812,PA,PA,Du2021,2-cell-3-2,2C,4.2123103,9.986486
PA 4-cell-1-3,4C,PA_PA 4-cell-1-3,GSE164812,PA,PA,Du2021,4-cell-1-3,4C,3.6341424,11.155757
PA 4-cell-1-4,4C,PA_PA 4-cell-1-4,GSE164812,PA,PA,Du2021,4-cell-1-4,4C,4.387626,9.956099
PA 4-cell-2-1,4C,PA_PA 4-cell-2-1,GSE164812,PA,PA,Du2021,4-cell-2-1,4C,4.3511367,9.900177
PA 4-cell-2-2,4C,PA_PA 4-cell-2-2,GSE164812,PA,PA,Du2021,4-cell-2-2,4C,3.5893414,11.149078
PA 4-cell-2-3,4C,PA_PA 4-cell-2-3,GSE164812,PA,PA,Du2021,4-cell-2-3,4C,3.5661666,11.079056
PA 4-cell-2-4,4C,PA_PA 4-cell-2-4,GSE164812,PA,PA,Du2021,4-cell-2-4,4C,3.5958114,11.230633
PA 4-cell-3-1,4C,PA_PA 4-cell-3-1,GSE164812,PA,PA,Du2021,4-cell-3-1,4C,3.6742218,11.112482
PA 4-cell-3-4,4C,PA_PA 4-cell-3-4,GSE164812,PA,PA,Du2021,4-cell-3-4,4C,3.6668885,11.075402
PA 8-cell-1-1,8C,PA_PA 8-cell-1-1,GSE164812,PA,PA,Du2021,8-cell-1-1,8C,3.3452926,11.688651
PA 8-cell-1-2,8C,PA_PA 8-cell-1-2,GSE164812,PA,PA,Du2021,8-cell-1-2,8C,3.2747831,11.718164
PA 8-cell-1-4,8C,PA_PA 8-cell-1-4,GSE164812,PA,PA,Du2021,8-cell-1-4,8C,3.4314792,11.84362
GV1,GV,donor_1,GSE160334,in_vivo,in_vivo,Du2021,,Oocyte,4.2197804,9.909607
GV2,GV,donor_2,GSE160334,in_vivo,in_vivo,Du2021,,Oocyte,4.1092043,9.953651
GV3,GV,donor_3,GSE160334,in_vivo,in_vivo,Du2021,,Oocyte,4.0923915,10.033934
MII1,MII,donor_1,GSE160334,in_vivo,in_vivo,Du2021,,1C/MII,4.010624,10.226712
MII2,MII,donor_2,GSE160334,in_vivo,in_vivo,Du2021,,1C/MII,3.9427304,10.27393
MII3,MII,donor_3,GSE160334,in_vivo,in_vivo,Du2021,,1C/MII,3.9369457,10.297545
Oo_2,Oocyte,donor_Oo,GSE139512,in_vivo,in_vivo,Kong2019,,Oocyte,15.539614,6.665299
Oo_4,Oocyte,donor_Oo,GSE139512,in_vivo,in_vivo,Kong2019,,Oocyte,15.6220045,6.74553
1-cell_1,1C,donor_1-cell,GSE139512,in_vivo,in_vivo,Kong2019,,1C/MII,15.514864,6.6397576
1-cell_2,1C,donor_1-cell,GSE139512,in_vivo,in_vivo,Kong2019,,1C/MII,15.533778,6.6589584
1-cell_3,1C,donor_1-cell,GSE139512,in_vivo,in_vivo,Kong2019,,1C/MII,15.592865,6.7185607
2-cell_1,2C,donor_2-cell,GSE139512,in_vivo,in_vivo,Kong2019,,2C,15.608779,6.733983
2-cell_1_2,2C,donor_2-cell,GSE139512,in_vivo,in_vivo,Kong2019,,2C,15.647168,6.772546
2-cell_3_1,2C,donor_2-cell,GSE139512,in_vivo,in_vivo,Kong2019,,2C,15.6089525,6.734137
2-cell_3_2,2C,donor_2-cell,GSE139512,in_vivo,in_vivo,Kong2019,,2C,15.645796,6.7707925
2-cell_5_1,2C,donor_2-cell,GSE139512,in_vivo,in_vivo,Kong2019,,2C,15.588181,6.7131934
2-cell_5_2,2C,donor_2-cell,GSE139512,in_vivo,in_vivo,Kong2019,,2C,15.568268,6.6931667
2-cell_pull,2C,donor_2-cell,GSE139512,in_vivo,in_vivo,Kong2019,,2C,15.62571,6.750606
4-cell-1_1,4C,donor_4-cell-1,GSE139512,in_vivo,in_vivo,Kong2019,,4C,18.59305,10.506356
4-cell-1_2,4C,donor_4-cell-1,GSE139512,in_vivo,in_vivo,Kong2019,,4C,18.61584,10.445143
4-cell-1_3,4C,donor_4-cell-1,GSE139512,in_vivo,in_vivo,Kong2019,,4C,18.653566,10.485255
4-cell-2_3,4C,donor_4-cell-2,GSE139512,in_vivo,in_vivo,Kong2019,,4C,18.590883,10.452819
4-cell-2_4,4C,donor_4-cell-2,GSE139512,in_vivo,in_vivo,Kong2019,,4C,18.742928,10.589844
4-cell-3_1,4C,donor_4-cell-3,GSE139512,in_vivo,in_vivo,Kong2019,,4C,18.633768,10.465609
4-cell-3_2,4C,donor_4-cell-3,GSE139512,in_vivo,in_vivo,Kong2019,,4C,18.587755,10.475034
4-cell-3_3,4C,donor_4-cell-3,GSE139512,in_vivo,in_vivo,Kong2019,,4C,18.600626,10.508933
4-cell-3_4,4C,donor_4-cell-3,GSE139512,in_vivo,in_vivo,Kong2019,,4C,18.661291,10.530231
4-cell-4_1,4C,donor_4-cell-4,GSE139512,in_vivo,in_vivo,Kong2019,,4C,18.5683,10.55753
4-cell-4_2,4C,donor_4-cell-4,GSE139512,in_vivo,in_vivo,Kong2019,,4C,18.580626,10.440208
4-cell-4_3,4C,donor_4-cell-4,GSE139512,in_vivo,in_vivo,Kong2019,,4C,18.698233,10.393097
4-cell-4_4,4C,donor_4-cell-4,GSE139512,in_vivo,in_vivo,Kong2019,,4C,18.611948,10.46496
4-cell-pull,4C,donor_pool,GSE139512,in_vivo,in_vivo,Kong2019,,4C,18.575787,10.443132
8-cell_1_1,8C,donor_8-cell,GSE139512,in_vivo,in_vivo,Kong2019,,8C,3.4804761,12.620171
8-cell_1_2,8C,donor_8-cell,GSE139512,in_vivo,in_vivo,Kong2019,,8C,3.4760323,12.412764
8-cell_1_3,8C,donor_8-cell,GSE139512,in_vivo,in_vivo,Kong2019,,8C,3.3422031,13.030692
8-cell_1_4,8C,donor_8-cell,GSE139512,in_vivo,in_vivo,Kong2019,,8C,3.352662,13.152013
8-cell_1_5,8C,donor_8-cell,GSE139512,in_vivo,in_vivo,Kong2019,,8C,3.4084866,12.898431
8-cell_1_6,8C,donor_8-cell,GSE139512,in_vivo,in_vivo,Kong2019,,8C,3.319229,13.218738
8-cell_1_7,8C,donor_8-cell,GSE139512,in_vivo,in_vivo,Kong2019,,8C,3.338269,13.042658
8-cell_1_8,8C,donor_8-cell,GSE139512,in_vivo,in_vivo,Kong2019,,8C,3.2006567,12.98541
8-cell_2_1,8C,donor_8-cell,GSE139512,in_vivo,in_vivo,Kong2019,,8C,3.2282393,13.193943
8-cell_2_2,8C,donor_8-cell,GSE139512,in_vivo,in_vivo,Kong2019,,8C,3.1530578,13.044189
8-cell_2_3,8C,donor_8-cell,GSE139512,in_vivo,in_vivo,Kong2019,,8C,3.2062995,13.063388
8-cell_2_4,8C,donor_8-cell,GSE139512,in_vivo,in_vivo,Kong2019,,8C,3.2840164,13.016275
8-cell_2_5,8C,donor_8-cell,GSE139512,in_vivo,in_vivo,Kong2019,,8C,3.2037454,13.064614
8-cell_2_6,8C,donor_8-cell,GSE139512,in_vivo,in_vivo,Kong2019,,8C,3.3459713,12.846788
8-cell_2_7,8C,donor_8-cell,GSE139512,in_vivo,in_vivo,Kong2019,,8C,3.25012,12.911475
8-cell_2_8,8C,donor_8-cell,GSE139512,in_vivo,in_vivo,Kong2019,,8C,3.3526738,12.830928
8-cell_3_1,8C,donor_8-cell,GSE139512,in_vivo,in_vivo,Kong2019,,8C,3.3007421,13.074885
8-cell_3_2,8C,donor_8-cell,GSE139512,in_vivo,in_vivo,Kong2019,,8C,3.3055003,13.009986
8-cell_3_3,8C,donor_8-cell,GSE139512,in_vivo,in_vivo,Kong2019,,8C,3.248914,13.190942
8-cell_3_5,8C,donor_8-cell,GSE139512,in_vivo,in_vivo,Kong2019,,8C,3.2197666,13.069811
8-cell_3_6,8C,donor_8-cell,GSE139512,in_vivo,in_vivo,Kong2019,,8C,3.197819,13.097034
8-cell_3_7,8C,donor_8-cell,GSE139512,in_vivo,in_vivo,Kong2019,,8C,3.263405,13.090395
8-cell_3_8,8C,donor_8-cell,GSE139512,in_vivo,in_vivo,Kong2019,,8C,3.1679103,13.121
8-cell_4_1,8C,donor_8-cell,GSE139512,in_vivo,in_vivo,Kong2019,,8C,3.3634741,13.021078
8-cell_4_8,8C,donor_8-cell,GSE139512,in_vivo,in_vivo,Kong2019,,8C,3.252016,13.228414
8-cell_pull,8C,donor_8-cell,GSE139512,in_vivo,in_vivo,Kong2019,,8C,3.3872457,12.91721
M-1_1,Unknown,donor_M-1,GSE139512,in_vivo,in_vivo,Kong2019,,Other (Unknown),4.1103296,11.693827
M-1_2,Unknown,donor_M-1,GSE139512,in_vivo,in_vivo,Kong2019,,Other (Unknown),4.2812514,12.00536
M_1_10,Unknown,donor_M,GSE139512,in_vivo,in_vivo,Kong2019,,Other (Unknown),3.8587089,11.964274
M_1_11,Unknown,donor_M,GSE139512,in_vivo,in_vivo,Kong2019,,Other (Unknown),4.970127,12.070391
M_1_3,Unknown,donor_M,GSE139512,in_vivo,in_vivo,Kong2019,,Other (Unknown),4.6443906,12.064593
M_1_4,Unknown,donor_M,GSE139512,in_vivo,in_vivo,Kong2019,,Other (Unknown),5.035103,12.064501
M_1_6,Unknown,donor_M,GSE139512,in_vivo,in_vivo,Kong2019,,Other (Unknown),5.0256805,12.124473
M_1_7,Unknown,donor_M,GSE139512,in_vivo,in_vivo,Kong2019,,Other (Unknown),4.179991,11.873982
M_1_8,Unknown,donor_M,GSE139512,in_vivo,in_vivo,Kong2019,,Other (Unknown),3.8925471,11.845679
M_1_9,Unknown,donor_M,GSE139512,in_vivo,in_vivo,Kong2019,,Other (Unknown),3.7275589,11.979572
M_2_1,Unknown,donor_M,GSE139512,in_vivo,in_vivo,Kong2019,,Other (Unknown),4.02172,11.950581
M_2_11,Unknown,donor_M,GSE139512,in_vivo,in_vivo,Kong2019,,Other (Unknown),4.8653107,12.085765
M_2_13,Unknown,donor_M,GSE139512,in_vivo,in_vivo,Kong2019,,Other (Unknown),4.7830434,12.086809
M_2_7,Unknown,donor_M,GSE139512,in_vivo,in_vivo,Kong2019,,Other (Unknown),3.911608,11.961379
M_2_8,Unknown,donor_M,GSE139512,in_vivo,in_vivo,Kong2019,,Other (Unknown),4.809215,12.000857
M_3_2,Unknown,donor_M,GSE139512,in_vivo,in_vivo,Kong2019,,Other (Unknown),4.972636,12.093505
M_3_5,Unknown,donor_M,GSE139512,in_vivo,in_vivo,Kong2019,,Other (Unknown),4.9737206,12.103586
M_3_7,Unknown,donor_M,GSE139512,in_vivo,in_vivo,Kong2019,,Other (Unknown),4.93973,12.129184
M_4_10,Unknown,donor_M,GSE139512,in_vivo,in_vivo,Kong2019,,Other (Unknown),3.9652874,11.875226
M_4_11,Unknown,donor_M,GSE139512,in_vivo,in_vivo,Kong2019,,Other (Unknown),3.8842154,11.918632
M_4_12,Unknown,donor_M,GSE139512,in_vivo,in_vivo,Kong2019,,Other (Unknown),3.7701197,11.688866
M_4_13,Unknown,donor_M,GSE139512,in_vivo,in_vivo,Kong2019,,Other (Unknown),3.8116589,11.958496
M_4_14,Unknown,donor_M,GSE139512,in_vivo,in_vivo,Kong2019,,Other (Unknown),3.8598123,11.936424
M_4_15,Unknown,donor_M,GSE139512,in_vivo,in_vivo,Kong2019,,Other (Unknown),2.5943308,3.319569
M_4_16,Unknown,donor_M,GSE139512,in_vivo,in_vivo,Kong2019,,Other (Unknown),3.8680763,11.943669
M_4_2,Unknown,donor_M,GSE139512,in_vivo,in_vivo,Kong2019,,Other (Unknown),5.0274,12.062578
M_4_3,Unknown,donor_M,GSE139512,in_vivo,in_vivo,Kong2019,,Other (Unknown),5.0005054,12.1047535
M_4_4,Unknown,donor_M,GSE139512,in_vivo,in_vivo,Kong2019,,Other (Unknown),4.9792323,12.041855
M_4_6,Unknown,donor_M,GSE139512,in_vivo,in_vivo,Kong2019,,Other (Unknown),4.9395485,12.169108
M_4_7,Unknown,donor_M,GSE139512,in_vivo,in_vivo,Kong2019,,Other (Unknown),5.048776,12.101045
M_pull,Unknown,donor_M,GSE139512,in_vivo,in_vivo,Kong2019,,Other (Unknown),4.722784,12.080356
S_Bla-1,Blastocyst,donor_S,GSE139512,in_vivo,in_vivo,Kong2019,,Blastocyst,5.1409135,11.9489765
S_Bla-2,Blastocyst,donor_S,GSE139512,in_vivo,in_vivo,Kong2019,,Blastocyst,5.0850716,11.929666
ICM-1,Unknown,donor_pool,GSE139512,in_vivo,in_vivo,Kong2019,,Other (Unknown),5.1172166,11.868459
ICM-2,Unknown,donor_pool,GSE139512,in_vivo,in_vivo,Kong2019,,Other (Unknown),5.194361,11.904525
ICM-3,Unknown,donor_pool,GSE139512,in_vivo,in_vivo,Kong2019,,Other (Unknown),5.090174,11.945221
TE-1,Unknown,donor_pool,GSE139512,in_vivo,in_vivo,Kong2019,,Other (Unknown),5.2152314,11.757135
TE-2,Unknown,donor_pool,GSE139512,in_vivo,in_vivo,Kong2019,,Other (Unknown),5.2185335,11.812082
TE-3,Unknown,donor_pool,GSE139512,in_vivo,in_vivo,Kong2019,,Other (Unknown),5.192581,11.821804
AF1_11,GV,AF1,GSE234116,in_vivo,in_vivo,Yuan2023,,Oocyte,-0.45059213,-3.5647013
AF1_12,GV,AF1,GSE234116,in_vivo,in_vivo,Yuan2023,,Oocyte,3.7557342,2.5704336
AF1_15,GV,AF1,GSE234116,in_vivo,in_vivo,Yuan2023,,Oocyte,3.6312723,2.7197273
AF1_51,GV,AF1,GSE234116,in_vivo,in_vivo,Yuan2023,,Oocyte,11.545711,1.6734672
AF1_61,GV,AF1,GSE234116,in_vivo,in_vivo,Yuan2023,,Oocyte,3.4014266,2.8393202
AF1_62,GV,AF1,GSE234116,in_vivo,in_vivo,Yuan2023,,Oocyte,11.01223,1.7830892
AF1_66,GV,AF1,GSE234116,in_vivo,in_vivo,Yuan2023,,Oocyte,-0.67557126,-3.2023258
AF1_83,GV,AF1,GSE234116,in_vivo,in_vivo,Yuan2023,,Oocyte,3.831803,2.437758
AF1_84,GV,AF1,GSE234116,in_vivo,in_vivo,Yuan2023,,Oocyte,3.9541647,2.4775484
AF1_85,GV,AF1,GSE234116,in_vivo,in_vivo,Yuan2023,,Oocyte,4.212231,9.7304325
AF1_86,GV,AF1,GSE234116,in_vivo,in_vivo,Yuan2023,,Oocyte,-0.4409551,-1.5816962
AF2_11,GV,AF2,GSE234116,in_vivo,in_vivo,Yuan2023,,Oocyte,4.3758035,9.562675
AF2_14,GV,AF2,GSE234116,in_vivo,in_vivo,Yuan2023,,Oocyte,3.6392326,2.6977737
AF2_15,GV,AF2,GSE234116,in_vivo,in_vivo,Yuan2023,,Oocyte,4.046053,9.854261
AF2_51,GV,AF2,GSE234116,in_vivo,in_vivo,Yuan2023,,Oocyte,4.3483515,9.712788
AF2_61,GV,AF2,GSE234116,in_vivo,in_vivo,Yuan2023,,Oocyte,3.2943203,3.1749904
AF2_63,GV,AF2,GSE234116,in_vivo,in_vivo,Yuan2023,,Oocyte,4.353223,9.816514
AF2_65,GV,AF2,GSE234116,in_vivo,in_vivo,Yuan2023,,Oocyte,2.738477,3.7914834
AF2_66,GV,AF2,GSE234116,in_vivo,in_vivo,Yuan2023,,Oocyte,11.616913,1.6264265
AF2_82,GV,AF2,GSE234116,in_vivo,in_vivo,Yuan2023,,Oocyte,3.2479925,3.1711135
AF2_83,GV,AF2,GSE234116,in_vivo,in_vivo,Yuan2023,,Oocyte,-0.6306799,-2.4156058
AF2_85,GV,AF2,GSE234116,in_vivo,in_vivo,Yuan2023,,Oocyte,3.5100806,2.7504709
AF2_86,GV,AF2,GSE234116,in_vivo,in_vivo,Yuan2023,,Oocyte,3.964523,2.443754
AF3_11,GV,AF3,GSE234116,in_vivo,in_vivo,Yuan2023,,Oocyte,3.5462642,2.571667
AF3_12,GV,AF3,GSE234116,in_vivo,in_vivo,Yuan2023,,Oocyte,3.6398308,2.7829757
AF3_14,GV,AF3,GSE234116,in_vivo,in_vivo,Yuan2023,,Oocyte,3.5191822,3.8558273
AF3_15,GV,AF3,GSE234116,in_vivo,in_vivo,Yuan2023,,Oocyte,3.605537,3.6970506
AF3_51,GV,AF3,GSE234116,in_vivo,in_vivo,Yuan2023,,Oocyte,2.3922486,3.3921647
AF3_52,GV,AF3,GSE234116,in_vivo,in_vivo,Yuan2023,,Oocyte,9.096299,3.8888092
AF3_66,GV,AF3,GSE234116,in_vivo,in_vivo,Yuan2023,,Oocyte,-2.0380614,-3.6470118
AF3_82,GV,AF3,GSE234116,in_vivo,in_vivo,Yuan2023,,Oocyte,-1.1504445,-0.6851937
AF3_84,GV,AF3,GSE234116,in_vivo,in_vivo,Yuan2023,,Oocyte,-0.94741595,-1.4582566
AF3_85,GV,AF3,GSE234116,in_vivo,in_vivo,Yuan2023,,Oocyte,-1.9352345,-3.5425277
AF3_86,GV,AF3,GSE234116,in_vivo,in_vivo,Yuan2023,,Oocyte,9.324617,3.6327698
AF4_15,GV,AF4,GSE234116,in_vivo,in_vivo,Yuan2023,,Oocyte,4.106319,9.900025
AF4_52,GV,AF4,GSE234116,in_vivo,in_vivo,Yuan2023,,Oocyte,3.1435132,4.04467
AF4_55,GV,AF4,GSE234116,in_vivo,in_vivo,Yuan2023,,Oocyte,9.25108,3.7431781
AF4_62,GV,AF4,GSE234116,in_vivo,in_vivo,Yuan2023,,Oocyte,2.0228229,3.9342473
AF4_64,GV,AF4,GSE234116,in_vivo,in_vivo,Yuan2023,,Oocyte,11.562595,1.6598592
AF4_65,GV,AF4,GSE234116,in_vivo,in_vivo,Yuan2023,,Oocyte,11.669032,1.6227024
AF4_66,GV,AF4,GSE234116,in_vivo,in_vivo,Yuan2023,,Oocyte,-2.2185395,-2.9588108
AF4_82,GV,AF4,GSE234116,in_vivo,in_vivo,Yuan2023,,Oocyte,-1.0628023,-2.3810418
AF4_83,GV,AF4,GSE234116,in_vivo,in_vivo,Yuan2023,,Oocyte,4.6832395,9.303195
AF4_84,GV,AF4,GSE234116,in_vivo,in_vivo,Yuan2023,,Oocyte,-1.6096288,-1.8823318
AF4_85,GV,AF4,GSE234116,in_vivo,in_vivo,Yuan2023,,Oocyte,-1.635908,-3.4365115
AF5_11,GV,AF5,GSE234116,in_vivo,in_vivo,Yuan2023,,Oocyte,1.3280872,2.7981622
AF5_12,GV,AF5,GSE234116,in_vivo,in_vivo,Yuan2023,,Oocyte,3.245291,3.1114676
AF5_14,GV,AF5,GSE234116,in_vivo,in_vivo,Yuan2023,,Oocyte,1.7337809,2.9668345
AF5_52,GV,AF5,GSE234116,in_vivo,in_vivo,Yuan2023,,Oocyte,4.207463,9.796102
AF5_53,GV,AF5,GSE234116,in_vivo,in_vivo,Yuan2023,,Oocyte,4.0939746,9.762981
AF5_54,GV,AF5,GSE234116,in_vivo,in_vivo,Yuan2023,,Oocyte,11.196534,1.6717932
AF5_82,GV,AF5,GSE234116,in_vivo,in_vivo,Yuan2023,,Oocyte,3.5348916,2.663021
AF5_83,GV,AF5,GSE234116,in_vivo,in_vivo,Yuan2023,,Oocyte,3.0265517,2.9539037
AF5_85,GV,AF5,GSE234116,in_vivo,in_vivo,Yuan2023,,Oocyte,2.5707638,3.0227063
AF5_86,GV,AF5,GSE234116,in_vivo,in_vivo,Yuan2023,,Oocyte,11.297077,1.4517727
