cell,stage,donor,dataset,source,condition,study,stage_group,UMAP1,UMAP2
P10_AACAACCA,E12,P10,GSE168106,in_vivo,in_vivo,Han2022,Post-impl (E11-14),-1.3972322,7.035257
P10_AACCGAGA,E12,P10,GSE168106,in_vivo,in_vivo,Han2022,Post-impl (E11-14),-0.7889975,6.79812
P10_AACGCTTA,E12,P10,GSE168106,in_vivo,in_vivo,Han2022,Post-impl (E11-14),-0.0376096,5.599176
P10_AACTCACC,E12,P10,GSE168106,in_vivo,in_vivo,Han2022,Post-impl (E11-14),6.0055795,6.2012334
P10_AAGACGGA,E12,P10,GSE168106,in_vivo,in_vivo,Han2022,Post-impl (E11-14),-0.48043507,5.4143777
P10_AAGAGATC,E12,P10,GSE168106,in_vivo,in_vivo,Han2022,Post-impl (E11-14),-4.593367,7.7959247
P10_AAGGACAC,E12,P10,GSE168106,in_vivo,in_vivo,Han2022,Post-impl (E11-14),7.0008016,5.8107805
P10_AAGGTACA,E12,P10,GSE168106,in_vivo,in_vivo,Han2022,Post-impl (E11-14),-0.3824496,5.210275
P10_AATGTTGC,E12,P10,GSE168106,in_vivo,in_vivo,Han2022,Post-impl (E11-14),7.0634847,5.695279
P10_ACAAGCTA,E12,P10,GSE168106,in_vivo,in_vivo,Han2022,Post-impl (E11-14),-0.21432184,4.6973443
P10_ACACAGAA,E12,P10,GSE168106,in_vivo,in_vivo,Han2022,Post-impl (E11-14),2.1274035,4.838014
P10_ACACGACC,E12,P10,GSE168106,in_vivo,in_vivo,Han2022,Post-impl (E11-14),5.895489,6.202288
P10_ACAGCAGA,E12,P10,GSE168106,in_vivo,in_vivo,Han2022,Post-impl (E11-14),-1.315173,6.9268456
P10_ACCTCCAA,E12,P10,GSE168106,in_vivo,in_vivo,Han2022,Post-impl (E11-14),2.3020477,3.579633
P10_ACGCTCGA,E12,P10,GSE168106,in_vivo,in_vivo,Han2022,Post-impl (E11-14),2.5864885,3.43113
P10_ACGTATCA,E12,P10,GSE168106,in_vivo,in_vivo,Han2022,Post-impl (E11-14),-0.059689052,5.1762853
P10_ACTATGCA,E12,P10,GSE168106,in_vivo,in_vivo,Han2022,Post-impl (E11-14),7.0335484,5.562228
P10_AGAGTCAA,E12,P10,GSE168106,in_vivo,in_vivo,Han2022,Post-impl (E11-14),-0.5067609,5.1266923
P10_AGATCGCA,E12,P10,GSE168106,in_vivo,in_vivo,Han2022,Post-impl (E11-14),0.21100032,7.497185
P10_AGATGTAC,E12,P10,GSE168106,in_vivo,in_vivo,Han2022,Post-impl (E11-14),5.105631,6.6455684
P10_AGCACCTC,E12,P10,GSE168106,in_vivo,in_vivo,Han2022,Post-impl (E11-14),5.7258525,6.3704424
P10_AGCAGGAA,E12,P10,GSE168106,in_vivo,in_vivo,Han2022,Post-impl (E11-14),0.9663344,6.0724983
P10_AGCCATGC,E12,P10,GSE168106,in_vivo,in_vivo,Han2022,Post-impl (E11-14),5.5530705,6.465659
P10_AGGCTAAC,E12,P10,GSE168106,in_vivo,in_vivo,Han2022,Post-impl (E11-14),4.689946,6.806197
P10_AGTACAAG,E12,P10,GSE168106,in_vivo,in_vivo,Han2022,Post-impl (E11-14),-0.4557903,5.0204263
P10_AGTCACTA,E12,P10,GSE168106,in_vivo,in_vivo,Han2022,Post-impl (E11-14),0.03966236,7.6166525
P10_ATAGCGAC,E12,P10,GSE168106,in_vivo,in_vivo,Han2022,Post-impl (E11-14),5.972819,6.217068
P10_ATCATTCC,E12,P10,GSE168106,in_vivo,in_vivo,Han2022,Post-impl (E11-14),2.705082,8.836556
P10_ATCCTGTA,E12,P10,GSE168106,in_vivo,in_vivo,Han2022,Post-impl (E11-14),7.1421614,5.6950746
P10_ATTGAGGA,E12,P10,GSE168106,in_vivo,in_vivo,Han2022,Post-impl (E11-14),5.824267,5.8860126
P10_ATTGGCTC,E12,P10,GSE168106,in_vivo,in_vivo,Han2022,Post-impl (E11-14),4.9549966,6.9419537
P10_CAACCACA,E12,P10,GSE168106,in_vivo,in_vivo,Han2022,Post-impl (E11-14),0.21703143,7.539558
P10_CAAGGAGC,E12,P10,GSE168106,in_vivo,in_vivo,Han2022,Post-impl (E11-14),2.5595016,8.897588
P10_CAATGGAA,E12,P10,GSE168106,in_vivo,in_vivo,Han2022,Post-impl (E11-14),6.1268635,5.98941
P10_CACCTTAC,E12,P10,GSE168106,in_vivo,in_vivo,Han2022,Post-impl (E11-14),3.2351632,8.279845
P10_CACTTCGA,E12,P10,GSE168106,in_vivo,in_vivo,Han2022,Post-impl (E11-14),-4.875665,8.014287
P10_CAGCGTTA,E12,P10,GSE168106,in_vivo,in_vivo,Han2022,Post-impl (E11-14),6.439635,5.9122686
P10_CATACCAA,E12,P10,GSE168106,in_vivo,in_vivo,Han2022,Post-impl (E11-14),3.3036084,4.819541
P10_CCAGTTCA,E12,P10,GSE168106,in_vivo,in_vivo,Han2022,Post-impl (E11-14),-0.05507871,7.85231
P10_CCATCCTC,E12,P10,GSE168106,in_vivo,in_vivo,Han2022,Post-impl (E11-14),2.9148898,8.876501
P10_CCGAAGTA,E12,P10,GSE168106,in_vivo,in_vivo,Han2022,Post-impl (E11-14),-5.0228477,7.7443795
P10_CCGACAAC,E12,P10,GSE168106,in_vivo,in_vivo,Han2022,Post-impl (E11-14),2.3254607,8.84968
P10_CCGTGAGA,E12,P10,GSE168106,in_vivo,in_vivo,Han2022,Post-impl (E11-14),3.9799643,6.9321036
P10_CCTAATCC,E12,P10,GSE168106,in_vivo,in_vivo,Han2022,Post-impl (E11-14),2.4879413,8.931021
P10_CCTCCTGA,E12,P10,GSE168106,in_vivo,in_vivo,Han2022,Post-impl (E11-14),4.777985,6.658212
P10_CCTCTATC,E12,P10,GSE168106,in_vivo,in_vivo,Han2022,Post-impl (E11-14),3.534677,8.456952
P10_CGAACTTA,E12,P10,GSE168106,in_vivo,in_vivo,Han2022,Post-impl (E11-14),3.7552235,6.924654
P10_CGACTGGA,E12,P10,GSE168106,in_vivo,in_vivo,Han2022,Post-impl (E11-14),-1.3941597,7.339163
P10_CGCATACA,E12,P10,GSE168106,in_vivo,in_vivo,Han2022,Post-impl (E11-14),-0.08612988,7.2244453
P10_CGCTGATC,E12,P10,GSE168106,in_vivo,in_vivo,Han2022,Post-impl (E11-14),-0.54742116,5.006194
P10_CTCAATGA,E12,P10,GSE168106,in_vivo,in_vivo,Han2022,Post-impl (E11-14),1.0618217,5.6876903
P10_CTGAGCCA,E12,P10,GSE168106,in_vivo,in_vivo,Han2022,Post-impl (E11-14),6.5515876,6.0777955
P10_CTGGCATA,E12,P10,GSE168106,in_vivo,in_vivo,Han2022,Post-impl (E11-14),-0.5222086,5.153196
P10_CTGTAGCC,E12,P10,GSE168106,in_vivo,in_vivo,Han2022,Post-impl (E11-14),-0.62426305,5.1218104
P10_GAATCTGA,E12,P10,GSE168106,in_vivo,in_vivo,Han2022,Post-impl (E11-14),3.226426,4.4718494
P10_GACTAGTA,E12,P10,GSE168106,in_vivo,in_vivo,Han2022,Post-impl (E11-14),-0.45133585,5.132196
P10_GAGCTGAA,E12,P10,GSE168106,in_vivo,in_vivo,Han2022,Post-impl (E11-14),-0.28700364,7.870739
P10_GATAGACA,E12,P10,GSE168106,in_vivo,in_vivo,Han2022,Post-impl (E11-14),-1.0863129,7.6543465
P10_GCCACATA,E12,P10,GSE168106,in_vivo,in_vivo,Han2022,Post-impl (E11-14),-1.7001851,8.258892
P10_GCGAGTAA,E12,P10,GSE168106,in_vivo,in_vivo,Han2022,Post-impl (E11-14),-1.1036181,6.710571
P10_GCTAACGA,E12,P10,GSE168106,in_vivo,in_vivo,Han2022,Post-impl (E11-14),-1.8874769,9.479983
P10_GCTCGGTA,E12,P10,GSE168106,in_vivo,in_vivo,Han2022,Post-impl (E11-14),1.0144666,3.670215
P10_GGAGAACA,E12,P10,GSE168106,in_vivo,in_vivo,Han2022,Post-impl (E11-14),-1.0619,6.6725497
P10_GGTGCGAA,E12,P10,GSE168106,in_vivo,in_vivo,Han2022,Post-impl (E11-14),6.102538,5.93991
P10_GTACGCAA,E12,P10,GSE168106,in_vivo,in_vivo,Han2022,Post-impl (E11-14),1.5022435,3.351988
P10_TATCAGCA,E12,P10,GSE168106,in_vivo,in_vivo,Han2022,Post-impl (E11-14),5.9795885,6.021421
P10_TCCGTCTA,E12,P10,GSE168106,in_vivo,in_vivo,Han2022,Post-impl (E11-14),6.5396957,6.011537
P10_TCTTCACA,E12,P10,GSE168106,in_vivo,in_vivo,Han2022,Post-impl (E11-14),4.9278207,7.027599
P10_TGAAGAGA,E12,P10,GSE168106,in_vivo,in_vivo,Han2022,Post-impl (E11-14),6.9243355,5.882908
P10_TGGAACAA,E12,P10,GSE168106,in_vivo,in_vivo,Han2022,Post-impl (E11-14),-3.564204,6.798512
P10_TGGCTTCA,E12,P10,GSE168106,in_vivo,in_vivo,Han2022,Post-impl (E11-14),-4.7456865,7.854946
P10_TGGTGGTA,E12,P10,GSE168106,in_vivo,in_vivo,Han2022,Post-impl (E11-14),-4.4909267,8.0795765
P10_TTCACGCA,E12,P10,GSE168106,in_vivo,in_vivo,Han2022,Post-impl (E11-14),4.3061633,6.9097204
P11_AAGAGATC,E14,P11,GSE168106,in_vivo,in_vivo,Han2022,Post-impl (E11-14),4.4058332,1.0600251
P11_AAGGACAC,E14,P11,GSE168106,in_vivo,in_vivo,Han2022,Post-impl (E11-14),3.9363618,1.41622
P11_AATCCGTC,E14,P11,GSE168106,in_vivo,in_vivo,Han2022,Post-impl (E11-14),0.44834787,9.216592
P11_AATGTTGC,E14,P11,GSE168106,in_vivo,in_vivo,Han2022,Post-impl (E11-14),4.4054427,1.4508038
P11_AGCACCTC,E14,P11,GSE168106,in_vivo,in_vivo,Han2022,Post-impl (E11-14),-0.2039616,9.652215
P11_AGCCATGC,E14,P11,GSE168106,in_vivo,in_vivo,Han2022,Post-impl (E11-14),2.6568947,8.544735
P11_ATCATTCC,E14,P11,GSE168106,in_vivo,in_vivo,Han2022,Post-impl (E11-14),0.7095761,9.322519
P11_ATTGGCTC,E14,P11,GSE168106,in_vivo,in_vivo,Han2022,Post-impl (E11-14),5.0684905,1.9901865
P11_CAAGGAGC,E14,P11,GSE168106,in_vivo,in_vivo,Han2022,Post-impl (E11-14),4.7742996,1.0254388
P11_CACCTTAC,E14,P11,GSE168106,in_vivo,in_vivo,Han2022,Post-impl (E11-14),-0.4255242,9.72931
P11_CCATCCTC,E14,P11,GSE168106,in_vivo,in_vivo,Han2022,Post-impl (E11-14),5.110049,4.136145
P11_CCGACAAC,E14,P11,GSE168106,in_vivo,in_vivo,Han2022,Post-impl (E11-14),5.1301475,3.1562219
P11_CCTAATCC,E14,P11,GSE168106,in_vivo,in_vivo,Han2022,Post-impl (E11-14),4.3101406,1.0781224
P11_CCTCTATC,E14,P11,GSE168106,in_vivo,in_vivo,Han2022,Post-impl (E11-14),4.9887633,4.0069394
P11_CGACACAC,E14,P11,GSE168106,in_vivo,in_vivo,Han2022,Post-impl (E11-14),5.227256,1.5941145
P11_CGCATACA,E14,P11,GSE168106,in_vivo,in_vivo,Han2022,Post-impl (E11-14),7.054332,5.6388545
P11_CGGATTGC,E14,P11,GSE168106,in_vivo,in_vivo,Han2022,Post-impl (E11-14),4.734031,0.9977257
P11_CTCAATGA,E14,P11,GSE168106,in_vivo,in_vivo,Han2022,Post-impl (E11-14),5.0720778,3.1211455
P11_CTGGCATA,E14,P11,GSE168106,in_vivo,in_vivo,Han2022,Post-impl (E11-14),5.2241454,1.9783857
P11_GAACAGGC,E14,P11,GSE168106,in_vivo,in_vivo,Han2022,Post-impl (E11-14),0.5721243,9.308184
P11_GACAGTGC,E14,P11,GSE168106,in_vivo,in_vivo,Han2022,Post-impl (E11-14),4.9422097,3.9612217
P11_GACTAGTA,E14,P11,GSE168106,in_vivo,in_vivo,Han2022,Post-impl (E11-14),4.751883,1.4510694
P11_GAGCTGAA,E14,P11,GSE168106,in_vivo,in_vivo,Han2022,Post-impl (E11-14),5.3228545,2.4656253
P11_GAGTTAGC,E14,P11,GSE168106,in_vivo,in_vivo,Han2022,Post-impl (E11-14),0.7079292,9.463864
P11_GATAGACA,E14,P11,GSE168106,in_vivo,in_vivo,Han2022,Post-impl (E11-14),4.773108,1.4921186
P11_GATGAATC,E14,P11,GSE168106,in_vivo,in_vivo,Han2022,Post-impl (E11-14),5.3597836,2.6885028
P11_GCCAAGAC,E14,P11,GSE168106,in_vivo,in_vivo,Han2022,Post-impl (E11-14),4.5970893,1.0268369
P11_GCCACATA,E14,P11,GSE168106,in_vivo,in_vivo,Han2022,Post-impl (E11-14),4.872856,1.2250625
P11_GCGAGTAA,E14,P11,GSE168106,in_vivo,in_vivo,Han2022,Post-impl (E11-14),5.1857624,1.7972759
P11_GCTAACGA,E14,P11,GSE168106,in_vivo,in_vivo,Han2022,Post-impl (E11-14),-0.43692476,9.715139
P11_GCTCGGTA,E14,P11,GSE168106,in_vivo,in_vivo,Han2022,Post-impl (E11-14),4.4047613,1.5436739
P11_GGAGAACA,E14,P11,GSE168106,in_vivo,in_vivo,Han2022,Post-impl (E11-14),3.9920118,1.3194457
P11_GGTGCGAA,E14,P11,GSE168106,in_vivo,in_vivo,Han2022,Post-impl (E11-14),4.21872,1.0885584
P11_GTACGCAA,E14,P11,GSE168106,in_vivo,in_vivo,Han2022,Post-impl (E11-14),5.009356,1.830294
P11_GTCGTAGA,E14,P11,GSE168106,in_vivo,in_vivo,Han2022,Post-impl (E11-14),3.9665012,1.5724224
P11_GTCTGTCA,E14,P11,GSE168106,in_vivo,in_vivo,Han2022,Post-impl (E11-14),5.058457,2.7016861
P11_GTGTTCTA,E14,P11,GSE168106,in_vivo,in_vivo,Han2022,Post-impl (E11-14),-0.2901671,9.822187
P11_TATCAGCA,E14,P11,GSE168106,in_vivo,in_vivo,Han2022,Post-impl (E11-14),0.03543228,9.810768
P11_TCCGTCTA,E14,P11,GSE168106,in_vivo,in_vivo,Han2022,Post-impl (E11-14),0.5527152,9.565753
P11_TGAAGAGA,E14,P11,GSE168106,in_vivo,in_vivo,Han2022,Post-impl (E11-14),0.43174782,9.790745
P11_TGGAACAA,E14,P11,GSE168106,in_vivo,in_vivo,Han2022,Post-impl (E11-14),4.186852,1.4424702
P11_TGGCTTCA,E14,P11,GSE168106,in_vivo,in_vivo,Han2022,Post-impl (E11-14),5.0594645,3.5963342
P11_TGGTGGTA,E14,P11,GSE168106,in_vivo,in_vivo,Han2022,Post-impl (E11-14),5.0398607,1.8624426
P11_TTCACGCA,E14,P11,GSE168106,in_vivo,in_vivo,Han2022,Post-impl (E11-14),4.342989,0.9906615
P12_AAACATCG,E14,P12,GSE168106,in_vivo,in_vivo,Han2022,Post-impl (E11-14),4.985995,1.2768245
P12_AACAACCA,E14,P12,GSE168106,in_vivo,in_vivo,Han2022,Post-impl (E11-14),4.280191,1.3565209
P12_AACCGAGA,E14,P12,GSE168106,in_vivo,in_vivo,Han2022,Post-impl (E11-14),5.345606,1.5266961
P12_AACGCTTA,E14,P12,GSE168106,in_vivo,in_vivo,Han2022,Post-impl (E11-14),4.225367,0.98234326
P12_AACGTGAT,E14,P12,GSE168106,in_vivo,in_vivo,Han2022,Post-impl (E11-14),0.5000533,9.897107
P12_AACTCACC,E14,P12,GSE168106,in_vivo,in_vivo,Han2022,Post-impl (E11-14),5.123648,3.4312582
P12_AAGACGGA,E14,P12,GSE168106,in_vivo,in_vivo,Han2022,Post-impl (E11-14),4.5446715,0.98144
P12_AAGAGATC,E14,P12,GSE168106,in_vivo,in_vivo,Han2022,Post-impl (E11-14),-0.40408805,9.836379
P12_AAGGACAC,E14,P12,GSE168106,in_vivo,in_vivo,Han2022,Post-impl (E11-14),4.9862657,1.4079372
P12_AAGGTACA,E14,P12,GSE168106,in_vivo,in_vivo,Han2022,Post-impl (E11-14),0.11171229,9.511468
P12_AATCCGTC,E14,P12,GSE168106,in_vivo,in_vivo,Han2022,Post-impl (E11-14),0.25899497,9.889422
P12_AATGTTGC,E14,P12,GSE168106,in_vivo,in_vivo,Han2022,Post-impl (E11-14),5.030785,3.8477638
P12_ACAAGCTA,E14,P12,GSE168106,in_vivo,in_vivo,Han2022,Post-impl (E11-14),3.891853,1.5099262
P12_ACACAGAA,E14,P12,GSE168106,in_vivo,in_vivo,Han2022,Post-impl (E11-14),4.641072,1.8673134
P12_ACACGACC,E14,P12,GSE168106,in_vivo,in_vivo,Han2022,Post-impl (E11-14),4.2723637,1.2078792
P12_ACAGATTC,E14,P12,GSE168106,in_vivo,in_vivo,Han2022,Post-impl (E11-14),4.688632,1.061499
P12_ACAGCAGA,E14,P12,GSE168106,in_vivo,in_vivo,Han2022,Post-impl (E11-14),2.5383031,8.758302
P12_ACATTGGC,E14,P12,GSE168106,in_vivo,in_vivo,Han2022,Post-impl (E11-14),5.1902866,3.0148327
P12_ACCACTGT,E14,P12,GSE168106,in_vivo,in_vivo,Han2022,Post-impl (E11-14),4.951601,3.6862614
P12_ACCTCCAA,E14,P12,GSE168106,in_vivo,in_vivo,Han2022,Post-impl (E11-14),5.4065037,2.7031355
P12_ACGCTCGA,E14,P12,GSE168106,in_vivo,in_vivo,Han2022,Post-impl (E11-14),5.3618903,2.822411
P12_ACGTATCA,E14,P12,GSE168106,in_vivo,in_vivo,Han2022,Post-impl (E11-14),5.3645067,2.7017899
P12_ACTATGCA,E14,P12,GSE168106,in_vivo,in_vivo,Han2022,Post-impl (E11-14),6.5787086,5.9630895
P12_AGATCGCA,E14,P12,GSE168106,in_vivo,in_vivo,Han2022,Post-impl (E11-14),5.0660257,3.1509256
P12_AGATGTAC,E14,P12,GSE168106,in_vivo,in_vivo,Han2022,Post-impl (E11-14),4.4493127,1.0855484
P12_AGCACCTC,E14,P12,GSE168106,in_vivo,in_vivo,Han2022,Post-impl (E11-14),5.082885,1.3103462
P12_AGCAGGAA,E14,P12,GSE168106,in_vivo,in_vivo,Han2022,Post-impl (E11-14),0.63257515,9.6165085
P12_AGCCATGC,E14,P12,GSE168106,in_vivo,in_vivo,Han2022,Post-impl (E11-14),5.2848783,1.6254494
P12_AGGCTAAC,E14,P12,GSE168106,in_vivo,in_vivo,Han2022,Post-impl (E11-14),0.36053595,9.952164
P12_AGTACAAG,E14,P12,GSE168106,in_vivo,in_vivo,Han2022,Post-impl (E11-14),4.6140256,0.9848033
P12_AGTCACTA,E14,P12,GSE168106,in_vivo,in_vivo,Han2022,Post-impl (E11-14),-0.5271075,9.701555
P12_AGTGGTCA,E14,P12,GSE168106,in_vivo,in_vivo,Han2022,Post-impl (E11-14),4.563108,1.2815611
P12_ATAGCGAC,E14,P12,GSE168106,in_vivo,in_vivo,Han2022,Post-impl (E11-14),0.6159589,9.504686
P12_ATCATTCC,E14,P12,GSE168106,in_vivo,in_vivo,Han2022,Post-impl (E11-14),0.25009298,9.700498
P12_ATCCTGTA,E14,P12,GSE168106,in_vivo,in_vivo,Han2022,Post-impl (E11-14),4.683252,1.3679751
P12_ATGCCTAA,E14,P12,GSE168106,in_vivo,in_vivo,Han2022,Post-impl (E11-14),0.40058067,9.910113
P12_ATTGAGGA,E14,P12,GSE168106,in_vivo,in_vivo,Han2022,Post-impl (E11-14),0.14141308,9.921101
P12_ATTGGCTC,E14,P12,GSE168106,in_vivo,in_vivo,Han2022,Post-impl (E11-14),5.2815814,1.4925865
P12_CAACCACA,E14,P12,GSE168106,in_vivo,in_vivo,Han2022,Post-impl (E11-14),4.1473866,1.1039748
P12_CAAGACTA,E14,P12,GSE168106,in_vivo,in_vivo,Han2022,Post-impl (E11-14),5.033858,3.5425894
P12_CAAGGAGC,E14,P12,GSE168106,in_vivo,in_vivo,Han2022,Post-impl (E11-14),5.0830493,1.1751397
P12_CAATGGAA,E14,P12,GSE168106,in_vivo,in_vivo,Han2022,Post-impl (E11-14),5.2898912,1.7280213
P12_CACCTTAC,E14,P12,GSE168106,in_vivo,in_vivo,Han2022,Post-impl (E11-14),0.30756,9.805651
P12_CACTTCGA,E14,P12,GSE168106,in_vivo,in_vivo,Han2022,Post-impl (E11-14),0.5017473,9.714235
P12_CAGCGTTA,E14,P12,GSE168106,in_vivo,in_vivo,Han2022,Post-impl (E11-14),7.028234,5.707605
P12_CATCAAGT,E14,P12,GSE168106,in_vivo,in_vivo,Han2022,Post-impl (E11-14),5.0534964,4.104507
P12_CCAGTTCA,E14,P12,GSE168106,in_vivo,in_vivo,Han2022,Post-impl (E11-14),0.5429534,9.792424
P12_CCATCCTC,E14,P12,GSE168106,in_vivo,in_vivo,Han2022,Post-impl (E11-14),4.962903,3.6356564
P12_CCGAAGTA,E14,P12,GSE168106,in_vivo,in_vivo,Han2022,Post-impl (E11-14),4.890379,1.0856481
P12_CCGACAAC,E14,P12,GSE168106,in_vivo,in_vivo,Han2022,Post-impl (E11-14),0.12729074,9.830966
P12_CCGTGAGA,E14,P12,GSE168106,in_vivo,in_vivo,Han2022,Post-impl (E11-14),4.171739,0.9780342
P12_CCTAATCC,E14,P12,GSE168106,in_vivo,in_vivo,Han2022,Post-impl (E11-14),0.42709905,9.85256
P12_CCTCCTGA,E14,P12,GSE168106,in_vivo,in_vivo,Han2022,Post-impl (E11-14),5.1429424,3.0020044
P12_CCTCTATC,E14,P12,GSE168106,in_vivo,in_vivo,Han2022,Post-impl (E11-14),5.0880475,1.4318733
P12_CGAACTTA,E14,P12,GSE168106,in_vivo,in_vivo,Han2022,Post-impl (E11-14),0.42213294,9.790633
P12_CGACACAC,E14,P12,GSE168106,in_vivo,in_vivo,Han2022,Post-impl (E11-14),5.915896,5.7887297
P12_CGACTGGA,E14,P12,GSE168106,in_vivo,in_vivo,Han2022,Post-impl (E11-14),-0.23673718,9.826505
P12_CGCTGATC,E14,P12,GSE168106,in_vivo,in_vivo,Han2022,Post-impl (E11-14),0.24294262,9.563029
P12_CGGATTGC,E14,P12,GSE168106,in_vivo,in_vivo,Han2022,Post-impl (E11-14),5.2574487,1.4975381
P12_CTAAGGTC,E14,P12,GSE168106,in_vivo,in_vivo,Han2022,Post-impl (E11-14),5.0273085,1.1483289
P12_CTCAATGA,E14,P12,GSE168106,in_vivo,in_vivo,Han2022,Post-impl (E11-14),5.323446,1.6449218
P12_CTGAGCCA,E14,P12,GSE168106,in_vivo,in_vivo,Han2022,Post-impl (E11-14),4.4454923,1.0021517
P12_CTGGCATA,E14,P12,GSE168106,in_vivo,in_vivo,Han2022,Post-impl (E11-14),-0.60308486,9.727167
P12_CTGTAGCC,E14,P12,GSE168106,in_vivo,in_vivo,Han2022,Post-impl (E11-14),5.275025,2.3349137
P12_GAACAGGC,E14,P12,GSE168106,in_vivo,in_vivo,Han2022,Post-impl (E11-14),4.494095,1.1572986
P12_GAATCTGA,E14,P12,GSE168106,in_vivo,in_vivo,Han2022,Post-impl (E11-14),5.115988,3.001173
P12_GACAGTGC,E14,P12,GSE168106,in_vivo,in_vivo,Han2022,Post-impl (E11-14),5.3392034,2.1835732
P12_GACTAGTA,E14,P12,GSE168106,in_vivo,in_vivo,Han2022,Post-impl (E11-14),0.35307467,9.894117
P12_GAGCTGAA,E14,P12,GSE168106,in_vivo,in_vivo,Han2022,Post-impl (E11-14),0.7250173,9.61759
P12_GAGTTAGC,E14,P12,GSE168106,in_vivo,in_vivo,Han2022,Post-impl (E11-14),4.288648,1.1419321
P12_GATAGACA,E14,P12,GSE168106,in_vivo,in_vivo,Han2022,Post-impl (E11-14),-0.15680356,9.80717
P12_GATGAATC,E14,P12,GSE168106,in_vivo,in_vivo,Han2022,Post-impl (E11-14),4.917025,1.6551973
P12_GCCAAGAC,E14,P12,GSE168106,in_vivo,in_vivo,Han2022,Post-impl (E11-14),5.015419,4.005768
P12_GCCACATA,E14,P12,GSE168106,in_vivo,in_vivo,Han2022,Post-impl (E11-14),0.451581,9.687113
P12_GCGAGTAA,E14,P12,GSE168106,in_vivo,in_vivo,Han2022,Post-impl (E11-14),0.62337697,9.424293
P12_GCTAACGA,E14,P12,GSE168106,in_vivo,in_vivo,Han2022,Post-impl (E11-14),7.1573863,5.5369973
P12_GCTCGGTA,E14,P12,GSE168106,in_vivo,in_vivo,Han2022,Post-impl (E11-14),5.211379,1.3849474
P12_GGAGAACA,E14,P12,GSE168106,in_vivo,in_vivo,Han2022,Post-impl (E11-14),0.4675989,9.757004
P12_GGTGCGAA,E14,P12,GSE168106,in_vivo,in_vivo,Han2022,Post-impl (E11-14),-0.058797866,9.760424
P12_GTACGCAA,E14,P12,GSE168106,in_vivo,in_vivo,Han2022,Post-impl (E11-14),4.9044886,4.1124053
P12_GTCGTAGA,E14,P12,GSE168106,in_vivo,in_vivo,Han2022,Post-impl (E11-14),2.5477512,8.769984
P12_GTCTGTCA,E14,P12,GSE168106,in_vivo,in_vivo,Han2022,Post-impl (E11-14),2.9443793,8.502998
P12_GTGTTCTA,E14,P12,GSE168106,in_vivo,in_vivo,Han2022,Post-impl (E11-14),2.7062528,8.672756
P12_TAGGATGA,E14,P12,GSE168106,in_vivo,in_vivo,Han2022,Post-impl (E11-14),2.5169787,8.803986
P12_TATCAGCA,E14,P12,GSE168106,in_vivo,in_vivo,Han2022,Post-impl (E11-14),2.57382,8.732558
P12_TCCGTCTA,E14,P12,GSE168106,in_vivo,in_vivo,Han2022,Post-impl (E11-14),2.7835202,8.622471
P12_TCTTCACA,E14,P12,GSE168106,in_vivo,in_vivo,Han2022,Post-impl (E11-14),2.5214174,8.757407
P12_TGAAGAGA,E14,P12,GSE168106,in_vivo,in_vivo,Han2022,Post-impl (E11-14),3.1687093,8.351039
P12_TGGAACAA,E14,P12,GSE168106,in_vivo,in_vivo,Han2022,Post-impl (E11-14),-0.4408631,9.835416
P12_TGGTGGTA,E14,P12,GSE168106,in_vivo,in_vivo,Han2022,Post-impl (E11-14),-0.0700372,9.939838
P12_TTCACGCA,E14,P12,GSE168106,in_vivo,in_vivo,Han2022,Post-impl (E11-14),5.0589876,3.9900334
P13_AAACATCG,E14,P13,GSE168106,in_vivo,in_vivo,Han2022,Post-impl (E11-14),5.3867636,2.8669007
P13_AACAACCA,E14,P13,GSE168106,in_vivo,in_vivo,Han2022,Post-impl (E11-14),4.645854,1.3941619
P13_AACGCTTA,E14,P13,GSE168106,in_vivo,in_vivo,Han2022,Post-impl (E11-14),4.9744925,1.8891573
P13_AACGTGAT,E14,P13,GSE168106,in_vivo,in_vivo,Han2022,Post-impl (E11-14),5.469877,2.593737
P13_AACTCACC,E5,P13,GSE168106,in_vivo,in_vivo,Han2022,Morula (E4-5),6.8347406,8.413248
P13_AAGACGGA,E14,P13,GSE168106,in_vivo,in_vivo,Han2022,Post-impl (E11-14),5.1254373,1.9485087
P13_AAGAGATC,E5,P13,GSE168106,in_vivo,in_vivo,Han2022,Morula (E4-5),7.6869874,9.964618
P13_AAGGACAC,E5,P13,GSE168106,in_vivo,in_vivo,Han2022,Morula (E4-5),7.7246003,9.951503
P13_AAGGTACA,E14,P13,GSE168106,in_vivo,in_vivo,Han2022,Post-impl (E11-14),5.221786,1.9297076
P13_AATGTTGC,E5,P13,GSE168106,in_vivo,in_vivo,Han2022,Morula (E4-5),6.609074,6.919365
P13_ACAAGCTA,E14,P13,GSE168106,in_vivo,in_vivo,Han2022,Post-impl (E11-14),-0.3859198,9.791498
P13_ACACAGAA,E14,P13,GSE168106,in_vivo,in_vivo,Han2022,Post-impl (E11-14),4.721672,1.3302008
P13_ACAGATTC,E5,P13,GSE168106,in_vivo,in_vivo,Han2022,Morula (E4-5),7.0063143,8.6265335
P13_ACAGCAGA,E14,P13,GSE168106,in_vivo,in_vivo,Han2022,Post-impl (E11-14),4.3273854,0.8545628
P13_ACATTGGC,E14,P13,GSE168106,in_vivo,in_vivo,Han2022,Post-impl (E11-14),5.2506714,3.314869
P13_ACCACTGT,E14,P13,GSE168106,in_vivo,in_vivo,Han2022,Post-impl (E11-14),5.4891944,2.830035
P13_ACCTCCAA,E14,P13,GSE168106,in_vivo,in_vivo,Han2022,Post-impl (E11-14),4.8949037,3.5533216
P13_ACGCTCGA,E14,P13,GSE168106,in_vivo,in_vivo,Han2022,Post-impl (E11-14),4.987825,3.205543
P13_AGAGTCAA,E14,P13,GSE168106,in_vivo,in_vivo,Han2022,Post-impl (E11-14),5.053169,1.9056906
P13_AGATCGCA,E14,P13,GSE168106,in_vivo,in_vivo,Han2022,Post-impl (E11-14),5.2616863,1.8546582
P13_AGATGTAC,E5,P13,GSE168106,in_vivo,in_vivo,Han2022,Morula (E4-5),7.677258,9.413383
P13_AGCACCTC,E5,P13,GSE168106,in_vivo,in_vivo,Han2022,Morula (E4-5),7.797542,10.137716
P13_AGCAGGAA,E14,P13,GSE168106,in_vivo,in_vivo,Han2022,Post-impl (E11-14),4.3863416,0.85893834
P13_AGCCATGC,E5,P13,GSE168106,in_vivo,in_vivo,Han2022,Morula (E4-5),6.7416263,6.5306544
P13_AGTACAAG,E14,P13,GSE168106,in_vivo,in_vivo,Han2022,Post-impl (E11-14),4.6580973,1.4046165
P13_AGTCACTA,E14,P13,GSE168106,in_vivo,in_vivo,Han2022,Post-impl (E11-14),4.8667936,1.6747301
P13_ATTGAGGA,E14,P13,GSE168106,in_vivo,in_vivo,Han2022,Post-impl (E11-14),4.033404,1.1313221
P13_CAACCACA,E14,P13,GSE168106,in_vivo,in_vivo,Han2022,Post-impl (E11-14),4.2551517,1.0384114
P13_CAAGACTA,E14,P13,GSE168106,in_vivo,in_vivo,Han2022,Post-impl (E11-14),4.958071,3.3232372
P13_CAATGGAA,E14,P13,GSE168106,in_vivo,in_vivo,Han2022,Post-impl (E11-14),4.9697633,2.0613446
P13_CACTTCGA,E14,P13,GSE168106,in_vivo,in_vivo,Han2022,Post-impl (E11-14),4.4161634,1.0720888
P13_CAGATCTG,E14,P13,GSE168106,in_vivo,in_vivo,Han2022,Post-impl (E11-14),5.28422,2.409745
P13_CATACCAA,E14,P13,GSE168106,in_vivo,in_vivo,Han2022,Post-impl (E11-14),5.1228037,2.3294477
P13_CATCAAGT,E14,P13,GSE168106,in_vivo,in_vivo,Han2022,Post-impl (E11-14),6.286232,6.2562175
P13_CCAGTTCA,E14,P13,GSE168106,in_vivo,in_vivo,Han2022,Post-impl (E11-14),5.096532,1.7533581
P13_CCGAAGTA,E14,P13,GSE168106,in_vivo,in_vivo,Han2022,Post-impl (E11-14),0.7146514,8.070004
P13_CCGACAAC,E5,P13,GSE168106,in_vivo,in_vivo,Han2022,Morula (E4-5),6.5957484,7.7768106
P13_CCGTGAGA,E14,P13,GSE168106,in_vivo,in_vivo,Han2022,Post-impl (E11-14),5.3770466,2.748361
P13_CCTCCTGA,E14,P13,GSE168106,in_vivo,in_vivo,Han2022,Post-impl (E11-14),4.9920306,3.193717
P13_CGAACTTA,E14,P13,GSE168106,in_vivo,in_vivo,Han2022,Post-impl (E11-14),5.0679655,3.202925
P13_CGACACAC,E5,P13,GSE168106,in_vivo,in_vivo,Han2022,Morula (E4-5),8.249466,10.572971
P13_CGCTGATC,E14,P13,GSE168106,in_vivo,in_vivo,Han2022,Post-impl (E11-14),4.95755,2.0551522
P13_CGGATTGC,E5,P13,GSE168106,in_vivo,in_vivo,Han2022,Morula (E4-5),7.624841,10.149595
P13_CTAAGGTC,E5,P13,GSE168106,in_vivo,in_vivo,Han2022,Morula (E4-5),8.227896,10.582161
P13_CTCAATGA,E14,P13,GSE168106,in_vivo,in_vivo,Han2022,Post-impl (E11-14),5.3643484,2.6219115
P13_CTGAGCCA,E14,P13,GSE168106,in_vivo,in_vivo,Han2022,Post-impl (E11-14),4.8128753,2.1667511
P13_CTGGCATA,E14,P13,GSE168106,in_vivo,in_vivo,Han2022,Post-impl (E11-14),4.6898546,2.147405
P13_CTGTAGCC,E14,P13,GSE168106,in_vivo,in_vivo,Han2022,Post-impl (E11-14),5.186329,2.504354
P13_GAACAGGC,E5,P13,GSE168106,in_vivo,in_vivo,Han2022,Morula (E4-5),8.029994,10.55955
P13_GAATCTGA,E14,P13,GSE168106,in_vivo,in_vivo,Han2022,Post-impl (E11-14),5.4982357,2.707071
P13_GACAGTGC,E5,P13,GSE168106,in_vivo,in_vivo,Han2022,Morula (E4-5),7.703256,10.344306
P13_GACTAGTA,E14,P13,GSE168106,in_vivo,in_vivo,Han2022,Post-impl (E11-14),4.912589,2.2018902
P13_GAGCTGAA,E14,P13,GSE168106,in_vivo,in_vivo,Han2022,Post-impl (E11-14),4.7449164,2.172486
P13_GAGTTAGC,E5,P13,GSE168106,in_vivo,in_vivo,Han2022,Morula (E4-5),8.041401,10.633343
P13_GATAGACA,E2,P13,GSE168106,in_vivo,in_vivo,Han2022,E2 (2C),7.3770227,8.083545
P13_GATGAATC,E5,P13,GSE168106,in_vivo,in_vivo,Han2022,Morula (E4-5),7.941875,10.5004
P13_GCCACATA,E2,P13,GSE168106,in_vivo,in_vivo,Han2022,E2 (2C),6.787789,6.664931
P13_GCGAGTAA,E2,P13,GSE168106,in_vivo,in_vivo,Han2022,E2 (2C),11.333551,10.706283
P13_GCTAACGA,E2,P13,GSE168106,in_vivo,in_vivo,Han2022,E2 (2C),11.712933,10.298306
P13_GCTCGGTA,E2,P13,GSE168106,in_vivo,in_vivo,Han2022,E2 (2C),11.643209,10.400612
P13_GGAGAACA,E2,P13,GSE168106,in_vivo,in_vivo,Han2022,E2 (2C),11.317183,10.735711
P13_GGTGCGAA,E2,P13,GSE168106,in_vivo,in_vivo,Han2022,E2 (2C),11.316824,10.724735
P13_GTACGCAA,E2,P13,GSE168106,in_vivo,in_vivo,Han2022,E2 (2C),6.8672705,6.501519
P13_GTCGTAGA,E5,P13,GSE168106,in_vivo,in_vivo,Han2022,Morula (E4-5),6.6838174,7.7171807
P13_GTCTGTCA,E5,P13,GSE168106,in_vivo,in_vivo,Han2022,Morula (E4-5),7.0433793,8.39473
P13_TAGGATGA,E5,P13,GSE168106,in_vivo,in_vivo,Han2022,Morula (E4-5),6.862087,8.272557
P13_TATCAGCA,E5,P13,GSE168106,in_vivo,in_vivo,Han2022,Morula (E4-5),7.7744427,10.360226
P13_TGGAACAA,E5,P13,GSE168106,in_vivo,in_vivo,Han2022,Morula (E4-5),7.7542896,9.76627
P13_TGGCTTCA,E5,P13,GSE168106,in_vivo,in_vivo,Han2022,Morula (E4-5),7.4638495,9.659162
P13_TTCACGCA,E5,P13,GSE168106,in_vivo,in_vivo,Han2022,Morula (E4-5),6.886347,8.221964
P14_AAACATCG,E5,P14,GSE168106,in_vivo,in_vivo,Han2022,Morula (E4-5),8.121179,10.664606
P14_AACGTGAT,E5,P14,GSE168106,in_vivo,in_vivo,Han2022,Morula (E4-5),8.181403,10.713502
P14_AACTCACC,E6,P14,GSE168106,in_vivo,in_vivo,Han2022,Early blastocyst (E6-8),3.9595578,10.949609
P14_AAGAGATC,E6,P14,GSE168106,in_vivo,in_vivo,Han2022,Early blastocyst (E6-8),3.7823644,11.739656
P14_AAGGACAC,E6,P14,GSE168106,in_vivo,in_vivo,Han2022,Early blastocyst (E6-8),3.7443018,11.5036545
P14_AAGGTACA,E6,P14,GSE168106,in_vivo,in_vivo,Han2022,Early blastocyst (E6-8),4.3464475,10.508497
P14_AATCCGTC,E6,P14,GSE168106,in_vivo,in_vivo,Han2022,Early blastocyst (E6-8),-4.694605,4.098729
P14_AATGTTGC,E6,P14,GSE168106,in_vivo,in_vivo,Han2022,Early blastocyst (E6-8),4.60165,9.283736
P14_ACACAGAA,E6,P14,GSE168106,in_vivo,in_vivo,Han2022,Early blastocyst (E6-8),3.89283,11.272971
P14_ACACGACC,E6,P14,GSE168106,in_vivo,in_vivo,Han2022,Early blastocyst (E6-8),6.8650436,5.6556487
P14_ACAGATTC,E6,P14,GSE168106,in_vivo,in_vivo,Han2022,Early blastocyst (E6-8),-4.6216207,4.147645
P14_ACAGCAGA,E6,P14,GSE168106,in_vivo,in_vivo,Han2022,Early blastocyst (E6-8),5.7026978,7.2642894
P14_ACATTGGC,E5,P14,GSE168106,in_vivo,in_vivo,Han2022,Morula (E4-5),8.001015,10.641981
P14_ACCACTGT,E5,P14,GSE168106,in_vivo,in_vivo,Han2022,Morula (E4-5),7.437,10.094487
P14_ACCTCCAA,E6,P14,GSE168106,in_vivo,in_vivo,Han2022,Early blastocyst (E6-8),4.74615,8.984888
P14_ACGCTCGA,E6,P14,GSE168106,in_vivo,in_vivo,Han2022,Early blastocyst (E6-8),-3.5476475,4.4385953
P14_ACGTATCA,E6,P14,GSE168106,in_vivo,in_vivo,Han2022,Early blastocyst (E6-8),3.7297573,11.747612
P14_AGAGTCAA,E6,P14,GSE168106,in_vivo,in_vivo,Han2022,Early blastocyst (E6-8),5.4654517,7.405903
P14_AGATCGCA,E6,P14,GSE168106,in_vivo,in_vivo,Han2022,Early blastocyst (E6-8),4.276593,10.899331
P14_AGATGTAC,E6,P14,GSE168106,in_vivo,in_vivo,Han2022,Early blastocyst (E6-8),4.2252364,10.615131
P14_AGCAGGAA,E6,P14,GSE168106,in_vivo,in_vivo,Han2022,Early blastocyst (E6-8),4.2046432,11.045696
P14_AGCCATGC,E6,P14,GSE168106,in_vivo,in_vivo,Han2022,Early blastocyst (E6-8),4.358351,10.349078
P14_AGGCTAAC,E6,P14,GSE168106,in_vivo,in_vivo,Han2022,Early blastocyst (E6-8),4.0530257,10.886718
P14_AGTCACTA,E6,P14,GSE168106,in_vivo,in_vivo,Han2022,Early blastocyst (E6-8),3.775244,11.41681
P14_AGTGGTCA,E5,P14,GSE168106,in_vivo,in_vivo,Han2022,Morula (E4-5),8.235764,10.704129
P14_ATAGCGAC,E6,P14,GSE168106,in_vivo,in_vivo,Han2022,Early blastocyst (E6-8),3.6585054,11.560996
P14_ATCATTCC,E6,P14,GSE168106,in_vivo,in_vivo,Han2022,Early blastocyst (E6-8),-4.7998195,4.152655
P14_ATCCTGTA,E6,P14,GSE168106,in_vivo,in_vivo,Han2022,Early blastocyst (E6-8),4.7019544,8.861146
P14_ATGCCTAA,E5,P14,GSE168106,in_vivo,in_vivo,Han2022,Morula (E4-5),8.175251,10.746202
P14_ATTGAGGA,E6,P14,GSE168106,in_vivo,in_vivo,Han2022,Early blastocyst (E6-8),4.0589547,10.939326
P14_ATTGGCTC,E6,P14,GSE168106,in_vivo,in_vivo,Han2022,Early blastocyst (E6-8),3.7269235,11.477547
P14_CAACCACA,E6,P14,GSE168106,in_vivo,in_vivo,Han2022,Early blastocyst (E6-8),4.015204,10.79728
P14_CAAGACTA,E6,P14,GSE168106,in_vivo,in_vivo,Han2022,Early blastocyst (E6-8),4.635606,9.34904
P14_CAAGGAGC,E6,P14,GSE168106,in_vivo,in_vivo,Han2022,Early blastocyst (E6-8),4.3993673,9.447309
P14_CAATGGAA,E6,P14,GSE168106,in_vivo,in_vivo,Han2022,Early blastocyst (E6-8),4.2272863,10.785478
P14_CACCTTAC,E6,P14,GSE168106,in_vivo,in_vivo,Han2022,Early blastocyst (E6-8),4.2949114,10.569768
P14_CAGATCTG,E5,P14,GSE168106,in_vivo,in_vivo,Han2022,Morula (E4-5),7.364366,9.936746
P14_CATACCAA,E6,P14,GSE168106,in_vivo,in_vivo,Han2022,Early blastocyst (E6-8),4.3620877,10.4927
P14_CATCAAGT,E5,P14,GSE168106,in_vivo,in_vivo,Han2022,Morula (E4-5),6.6132445,8.995491
P14_CCAGTTCA,E6,P14,GSE168106,in_vivo,in_vivo,Han2022,Early blastocyst (E6-8),3.7420735,11.481656
P14_CCGAAGTA,E6,P14,GSE168106,in_vivo,in_vivo,Han2022,Early blastocyst (E6-8),4.368268,10.78445
P14_CCGACAAC,E6,P14,GSE168106,in_vivo,in_vivo,Han2022,Early blastocyst (E6-8),3.742968,11.736675
P14_CCGTGAGA,E6,P14,GSE168106,in_vivo,in_vivo,Han2022,Early blastocyst (E6-8),-5.021333,4.206128
P14_CCTAATCC,E6,P14,GSE168106,in_vivo,in_vivo,Han2022,Early blastocyst (E6-8),4.174739,10.974477
P14_CCTCCTGA,E6,P14,GSE168106,in_vivo,in_vivo,Han2022,Early blastocyst (E6-8),6.5141745,6.517715
P14_CCTCTATC,E6,P14,GSE168106,in_vivo,in_vivo,Han2022,Early blastocyst (E6-8),3.93507,11.13957
P14_CGAACTTA,E6,P14,GSE168106,in_vivo,in_vivo,Han2022,Early blastocyst (E6-8),3.7511942,11.5713005
P14_CGACACAC,E6,P14,GSE168106,in_vivo,in_vivo,Han2022,Early blastocyst (E6-8),4.694545,9.578288
P14_CGACTGGA,E6,P14,GSE168106,in_vivo,in_vivo,Han2022,Early blastocyst (E6-8),-4.4667,4.1588845
P14_CGCATACA,E6,P14,GSE168106,in_vivo,in_vivo,Han2022,Early blastocyst (E6-8),4.2825775,10.964242
P14_CGCTGATC,E6,P14,GSE168106,in_vivo,in_vivo,Han2022,Early blastocyst (E6-8),6.687726,9.568392
P14_CGGATTGC,E6,P14,GSE168106,in_vivo,in_vivo,Han2022,Early blastocyst (E6-8),4.7781425,9.039602
P14_CTAAGGTC,E6,P14,GSE168106,in_vivo,in_vivo,Han2022,Early blastocyst (E6-8),5.141267,7.8048725
P14_CTGAGCCA,E6,P14,GSE168106,in_vivo,in_vivo,Han2022,Early blastocyst (E6-8),3.638799,11.692014
P14_GAACAGGC,E6,P14,GSE168106,in_vivo,in_vivo,Han2022,Early blastocyst (E6-8),4.913921,6.2703166
P14_GAATCTGA,E6,P14,GSE168106,in_vivo,in_vivo,Han2022,Early blastocyst (E6-8),5.2291875,6.024687
P14_GACAGTGC,E6,P14,GSE168106,in_vivo,in_vivo,Han2022,Early blastocyst (E6-8),3.7791922,11.417891
P14_GACTAGTA,E6,P14,GSE168106,in_vivo,in_vivo,Han2022,Early blastocyst (E6-8),3.6186528,11.502301
P14_GAGCTGAA,E6,P14,GSE168106,in_vivo,in_vivo,Han2022,Early blastocyst (E6-8),4.2688646,10.920964
P14_GAGTTAGC,E6,P14,GSE168106,in_vivo,in_vivo,Han2022,Early blastocyst (E6-8),3.9967306,11.187973
P14_GATAGACA,E6,P14,GSE168106,in_vivo,in_vivo,Han2022,Early blastocyst (E6-8),-4.919624,4.1765175
P14_GATGAATC,E6,P14,GSE168106,in_vivo,in_vivo,Han2022,Early blastocyst (E6-8),4.17647,10.844763
P14_GCCAAGAC,E6,P14,GSE168106,in_vivo,in_vivo,Han2022,Early blastocyst (E6-8),4.74122,9.094692
P14_GCCACATA,E6,P14,GSE168106,in_vivo,in_vivo,Han2022,Early blastocyst (E6-8),4.1231003,11.151669
P14_GCGAGTAA,E6,P14,GSE168106,in_vivo,in_vivo,Han2022,Early blastocyst (E6-8),-4.6353693,4.1786814
P14_GCTAACGA,E6,P14,GSE168106,in_vivo,in_vivo,Han2022,Early blastocyst (E6-8),3.6814682,11.583064
P14_GGAGAACA,E6,P14,GSE168106,in_vivo,in_vivo,Han2022,Early blastocyst (E6-8),4.006794,11.314344
P14_GGTGCGAA,E6,P14,GSE168106,in_vivo,in_vivo,Han2022,Early blastocyst (E6-8),3.9968138,11.229446
P14_GTACGCAA,E6,P14,GSE168106,in_vivo,in_vivo,Han2022,Early blastocyst (E6-8),4.499983,10.1105
P14_GTCGTAGA,E6,P14,GSE168106,in_vivo,in_vivo,Han2022,Early blastocyst (E6-8),4.760844,8.686942
P14_GTCTGTCA,E6,P14,GSE168106,in_vivo,in_vivo,Han2022,Early blastocyst (E6-8),4.064074,11.25032
P14_GTGTTCTA,E6,P14,GSE168106,in_vivo,in_vivo,Han2022,Early blastocyst (E6-8),4.1466656,10.904595
P14_TAGGATGA,E6,P14,GSE168106,in_vivo,in_vivo,Han2022,Early blastocyst (E6-8),-4.7108364,4.2173986
P14_TATCAGCA,E6,P14,GSE168106,in_vivo,in_vivo,Han2022,Early blastocyst (E6-8),-4.6446333,4.1211977
P14_TCCGTCTA,E6,P14,GSE168106,in_vivo,in_vivo,Han2022,Early blastocyst (E6-8),-4.881801,4.152619
P14_TCTTCACA,E6,P14,GSE168106,in_vivo,in_vivo,Han2022,Early blastocyst (E6-8),-4.0865407,4.1794105
P14_TGAAGAGA,E6,P14,GSE168106,in_vivo,in_vivo,Han2022,Early blastocyst (E6-8),-4.3439837,4.198038
P14_TGGAACAA,E6,P14,GSE168106,in_vivo,in_vivo,Han2022,Early blastocyst (E6-8),3.7267191,11.690318
P14_TGGCTTCA,E6,P14,GSE168106,in_vivo,in_vivo,Han2022,Early blastocyst (E6-8),3.6599805,11.560749
P14_TGGTGGTA,E6,P14,GSE168106,in_vivo,in_vivo,Han2022,Early blastocyst (E6-8),3.860281,11.84796
P14_TTCACGCA,E6,P14,GSE168106,in_vivo,in_vivo,Han2022,Early blastocyst (E6-8),3.7076373,11.659954
P15_AAACATCG,E6,P15,GSE168106,in_vivo,in_vivo,Han2022,Early blastocyst (E6-8),4.621283,9.729176
P15_AACAACCA,E6,P15,GSE168106,in_vivo,in_vivo,Han2022,Early blastocyst (E6-8),4.8119097,8.776289
P15_AACCGAGA,E6,P15,GSE168106,in_vivo,in_vivo,Han2022,Early blastocyst (E6-8),4.713872,9.414951
P15_AACGCTTA,E6,P15,GSE168106,in_vivo,in_vivo,Han2022,Early blastocyst (E6-8),4.4300437,10.090137
P15_AACGTGAT,E6,P15,GSE168106,in_vivo,in_vivo,Han2022,Early blastocyst (E6-8),4.7664394,9.357596
P15_AACTCACC,E10,P15,GSE168106,in_vivo,in_vivo,Han2022,Hatched blastocyst (E9-10),-2.1857102,7.257354
P15_AAGACGGA,E6,P15,GSE168106,in_vivo,in_vivo,Han2022,Early blastocyst (E6-8),-3.6832335,4.3034654
P15_AAGAGATC,E10,P15,GSE168106,in_vivo,in_vivo,Han2022,Hatched blastocyst (E9-10),-2.3114824,7.9585185
P15_AAGGACAC,E10,P15,GSE168106,in_vivo,in_vivo,Han2022,Hatched blastocyst (E9-10),-2.0943978,6.7969046
P15_AAGGTACA,E6,P15,GSE168106,in_vivo,in_vivo,Han2022,Early blastocyst (E6-8),6.0460153,8.032018
P15_AATCCGTC,E10,P15,GSE168106,in_vivo,in_vivo,Han2022,Hatched blastocyst (E9-10),-1.9133506,6.8568015
P15_AATGTTGC,E10,P15,GSE168106,in_vivo,in_vivo,Han2022,Hatched blastocyst (E9-10),2.4361737,3.7836878
P15_ACACAGAA,E6,P15,GSE168106,in_vivo,in_vivo,Han2022,Early blastocyst (E6-8),-4.2237825,4.294056
P15_ACACGACC,E10,P15,GSE168106,in_vivo,in_vivo,Han2022,Hatched blastocyst (E9-10),-2.0782852,9.355783
P15_ACAGATTC,E10,P15,GSE168106,in_vivo,in_vivo,Han2022,Hatched blastocyst (E9-10),-2.1997867,7.4971747
P15_ACAGCAGA,E6,P15,GSE168106,in_vivo,in_vivo,Han2022,Early blastocyst (E6-8),-3.7630002,4.3687453
P15_ACATTGGC,E6,P15,GSE168106,in_vivo,in_vivo,Han2022,Early blastocyst (E6-8),4.8409886,8.872219
P15_ACCACTGT,E6,P15,GSE168106,in_vivo,in_vivo,Han2022,Early blastocyst (E6-8),4.655726,9.23686
P15_ACCTCCAA,E6,P15,GSE168106,in_vivo,in_vivo,Han2022,Early blastocyst (E6-8),-3.8012993,4.309262
P15_ACTATGCA,E6,P15,GSE168106,in_vivo,in_vivo,Han2022,Early blastocyst (E6-8),6.916114,5.652939
P15_AGAGTCAA,E6,P15,GSE168106,in_vivo,in_vivo,Han2022,Early blastocyst (E6-8),-4.3126917,4.230114
P15_AGATCGCA,E6,P15,GSE168106,in_vivo,in_vivo,Han2022,Early blastocyst (E6-8),6.3105807,8.689954
P15_AGATGTAC,E10,P15,GSE168106,in_vivo,in_vivo,Han2022,Hatched blastocyst (E9-10),-2.1447499,9.483625
P15_AGCACCTC,E10,P15,GSE168106,in_vivo,in_vivo,Han2022,Hatched blastocyst (E9-10),-2.3541684,8.249367
P15_AGCCATGC,E10,P15,GSE168106,in_vivo,in_vivo,Han2022,Hatched blastocyst (E9-10),-2.3501627,7.7019234
P15_AGGCTAAC,E10,P15,GSE168106,in_vivo,in_vivo,Han2022,Hatched blastocyst (E9-10),-0.8947877,5.397096
P15_AGTACAAG,E6,P15,GSE168106,in_vivo,in_vivo,Han2022,Early blastocyst (E6-8),4.629561,9.870839
P15_AGTCACTA,E6,P15,GSE168106,in_vivo,in_vivo,Han2022,Early blastocyst (E6-8),-4.0603995,4.197731
P15_AGTGGTCA,E6,P15,GSE168106,in_vivo,in_vivo,Han2022,Early blastocyst (E6-8),5.254406,7.5120096
P15_ATAGCGAC,E10,P15,GSE168106,in_vivo,in_vivo,Han2022,Hatched blastocyst (E9-10),-2.3169668,8.975992
P15_ATCATTCC,E10,P15,GSE168106,in_vivo,in_vivo,Han2022,Hatched blastocyst (E9-10),-2.0524552,9.495241
P15_ATCCTGTA,E6,P15,GSE168106,in_vivo,in_vivo,Han2022,Early blastocyst (E6-8),4.665854,9.102737
P15_ATGCCTAA,E6,P15,GSE168106,in_vivo,in_vivo,Han2022,Early blastocyst (E6-8),5.02554,7.9021277
P15_ATTGAGGA,E6,P15,GSE168106,in_vivo,in_vivo,Han2022,Early blastocyst (E6-8),3.7758687,11.578674
P15_ATTGGCTC,E10,P15,GSE168106,in_vivo,in_vivo,Han2022,Hatched blastocyst (E9-10),-2.2920067,8.888055
P15_CAACCACA,E6,P15,GSE168106,in_vivo,in_vivo,Han2022,Early blastocyst (E6-8),3.7380137,11.506249
P15_CAAGGAGC,E10,P15,GSE168106,in_vivo,in_vivo,Han2022,Hatched blastocyst (E9-10),-2.2493064,7.424668
P15_CACCTTAC,E10,P15,GSE168106,in_vivo,in_vivo,Han2022,Hatched blastocyst (E9-10),-2.2544544,8.842128
P15_CACTTCGA,E6,P15,GSE168106,in_vivo,in_vivo,Han2022,Early blastocyst (E6-8),5.667737,7.285099
P15_CAGATCTG,E6,P15,GSE168106,in_vivo,in_vivo,Han2022,Early blastocyst (E6-8),4.7742214,9.48782
P15_CATCAAGT,E6,P15,GSE168106,in_vivo,in_vivo,Han2022,Early blastocyst (E6-8),4.641692,9.441142
P15_CCATCCTC,E10,P15,GSE168106,in_vivo,in_vivo,Han2022,Hatched blastocyst (E9-10),-1.3744519,5.7924323
P15_CCGAAGTA,E6,P15,GSE168106,in_vivo,in_vivo,Han2022,Early blastocyst (E6-8),5.349552,7.444944
P15_CCGACAAC,E10,P15,GSE168106,in_vivo,in_vivo,Han2022,Hatched blastocyst (E9-10),-2.3232174,8.769535
P15_CCTAATCC,E10,P15,GSE168106,in_vivo,in_vivo,Han2022,Hatched blastocyst (E9-10),-2.1184082,8.814445
P15_CCTCTATC,E10,P15,GSE168106,in_vivo,in_vivo,Han2022,Hatched blastocyst (E9-10),-1.5745369,6.2760515
P15_CGAACTTA,E6,P15,GSE168106,in_vivo,in_vivo,Han2022,Early blastocyst (E6-8),4.735046,8.952577
P15_CGACACAC,E10,P15,GSE168106,in_vivo,in_vivo,Han2022,Hatched blastocyst (E9-10),-2.0671756,8.991073
P15_CGACTGGA,E6,P15,GSE168106,in_vivo,in_vivo,Han2022,Early blastocyst (E6-8),7.0965934,5.7948675
P15_CGCTGATC,E6,P15,GSE168106,in_vivo,in_vivo,Han2022,Early blastocyst (E6-8),5.080177,6.2922406
P15_CGGATTGC,E10,P15,GSE168106,in_vivo,in_vivo,Han2022,Hatched blastocyst (E9-10),-2.050508,9.360651
P15_CTAAGGTC,E10,P15,GSE168106,in_vivo,in_vivo,Han2022,Hatched blastocyst (E9-10),-2.1622856,7.2634397
P15_CTCAATGA,E6,P15,GSE168106,in_vivo,in_vivo,Han2022,Early blastocyst (E6-8),6.2191215,6.605484
P15_CTGTAGCC,E6,P15,GSE168106,in_vivo,in_vivo,Han2022,Early blastocyst (E6-8),4.5707073,9.932522
P15_GAACAGGC,E10,P15,GSE168106,in_vivo,in_vivo,Han2022,Hatched blastocyst (E9-10),-2.197611,8.788904
P15_GACAGTGC,E10,P15,GSE168106,in_vivo,in_vivo,Han2022,Hatched blastocyst (E9-10),-1.8491824,6.5101357
P15_GAGTTAGC,E10,P15,GSE168106,in_vivo,in_vivo,Han2022,Hatched blastocyst (E9-10),-2.3705916,8.984004
P15_GATAGACA,E10,P15,GSE168106,in_vivo,in_vivo,Han2022,Hatched blastocyst (E9-10),-2.0207946,6.957183
P15_GATGAATC,E10,P15,GSE168106,in_vivo,in_vivo,Han2022,Hatched blastocyst (E9-10),-2.3757656,8.458018
P15_GCCAAGAC,E10,P15,GSE168106,in_vivo,in_vivo,Han2022,Hatched blastocyst (E9-10),-2.2956598,7.6983795
P15_GCCACATA,E10,P15,GSE168106,in_vivo,in_vivo,Han2022,Hatched blastocyst (E9-10),-2.2949052,8.713907
P15_GCGAGTAA,E10,P15,GSE168106,in_vivo,in_vivo,Han2022,Hatched blastocyst (E9-10),-2.0385823,6.5709777
P15_GCTAACGA,E10,P15,GSE168106,in_vivo,in_vivo,Han2022,Hatched blastocyst (E9-10),-2.0511067,6.792675
P15_GCTCGGTA,E10,P15,GSE168106,in_vivo,in_vivo,Han2022,Hatched blastocyst (E9-10),-2.3114374,7.6944647
P15_GGAGAACA,E10,P15,GSE168106,in_vivo,in_vivo,Han2022,Hatched blastocyst (E9-10),-2.3519585,7.6435375
P15_GGTGCGAA,E10,P15,GSE168106,in_vivo,in_vivo,Han2022,Hatched blastocyst (E9-10),-2.2937129,7.5638685
P15_GTACGCAA,E10,P15,GSE168106,in_vivo,in_vivo,Han2022,Hatched blastocyst (E9-10),-1.0745499,5.483741
P15_GTCGTAGA,E10,P15,GSE168106,in_vivo,in_vivo,Han2022,Hatched blastocyst (E9-10),-2.0130022,9.459437
P15_GTCTGTCA,E10,P15,GSE168106,in_vivo,in_vivo,Han2022,Hatched blastocyst (E9-10),-2.166195,9.326006
P15_TAGGATGA,E10,P15,GSE168106,in_vivo,in_vivo,Han2022,Hatched blastocyst (E9-10),-2.2436182,9.23286
P15_TATCAGCA,E10,P15,GSE168106,in_vivo,in_vivo,Han2022,Hatched blastocyst (E9-10),-2.0370457,9.51673
P15_TCCGTCTA,E10,P15,GSE168106,in_vivo,in_vivo,Han2022,Hatched blastocyst (E9-10),-2.1070976,9.518993
P15_TCTTCACA,E10,P15,GSE168106,in_vivo,in_vivo,Han2022,Hatched blastocyst (E9-10),-2.0176556,9.493346
P15_TGAAGAGA,E10,P15,GSE168106,in_vivo,in_vivo,Han2022,Hatched blastocyst (E9-10),-2.2782834,7.159747
P15_TGGAACAA,E10,P15,GSE168106,in_vivo,in_vivo,Han2022,Hatched blastocyst (E9-10),-2.3150613,7.8248816
P15_TGGCTTCA,E10,P15,GSE168106,in_vivo,in_vivo,Han2022,Hatched blastocyst (E9-10),-2.3706048,8.544486
P15_TGGTGGTA,E10,P15,GSE168106,in_vivo,in_vivo,Han2022,Hatched blastocyst (E9-10),-2.1645503,9.006103
P15_TTCACGCA,E10,P15,GSE168106,in_vivo,in_vivo,Han2022,Hatched blastocyst (E9-10),-2.3474548,8.714056
P16_AAACATCG,E10,P16,GSE168106,in_vivo,in_vivo,Han2022,Hatched blastocyst (E9-10),-2.2000654,8.781805
P16_AACAACCA,E10,P16,GSE168106,in_vivo,in_vivo,Han2022,Hatched blastocyst (E9-10),-1.1276606,5.7128344
P16_AACCGAGA,E10,P16,GSE168106,in_vivo,in_vivo,Han2022,Hatched blastocyst (E9-10),-2.2999403,7.686199
P16_AACGCTTA,E10,P16,GSE168106,in_vivo,in_vivo,Han2022,Hatched blastocyst (E9-10),-2.034511,6.621025
P16_AACGTGAT,E10,P16,GSE168106,in_vivo,in_vivo,Han2022,Hatched blastocyst (E9-10),-2.014211,9.42606
P16_AACTCACC,E10,P16,GSE168106,in_vivo,in_vivo,Han2022,Hatched blastocyst (E9-10),6.3841114,5.8510194
P16_AAGACGGA,E10,P16,GSE168106,in_vivo,in_vivo,Han2022,Hatched blastocyst (E9-10),-2.3631582,7.497078
P16_AAGAGATC,E10,P16,GSE168106,in_vivo,in_vivo,Han2022,Hatched blastocyst (E9-10),-4.542965,7.1923504
P16_AAGGACAC,E10,P16,GSE168106,in_vivo,in_vivo,Han2022,Hatched blastocyst (E9-10),3.5233681,6.2891164
P16_AAGGTACA,E10,P16,GSE168106,in_vivo,in_vivo,Han2022,Hatched blastocyst (E9-10),-1.984821,6.677593
P16_AATCCGTC,E10,P16,GSE168106,in_vivo,in_vivo,Han2022,Hatched blastocyst (E9-10),-5.4296618,6.2261357
P16_AATGTTGC,E10,P16,GSE168106,in_vivo,in_vivo,Han2022,Hatched blastocyst (E9-10),4.355255,6.2607694
P16_ACAAGCTA,E10,P16,GSE168106,in_vivo,in_vivo,Han2022,Hatched blastocyst (E9-10),-2.1000843,8.633877
P16_ACACAGAA,E10,P16,GSE168106,in_vivo,in_vivo,Han2022,Hatched blastocyst (E9-10),-2.1925023,7.8943715
P16_ACACGACC,E10,P16,GSE168106,in_vivo,in_vivo,Han2022,Hatched blastocyst (E9-10),3.4104397,6.523013
P16_ACAGATTC,E10,P16,GSE168106,in_vivo,in_vivo,Han2022,Hatched blastocyst (E9-10),-4.253795,5.8764462
P16_ACAGCAGA,E10,P16,GSE168106,in_vivo,in_vivo,Han2022,Hatched blastocyst (E9-10),-1.856332,6.3501806
P16_ACATTGGC,E10,P16,GSE168106,in_vivo,in_vivo,Han2022,Hatched blastocyst (E9-10),-1.9883041,7.4332256
P16_ACCACTGT,E10,P16,GSE168106,in_vivo,in_vivo,Han2022,Hatched blastocyst (E9-10),-1.8039306,7.095099
P16_ACGCTCGA,E10,P16,GSE168106,in_vivo,in_vivo,Han2022,Hatched blastocyst (E9-10),-1.5833347,6.0658054
P16_ACGTATCA,E10,P16,GSE168106,in_vivo,in_vivo,Han2022,Hatched blastocyst (E9-10),-2.2948685,8.761594
P16_ACTATGCA,E10,P16,GSE168106,in_vivo,in_vivo,Han2022,Hatched blastocyst (E9-10),5.498154,5.5988226
P16_AGAGTCAA,E10,P16,GSE168106,in_vivo,in_vivo,Han2022,Hatched blastocyst (E9-10),-2.1804116,7.4542456
P16_AGATCGCA,E10,P16,GSE168106,in_vivo,in_vivo,Han2022,Hatched blastocyst (E9-10),-2.1201267,9.447236
P16_AGATGTAC,E10,P16,GSE168106,in_vivo,in_vivo,Han2022,Hatched blastocyst (E9-10),5.049242,6.21433
P16_AGCACCTC,E10,P16,GSE168106,in_vivo,in_vivo,Han2022,Hatched blastocyst (E9-10),4.704373,6.124911
P16_AGCAGGAA,E10,P16,GSE168106,in_vivo,in_vivo,Han2022,Hatched blastocyst (E9-10),-2.1612208,9.022435
P16_AGCCATGC,E10,P16,GSE168106,in_vivo,in_vivo,Han2022,Hatched blastocyst (E9-10),-4.6690235,7.828224
P16_AGGCTAAC,E10,P16,GSE168106,in_vivo,in_vivo,Han2022,Hatched blastocyst (E9-10),-3.9372613,5.9929023
P16_AGTACAAG,E10,P16,GSE168106,in_vivo,in_vivo,Han2022,Hatched blastocyst (E9-10),5.2597733,5.536094
P16_AGTCACTA,E10,P16,GSE168106,in_vivo,in_vivo,Han2022,Hatched blastocyst (E9-10),-1.9161888,8.805274
P16_AGTGGTCA,E10,P16,GSE168106,in_vivo,in_vivo,Han2022,Hatched blastocyst (E9-10),-2.0529823,9.495124
P16_ATAGCGAC,E10,P16,GSE168106,in_vivo,in_vivo,Han2022,Hatched blastocyst (E9-10),-4.427065,5.9460087
P16_ATCATTCC,E10,P16,GSE168106,in_vivo,in_vivo,Han2022,Hatched blastocyst (E9-10),-4.3980694,7.255456
P16_ATCCTGTA,E10,P16,GSE168106,in_vivo,in_vivo,Han2022,Hatched blastocyst (E9-10),-1.8395272,6.5772953
P16_ATGCCTAA,E10,P16,GSE168106,in_vivo,in_vivo,Han2022,Hatched blastocyst (E9-10),-1.5836383,6.7339387
P16_ATTGAGGA,E10,P16,GSE168106,in_vivo,in_vivo,Han2022,Hatched blastocyst (E9-10),-2.1232793,7.516255
P16_ATTGGCTC,E10,P16,GSE168106,in_vivo,in_vivo,Han2022,Hatched blastocyst (E9-10),-5.1588707,9.188148
P16_CAACCACA,E10,P16,GSE168106,in_vivo,in_vivo,Han2022,Hatched blastocyst (E9-10),-2.1152205,7.6078677
P16_CAAGACTA,E10,P16,GSE168106,in_vivo,in_vivo,Han2022,Hatched blastocyst (E9-10),-0.9992868,5.5115676
P16_CAAGGAGC,E10,P16,GSE168106,in_vivo,in_vivo,Han2022,Hatched blastocyst (E9-10),-2.0456133,9.3499565
P16_CAATGGAA,E10,P16,GSE168106,in_vivo,in_vivo,Han2022,Hatched blastocyst (E9-10),-1.452464,5.9262366
P16_CACCTTAC,E10,P16,GSE168106,in_vivo,in_vivo,Han2022,Hatched blastocyst (E9-10),-4.479468,9.705152
P16_CACTTCGA,E10,P16,GSE168106,in_vivo,in_vivo,Han2022,Hatched blastocyst (E9-10),-1.902338,6.3717294
P16_CAGATCTG,E10,P16,GSE168106,in_vivo,in_vivo,Han2022,Hatched blastocyst (E9-10),-2.1641548,7.4295154
P16_CAGCGTTA,E10,P16,GSE168106,in_vivo,in_vivo,Han2022,Hatched blastocyst (E9-10),2.6116073,3.8536785
P16_CATACCAA,E10,P16,GSE168106,in_vivo,in_vivo,Han2022,Hatched blastocyst (E9-10),-1.8274285,6.2695475
P16_CATCAAGT,E10,P16,GSE168106,in_vivo,in_vivo,Han2022,Hatched blastocyst (E9-10),0.22324334,4.042226
P16_CCAGTTCA,E10,P16,GSE168106,in_vivo,in_vivo,Han2022,Hatched blastocyst (E9-10),-1.9596188,6.4682283
P16_CCATCCTC,E10,P16,GSE168106,in_vivo,in_vivo,Han2022,Hatched blastocyst (E9-10),-4.833773,9.547449
P16_CCGAAGTA,E10,P16,GSE168106,in_vivo,in_vivo,Han2022,Hatched blastocyst (E9-10),5.1468916,5.2232366
P16_CCGACAAC,E10,P16,GSE168106,in_vivo,in_vivo,Han2022,Hatched blastocyst (E9-10),-5.259874,8.922549
P16_CCGTGAGA,E10,P16,GSE168106,in_vivo,in_vivo,Han2022,Hatched blastocyst (E9-10),-1.5992796,5.8349733
P16_CCTAATCC,E10,P16,GSE168106,in_vivo,in_vivo,Han2022,Hatched blastocyst (E9-10),-1.9704506,9.30402
P16_CCTCCTGA,E10,P16,GSE168106,in_vivo,in_vivo,Han2022,Hatched blastocyst (E9-10),-1.561791,5.8951006
P16_CCTCTATC,E10,P16,GSE168106,in_vivo,in_vivo,Han2022,Hatched blastocyst (E9-10),-4.8404922,9.562111
P16_CGAACTTA,E10,P16,GSE168106,in_vivo,in_vivo,Han2022,Hatched blastocyst (E9-10),-2.0746217,7.388573
P16_CGACTGGA,E10,P16,GSE168106,in_vivo,in_vivo,Han2022,Hatched blastocyst (E9-10),-2.0339563,6.419292
P16_CGCATACA,E10,P16,GSE168106,in_vivo,in_vivo,Han2022,Hatched blastocyst (E9-10),-1.861283,6.3101516
P16_CGCTGATC,E10,P16,GSE168106,in_vivo,in_vivo,Han2022,Hatched blastocyst (E9-10),-1.9639304,8.640839
P16_CTCAATGA,E10,P16,GSE168106,in_vivo,in_vivo,Han2022,Hatched blastocyst (E9-10),-1.4245453,5.7456584
P16_CTGAGCCA,E10,P16,GSE168106,in_vivo,in_vivo,Han2022,Hatched blastocyst (E9-10),6.4781513,5.673015
P16_CTGGCATA,E10,P16,GSE168106,in_vivo,in_vivo,Han2022,Hatched blastocyst (E9-10),-2.3408945,7.640813
P16_CTGTAGCC,E10,P16,GSE168106,in_vivo,in_vivo,Han2022,Hatched blastocyst (E9-10),-1.5309526,6.000238
P16_GAATCTGA,E10,P16,GSE168106,in_vivo,in_vivo,Han2022,Hatched blastocyst (E9-10),-1.5069247,5.7981095
P16_GACTAGTA,E10,P16,GSE168106,in_vivo,in_vivo,Han2022,Hatched blastocyst (E9-10),-1.754539,6.029282
P16_GAGCTGAA,E10,P16,GSE168106,in_vivo,in_vivo,Han2022,Hatched blastocyst (E9-10),-1.558196,5.786724
P16_GATAGACA,E10,P16,GSE168106,in_vivo,in_vivo,Han2022,Hatched blastocyst (E9-10),3.929163,6.159205
P16_GCCACATA,E10,P16,GSE168106,in_vivo,in_vivo,Han2022,Hatched blastocyst (E9-10),-5.9121966,6.40898
P16_GCTCGGTA,E10,P16,GSE168106,in_vivo,in_vivo,Han2022,Hatched blastocyst (E9-10),3.7029848,6.2453117
P16_GGAGAACA,E10,P16,GSE168106,in_vivo,in_vivo,Han2022,Hatched blastocyst (E9-10),-6.08299,6.6997333
P16_GGTGCGAA,E10,P16,GSE168106,in_vivo,in_vivo,Han2022,Hatched blastocyst (E9-10),-6.009523,6.6057825
P16_GTACGCAA,E10,P16,GSE168106,in_vivo,in_vivo,Han2022,Hatched blastocyst (E9-10),4.074582,6.716162
P16_GTCGTAGA,E10,P16,GSE168106,in_vivo,in_vivo,Han2022,Hatched blastocyst (E9-10),-1.9122205,7.0811477
P16_GTGTTCTA,E10,P16,GSE168106,in_vivo,in_vivo,Han2022,Hatched blastocyst (E9-10),-4.36116,5.7722
P16_TAGGATGA,E10,P16,GSE168106,in_vivo,in_vivo,Han2022,Hatched blastocyst (E9-10),-5.9288497,6.4182787
P16_TATCAGCA,E10,P16,GSE168106,in_vivo,in_vivo,Han2022,Hatched blastocyst (E9-10),-6.200929,6.7862954
P16_TCCGTCTA,E10,P16,GSE168106,in_vivo,in_vivo,Han2022,Hatched blastocyst (E9-10),-6.0926905,6.951276
P16_TCTTCACA,E10,P16,GSE168106,in_vivo,in_vivo,Han2022,Hatched blastocyst (E9-10),-5.8597527,6.5952234
P16_TGAAGAGA,E10,P16,GSE168106,in_vivo,in_vivo,Han2022,Hatched blastocyst (E9-10),-5.4963155,6.182229
P16_TGGAACAA,E10,P16,GSE168106,in_vivo,in_vivo,Han2022,Hatched blastocyst (E9-10),-5.9816008,6.4705043
P16_TGGCTTCA,E10,P16,GSE168106,in_vivo,in_vivo,Han2022,Hatched blastocyst (E9-10),-3.457546,5.9530234
P16_TGGTGGTA,E10,P16,GSE168106,in_vivo,in_vivo,Han2022,Hatched blastocyst (E9-10),3.6113558,6.745272
P16_TTCACGCA,E10,P16,GSE168106,in_vivo,in_vivo,Han2022,Hatched blastocyst (E9-10),3.5835574,6.3436713
P1_AAACATCG,E2,P1,GSE168106,in_vivo,in_vivo,Han2022,E2 (2C),11.302281,10.771078
P1_AACAACCA,E1,P1,GSE168106,in_vivo,in_vivo,Han2022,Zygote/E0-E1,8.314845,9.246783
P1_AACCGAGA,E1,P1,GSE168106,in_vivo,in_vivo,Han2022,Zygote/E0-E1,8.158116,9.055449
P1_AACGCTTA,E1,P1,GSE168106,in_vivo,in_vivo,Han2022,Zygote/E0-E1,7.6531663,8.557304
P1_AACGTGAT,E2,P1,GSE168106,in_vivo,in_vivo,Han2022,E2 (2C),11.327456,10.648403
P1_AACTCACC,E4,P1,GSE168106,in_vivo,in_vivo,Han2022,Morula (E4-5),8.205064,9.922428
P1_AAGAGATC,E4,P1,GSE168106,in_vivo,in_vivo,Han2022,Morula (E4-5),8.808944,10.095649
P1_AAGGACAC,E4,P1,GSE168106,in_vivo,in_vivo,Han2022,Morula (E4-5),8.651119,10.234753
P1_AATCCGTC,E4,P1,GSE168106,in_vivo,in_vivo,Han2022,Morula (E4-5),7.622927,9.549249
P1_AATGTTGC,E4,P1,GSE168106,in_vivo,in_vivo,Han2022,Morula (E4-5),6.761367,7.957134
P1_ACACAGAA,E0,P1,GSE168106,in_vivo,in_vivo,Han2022,Zygote/E0-E1,11.277116,10.828973
P1_ACAGATTC,E4,P1,GSE168106,in_vivo,in_vivo,Han2022,Morula (E4-5),7.203143,8.43061
P1_ACAGCAGA,E0,P1,GSE168106,in_vivo,in_vivo,Han2022,Zygote/E0-E1,7.8840585,8.79606
P1_ACATTGGC,E2,P1,GSE168106,in_vivo,in_vivo,Han2022,E2 (2C),11.887191,10.281573
P1_ACCACTGT,E2,P1,GSE168106,in_vivo,in_vivo,Han2022,E2 (2C),11.801013,10.303931
P1_ACCTCCAA,E0,P1,GSE168106,in_vivo,in_vivo,Han2022,Zygote/E0-E1,6.897212,6.7171464
P1_ACGCTCGA,E0,P1,GSE168106,in_vivo,in_vivo,Han2022,Zygote/E0-E1,11.207146,10.906292
P1_AGATGTAC,E4,P1,GSE168106,in_vivo,in_vivo,Han2022,Morula (E4-5),6.7876406,7.582054
P1_AGCCATGC,E4,P1,GSE168106,in_vivo,in_vivo,Han2022,Morula (E4-5),7.098812,8.797316
P1_AGGCTAAC,E4,P1,GSE168106,in_vivo,in_vivo,Han2022,Morula (E4-5),6.972696,8.247849
P1_AGTACAAG,E1,P1,GSE168106,in_vivo,in_vivo,Han2022,Zygote/E0-E1,8.1660795,9.112462
P1_AGTGGTCA,E2,P1,GSE168106,in_vivo,in_vivo,Han2022,E2 (2C),11.633423,10.347102
P1_ATCATTCC,E4,P1,GSE168106,in_vivo,in_vivo,Han2022,Morula (E4-5),7.5383186,8.969888
P1_ATGCCTAA,E2,P1,GSE168106,in_vivo,in_vivo,Han2022,E2 (2C),11.654987,10.519226
P1_ATTGGCTC,E4,P1,GSE168106,in_vivo,in_vivo,Han2022,Morula (E4-5),7.056042,8.787101
P1_CAAGACTA,E3,P1,GSE168106,in_vivo,in_vivo,Han2022,E3 (4-8C),8.530667,9.3014765
P1_CAAGGAGC,E4,P1,GSE168106,in_vivo,in_vivo,Han2022,Morula (E4-5),7.3442044,8.874316
P1_CAATGGAA,E3,P1,GSE168106,in_vivo,in_vivo,Han2022,E3 (4-8C),9.273746,9.535278
P1_CACTTCGA,E3,P1,GSE168106,in_vivo,in_vivo,Han2022,E3 (4-8C),9.2124195,9.410747
P1_CAGATCTG,E2,P1,GSE168106,in_vivo,in_vivo,Han2022,E2 (2C),11.359458,10.768684
P1_CAGCGTTA,E3,P1,GSE168106,in_vivo,in_vivo,Han2022,E3 (4-8C),7.6062803,8.70324
P1_CATCAAGT,E2,P1,GSE168106,in_vivo,in_vivo,Han2022,E2 (2C),11.771555,10.333479
P1_CCGACAAC,E4,P1,GSE168106,in_vivo,in_vivo,Han2022,Morula (E4-5),8.227196,9.98764
P1_CCTAATCC,E4,P1,GSE168106,in_vivo,in_vivo,Han2022,Morula (E4-5),8.803651,9.95967
P1_CCTCTATC,E4,P1,GSE168106,in_vivo,in_vivo,Han2022,Morula (E4-5),6.7347975,8.099993
P1_CGCATACA,E3,P1,GSE168106,in_vivo,in_vivo,Han2022,E3 (4-8C),7.976029,8.875287
P1_CGCTGATC,E1,P1,GSE168106,in_vivo,in_vivo,Han2022,Zygote/E0-E1,11.625167,10.301285
P1_CTAAGGTC,E4,P1,GSE168106,in_vivo,in_vivo,Han2022,Morula (E4-5),7.487796,9.33086
P1_CTCAATGA,E3,P1,GSE168106,in_vivo,in_vivo,Han2022,E3 (4-8C),9.197844,9.521833
P1_CTGAGCCA,E3,P1,GSE168106,in_vivo,in_vivo,Han2022,E3 (4-8C),9.195575,9.49827
P1_CTGGCATA,E3,P1,GSE168106,in_vivo,in_vivo,Han2022,E3 (4-8C),9.333671,9.437572
P1_CTGTAGCC,E1,P1,GSE168106,in_vivo,in_vivo,Han2022,Zygote/E0-E1,7.559112,8.5084305
P1_GAACAGGC,E4,P1,GSE168106,in_vivo,in_vivo,Han2022,Morula (E4-5),6.72006,8.090042
P1_GAATCTGA,E3,P1,GSE168106,in_vivo,in_vivo,Han2022,E3 (4-8C),7.681666,8.690413
P1_GACTAGTA,E3,P1,GSE168106,in_vivo,in_vivo,Han2022,E3 (4-8C),9.043991,9.443812
P1_GAGCTGAA,E3,P1,GSE168106,in_vivo,in_vivo,Han2022,E3 (4-8C),8.177749,9.040703
P1_GAGTTAGC,E4,P1,GSE168106,in_vivo,in_vivo,Han2022,Morula (E4-5),8.944009,9.968034
P1_GATAGACA,E3,P1,GSE168106,in_vivo,in_vivo,Han2022,E3 (4-8C),9.215085,9.523694
P1_GATGAATC,E4,P1,GSE168106,in_vivo,in_vivo,Han2022,Morula (E4-5),8.664954,10.202078
P1_GCCAAGAC,E4,P1,GSE168106,in_vivo,in_vivo,Han2022,Morula (E4-5),8.709528,10.196672
P1_GCCACATA,E3,P1,GSE168106,in_vivo,in_vivo,Han2022,E3 (4-8C),9.296177,9.472763
P1_GCGAGTAA,E3,P1,GSE168106,in_vivo,in_vivo,Han2022,E3 (4-8C),9.340395,9.499242
P1_GCTAACGA,E3,P1,GSE168106,in_vivo,in_vivo,Han2022,E3 (4-8C),9.444306,9.627469
P1_GCTCGGTA,E3,P1,GSE168106,in_vivo,in_vivo,Han2022,E3 (4-8C),8.605527,9.241481
P1_GGAGAACA,E3,P1,GSE168106,in_vivo,in_vivo,Han2022,E3 (4-8C),8.786949,9.310591
P1_TGGAACAA,E4,P1,GSE168106,in_vivo,in_vivo,Han2022,Morula (E4-5),8.457023,10.088171
P1_TGGCTTCA,E4,P1,GSE168106,in_vivo,in_vivo,Han2022,Morula (E4-5),8.6016445,10.234418
P1_TGGTGGTA,E4,P1,GSE168106,in_vivo,in_vivo,Han2022,Morula (E4-5),8.3290205,10.101206
P1_TTCACGCA,E4,P1,GSE168106,in_vivo,in_vivo,Han2022,Morula (E4-5),7.377062,9.030303
P17_AAACATCG,E9,P17,GSE168106,in_vivo,in_vivo,Han2022,Hatched blastocyst (E9-10),-4.8362837,9.519675
P17_AACAACCA,E9,P17,GSE168106,in_vivo,in_vivo,Han2022,Hatched blastocyst (E9-10),-4.483751,8.2898035
P17_AACCGAGA,E9,P17,GSE168106,in_vivo,in_vivo,Han2022,Hatched blastocyst (E9-10),-4.7419934,8.4531145
P17_AACGCTTA,E9,P17,GSE168106,in_vivo,in_vivo,Han2022,Hatched blastocyst (E9-10),-4.259711,7.566408
P17_AACGTGAT,E9,P17,GSE168106,in_vivo,in_vivo,Han2022,Hatched blastocyst (E9-10),-4.65949,8.489698
P17_AAGACGGA,E9,P17,GSE168106,in_vivo,in_vivo,Han2022,Hatched blastocyst (E9-10),-4.9323106,8.923654
P17_AAGAGATC,E9,P17,GSE168106,in_vivo,in_vivo,Han2022,Hatched blastocyst (E9-10),-4.8493366,9.508302
P17_AAGGACAC,E9,P17,GSE168106,in_vivo,in_vivo,Han2022,Hatched blastocyst (E9-10),-3.9753487,7.2095866
P17_AAGGTACA,E9,P17,GSE168106,in_vivo,in_vivo,Han2022,Hatched blastocyst (E9-10),-4.5924153,8.402324
P17_AATCCGTC,E9,P17,GSE168106,in_vivo,in_vivo,Han2022,Hatched blastocyst (E9-10),-4.7943625,9.733073
P17_ACAAGCTA,E9,P17,GSE168106,in_vivo,in_vivo,Han2022,Hatched blastocyst (E9-10),-4.986244,9.026216
P17_ACACAGAA,E9,P17,GSE168106,in_vivo,in_vivo,Han2022,Hatched blastocyst (E9-10),-4.314648,7.9722543
P17_ACACGACC,E9,P17,GSE168106,in_vivo,in_vivo,Han2022,Hatched blastocyst (E9-10),-1.7346259,6.8581195
P17_ACAGATTC,E9,P17,GSE168106,in_vivo,in_vivo,Han2022,Hatched blastocyst (E9-10),-2.2108595,8.753838
P17_ACAGCAGA,E9,P17,GSE168106,in_vivo,in_vivo,Han2022,Hatched blastocyst (E9-10),-3.966726,7.1323504
P17_ACATTGGC,E9,P17,GSE168106,in_vivo,in_vivo,Han2022,Hatched blastocyst (E9-10),-4.29607,7.7317066
P17_ACCACTGT,E9,P17,GSE168106,in_vivo,in_vivo,Han2022,Hatched blastocyst (E9-10),-3.7182596,6.885632
P17_ACGCTCGA,E9,P17,GSE168106,in_vivo,in_vivo,Han2022,Hatched blastocyst (E9-10),-3.7526767,6.767429
P17_ACGTATCA,E9,P17,GSE168106,in_vivo,in_vivo,Han2022,Hatched blastocyst (E9-10),-4.248366,7.5693555
P17_AGAGTCAA,E9,P17,GSE168106,in_vivo,in_vivo,Han2022,Hatched blastocyst (E9-10),4.546524,6.8919067
P17_AGATCGCA,E9,P17,GSE168106,in_vivo,in_vivo,Han2022,Hatched blastocyst (E9-10),-4.1741953,7.6098475
P17_AGATGTAC,E9,P17,GSE168106,in_vivo,in_vivo,Han2022,Hatched blastocyst (E9-10),-1.7201133,6.6300173
P17_AGCACCTC,E9,P17,GSE168106,in_vivo,in_vivo,Han2022,Hatched blastocyst (E9-10),-0.56324244,4.964667
P17_AGCCATGC,E9,P17,GSE168106,in_vivo,in_vivo,Han2022,Hatched blastocyst (E9-10),-2.4673102,8.494472
P17_AGGCTAAC,E9,P17,GSE168106,in_vivo,in_vivo,Han2022,Hatched blastocyst (E9-10),-2.3428795,8.590266
P17_AGTACAAG,E9,P17,GSE168106,in_vivo,in_vivo,Han2022,Hatched blastocyst (E9-10),-5.059985,9.099789
P17_AGTCACTA,E9,P17,GSE168106,in_vivo,in_vivo,Han2022,Hatched blastocyst (E9-10),-4.625064,8.231654
P17_AGTGGTCA,E9,P17,GSE168106,in_vivo,in_vivo,Han2022,Hatched blastocyst (E9-10),5.4317102,6.388607
P17_ATAGCGAC,E9,P17,GSE168106,in_vivo,in_vivo,Han2022,Hatched blastocyst (E9-10),-2.4329877,8.558431
P17_ATGCCTAA,E9,P17,GSE168106,in_vivo,in_vivo,Han2022,Hatched blastocyst (E9-10),-4.4910436,8.330067
P17_ATTGAGGA,E9,P17,GSE168106,in_vivo,in_vivo,Han2022,Hatched blastocyst (E9-10),-4.3975687,7.9836783
P17_CAACCACA,E9,P17,GSE168106,in_vivo,in_vivo,Han2022,Hatched blastocyst (E9-10),-4.634692,8.505979
P17_CAAGACTA,E9,P17,GSE168106,in_vivo,in_vivo,Han2022,Hatched blastocyst (E9-10),4.1371527,6.9386826
P17_CAATGGAA,E9,P17,GSE168106,in_vivo,in_vivo,Han2022,Hatched blastocyst (E9-10),-4.5726995,8.208776
P17_CAGATCTG,E9,P17,GSE168106,in_vivo,in_vivo,Han2022,Hatched blastocyst (E9-10),-3.7896686,6.963056
P17_CATACCAA,E9,P17,GSE168106,in_vivo,in_vivo,Han2022,Hatched blastocyst (E9-10),5.139689,7.1987104
P17_CATCAAGT,E9,P17,GSE168106,in_vivo,in_vivo,Han2022,Hatched blastocyst (E9-10),-3.9789429,7.337537
P17_CCAGTTCA,E9,P17,GSE168106,in_vivo,in_vivo,Han2022,Hatched blastocyst (E9-10),5.1522584,7.1246367
P17_CGACTGGA,E9,P17,GSE168106,in_vivo,in_vivo,Han2022,Hatched blastocyst (E9-10),-4.6819587,9.758647
P17_CGCATACA,E9,P17,GSE168106,in_vivo,in_vivo,Han2022,Hatched blastocyst (E9-10),-4.8090644,8.761074
P17_CGCTGATC,E9,P17,GSE168106,in_vivo,in_vivo,Han2022,Hatched blastocyst (E9-10),-4.768192,8.597931
P17_CTCAATGA,E9,P17,GSE168106,in_vivo,in_vivo,Han2022,Hatched blastocyst (E9-10),-4.908985,9.225114
P17_CTGAGCCA,E9,P17,GSE168106,in_vivo,in_vivo,Han2022,Hatched blastocyst (E9-10),-5.014052,8.746578
P17_CTGGCATA,E9,P17,GSE168106,in_vivo,in_vivo,Han2022,Hatched blastocyst (E9-10),-5.028947,9.256362
P17_CTGTAGCC,E9,P17,GSE168106,in_vivo,in_vivo,Han2022,Hatched blastocyst (E9-10),-4.5013647,8.128422
P17_GAATCTGA,E9,P17,GSE168106,in_vivo,in_vivo,Han2022,Hatched blastocyst (E9-10),-4.3497496,7.66559
P17_GACTAGTA,E9,P17,GSE168106,in_vivo,in_vivo,Han2022,Hatched blastocyst (E9-10),-5.1920176,8.842406
P17_GAGCTGAA,E9,P17,GSE168106,in_vivo,in_vivo,Han2022,Hatched blastocyst (E9-10),-5.0215707,9.298465
P17_GATAGACA,E9,P17,GSE168106,in_vivo,in_vivo,Han2022,Hatched blastocyst (E9-10),-4.8480225,9.7312155
P17_GCCACATA,E9,P17,GSE168106,in_vivo,in_vivo,Han2022,Hatched blastocyst (E9-10),-4.906724,9.689613
P17_GCGAGTAA,E9,P17,GSE168106,in_vivo,in_vivo,Han2022,Hatched blastocyst (E9-10),-5.1213236,8.888524
P17_GCTAACGA,E9,P17,GSE168106,in_vivo,in_vivo,Han2022,Hatched blastocyst (E9-10),-5.047898,9.203397
P17_GCTCGGTA,E9,P17,GSE168106,in_vivo,in_vivo,Han2022,Hatched blastocyst (E9-10),-5.178367,8.922819
P17_GGTGCGAA,E9,P17,GSE168106,in_vivo,in_vivo,Han2022,Hatched blastocyst (E9-10),-4.965567,9.453222
P17_GTACGCAA,E9,P17,GSE168106,in_vivo,in_vivo,Han2022,Hatched blastocyst (E9-10),-5.154768,8.5932865
P17_GTCGTAGA,E9,P17,GSE168106,in_vivo,in_vivo,Han2022,Hatched blastocyst (E9-10),-5.2884517,8.947265
P17_GTCTGTCA,E9,P17,GSE168106,in_vivo,in_vivo,Han2022,Hatched blastocyst (E9-10),-4.489808,7.9203897
P17_GTGTTCTA,E9,P17,GSE168106,in_vivo,in_vivo,Han2022,Hatched blastocyst (E9-10),-4.2455688,7.4132886
P17_TAGGATGA,E9,P17,GSE168106,in_vivo,in_vivo,Han2022,Hatched blastocyst (E9-10),-5.006862,8.546331
P17_TATCAGCA,E9,P17,GSE168106,in_vivo,in_vivo,Han2022,Hatched blastocyst (E9-10),-4.973302,9.424052
P17_TCCGTCTA,E9,P17,GSE168106,in_vivo,in_vivo,Han2022,Hatched blastocyst (E9-10),-5.103557,9.043909
P17_TCTTCACA,E9,P17,GSE168106,in_vivo,in_vivo,Han2022,Hatched blastocyst (E9-10),-4.8701663,9.717812
P17_TGGAACAA,E9,P17,GSE168106,in_vivo,in_vivo,Han2022,Hatched blastocyst (E9-10),-5.125541,8.698241
P17_TGGCTTCA,E9,P17,GSE168106,in_vivo,in_vivo,Han2022,Hatched blastocyst (E9-10),-4.8586936,9.662719
P17_TGGTGGTA,E9,P17,GSE168106,in_vivo,in_vivo,Han2022,Hatched blastocyst (E9-10),-5.1255,9.022501
P17_TTCACGCA,E9,P17,GSE168106,in_vivo,in_vivo,Han2022,Hatched blastocyst (E9-10),-4.9164205,9.586391
P18_AACTCACC,E13,P18,GSE168106,in_vivo,in_vivo,Han2022,Post-impl (E11-14),-0.8558896,6.669084
P18_AAGAGATC,E13,P18,GSE168106,in_vivo,in_vivo,Han2022,Post-impl (E11-14),-0.63355803,7.5466666
P18_AAGGACAC,E13,P18,GSE168106,in_vivo,in_vivo,Han2022,Post-impl (E11-14),-0.7620305,7.2611837
P18_AATCCGTC,E13,P18,GSE168106,in_vivo,in_vivo,Han2022,Post-impl (E11-14),-0.6071823,7.500879
P18_AATGTTGC,E13,P18,GSE168106,in_vivo,in_vivo,Han2022,Post-impl (E11-14),5.9276385,6.0854487
P18_ACCTCCAA,E13,P18,GSE168106,in_vivo,in_vivo,Han2022,Post-impl (E11-14),0.81834686,6.215097
P18_ACGCTCGA,E13,P18,GSE168106,in_vivo,in_vivo,Han2022,Post-impl (E11-14),5.081991,6.5822773
P18_ACTATGCA,E13,P18,GSE168106,in_vivo,in_vivo,Han2022,Post-impl (E11-14),6.769586,6.020963
P18_AGAGTCAA,E13,P18,GSE168106,in_vivo,in_vivo,Han2022,Post-impl (E11-14),-0.088572204,8.153468
P18_AGATCGCA,E13,P18,GSE168106,in_vivo,in_vivo,Han2022,Post-impl (E11-14),4.12437,3.9987779
P18_AGATGTAC,E13,P18,GSE168106,in_vivo,in_vivo,Han2022,Post-impl (E11-14),6.3546257,6.0701604
P18_AGCAGGAA,E13,P18,GSE168106,in_vivo,in_vivo,Han2022,Post-impl (E11-14),-0.68404144,7.227966
P18_AGGCTAAC,E13,P18,GSE168106,in_vivo,in_vivo,Han2022,Post-impl (E11-14),1.4619331,5.1136675
P18_AGTCACTA,E13,P18,GSE168106,in_vivo,in_vivo,Han2022,Post-impl (E11-14),3.8138506,7.6102076
P18_ATAGCGAC,E13,P18,GSE168106,in_vivo,in_vivo,Han2022,Post-impl (E11-14),6.065687,6.0236597
P18_ATCATTCC,E13,P18,GSE168106,in_vivo,in_vivo,Han2022,Post-impl (E11-14),5.9163423,5.8655577
P18_ATCCTGTA,E13,P18,GSE168106,in_vivo,in_vivo,Han2022,Post-impl (E11-14),-0.12495891,6.203762
P18_ATTGAGGA,E13,P18,GSE168106,in_vivo,in_vivo,Han2022,Post-impl (E11-14),-0.85342026,8.3850765
P18_CAACCACA,E13,P18,GSE168106,in_vivo,in_vivo,Han2022,Post-impl (E11-14),-0.7433249,8.589435
P18_CAAGACTA,E13,P18,GSE168106,in_vivo,in_vivo,Han2022,Post-impl (E11-14),2.8773227,8.639665
P18_CAATGGAA,E13,P18,GSE168106,in_vivo,in_vivo,Han2022,Post-impl (E11-14),-0.23499945,8.367108
P18_CACTTCGA,E13,P18,GSE168106,in_vivo,in_vivo,Han2022,Post-impl (E11-14),-0.9719124,6.7908163
P18_CAGCGTTA,E13,P18,GSE168106,in_vivo,in_vivo,Han2022,Post-impl (E11-14),4.742569,4.641201
P18_CATACCAA,E13,P18,GSE168106,in_vivo,in_vivo,Han2022,Post-impl (E11-14),1.7307669,4.499864
P18_CCAGTTCA,E13,P18,GSE168106,in_vivo,in_vivo,Han2022,Post-impl (E11-14),-0.5485764,8.075964
P18_CCGAAGTA,E13,P18,GSE168106,in_vivo,in_vivo,Han2022,Post-impl (E11-14),-1.1728128,8.461826
P18_CCGTGAGA,E13,P18,GSE168106,in_vivo,in_vivo,Han2022,Post-impl (E11-14),-0.343144,7.9020863
P18_CCTAATCC,E13,P18,GSE168106,in_vivo,in_vivo,Han2022,Post-impl (E11-14),-0.36993188,7.789377
P18_CCTCCTGA,E13,P18,GSE168106,in_vivo,in_vivo,Han2022,Post-impl (E11-14),1.5394285,3.9174974
P18_CGAACTTA,E13,P18,GSE168106,in_vivo,in_vivo,Han2022,Post-impl (E11-14),-0.92582124,6.928489
P18_CGACACAC,E13,P18,GSE168106,in_vivo,in_vivo,Han2022,Post-impl (E11-14),3.1618197,8.454011
P18_CGACTGGA,E13,P18,GSE168106,in_vivo,in_vivo,Han2022,Post-impl (E11-14),-0.83595663,8.149395
P18_CGCATACA,E13,P18,GSE168106,in_vivo,in_vivo,Han2022,Post-impl (E11-14),-0.72890896,7.0658717
P18_CGGATTGC,E13,P18,GSE168106,in_vivo,in_vivo,Han2022,Post-impl (E11-14),3.200091,8.633415
P18_CTAAGGTC,E13,P18,GSE168106,in_vivo,in_vivo,Han2022,Post-impl (E11-14),4.0002046,7.6112375
P18_CTCAATGA,E13,P18,GSE168106,in_vivo,in_vivo,Han2022,Post-impl (E11-14),-0.36022967,5.641867
P18_CTGAGCCA,E13,P18,GSE168106,in_vivo,in_vivo,Han2022,Post-impl (E11-14),5.9158225,5.632398
P18_CTGGCATA,E13,P18,GSE168106,in_vivo,in_vivo,Han2022,Post-impl (E11-14),-0.57836586,7.825868
P18_GAACAGGC,E13,P18,GSE168106,in_vivo,in_vivo,Han2022,Post-impl (E11-14),4.021548,7.7233043
P18_GAATCTGA,E13,P18,GSE168106,in_vivo,in_vivo,Han2022,Post-impl (E11-14),-0.23613968,5.6755958
P18_GACAGTGC,E13,P18,GSE168106,in_vivo,in_vivo,Han2022,Post-impl (E11-14),5.525451,6.3137765
P18_GACTAGTA,E13,P18,GSE168106,in_vivo,in_vivo,Han2022,Post-impl (E11-14),-1.0639106,6.8664308
P18_GAGCTGAA,E13,P18,GSE168106,in_vivo,in_vivo,Han2022,Post-impl (E11-14),-1.424584,7.8275642
P18_GAGTTAGC,E13,P18,GSE168106,in_vivo,in_vivo,Han2022,Post-impl (E11-14),5.3319817,6.659621
P18_GATAGACA,E13,P18,GSE168106,in_vivo,in_vivo,Han2022,Post-impl (E11-14),-0.7353715,9.111058
P18_GATGAATC,E13,P18,GSE168106,in_vivo,in_vivo,Han2022,Post-impl (E11-14),0.20331798,8.376362
P18_GCCAAGAC,E13,P18,GSE168106,in_vivo,in_vivo,Han2022,Post-impl (E11-14),0.17266399,8.345731
P18_GCCACATA,E13,P18,GSE168106,in_vivo,in_vivo,Han2022,Post-impl (E11-14),-0.64802134,8.981382
P18_GCGAGTAA,E13,P18,GSE168106,in_vivo,in_vivo,Han2022,Post-impl (E11-14),-0.6889529,9.004472
P18_GCTAACGA,E13,P18,GSE168106,in_vivo,in_vivo,Han2022,Post-impl (E11-14),-0.6335764,8.941665
P18_GCTCGGTA,E13,P18,GSE168106,in_vivo,in_vivo,Han2022,Post-impl (E11-14),0.04202494,8.551827
P18_GGAGAACA,E13,P18,GSE168106,in_vivo,in_vivo,Han2022,Post-impl (E11-14),-1.3199191,9.507919
P18_GGTGCGAA,E13,P18,GSE168106,in_vivo,in_vivo,Han2022,Post-impl (E11-14),-0.23205523,8.695794
P18_GTACGCAA,E13,P18,GSE168106,in_vivo,in_vivo,Han2022,Post-impl (E11-14),1.0066113,7.298965
P18_GTCGTAGA,E13,P18,GSE168106,in_vivo,in_vivo,Han2022,Post-impl (E11-14),0.17609015,6.3669744
P18_GTCTGTCA,E13,P18,GSE168106,in_vivo,in_vivo,Han2022,Post-impl (E11-14),-0.821231,6.739528
P18_GTGTTCTA,E13,P18,GSE168106,in_vivo,in_vivo,Han2022,Post-impl (E11-14),-1.2476643,8.51438
P18_TATCAGCA,E13,P18,GSE168106,in_vivo,in_vivo,Han2022,Post-impl (E11-14),-0.99382526,7.120086
P18_TCCGTCTA,E13,P18,GSE168106,in_vivo,in_vivo,Han2022,Post-impl (E11-14),-0.8184281,8.192196
P18_TCTTCACA,E13,P18,GSE168106,in_vivo,in_vivo,Han2022,Post-impl (E11-14),-1.4133395,8.352154
P18_TGAAGAGA,E13,P18,GSE168106,in_vivo,in_vivo,Han2022,Post-impl (E11-14),3.384845,7.8818293
P18_TGGAACAA,E13,P18,GSE168106,in_vivo,in_vivo,Han2022,Post-impl (E11-14),0.07605886,5.948568
P18_TGGCTTCA,E13,P18,GSE168106,in_vivo,in_vivo,Han2022,Post-impl (E11-14),-0.7858407,7.5501757
P18_TGGTGGTA,E13,P18,GSE168106,in_vivo,in_vivo,Han2022,Post-impl (E11-14),-0.41135722,7.9496417
P18_TTCACGCA,E13,P18,GSE168106,in_vivo,in_vivo,Han2022,Post-impl (E11-14),-0.81521857,7.581049
P19_AAACATCG,E13,P19,GSE168106,in_vivo,in_vivo,Han2022,Post-impl (E11-14),-0.90639406,7.5403295
P19_AACAACCA,E13,P19,GSE168106,in_vivo,in_vivo,Han2022,Post-impl (E11-14),-0.73247313,6.891201
P19_AACCGAGA,E13,P19,GSE168106,in_vivo,in_vivo,Han2022,Post-impl (E11-14),-0.6125781,7.2026587
P19_AACGCTTA,E13,P19,GSE168106,in_vivo,in_vivo,Han2022,Post-impl (E11-14),-0.66324455,8.134156
P19_AACGTGAT,E13,P19,GSE168106,in_vivo,in_vivo,Han2022,Post-impl (E11-14),3.018271,3.40826
P19_AACTCACC,E13,P19,GSE168106,in_vivo,in_vivo,Han2022,Post-impl (E11-14),6.365718,6.2062593
P19_AAGACGGA,E13,P19,GSE168106,in_vivo,in_vivo,Han2022,Post-impl (E11-14),-0.75590575,7.4338965
P19_AAGAGATC,E13,P19,GSE168106,in_vivo,in_vivo,Han2022,Post-impl (E11-14),3.8898423,7.803497
P19_AAGGTACA,E13,P19,GSE168106,in_vivo,in_vivo,Han2022,Post-impl (E11-14),-0.5975552,7.7195415
P19_AATGTTGC,E13,P19,GSE168106,in_vivo,in_vivo,Han2022,Post-impl (E11-14),4.817068,4.235289
P19_ACAAGCTA,E13,P19,GSE168106,in_vivo,in_vivo,Han2022,Post-impl (E11-14),0.5296108,5.9596863
P19_ACACAGAA,E13,P19,GSE168106,in_vivo,in_vivo,Han2022,Post-impl (E11-14),1.8750796,4.873878
P19_ACACGACC,E13,P19,GSE168106,in_vivo,in_vivo,Han2022,Post-impl (E11-14),0.83568037,7.951618
P19_ACAGATTC,E13,P19,GSE168106,in_vivo,in_vivo,Han2022,Post-impl (E11-14),0.70303524,8.078301
P19_ACAGCAGA,E13,P19,GSE168106,in_vivo,in_vivo,Han2022,Post-impl (E11-14),-0.5960813,7.5029497
P19_ACATTGGC,E13,P19,GSE168106,in_vivo,in_vivo,Han2022,Post-impl (E11-14),-0.47703496,7.206562
P19_ACCACTGT,E13,P19,GSE168106,in_vivo,in_vivo,Han2022,Post-impl (E11-14),2.2173958,4.6615496
P19_ACCTCCAA,E13,P19,GSE168106,in_vivo,in_vivo,Han2022,Post-impl (E11-14),3.3138332,4.346662
P19_ACGCTCGA,E13,P19,GSE168106,in_vivo,in_vivo,Han2022,Post-impl (E11-14),3.1899176,4.4724646
P19_ACGTATCA,E13,P19,GSE168106,in_vivo,in_vivo,Han2022,Post-impl (E11-14),0.03963396,8.405585
P19_AGAGTCAA,E13,P19,GSE168106,in_vivo,in_vivo,Han2022,Post-impl (E11-14),1.8385137,4.618112
P19_AGATCGCA,E13,P19,GSE168106,in_vivo,in_vivo,Han2022,Post-impl (E11-14),0.110485785,6.2939644
P19_AGATGTAC,E13,P19,GSE168106,in_vivo,in_vivo,Han2022,Post-impl (E11-14),0.9662288,7.785237
P19_AGCACCTC,E13,P19,GSE168106,in_vivo,in_vivo,Han2022,Post-impl (E11-14),0.5072721,8.249016
P19_AGCAGGAA,E13,P19,GSE168106,in_vivo,in_vivo,Han2022,Post-impl (E11-14),5.9818497,6.1649847
P19_AGCCATGC,E13,P19,GSE168106,in_vivo,in_vivo,Han2022,Post-impl (E11-14),0.53254217,8.201269
P19_AGGCTAAC,E13,P19,GSE168106,in_vivo,in_vivo,Han2022,Post-impl (E11-14),-0.07115138,8.554057
P19_AGTACAAG,E13,P19,GSE168106,in_vivo,in_vivo,Han2022,Post-impl (E11-14),-0.09608097,6.7023077
P19_AGTCACTA,E13,P19,GSE168106,in_vivo,in_vivo,Han2022,Post-impl (E11-14),0.35376856,8.173265
P19_AGTGGTCA,E13,P19,GSE168106,in_vivo,in_vivo,Han2022,Post-impl (E11-14),1.7282994,4.6868234
P19_ATAGCGAC,E13,P19,GSE168106,in_vivo,in_vivo,Han2022,Post-impl (E11-14),0.52465254,8.283669
P19_ATCCTGTA,E13,P19,GSE168106,in_vivo,in_vivo,Han2022,Post-impl (E11-14),1.266315,5.516383
P19_ATTGAGGA,E13,P19,GSE168106,in_vivo,in_vivo,Han2022,Post-impl (E11-14),-0.3421008,7.4464893
P19_ATTGGCTC,E3,P19,GSE168106,in_vivo,in_vivo,Han2022,E3 (4-8C),12.827997,10.224523
P19_CAACCACA,E13,P19,GSE168106,in_vivo,in_vivo,Han2022,Post-impl (E11-14),-0.40357977,7.1270514
P19_CAAGGAGC,E3,P19,GSE168106,in_vivo,in_vivo,Han2022,E3 (4-8C),11.913947,10.955292
P19_CACCTTAC,E3,P19,GSE168106,in_vivo,in_vivo,Han2022,E3 (4-8C),11.776644,11.073319
P19_CACTTCGA,E13,P19,GSE168106,in_vivo,in_vivo,Han2022,Post-impl (E11-14),3.9589643,7.6419716
P19_CAGATCTG,E13,P19,GSE168106,in_vivo,in_vivo,Han2022,Post-impl (E11-14),-0.08179097,6.4170613
P19_CATCAAGT,E13,P19,GSE168106,in_vivo,in_vivo,Han2022,Post-impl (E11-14),4.835421,4.6353135
P19_CCAGTTCA,E13,P19,GSE168106,in_vivo,in_vivo,Han2022,Post-impl (E11-14),2.9311655,8.677346
P19_CCATCCTC,E3,P19,GSE168106,in_vivo,in_vivo,Han2022,E3 (4-8C),12.905053,10.022751
P19_CCGAAGTA,E13,P19,GSE168106,in_vivo,in_vivo,Han2022,Post-impl (E11-14),6.4221945,6.168119
P19_CCGACAAC,E3,P19,GSE168106,in_vivo,in_vivo,Han2022,E3 (4-8C),11.604295,10.983078
P19_CCGTGAGA,E13,P19,GSE168106,in_vivo,in_vivo,Han2022,Post-impl (E11-14),2.8733582,8.6640215
P19_CCTAATCC,E3,P19,GSE168106,in_vivo,in_vivo,Han2022,E3 (4-8C),11.892054,10.885012
P19_CCTCCTGA,E13,P19,GSE168106,in_vivo,in_vivo,Han2022,Post-impl (E11-14),4.346642,7.43865
P19_CCTCTATC,E3,P19,GSE168106,in_vivo,in_vivo,Han2022,E3 (4-8C),12.545033,10.665475
P19_CGACACAC,E3,P19,GSE168106,in_vivo,in_vivo,Han2022,E3 (4-8C),11.956493,10.894441
P19_CGACTGGA,E13,P19,GSE168106,in_vivo,in_vivo,Han2022,Post-impl (E11-14),-1.0474238,7.3913283
P19_CGCATACA,E13,P19,GSE168106,in_vivo,in_vivo,Han2022,Post-impl (E11-14),-0.7045124,7.169823
P19_CGCTGATC,E13,P19,GSE168106,in_vivo,in_vivo,Han2022,Post-impl (E11-14),0.030917112,6.3224106
P19_CGGATTGC,E3,P19,GSE168106,in_vivo,in_vivo,Han2022,E3 (4-8C),12.075253,10.905554
P19_CTAAGGTC,E3,P19,GSE168106,in_vivo,in_vivo,Han2022,E3 (4-8C),11.67776,11.02753
P19_CTCAATGA,E13,P19,GSE168106,in_vivo,in_vivo,Han2022,Post-impl (E11-14),5.914981,5.722413
P19_CTGAGCCA,E13,P19,GSE168106,in_vivo,in_vivo,Han2022,Post-impl (E11-14),-0.7227631,7.3005414
P19_CTGGCATA,E13,P19,GSE168106,in_vivo,in_vivo,Han2022,Post-impl (E11-14),0.19836931,6.255577
P19_CTGTAGCC,E13,P19,GSE168106,in_vivo,in_vivo,Han2022,Post-impl (E11-14),-0.23887101,6.8735466
P19_GAACAGGC,E3,P19,GSE168106,in_vivo,in_vivo,Han2022,E3 (4-8C),11.69194,11.06496
P19_GAATCTGA,E13,P19,GSE168106,in_vivo,in_vivo,Han2022,Post-impl (E11-14),0.007954434,6.4841237
P19_GACAGTGC,E3,P19,GSE168106,in_vivo,in_vivo,Han2022,E3 (4-8C),12.674445,10.539311
P19_GACTAGTA,E13,P19,GSE168106,in_vivo,in_vivo,Han2022,Post-impl (E11-14),0.11554183,6.3406467
P19_GAGCTGAA,E13,P19,GSE168106,in_vivo,in_vivo,Han2022,Post-impl (E11-14),-0.29468593,6.9100447
P19_GAGTTAGC,E3,P19,GSE168106,in_vivo,in_vivo,Han2022,E3 (4-8C),11.580309,11.010942
P19_GATAGACA,E13,P19,GSE168106,in_vivo,in_vivo,Han2022,Post-impl (E11-14),-1.8114525,9.492362
P19_GATGAATC,E3,P19,GSE168106,in_vivo,in_vivo,Han2022,E3 (4-8C),11.928375,10.971922
P19_GCCAAGAC,E3,P19,GSE168106,in_vivo,in_vivo,Han2022,E3 (4-8C),11.641454,11.10137
P19_GCCACATA,E13,P19,GSE168106,in_vivo,in_vivo,Han2022,Post-impl (E11-14),-0.5168587,7.3094144
P19_GCGAGTAA,E13,P19,GSE168106,in_vivo,in_vivo,Han2022,Post-impl (E11-14),-0.6473175,7.602149
P19_GCTAACGA,E13,P19,GSE168106,in_vivo,in_vivo,Han2022,Post-impl (E11-14),-0.81858045,7.3904486
P19_GCTCGGTA,E13,P19,GSE168106,in_vivo,in_vivo,Han2022,Post-impl (E11-14),-0.2321205,5.846663
P19_GGAGAACA,E13,P19,GSE168106,in_vivo,in_vivo,Han2022,Post-impl (E11-14),-0.9336617,7.295445
P19_GGTGCGAA,E13,P19,GSE168106,in_vivo,in_vivo,Han2022,Post-impl (E11-14),-0.42717132,7.1514745
P19_GTACGCAA,E13,P19,GSE168106,in_vivo,in_vivo,Han2022,Post-impl (E11-14),1.796166,4.270989
P19_GTCGTAGA,E13,P19,GSE168106,in_vivo,in_vivo,Han2022,Post-impl (E11-14),-0.39687026,7.5040874
P19_GTCTGTCA,E13,P19,GSE168106,in_vivo,in_vivo,Han2022,Post-impl (E11-14),-0.36229914,7.8010116
P19_GTGTTCTA,E13,P19,GSE168106,in_vivo,in_vivo,Han2022,Post-impl (E11-14),-0.33555526,7.1638627
P19_TATCAGCA,E13,P19,GSE168106,in_vivo,in_vivo,Han2022,Post-impl (E11-14),-0.12409267,6.543356
P19_TCCGTCTA,E13,P19,GSE168106,in_vivo,in_vivo,Han2022,Post-impl (E11-14),-0.84659445,8.326862
P19_TCTTCACA,E13,P19,GSE168106,in_vivo,in_vivo,Han2022,Post-impl (E11-14),-0.37691575,7.7828155
P19_TGAAGAGA,E13,P19,GSE168106,in_vivo,in_vivo,Han2022,Post-impl (E11-14),-0.0238866,6.650654
P19_TGGAACAA,E13,P19,GSE168106,in_vivo,in_vivo,Han2022,Post-impl (E11-14),0.046018127,6.522617
P19_TGGTGGTA,E13,P19,GSE168106,in_vivo,in_vivo,Han2022,Post-impl (E11-14),3.9415998,7.983052
P20_AAACATCG,E3,P20,GSE168106,in_vivo,in_vivo,Han2022,E3 (4-8C),12.980736,10.109404
P20_AACAACCA,E3,P20,GSE168106,in_vivo,in_vivo,Han2022,E3 (4-8C),12.975255,10.036638
P20_AACCGAGA,E3,P20,GSE168106,in_vivo,in_vivo,Han2022,E3 (4-8C),12.562604,10.755403
P20_AACGCTTA,E3,P20,GSE168106,in_vivo,in_vivo,Han2022,E3 (4-8C),12.764918,10.535126
P20_AACGTGAT,E3,P20,GSE168106,in_vivo,in_vivo,Han2022,E3 (4-8C),13.019057,10.032223
P20_AACTCACC,E3,P20,GSE168106,in_vivo,in_vivo,Han2022,E3 (4-8C),13.384934,9.377229
P20_AAGACGGA,E3,P20,GSE168106,in_vivo,in_vivo,Han2022,E3 (4-8C),12.2431135,10.974568
P20_AAGGTACA,E3,P20,GSE168106,in_vivo,in_vivo,Han2022,E3 (4-8C),13.198206,9.696708
P20_ACAAGCTA,E3,P20,GSE168106,in_vivo,in_vivo,Han2022,E3 (4-8C),12.102939,10.882405
P20_ACAGCAGA,E3,P20,GSE168106,in_vivo,in_vivo,Han2022,E3 (4-8C),12.355577,10.97388
P20_ACATTGGC,E3,P20,GSE168106,in_vivo,in_vivo,Han2022,E3 (4-8C),13.111016,8.931275
P20_ACCACTGT,E3,P20,GSE168106,in_vivo,in_vivo,Han2022,E3 (4-8C),12.991408,8.858662
P20_ACCTCCAA,E3,P20,GSE168106,in_vivo,in_vivo,Han2022,E3 (4-8C),13.293594,9.137673
P20_ACGCTCGA,E3,P20,GSE168106,in_vivo,in_vivo,Han2022,E3 (4-8C),13.380299,9.191292
P20_ACGTATCA,E3,P20,GSE168106,in_vivo,in_vivo,Han2022,E3 (4-8C),12.548066,10.77353
P20_ACTATGCA,E3,P20,GSE168106,in_vivo,in_vivo,Han2022,E3 (4-8C),7.029068,6.5497065
P20_AGAGTCAA,E3,P20,GSE168106,in_vivo,in_vivo,Han2022,E3 (4-8C),13.435593,9.399363
P20_AGATCGCA,E3,P20,GSE168106,in_vivo,in_vivo,Han2022,E3 (4-8C),12.9873,10.046574
P20_AGTACAAG,E3,P20,GSE168106,in_vivo,in_vivo,Han2022,E3 (4-8C),13.522016,9.42237
P20_AGTCACTA,E3,P20,GSE168106,in_vivo,in_vivo,Han2022,E3 (4-8C),12.632766,10.653698
P20_AGTGGTCA,E3,P20,GSE168106,in_vivo,in_vivo,Han2022,E3 (4-8C),12.736531,10.547697
P20_ATCCTGTA,E3,P20,GSE168106,in_vivo,in_vivo,Han2022,E3 (4-8C),13.32805,9.460912
P20_ATGCCTAA,E3,P20,GSE168106,in_vivo,in_vivo,Han2022,E3 (4-8C),13.165709,9.899921
P20_ATTGAGGA,E3,P20,GSE168106,in_vivo,in_vivo,Han2022,E3 (4-8C),13.397688,9.234106
P20_CAACCACA,E3,P20,GSE168106,in_vivo,in_vivo,Han2022,E3 (4-8C),12.135972,11.018461
P20_CAAGACTA,E3,P20,GSE168106,in_vivo,in_vivo,Han2022,E3 (4-8C),13.022926,8.879392
P20_CACTTCGA,E3,P20,GSE168106,in_vivo,in_vivo,Han2022,E3 (4-8C),12.566898,10.682127
P20_CAGATCTG,E3,P20,GSE168106,in_vivo,in_vivo,Han2022,E3 (4-8C),13.427359,9.30005
P20_CAGCGTTA,E3,P20,GSE168106,in_vivo,in_vivo,Han2022,E3 (4-8C),12.824975,8.763296
P20_CATACCAA,E3,P20,GSE168106,in_vivo,in_vivo,Han2022,E3 (4-8C),13.161284,9.828709
P20_CATCAAGT,E3,P20,GSE168106,in_vivo,in_vivo,Han2022,E3 (4-8C),13.041384,8.863144
P20_CCAGTTCA,E3,P20,GSE168106,in_vivo,in_vivo,Han2022,E3 (4-8C),12.386744,10.88586
P20_CCGAAGTA,E3,P20,GSE168106,in_vivo,in_vivo,Han2022,E3 (4-8C),11.923555,11.01489
P20_CCGTGAGA,E3,P20,GSE168106,in_vivo,in_vivo,Han2022,E3 (4-8C),12.364143,10.872751
P20_CCTCCTGA,E3,P20,GSE168106,in_vivo,in_vivo,Han2022,E3 (4-8C),13.307361,9.165472
P20_CGAACTTA,E3,P20,GSE168106,in_vivo,in_vivo,Han2022,E3 (4-8C),11.930204,11.143949
P20_CGACTGGA,E3,P20,GSE168106,in_vivo,in_vivo,Han2022,E3 (4-8C),12.146142,11.074138
P20_CGCATACA,E3,P20,GSE168106,in_vivo,in_vivo,Han2022,E3 (4-8C),12.299473,10.919986
P20_CGCTGATC,E3,P20,GSE168106,in_vivo,in_vivo,Han2022,E3 (4-8C),12.865701,10.343313
P20_CTCAATGA,E3,P20,GSE168106,in_vivo,in_vivo,Han2022,E3 (4-8C),13.383788,9.281406
P20_CTGAGCCA,E3,P20,GSE168106,in_vivo,in_vivo,Han2022,E3 (4-8C),12.700621,10.6540575
P20_CTGGCATA,E3,P20,GSE168106,in_vivo,in_vivo,Han2022,E3 (4-8C),12.611383,10.870438
P20_GAATCTGA,E3,P20,GSE168106,in_vivo,in_vivo,Han2022,E3 (4-8C),12.967973,8.823386
P20_GACTAGTA,E3,P20,GSE168106,in_vivo,in_vivo,Han2022,E3 (4-8C),12.75643,10.544087
P20_GAGCTGAA,E3,P20,GSE168106,in_vivo,in_vivo,Han2022,E3 (4-8C),13.052809,9.997061
P20_GATAGACA,E3,P20,GSE168106,in_vivo,in_vivo,Han2022,E3 (4-8C),12.7299385,10.501165
P20_GCCACATA,E3,P20,GSE168106,in_vivo,in_vivo,Han2022,E3 (4-8C),12.783404,10.49294
P20_GCGAGTAA,E3,P20,GSE168106,in_vivo,in_vivo,Han2022,E3 (4-8C),12.915872,10.337674
P20_GCTAACGA,E3,P20,GSE168106,in_vivo,in_vivo,Han2022,E3 (4-8C),13.239144,9.737273
P20_GCTCGGTA,E3,P20,GSE168106,in_vivo,in_vivo,Han2022,E3 (4-8C),13.404719,9.271085
P20_GGAGAACA,E3,P20,GSE168106,in_vivo,in_vivo,Han2022,E3 (4-8C),13.349595,9.449395
P20_GGTGCGAA,E3,P20,GSE168106,in_vivo,in_vivo,Han2022,E3 (4-8C),13.366803,9.512298
P20_GTACGCAA,E3,P20,GSE168106,in_vivo,in_vivo,Han2022,E3 (4-8C),13.411196,9.363987
P20_GTCGTAGA,E3,P20,GSE168106,in_vivo,in_vivo,Han2022,E3 (4-8C),13.00234,10.026459
P20_GTCTGTCA,E3,P20,GSE168106,in_vivo,in_vivo,Han2022,E3 (4-8C),13.048475,8.886432
P20_GTGTTCTA,E3,P20,GSE168106,in_vivo,in_vivo,Han2022,E3 (4-8C),13.323205,9.411452
P20_TAGGATGA,E3,P20,GSE168106,in_vivo,in_vivo,Han2022,E3 (4-8C),12.939276,10.108985
P20_TATCAGCA,E3,P20,GSE168106,in_vivo,in_vivo,Han2022,E3 (4-8C),12.810577,10.37734
P20_TCCGTCTA,E3,P20,GSE168106,in_vivo,in_vivo,Han2022,E3 (4-8C),12.306867,10.793131
P20_TCTTCACA,E3,P20,GSE168106,in_vivo,in_vivo,Han2022,E3 (4-8C),13.380927,9.344326
P20_TGAAGAGA,E3,P20,GSE168106,in_vivo,in_vivo,Han2022,E3 (4-8C),12.854845,10.258446
P20_TGGAACAA,E3,P20,GSE168106,in_vivo,in_vivo,Han2022,E3 (4-8C),12.59803,10.7448635
P20_TGGCTTCA,E3,P20,GSE168106,in_vivo,in_vivo,Han2022,E3 (4-8C),12.194117,10.999769
P20_TTCACGCA,E3,P20,GSE168106,in_vivo,in_vivo,Han2022,E3 (4-8C),12.819484,10.494461
P2_AAACATCG,E4,P2,GSE168106,in_vivo,in_vivo,Han2022,Morula (E4-5),8.250914,10.459889
P2_AACAACCA,E5,P2,GSE168106,in_vivo,in_vivo,Han2022,Morula (E4-5),6.21674,7.900911
P2_AACCGAGA,E5,P2,GSE168106,in_vivo,in_vivo,Han2022,Morula (E4-5),7.106365,9.793815
P2_AACGCTTA,E5,P2,GSE168106,in_vivo,in_vivo,Han2022,Morula (E4-5),7.9662676,10.864499
P2_AACGTGAT,E4,P2,GSE168106,in_vivo,in_vivo,Han2022,Morula (E4-5),8.281804,10.468968
P2_AAGACGGA,E5,P2,GSE168106,in_vivo,in_vivo,Han2022,Morula (E4-5),7.5674424,10.306113
P2_AAGAGATC,E5,P2,GSE168106,in_vivo,in_vivo,Han2022,Morula (E4-5),7.1270347,9.721704
P2_AAGGACAC,E5,P2,GSE168106,in_vivo,in_vivo,Han2022,Morula (E4-5),7.9773083,10.647199
P2_AAGGTACA,E5,P2,GSE168106,in_vivo,in_vivo,Han2022,Morula (E4-5),8.16169,10.6812725
P2_AATCCGTC,E5,P2,GSE168106,in_vivo,in_vivo,Han2022,Morula (E4-5),6.697539,9.15366
P2_ACAAGCTA,E5,P2,GSE168106,in_vivo,in_vivo,Han2022,Morula (E4-5),7.0762005,9.57244
P2_ACACAGAA,E5,P2,GSE168106,in_vivo,in_vivo,Han2022,Morula (E4-5),6.748842,8.942626
P2_ACAGCAGA,E5,P2,GSE168106,in_vivo,in_vivo,Han2022,Morula (E4-5),8.049761,10.766926
P2_ACATTGGC,E4,P2,GSE168106,in_vivo,in_vivo,Han2022,Morula (E4-5),7.2656784,9.212681
P2_ACCACTGT,E4,P2,GSE168106,in_vivo,in_vivo,Han2022,Morula (E4-5),6.476142,7.770077
P2_ACCTCCAA,E5,P2,GSE168106,in_vivo,in_vivo,Han2022,Morula (E4-5),6.6117587,8.951165
P2_ACGCTCGA,E5,P2,GSE168106,in_vivo,in_vivo,Han2022,Morula (E4-5),6.568185,8.811654
P2_ACGTATCA,E5,P2,GSE168106,in_vivo,in_vivo,Han2022,Morula (E4-5),7.7029767,10.247757
P2_AGAGTCAA,E5,P2,GSE168106,in_vivo,in_vivo,Han2022,Morula (E4-5),6.8382797,9.032728
P2_AGATCGCA,E5,P2,GSE168106,in_vivo,in_vivo,Han2022,Morula (E4-5),7.1221547,9.649396
P2_AGCAGGAA,E5,P2,GSE168106,in_vivo,in_vivo,Han2022,Morula (E4-5),7.5953107,10.221635
P2_AGTACAAG,E5,P2,GSE168106,in_vivo,in_vivo,Han2022,Morula (E4-5),6.3289576,8.122647
P2_AGTCACTA,E5,P2,GSE168106,in_vivo,in_vivo,Han2022,Morula (E4-5),7.3387313,10.005822
P2_AGTGGTCA,E4,P2,GSE168106,in_vivo,in_vivo,Han2022,Morula (E4-5),8.08754,10.139735
P2_ATCCTGTA,E5,P2,GSE168106,in_vivo,in_vivo,Han2022,Morula (E4-5),6.388653,8.051156
P2_ATGCCTAA,E4,P2,GSE168106,in_vivo,in_vivo,Han2022,Morula (E4-5),7.615689,9.609382
P2_ATTGAGGA,E5,P2,GSE168106,in_vivo,in_vivo,Han2022,Morula (E4-5),8.018453,10.65645
P2_CAACCACA,E5,P2,GSE168106,in_vivo,in_vivo,Han2022,Morula (E4-5),7.7431917,10.125641
P2_CAAGACTA,E5,P2,GSE168106,in_vivo,in_vivo,Han2022,Morula (E4-5),6.437795,7.5727334
P2_CAATGGAA,E5,P2,GSE168106,in_vivo,in_vivo,Han2022,Morula (E4-5),7.642912,10.62691
P2_CACTTCGA,E5,P2,GSE168106,in_vivo,in_vivo,Han2022,Morula (E4-5),6.515025,6.7972465
P2_CAGATCTG,E5,P2,GSE168106,in_vivo,in_vivo,Han2022,Morula (E4-5),6.2199907,7.9375324
P2_CAGCGTTA,E5,P2,GSE168106,in_vivo,in_vivo,Han2022,Morula (E4-5),6.9170494,6.006278
P2_CATACCAA,E5,P2,GSE168106,in_vivo,in_vivo,Han2022,Morula (E4-5),6.823063,9.340013
P2_CATCAAGT,E5,P2,GSE168106,in_vivo,in_vivo,Han2022,Morula (E4-5),6.7078295,6.3984237
P2_CCAGTTCA,E5,P2,GSE168106,in_vivo,in_vivo,Han2022,Morula (E4-5),6.705816,8.888545
P2_CCGAAGTA,E5,P2,GSE168106,in_vivo,in_vivo,Han2022,Morula (E4-5),7.1446667,9.696475
P2_CCGTGAGA,E5,P2,GSE168106,in_vivo,in_vivo,Han2022,Morula (E4-5),7.921529,10.867621
P2_CCTCCTGA,E5,P2,GSE168106,in_vivo,in_vivo,Han2022,Morula (E4-5),6.8040733,9.391463
P2_CGAACTTA,E5,P2,GSE168106,in_vivo,in_vivo,Han2022,Morula (E4-5),8.062486,10.867961
P2_CGACTGGA,E5,P2,GSE168106,in_vivo,in_vivo,Han2022,Morula (E4-5),7.922694,10.914161
P2_CGCATACA,E5,P2,GSE168106,in_vivo,in_vivo,Han2022,Morula (E4-5),6.153125,7.9639363
P2_CGCTGATC,E5,P2,GSE168106,in_vivo,in_vivo,Han2022,Morula (E4-5),6.4102364,8.694616
P2_CTCAATGA,E5,P2,GSE168106,in_vivo,in_vivo,Han2022,Morula (E4-5),6.9052925,9.510837
P2_CTGGCATA,E5,P2,GSE168106,in_vivo,in_vivo,Han2022,Morula (E4-5),7.6605377,10.793147
P2_CTGTAGCC,E5,P2,GSE168106,in_vivo,in_vivo,Han2022,Morula (E4-5),6.58396,6.706797
P2_GAATCTGA,E5,P2,GSE168106,in_vivo,in_vivo,Han2022,Morula (E4-5),6.6159396,8.929382
P2_GAGCTGAA,E5,P2,GSE168106,in_vivo,in_vivo,Han2022,Morula (E4-5),7.938475,10.893838
P2_GATAGACA,E5,P2,GSE168106,in_vivo,in_vivo,Han2022,Morula (E4-5),7.8047523,10.952221
P2_GCCACATA,E5,P2,GSE168106,in_vivo,in_vivo,Han2022,Morula (E4-5),7.51766,10.262339
P2_GCGAGTAA,E5,P2,GSE168106,in_vivo,in_vivo,Han2022,Morula (E4-5),7.5703793,10.0809145
P2_GCTAACGA,E5,P2,GSE168106,in_vivo,in_vivo,Han2022,Morula (E4-5),7.9992404,10.812838
P2_GGAGAACA,E5,P2,GSE168106,in_vivo,in_vivo,Han2022,Morula (E4-5),6.9494047,9.438766
P2_GTCTGTCA,E5,P2,GSE168106,in_vivo,in_vivo,Han2022,Morula (E4-5),6.6431503,6.5474505
P2_GTGTTCTA,E5,P2,GSE168106,in_vivo,in_vivo,Han2022,Morula (E4-5),6.6223273,8.85352
P2_TAGGATGA,E5,P2,GSE168106,in_vivo,in_vivo,Han2022,Morula (E4-5),7.4399047,10.050923
P2_TATCAGCA,E5,P2,GSE168106,in_vivo,in_vivo,Han2022,Morula (E4-5),7.3160515,9.887783
P2_TCCGTCTA,E5,P2,GSE168106,in_vivo,in_vivo,Han2022,Morula (E4-5),7.793001,10.829578
P2_TCTTCACA,E5,P2,GSE168106,in_vivo,in_vivo,Han2022,Morula (E4-5),6.1189265,7.8346972
P2_TGAAGAGA,E5,P2,GSE168106,in_vivo,in_vivo,Han2022,Morula (E4-5),7.74305,10.66564
P2_TGGAACAA,E5,P2,GSE168106,in_vivo,in_vivo,Han2022,Morula (E4-5),7.738466,10.771247
P2_TGGCTTCA,E5,P2,GSE168106,in_vivo,in_vivo,Han2022,Morula (E4-5),8.012058,10.717069
P2_TGGTGGTA,E5,P2,GSE168106,in_vivo,in_vivo,Han2022,Morula (E4-5),7.535325,10.181662
P2_TTCACGCA,E5,P2,GSE168106,in_vivo,in_vivo,Han2022,Morula (E4-5),7.50922,10.332826
P3_AACTCACC,E8,P3,GSE168106,in_vivo,in_vivo,Han2022,Early blastocyst (E6-8),3.9428914,9.773608
P3_AAGAGATC,E8,P3,GSE168106,in_vivo,in_vivo,Han2022,Early blastocyst (E6-8),5.1775427,7.287569
P3_AAGGACAC,E8,P3,GSE168106,in_vivo,in_vivo,Han2022,Early blastocyst (E6-8),3.717966,10.76609
P3_AATGTTGC,E8,P3,GSE168106,in_vivo,in_vivo,Han2022,Early blastocyst (E6-8),-3.230571,6.117683
P3_ACACGACC,E8,P3,GSE168106,in_vivo,in_vivo,Han2022,Early blastocyst (E6-8),-4.516859,5.746046
P3_ACAGATTC,E8,P3,GSE168106,in_vivo,in_vivo,Han2022,Early blastocyst (E6-8),-5.2450995,6.0124545
P3_AGATGTAC,E8,P3,GSE168106,in_vivo,in_vivo,Han2022,Early blastocyst (E6-8),-4.453965,5.7212267
P3_AGCACCTC,E8,P3,GSE168106,in_vivo,in_vivo,Han2022,Early blastocyst (E6-8),-5.5790067,6.0623727
P3_AGCCATGC,E8,P3,GSE168106,in_vivo,in_vivo,Han2022,Early blastocyst (E6-8),3.143495,6.358428
P3_AGGCTAAC,E8,P3,GSE168106,in_vivo,in_vivo,Han2022,Early blastocyst (E6-8),-6.123869,7.214099
P3_ATAGCGAC,E8,P3,GSE168106,in_vivo,in_vivo,Han2022,Early blastocyst (E6-8),-5.5253463,6.1414533
P3_ATCATTCC,E8,P3,GSE168106,in_vivo,in_vivo,Han2022,Early blastocyst (E6-8),-6.0049386,6.4681225
P3_ATTGGCTC,E8,P3,GSE168106,in_vivo,in_vivo,Han2022,Early blastocyst (E6-8),-3.2165606,5.608714
P3_CAAGGAGC,E8,P3,GSE168106,in_vivo,in_vivo,Han2022,Early blastocyst (E6-8),-5.44029,6.0779147
P3_CACCTTAC,E8,P3,GSE168106,in_vivo,in_vivo,Han2022,Early blastocyst (E6-8),-5.240935,5.964154
P3_CCATCCTC,E8,P3,GSE168106,in_vivo,in_vivo,Han2022,Early blastocyst (E6-8),3.7328463,6.1822963
P3_CCGACAAC,E8,P3,GSE168106,in_vivo,in_vivo,Han2022,Early blastocyst (E6-8),-5.6259394,6.366102
P3_CCTAATCC,E8,P3,GSE168106,in_vivo,in_vivo,Han2022,Early blastocyst (E6-8),3.4273825,6.354185
P3_CCTCTATC,E8,P3,GSE168106,in_vivo,in_vivo,Han2022,Early blastocyst (E6-8),4.09238,6.261645
P3_CGACACAC,E8,P3,GSE168106,in_vivo,in_vivo,Han2022,Early blastocyst (E6-8),-4.165432,5.553324
P3_CGGATTGC,E8,P3,GSE168106,in_vivo,in_vivo,Han2022,Early blastocyst (E6-8),-4.440957,5.6358337
P3_CTAAGGTC,E8,P3,GSE168106,in_vivo,in_vivo,Han2022,Early blastocyst (E6-8),4.0982203,6.4303937
P3_GAACAGGC,E8,P3,GSE168106,in_vivo,in_vivo,Han2022,Early blastocyst (E6-8),-4.4674892,5.682499
P3_GACAGTGC,E8,P3,GSE168106,in_vivo,in_vivo,Han2022,Early blastocyst (E6-8),5.4561334,6.2013416
P3_GAGTTAGC,E8,P3,GSE168106,in_vivo,in_vivo,Han2022,Early blastocyst (E6-8),-4.8064675,5.925045
P3_GATGAATC,E8,P3,GSE168106,in_vivo,in_vivo,Han2022,Early blastocyst (E6-8),-3.8248594,5.5879326
P3_GCCAAGAC,E8,P3,GSE168106,in_vivo,in_vivo,Han2022,Early blastocyst (E6-8),-6.061073,6.533877
P3_TGGCTTCA,E8,P3,GSE168106,in_vivo,in_vivo,Han2022,Early blastocyst (E6-8),3.745619,10.499938
P3_TGGTGGTA,E8,P3,GSE168106,in_vivo,in_vivo,Han2022,Early blastocyst (E6-8),3.872884,10.362331
P3_TTCACGCA,E8,P3,GSE168106,in_vivo,in_vivo,Han2022,Early blastocyst (E6-8),4.9104896,7.6802745
P4_AAACATCG,E8,P4,GSE168106,in_vivo,in_vivo,Han2022,Early blastocyst (E6-8),4.252295,8.948253
P4_AACAACCA,E8,P4,GSE168106,in_vivo,in_vivo,Han2022,Early blastocyst (E6-8),-4.5566263,6.7606664
P4_AACCGAGA,E8,P4,GSE168106,in_vivo,in_vivo,Han2022,Early blastocyst (E6-8),-5.970468,7.1994524
P4_AACGCTTA,E8,P4,GSE168106,in_vivo,in_vivo,Han2022,Early blastocyst (E6-8),-6.0311985,7.1186824
P4_AACGTGAT,E8,P4,GSE168106,in_vivo,in_vivo,Han2022,Early blastocyst (E6-8),4.214057,8.973209
P4_AAGACGGA,E8,P4,GSE168106,in_vivo,in_vivo,Han2022,Early blastocyst (E6-8),-6.0754437,6.803427
P4_AAGAGATC,E8,P4,GSE168106,in_vivo,in_vivo,Han2022,Early blastocyst (E6-8),3.9860327,9.351495
P4_AAGGACAC,E8,P4,GSE168106,in_vivo,in_vivo,Han2022,Early blastocyst (E6-8),6.816771,5.6868134
P4_AAGGTACA,E8,P4,GSE168106,in_vivo,in_vivo,Han2022,Early blastocyst (E6-8),-6.193097,7.352966
P4_AATCCGTC,E8,P4,GSE168106,in_vivo,in_vivo,Han2022,Early blastocyst (E6-8),4.24177,8.656661
P4_AATGTTGC,E8,P4,GSE168106,in_vivo,in_vivo,Han2022,Early blastocyst (E6-8),-3.485435,6.3177624
P4_ACAAGCTA,E8,P4,GSE168106,in_vivo,in_vivo,Han2022,Early blastocyst (E6-8),-4.360906,6.5247393
P4_ACACAGAA,E8,P4,GSE168106,in_vivo,in_vivo,Han2022,Early blastocyst (E6-8),-6.074928,6.959481
P4_ACACGACC,E8,P4,GSE168106,in_vivo,in_vivo,Han2022,Early blastocyst (E6-8),3.9424295,6.6162086
P4_ACAGATTC,E8,P4,GSE168106,in_vivo,in_vivo,Han2022,Early blastocyst (E6-8),-5.8590765,7.8728213
P4_ACAGCAGA,E8,P4,GSE168106,in_vivo,in_vivo,Han2022,Early blastocyst (E6-8),-5.9586134,7.751987
P4_ACCACTGT,E8,P4,GSE168106,in_vivo,in_vivo,Han2022,Early blastocyst (E6-8),4.8144674,7.5979195
P4_ACCTCCAA,E8,P4,GSE168106,in_vivo,in_vivo,Han2022,Early blastocyst (E6-8),3.2310555,6.5677304
P4_ACGCTCGA,E8,P4,GSE168106,in_vivo,in_vivo,Han2022,Early blastocyst (E6-8),5.3405123,5.611786
P4_ACGTATCA,E8,P4,GSE168106,in_vivo,in_vivo,Han2022,Early blastocyst (E6-8),-1.8959935,7.238693
P4_ACTATGCA,E8,P4,GSE168106,in_vivo,in_vivo,Han2022,Early blastocyst (E6-8),6.4669604,5.736992
P4_AGAGTCAA,E8,P4,GSE168106,in_vivo,in_vivo,Han2022,Early blastocyst (E6-8),-4.450545,6.019863
P4_AGATCGCA,E8,P4,GSE168106,in_vivo,in_vivo,Han2022,Early blastocyst (E6-8),-5.085536,6.434669
P4_AGATGTAC,E8,P4,GSE168106,in_vivo,in_vivo,Han2022,Early blastocyst (E6-8),-5.5031886,7.097998
P4_AGCACCTC,E8,P4,GSE168106,in_vivo,in_vivo,Han2022,Early blastocyst (E6-8),-5.9424715,7.6508427
P4_AGCAGGAA,E8,P4,GSE168106,in_vivo,in_vivo,Han2022,Early blastocyst (E6-8),0.4752223,4.6056333
P4_AGCCATGC,E8,P4,GSE168106,in_vivo,in_vivo,Han2022,Early blastocyst (E6-8),-5.726852,7.116872
P4_AGGCTAAC,E8,P4,GSE168106,in_vivo,in_vivo,Han2022,Early blastocyst (E6-8),-3.3209844,6.2808776
P4_AGTACAAG,E8,P4,GSE168106,in_vivo,in_vivo,Han2022,Early blastocyst (E6-8),-4.61553,6.0830007
P4_AGTCACTA,E8,P4,GSE168106,in_vivo,in_vivo,Han2022,Early blastocyst (E6-8),-6.045719,7.0870547
P4_AGTGGTCA,E8,P4,GSE168106,in_vivo,in_vivo,Han2022,Early blastocyst (E6-8),3.9785783,9.488795
P4_ATAGCGAC,E8,P4,GSE168106,in_vivo,in_vivo,Han2022,Early blastocyst (E6-8),-5.968903,7.7585325
P4_ATCATTCC,E8,P4,GSE168106,in_vivo,in_vivo,Han2022,Early blastocyst (E6-8),-5.89068,7.1001716
P4_ATCCTGTA,E8,P4,GSE168106,in_vivo,in_vivo,Han2022,Early blastocyst (E6-8),6.697222,6.1328144
P4_ATGCCTAA,E8,P4,GSE168106,in_vivo,in_vivo,Han2022,Early blastocyst (E6-8),4.1124077,8.994595
P4_ATTGAGGA,E8,P4,GSE168106,in_vivo,in_vivo,Han2022,Early blastocyst (E6-8),-4.7927394,9.478139
P4_ATTGGCTC,E8,P4,GSE168106,in_vivo,in_vivo,Han2022,Early blastocyst (E6-8),-5.0033846,6.5365553
P4_CAACCACA,E8,P4,GSE168106,in_vivo,in_vivo,Han2022,Early blastocyst (E6-8),-5.8498683,7.9523973
P4_CAAGACTA,E8,P4,GSE168106,in_vivo,in_vivo,Han2022,Early blastocyst (E6-8),-3.960921,5.9288673
P4_CAAGGAGC,E8,P4,GSE168106,in_vivo,in_vivo,Han2022,Early blastocyst (E6-8),-6.07815,7.5270185
P4_CAATGGAA,E8,P4,GSE168106,in_vivo,in_vivo,Han2022,Early blastocyst (E6-8),-3.871159,6.13909
P4_CACCTTAC,E8,P4,GSE168106,in_vivo,in_vivo,Han2022,Early blastocyst (E6-8),-5.8942585,7.34074
P4_CACTTCGA,E8,P4,GSE168106,in_vivo,in_vivo,Han2022,Early blastocyst (E6-8),3.8266244,10.457443
P4_CAGATCTG,E8,P4,GSE168106,in_vivo,in_vivo,Han2022,Early blastocyst (E6-8),4.9276648,7.3966775
P4_CATACCAA,E8,P4,GSE168106,in_vivo,in_vivo,Han2022,Early blastocyst (E6-8),4.2011056,9.134559
P4_CATCAAGT,E8,P4,GSE168106,in_vivo,in_vivo,Han2022,Early blastocyst (E6-8),0.74121404,4.62508
P4_CCATCCTC,E8,P4,GSE168106,in_vivo,in_vivo,Han2022,Early blastocyst (E6-8),-3.6467462,6.1201715
P4_CCGAAGTA,E8,P4,GSE168106,in_vivo,in_vivo,Han2022,Early blastocyst (E6-8),3.726818,10.614066
P4_CCGACAAC,E8,P4,GSE168106,in_vivo,in_vivo,Han2022,Early blastocyst (E6-8),-5.777974,6.656472
P4_CCTAATCC,E8,P4,GSE168106,in_vivo,in_vivo,Han2022,Early blastocyst (E6-8),-5.2422976,6.6272964
P4_CCTCTATC,E8,P4,GSE168106,in_vivo,in_vivo,Han2022,Early blastocyst (E6-8),3.5320904,6.6262507
P4_CGAACTTA,E8,P4,GSE168106,in_vivo,in_vivo,Han2022,Early blastocyst (E6-8),3.834877,10.2113905
P4_CGACACAC,E8,P4,GSE168106,in_vivo,in_vivo,Han2022,Early blastocyst (E6-8),-3.955917,6.052565
P4_CGACTGGA,E8,P4,GSE168106,in_vivo,in_vivo,Han2022,Early blastocyst (E6-8),-5.1221094,6.549933
P4_CGCATACA,E8,P4,GSE168106,in_vivo,in_vivo,Han2022,Early blastocyst (E6-8),0.19873513,4.8605013
P4_CGCTGATC,E8,P4,GSE168106,in_vivo,in_vivo,Han2022,Early blastocyst (E6-8),3.5578184,6.5844913
P4_CGGATTGC,E8,P4,GSE168106,in_vivo,in_vivo,Han2022,Early blastocyst (E6-8),-6.071349,7.250426
P4_CTAAGGTC,E8,P4,GSE168106,in_vivo,in_vivo,Han2022,Early blastocyst (E6-8),-5.939534,7.1102853
P4_CTCAATGA,E8,P4,GSE168106,in_vivo,in_vivo,Han2022,Early blastocyst (E6-8),-3.712297,6.1158957
P4_CTGAGCCA,E8,P4,GSE168106,in_vivo,in_vivo,Han2022,Early blastocyst (E6-8),-4.1761446,5.9542136
P4_CTGGCATA,E8,P4,GSE168106,in_vivo,in_vivo,Han2022,Early blastocyst (E6-8),-3.8103693,6.220109
P4_GAACAGGC,E8,P4,GSE168106,in_vivo,in_vivo,Han2022,Early blastocyst (E6-8),-5.4460535,6.869731
P4_GAATCTGA,E8,P4,GSE168106,in_vivo,in_vivo,Han2022,Early blastocyst (E6-8),3.4915805,6.444471
P4_GACAGTGC,E8,P4,GSE168106,in_vivo,in_vivo,Han2022,Early blastocyst (E6-8),3.2740433,6.445332
P4_GACTAGTA,E8,P4,GSE168106,in_vivo,in_vivo,Han2022,Early blastocyst (E6-8),-5.6832294,7.0615315
P4_GAGCTGAA,E8,P4,GSE168106,in_vivo,in_vivo,Han2022,Early blastocyst (E6-8),-5.333833,6.60494
P4_GAGTTAGC,E8,P4,GSE168106,in_vivo,in_vivo,Han2022,Early blastocyst (E6-8),-5.8581142,6.7964144
P4_GATAGACA,E8,P4,GSE168106,in_vivo,in_vivo,Han2022,Early blastocyst (E6-8),0.7383414,4.4623976
P4_GATGAATC,E8,P4,GSE168106,in_vivo,in_vivo,Han2022,Early blastocyst (E6-8),-6.063312,6.8420424
P4_GCCAAGAC,E8,P4,GSE168106,in_vivo,in_vivo,Han2022,Early blastocyst (E6-8),-5.9321957,7.7044773
P4_GCCACATA,E8,P4,GSE168106,in_vivo,in_vivo,Han2022,Early blastocyst (E6-8),-5.8677244,6.872586
P4_GCGAGTAA,E8,P4,GSE168106,in_vivo,in_vivo,Han2022,Early blastocyst (E6-8),-4.2983007,6.0554357
P4_GCTAACGA,E8,P4,GSE168106,in_vivo,in_vivo,Han2022,Early blastocyst (E6-8),3.7539892,6.385099
P4_GCTCGGTA,E8,P4,GSE168106,in_vivo,in_vivo,Han2022,Early blastocyst (E6-8),3.4251065,6.4858975
P4_GGAGAACA,E8,P4,GSE168106,in_vivo,in_vivo,Han2022,Early blastocyst (E6-8),-5.2451043,6.6782465
P4_GGTGCGAA,E8,P4,GSE168106,in_vivo,in_vivo,Han2022,Early blastocyst (E6-8),3.6452937,6.4291925
P4_GTACGCAA,E8,P4,GSE168106,in_vivo,in_vivo,Han2022,Early blastocyst (E6-8),4.041548,6.4731894
P4_GTCGTAGA,E8,P4,GSE168106,in_vivo,in_vivo,Han2022,Early blastocyst (E6-8),4.1786857,6.369396
P4_GTCTGTCA,E8,P4,GSE168106,in_vivo,in_vivo,Han2022,Early blastocyst (E6-8),-5.657037,6.9661756
P4_GTGTTCTA,E8,P4,GSE168106,in_vivo,in_vivo,Han2022,Early blastocyst (E6-8),-3.8812976,6.079361
P4_TAGGATGA,E8,P4,GSE168106,in_vivo,in_vivo,Han2022,Early blastocyst (E6-8),-6.028687,7.026609
P4_TATCAGCA,E8,P4,GSE168106,in_vivo,in_vivo,Han2022,Early blastocyst (E6-8),-4.829793,6.2908926
P4_TCCGTCTA,E8,P4,GSE168106,in_vivo,in_vivo,Han2022,Early blastocyst (E6-8),-6.1500688,7.2451396
P4_TCTTCACA,E8,P4,GSE168106,in_vivo,in_vivo,Han2022,Early blastocyst (E6-8),3.2505386,6.5383825
P4_TGAAGAGA,E8,P4,GSE168106,in_vivo,in_vivo,Han2022,Early blastocyst (E6-8),4.053739,6.277118
P4_TGGAACAA,E8,P4,GSE168106,in_vivo,in_vivo,Han2022,Early blastocyst (E6-8),6.7580814,5.8681087
P4_TTCACGCA,E8,P4,GSE168106,in_vivo,in_vivo,Han2022,Early blastocyst (E6-8),5.3700385,7.0681715
P5_AAACATCG,E8,P5,GSE168106,in_vivo,in_vivo,Han2022,Early blastocyst (E6-8),3.8598435,9.378661
P5_AACAACCA,E8,P5,GSE168106,in_vivo,in_vivo,Han2022,Early blastocyst (E6-8),0.5708123,4.5261197
P5_AACCGAGA,E8,P5,GSE168106,in_vivo,in_vivo,Han2022,Early blastocyst (E6-8),-5.637639,7.178745
P5_AACGCTTA,E8,P5,GSE168106,in_vivo,in_vivo,Han2022,Early blastocyst (E6-8),-0.0017026652,5.171365
P5_AAGACGGA,E8,P5,GSE168106,in_vivo,in_vivo,Han2022,Early blastocyst (E6-8),-0.1543494,5.204326
P5_AAGGTACA,E8,P5,GSE168106,in_vivo,in_vivo,Han2022,Early blastocyst (E6-8),-5.2860117,6.852978
P5_ACAAGCTA,E8,P5,GSE168106,in_vivo,in_vivo,Han2022,Early blastocyst (E6-8),0.11212315,4.9470005
P5_ACACAGAA,E8,P5,GSE168106,in_vivo,in_vivo,Han2022,Early blastocyst (E6-8),-3.751773,6.297849
P5_ACAGCAGA,E8,P5,GSE168106,in_vivo,in_vivo,Han2022,Early blastocyst (E6-8),-5.9104023,7.7840357
P5_ACCTCCAA,E8,P5,GSE168106,in_vivo,in_vivo,Han2022,Early blastocyst (E6-8),3.3643641,6.530743
P5_ACGCTCGA,E8,P5,GSE168106,in_vivo,in_vivo,Han2022,Early blastocyst (E6-8),3.2721035,6.4737387
P5_ACGTATCA,E8,P5,GSE168106,in_vivo,in_vivo,Han2022,Early blastocyst (E6-8),-5.2173758,6.742829
P5_AGAGTCAA,E8,P5,GSE168106,in_vivo,in_vivo,Han2022,Early blastocyst (E6-8),4.0585294,6.2950583
P5_AGATCGCA,E8,P5,GSE168106,in_vivo,in_vivo,Han2022,Early blastocyst (E6-8),-3.7121208,6.1172113
P5_AGCAGGAA,E8,P5,GSE168106,in_vivo,in_vivo,Han2022,Early blastocyst (E6-8),-4.2449985,6.1391363
P5_AGTACAAG,E8,P5,GSE168106,in_vivo,in_vivo,Han2022,Early blastocyst (E6-8),0.5289253,4.5966864
P5_AGTCACTA,E8,P5,GSE168106,in_vivo,in_vivo,Han2022,Early blastocyst (E6-8),-5.2949386,6.7117996
P5_AGTGGTCA,E8,P5,GSE168106,in_vivo,in_vivo,Han2022,Early blastocyst (E6-8),4.1440377,8.8952265
P5_ATCCTGTA,E8,P5,GSE168106,in_vivo,in_vivo,Han2022,Early blastocyst (E6-8),-3.8507614,6.109419
P5_ATTGAGGA,E8,P5,GSE168106,in_vivo,in_vivo,Han2022,Early blastocyst (E6-8),-5.549103,6.821012
P5_CAACCACA,E8,P5,GSE168106,in_vivo,in_vivo,Han2022,Early blastocyst (E6-8),-5.967328,7.4803476
P5_CAAGACTA,E8,P5,GSE168106,in_vivo,in_vivo,Han2022,Early blastocyst (E6-8),3.7754343,6.3644648
P5_CAATGGAA,E8,P5,GSE168106,in_vivo,in_vivo,Han2022,Early blastocyst (E6-8),-3.8703685,5.9859977
P5_CCGAAGTA,E8,P5,GSE168106,in_vivo,in_vivo,Han2022,Early blastocyst (E6-8),-3.9524717,5.943555
P5_CCTCCTGA,E8,P5,GSE168106,in_vivo,in_vivo,Han2022,Early blastocyst (E6-8),3.9163663,6.215686
P5_CGAACTTA,E8,P5,GSE168106,in_vivo,in_vivo,Han2022,Early blastocyst (E6-8),4.2001033,8.632823
P5_CGACTGGA,E8,P5,GSE168106,in_vivo,in_vivo,Han2022,Early blastocyst (E6-8),-6.077289,7.5197396
P5_CGCATACA,E8,P5,GSE168106,in_vivo,in_vivo,Han2022,Early blastocyst (E6-8),-3.4656956,6.3792076
P5_CGCTGATC,E8,P5,GSE168106,in_vivo,in_vivo,Han2022,Early blastocyst (E6-8),0.14187808,4.940047
P5_CTCAATGA,E8,P5,GSE168106,in_vivo,in_vivo,Han2022,Early blastocyst (E6-8),-3.7488415,6.3255754
P5_CTGAGCCA,E8,P5,GSE168106,in_vivo,in_vivo,Han2022,Early blastocyst (E6-8),-0.30417928,5.243877
P5_CTGGCATA,E8,P5,GSE168106,in_vivo,in_vivo,Han2022,Early blastocyst (E6-8),4.0292306,6.5189366
P5_CTGTAGCC,E8,P5,GSE168106,in_vivo,in_vivo,Han2022,Early blastocyst (E6-8),1.9951673,4.1211557
P5_GAATCTGA,E8,P5,GSE168106,in_vivo,in_vivo,Han2022,Early blastocyst (E6-8),-5.2614083,6.895074
P5_GACTAGTA,E8,P5,GSE168106,in_vivo,in_vivo,Han2022,Early blastocyst (E6-8),-5.971257,7.395498
P5_GAGCTGAA,E8,P5,GSE168106,in_vivo,in_vivo,Han2022,Early blastocyst (E6-8),-4.888831,6.640228
P5_GCCACATA,E8,P5,GSE168106,in_vivo,in_vivo,Han2022,Early blastocyst (E6-8),-4.1010866,5.977225
P5_GCGAGTAA,E8,P5,GSE168106,in_vivo,in_vivo,Han2022,Early blastocyst (E6-8),-3.961914,6.0064845
P5_GCTCGGTA,E8,P5,GSE168106,in_vivo,in_vivo,Han2022,Early blastocyst (E6-8),-3.5006645,6.255462
P5_GGAGAACA,E8,P5,GSE168106,in_vivo,in_vivo,Han2022,Early blastocyst (E6-8),-1.6634135,6.826564
P5_GGTGCGAA,E8,P5,GSE168106,in_vivo,in_vivo,Han2022,Early blastocyst (E6-8),-5.032765,6.5559125
P5_GTACGCAA,E8,P5,GSE168106,in_vivo,in_vivo,Han2022,Early blastocyst (E6-8),3.5109694,6.361476
P5_GTCGTAGA,E8,P5,GSE168106,in_vivo,in_vivo,Han2022,Early blastocyst (E6-8),-3.6637108,6.0387454
P5_GTCTGTCA,E8,P5,GSE168106,in_vivo,in_vivo,Han2022,Early blastocyst (E6-8),3.3435602,6.4346695
P5_GTGTTCTA,E8,P5,GSE168106,in_vivo,in_vivo,Han2022,Early blastocyst (E6-8),4.0463214,6.215883
P5_TAGGATGA,E8,P5,GSE168106,in_vivo,in_vivo,Han2022,Early blastocyst (E6-8),-5.950326,6.847461
P5_TATCAGCA,E8,P5,GSE168106,in_vivo,in_vivo,Han2022,Early blastocyst (E6-8),3.250213,6.450753
P5_TCCGTCTA,E8,P5,GSE168106,in_vivo,in_vivo,Han2022,Early blastocyst (E6-8),-3.9356778,5.932507
P5_TCTTCACA,E8,P5,GSE168106,in_vivo,in_vivo,Han2022,Early blastocyst (E6-8),-5.8686304,7.0503187
P5_TGAAGAGA,E8,P5,GSE168106,in_vivo,in_vivo,Han2022,Early blastocyst (E6-8),-3.250193,6.3107014
P6_AACTCACC,E11,P6,GSE168106,in_vivo,in_vivo,Han2022,Post-impl (E11-14),2.4355283,4.688685
P6_AAGAGATC,E11,P6,GSE168106,in_vivo,in_vivo,Han2022,Post-impl (E11-14),0.6004955,6.577596
P6_AAGGACAC,E11,P6,GSE168106,in_vivo,in_vivo,Han2022,Post-impl (E11-14),0.5694923,7.3771996
P6_AATCCGTC,E11,P6,GSE168106,in_vivo,in_vivo,Han2022,Post-impl (E11-14),2.0941627,4.7045636
P6_AATGTTGC,E11,P6,GSE168106,in_vivo,in_vivo,Han2022,Post-impl (E11-14),3.4649324,4.6002474
P6_ACAGATTC,E11,P6,GSE168106,in_vivo,in_vivo,Han2022,Post-impl (E11-14),2.0079558,4.4731503
P6_AGCACCTC,E11,P6,GSE168106,in_vivo,in_vivo,Han2022,Post-impl (E11-14),0.10023488,6.0556884
P6_AGCCATGC,E11,P6,GSE168106,in_vivo,in_vivo,Han2022,Post-impl (E11-14),2.218186,4.8330007
P6_AGGCTAAC,E11,P6,GSE168106,in_vivo,in_vivo,Han2022,Post-impl (E11-14),0.5859283,7.416609
P6_ATAGCGAC,E11,P6,GSE168106,in_vivo,in_vivo,Han2022,Post-impl (E11-14),0.46521986,6.2398205
P6_ATCATTCC,E11,P6,GSE168106,in_vivo,in_vivo,Han2022,Post-impl (E11-14),0.66892856,7.4934683
P6_ATTGGCTC,E11,P6,GSE168106,in_vivo,in_vivo,Han2022,Post-impl (E11-14),1.613986,5.6649384
P6_CAAGGAGC,E11,P6,GSE168106,in_vivo,in_vivo,Han2022,Post-impl (E11-14),2.426095,4.84248
P6_CACCTTAC,E11,P6,GSE168106,in_vivo,in_vivo,Han2022,Post-impl (E11-14),0.8622358,6.962524
P6_CCATCCTC,E11,P6,GSE168106,in_vivo,in_vivo,Han2022,Post-impl (E11-14),4.424712,4.6712627
P6_CCGACAAC,E11,P6,GSE168106,in_vivo,in_vivo,Han2022,Post-impl (E11-14),0.8620199,6.879681
P6_CCTAATCC,E11,P6,GSE168106,in_vivo,in_vivo,Han2022,Post-impl (E11-14),1.4140404,5.817254
P6_CCTCTATC,E11,P6,GSE168106,in_vivo,in_vivo,Han2022,Post-impl (E11-14),3.3738604,4.596843
P6_CGACACAC,E11,P6,GSE168106,in_vivo,in_vivo,Han2022,Post-impl (E11-14),0.45250264,7.397232
P6_CGGATTGC,E11,P6,GSE168106,in_vivo,in_vivo,Han2022,Post-impl (E11-14),1.118217,6.4764314
P6_CTAAGGTC,E11,P6,GSE168106,in_vivo,in_vivo,Han2022,Post-impl (E11-14),1.8219937,5.4611673
P6_GACAGTGC,E11,P6,GSE168106,in_vivo,in_vivo,Han2022,Post-impl (E11-14),4.1127815,4.5381856
P6_GAGTTAGC,E11,P6,GSE168106,in_vivo,in_vivo,Han2022,Post-impl (E11-14),1.9671619,5.269557
P6_GATAGACA,E11,P6,GSE168106,in_vivo,in_vivo,Han2022,Post-impl (E11-14),0.8393011,6.718181
P6_GATGAATC,E11,P6,GSE168106,in_vivo,in_vivo,Han2022,Post-impl (E11-14),2.5533679,4.875377
P6_GCCACATA,E11,P6,GSE168106,in_vivo,in_vivo,Han2022,Post-impl (E11-14),-1.385836,8.94602
P6_GCGAGTAA,E11,P6,GSE168106,in_vivo,in_vivo,Han2022,Post-impl (E11-14),1.9732276,4.485837
P6_GCTAACGA,E11,P6,GSE168106,in_vivo,in_vivo,Han2022,Post-impl (E11-14),1.036783,6.8526406
P6_GCTCGGTA,E11,P6,GSE168106,in_vivo,in_vivo,Han2022,Post-impl (E11-14),4.5972624,4.750292
P6_GGAGAACA,E11,P6,GSE168106,in_vivo,in_vivo,Han2022,Post-impl (E11-14),0.8949984,6.807849
P6_GGTGCGAA,E11,P6,GSE168106,in_vivo,in_vivo,Han2022,Post-impl (E11-14),2.4865174,4.822988
P6_GTACGCAA,E11,P6,GSE168106,in_vivo,in_vivo,Han2022,Post-impl (E11-14),3.5588045,4.553923
P6_GTCGTAGA,E11,P6,GSE168106,in_vivo,in_vivo,Han2022,Post-impl (E11-14),0.5696647,7.393285
P6_GTCTGTCA,E11,P6,GSE168106,in_vivo,in_vivo,Han2022,Post-impl (E11-14),1.0675187,6.748971
P6_GTGTTCTA,E11,P6,GSE168106,in_vivo,in_vivo,Han2022,Post-impl (E11-14),2.563623,4.7868557
P6_TAGGATGA,E11,P6,GSE168106,in_vivo,in_vivo,Han2022,Post-impl (E11-14),1.1526847,6.5764775
P6_TATCAGCA,E11,P6,GSE168106,in_vivo,in_vivo,Han2022,Post-impl (E11-14),1.6180336,5.6720595
P6_TCCGTCTA,E11,P6,GSE168106,in_vivo,in_vivo,Han2022,Post-impl (E11-14),0.8358256,7.1524506
P6_TCTTCACA,E11,P6,GSE168106,in_vivo,in_vivo,Han2022,Post-impl (E11-14),0.863113,7.1855326
P6_TGAAGAGA,E11,P6,GSE168106,in_vivo,in_vivo,Han2022,Post-impl (E11-14),0.70890975,7.190501
P6_TGGAACAA,E11,P6,GSE168106,in_vivo,in_vivo,Han2022,Post-impl (E11-14),0.96702343,6.8147097
P6_TGGCTTCA,E11,P6,GSE168106,in_vivo,in_vivo,Han2022,Post-impl (E11-14),0.6238986,7.249404
P6_TGGTGGTA,E11,P6,GSE168106,in_vivo,in_vivo,Han2022,Post-impl (E11-14),5.6485467,5.9646187
P6_TTCACGCA,E11,P6,GSE168106,in_vivo,in_vivo,Han2022,Post-impl (E11-14),1.6108532,5.6385326
P7_AAACATCG,E11,P7,GSE168106,in_vivo,in_vivo,Han2022,Post-impl (E11-14),6.881886,5.736275
P7_AACAACCA,E11,P7,GSE168106,in_vivo,in_vivo,Han2022,Post-impl (E11-14),1.102481,5.973804
P7_AACCGAGA,E11,P7,GSE168106,in_vivo,in_vivo,Han2022,Post-impl (E11-14),0.62346566,7.396335
P7_AACGCTTA,E11,P7,GSE168106,in_vivo,in_vivo,Han2022,Post-impl (E11-14),1.461165,5.777354
P7_AACGTGAT,E11,P7,GSE168106,in_vivo,in_vivo,Han2022,Post-impl (E11-14),1.4269387,5.737657
P7_AACTCACC,E11,P7,GSE168106,in_vivo,in_vivo,Han2022,Post-impl (E11-14),1.7344092,4.4582596
P7_AAGACGGA,E11,P7,GSE168106,in_vivo,in_vivo,Han2022,Post-impl (E11-14),0.7358408,6.950914
P7_AAGAGATC,E11,P7,GSE168106,in_vivo,in_vivo,Han2022,Post-impl (E11-14),0.46075183,5.4885006
P7_AAGGACAC,E11,P7,GSE168106,in_vivo,in_vivo,Han2022,Post-impl (E11-14),1.7288675,5.03017
P7_AAGGTACA,E11,P7,GSE168106,in_vivo,in_vivo,Han2022,Post-impl (E11-14),0.38800436,5.7628126
P7_AATCCGTC,E11,P7,GSE168106,in_vivo,in_vivo,Han2022,Post-impl (E11-14),3.475943,4.522494
P7_AATGTTGC,E11,P7,GSE168106,in_vivo,in_vivo,Han2022,Post-impl (E11-14),4.7755094,4.906297
P7_ACAAGCTA,E11,P7,GSE168106,in_vivo,in_vivo,Han2022,Post-impl (E11-14),1.3385985,5.8584533
P7_ACACAGAA,E11,P7,GSE168106,in_vivo,in_vivo,Han2022,Post-impl (E11-14),1.839887,5.383314
P7_ACACGACC,E11,P7,GSE168106,in_vivo,in_vivo,Han2022,Post-impl (E11-14),2.456627,4.734417
P7_ACAGATTC,E11,P7,GSE168106,in_vivo,in_vivo,Han2022,Post-impl (E11-14),2.125511,4.747131
P7_ACAGCAGA,E11,P7,GSE168106,in_vivo,in_vivo,Han2022,Post-impl (E11-14),0.2811516,5.7115936
P7_ACATTGGC,E11,P7,GSE168106,in_vivo,in_vivo,Han2022,Post-impl (E11-14),3.5345364,4.553871
P7_ACCACTGT,E11,P7,GSE168106,in_vivo,in_vivo,Han2022,Post-impl (E11-14),2.0051353,4.533762
P7_ACCTCCAA,E11,P7,GSE168106,in_vivo,in_vivo,Han2022,Post-impl (E11-14),4.8037353,4.8332076
P7_ACGCTCGA,E11,P7,GSE168106,in_vivo,in_vivo,Han2022,Post-impl (E11-14),3.5082176,4.6119957
P7_ACGTATCA,E11,P7,GSE168106,in_vivo,in_vivo,Han2022,Post-impl (E11-14),0.4710399,5.9110584
P7_ACTATGCA,E11,P7,GSE168106,in_vivo,in_vivo,Han2022,Post-impl (E11-14),6.607032,5.6728363
P7_AGAGTCAA,E11,P7,GSE168106,in_vivo,in_vivo,Han2022,Post-impl (E11-14),3.3540683,4.550759
P7_AGATCGCA,E11,P7,GSE168106,in_vivo,in_vivo,Han2022,Post-impl (E11-14),1.6109009,5.692445
P7_AGATGTAC,E11,P7,GSE168106,in_vivo,in_vivo,Han2022,Post-impl (E11-14),1.3065436,5.896551
P7_AGCAGGAA,E11,P7,GSE168106,in_vivo,in_vivo,Han2022,Post-impl (E11-14),0.7092992,7.157038
P7_AGGCTAAC,E11,P7,GSE168106,in_vivo,in_vivo,Han2022,Post-impl (E11-14),0.7355685,6.4090858
P7_AGTACAAG,E11,P7,GSE168106,in_vivo,in_vivo,Han2022,Post-impl (E11-14),1.7845501,4.7077756
P7_AGTCACTA,E11,P7,GSE168106,in_vivo,in_vivo,Han2022,Post-impl (E11-14),1.1038326,6.6536717
P7_AGTGGTCA,E11,P7,GSE168106,in_vivo,in_vivo,Han2022,Post-impl (E11-14),1.7527586,5.3907514
P7_ATAGCGAC,E11,P7,GSE168106,in_vivo,in_vivo,Han2022,Post-impl (E11-14),1.7910285,4.7517066
P7_ATCATTCC,E11,P7,GSE168106,in_vivo,in_vivo,Han2022,Post-impl (E11-14),0.64227563,6.7443085
P7_ATCCTGTA,E11,P7,GSE168106,in_vivo,in_vivo,Han2022,Post-impl (E11-14),3.2918496,4.58782
P7_ATGCCTAA,E11,P7,GSE168106,in_vivo,in_vivo,Han2022,Post-impl (E11-14),1.9525845,4.9589577
P7_ATTGAGGA,E11,P7,GSE168106,in_vivo,in_vivo,Han2022,Post-impl (E11-14),0.59294873,7.376432
P7_ATTGGCTC,E11,P7,GSE168106,in_vivo,in_vivo,Han2022,Post-impl (E11-14),1.6887969,5.40043
P7_CAACCACA,E11,P7,GSE168106,in_vivo,in_vivo,Han2022,Post-impl (E11-14),1.0958585,6.7611957
P7_CAAGACTA,E11,P7,GSE168106,in_vivo,in_vivo,Han2022,Post-impl (E11-14),4.578257,4.705921
P7_CAAGGAGC,E11,P7,GSE168106,in_vivo,in_vivo,Han2022,Post-impl (E11-14),1.1989883,6.317923
P7_CAATGGAA,E11,P7,GSE168106,in_vivo,in_vivo,Han2022,Post-impl (E11-14),2.31271,4.896114
P7_CACCTTAC,E11,P7,GSE168106,in_vivo,in_vivo,Han2022,Post-impl (E11-14),0.25266346,5.8823767
P7_CACTTCGA,E11,P7,GSE168106,in_vivo,in_vivo,Han2022,Post-impl (E11-14),0.82696015,5.975181
P7_CAGATCTG,E11,P7,GSE168106,in_vivo,in_vivo,Han2022,Post-impl (E11-14),1.9524937,5.049892
P7_CAGCGTTA,E11,P7,GSE168106,in_vivo,in_vivo,Han2022,Post-impl (E11-14),6.6469684,5.6411033
P7_CATACCAA,E11,P7,GSE168106,in_vivo,in_vivo,Han2022,Post-impl (E11-14),2.3323426,4.632813
P7_CATCAAGT,E11,P7,GSE168106,in_vivo,in_vivo,Han2022,Post-impl (E11-14),3.5455573,4.588259
P7_CCAGTTCA,E11,P7,GSE168106,in_vivo,in_vivo,Han2022,Post-impl (E11-14),1.6928545,5.4819684
P7_CCATCCTC,E11,P7,GSE168106,in_vivo,in_vivo,Han2022,Post-impl (E11-14),6.804204,5.789607
P7_CCGAAGTA,E11,P7,GSE168106,in_vivo,in_vivo,Han2022,Post-impl (E11-14),0.7951399,6.7206106
P7_CCGACAAC,E11,P7,GSE168106,in_vivo,in_vivo,Han2022,Post-impl (E11-14),0.63063735,7.290299
P7_CCGTGAGA,E11,P7,GSE168106,in_vivo,in_vivo,Han2022,Post-impl (E11-14),-1.7581204,9.383167
P7_CCTAATCC,E11,P7,GSE168106,in_vivo,in_vivo,Han2022,Post-impl (E11-14),1.292755,6.1400385
P7_CCTCCTGA,E11,P7,GSE168106,in_vivo,in_vivo,Han2022,Post-impl (E11-14),3.3301878,4.5736704
P7_CCTCTATC,E11,P7,GSE168106,in_vivo,in_vivo,Han2022,Post-impl (E11-14),3.0852306,4.5575113
P7_CGAACTTA,E11,P7,GSE168106,in_vivo,in_vivo,Han2022,Post-impl (E11-14),0.6808449,7.054553
P7_CGACACAC,E11,P7,GSE168106,in_vivo,in_vivo,Han2022,Post-impl (E11-14),-1.2368399,6.6073546
P7_CGACTGGA,E11,P7,GSE168106,in_vivo,in_vivo,Han2022,Post-impl (E11-14),-1.7748351,9.080987
P7_CGCATACA,E11,P7,GSE168106,in_vivo,in_vivo,Han2022,Post-impl (E11-14),0.9841198,6.593847
P7_CGCTGATC,E11,P7,GSE168106,in_vivo,in_vivo,Han2022,Post-impl (E11-14),1.9749241,5.3525076
P7_CGGATTGC,E11,P7,GSE168106,in_vivo,in_vivo,Han2022,Post-impl (E11-14),1.5078027,5.8595557
P7_CTAAGGTC,E11,P7,GSE168106,in_vivo,in_vivo,Han2022,Post-impl (E11-14),6.514426,5.92534
P7_CTGAGCCA,E11,P7,GSE168106,in_vivo,in_vivo,Han2022,Post-impl (E11-14),0.92327464,5.87229
P7_CTGGCATA,E11,P7,GSE168106,in_vivo,in_vivo,Han2022,Post-impl (E11-14),1.1510977,6.4978485
P7_CTGTAGCC,E11,P7,GSE168106,in_vivo,in_vivo,Han2022,Post-impl (E11-14),5.070294,5.0318
P7_GAACAGGC,E11,P7,GSE168106,in_vivo,in_vivo,Han2022,Post-impl (E11-14),0.15067276,5.6462197
P7_GAATCTGA,E11,P7,GSE168106,in_vivo,in_vivo,Han2022,Post-impl (E11-14),3.5978622,4.532641
P7_GACAGTGC,E11,P7,GSE168106,in_vivo,in_vivo,Han2022,Post-impl (E11-14),3.0975602,4.6357493
P7_GACTAGTA,E11,P7,GSE168106,in_vivo,in_vivo,Han2022,Post-impl (E11-14),0.33434728,5.8037424
P7_GAGTTAGC,E11,P7,GSE168106,in_vivo,in_vivo,Han2022,Post-impl (E11-14),-0.3674899,6.2712746
P7_GATAGACA,E11,P7,GSE168106,in_vivo,in_vivo,Han2022,Post-impl (E11-14),1.1568025,6.5253015
P7_GATGAATC,E11,P7,GSE168106,in_vivo,in_vivo,Han2022,Post-impl (E11-14),1.7528094,5.2124267
P7_GCCAAGAC,E11,P7,GSE168106,in_vivo,in_vivo,Han2022,Post-impl (E11-14),0.55791235,7.376716
P7_GCCACATA,E11,P7,GSE168106,in_vivo,in_vivo,Han2022,Post-impl (E11-14),1.524582,5.8991237
P7_GCGAGTAA,E11,P7,GSE168106,in_vivo,in_vivo,Han2022,Post-impl (E11-14),1.2702695,6.3652697
P7_GCTAACGA,E11,P7,GSE168106,in_vivo,in_vivo,Han2022,Post-impl (E11-14),5.2751007,5.2315893
P7_GCTCGGTA,E11,P7,GSE168106,in_vivo,in_vivo,Han2022,Post-impl (E11-14),3.7280018,4.5420823
P7_GGTGCGAA,E11,P7,GSE168106,in_vivo,in_vivo,Han2022,Post-impl (E11-14),1.3827463,6.1550097
P7_GTACGCAA,E11,P7,GSE168106,in_vivo,in_vivo,Han2022,Post-impl (E11-14),2.125689,4.9938483
P7_GTCGTAGA,E11,P7,GSE168106,in_vivo,in_vivo,Han2022,Post-impl (E11-14),0.96596676,5.750873
P7_GTCTGTCA,E11,P7,GSE168106,in_vivo,in_vivo,Han2022,Post-impl (E11-14),1.5432895,5.776331
P7_GTGTTCTA,E11,P7,GSE168106,in_vivo,in_vivo,Han2022,Post-impl (E11-14),0.620119,7.04178
P7_TAGGATGA,E11,P7,GSE168106,in_vivo,in_vivo,Han2022,Post-impl (E11-14),0.69790417,6.937039
P7_TATCAGCA,E11,P7,GSE168106,in_vivo,in_vivo,Han2022,Post-impl (E11-14),0.13648547,5.8669195
P7_TCCGTCTA,E11,P7,GSE168106,in_vivo,in_vivo,Han2022,Post-impl (E11-14),0.2888879,5.881741
P7_TCTTCACA,E11,P7,GSE168106,in_vivo,in_vivo,Han2022,Post-impl (E11-14),0.5878536,7.4759016
P7_TGAAGAGA,E11,P7,GSE168106,in_vivo,in_vivo,Han2022,Post-impl (E11-14),1.2167397,6.41525
P7_TGGAACAA,E11,P7,GSE168106,in_vivo,in_vivo,Han2022,Post-impl (E11-14),3.1818812,4.538953
P7_TGGCTTCA,E11,P7,GSE168106,in_vivo,in_vivo,Han2022,Post-impl (E11-14),0.5589325,6.6661463
P7_TGGTGGTA,E11,P7,GSE168106,in_vivo,in_vivo,Han2022,Post-impl (E11-14),-0.37872615,6.422595
P7_TTCACGCA,E11,P7,GSE168106,in_vivo,in_vivo,Han2022,Post-impl (E11-14),0.94003946,6.3239827
P8_AACAACCA,E11,P8,GSE168106,in_vivo,in_vivo,Han2022,Post-impl (E11-14),3.805088,6.67169
P8_AACCGAGA,E11,P8,GSE168106,in_vivo,in_vivo,Han2022,Post-impl (E11-14),-6.0610476,6.6176605
P8_AACGCTTA,E11,P8,GSE168106,in_vivo,in_vivo,Han2022,Post-impl (E11-14),-4.235514,6.0807576
P8_AACGTGAT,E11,P8,GSE168106,in_vivo,in_vivo,Han2022,Post-impl (E11-14),6.32657,5.766816
P8_AACTCACC,E7,P8,GSE168106,in_vivo,in_vivo,Han2022,Early blastocyst (E6-8),4.448067,9.0735445
P8_AAGAGATC,E7,P8,GSE168106,in_vivo,in_vivo,Han2022,Early blastocyst (E6-8),5.6415186,6.6689386
P8_AATGTTGC,E7,P8,GSE168106,in_vivo,in_vivo,Han2022,Early blastocyst (E6-8),4.7272944,6.370306
P8_ACAAGCTA,E11,P8,GSE168106,in_vivo,in_vivo,Han2022,Post-impl (E11-14),-3.7829475,6.426446
P8_ACACGACC,E7,P8,GSE168106,in_vivo,in_vivo,Han2022,Early blastocyst (E6-8),-5.964564,4.528119
P8_ACAGATTC,E7,P8,GSE168106,in_vivo,in_vivo,Han2022,Early blastocyst (E6-8),6.69628,6.1943116
P8_ACATTGGC,E11,P8,GSE168106,in_vivo,in_vivo,Han2022,Post-impl (E11-14),-4.9156747,6.1467047
P8_AGAGTCAA,E7,P8,GSE168106,in_vivo,in_vivo,Han2022,Early blastocyst (E6-8),4.062419,9.9550085
P8_AGCAGGAA,E7,P8,GSE168106,in_vivo,in_vivo,Han2022,Early blastocyst (E6-8),-5.332628,4.9064856
P8_AGCCATGC,E7,P8,GSE168106,in_vivo,in_vivo,Han2022,Early blastocyst (E6-8),5.2015424,6.1671734
P8_AGGCTAAC,E7,P8,GSE168106,in_vivo,in_vivo,Han2022,Early blastocyst (E6-8),-5.4791555,4.926067
P8_AGTACAAG,E11,P8,GSE168106,in_vivo,in_vivo,Han2022,Post-impl (E11-14),3.7830238,6.5372014
P8_AGTCACTA,E7,P8,GSE168106,in_vivo,in_vivo,Han2022,Early blastocyst (E6-8),-5.929875,4.5409927
P8_AGTGGTCA,E11,P8,GSE168106,in_vivo,in_vivo,Han2022,Post-impl (E11-14),5.618253,6.28538
P8_ATAGCGAC,E7,P8,GSE168106,in_vivo,in_vivo,Han2022,Early blastocyst (E6-8),-6.150683,4.5912642
P8_ATCATTCC,E7,P8,GSE168106,in_vivo,in_vivo,Han2022,Early blastocyst (E6-8),-6.058168,4.4209533
P8_ATCCTGTA,E7,P8,GSE168106,in_vivo,in_vivo,Han2022,Early blastocyst (E6-8),4.015977,10.131183
P8_ATGCCTAA,E11,P8,GSE168106,in_vivo,in_vivo,Han2022,Post-impl (E11-14),-4.227664,6.183419
P8_ATTGAGGA,E7,P8,GSE168106,in_vivo,in_vivo,Han2022,Early blastocyst (E6-8),-5.0073605,5.054528
P8_ATTGGCTC,E7,P8,GSE168106,in_vivo,in_vivo,Han2022,Early blastocyst (E6-8),-5.4261303,4.769585
P8_CAAGACTA,E7,P8,GSE168106,in_vivo,in_vivo,Han2022,Early blastocyst (E6-8),-3.410777,4.724613
P8_CAAGGAGC,E7,P8,GSE168106,in_vivo,in_vivo,Han2022,Early blastocyst (E6-8),-3.5020282,4.9140964
P8_CAATGGAA,E7,P8,GSE168106,in_vivo,in_vivo,Han2022,Early blastocyst (E6-8),-4.92957,4.974827
P8_CACCTTAC,E7,P8,GSE168106,in_vivo,in_vivo,Han2022,Early blastocyst (E6-8),-5.590257,4.5927205
P8_CACTTCGA,E7,P8,GSE168106,in_vivo,in_vivo,Han2022,Early blastocyst (E6-8),-4.9502215,3.5688596
P8_CAGATCTG,E11,P8,GSE168106,in_vivo,in_vivo,Han2022,Post-impl (E11-14),3.3575027,6.6189795
P8_CAGCGTTA,E7,P8,GSE168106,in_vivo,in_vivo,Han2022,Early blastocyst (E6-8),4.636579,6.3170686
P8_CATACCAA,E7,P8,GSE168106,in_vivo,in_vivo,Han2022,Early blastocyst (E6-8),-5.2607646,4.8068085
P8_CATCAAGT,E11,P8,GSE168106,in_vivo,in_vivo,Han2022,Post-impl (E11-14),5.8501225,6.0880213
P8_CCAGTTCA,E7,P8,GSE168106,in_vivo,in_vivo,Han2022,Early blastocyst (E6-8),-6.125459,4.5740733
P8_CCATCCTC,E7,P8,GSE168106,in_vivo,in_vivo,Han2022,Early blastocyst (E6-8),4.501143,6.334565
P8_CCGAAGTA,E7,P8,GSE168106,in_vivo,in_vivo,Han2022,Early blastocyst (E6-8),-4.7939606,4.799793
P8_CCGACAAC,E7,P8,GSE168106,in_vivo,in_vivo,Han2022,Early blastocyst (E6-8),-5.7988486,4.552148
P8_CCGTGAGA,E7,P8,GSE168106,in_vivo,in_vivo,Han2022,Early blastocyst (E6-8),-5.766394,4.5592437
P8_CCTAATCC,E7,P8,GSE168106,in_vivo,in_vivo,Han2022,Early blastocyst (E6-8),-5.543224,4.6486073
P8_CCTCCTGA,E7,P8,GSE168106,in_vivo,in_vivo,Han2022,Early blastocyst (E6-8),5.264387,5.9100986
P8_CCTCTATC,E7,P8,GSE168106,in_vivo,in_vivo,Han2022,Early blastocyst (E6-8),-3.4113202,3.9241748
P8_CGAACTTA,E7,P8,GSE168106,in_vivo,in_vivo,Han2022,Early blastocyst (E6-8),-5.6927447,4.6051292
P8_CGACACAC,E7,P8,GSE168106,in_vivo,in_vivo,Han2022,Early blastocyst (E6-8),-6.094122,4.5318246
P8_CGACTGGA,E7,P8,GSE168106,in_vivo,in_vivo,Han2022,Early blastocyst (E6-8),5.4073715,6.4770694
P8_CGCTGATC,E11,P8,GSE168106,in_vivo,in_vivo,Han2022,Post-impl (E11-14),3.48242,6.936467
P8_CGGATTGC,E7,P8,GSE168106,in_vivo,in_vivo,Han2022,Early blastocyst (E6-8),-5.890806,4.449902
P8_CTAAGGTC,E7,P8,GSE168106,in_vivo,in_vivo,Han2022,Early blastocyst (E6-8),-3.3945634,4.900975
P8_CTCAATGA,E7,P8,GSE168106,in_vivo,in_vivo,Han2022,Early blastocyst (E6-8),4.072609,10.136412
P8_CTGAGCCA,E7,P8,GSE168106,in_vivo,in_vivo,Han2022,Early blastocyst (E6-8),3.8908558,10.534074
P8_CTGGCATA,E7,P8,GSE168106,in_vivo,in_vivo,Han2022,Early blastocyst (E6-8),3.7176654,11.004639
P8_CTGTAGCC,E11,P8,GSE168106,in_vivo,in_vivo,Han2022,Post-impl (E11-14),-3.801135,6.4828734
P8_GAACAGGC,E7,P8,GSE168106,in_vivo,in_vivo,Han2022,Early blastocyst (E6-8),-4.8180704,3.5887294
P8_GACAGTGC,E7,P8,GSE168106,in_vivo,in_vivo,Han2022,Early blastocyst (E6-8),-4.585181,5.0866375
P8_GACTAGTA,E7,P8,GSE168106,in_vivo,in_vivo,Han2022,Early blastocyst (E6-8),4.9131966,7.491676
P8_GAGTTAGC,E7,P8,GSE168106,in_vivo,in_vivo,Han2022,Early blastocyst (E6-8),-6.333553,4.6903067
P8_GATGAATC,E7,P8,GSE168106,in_vivo,in_vivo,Han2022,Early blastocyst (E6-8),-5.685864,4.5933924
P8_GCCAAGAC,E7,P8,GSE168106,in_vivo,in_vivo,Han2022,Early blastocyst (E6-8),-6.2088776,4.557115
P8_GCCACATA,E7,P8,GSE168106,in_vivo,in_vivo,Han2022,Early blastocyst (E6-8),-5.6345377,4.49547
P8_GCGAGTAA,E7,P8,GSE168106,in_vivo,in_vivo,Han2022,Early blastocyst (E6-8),-3.2569525,4.6866264
P8_GCTAACGA,E7,P8,GSE168106,in_vivo,in_vivo,Han2022,Early blastocyst (E6-8),4.6278768,6.243493
P8_GCTCGGTA,E7,P8,GSE168106,in_vivo,in_vivo,Han2022,Early blastocyst (E6-8),-2.9947371,4.664215
P8_GGAGAACA,E7,P8,GSE168106,in_vivo,in_vivo,Han2022,Early blastocyst (E6-8),-5.3103805,4.8820424
P8_GGTGCGAA,E7,P8,GSE168106,in_vivo,in_vivo,Han2022,Early blastocyst (E6-8),-5.545001,4.561487
P8_GTACGCAA,E7,P8,GSE168106,in_vivo,in_vivo,Han2022,Early blastocyst (E6-8),-3.6106615,4.8368263
P8_GTCGTAGA,E7,P8,GSE168106,in_vivo,in_vivo,Han2022,Early blastocyst (E6-8),-4.3267484,3.7143533
P8_GTCTGTCA,E7,P8,GSE168106,in_vivo,in_vivo,Han2022,Early blastocyst (E6-8),-3.6660259,3.8825035
P8_GTGTTCTA,E7,P8,GSE168106,in_vivo,in_vivo,Han2022,Early blastocyst (E6-8),-3.8057406,3.842301
P8_TAGGATGA,E7,P8,GSE168106,in_vivo,in_vivo,Han2022,Early blastocyst (E6-8),-5.9785905,4.5511155
P8_TATCAGCA,E7,P8,GSE168106,in_vivo,in_vivo,Han2022,Early blastocyst (E6-8),-4.960392,3.6189625
P8_TCCGTCTA,E7,P8,GSE168106,in_vivo,in_vivo,Han2022,Early blastocyst (E6-8),-5.8223186,4.5778685
P8_TCTTCACA,E7,P8,GSE168106,in_vivo,in_vivo,Han2022,Early blastocyst (E6-8),-5.2379355,3.723497
P8_TGAAGAGA,E7,P8,GSE168106,in_vivo,in_vivo,Han2022,Early blastocyst (E6-8),-4.9409685,3.4845753
P8_TGGCTTCA,E7,P8,GSE168106,in_vivo,in_vivo,Han2022,Early blastocyst (E6-8),4.072415,10.230299
P9_AAACATCG,E7,P9,GSE168106,in_vivo,in_vivo,Han2022,Early blastocyst (E6-8),-3.1529443,4.5093904
P9_AACCGAGA,E7,P9,GSE168106,in_vivo,in_vivo,Han2022,Early blastocyst (E6-8),5.8940444,6.6412277
P9_AACGTGAT,E7,P9,GSE168106,in_vivo,in_vivo,Han2022,Early blastocyst (E6-8),-5.1509147,4.7964077
P9_AAGAGATC,E7,P9,GSE168106,in_vivo,in_vivo,Han2022,Early blastocyst (E6-8),4.7415247,6.849078
P9_AAGGACAC,E7,P9,GSE168106,in_vivo,in_vivo,Han2022,Early blastocyst (E6-8),-4.969021,4.6948047
P9_AATGTTGC,E7,P9,GSE168106,in_vivo,in_vivo,Han2022,Early blastocyst (E6-8),6.717248,6.0910387
P9_ACACGACC,E7,P9,GSE168106,in_vivo,in_vivo,Han2022,Early blastocyst (E6-8),-3.1990883,4.078626
P9_ACAGATTC,E7,P9,GSE168106,in_vivo,in_vivo,Han2022,Early blastocyst (E6-8),-3.31454,4.050348
P9_ACATTGGC,E7,P9,GSE168106,in_vivo,in_vivo,Han2022,Early blastocyst (E6-8),-3.5128167,3.982811
P9_ACCACTGT,E7,P9,GSE168106,in_vivo,in_vivo,Han2022,Early blastocyst (E6-8),-3.3789864,4.758417
P9_ACCTCCAA,E7,P9,GSE168106,in_vivo,in_vivo,Han2022,Early blastocyst (E6-8),6.5714536,6.3449497
P9_AGATCGCA,E7,P9,GSE168106,in_vivo,in_vivo,Han2022,Early blastocyst (E6-8),-6.251429,4.583575
P9_AGATGTAC,E7,P9,GSE168106,in_vivo,in_vivo,Han2022,Early blastocyst (E6-8),-5.8936396,4.331958
P9_AGCACCTC,E7,P9,GSE168106,in_vivo,in_vivo,Han2022,Early blastocyst (E6-8),-5.7884126,4.521396
P9_AGCAGGAA,E7,P9,GSE168106,in_vivo,in_vivo,Han2022,Early blastocyst (E6-8),-5.0556235,3.6290262
P9_AGCCATGC,E7,P9,GSE168106,in_vivo,in_vivo,Han2022,Early blastocyst (E6-8),-3.2921417,4.0265117
P9_AGGCTAAC,E7,P9,GSE168106,in_vivo,in_vivo,Han2022,Early blastocyst (E6-8),-3.622855,3.7957714
P9_AGTCACTA,E7,P9,GSE168106,in_vivo,in_vivo,Han2022,Early blastocyst (E6-8),-3.8039038,4.922599
P9_AGTGGTCA,E7,P9,GSE168106,in_vivo,in_vivo,Han2022,Early blastocyst (E6-8),-5.3955894,4.753827
P9_ATAGCGAC,E7,P9,GSE168106,in_vivo,in_vivo,Han2022,Early blastocyst (E6-8),-5.45978,4.6238422
P9_ATCATTCC,E7,P9,GSE168106,in_vivo,in_vivo,Han2022,Early blastocyst (E6-8),-3.6715586,3.909005
P9_ATCCTGTA,E7,P9,GSE168106,in_vivo,in_vivo,Han2022,Early blastocyst (E6-8),4.8011107,6.55473
P9_ATGCCTAA,E7,P9,GSE168106,in_vivo,in_vivo,Han2022,Early blastocyst (E6-8),-3.2458093,4.6275
P9_ATTGAGGA,E7,P9,GSE168106,in_vivo,in_vivo,Han2022,Early blastocyst (E6-8),-5.281683,3.7758965
P9_CAACCACA,E7,P9,GSE168106,in_vivo,in_vivo,Han2022,Early blastocyst (E6-8),-4.783101,3.4800181
P9_CAAGACTA,E7,P9,GSE168106,in_vivo,in_vivo,Han2022,Early blastocyst (E6-8),5.369729,5.808795
P9_CAAGGAGC,E7,P9,GSE168106,in_vivo,in_vivo,Han2022,Early blastocyst (E6-8),-4.6360297,3.611675
P9_CAATGGAA,E7,P9,GSE168106,in_vivo,in_vivo,Han2022,Early blastocyst (E6-8),5.1085844,7.078081
P9_CACCTTAC,E7,P9,GSE168106,in_vivo,in_vivo,Han2022,Early blastocyst (E6-8),-6.0380287,4.2035365
P9_CACTTCGA,E7,P9,GSE168106,in_vivo,in_vivo,Han2022,Early blastocyst (E6-8),-4.803186,4.899875
P9_CAGATCTG,E7,P9,GSE168106,in_vivo,in_vivo,Han2022,Early blastocyst (E6-8),4.61411,6.298766
P9_CAGCGTTA,E7,P9,GSE168106,in_vivo,in_vivo,Han2022,Early blastocyst (E6-8),5.697724,5.86101
P9_CATACCAA,E7,P9,GSE168106,in_vivo,in_vivo,Han2022,Early blastocyst (E6-8),-3.0968363,4.0880384
P9_CATCAAGT,E7,P9,GSE168106,in_vivo,in_vivo,Han2022,Early blastocyst (E6-8),-3.1308706,4.563644
P9_CCAGTTCA,E7,P9,GSE168106,in_vivo,in_vivo,Han2022,Early blastocyst (E6-8),-3.1866844,3.997127
P9_CCATCCTC,E7,P9,GSE168106,in_vivo,in_vivo,Han2022,Early blastocyst (E6-8),4.4701185,6.4315553
P9_CCGAAGTA,E7,P9,GSE168106,in_vivo,in_vivo,Han2022,Early blastocyst (E6-8),4.937906,7.0411367
P9_CCGACAAC,E7,P9,GSE168106,in_vivo,in_vivo,Han2022,Early blastocyst (E6-8),-5.343676,3.7921247
P9_CCGTGAGA,E7,P9,GSE168106,in_vivo,in_vivo,Han2022,Early blastocyst (E6-8),-6.018561,4.3050957
P9_CCTAATCC,E7,P9,GSE168106,in_vivo,in_vivo,Han2022,Early blastocyst (E6-8),-5.891699,4.3793955
P9_CCTCCTGA,E7,P9,GSE168106,in_vivo,in_vivo,Han2022,Early blastocyst (E6-8),6.889327,5.8693824
P9_CCTCTATC,E7,P9,GSE168106,in_vivo,in_vivo,Han2022,Early blastocyst (E6-8),-3.2082999,4.0451345
P9_CGAACTTA,E7,P9,GSE168106,in_vivo,in_vivo,Han2022,Early blastocyst (E6-8),5.265439,6.920241
P9_CTCAATGA,E7,P9,GSE168106,in_vivo,in_vivo,Han2022,Early blastocyst (E6-8),6.22238,6.519212
P9_GATAGACA,E7,P9,GSE168106,in_vivo,in_vivo,Han2022,Early blastocyst (E6-8),-3.8001099,3.8874934
P9_GCCACATA,E7,P9,GSE168106,in_vivo,in_vivo,Han2022,Early blastocyst (E6-8),-4.8699684,4.7893586
P9_GCTCGGTA,E7,P9,GSE168106,in_vivo,in_vivo,Han2022,Early blastocyst (E6-8),-3.4511232,4.662266
P9_GGAGAACA,E7,P9,GSE168106,in_vivo,in_vivo,Han2022,Early blastocyst (E6-8),-5.6795573,4.5824413
P9_GGTGCGAA,E7,P9,GSE168106,in_vivo,in_vivo,Han2022,Early blastocyst (E6-8),-3.2417316,4.1478333
P9_GTACGCAA,E7,P9,GSE168106,in_vivo,in_vivo,Han2022,Early blastocyst (E6-8),-3.213174,4.63832
P9_GTCGTAGA,E7,P9,GSE168106,in_vivo,in_vivo,Han2022,Early blastocyst (E6-8),-5.920205,4.269838
P9_GTCTGTCA,E7,P9,GSE168106,in_vivo,in_vivo,Han2022,Early blastocyst (E6-8),-6.159496,4.4048886
P9_GTGTTCTA,E7,P9,GSE168106,in_vivo,in_vivo,Han2022,Early blastocyst (E6-8),-3.125623,4.2334256
P9_TAGGATGA,E7,P9,GSE168106,in_vivo,in_vivo,Han2022,Early blastocyst (E6-8),4.511151,6.8041053
P9_TATCAGCA,E7,P9,GSE168106,in_vivo,in_vivo,Han2022,Early blastocyst (E6-8),4.4161754,6.7151074
P9_TCCGTCTA,E7,P9,GSE168106,in_vivo,in_vivo,Han2022,Early blastocyst (E6-8),-5.1626782,4.760295
P9_TGAAGAGA,E7,P9,GSE168106,in_vivo,in_vivo,Han2022,Early blastocyst (E6-8),-6.1699734,4.427663
P9_TGGAACAA,E7,P9,GSE168106,in_vivo,in_vivo,Han2022,Early blastocyst (E6-8),4.972347,7.9002285
P9_TGGCTTCA,E7,P9,GSE168106,in_vivo,in_vivo,Han2022,Early blastocyst (E6-8),4.4524717,8.523803
P9_TTCACGCA,E7,P9,GSE168106,in_vivo,in_vivo,Han2022,Early blastocyst (E6-8),-4.9652987,3.5192409
pgEpiSC_low_AAACATCG,p10,pgEpiSC_low,GSE168106,in_vivo,in_vivo,Han2022,pgEpiSC (stem cell),1.8120143,2.692204
pgEpiSC_low_AACAACCA,p10,pgEpiSC_low,GSE168106,in_vivo,in_vivo,Han2022,pgEpiSC (stem cell),3.527207,3.5226116
pgEpiSC_low_AACCGAGA,p10,pgEpiSC_low,GSE168106,in_vivo,in_vivo,Han2022,pgEpiSC (stem cell),2.4580152,2.8595285
pgEpiSC_low_AACGCTTA,p10,pgEpiSC_low,GSE168106,in_vivo,in_vivo,Han2022,pgEpiSC (stem cell),3.8022537,3.754444
pgEpiSC_low_AACTCACC,p10,pgEpiSC_low,GSE168106,in_vivo,in_vivo,Han2022,pgEpiSC (stem cell),4.555426,4.415266
pgEpiSC_low_AAGACGGA,p10,pgEpiSC_low,GSE168106,in_vivo,in_vivo,Han2022,pgEpiSC (stem cell),0.9190917,1.9310641
pgEpiSC_low_AAGAGATC,p10,pgEpiSC_low,GSE168106,in_vivo,in_vivo,Han2022,pgEpiSC (stem cell),2.1096556,3.0039
pgEpiSC_low_AAGGACAC,p10,pgEpiSC_low,GSE168106,in_vivo,in_vivo,Han2022,pgEpiSC (stem cell),0.14909667,2.1714544
pgEpiSC_low_AAGGTACA,p10,pgEpiSC_low,GSE168106,in_vivo,in_vivo,Han2022,pgEpiSC (stem cell),2.6958265,3.0204928
pgEpiSC_low_AATCCGTC,p10,pgEpiSC_low,GSE168106,in_vivo,in_vivo,Han2022,pgEpiSC (stem cell),0.6779262,2.20567
pgEpiSC_low_AATGTTGC,p10,pgEpiSC_low,GSE168106,in_vivo,in_vivo,Han2022,pgEpiSC (stem cell),5.5653057,5.2783327
pgEpiSC_low_ACAAGCTA,p10,pgEpiSC_low,GSE168106,in_vivo,in_vivo,Han2022,pgEpiSC (stem cell),2.7893531,3.058766
pgEpiSC_low_ACACAGAA,p10,pgEpiSC_low,GSE168106,in_vivo,in_vivo,Han2022,pgEpiSC (stem cell),2.84634,3.0949903
pgEpiSC_low_ACACGACC,p10,pgEpiSC_low,GSE168106,in_vivo,in_vivo,Han2022,pgEpiSC (stem cell),2.3544376,2.9560428
pgEpiSC_low_ACAGATTC,p10,pgEpiSC_low,GSE168106,in_vivo,in_vivo,Han2022,pgEpiSC (stem cell),1.3094598,2.9059908
pgEpiSC_low_ACAGCAGA,p10,pgEpiSC_low,GSE168106,in_vivo,in_vivo,Han2022,pgEpiSC (stem cell),2.1242568,3.0323994
pgEpiSC_low_ACATTGGC,p10,pgEpiSC_low,GSE168106,in_vivo,in_vivo,Han2022,pgEpiSC (stem cell),3.2673316,3.3673747
pgEpiSC_low_ACCTCCAA,p10,pgEpiSC_low,GSE168106,in_vivo,in_vivo,Han2022,pgEpiSC (stem cell),5.5161834,5.3056445
pgEpiSC_low_ACGCTCGA,p10,pgEpiSC_low,GSE168106,in_vivo,in_vivo,Han2022,pgEpiSC (stem cell),2.3234441,2.9528942
pgEpiSC_low_AGAGTCAA,p10,pgEpiSC_low,GSE168106,in_vivo,in_vivo,Han2022,pgEpiSC (stem cell),6.9175916,5.842935
pgEpiSC_low_AGATCGCA,p10,pgEpiSC_low,GSE168106,in_vivo,in_vivo,Han2022,pgEpiSC (stem cell),-0.6056711,2.1990802
pgEpiSC_low_AGATGTAC,p10,pgEpiSC_low,GSE168106,in_vivo,in_vivo,Han2022,pgEpiSC (stem cell),3.2608297,3.3213527
pgEpiSC_low_AGCACCTC,p10,pgEpiSC_low,GSE168106,in_vivo,in_vivo,Han2022,pgEpiSC (stem cell),2.32179,2.7735918
pgEpiSC_low_AGCAGGAA,p10,pgEpiSC_low,GSE168106,in_vivo,in_vivo,Han2022,pgEpiSC (stem cell),0.50819415,2.520196
pgEpiSC_low_AGCCATGC,p10,pgEpiSC_low,GSE168106,in_vivo,in_vivo,Han2022,pgEpiSC (stem cell),2.6974509,3.043962
pgEpiSC_low_AGGCTAAC,p10,pgEpiSC_low,GSE168106,in_vivo,in_vivo,Han2022,pgEpiSC (stem cell),1.9894588,2.8083303
pgEpiSC_low_AGTCACTA,p10,pgEpiSC_low,GSE168106,in_vivo,in_vivo,Han2022,pgEpiSC (stem cell),0.9473016,2.348636
pgEpiSC_low_AGTGGTCA,p10,pgEpiSC_low,GSE168106,in_vivo,in_vivo,Han2022,pgEpiSC (stem cell),-0.098013826,1.9871854
pgEpiSC_low_ATAGCGAC,p10,pgEpiSC_low,GSE168106,in_vivo,in_vivo,Han2022,pgEpiSC (stem cell),0.43197122,2.342668
pgEpiSC_low_ATCCTGTA,p10,pgEpiSC_low,GSE168106,in_vivo,in_vivo,Han2022,pgEpiSC (stem cell),2.886341,3.2388964
pgEpiSC_low_ATGCCTAA,p10,pgEpiSC_low,GSE168106,in_vivo,in_vivo,Han2022,pgEpiSC (stem cell),1.2589768,2.2529898
pgEpiSC_low_ATTGAGGA,p10,pgEpiSC_low,GSE168106,in_vivo,in_vivo,Han2022,pgEpiSC (stem cell),-1.4701786,1.7283775
pgEpiSC_low_ATTGGCTC,p10,pgEpiSC_low,GSE168106,in_vivo,in_vivo,Han2022,pgEpiSC (stem cell),1.6352733,3.0836773
pgEpiSC_low_CAACCACA,p10,pgEpiSC_low,GSE168106,in_vivo,in_vivo,Han2022,pgEpiSC (stem cell),0.17255682,2.3468213
pgEpiSC_low_CAAGACTA,p10,pgEpiSC_low,GSE168106,in_vivo,in_vivo,Han2022,pgEpiSC (stem cell),3.0156271,3.1883404
pgEpiSC_low_CAAGGAGC,p10,pgEpiSC_low,GSE168106,in_vivo,in_vivo,Han2022,pgEpiSC (stem cell),-0.18426548,2.4527545
pgEpiSC_low_CAATGGAA,p10,pgEpiSC_low,GSE168106,in_vivo,in_vivo,Han2022,pgEpiSC (stem cell),0.70661247,2.0738697
pgEpiSC_low_CACCTTAC,p10,pgEpiSC_low,GSE168106,in_vivo,in_vivo,Han2022,pgEpiSC (stem cell),0.42051506,2.8327093
pgEpiSC_low_CACTTCGA,p10,pgEpiSC_low,GSE168106,in_vivo,in_vivo,Han2022,pgEpiSC (stem cell),-0.5215996,2.133955
pgEpiSC_low_CAGATCTG,p10,pgEpiSC_low,GSE168106,in_vivo,in_vivo,Han2022,pgEpiSC (stem cell),5.29655,5.1293063
pgEpiSC_low_CAGCGTTA,p10,pgEpiSC_low,GSE168106,in_vivo,in_vivo,Han2022,pgEpiSC (stem cell),7.1229315,5.5675836
pgEpiSC_low_CATACCAA,p10,pgEpiSC_low,GSE168106,in_vivo,in_vivo,Han2022,pgEpiSC (stem cell),1.4767891,3.0136552
pgEpiSC_low_CATCAAGT,p10,pgEpiSC_low,GSE168106,in_vivo,in_vivo,Han2022,pgEpiSC (stem cell),2.3702579,2.9649591
pgEpiSC_low_CCAGTTCA,p10,pgEpiSC_low,GSE168106,in_vivo,in_vivo,Han2022,pgEpiSC (stem cell),0.8194539,2.836442
pgEpiSC_low_CCGAAGTA,p10,pgEpiSC_low,GSE168106,in_vivo,in_vivo,Han2022,pgEpiSC (stem cell),0.25741085,2.719491
pgEpiSC_low_CCGACAAC,p10,pgEpiSC_low,GSE168106,in_vivo,in_vivo,Han2022,pgEpiSC (stem cell),-0.124065705,2.4791005
pgEpiSC_low_CCGTGAGA,p10,pgEpiSC_low,GSE168106,in_vivo,in_vivo,Han2022,pgEpiSC (stem cell),-0.35293117,2.3776357
pgEpiSC_low_CCTAATCC,p10,pgEpiSC_low,GSE168106,in_vivo,in_vivo,Han2022,pgEpiSC (stem cell),1.8861986,2.9415226
pgEpiSC_low_CCTCCTGA,p10,pgEpiSC_low,GSE168106,in_vivo,in_vivo,Han2022,pgEpiSC (stem cell),3.4514537,3.4644778
pgEpiSC_low_CCTCTATC,p10,pgEpiSC_low,GSE168106,in_vivo,in_vivo,Han2022,pgEpiSC (stem cell),3.4162443,3.4340665
pgEpiSC_low_CGAACTTA,p10,pgEpiSC_low,GSE168106,in_vivo,in_vivo,Han2022,pgEpiSC (stem cell),0.2981404,2.6676378
pgEpiSC_low_CGACACAC,p10,pgEpiSC_low,GSE168106,in_vivo,in_vivo,Han2022,pgEpiSC (stem cell),-0.5082562,2.3160126
pgEpiSC_low_CGACTGGA,p10,pgEpiSC_low,GSE168106,in_vivo,in_vivo,Han2022,pgEpiSC (stem cell),-0.24659465,2.4322293
pgEpiSC_low_CGCATACA,p10,pgEpiSC_low,GSE168106,in_vivo,in_vivo,Han2022,pgEpiSC (stem cell),-0.79477096,2.146885
pgEpiSC_low_CGGATTGC,p10,pgEpiSC_low,GSE168106,in_vivo,in_vivo,Han2022,pgEpiSC (stem cell),1.3290347,3.0534859
pgEpiSC_low_CTAAGGTC,p10,pgEpiSC_low,GSE168106,in_vivo,in_vivo,Han2022,pgEpiSC (stem cell),2.0826201,2.9676547
pgEpiSC_low_CTCAATGA,p10,pgEpiSC_low,GSE168106,in_vivo,in_vivo,Han2022,pgEpiSC (stem cell),1.5226626,2.891585
pgEpiSC_low_CTGAGCCA,p10,pgEpiSC_low,GSE168106,in_vivo,in_vivo,Han2022,pgEpiSC (stem cell),0.69031185,2.5177495
pgEpiSC_low_CTGGCATA,p10,pgEpiSC_low,GSE168106,in_vivo,in_vivo,Han2022,pgEpiSC (stem cell),7.1736474,5.6220145
pgEpiSC_low_CTGTAGCC,p10,pgEpiSC_low,GSE168106,in_vivo,in_vivo,Han2022,pgEpiSC (stem cell),3.042201,3.1966984
pgEpiSC_low_GAACAGGC,p10,pgEpiSC_low,GSE168106,in_vivo,in_vivo,Han2022,pgEpiSC (stem cell),-0.28988597,2.0493762
pgEpiSC_low_GAATCTGA,p10,pgEpiSC_low,GSE168106,in_vivo,in_vivo,Han2022,pgEpiSC (stem cell),3.1675525,3.2816706
pgEpiSC_low_GACAGTGC,p10,pgEpiSC_low,GSE168106,in_vivo,in_vivo,Han2022,pgEpiSC (stem cell),2.4904492,2.9452443
pgEpiSC_low_GACTAGTA,p10,pgEpiSC_low,GSE168106,in_vivo,in_vivo,Han2022,pgEpiSC (stem cell),-0.48161757,2.2642748
pgEpiSC_low_GAGCTGAA,p10,pgEpiSC_low,GSE168106,in_vivo,in_vivo,Han2022,pgEpiSC (stem cell),0.36031654,2.313469
pgEpiSC_low_GATAGACA,p10,pgEpiSC_low,GSE168106,in_vivo,in_vivo,Han2022,pgEpiSC (stem cell),-0.309528,2.4366426
pgEpiSC_low_GATGAATC,p10,pgEpiSC_low,GSE168106,in_vivo,in_vivo,Han2022,pgEpiSC (stem cell),1.4135305,2.6978958
pgEpiSC_low_GCCAAGAC,p10,pgEpiSC_low,GSE168106,in_vivo,in_vivo,Han2022,pgEpiSC (stem cell),6.9765725,5.6873264
pgEpiSC_low_GCCACATA,p10,pgEpiSC_low,GSE168106,in_vivo,in_vivo,Han2022,pgEpiSC (stem cell),1.4391681,2.9637876
pgEpiSC_low_GCGAGTAA,p10,pgEpiSC_low,GSE168106,in_vivo,in_vivo,Han2022,pgEpiSC (stem cell),5.510135,5.2218823
pgEpiSC_low_GCTAACGA,p10,pgEpiSC_low,GSE168106,in_vivo,in_vivo,Han2022,pgEpiSC (stem cell),1.0413685,2.9436867
pgEpiSC_low_GCTCGGTA,p10,pgEpiSC_low,GSE168106,in_vivo,in_vivo,Han2022,pgEpiSC (stem cell),3.5675306,3.5838666
pgEpiSC_low_GGAGAACA,p10,pgEpiSC_low,GSE168106,in_vivo,in_vivo,Han2022,pgEpiSC (stem cell),0.3984029,2.3036764
pgEpiSC_low_GGTGCGAA,p10,pgEpiSC_low,GSE168106,in_vivo,in_vivo,Han2022,pgEpiSC (stem cell),2.4287694,2.8423638
pgEpiSC_low_GTACGCAA,p10,pgEpiSC_low,GSE168106,in_vivo,in_vivo,Han2022,pgEpiSC (stem cell),4.992861,4.7539606
pgEpiSC_low_GTCGTAGA,p10,pgEpiSC_low,GSE168106,in_vivo,in_vivo,Han2022,pgEpiSC (stem cell),1.2086892,2.7805095
pgEpiSC_low_GTCTGTCA,p10,pgEpiSC_low,GSE168106,in_vivo,in_vivo,Han2022,pgEpiSC (stem cell),2.2631414,2.7953496
pgEpiSC_low_GTGTTCTA,p10,pgEpiSC_low,GSE168106,in_vivo,in_vivo,Han2022,pgEpiSC (stem cell),2.4285588,2.8558362
pgEpiSC_low_TAGGATGA,p10,pgEpiSC_low,GSE168106,in_vivo,in_vivo,Han2022,pgEpiSC (stem cell),2.2395124,2.7605684
pgEpiSC_low_TATCAGCA,p10,pgEpiSC_low,GSE168106,in_vivo,in_vivo,Han2022,pgEpiSC (stem cell),0.9303804,2.4286869
pgEpiSC_low_TCCGTCTA,p10,pgEpiSC_low,GSE168106,in_vivo,in_vivo,Han2022,pgEpiSC (stem cell),0.5584193,2.4258776
pgEpiSC_low_TCTTCACA,p10,pgEpiSC_low,GSE168106,in_vivo,in_vivo,Han2022,pgEpiSC (stem cell),0.6881495,2.4522
pgEpiSC_low_TGAAGAGA,p10,pgEpiSC_low,GSE168106,in_vivo,in_vivo,Han2022,pgEpiSC (stem cell),2.6055675,2.9367485
pgEpiSC_low_TGGAACAA,p10,pgEpiSC_low,GSE168106,in_vivo,in_vivo,Han2022,pgEpiSC (stem cell),1.5112239,2.7123165
pgEpiSC_low_TGGTGGTA,p10,pgEpiSC_low,GSE168106,in_vivo,in_vivo,Han2022,pgEpiSC (stem cell),1.1717649,2.6765065
pgEpiSC_low_TTCACGCA,p10,pgEpiSC_low,GSE168106,in_vivo,in_vivo,Han2022,pgEpiSC (stem cell),0.6589285,2.6223688
pgEpiSC_high_AAACATCG,p64,pgEpiSC_high,GSE168106,in_vivo,in_vivo,Han2022,pgEpiSC (stem cell),2.4741397,2.7345603
pgEpiSC_high_AACAACCA,p64,pgEpiSC_high,GSE168106,in_vivo,in_vivo,Han2022,pgEpiSC (stem cell),1.5267988,2.3317463
pgEpiSC_high_AACCGAGA,p64,pgEpiSC_high,GSE168106,in_vivo,in_vivo,Han2022,pgEpiSC (stem cell),2.662283,2.832573
pgEpiSC_high_AACGCTTA,p64,pgEpiSC_high,GSE168106,in_vivo,in_vivo,Han2022,pgEpiSC (stem cell),0.8505844,2.063641
pgEpiSC_high_AACGTGAT,p64,pgEpiSC_high,GSE168106,in_vivo,in_vivo,Han2022,pgEpiSC (stem cell),0.16427319,1.9077848
pgEpiSC_high_AACTCACC,p54,pgEpiSC_high,GSE168106,in_vivo,in_vivo,Han2022,pgEpiSC (stem cell),1.1896966,2.1997383
pgEpiSC_high_AAGACGGA,p64,pgEpiSC_high,GSE168106,in_vivo,in_vivo,Han2022,pgEpiSC (stem cell),1.0582043,1.9942001
pgEpiSC_high_AAGAGATC,p54,pgEpiSC_high,GSE168106,in_vivo,in_vivo,Han2022,pgEpiSC (stem cell),0.5757747,2.2217047
pgEpiSC_high_AAGGACAC,p54,pgEpiSC_high,GSE168106,in_vivo,in_vivo,Han2022,pgEpiSC (stem cell),-0.86306304,1.8030776
pgEpiSC_high_AAGGTACA,p64,pgEpiSC_high,GSE168106,in_vivo,in_vivo,Han2022,pgEpiSC (stem cell),0.85308766,2.352062
pgEpiSC_high_AATCCGTC,p54,pgEpiSC_high,GSE168106,in_vivo,in_vivo,Han2022,pgEpiSC (stem cell),0.41135064,1.7715088
pgEpiSC_high_AATGTTGC,p54,pgEpiSC_high,GSE168106,in_vivo,in_vivo,Han2022,pgEpiSC (stem cell),4.8917456,4.7368355
pgEpiSC_high_ACAAGCTA,p64,pgEpiSC_high,GSE168106,in_vivo,in_vivo,Han2022,pgEpiSC (stem cell),0.55135924,1.9860023
pgEpiSC_high_ACACAGAA,p64,pgEpiSC_high,GSE168106,in_vivo,in_vivo,Han2022,pgEpiSC (stem cell),1.0477353,2.029843
pgEpiSC_high_ACACGACC,p54,pgEpiSC_high,GSE168106,in_vivo,in_vivo,Han2022,pgEpiSC (stem cell),-0.17408544,1.9828166
pgEpiSC_high_ACAGATTC,p54,pgEpiSC_high,GSE168106,in_vivo,in_vivo,Han2022,pgEpiSC (stem cell),1.496525,2.4015427
pgEpiSC_high_ACAGCAGA,p64,pgEpiSC_high,GSE168106,in_vivo,in_vivo,Han2022,pgEpiSC (stem cell),-0.6750734,1.9208527
pgEpiSC_high_ACATTGGC,p64,pgEpiSC_high,GSE168106,in_vivo,in_vivo,Han2022,pgEpiSC (stem cell),2.6216776,2.846542
pgEpiSC_high_ACCACTGT,p64,pgEpiSC_high,GSE168106,in_vivo,in_vivo,Han2022,pgEpiSC (stem cell),0.8401341,2.079069
pgEpiSC_high_ACCTCCAA,p64,pgEpiSC_high,GSE168106,in_vivo,in_vivo,Han2022,pgEpiSC (stem cell),3.2283714,3.2711947
pgEpiSC_high_ACGCTCGA,p64,pgEpiSC_high,GSE168106,in_vivo,in_vivo,Han2022,pgEpiSC (stem cell),2.3612134,2.803512
pgEpiSC_high_ACGTATCA,p64,pgEpiSC_high,GSE168106,in_vivo,in_vivo,Han2022,pgEpiSC (stem cell),1.1428382,2.1303172
pgEpiSC_high_ACTATGCA,p64,pgEpiSC_high,GSE168106,in_vivo,in_vivo,Han2022,pgEpiSC (stem cell),7.2167325,5.514594
pgEpiSC_high_AGAGTCAA,p64,pgEpiSC_high,GSE168106,in_vivo,in_vivo,Han2022,pgEpiSC (stem cell),0.6090631,2.1272154
pgEpiSC_high_AGATCGCA,p64,pgEpiSC_high,GSE168106,in_vivo,in_vivo,Han2022,pgEpiSC (stem cell),-1.5253009,1.6954472
pgEpiSC_high_AGATGTAC,p54,pgEpiSC_high,GSE168106,in_vivo,in_vivo,Han2022,pgEpiSC (stem cell),1.8294564,2.540399
pgEpiSC_high_AGCACCTC,p54,pgEpiSC_high,GSE168106,in_vivo,in_vivo,Han2022,pgEpiSC (stem cell),0.18614037,1.8884562
pgEpiSC_high_AGCAGGAA,p64,pgEpiSC_high,GSE168106,in_vivo,in_vivo,Han2022,pgEpiSC (stem cell),-1.0929663,2.008737
pgEpiSC_high_AGCCATGC,p54,pgEpiSC_high,GSE168106,in_vivo,in_vivo,Han2022,pgEpiSC (stem cell),3.0900524,3.1609464
pgEpiSC_high_AGGCTAAC,p54,pgEpiSC_high,GSE168106,in_vivo,in_vivo,Han2022,pgEpiSC (stem cell),-0.5019303,2.259589
pgEpiSC_high_AGTACAAG,p64,pgEpiSC_high,GSE168106,in_vivo,in_vivo,Han2022,pgEpiSC (stem cell),0.941436,2.0638952
pgEpiSC_high_AGTCACTA,p64,pgEpiSC_high,GSE168106,in_vivo,in_vivo,Han2022,pgEpiSC (stem cell),-1.307629,1.7766987
pgEpiSC_high_AGTGGTCA,p64,pgEpiSC_high,GSE168106,in_vivo,in_vivo,Han2022,pgEpiSC (stem cell),-1.078734,1.9057573
pgEpiSC_high_ATAGCGAC,p54,pgEpiSC_high,GSE168106,in_vivo,in_vivo,Han2022,pgEpiSC (stem cell),0.13093692,2.2994475
pgEpiSC_high_ATCATTCC,p54,pgEpiSC_high,GSE168106,in_vivo,in_vivo,Han2022,pgEpiSC (stem cell),1.3983065,2.948229
pgEpiSC_high_ATCCTGTA,p64,pgEpiSC_high,GSE168106,in_vivo,in_vivo,Han2022,pgEpiSC (stem cell),1.2893536,2.1754563
pgEpiSC_high_ATGCCTAA,p64,pgEpiSC_high,GSE168106,in_vivo,in_vivo,Han2022,pgEpiSC (stem cell),2.787296,2.9584897
pgEpiSC_high_ATTGAGGA,p64,pgEpiSC_high,GSE168106,in_vivo,in_vivo,Han2022,pgEpiSC (stem cell),-0.9629389,1.9796019
pgEpiSC_high_ATTGGCTC,p54,pgEpiSC_high,GSE168106,in_vivo,in_vivo,Han2022,pgEpiSC (stem cell),1.4665424,2.4844983
pgEpiSC_high_CAACCACA,p64,pgEpiSC_high,GSE168106,in_vivo,in_vivo,Han2022,pgEpiSC (stem cell),-1.5750383,1.8109249
pgEpiSC_high_CAAGACTA,p64,pgEpiSC_high,GSE168106,in_vivo,in_vivo,Han2022,pgEpiSC (stem cell),2.32564,2.6796575
pgEpiSC_high_CAAGGAGC,p54,pgEpiSC_high,GSE168106,in_vivo,in_vivo,Han2022,pgEpiSC (stem cell),-0.8411605,2.1153505
pgEpiSC_high_CAATGGAA,p64,pgEpiSC_high,GSE168106,in_vivo,in_vivo,Han2022,pgEpiSC (stem cell),-1.4573836,1.7122886
pgEpiSC_high_CACCTTAC,p54,pgEpiSC_high,GSE168106,in_vivo,in_vivo,Han2022,pgEpiSC (stem cell),0.91191435,2.096318
pgEpiSC_high_CACTTCGA,p64,pgEpiSC_high,GSE168106,in_vivo,in_vivo,Han2022,pgEpiSC (stem cell),-1.369354,1.673137
pgEpiSC_high_CAGATCTG,p64,pgEpiSC_high,GSE168106,in_vivo,in_vivo,Han2022,pgEpiSC (stem cell),-0.9849426,1.8214116
pgEpiSC_high_CAGCGTTA,p64,pgEpiSC_high,GSE168106,in_vivo,in_vivo,Han2022,pgEpiSC (stem cell),5.7334676,5.397138
pgEpiSC_high_CATACCAA,p64,pgEpiSC_high,GSE168106,in_vivo,in_vivo,Han2022,pgEpiSC (stem cell),-0.898458,2.0283897
pgEpiSC_high_CATCAAGT,p64,pgEpiSC_high,GSE168106,in_vivo,in_vivo,Han2022,pgEpiSC (stem cell),1.0356517,1.9937627
pgEpiSC_high_CCAGTTCA,p64,pgEpiSC_high,GSE168106,in_vivo,in_vivo,Han2022,pgEpiSC (stem cell),-1.405119,1.658202
pgEpiSC_high_CCATCCTC,p54,pgEpiSC_high,GSE168106,in_vivo,in_vivo,Han2022,pgEpiSC (stem cell),3.8878527,3.7916157
pgEpiSC_high_CCGAAGTA,p64,pgEpiSC_high,GSE168106,in_vivo,in_vivo,Han2022,pgEpiSC (stem cell),0.27655587,1.8706332
pgEpiSC_high_CCGACAAC,p54,pgEpiSC_high,GSE168106,in_vivo,in_vivo,Han2022,pgEpiSC (stem cell),0.045841023,1.9262012
pgEpiSC_high_CCGTGAGA,p64,pgEpiSC_high,GSE168106,in_vivo,in_vivo,Han2022,pgEpiSC (stem cell),-1.2710823,1.6122365
pgEpiSC_high_CCTAATCC,p54,pgEpiSC_high,GSE168106,in_vivo,in_vivo,Han2022,pgEpiSC (stem cell),1.1027308,2.9375722
pgEpiSC_high_CCTCCTGA,p64,pgEpiSC_high,GSE168106,in_vivo,in_vivo,Han2022,pgEpiSC (stem cell),1.7152317,2.4832666
pgEpiSC_high_CCTCTATC,p54,pgEpiSC_high,GSE168106,in_vivo,in_vivo,Han2022,pgEpiSC (stem cell),0.98065335,2.1570208
pgEpiSC_high_CGAACTTA,p64,pgEpiSC_high,GSE168106,in_vivo,in_vivo,Han2022,pgEpiSC (stem cell),-0.85998994,1.9251375
pgEpiSC_high_CGACACAC,p54,pgEpiSC_high,GSE168106,in_vivo,in_vivo,Han2022,pgEpiSC (stem cell),-0.7499722,2.002466
pgEpiSC_high_CGACTGGA,p64,pgEpiSC_high,GSE168106,in_vivo,in_vivo,Han2022,pgEpiSC (stem cell),-1.4361836,1.6971639
pgEpiSC_high_CGCATACA,p64,pgEpiSC_high,GSE168106,in_vivo,in_vivo,Han2022,pgEpiSC (stem cell),-1.2782023,1.866446
pgEpiSC_high_CGCTGATC,p64,pgEpiSC_high,GSE168106,in_vivo,in_vivo,Han2022,pgEpiSC (stem cell),0.40186417,1.880906
pgEpiSC_high_CGGATTGC,p54,pgEpiSC_high,GSE168106,in_vivo,in_vivo,Han2022,pgEpiSC (stem cell),0.59439987,2.1323671
pgEpiSC_high_CTAAGGTC,p54,pgEpiSC_high,GSE168106,in_vivo,in_vivo,Han2022,pgEpiSC (stem cell),1.745935,3.0483994
pgEpiSC_high_CTCAATGA,p64,pgEpiSC_high,GSE168106,in_vivo,in_vivo,Han2022,pgEpiSC (stem cell),-1.4444507,1.705799
pgEpiSC_high_CTGAGCCA,p64,pgEpiSC_high,GSE168106,in_vivo,in_vivo,Han2022,pgEpiSC (stem cell),-1.4218662,1.6568403
pgEpiSC_high_CTGGCATA,p64,pgEpiSC_high,GSE168106,in_vivo,in_vivo,Han2022,pgEpiSC (stem cell),-1.0990151,1.9584774
pgEpiSC_high_CTGTAGCC,p64,pgEpiSC_high,GSE168106,in_vivo,in_vivo,Han2022,pgEpiSC (stem cell),0.8151998,1.9622234
pgEpiSC_high_GAACAGGC,p54,pgEpiSC_high,GSE168106,in_vivo,in_vivo,Han2022,pgEpiSC (stem cell),2.1540353,3.0746412
pgEpiSC_high_GAATCTGA,p64,pgEpiSC_high,GSE168106,in_vivo,in_vivo,Han2022,pgEpiSC (stem cell),1.9636103,2.4906557
pgEpiSC_high_GACAGTGC,p54,pgEpiSC_high,GSE168106,in_vivo,in_vivo,Han2022,pgEpiSC (stem cell),3.0567296,3.0610356
pgEpiSC_high_GACTAGTA,p64,pgEpiSC_high,GSE168106,in_vivo,in_vivo,Han2022,pgEpiSC (stem cell),-0.6181421,1.820343
pgEpiSC_high_GAGCTGAA,p64,pgEpiSC_high,GSE168106,in_vivo,in_vivo,Han2022,pgEpiSC (stem cell),-1.2923516,1.7748315
pgEpiSC_high_GAGTTAGC,p54,pgEpiSC_high,GSE168106,in_vivo,in_vivo,Han2022,pgEpiSC (stem cell),0.21549927,2.1119428
pgEpiSC_high_GATAGACA,p54,pgEpiSC_high,GSE168106,in_vivo,in_vivo,Han2022,pgEpiSC (stem cell),0.07093325,1.8441379
pgEpiSC_high_GATGAATC,p54,pgEpiSC_high,GSE168106,in_vivo,in_vivo,Han2022,pgEpiSC (stem cell),7.0288134,5.4950485
pgEpiSC_high_GCCAAGAC,p54,pgEpiSC_high,GSE168106,in_vivo,in_vivo,Han2022,pgEpiSC (stem cell),-1.1276001,1.8854839
pgEpiSC_high_GCCACATA,p54,pgEpiSC_high,GSE168106,in_vivo,in_vivo,Han2022,pgEpiSC (stem cell),0.31173778,1.8693384
pgEpiSC_high_GCGAGTAA,p54,pgEpiSC_high,GSE168106,in_vivo,in_vivo,Han2022,pgEpiSC (stem cell),1.11103,2.1270394
pgEpiSC_high_GCTAACGA,p54,pgEpiSC_high,GSE168106,in_vivo,in_vivo,Han2022,pgEpiSC (stem cell),1.2659255,2.0925772
pgEpiSC_high_GCTCGGTA,p54,pgEpiSC_high,GSE168106,in_vivo,in_vivo,Han2022,pgEpiSC (stem cell),5.303225,5.0403495
pgEpiSC_high_GGAGAACA,p54,pgEpiSC_high,GSE168106,in_vivo,in_vivo,Han2022,pgEpiSC (stem cell),1.3329235,2.319715
pgEpiSC_high_GGTGCGAA,p54,pgEpiSC_high,GSE168106,in_vivo,in_vivo,Han2022,pgEpiSC (stem cell),3.0135067,3.126754
pgEpiSC_high_GTACGCAA,p54,pgEpiSC_high,GSE168106,in_vivo,in_vivo,Han2022,pgEpiSC (stem cell),4.9891214,4.754466
pgEpiSC_high_GTCGTAGA,p54,pgEpiSC_high,GSE168106,in_vivo,in_vivo,Han2022,pgEpiSC (stem cell),1.0671006,1.956942
pgEpiSC_high_GTCTGTCA,p54,pgEpiSC_high,GSE168106,in_vivo,in_vivo,Han2022,pgEpiSC (stem cell),1.1862607,2.0265656
pgEpiSC_high_GTGTTCTA,p54,pgEpiSC_high,GSE168106,in_vivo,in_vivo,Han2022,pgEpiSC (stem cell),2.8842044,3.0279417
pgEpiSC_high_TAGGATGA,p54,pgEpiSC_high,GSE168106,in_vivo,in_vivo,Han2022,pgEpiSC (stem cell),3.074087,3.031334
pgEpiSC_high_TATCAGCA,p54,pgEpiSC_high,GSE168106,in_vivo,in_vivo,Han2022,pgEpiSC (stem cell),0.73492765,1.9578953
pgEpiSC_high_TCCGTCTA,p54,pgEpiSC_high,GSE168106,in_vivo,in_vivo,Han2022,pgEpiSC (stem cell),2.95824,2.9874427
pgEpiSC_high_TCTTCACA,p54,pgEpiSC_high,GSE168106,in_vivo,in_vivo,Han2022,pgEpiSC (stem cell),5.879151,5.3968816
pgEpiSC_high_TGAAGAGA,p54,pgEpiSC_high,GSE168106,in_vivo,in_vivo,Han2022,pgEpiSC (stem cell),2.5673988,2.7750769
pgEpiSC_high_TGGAACAA,p54,pgEpiSC_high,GSE168106,in_vivo,in_vivo,Han2022,pgEpiSC (stem cell),2.2514057,2.7617579
pgEpiSC_high_TGGCTTCA,p54,pgEpiSC_high,GSE168106,in_vivo,in_vivo,Han2022,pgEpiSC (stem cell),0.73206836,1.9636756
pgEpiSC_high_TGGTGGTA,p54,pgEpiSC_high,GSE168106,in_vivo,in_vivo,Han2022,pgEpiSC (stem cell),0.12485765,2.147027
pgEpiSC_high_TTCACGCA,p54,pgEpiSC_high,GSE168106,in_vivo,in_vivo,Han2022,pgEpiSC (stem cell),0.82824534,2.2965124
SLX_13258.i710_i517,preimplantation,pooled,GSE112380,in_vivo,in_vivo,RamosIbeas2019,Preimplant (D5-11),6.7364917,9.285728
SLX_13259.i712_i505,preimplantation,pooled,GSE112380,in_vivo,in_vivo,RamosIbeas2019,Preimplant (D5-11),6.6547236,10.439103
SLX_13255.i704_i507,preimplantation,pooled,GSE112380,in_vivo,in_vivo,RamosIbeas2019,Preimplant (D5-11),6.9091125,10.041902
SLX_13255.i706_i505,preimplantation,pooled,GSE112380,in_vivo,in_vivo,RamosIbeas2019,Preimplant (D5-11),6.766021,9.222406
SLX_13256.i707_i517,preimplantation,pooled,GSE112380,in_vivo,in_vivo,RamosIbeas2019,Preimplant (D5-11),6.485849,10.436115
SLX_13257.i709_i505,preimplantation,pooled,GSE112380,in_vivo,in_vivo,RamosIbeas2019,Preimplant (D5-11),7.203399,10.683927
SLX_13255.i705_i505,preimplantation,pooled,GSE112380,in_vivo,in_vivo,RamosIbeas2019,Preimplant (D5-11),7.032091,10.537708
SLX_13256.i706_i517,preimplantation,pooled,GSE112380,in_vivo,in_vivo,RamosIbeas2019,Preimplant (D5-11),6.859997,9.016804
SLX_13258.i711_i517,preimplantation,pooled,GSE112380,in_vivo,in_vivo,RamosIbeas2019,Preimplant (D5-11),6.9535165,10.031851
SLX_13257.i710_i505,preimplantation,pooled,GSE112380,in_vivo,in_vivo,RamosIbeas2019,Preimplant (D5-11),6.7003427,9.2613535
SLX_13254.i704_i517,preimplantation,pooled,GSE112380,in_vivo,in_vivo,RamosIbeas2019,Preimplant (D5-11),7.0856643,10.569976
SLX_13259.i702_i504,preimplantation,pooled,GSE112380,in_vivo,in_vivo,RamosIbeas2019,Preimplant (D5-11),6.8371778,9.548743
SLX_13260.i704_i503,preimplantation,pooled,GSE112380,in_vivo,in_vivo,RamosIbeas2019,Preimplant (D5-11),7.0317316,10.024579
SLX_13259.i701_i504,preimplantation,pooled,GSE112380,in_vivo,in_vivo,RamosIbeas2019,Preimplant (D5-11),7.2305436,10.832113
SLX_13260.i703_i503,preimplantation,pooled,GSE112380,in_vivo,in_vivo,RamosIbeas2019,Preimplant (D5-11),6.8673806,10.221228
SLX_13261.i705_i507,preimplantation,pooled,GSE112380,in_vivo,in_vivo,RamosIbeas2019,Preimplant (D5-11),6.8410635,9.974658
SLX_13255.i707_i505,preimplantation,pooled,GSE112380,in_vivo,in_vivo,RamosIbeas2019,Preimplant (D5-11),6.711819,9.348764
SLX_13256.i708_i517,preimplantation,pooled,GSE112380,in_vivo,in_vivo,RamosIbeas2019,Preimplant (D5-11),6.7561665,9.356318
SLX_13261.i706_i507,preimplantation,pooled,GSE112380,in_vivo,in_vivo,RamosIbeas2019,Preimplant (D5-11),6.633584,10.453217
SLX_13258.i705_i503,preimplantation,pooled,GSE112380,in_vivo,in_vivo,RamosIbeas2019,Preimplant (D5-11),6.495988,10.4600725
SLX_13254.i702_i503,preimplantation,pooled,GSE112380,in_vivo,in_vivo,RamosIbeas2019,Preimplant (D5-11),6.5436373,10.047821
SLX_13255.i708_i505,preimplantation,pooled,GSE112380,in_vivo,in_vivo,RamosIbeas2019,Preimplant (D5-11),6.6472206,9.629188
SLX_13256.i709_i517,preimplantation,pooled,GSE112380,in_vivo,in_vivo,RamosIbeas2019,Preimplant (D5-11),6.5586724,10.272462
SLX_13257.i711_i505,preimplantation,pooled,GSE112380,in_vivo,in_vivo,RamosIbeas2019,Preimplant (D5-11),6.64361,10.518659
SLX_13259.i703_i504,preimplantation,pooled,GSE112380,in_vivo,in_vivo,RamosIbeas2019,Preimplant (D5-11),6.570842,10.50008
SLX_13254.i701_i503,preimplantation,pooled,GSE112380,in_vivo,in_vivo,RamosIbeas2019,Preimplant (D5-11),6.5747104,9.350967
SLX_13256.i710_i517,preimplantation,pooled,GSE112380,in_vivo,in_vivo,RamosIbeas2019,Preimplant (D5-11),6.53443,10.46136
SLX_13258.i702_i502,preimplantation,pooled,GSE112380,in_vivo,in_vivo,RamosIbeas2019,Preimplant (D5-11),7.4370313,10.871357
SLX_13259.i704_i504,preimplantation,pooled,GSE112380,in_vivo,in_vivo,RamosIbeas2019,Preimplant (D5-11),7.6743674,10.954091
SLX_13260.i706_i503,preimplantation,pooled,GSE112380,in_vivo,in_vivo,RamosIbeas2019,Preimplant (D5-11),6.4330177,10.533108
SLX_13261.i707_i507,preimplantation,pooled,GSE112380,in_vivo,in_vivo,RamosIbeas2019,Preimplant (D5-11),7.573404,11.049778
SLX_13255.i710_i505,preimplantation,pooled,GSE112380,in_vivo,in_vivo,RamosIbeas2019,Preimplant (D5-11),7.48118,10.855362
SLX_13256.i711_i517,preimplantation,pooled,GSE112380,in_vivo,in_vivo,RamosIbeas2019,Preimplant (D5-11),7.4755187,10.774619
SLX_13259.i705_i504,preimplantation,pooled,GSE112380,in_vivo,in_vivo,RamosIbeas2019,Preimplant (D5-11),6.701343,9.06507
SLX_13260.i707_i503,preimplantation,pooled,GSE112380,in_vivo,in_vivo,RamosIbeas2019,Preimplant (D5-11),7.53657,10.794316
SLX_13254.i703_i503,preimplantation,pooled,GSE112380,in_vivo,in_vivo,RamosIbeas2019,Preimplant (D5-11),6.474126,9.837333
SLX_13255.i711_i505,preimplantation,pooled,GSE112380,in_vivo,in_vivo,RamosIbeas2019,Preimplant (D5-11),7.461098,11.157034
SLX_13256.i712_i517,preimplantation,pooled,GSE112380,in_vivo,in_vivo,RamosIbeas2019,Preimplant (D5-11),7.49499,11.061116
SLX_13257.i702_i506,preimplantation,pooled,GSE112380,in_vivo,in_vivo,RamosIbeas2019,Preimplant (D5-11),6.5796723,9.896684
SLX_13258.i703_i502,preimplantation,pooled,GSE112380,in_vivo,in_vivo,RamosIbeas2019,Preimplant (D5-11),6.396491,10.384407
SLX_13259.i706_i504,preimplantation,pooled,GSE112380,in_vivo,in_vivo,RamosIbeas2019,Preimplant (D5-11),7.4344606,10.438165
SLX_13260.i708_i503,preimplantation,pooled,GSE112380,in_vivo,in_vivo,RamosIbeas2019,Preimplant (D5-11),6.4240017,10.398336
SLX_13261.i708_i507,preimplantation,pooled,GSE112380,in_vivo,in_vivo,RamosIbeas2019,Preimplant (D5-11),7.3361754,10.022703
SLX_13261.i705_i504,preimplantation,pooled,GSE112380,in_vivo,in_vivo,RamosIbeas2019,Preimplant (D5-11),6.4692016,10.359337
SLX_13261.i706_i504,preimplantation,pooled,GSE112380,in_vivo,in_vivo,RamosIbeas2019,Preimplant (D5-11),6.340297,10.223396
SLX_13261.i704_i503,preimplantation,pooled,GSE112380,in_vivo,in_vivo,RamosIbeas2019,Preimplant (D5-11),6.451527,10.415291
SLX_13261.i705_i503,preimplantation,pooled,GSE112380,in_vivo,in_vivo,RamosIbeas2019,Preimplant (D5-11),6.595144,10.212015
SLX_13254.i707_i503,preimplantation,pooled,GSE112380,in_vivo,in_vivo,RamosIbeas2019,Preimplant (D5-11),6.596644,11.594443
SLX_13257.i705_i506,preimplantation,pooled,GSE112380,in_vivo,in_vivo,RamosIbeas2019,Preimplant (D5-11),4.6643543,6.5087514
SLX_13254.i705_i503,preimplantation,pooled,GSE112380,in_vivo,in_vivo,RamosIbeas2019,Preimplant (D5-11),6.800282,11.706639
SLX_13260.i711_i503,preimplantation,pooled,GSE112380,in_vivo,in_vivo,RamosIbeas2019,Preimplant (D5-11),6.6331496,11.808066
SLX_13255.i712_i505,preimplantation,pooled,GSE112380,in_vivo,in_vivo,RamosIbeas2019,Preimplant (D5-11),6.744897,11.794111
SLX_13256.i701_i502,preimplantation,pooled,GSE112380,in_vivo,in_vivo,RamosIbeas2019,Preimplant (D5-11),6.9777966,11.831729
SLX_13254.i704_i503,preimplantation,pooled,GSE112380,in_vivo,in_vivo,RamosIbeas2019,Preimplant (D5-11),6.6191626,11.676077
SLX_13254.i705_i517,preimplantation,pooled,GSE112380,in_vivo,in_vivo,RamosIbeas2019,Preimplant (D5-11),6.6588974,11.760247
SLX_13254.i706_i517,preimplantation,pooled,GSE112380,in_vivo,in_vivo,RamosIbeas2019,Preimplant (D5-11),6.7605214,11.79077
SLX_13256.i706_i502,preimplantation,pooled,GSE112380,in_vivo,in_vivo,RamosIbeas2019,Preimplant (D5-11),6.8286457,11.230903
SLX_13259.i711_i506,preimplantation,pooled,GSE112380,in_vivo,in_vivo,RamosIbeas2019,Preimplant (D5-11),7.1462,11.4549885
SLX_13261.i702_i502,preimplantation,pooled,GSE112380,in_vivo,in_vivo,RamosIbeas2019,Preimplant (D5-11),6.724434,11.426612
SLX_13260.i709_i503,preimplantation,pooled,GSE112380,in_vivo,in_vivo,RamosIbeas2019,Preimplant (D5-11),7.002744,11.806236
SLX_13258.i709_i502,preimplantation,pooled,GSE112380,in_vivo,in_vivo,RamosIbeas2019,Preimplant (D5-11),6.879252,11.625025
SLX_13261.i705_i502,preimplantation,pooled,GSE112380,in_vivo,in_vivo,RamosIbeas2019,Preimplant (D5-11),7.1435823,11.507354
SLX_13255.i704_i506,preimplantation,pooled,GSE112380,in_vivo,in_vivo,RamosIbeas2019,Preimplant (D5-11),7.1811423,11.428321
SLX_13258.i707_i502,preimplantation,pooled,GSE112380,in_vivo,in_vivo,RamosIbeas2019,Preimplant (D5-11),7.139495,11.494695
SLX_13259.i709_i506,preimplantation,pooled,GSE112380,in_vivo,in_vivo,RamosIbeas2019,Preimplant (D5-11),7.1170673,11.619008
SLX_13260.i701_i504,preimplantation,pooled,GSE112380,in_vivo,in_vivo,RamosIbeas2019,Preimplant (D5-11),7.20765,11.592443
SLX_13257.i703_i506,preimplantation,pooled,GSE112380,in_vivo,in_vivo,RamosIbeas2019,Preimplant (D5-11),7.0797434,11.493433
SLX_13258.i710_i502,preimplantation,pooled,GSE112380,in_vivo,in_vivo,RamosIbeas2019,Preimplant (D5-11),6.950659,11.770126
SLX_13261.i710_i507,preimplantation,pooled,GSE112380,in_vivo,in_vivo,RamosIbeas2019,Preimplant (D5-11),7.0745835,11.652938
SLX_13255.i707_i506,preimplantation,pooled,GSE112380,in_vivo,in_vivo,RamosIbeas2019,Preimplant (D5-11),7.127271,11.794382
SLX_13259.i712_i506,preimplantation,pooled,GSE112380,in_vivo,in_vivo,RamosIbeas2019,Preimplant (D5-11),7.129879,11.626482
SLX_13258.i705_i502,preimplantation,pooled,GSE112380,in_vivo,in_vivo,RamosIbeas2019,Preimplant (D5-11),4.9347787,9.142908
SLX_13259.i707_i506,preimplantation,pooled,GSE112380,in_vivo,in_vivo,RamosIbeas2019,Preimplant (D5-11),4.682759,9.225741
SLX_13259.i708_i506,preimplantation,pooled,GSE112380,in_vivo,in_vivo,RamosIbeas2019,Preimplant (D5-11),5.1376114,9.282709
SLX_13254.i708_i517,preimplantation,pooled,GSE112380,in_vivo,in_vivo,RamosIbeas2019,Preimplant (D5-11),5.3623433,8.274514
SLX_13254.i706_i503,preimplantation,pooled,GSE112380,in_vivo,in_vivo,RamosIbeas2019,Preimplant (D5-11),5.1742353,9.023678
SLX_13255.i702_i506,preimplantation,pooled,GSE112380,in_vivo,in_vivo,RamosIbeas2019,Preimplant (D5-11),5.2429247,8.670731
SLX_13256.i703_i502,preimplantation,pooled,GSE112380,in_vivo,in_vivo,RamosIbeas2019,Preimplant (D5-11),5.6164503,9.534589
SLX_13261.i709_i507,preimplantation,pooled,GSE112380,in_vivo,in_vivo,RamosIbeas2019,Preimplant (D5-11),4.866675,9.099655
SLX_13255.i701_i506,preimplantation,pooled,GSE112380,in_vivo,in_vivo,RamosIbeas2019,Preimplant (D5-11),5.102603,9.012864
SLX_13257.i704_i506,preimplantation,pooled,GSE112380,in_vivo,in_vivo,RamosIbeas2019,Preimplant (D5-11),5.3303733,8.556741
SLX_13258.i706_i502,preimplantation,pooled,GSE112380,in_vivo,in_vivo,RamosIbeas2019,Preimplant (D5-11),5.2115765,8.871655
SLX_13261.i711_i507,preimplantation,pooled,GSE112380,in_vivo,in_vivo,RamosIbeas2019,Preimplant (D5-11),4.97895,9.502087
SLX_13261.i712_i507,preimplantation,pooled,GSE112380,in_vivo,in_vivo,RamosIbeas2019,Preimplant (D5-11),3.992845,10.233443
SLX_13257.i707_i506,preimplantation,pooled,GSE112380,in_vivo,in_vivo,RamosIbeas2019,Preimplant (D5-11),4.3003497,9.164054
SLX_13255.i703_i506,preimplantation,pooled,GSE112380,in_vivo,in_vivo,RamosIbeas2019,Preimplant (D5-11),3.856692,10.397838
SLX_13261.i704_i502,preimplantation,pooled,GSE112380,in_vivo,in_vivo,RamosIbeas2019,Preimplant (D5-11),4.055483,9.924516
SLX_13258.i708_i502,preimplantation,pooled,GSE112380,in_vivo,in_vivo,RamosIbeas2019,Preimplant (D5-11),4.376758,9.149959
SLX_13259.i710_i506,preimplantation,pooled,GSE112380,in_vivo,in_vivo,RamosIbeas2019,Preimplant (D5-11),5.082132,9.12299
SLX_13260.i712_i503,preimplantation,pooled,GSE112380,in_vivo,in_vivo,RamosIbeas2019,Preimplant (D5-11),5.288065,9.230805
SLX_13260.i710_i503,preimplantation,pooled,GSE112380,in_vivo,in_vivo,RamosIbeas2019,Preimplant (D5-11),5.2596254,8.48743
SLX_13255.i705_i506,preimplantation,pooled,GSE112380,in_vivo,in_vivo,RamosIbeas2019,Preimplant (D5-11),4.0300417,10.134593
SLX_13257.i708_i506,preimplantation,pooled,GSE112380,in_vivo,in_vivo,RamosIbeas2019,Preimplant (D5-11),4.193471,9.336395
SLX_13255.i706_i506,preimplantation,pooled,GSE112380,in_vivo,in_vivo,RamosIbeas2019,Preimplant (D5-11),4.112585,9.725013
SLX_13256.i707_i502,preimplantation,pooled,GSE112380,in_vivo,in_vivo,RamosIbeas2019,Preimplant (D5-11),3.9916213,10.04952
SLX_13258.i711_i502,preimplantation,pooled,GSE112380,in_vivo,in_vivo,RamosIbeas2019,Preimplant (D5-11),4.3982177,10.258761
SLX_13259.i701_i507,preimplantation,pooled,GSE112380,in_vivo,in_vivo,RamosIbeas2019,Preimplant (D5-11),3.874763,10.106036
SLX_13260.i703_i504,preimplantation,pooled,GSE112380,in_vivo,in_vivo,RamosIbeas2019,Preimplant (D5-11),4.3696113,9.133736
SLX_13261.i706_i503,preimplantation,pooled,GSE112380,in_vivo,in_vivo,RamosIbeas2019,Preimplant (D5-11),5.5025086,9.017529
SLX_13257.i701_i507,preimplantation,pooled,GSE112380,in_vivo,in_vivo,RamosIbeas2019,Preimplant (D5-11),1.1521773,3.763429
SLX_13260.i710_i504,preimplantation,pooled,GSE112380,in_vivo,in_vivo,RamosIbeas2019,Preimplant (D5-11),-0.2898021,5.402012
SLX_13255.i702_i507,preimplantation,pooled,GSE112380,in_vivo,in_vivo,RamosIbeas2019,Preimplant (D5-11),0.60444546,4.10074
SLX_13256.i703_i503,preimplantation,pooled,GSE112380,in_vivo,in_vivo,RamosIbeas2019,Preimplant (D5-11),1.8664392,3.8761241
SLX_13257.i705_i507,preimplantation,pooled,GSE112380,in_vivo,in_vivo,RamosIbeas2019,Preimplant (D5-11),1.5543773,4.0023656
SLX_13258.i708_i503,preimplantation,pooled,GSE112380,in_vivo,in_vivo,RamosIbeas2019,Preimplant (D5-11),0.64885515,4.0685973
SLX_13260.i712_i504,preimplantation,pooled,GSE112380,in_vivo,in_vivo,RamosIbeas2019,Preimplant (D5-11),0.80464005,4.055407
SLX_13254.i712_i503,preimplantation,pooled,GSE112380,in_vivo,in_vivo,RamosIbeas2019,Preimplant (D5-11),0.6612387,4.0270796
SLX_13261.i704_i507,preimplantation,pooled,GSE112380,in_vivo,in_vivo,RamosIbeas2019,Preimplant (D5-11),0.7598081,3.862607
SLX_13259.i709_i507,preimplantation,pooled,GSE112380,in_vivo,in_vivo,RamosIbeas2019,Preimplant (D5-11),1.0878751,3.9271107
SLX_13260.i711_i504,preimplantation,pooled,GSE112380,in_vivo,in_vivo,RamosIbeas2019,Preimplant (D5-11),0.6678212,4.0476756
SLX_13254.i711_i503,preimplantation,pooled,GSE112380,in_vivo,in_vivo,RamosIbeas2019,Preimplant (D5-11),0.71978784,3.9384043
SLX_13255.i703_i507,preimplantation,pooled,GSE112380,in_vivo,in_vivo,RamosIbeas2019,Preimplant (D5-11),0.7165076,3.9443977
SLX_13256.i704_i503,preimplantation,pooled,GSE112380,in_vivo,in_vivo,RamosIbeas2019,Preimplant (D5-11),0.756081,3.9463108
SLX_13257.i706_i507,preimplantation,pooled,GSE112380,in_vivo,in_vivo,RamosIbeas2019,Preimplant (D5-11),0.7790185,4.031354
SLX_13261.i704_i506,preimplantation,pooled,GSE112380,in_vivo,in_vivo,RamosIbeas2019,Preimplant (D5-11),0.8428464,4.095615
SLX_13254.i709_i503,preimplantation,pooled,GSE112380,in_vivo,in_vivo,RamosIbeas2019,Preimplant (D5-11),-0.0011205785,5.0366435
SLX_13257.i702_i507,preimplantation,pooled,GSE112380,in_vivo,in_vivo,RamosIbeas2019,Preimplant (D5-11),0.0761906,5.035519
SLX_13257.i704_i507,preimplantation,pooled,GSE112380,in_vivo,in_vivo,RamosIbeas2019,Preimplant (D5-11),0.26156566,4.6080227
SLX_13258.i703_i503,preimplantation,pooled,GSE112380,in_vivo,in_vivo,RamosIbeas2019,Preimplant (D5-11),0.2788549,4.712132
SLX_13258.i704_i503,preimplantation,pooled,GSE112380,in_vivo,in_vivo,RamosIbeas2019,Preimplant (D5-11),0.044240158,4.7990975
SLX_13258.i706_i503,preimplantation,pooled,GSE112380,in_vivo,in_vivo,RamosIbeas2019,Preimplant (D5-11),0.21520378,4.635475
SLX_13259.i708_i507,preimplantation,pooled,GSE112380,in_vivo,in_vivo,RamosIbeas2019,Preimplant (D5-11),0.40845332,4.3593206
SLX_13260.i709_i504,preimplantation,pooled,GSE112380,in_vivo,in_vivo,RamosIbeas2019,Preimplant (D5-11),-0.19221975,5.1321535
SLX_13261.i703_i508,preimplantation,pooled,GSE112380,in_vivo,in_vivo,RamosIbeas2019,Preimplant (D5-11),0.46341607,4.2454405
SLX_13256.i705_i503,preimplantation,pooled,GSE112380,in_vivo,in_vivo,RamosIbeas2019,Preimplant (D5-11),-7.437805,7.0915112
SLX_13257.i711_i506,preimplantation,pooled,GSE112380,in_vivo,in_vivo,RamosIbeas2019,Preimplant (D5-11),-7.6290193,7.0799613
SLX_13258.i701_i503,preimplantation,pooled,GSE112380,in_vivo,in_vivo,RamosIbeas2019,Preimplant (D5-11),-7.441123,7.0631814
SLX_13259.i703_i507,preimplantation,pooled,GSE112380,in_vivo,in_vivo,RamosIbeas2019,Preimplant (D5-11),-8.000518,7.252538
SLX_13260.i705_i504,preimplantation,pooled,GSE112380,in_vivo,in_vivo,RamosIbeas2019,Preimplant (D5-11),-7.854569,7.2311425
SLX_13259.i702_i507,preimplantation,pooled,GSE112380,in_vivo,in_vivo,RamosIbeas2019,Preimplant (D5-11),-8.194448,7.385763
SLX_13255.i709_i506,preimplantation,pooled,GSE112380,in_vivo,in_vivo,RamosIbeas2019,Preimplant (D5-11),-8.01991,7.335152
SLX_13256.i710_i502,preimplantation,pooled,GSE112380,in_vivo,in_vivo,RamosIbeas2019,Preimplant (D5-11),-7.849491,7.1547637
SLX_13255.i702_i508,preimplantation,pooled,GSE112380,in_vivo,in_vivo,RamosIbeas2019,Preimplant (D5-11),-7.627075,7.015995
SLX_13258.i712_i502,preimplantation,pooled,GSE112380,in_vivo,in_vivo,RamosIbeas2019,Preimplant (D5-11),-7.53557,7.036018
SLX_13254.i710_i517,preimplantation,pooled,GSE112380,in_vivo,in_vivo,RamosIbeas2019,Preimplant (D5-11),-7.4836597,7.087016
SLX_13260.i704_i504,preimplantation,pooled,GSE112380,in_vivo,in_vivo,RamosIbeas2019,Preimplant (D5-11),-7.5809355,7.1254873
SLX_13256.i708_i502,preimplantation,pooled,GSE112380,in_vivo,in_vivo,RamosIbeas2019,Preimplant (D5-11),-7.329986,6.933869
SLX_13255.i708_i506,preimplantation,pooled,GSE112380,in_vivo,in_vivo,RamosIbeas2019,Preimplant (D5-11),-8.183939,7.2729445
SLX_13256.i709_i502,preimplantation,pooled,GSE112380,in_vivo,in_vivo,RamosIbeas2019,Preimplant (D5-11),-7.278583,6.8616924
SLX_13260.i706_i504,preimplantation,pooled,GSE112380,in_vivo,in_vivo,RamosIbeas2019,Preimplant (D5-11),-7.7354846,7.4581833
SLX_13255.i710_i506,preimplantation,pooled,GSE112380,in_vivo,in_vivo,RamosIbeas2019,Preimplant (D5-11),-7.8279204,7.373547
SLX_13256.i711_i502,preimplantation,pooled,GSE112380,in_vivo,in_vivo,RamosIbeas2019,Preimplant (D5-11),-7.9161243,7.225542
SLX_13254.i711_i517,preimplantation,pooled,GSE112380,in_vivo,in_vivo,RamosIbeas2019,Preimplant (D5-11),-7.8940196,7.095001
SLX_13255.i711_i506,preimplantation,pooled,GSE112380,in_vivo,in_vivo,RamosIbeas2019,Preimplant (D5-11),-7.417809,6.998479
SLX_13256.i712_i502,preimplantation,pooled,GSE112380,in_vivo,in_vivo,RamosIbeas2019,Preimplant (D5-11),-7.5309954,7.0247135
SLX_13259.i706_i507,preimplantation,pooled,GSE112380,in_vivo,in_vivo,RamosIbeas2019,Preimplant (D5-11),-8.193735,7.307397
SLX_13260.i708_i504,preimplantation,pooled,GSE112380,in_vivo,in_vivo,RamosIbeas2019,Preimplant (D5-11),-8.008959,7.1016626
SLX_13254.i708_i503,preimplantation,pooled,GSE112380,in_vivo,in_vivo,RamosIbeas2019,Preimplant (D5-11),-8.033633,7.1876173
SLX_13255.i712_i506,preimplantation,pooled,GSE112380,in_vivo,in_vivo,RamosIbeas2019,Preimplant (D5-11),-7.884754,7.2099013
SLX_13256.i701_i503,preimplantation,pooled,GSE112380,in_vivo,in_vivo,RamosIbeas2019,Preimplant (D5-11),-8.0116,7.31483
SLX_13257.i703_i507,preimplantation,pooled,GSE112380,in_vivo,in_vivo,RamosIbeas2019,Preimplant (D5-11),-7.7160273,7.061244
SLX_13260.i705_i503,preimplantation,pooled,GSE112380,in_vivo,in_vivo,RamosIbeas2019,Preimplant (D5-11),-8.189626,7.2826114
SLX_13259.i707_i507,preimplantation,pooled,GSE112380,in_vivo,in_vivo,RamosIbeas2019,Preimplant (D5-11),-8.242717,7.2572885
SLX_13255.i701_i507,preimplantation,pooled,GSE112380,in_vivo,in_vivo,RamosIbeas2019,Preimplant (D5-11),-7.3828783,7.0340366
SLX_13254.i712_i517,preimplantation,pooled,GSE112380,in_vivo,in_vivo,RamosIbeas2019,Preimplant (D5-11),-7.996473,7.242311
SLX_13259.i705_i507,preimplantation,pooled,GSE112380,in_vivo,in_vivo,RamosIbeas2019,Preimplant (D5-11),-8.1466675,7.323238
SLX_13260.i707_i504,preimplantation,pooled,GSE112380,in_vivo,in_vivo,RamosIbeas2019,Preimplant (D5-11),-8.257346,7.246797
SLX_13255.i704_i508,preimplantation,pooled,GSE112380,in_vivo,in_vivo,RamosIbeas2019,Preimplant (D5-11),-7.289328,6.9022903
SLX_13255.i705_i508,preimplantation,pooled,GSE112380,in_vivo,in_vivo,RamosIbeas2019,Preimplant (D5-11),-7.6596193,7.0780306
SLX_13256.i702_i503,preimplantation,pooled,GSE112380,in_vivo,in_vivo,RamosIbeas2019,Preimplant (D5-11),-8.102551,7.3342686
SLX_13258.i709_i503,preimplantation,pooled,GSE112380,in_vivo,in_vivo,RamosIbeas2019,Preimplant (D5-11),-1.1732867,4.1111336
SLX_13259.i711_i507,preimplantation,pooled,GSE112380,in_vivo,in_vivo,RamosIbeas2019,Preimplant (D5-11),-0.663205,3.781533
SLX_13260.i701_i505,preimplantation,pooled,GSE112380,in_vivo,in_vivo,RamosIbeas2019,Preimplant (D5-11),-0.35257703,3.654223
SLX_13256.i708_i503,preimplantation,pooled,GSE112380,in_vivo,in_vivo,RamosIbeas2019,Preimplant (D5-11),-0.54032964,3.797327
SLX_13256.i706_i503,preimplantation,pooled,GSE112380,in_vivo,in_vivo,RamosIbeas2019,Preimplant (D5-11),-1.127397,3.7869322
SLX_13257.i708_i507,preimplantation,pooled,GSE112380,in_vivo,in_vivo,RamosIbeas2019,Preimplant (D5-11),-0.88813454,3.8198957
SLX_13258.i710_i503,preimplantation,pooled,GSE112380,in_vivo,in_vivo,RamosIbeas2019,Preimplant (D5-11),-1.0721647,3.7644937
SLX_13259.i712_i507,preimplantation,pooled,GSE112380,in_vivo,in_vivo,RamosIbeas2019,Preimplant (D5-11),-1.1454977,3.670455
SLX_13260.i702_i505,preimplantation,pooled,GSE112380,in_vivo,in_vivo,RamosIbeas2019,Preimplant (D5-11),-0.7471078,3.866364
SLX_13257.i707_i507,preimplantation,pooled,GSE112380,in_vivo,in_vivo,RamosIbeas2019,Preimplant (D5-11),-0.6936278,3.8005667
SLX_13255.i706_i507,preimplantation,pooled,GSE112380,in_vivo,in_vivo,RamosIbeas2019,Preimplant (D5-11),-0.7060741,3.6708071
SLX_13256.i707_i503,preimplantation,pooled,GSE112380,in_vivo,in_vivo,RamosIbeas2019,Preimplant (D5-11),-1.3259959,3.7924259
SLX_13261.i707_i508,preimplantation,pooled,GSE112380,in_vivo,in_vivo,RamosIbeas2019,Preimplant (D5-11),-1.2138972,3.9536011
SLX_13257.i709_i507,preimplantation,pooled,GSE112380,in_vivo,in_vivo,RamosIbeas2019,Preimplant (D5-11),2.0545573,3.308704
SLX_13257.i710_i507,preimplantation,pooled,GSE112380,in_vivo,in_vivo,RamosIbeas2019,Preimplant (D5-11),-1.6097,3.45095
SLX_13254.i703_i502,preimplantation,pooled,GSE112380,in_vivo,in_vivo,RamosIbeas2019,Preimplant (D5-11),-1.2536849,3.6946933
SLX_13254.i704_i502,preimplantation,pooled,GSE112380,in_vivo,in_vivo,RamosIbeas2019,Preimplant (D5-11),-1.3810297,3.6804056
SLX_13258.i712_i503,preimplantation,pooled,GSE112380,in_vivo,in_vivo,RamosIbeas2019,Preimplant (D5-11),-1.1020179,3.6587057
SLX_13255.i708_i507,preimplantation,pooled,GSE112380,in_vivo,in_vivo,RamosIbeas2019,Preimplant (D5-11),-0.6453795,3.6100996
SLX_13256.i709_i503,preimplantation,pooled,GSE112380,in_vivo,in_vivo,RamosIbeas2019,Preimplant (D5-11),0.18471721,3.417626
SLX_13258.i701_i504,preimplantation,pooled,GSE112380,in_vivo,in_vivo,RamosIbeas2019,Preimplant (D5-11),-1.117998,3.6967082
SLX_13259.i702_i508,preimplantation,pooled,GSE112380,in_vivo,in_vivo,RamosIbeas2019,Preimplant (D5-11),-1.42041,3.6173766
SLX_13255.i709_i507,preimplantation,pooled,GSE112380,in_vivo,in_vivo,RamosIbeas2019,Preimplant (D5-11),-1.0926285,3.8841143
SLX_13256.i710_i503,preimplantation,pooled,GSE112380,in_vivo,in_vivo,RamosIbeas2019,Preimplant (D5-11),-1.3788527,3.6199858
SLX_13261.i709_i508,preimplantation,pooled,GSE112380,in_vivo,in_vivo,RamosIbeas2019,Preimplant (D5-11),-1.2633071,3.8033278
SLX_13254.i701_i504,preimplantation,pooled,GSE112380,in_vivo,in_vivo,RamosIbeas2019,Preimplant (D5-11),-0.19303776,3.6447115
SLX_13255.i707_i507,preimplantation,pooled,GSE112380,in_vivo,in_vivo,RamosIbeas2019,Preimplant (D5-11),-0.117451474,3.4946554
SLX_13261.i708_i508,preimplantation,pooled,GSE112380,in_vivo,in_vivo,RamosIbeas2019,Preimplant (D5-11),0.05122165,3.4688053
SLX_13260.i703_i505,preimplantation,pooled,GSE112380,in_vivo,in_vivo,RamosIbeas2019,Preimplant (D5-11),0.2697258,3.4194722
SLX_13256.i711_i503,preimplantation,pooled,GSE112380,in_vivo,in_vivo,RamosIbeas2019,Preimplant (D5-11),-1.2235157,3.5808125
SLX_13257.i701_i508,preimplantation,pooled,GSE112380,in_vivo,in_vivo,RamosIbeas2019,Preimplant (D5-11),-1.6300075,3.4605978
SLX_13258.i703_i504,preimplantation,pooled,GSE112380,in_vivo,in_vivo,RamosIbeas2019,Preimplant (D5-11),-1.3286124,3.53003
SLX_13259.i705_i508,preimplantation,pooled,GSE112380,in_vivo,in_vivo,RamosIbeas2019,Preimplant (D5-11),-0.9815806,3.8439226
SLX_13260.i707_i505,preimplantation,pooled,GSE112380,in_vivo,in_vivo,RamosIbeas2019,Preimplant (D5-11),-1.1665759,3.8840683
SLX_13254.i703_i504,preimplantation,pooled,GSE112380,in_vivo,in_vivo,RamosIbeas2019,Preimplant (D5-11),-1.5659243,3.5015738
SLX_13255.i711_i507,preimplantation,pooled,GSE112380,in_vivo,in_vivo,RamosIbeas2019,Preimplant (D5-11),-1.0677103,3.675878
SLX_13256.i712_i503,preimplantation,pooled,GSE112380,in_vivo,in_vivo,RamosIbeas2019,Preimplant (D5-11),-0.9580253,3.465898
SLX_13257.i702_i508,preimplantation,pooled,GSE112380,in_vivo,in_vivo,RamosIbeas2019,Preimplant (D5-11),-1.5312766,3.5227635
SLX_13258.i704_i504,preimplantation,pooled,GSE112380,in_vivo,in_vivo,RamosIbeas2019,Preimplant (D5-11),-1.5398029,3.5024128
SLX_13259.i706_i508,preimplantation,pooled,GSE112380,in_vivo,in_vivo,RamosIbeas2019,Preimplant (D5-11),-1.3504491,3.578112
SLX_13260.i708_i505,preimplantation,pooled,GSE112380,in_vivo,in_vivo,RamosIbeas2019,Preimplant (D5-11),-1.3845991,3.6036806
SLX_13254.i704_i504,preimplantation,pooled,GSE112380,in_vivo,in_vivo,RamosIbeas2019,Preimplant (D5-11),-1.4819057,3.543558
SLX_13255.i712_i507,preimplantation,pooled,GSE112380,in_vivo,in_vivo,RamosIbeas2019,Preimplant (D5-11),-0.616526,3.5676785
SLX_13256.i701_i504,preimplantation,pooled,GSE112380,in_vivo,in_vivo,RamosIbeas2019,Preimplant (D5-11),-1.5042269,3.450538
SLX_13257.i703_i508,preimplantation,pooled,GSE112380,in_vivo,in_vivo,RamosIbeas2019,Preimplant (D5-11),-1.5086869,3.540973
SLX_13258.i705_i504,preimplantation,pooled,GSE112380,in_vivo,in_vivo,RamosIbeas2019,Preimplant (D5-11),-1.4583272,3.6345747
SLX_13259.i707_i508,preimplantation,pooled,GSE112380,in_vivo,in_vivo,RamosIbeas2019,Preimplant (D5-11),-1.3709965,3.5533547
SLX_13260.i704_i505,preimplantation,pooled,GSE112380,in_vivo,in_vivo,RamosIbeas2019,Preimplant (D5-11),-0.14459294,3.399707
SLX_13258.i711_i503,preimplantation,pooled,GSE112380,in_vivo,in_vivo,RamosIbeas2019,Preimplant (D5-11),2.7358582,6.0064826
SLX_13259.i701_i508,preimplantation,pooled,GSE112380,in_vivo,in_vivo,RamosIbeas2019,Preimplant (D5-11),3.0115414,6.0413013
SLX_13254.i701_i502,preimplantation,pooled,GSE112380,in_vivo,in_vivo,RamosIbeas2019,Preimplant (D5-11),2.635277,5.8467607
SLX_13254.i702_i502,preimplantation,pooled,GSE112380,in_vivo,in_vivo,RamosIbeas2019,Preimplant (D5-11),2.7083304,5.9212265
SLX_13261.i711_i508,preimplantation,pooled,GSE112380,in_vivo,in_vivo,RamosIbeas2019,Preimplant (D5-11),-4.7020855,7.27732
SLX_13261.i712_i508,preimplantation,pooled,GSE112380,in_vivo,in_vivo,RamosIbeas2019,Preimplant (D5-11),-4.9714603,7.283718
SLX_13257.i712_i507,preimplantation,pooled,GSE112380,in_vivo,in_vivo,RamosIbeas2019,Preimplant (D5-11),-4.766421,7.2481327
SLX_13258.i702_i504,preimplantation,pooled,GSE112380,in_vivo,in_vivo,RamosIbeas2019,Preimplant (D5-11),-4.9001007,7.0390096
SLX_13259.i704_i508,preimplantation,pooled,GSE112380,in_vivo,in_vivo,RamosIbeas2019,Preimplant (D5-11),-4.6844635,7.2505713
SLX_13260.i706_i505,preimplantation,pooled,GSE112380,in_vivo,in_vivo,RamosIbeas2019,Preimplant (D5-11),-4.71858,6.9875164
SLX_13254.i702_i504,preimplantation,pooled,GSE112380,in_vivo,in_vivo,RamosIbeas2019,Preimplant (D5-11),-4.8242707,7.138658
SLX_13255.i710_i507,preimplantation,pooled,GSE112380,in_vivo,in_vivo,RamosIbeas2019,Preimplant (D5-11),-4.2381945,6.565538
GV1,GV,donor_1,GSE160334,in_vivo,in_vivo,Du2021,Oocyte,0.44076964,5.272371
GV2,GV,donor_2,GSE160334,in_vivo,in_vivo,Du2021,Oocyte,0.53339654,5.2380776
GV3,GV,donor_3,GSE160334,in_vivo,in_vivo,Du2021,Oocyte,0.5834512,5.187689
MII1,MII,donor_1,GSE160334,in_vivo,in_vivo,Du2021,1C/MII,1.0663959,4.6531706
MII2,MII,donor_2,GSE160334,in_vivo,in_vivo,Du2021,1C/MII,0.91572005,4.598868
MII3,MII,donor_3,GSE160334,in_vivo,in_vivo,Du2021,1C/MII,1.040136,4.6654058
Oo_2,Oocyte,donor_Oo,GSE139512,in_vivo,in_vivo,Kong2019,Oocyte,11.684827,21.524279
Oo_4,Oocyte,donor_Oo,GSE139512,in_vivo,in_vivo,Kong2019,Oocyte,11.766412,21.517973
1-cell_1,1C,donor_1-cell,GSE139512,in_vivo,in_vivo,Kong2019,1C/MII,11.642917,21.72271
1-cell_2,1C,donor_1-cell,GSE139512,in_vivo,in_vivo,Kong2019,1C/MII,11.813998,21.55707
1-cell_3,1C,donor_1-cell,GSE139512,in_vivo,in_vivo,Kong2019,1C/MII,11.757776,21.573387
2-cell_1,2C,donor_2-cell,GSE139512,in_vivo,in_vivo,Kong2019,2C,11.7270775,21.626724
2-cell_1_2,2C,donor_2-cell,GSE139512,in_vivo,in_vivo,Kong2019,2C,11.82168,21.529749
2-cell_3_1,2C,donor_2-cell,GSE139512,in_vivo,in_vivo,Kong2019,2C,11.724467,21.629656
2-cell_3_2,2C,donor_2-cell,GSE139512,in_vivo,in_vivo,Kong2019,2C,11.722865,21.644495
2-cell_5_1,2C,donor_2-cell,GSE139512,in_vivo,in_vivo,Kong2019,2C,11.813995,21.658018
2-cell_5_2,2C,donor_2-cell,GSE139512,in_vivo,in_vivo,Kong2019,2C,11.781991,21.59405
2-cell_pull,2C,donor_2-cell,GSE139512,in_vivo,in_vivo,Kong2019,2C,11.764401,21.59064
4-cell-1_1,4C,donor_4-cell-1,GSE139512,in_vivo,in_vivo,Kong2019,4C,15.628069,2.0748732
4-cell-1_2,4C,donor_4-cell-1,GSE139512,in_vivo,in_vivo,Kong2019,4C,15.483921,1.9353473
4-cell-1_3,4C,donor_4-cell-1,GSE139512,in_vivo,in_vivo,Kong2019,4C,15.623767,2.071477
4-cell-2_3,4C,donor_4-cell-2,GSE139512,in_vivo,in_vivo,Kong2019,4C,15.657176,2.1047657
4-cell-2_4,4C,donor_4-cell-2,GSE139512,in_vivo,in_vivo,Kong2019,4C,15.622881,2.0698738
4-cell-3_1,4C,donor_4-cell-3,GSE139512,in_vivo,in_vivo,Kong2019,4C,15.632271,2.0794506
4-cell-3_2,4C,donor_4-cell-3,GSE139512,in_vivo,in_vivo,Kong2019,4C,15.628746,2.076551
4-cell-3_3,4C,donor_4-cell-3,GSE139512,in_vivo,in_vivo,Kong2019,4C,15.627317,2.0744383
4-cell-3_4,4C,donor_4-cell-3,GSE139512,in_vivo,in_vivo,Kong2019,4C,15.658848,2.105877
4-cell-4_1,4C,donor_4-cell-4,GSE139512,in_vivo,in_vivo,Kong2019,4C,15.668116,2.1189315
4-cell-4_2,4C,donor_4-cell-4,GSE139512,in_vivo,in_vivo,Kong2019,4C,15.533305,1.9917263
4-cell-4_3,4C,donor_4-cell-4,GSE139512,in_vivo,in_vivo,Kong2019,4C,15.5766945,2.0246458
4-cell-4_4,4C,donor_4-cell-4,GSE139512,in_vivo,in_vivo,Kong2019,4C,15.559619,2.0072956
4-cell-pull,4C,donor_pool,GSE139512,in_vivo,in_vivo,Kong2019,4C,15.671645,2.131835
8-cell_1_1,8C,donor_8-cell,GSE139512,in_vivo,in_vivo,Kong2019,8C,-1.8468269,14.787738
8-cell_1_2,8C,donor_8-cell,GSE139512,in_vivo,in_vivo,Kong2019,8C,-1.8021543,14.732794
8-cell_1_3,8C,donor_8-cell,GSE139512,in_vivo,in_vivo,Kong2019,8C,-1.980741,14.863667
8-cell_1_4,8C,donor_8-cell,GSE139512,in_vivo,in_vivo,Kong2019,8C,-2.1747723,15.01175
8-cell_1_5,8C,donor_8-cell,GSE139512,in_vivo,in_vivo,Kong2019,8C,-1.9560244,14.872257
8-cell_1_6,8C,donor_8-cell,GSE139512,in_vivo,in_vivo,Kong2019,8C,-2.0587163,14.94124
8-cell_1_7,8C,donor_8-cell,GSE139512,in_vivo,in_vivo,Kong2019,8C,-2.0437684,14.940064
8-cell_1_8,8C,donor_8-cell,GSE139512,in_vivo,in_vivo,Kong2019,8C,-2.0705402,15.059331
8-cell_2_1,8C,donor_8-cell,GSE139512,in_vivo,in_vivo,Kong2019,8C,-2.171982,15.063834
8-cell_2_2,8C,donor_8-cell,GSE139512,in_vivo,in_vivo,Kong2019,8C,-2.205171,15.107618
8-cell_2_3,8C,donor_8-cell,GSE139512,in_vivo,in_vivo,Kong2019,8C,-2.0435662,15.029515
8-cell_2_4,8C,donor_8-cell,GSE139512,in_vivo,in_vivo,Kong2019,8C,-2.1869116,15.087451
8-cell_2_5,8C,donor_8-cell,GSE139512,in_vivo,in_vivo,Kong2019,8C,-2.110045,14.913029
8-cell_2_6,8C,donor_8-cell,GSE139512,in_vivo,in_vivo,Kong2019,8C,-1.8442488,14.77731
8-cell_2_7,8C,donor_8-cell,GSE139512,in_vivo,in_vivo,Kong2019,8C,-2.0750494,14.999412
8-cell_2_8,8C,donor_8-cell,GSE139512,in_vivo,in_vivo,Kong2019,8C,-1.9313073,14.898502
8-cell_3_1,8C,donor_8-cell,GSE139512,in_vivo,in_vivo,Kong2019,8C,-2.060894,14.948135
8-cell_3_2,8C,donor_8-cell,GSE139512,in_vivo,in_vivo,Kong2019,8C,-2.1877491,15.08501
8-cell_3_3,8C,donor_8-cell,GSE139512,in_vivo,in_vivo,Kong2019,8C,-2.2134013,15.069226
8-cell_3_5,8C,donor_8-cell,GSE139512,in_vivo,in_vivo,Kong2019,8C,-2.1741648,15.065511
8-cell_3_6,8C,donor_8-cell,GSE139512,in_vivo,in_vivo,Kong2019,8C,-2.1486158,15.043216
8-cell_3_7,8C,donor_8-cell,GSE139512,in_vivo,in_vivo,Kong2019,8C,-2.2549133,15.145892
8-cell_3_8,8C,donor_8-cell,GSE139512,in_vivo,in_vivo,Kong2019,8C,-2.1432257,15.041367
8-cell_4_1,8C,donor_8-cell,GSE139512,in_vivo,in_vivo,Kong2019,8C,-1.9250801,14.81966
8-cell_4_8,8C,donor_8-cell,GSE139512,in_vivo,in_vivo,Kong2019,8C,-1.9984018,14.905902
8-cell_pull,8C,donor_8-cell,GSE139512,in_vivo,in_vivo,Kong2019,8C,-2.012311,14.919171
M-1_1,Unknown,donor_M-1,GSE139512,in_vivo,in_vivo,Kong2019,Other (Unknown),-0.4455128,13.648606
M-1_2,Unknown,donor_M-1,GSE139512,in_vivo,in_vivo,Kong2019,Other (Unknown),-0.42855263,14.032859
M_1_10,Unknown,donor_M,GSE139512,in_vivo,in_vivo,Kong2019,Other (Unknown),-0.857532,14.029635
M_1_11,Unknown,donor_M,GSE139512,in_vivo,in_vivo,Kong2019,Other (Unknown),0.1865542,14.154733
M_1_3,Unknown,donor_M,GSE139512,in_vivo,in_vivo,Kong2019,Other (Unknown),-0.05313132,14.152218
M_1_4,Unknown,donor_M,GSE139512,in_vivo,in_vivo,Kong2019,Other (Unknown),0.19828786,14.21337
M_1_6,Unknown,donor_M,GSE139512,in_vivo,in_vivo,Kong2019,Other (Unknown),0.0873233,14.218133
M_1_7,Unknown,donor_M,GSE139512,in_vivo,in_vivo,Kong2019,Other (Unknown),-0.54260284,13.929686
M_1_8,Unknown,donor_M,GSE139512,in_vivo,in_vivo,Kong2019,Other (Unknown),-0.8137682,13.84634
M_1_9,Unknown,donor_M,GSE139512,in_vivo,in_vivo,Kong2019,Other (Unknown),-0.81188107,13.992382
M_2_1,Unknown,donor_M,GSE139512,in_vivo,in_vivo,Kong2019,Other (Unknown),-0.72857434,13.915051
M_2_11,Unknown,donor_M,GSE139512,in_vivo,in_vivo,Kong2019,Other (Unknown),0.08770423,14.156724
M_2_13,Unknown,donor_M,GSE139512,in_vivo,in_vivo,Kong2019,Other (Unknown),-0.058363684,14.112385
M_2_7,Unknown,donor_M,GSE139512,in_vivo,in_vivo,Kong2019,Other (Unknown),-0.7713846,13.841543
M_2_8,Unknown,donor_M,GSE139512,in_vivo,in_vivo,Kong2019,Other (Unknown),0.0068750707,14.059696
M_3_2,Unknown,donor_M,GSE139512,in_vivo,in_vivo,Kong2019,Other (Unknown),0.09094949,14.240824
M_3_5,Unknown,donor_M,GSE139512,in_vivo,in_vivo,Kong2019,Other (Unknown),0.05057285,14.166958
M_3_7,Unknown,donor_M,GSE139512,in_vivo,in_vivo,Kong2019,Other (Unknown),0.03869119,14.187761
M_4_10,Unknown,donor_M,GSE139512,in_vivo,in_vivo,Kong2019,Other (Unknown),-0.7665578,13.854107
M_4_11,Unknown,donor_M,GSE139512,in_vivo,in_vivo,Kong2019,Other (Unknown),-0.93081135,13.914535
M_4_12,Unknown,donor_M,GSE139512,in_vivo,in_vivo,Kong2019,Other (Unknown),-0.773143,13.812574
M_4_13,Unknown,donor_M,GSE139512,in_vivo,in_vivo,Kong2019,Other (Unknown),-0.8776687,14.028115
M_4_14,Unknown,donor_M,GSE139512,in_vivo,in_vivo,Kong2019,Other (Unknown),-0.7903493,13.8527355
M_4_15,Unknown,donor_M,GSE139512,in_vivo,in_vivo,Kong2019,Other (Unknown),4.6789975,5.202947
M_4_16,Unknown,donor_M,GSE139512,in_vivo,in_vivo,Kong2019,Other (Unknown),-0.9183393,13.967872
M_4_2,Unknown,donor_M,GSE139512,in_vivo,in_vivo,Kong2019,Other (Unknown),0.103515126,14.179446
M_4_3,Unknown,donor_M,GSE139512,in_vivo,in_vivo,Kong2019,Other (Unknown),0.12653194,14.237735
M_4_4,Unknown,donor_M,GSE139512,in_vivo,in_vivo,Kong2019,Other (Unknown),0.09594982,14.137381
M_4_6,Unknown,donor_M,GSE139512,in_vivo,in_vivo,Kong2019,Other (Unknown),0.1490863,14.184069
M_4_7,Unknown,donor_M,GSE139512,in_vivo,in_vivo,Kong2019,Other (Unknown),0.08035008,14.131409
M_pull,Unknown,donor_M,GSE139512,in_vivo,in_vivo,Kong2019,Other (Unknown),-0.016548838,14.192577
S_Bla-1,Blastocyst,donor_S,GSE139512,in_vivo,in_vivo,Kong2019,Blastocyst,0.34609777,13.984313
S_Bla-2,Blastocyst,donor_S,GSE139512,in_vivo,in_vivo,Kong2019,Blastocyst,0.40439022,13.866222
ICM-1,Unknown,donor_pool,GSE139512,in_vivo,in_vivo,Kong2019,Other (Unknown),0.316501,13.875001
ICM-2,Unknown,donor_pool,GSE139512,in_vivo,in_vivo,Kong2019,Other (Unknown),0.24781087,14.00831
ICM-3,Unknown,donor_pool,GSE139512,in_vivo,in_vivo,Kong2019,Other (Unknown),0.24578105,14.025463
TE-1,Unknown,donor_pool,GSE139512,in_vivo,in_vivo,Kong2019,Other (Unknown),0.48644835,13.8026085
TE-2,Unknown,donor_pool,GSE139512,in_vivo,in_vivo,Kong2019,Other (Unknown),0.3771491,13.927891
TE-3,Unknown,donor_pool,GSE139512,in_vivo,in_vivo,Kong2019,Other (Unknown),0.49330854,13.8534355
AF1_11,GV,AF1,GSE234116,in_vivo,in_vivo,Yuan2023,Oocyte,-0.54418117,9.536936
AF1_12,GV,AF1,GSE234116,in_vivo,in_vivo,Yuan2023,Oocyte,6.423767,5.199197
AF1_15,GV,AF1,GSE234116,in_vivo,in_vivo,Yuan2023,Oocyte,6.2325172,5.210556
AF1_51,GV,AF1,GSE234116,in_vivo,in_vivo,Yuan2023,Oocyte,11.039246,10.947551
AF1_61,GV,AF1,GSE234116,in_vivo,in_vivo,Yuan2023,Oocyte,6.0354013,5.2124534
AF1_62,GV,AF1,GSE234116,in_vivo,in_vivo,Yuan2023,Oocyte,10.360604,10.368214
AF1_66,GV,AF1,GSE234116,in_vivo,in_vivo,Yuan2023,Oocyte,-0.55290526,8.922621
AF1_83,GV,AF1,GSE234116,in_vivo,in_vivo,Yuan2023,Oocyte,6.52647,5.2333326
AF1_85,GV,AF1,GSE234116,in_vivo,in_vivo,Yuan2023,Oocyte,0.90159893,4.745804
AF1_86,GV,AF1,GSE234116,in_vivo,in_vivo,Yuan2023,Oocyte,0.8246819,6.91563
AF2_11,GV,AF2,GSE234116,in_vivo,in_vivo,Yuan2023,Oocyte,0.68649614,4.8910475
AF2_14,GV,AF2,GSE234116,in_vivo,in_vivo,Yuan2023,Oocyte,6.280576,5.291089
AF2_15,GV,AF2,GSE234116,in_vivo,in_vivo,Yuan2023,Oocyte,1.178016,4.8120103
AF2_51,GV,AF2,GSE234116,in_vivo,in_vivo,Yuan2023,Oocyte,0.90410376,5.0957613
AF2_61,GV,AF2,GSE234116,in_vivo,in_vivo,Yuan2023,Oocyte,5.8801165,5.3779106
AF2_63,GV,AF2,GSE234116,in_vivo,in_vivo,Yuan2023,Oocyte,1.117759,5.0920286
AF2_65,GV,AF2,GSE234116,in_vivo,in_vivo,Yuan2023,Oocyte,4.828887,5.627582
AF2_66,GV,AF2,GSE234116,in_vivo,in_vivo,Yuan2023,Oocyte,11.14645,10.93339
AF2_82,GV,AF2,GSE234116,in_vivo,in_vivo,Yuan2023,Oocyte,5.7858186,5.4613085
AF2_83,GV,AF2,GSE234116,in_vivo,in_vivo,Yuan2023,Oocyte,-0.12732549,8.405977
AF2_85,GV,AF2,GSE234116,in_vivo,in_vivo,Yuan2023,Oocyte,6.1725183,5.423833
AF2_86,GV,AF2,GSE234116,in_vivo,in_vivo,Yuan2023,Oocyte,6.5356507,5.2666225
AF3_11,GV,AF3,GSE234116,in_vivo,in_vivo,Yuan2023,Oocyte,6.1678915,5.1793623
AF3_12,GV,AF3,GSE234116,in_vivo,in_vivo,Yuan2023,Oocyte,6.056971,5.382317
AF3_14,GV,AF3,GSE234116,in_vivo,in_vivo,Yuan2023,Oocyte,5.575903,5.886494
AF3_15,GV,AF3,GSE234116,in_vivo,in_vivo,Yuan2023,Oocyte,5.836076,6.0667343
AF3_51,GV,AF3,GSE234116,in_vivo,in_vivo,Yuan2023,Oocyte,4.774998,5.5392065
AF3_52,GV,AF3,GSE234116,in_vivo,in_vivo,Yuan2023,Oocyte,8.99923,10.058079
AF3_66,GV,AF3,GSE234116,in_vivo,in_vivo,Yuan2023,Oocyte,-1.6156467,9.242214
AF3_82,GV,AF3,GSE234116,in_vivo,in_vivo,Yuan2023,Oocyte,0.5684858,6.161639
AF3_84,GV,AF3,GSE234116,in_vivo,in_vivo,Yuan2023,Oocyte,0.20863682,7.103793
AF3_85,GV,AF3,GSE234116,in_vivo,in_vivo,Yuan2023,Oocyte,-1.4055905,9.139659
AF3_86,GV,AF3,GSE234116,in_vivo,in_vivo,Yuan2023,Oocyte,9.404447,10.078423
AF4_15,GV,AF4,GSE234116,in_vivo,in_vivo,Yuan2023,Oocyte,0.81102824,4.6723175
AF4_52,GV,AF4,GSE234116,in_vivo,in_vivo,Yuan2023,Oocyte,5.086038,5.9712024
AF4_55,GV,AF4,GSE234116,in_vivo,in_vivo,Yuan2023,Oocyte,9.235641,10.062806
AF4_62,GV,AF4,GSE234116,in_vivo,in_vivo,Yuan2023,Oocyte,3.8449364,5.4262366
AF4_64,GV,AF4,GSE234116,in_vivo,in_vivo,Yuan2023,Oocyte,11.161706,10.994693
AF4_65,GV,AF4,GSE234116,in_vivo,in_vivo,Yuan2023,Oocyte,11.193562,10.9481125
AF4_66,GV,AF4,GSE234116,in_vivo,in_vivo,Yuan2023,Oocyte,-1.1255035,8.346633
AF4_82,GV,AF4,GSE234116,in_vivo,in_vivo,Yuan2023,Oocyte,-0.41582134,8.082449
AF4_83,GV,AF4,GSE234116,in_vivo,in_vivo,Yuan2023,Oocyte,-0.7188615,7.3024335
AF4_84,GV,AF4,GSE234116,in_vivo,in_vivo,Yuan2023,Oocyte,-0.051957358,7.6250095
AF4_85,GV,AF4,GSE234116,in_vivo,in_vivo,Yuan2023,Oocyte,-1.2269323,9.023476
AF5_11,GV,AF5,GSE234116,in_vivo,in_vivo,Yuan2023,Oocyte,1.1642354,6.307152
AF5_12,GV,AF5,GSE234116,in_vivo,in_vivo,Yuan2023,Oocyte,5.7757397,5.373048
AF5_14,GV,AF5,GSE234116,in_vivo,in_vivo,Yuan2023,Oocyte,4.1576686,5.4456663
AF5_52,GV,AF5,GSE234116,in_vivo,in_vivo,Yuan2023,Oocyte,0.9025482,4.940361
AF5_53,GV,AF5,GSE234116,in_vivo,in_vivo,Yuan2023,Oocyte,0.9939879,4.829391
AF5_54,GV,AF5,GSE234116,in_vivo,in_vivo,Yuan2023,Oocyte,10.705777,10.597525
AF5_82,GV,AF5,GSE234116,in_vivo,in_vivo,Yuan2023,Oocyte,6.357993,5.2126455
AF5_83,GV,AF5,GSE234116,in_vivo,in_vivo,Yuan2023,Oocyte,5.459503,5.3035603
AF5_85,GV,AF5,GSE234116,in_vivo,in_vivo,Yuan2023,Oocyte,5.053514,5.3045425
AF5_86,GV,AF5,GSE234116,in_vivo,in_vivo,Yuan2023,Oocyte,11.238941,10.6334095
