gene,mean_log2_FPKM_IVF,mean_log2_FPKM_PA,log2FC_PA_vs_IVF,rank_biserial_r,pvalue,n_IVF,n_PA,padj,significant
ENSSSCG00000037674,9.548144034768816,7.588895607055046,-1.9592484277137698,-0.3696145124716552,0.0415884552820841,21,21,0.2244664069512958,NS
ENSSSCG00000027294,7.606601069572142,8.168714791041364,0.5621137214692213,0.07029478458049887,0.705923845633216,21,21,0.8691022220107433,NS
ENSSSCG00000018081,13.718893371656103,13.436222156457115,-0.2826712151989881,-0.14739229024943312,0.4208290941795192,21,21,0.6751374148904354,NS
ENSSSCG00000018091,12.832082080996562,12.059049129930683,-0.7730329510658791,-0.3786848072562359,0.03680447117105262,21,21,0.21234539296334817,NS
ENSSSCG00000018069,11.920484082578636,11.490201022176851,-0.4302830604017842,-0.26077097505668934,0.15160731211683598,21,21,0.401864822689913,NS
ENSSSCG00000004489,7.5328711687752,5.660246825851336,-1.8726243429238645,-0.39229024943310664,0.0305109151381691,21,21,0.19671511075924816,NS
ENSSSCG00000038989,9.583150544970922,9.8382343864837,0.2550838415127785,0.1655328798185941,0.36514408957445854,21,21,0.6272800312138134,NS
ENSSSCG00000035520,8.709082692412315,8.530381624710767,-0.1787010677015477,-0.15192743764172345,0.4064599583160081,21,21,0.664517472366019,NS
ENSSSCG00000018076,13.007192511731793,12.180584298902037,-0.8266082128297558,-0.4467120181405895,0.013691289267922114,21,21,0.1343665870929123,NS
ENSSSCG00000018092,11.136422815195768,10.638730552193735,-0.4976922630020333,-0.21541950113378694,0.2370788366276667,21,21,0.49934320517832165,NS
ENSSSCG00000019556,3.1965337534525995,1.3529271737604225,-1.843606579692177,-0.1020408163265305,0.5799101311411211,21,21,0.794449839978317,NS
ENSSSCG00000018094,11.473715253914614,11.049880831134239,-0.4238344227803754,-0.21995464852607705,0.22724906376880494,21,21,0.49084652942506357,NS
ENSSSCG00000034113,5.733809395992734,6.326927482913236,0.5931180869205024,0.1428571428571429,0.43549215491585636,21,21,0.6880757384611778,NS
ENSSSCG00000018075,12.1239749188878,11.644419684407422,-0.47955523448037773,-0.32879818594104315,0.07010784129484465,21,21,0.27842598868122526,NS
ENSSSCG00000018082,11.850580855566353,11.323867790223758,-0.5267130653425944,-0.2517006802721089,0.16649147398308384,21,21,0.41913082991704775,NS
ENSSSCG00000006016,5.135330112888363,5.255557830172798,0.12022771728443438,0.020408163265306145,0.9198497691906573,21,21,0.9725908472022055,NS
ENSSSCG00000018078,11.28456087531776,10.996896368230924,-0.287664507086836,-0.17460317460317465,0.33911360013116165,21,21,0.6008056035381634,NS
ENSSSCG00000006220,8.589725912255577,8.172931593861636,-0.41679431839394177,0.05668934240362811,0.7627520182258121,21,21,0.9015297803289233,NS
ENSSSCG00000018067,9.87809805005385,9.404481758879564,-0.4736162911742863,-0.2290249433106577,0.2084687951379297,21,21,0.46888391299875337,NS
ENSSSCG00000011848,2.606588946096525,2.3326681188259752,-0.2739208272705498,-0.11564625850340127,0.5294187787914176,21,21,0.7578908227272798,NS
ENSSSCG00000040056,9.16181201600981,10.110194952573579,0.9483829365637693,0.6054421768707483,0.0008207116506800389,21,21,0.04179614971550859,NS
ENSSSCG00000029724,3.245973226365597,2.3626094550045638,-0.8833637713610334,-0.17913832199546476,0.32655631642696226,21,21,0.5929529726545689,NS
ENSSSCG00000020404,1.3324866951529042,0.3073679859466268,-1.0251187092062775,-0.1882086167800454,0.09013405411496699,21,21,0.3146040991494828,NS
ENSSSCG00000016128,3.3658745423284646,2.239333978383079,-1.1265405639453858,-0.21995464852607705,0.22724906376880494,21,21,0.49084652942506357,NS
ENSSSCG00000018087,9.567091676743392,8.508242215155287,-1.058849461588105,-0.45578231292517013,0.011883872063715774,21,21,0.12484435276736633,NS
ENSSSCG00000038747,3.303999775494679,4.953205939619478,1.649206164124799,0.31065759637188206,0.08702873441400347,21,21,0.3091496418228523,NS
ENSSSCG00000015091,2.923245407635553,3.4037795111937053,0.4805341035581523,0.1655328798185941,0.36514408957445854,21,21,0.6272800312138134,NS
ENSSSCG00000009019,3.146751425260469,2.2759003998256673,-0.8708510254348019,-0.1201814058956916,0.5130800796227113,21,21,0.7460214807570579,NS
ENSSSCG00000035219,6.224120505379628,6.551303134090925,0.3271826287112969,0.12925170068027214,0.48120815818423346,21,21,0.7223387232262236,NS
ENSSSCG00000006033,6.433278133639645,5.661557972725076,-0.771720160914569,-0.28798185941043086,0.11300913889451222,21,21,0.3499967010457579,NS
ENSSSCG00000016026,5.190555850461223,4.496699643591852,-0.6938562068693708,-0.14739229024943312,0.4208290941795192,21,21,0.6751374148904354,NS
ENSSSCG00000020817,3.032883731167215,3.5655442869075076,0.5326605557402924,0.23809523809523814,0.1908219317119737,21,21,0.44742370252398683,NS
ENSSSCG00000033177,4.009408224950832,4.381557068598471,0.372148843647639,0.12471655328798181,0.4970079892453181,21,21,0.7336937392345346,NS
ENSSSCG00000036655,9.903721038269534,9.134408771509921,-0.7693122667596128,-0.28344671201814053,0.11884122094676833,21,21,0.3593522290120254,NS
ENSSSCG00000016619,7.605204886493725,7.574889473956027,-0.030315412537698094,0.038548752834467126,0.8405062858111236,21,21,0.9396794525202588,NS
ENSSSCG00000000587,2.154524243883194,1.9472928084145207,-0.2072314354686733,0.2698412698412699,0.13775887453894567,21,21,0.3858781529159893,NS
ENSSSCG00000039254,0.8781177200758575,1.7920273308817838,0.9139096108059263,0.11564625850340138,0.430270070350118,21,21,0.6862712584519436,NS
ENSSSCG00000004945,2.572753140742802,1.9766869952551394,-0.5960661454876626,-0.09297052154195007,0.6148835592723955,21,21,0.8157225327032747,NS
ENSSSCG00000016056,5.567100070807754,4.437418119926952,-1.1296819508808023,-0.2108843537414966,0.24720534308664543,21,21,0.5117165520743475,NS
ENSSSCG00000029593,6.657388831676852,6.748520871525635,0.09113203984878293,0.05215419501133789,0.7820003799248392,21,21,0.9109394814543041,NS
ENSSSCG00000039285,5.2425909560217905,4.7577846465799745,-0.484806309441816,-0.08843537414965996,0.632679341784771,21,21,0.8251293316812793,NS
ENSSSCG00000038051,2.788570164022219,2.8159685412627304,0.02739837724051153,0.05442176870748294,0.7660036139521609,21,21,0.9049052508544556,NS
ENSSSCG00000023010,4.814571032100369,4.271535512403277,-0.5430355196970922,-0.2925170068027212,0.10740497958129895,21,21,0.34142639477651104,NS
ENSSSCG00000034278,3.8009557451068305,4.109663520892103,0.30870777578527253,0.08390022675736963,0.6506903704105349,21,21,0.8344026504702031,NS
ENSSSCG00000005367,4.331267353589311,3.610390372013163,-0.720876981576148,-0.20181405895691618,0.2683576760316526,21,21,0.5349996098742043,NS
ENSSSCG00000009594,6.035893875808048,5.739915349403411,-0.29597852640463707,0.015873015873015928,0.9398429773571263,21,21,0.9783494422867809,NS
ENSSSCG00000017555,4.923279298444659,4.3680441549157925,-0.5552351435288667,-0.061224489795918435,0.7436492622639466,21,21,0.8907689783709924,NS
ENSSSCG00000006752,8.38871555114902,9.074845440497183,0.6861298893481642,0.5918367346938775,0.0010745390911688908,21,21,0.045569398075646535,NS
ENSSSCG00000000104,6.065416500263857,6.673031126293368,0.6076146260295108,0.2789115646258503,0.1249066561322159,21,21,0.3688590878463198,NS
ENSSSCG00000014168,4.99856491480082,6.724835145815909,1.7262702310150893,0.4104308390022676,0.023573092816297346,21,21,0.17258422275325483,NS
ENSSSCG00000039472,7.326534710545468,7.321785615585286,-0.004749094960182276,0.2108843537414966,0.24720534308664543,21,21,0.5117165520743475,NS
ENSSSCG00000028485,3.8239181071126285,2.6818972622197568,-1.1420208448928717,-0.28798185941043086,0.11300913889451222,21,21,0.3499967010457579,NS
ENSSSCG00000004826,3.467250546721233,2.79822613259102,-0.6690244141302131,-0.1383219954648527,0.4504456875848739,21,21,0.6984759079638868,NS
ENSSSCG00000007743,5.35590343697784,5.469349059292933,0.11344562231509236,0.10204081632653061,0.5799715449870863,21,21,0.794449839978317,NS
ENSSSCG00000016127,2.202869833484661,1.3646345873862504,-0.8382352460984106,-0.2517006802721089,0.16649147398308384,21,21,0.41913082991704775,NS
ENSSSCG00000007178,3.906732029932751,3.8889937065195297,-0.017738323413221124,0.03401360544217691,0.8601108632068536,21,21,0.9490399532059208,NS
ENSSSCG00000010235,5.767374472981568,5.435313110504754,-0.3320613624768143,0.0113378684807256,0.9598741753513395,21,21,0.9869209896448123,NS
ENSSSCG00000000611,6.0199531441019385,6.873985070432039,0.8540319263301006,0.36961451247165533,0.0415884552820841,21,21,0.2244664069512958,NS
ENSSSCG00000018063,8.761831527203261,8.267687770447203,-0.49414375675605804,-0.22448979591836737,0.2177133653142379,21,21,0.47992085027495884,NS
ENSSSCG00000014855,5.503325391811728,4.569311561397434,-0.934013830414294,-0.18367346938775508,0.3143051330541584,21,21,0.5805420605146814,NS
ENSSSCG00000027121,4.883384186563866,3.387513797061999,-1.4958703895018672,-0.3786848072562359,0.03680447117105262,21,21,0.21234539296334817,NS
ENSSSCG00000006155,6.845186994878288,6.23635438045369,-0.6088326144245979,-0.4965986394557824,0.006107086316679595,21,21,0.0951759899727487,NS
ENSSSCG00000027746,3.0942983304323133,3.076629797442771,-0.017668532989542296,-0.020408163265306145,0.9198497691906573,21,21,0.9725908472022055,NS
ENSSSCG00000018093,6.694291625992054,6.831030586567605,0.1367389605755509,-0.05215419501133778,0.7820003799248392,21,21,0.9109394814543041,NS
ENSSSCG00000005590,3.001682822323656,2.785262645465169,-0.2164201768584868,-0.0022675736961450532,1.0,21,21,1.0,NS
ENSSSCG00000032031,1.0438740799572055,0.15839828042740714,-0.8854757995297984,-0.6145124716553287,0.0005093291090742026,21,21,0.03660372051806287,NS
ENSSSCG00000020715,5.167240562362559,4.8967095598209385,-0.2705310025416203,-0.05668934240362811,0.7627520182258121,21,21,0.9015297803289233,NS
ENSSSCG00000008758,1.4936240169756776,1.1159951085736515,-0.3776289084020261,0.3242630385487528,0.07407822469958929,21,21,0.287638363555999,NS
ENSSSCG00000036350,4.344253108254908,3.652304712272065,-0.6919483959828434,-0.17913832199546476,0.32655631642696226,21,21,0.5929529726545689,NS
ENSSSCG00000035376,2.529434836455886,0.4028779396966804,-2.1265568967592055,-0.5215419501133787,0.0030453359591583466,21,21,0.07135641789976087,NS
ENSSSCG00000000576,3.70275543996233,3.301397247086217,-0.40135819287611296,-0.12925170068027203,0.48120815818423346,21,21,0.7223387232262236,NS
ENSSSCG00000009967,5.231017275593113,3.9443614384088925,-1.2866558371842207,-0.3696145124716552,0.0415884552820841,21,21,0.2244664069512958,NS
ENSSSCG00000039370,3.0894958582468313,2.104943179529421,-0.9845526787174101,-0.2290249433106577,0.2084687951379297,21,21,0.46888391299875337,NS
ENSSSCG00000009144,0.7390935944326686,0.47481035405140515,-0.2642832403812635,0.024943310657596363,0.8779670536783905,21,21,0.9581000128681301,NS
ENSSSCG00000027894,1.5075581641340245,1.8734524817123126,0.36589431757828805,0.2562358276643991,0.15891754968522953,21,21,0.4089176259717459,NS
ENSSSCG00000034122,3.8511779617291344,3.7159577263009576,-0.13522023542817685,0.07029478458049887,0.705923845633216,21,21,0.8691022220107433,NS
ENSSSCG00000015843,2.402230760156231,1.6396168167411584,-0.7626139434150727,-0.2970521541950113,0.101745509733839,21,21,0.3332759242401978,NS
ENSSSCG00000039331,3.803749928793665,4.066010261692011,0.2622603328983457,0.11111111111111116,0.5460180023945915,21,21,0.7703997318854171,NS
ENSSSCG00000000522,3.6147358981121878,2.6345086600449146,-0.9802272380672732,-0.2970521541950113,0.10202324211434627,21,21,0.3332759242401978,NS
ENSSSCG00000018096,8.485160229763302,7.0905365924915085,-1.3946236372717937,-0.3560090702947847,0.04974528689592373,21,21,0.24014966087687317,NS
ENSSSCG00000023873,7.065836674582864,5.80881338368852,-1.2570232908943444,-0.21995464852607705,0.22724906376880494,21,21,0.49084652942506357,NS
ENSSSCG00000031172,3.828876194368812,3.640910952024449,-0.18796524234436296,-0.006802721088435382,0.9799307399921785,21,21,0.9954575561004508,NS
ENSSSCG00000013405,6.773177642576214,6.008574463808067,-0.7646031787681471,-0.35147392290249435,0.05274632203096375,21,21,0.24682112491978944,NS
ENSSSCG00000006062,4.2719048846715335,4.566104698705883,0.29419981403434914,0.1882086167800453,0.30236014932755606,21,21,0.5703026187481536,NS
ENSSSCG00000007362,2.6681878477745222,2.9502418295173762,0.282053981742854,0.13832199546485258,0.4504456875848739,21,21,0.6984759079638868,NS
ENSSSCG00000028423,5.385726411689979,4.993514639714304,-0.392211771975675,-0.0748299319727892,0.6873220903878915,21,21,0.8572780981928975,NS
ENSSSCG00000006846,7.335246346527832,6.377267650597405,-0.9579786959304268,-0.5328798185941044,0.003248158212533892,21,21,0.07135641789976087,NS
ENSSSCG00000016661,4.298764285054328,3.6929890831149135,-0.6057752019394145,-0.24263038548752824,0.18244838844550215,21,21,0.4396192289203178,NS
ENSSSCG00000035684,4.165276319074203,3.31799304200134,-0.8472832770728629,-0.3560090702947847,0.04974528689592373,21,21,0.24014966087687317,NS
ENSSSCG00000006771,4.944081894367801,3.8955885137397623,-1.0484933806280385,-0.24263038548752824,0.18244838844550215,21,21,0.4396192289203178,NS
ENSSSCG00000036592,3.167529766712885,3.294362066656601,0.12683229994371592,0.020408163265306145,0.9198497691906573,21,21,0.9725908472022055,NS
ENSSSCG00000005656,4.0865797365974785,3.996510873995055,-0.09006886260242375,-0.015873015873015817,0.9398429773571263,21,21,0.9783494422867809,NS
ENSSSCG00000016272,4.084581199841673,2.278206435715062,-1.8063747641266108,-0.47845804988662133,0.008257570114301203,21,21,0.10793689964824967,NS
ENSSSCG00000028458,3.5843061225699806,3.356022365645281,-0.2282837569246996,-0.009070294784580435,0.9698988589450174,21,21,0.9946937019528808,NS
ENSSSCG00000025488,4.179036502690325,4.311309433344522,0.13227293065419676,0.10204081632653061,0.5799715449870863,21,21,0.794449839978317,NS
ENSSSCG00000014969,5.040987500005251,4.376061575769337,-0.6649259242359138,-0.24716553287981857,0.17433363250882716,21,21,0.42834123173730454,NS
ENSSSCG00000016719,1.6432222334198092,1.2632252648347788,-0.3799969685850304,-0.09977324263038545,0.586096988878074,21,21,0.8015600764959306,NS
ENSSSCG00000010700,3.0668133442092205,1.5976958769310428,-1.4691174672781777,-0.383219954648526,0.03456443306999665,21,21,0.2067186606092017,NS
ENSSSCG00000015826,2.885285421578649,2.126171085520664,-0.7591143360579848,0.07482993197278909,0.6873220903878915,21,21,0.8572780981928975,NS
ENSSSCG00000011963,4.975880045106608,4.76845172437679,-0.20742832072981798,0.06575963718820865,0.7247030031611088,21,21,0.8813087398839223,NS
ENSSSCG00000016563,4.246608697114525,4.142426971234032,-0.10418172588049313,0.02947845804988658,0.8800274316446192,21,21,0.9581000128681301,NS
ENSSSCG00000003787,3.632075761465385,3.767475661425644,0.13539989996025925,0.10204081632653061,0.5799715449870863,21,21,0.794449839978317,NS
ENSSSCG00000004946,2.866063499370118,1.456431908728381,-1.4096315906417372,-0.4104308390022675,0.023573092816297346,21,21,0.17258422275325483,NS
ENSSSCG00000024316,1.0041784362963593,1.0288357496725655,0.024657313376206247,0.2562358276643991,0.15832620938372877,21,21,0.4089176259717459,NS
ENSSSCG00000031957,3.3956315769634906,3.23261943152025,-0.16301214544324072,-0.05215419501133778,0.7820003799248392,21,21,0.9109394814543041,NS
ENSSSCG00000013837,3.1471307402478987,3.2461103119671773,0.09897957171927851,0.020408163265306145,0.9198497691906573,21,21,0.9725908472022055,NS
ENSSSCG00000000089,2.913801047646265,1.8940934122707573,-1.0197076353755077,-0.28798185941043086,0.11295076462440864,21,21,0.3499967010457579,NS
ENSSSCG00000005039,3.490384862326183,4.128976738079105,0.6385918757529221,0.15192743764172334,0.4064599583160081,21,21,0.664517472366019,NS
ENSSSCG00000002723,1.1109395894759155,0.13698920820531243,-0.9739503812706031,-0.5464852607709751,0.001252170877687805,21,21,0.04853046452507538,NS
ENSSSCG00000022773,1.58025555825261,2.0809051951729063,0.5006496369202962,0.3197278911564626,0.07825502308568134,21,21,0.29484995892048155,NS
ENSSSCG00000040929,3.3897042488752125,2.4864906058040708,-0.9032136430711417,-0.1201814058956916,0.5130800796227113,21,21,0.7460214807570579,NS
ENSSSCG00000002311,5.24542978803746,6.115556423392649,0.8701266353551889,0.3877551020408163,0.032497438559346836,21,21,0.20315497363626772,NS
ENSSSCG00000037129,2.9790286690543675,1.5686615078745338,-1.4103671611798336,-0.3605442176870748,0.04493552926787772,21,21,0.23194712624352232,NS
ENSSSCG00000002020,5.523559126316493,3.293476073921384,-2.2300830523951087,-0.5192743764172336,0.004133963283611035,21,21,0.07727244720864224,NS
ENSSSCG00000021410,3.8714509025326036,2.1010610298402863,-1.7703898726923173,-0.43764172335600904,0.015737324159875152,21,21,0.14112162579966475,NS
ENSSSCG00000032119,2.8953211398873906,2.853224919254054,-0.0420962206333364,0.024943310657596363,0.89990710207531,21,21,0.965040287671819,NS
ENSSSCG00000017744,3.420102966247432,3.3775041272454467,-0.042598839001985134,-0.04308390022675734,0.820889035690062,21,21,0.9318998211511518,NS
ENSSSCG00000006996,1.6857235625377722,1.9239981824371566,0.23827461989938437,0.16099773242630389,0.3779379355681981,21,21,0.6403962425284595,NS
ENSSSCG00000003015,1.193352485299291,0.3813004241783881,-0.8120520611209028,-0.6099773242630386,0.0004027864993775894,21,21,0.03175994696241682,NS
ENSSSCG00000028949,3.6389168353397654,3.3752635336058385,-0.26365330173392687,-0.020408163265306145,0.9198497691906573,21,21,0.9725908472022055,NS
ENSSSCG00000027608,2.8517721076374976,1.609597760240461,-1.2421743473970366,-0.45578231292517013,0.011883872063715774,21,21,0.12484435276736633,NS
ENSSSCG00000028227,1.323062378858756,0.42282593589834444,-0.9002364429604117,-0.3650793650793651,0.04314377744252153,21,21,0.22912113696639982,NS
ENSSSCG00000014915,1.0169987948216765,0.9873844267099463,-0.029614368111730238,-0.006802721088435382,0.9797494660535006,21,21,0.9954575561004508,NS
ENSSSCG00000016076,3.4947549801633446,3.9350289865668744,0.44027400640352976,0.11111111111111116,0.5460180023945915,21,21,0.7703997318854171,NS
ENSSSCG00000013331,1.0011616181758698,0.2115089350324567,-0.7896526831434131,-0.26530612244897966,0.07488903266870715,21,21,0.28959344087222716,NS
ENSSSCG00000032477,7.571025610344525,8.760964633799048,1.1899390234545235,0.7006802721088435,0.00010707045073714953,21,21,0.016693256637655585,Up (PA>IVF)
ENSSSCG00000017207,1.9765691769560245,1.1249871167075878,-0.8515820602484367,-0.15192743764172345,0.40416541355303315,21,21,0.664517472366019,NS
ENSSSCG00000023118,4.280174892684138,2.2311694566399427,-2.049005436044195,-0.5192743764172336,0.004133963283611035,21,21,0.07727244720864224,NS
ENSSSCG00000025912,1.3845918850621193,0.9186623058212773,-0.465929579240842,0.2698412698412699,0.13759936615691196,21,21,0.3858781529159893,NS
ENSSSCG00000005169,2.9872806353582897,2.9286799741403824,-0.0586006612179073,0.08390022675736963,0.6506903704105349,21,21,0.8344026504702031,NS
ENSSSCG00000003895,4.649002604605518,6.441321045281334,1.7923184406758157,0.5374149659863945,0.0029937656086337344,21,21,0.0710630867654928,NS
ENSSSCG00000000554,4.605388416098127,4.887402455974062,0.28201403987593476,0.14739229024943312,0.4208290941795192,21,21,0.6751374148904354,NS
ENSSSCG00000014289,1.3310727809021132,0.7729763455767641,-0.5580964353253491,-0.22448979591836737,0.19190874468480956,21,21,0.44916205681944515,NS
ENSSSCG00000039544,2.0110831201902477,1.0462018508113649,-0.9648812693788829,-0.4285714285714286,0.018047625262461266,21,21,0.14934464330577116,NS
ENSSSCG00000014022,3.65739741199341,2.5174418980001922,-1.1399555139932178,-0.30612244897959173,0.09190475432879934,21,21,0.3146040991494828,NS
ENSSSCG00000010726,6.534320758753867,7.6908164665120085,1.1564957077581415,0.18367346938775508,0.3143051330541584,21,21,0.5805420605146814,NS
ENSSSCG00000039130,2.1172390498165927,1.4242389614763722,-0.6930000883402205,-0.12471655328798192,0.4970079892453181,21,21,0.7336937392345346,NS
ENSSSCG00000028097,5.5806370298963115,6.056152127674968,0.47551509777865686,0.14739229024943312,0.4208290941795192,21,21,0.6751374148904354,NS
ENSSSCG00000006851,2.147441695600741,0.5464940138007909,-1.6009476817999504,-0.4920634920634921,0.0036836964361737557,21,21,0.07543330612582676,NS
ENSSSCG00000030643,3.3823529086413178,2.5810754729094616,-0.8012774357318562,-0.1428571428571428,0.43549215491585636,21,21,0.6880757384611778,NS
ENSSSCG00000004432,4.161773050734318,3.5643477770018834,-0.5974252737324348,-0.17006802721088432,0.3519764902680531,21,21,0.6139228892038759,NS
ENSSSCG00000008089,3.736235883621026,3.9384098854186127,0.20217400179758682,0.14739229024943312,0.4208290941795192,21,21,0.6751374148904354,NS
ENSSSCG00000001531,3.1516740422241223,3.1961545097541593,0.04448046753003698,-0.0045351473922903285,0.9899641696611663,21,21,1.0,NS
ENSSSCG00000006048,2.152178002405404,1.2706568490426486,-0.8815211533627554,-0.2811791383219955,0.1205736677513637,21,21,0.3634162393560435,NS
ENSSSCG00000004847,2.4502174419122347,1.1052900570195991,-1.3449273848926355,-0.3877551020408163,0.032469331858490574,21,21,0.20315497363626772,NS
ENSSSCG00000026517,5.712290397643276,4.436792874764216,-1.2754975228790597,-0.26530612244897966,0.14455604430349378,21,21,0.3939827031871146,NS
ENSSSCG00000006177,5.393574001469879,5.716080858004731,0.32250685653485167,0.28344671201814053,0.11884122094676833,21,21,0.3593522290120254,NS
ENSSSCG00000033084,3.8072627842898084,2.2944615900237544,-1.512801194266054,-0.217687074829932,0.22666714685984002,21,21,0.49084652942506357,NS
ENSSSCG00000037030,4.250944459523663,2.6090001259989473,-1.641944333524716,-0.43764172335600904,0.015737324159875152,21,21,0.14112162579966475,NS
ENSSSCG00000005173,1.2820325636682885,0.49186904196797393,-0.7901635217003147,-0.46485260770975056,0.009198578068677875,21,21,0.11398115809122336,NS
ENSSSCG00000000579,6.253486928142011,6.164676824048056,-0.08881010409395529,-0.08843537414965996,0.632679341784771,21,21,0.8251293316812793,NS
ENSSSCG00000037660,2.8001408012404343,1.3451084605521784,-1.455032340688256,-0.3650793650793651,0.043999884827364354,21,21,0.229906559887904,NS
ENSSSCG00000011917,5.620555749102633,5.920194572516448,0.2996388234138152,-0.0022675736961450532,1.0,21,21,1.0,NS
ENSSSCG00000011272,3.3877963595160887,2.464364214829696,-0.9234321446863927,-0.24263038548752824,0.18244838844550215,21,21,0.4396192289203178,NS
ENSSSCG00000025486,2.4751600830960507,1.343568534459359,-1.1315915486366916,-0.38548752834467126,0.033524400144911315,21,21,0.2067186606092017,NS
ENSSSCG00000037263,3.5418691584894537,2.691887531254307,-0.8499816272351466,-0.28798185941043086,0.11300913889451222,21,21,0.3499967010457579,NS
ENSSSCG00000028585,6.583925377156815,5.302619219070944,-1.2813061580858713,-0.3197278911564625,0.07825502308568134,21,21,0.29484995892048155,NS
ENSSSCG00000013119,5.9613996080122735,6.6543416597107194,0.6929420516984459,0.32879818594104304,0.07010784129484465,21,21,0.27842598868122526,NS
ENSSSCG00000000164,2.3075991340832327,1.187838870153953,-1.1197602639292796,-0.4920634920634921,0.0065474841871308535,21,21,0.09765862760280812,NS
ENSSSCG00000016932,2.3131535164804284,1.3407426614331401,-0.9724108550472883,-0.3265306122448979,0.07196102711742085,21,21,0.2838715618318039,NS
ENSSSCG00000001756,4.21265060585642,2.62943477525292,-1.5832158306035002,-0.4467120181405895,0.013691289267922114,21,21,0.1343665870929123,NS
ENSSSCG00000001968,0.8221334779557419,0.34323720576554895,-0.47889627219019293,-0.26984126984126977,0.10453424695575138,21,21,0.33873638834031855,NS
ENSSSCG00000035883,3.2809860323829634,2.7906357254405125,-0.49035030694245085,-0.08616780045351469,0.6416449986927135,21,21,0.8328637069123963,NS
ENSSSCG00000006750,2.2784580555320475,1.0900566878407207,-1.1884013676913268,-0.4512471655328798,0.012686921458499048,21,21,0.1298645175359153,NS
ENSSSCG00000005343,7.847275253314196,6.858406572739725,-0.9888686805744706,-0.4512471655328798,0.012759283501342113,21,21,0.1298645175359153,NS
ENSSSCG00000008508,3.189901908932029,2.8554059650809074,-0.3344959438511217,-0.020408163265306145,0.9198497691906573,21,21,0.9725908472022055,NS
ENSSSCG00000006065,2.9190600126683073,1.6052054321744125,-1.3138545804938948,-0.3650793650793651,0.044162965053407305,21,21,0.229906559887904,NS
ENSSSCG00000022225,3.5748035604969965,4.062604132563495,0.4878005720664982,0.14739229024943312,0.4208290941795192,21,21,0.6751374148904354,NS
ENSSSCG00000013176,1.2904875671250586,1.4387319430901195,0.1482443759650609,0.07709750566893425,0.6770517994604099,21,21,0.8528236505286315,NS
ENSSSCG00000005611,2.062354475225531,1.134868631991994,-0.9274858432335369,-0.2993197278911566,0.09893425097898859,21,21,0.32882217137396397,NS
ENSSSCG00000034651,0.8875243369848634,0.7493823726603541,-0.13814196432450931,0.2335600907029478,0.19548127402108662,21,21,0.45550324041598306,NS
ENSSSCG00000037236,3.6714462944735313,2.5394506533964836,-1.1319956410770478,-0.21541950113378694,0.2370788366276667,21,21,0.49934320517832165,NS
ENSSSCG00000029830,2.53632268282699,2.467257773465245,-0.06906490936174459,0.10204081632653061,0.5799715449870863,21,21,0.794449839978317,NS
ENSSSCG00000037662,5.243160338177681,3.68098407361199,-1.5621762645656911,-0.18140589569161003,0.31970524682738855,21,21,0.5878257821591759,NS
ENSSSCG00000016737,3.5504514524048094,4.937446919560109,1.3869954671553,0.3786848072562359,0.03680447117105262,21,21,0.21234539296334817,NS
ENSSSCG00000010874,1.7414353977916046,0.22675899006755165,-1.5146764077240529,-0.655328798185941,0.00022327815810674508,21,21,0.024074010215029255,Down (PA<IVF)
ENSSSCG00000014016,1.739238677856351,0.72089012876924,-1.018348549087111,-0.4580498866213152,0.011433041851371504,21,21,0.1238268307613523,NS
ENSSSCG00000002252,1.095580593783099,0.49551236355462563,-0.6000682302284732,-0.4285714285714286,0.015975528729754652,21,21,0.1423274377741778,NS
ENSSSCG00000035101,2.8309994938962944,2.0157708935554512,-0.8152286003408431,-0.17460317460317465,0.33911360013116165,21,21,0.6008056035381634,NS
ENSSSCG00000005347,6.281315783682813,6.324930564963071,0.043614781280258086,0.17460317460317465,0.33911360013116165,21,21,0.6008056035381634,NS
ENSSSCG00000014217,7.047530279872829,6.729529447676509,-0.31800083219632036,-0.015873015873015817,0.9398429773571263,21,21,0.9783494422867809,NS
ENSSSCG00000038422,2.681586972741188,0.9125189737881956,-1.7690679989529923,-0.5986394557823129,0.0007497732090145614,21,21,0.04179614971550859,Down (PA<IVF)
ENSSSCG00000004608,1.2395066614618575,0.14284755100003912,-1.0966591104618184,-0.4399092970521541,0.011444054038294075,21,21,0.1238268307613523,NS
ENSSSCG00000007479,5.638024153153852,5.390836236697028,-0.2471879164568236,0.04308390022675734,0.820889035690062,21,21,0.9318998211511518,NS
ENSSSCG00000030642,8.466434049095787,9.389049892825458,0.9226158437296714,0.2290249433106576,0.2084687951379297,21,21,0.46888391299875337,NS
ENSSSCG00000020870,2.5041660616563357,1.9962339978759551,-0.5079320637803806,-0.17460317460317465,0.33911360013116165,21,21,0.6008056035381634,NS
ENSSSCG00000015988,4.805748604265202,3.7624604976835863,-1.0432881065816155,-0.26530612244897966,0.14455604430349378,21,21,0.3939827031871146,NS
ENSSSCG00000022806,4.082187022030526,5.072192994639323,0.9900059726087971,0.2970521541950113,0.10202324211434627,21,21,0.3332759242401978,NS
ENSSSCG00000004806,5.934804918483424,4.27776825543353,-1.6570366630498938,-0.48752834467120176,0.007109649063322586,21,21,0.09940098455645346,NS
ENSSSCG00000000107,3.494406886891904,3.93048906868749,0.436082181795586,0.17460317460317465,0.33911360013116165,21,21,0.6008056035381634,NS
ENSSSCG00000013460,5.518311253779084,5.3006483847172845,-0.2176628690617992,0.0022675736961451642,1.0,21,21,1.0,NS
ENSSSCG00000030435,0.9114972358582601,0.2715094028727164,-0.6399878329855437,-0.3310657596371882,0.04318566036407507,21,21,0.22912113696639982,NS
ENSSSCG00000014182,2.208684437737531,1.6758672567681883,-0.5328171809693427,-0.22675736961451243,0.2128694316029247,21,21,0.4769677932169917,NS
ENSSSCG00000023562,3.5179763371150736,2.2951942045923857,-1.222782132522688,-0.31065759637188206,0.08690070020532059,21,21,0.3091496418228523,NS
ENSSSCG00000027907,1.523325268559995,1.6574066631519502,0.13408139459195523,0.05668934240362811,0.7625653231967121,21,21,0.9015297803289233,NS
ENSSSCG00000014177,5.088885703824615,4.717929866747156,-0.37095583707745927,-0.09297052154195007,0.6148835592723955,21,21,0.8157225327032747,NS
ENSSSCG00000023654,4.977049804798773,3.252761488135575,-1.7242883166631975,-0.4058956916099774,0.025164969815949612,21,21,0.1780582660160118,NS
ENSSSCG00000022864,0.9319711093230342,1.1012299434971629,0.16925883417412868,0.015873015873015928,0.938937445883249,21,21,0.9783494422867809,NS
ENSSSCG00000013155,5.347146437104507,5.388946546352492,0.04180010924798516,0.30612244897959184,0.09190475432879934,21,21,0.3146040991494828,NS
ENSSSCG00000016036,4.458638471488308,2.5905543562864515,-1.8680841152018561,-0.6099773242630386,0.0007493143016450056,21,21,0.04179614971550859,Down (PA<IVF)
ENSSSCG00000009137,2.1125515887943793,2.4551435948163496,0.34259200602197026,-0.020408163265306145,0.919736255541831,21,21,0.9725908472022055,NS
ENSSSCG00000036898,1.5228868630865497,0.6678724116962298,-0.85501445139032,-0.3605442176870748,0.046389955920326756,21,21,0.2350491979746632,NS
ENSSSCG00000009043,3.020209714646304,2.221447890125421,-0.798761824520883,-0.2743764172335601,0.13121079099148933,21,21,0.37835478192585825,NS
ENSSSCG00000040439,3.8189105519743984,2.0143616338863386,-1.8045489180880598,-0.5419501133786848,0.002757676109564886,21,21,0.0678052262065058,NS
ENSSSCG00000027869,3.50357565377164,3.0946831468144373,-0.4088925069572027,-0.1201814058956916,0.5130800796227113,21,21,0.7460214807570579,NS
ENSSSCG00000005269,1.9360459896040965,1.7377748123890386,-0.19827117721505783,-0.1020408163265305,0.5799101311411211,21,21,0.794449839978317,NS
ENSSSCG00000032198,4.109694173726974,5.128183763158082,1.0184895894311081,0.4013605442176871,0.026849069410328923,21,21,0.18455372360206054,NS
ENSSSCG00000023245,1.6076317247903298,0.8796701726484416,-0.7279615521418882,-0.383219954648526,0.03459373504072355,21,21,0.2067186606092017,NS
ENSSSCG00000035007,2.175165286645733,1.687429213056004,-0.48773607358972915,-0.08843537414965996,0.632679341784771,21,21,0.8251293316812793,NS
ENSSSCG00000006824,6.578805728418553,7.766831029918326,1.1880253014997733,0.7006802721088435,0.00010707045073714953,21,21,0.016693256637655585,Up (PA>IVF)
ENSSSCG00000033669,4.268933837256372,3.7308993782812467,-0.5380344589751256,-0.12471655328798192,0.4970079892453181,21,21,0.7336937392345346,NS
ENSSSCG00000009405,1.4070010872396073,1.5232983006643246,0.11629721342471733,-0.0453514739229024,0.8098703292370927,21,21,0.9302931109454882,NS
ENSSSCG00000033823,1.4520722442104528,0.6331765100899441,-0.8188957341205086,-0.31065759637188206,0.0871055531650067,21,21,0.3091496418228523,NS
ENSSSCG00000008579,3.7646381856911457,2.8031032309211175,-0.9615349547700283,-0.21541950113378694,0.2370788366276667,21,21,0.49934320517832165,NS
ENSSSCG00000005268,5.9041079085648285,5.064015562097923,-0.8400923464669052,-0.3560090702947847,0.04974528689592373,21,21,0.24014966087687317,NS
ENSSSCG00000000288,4.589175183116898,3.4640306359229385,-1.1251445471939592,-0.3151927437641724,0.08260874319203763,21,21,0.3023991346304046,NS
ENSSSCG00000038534,2.80500769947382,2.0626702768956027,-0.7423374225782173,-0.23809523809523814,0.1908399057704352,21,21,0.44742370252398683,NS
ENSSSCG00000015842,5.269241981044637,3.257176937936067,-2.01206504310857,-0.473922902494331,0.008891524663685195,21,21,0.1127333823513184,NS
ENSSSCG00000004446,1.751762865019219,1.2365061907990684,-0.5152566742201505,-0.23129251700680276,0.20377138345719392,21,21,0.4650271758204758,NS
ENSSSCG00000009310,4.655151199277465,3.516149351959,-1.1390018473184647,-0.256235827664399,0.15891754968522953,21,21,0.4089176259717459,NS
ENSSSCG00000036005,3.651122634058325,2.6779825918334956,-0.9731400422248293,-0.2743764172335601,0.13121079099148933,21,21,0.37835478192585825,NS
ENSSSCG00000004542,3.42450338175828,2.3013808147144528,-1.1231225670438274,-0.26077097505668934,0.15160731211683598,21,21,0.401864822689913,NS
ENSSSCG00000006063,2.8661192471107118,1.7635116519343075,-1.1026075951764043,-0.23809523809523814,0.1908399057704352,21,21,0.44742370252398683,NS
ENSSSCG00000015755,2.4882069230600052,1.3136603513880696,-1.1745465716719357,-0.3492063492063493,0.05420505728555355,21,21,0.25030208507867513,NS
ENSSSCG00000011739,1.2840255829544365,1.5690148541029199,0.2849892711484834,0.15192743764172334,0.40485649636469323,21,21,0.664517472366019,NS
ENSSSCG00000016177,1.608206672429756,1.3077837695321577,-0.3004229028975982,0.061224489795918324,0.7436392405319272,21,21,0.8907689783709924,NS
ENSSSCG00000021977,4.054289570533763,5.153417028805636,1.099127458271873,0.39682539682539686,0.028629607311712907,21,21,0.18957442679377465,NS
ENSSSCG00000016836,3.220542827173622,4.2725084651777205,1.0519656380040985,0.3832199546485261,0.03459373504072355,21,21,0.2067186606092017,NS
ENSSSCG00000021464,1.9850487378796833,0.8069765309806323,-1.178072206899051,-0.49433106575963714,0.006167617120093217,21,21,0.09572365032542866,NS
ENSSSCG00000005466,6.20573359490849,5.4635322801941095,-0.7422013147143804,-0.32879818594104315,0.07010784129484465,21,21,0.27842598868122526,NS
ENSSSCG00000031121,3.203472504254143,3.0936142427008004,-0.10985826155334255,0.03401360544217691,0.8602230946114309,21,21,0.9490399532059208,NS
ENSSSCG00000001056,5.217615975124511,4.193356763238182,-1.0242592118863296,-0.31065759637188206,0.08715676491040764,21,21,0.3091496418228523,NS
ENSSSCG00000018061,5.7277492371685925,4.857844734038084,-0.8699045031305088,-0.3650793650793651,0.04417155188516873,21,21,0.229906559887904,NS
ENSSSCG00000035048,2.997304530155602,0.8615773761149651,-2.135727154040637,-0.5736961451247165,0.0014888953195916366,21,21,0.0505977886445505,NS
ENSSSCG00000031680,6.568561900470436,7.815875010614465,1.2473131101440291,0.6643990929705215,0.00023996541945368692,21,21,0.0242082761390043,Up (PA>IVF)
ENSSSCG00000004414,5.496308619420016,5.108756612090822,-0.3875520073291936,-0.17460317460317465,0.33911360013116165,21,21,0.6008056035381634,NS
ENSSSCG00000040570,2.059854937616359,2.80522785575205,0.7453729181356912,0.30612244897959184,0.09190475432879934,21,21,0.3146040991494828,NS
ENSSSCG00000015480,3.397292931111003,2.1887392151918195,-1.2085537159191837,-0.383219954648526,0.03459373504072355,21,21,0.2067186606092017,NS
ENSSSCG00000027516,1.5979011685772524,1.4057469989976314,-0.19215416957962095,-0.0793650793650793,0.6686551023213888,21,21,0.8447545916162275,NS
ENSSSCG00000016954,5.432522879304909,6.166927932293096,0.7344050529881869,0.28344671201814053,0.11884122094676833,21,21,0.3593522290120254,NS
ENSSSCG00000016438,4.221860132151798,3.6282465270316417,-0.5936136051201566,-0.19727891156462585,0.2793872631916571,21,21,0.5446243796584893,NS
ENSSSCG00000015504,2.5667641649558988,1.5361062235428171,-1.0306579414130816,-0.32879818594104315,0.06947217914169974,21,21,0.27842598868122526,NS
ENSSSCG00000011624,1.506153420658029,0.5724089296599015,-0.9337444909981274,-0.21541950113378694,0.23688877701816125,21,21,0.49934320517832165,NS
ENSSSCG00000021784,1.0227912054196635,0.21270321722652613,-0.8100879881931373,-0.4512471655328798,0.011742580433798838,21,21,0.12484435276736633,NS
ENSSSCG00000015604,2.0955305679124927,0.4173087742227035,-1.6782217936897892,-0.6054421768707483,0.0007356401695367502,21,21,0.04179614971550859,Down (PA<IVF)
ENSSSCG00000014829,1.6474710839872202,0.29607709073034816,-1.3513939932568722,-0.6054421768707483,0.0003485137409726612,21,21,0.029624299139231175,Down (PA<IVF)
ENSSSCG00000032806,1.6508902595113182,1.495724340277181,-0.15516591923413725,0.0113378684807256,0.9598579220732558,21,21,0.9869209896448123,NS
ENSSSCG00000006120,1.3156159244645966,1.1901742913372277,-0.1254416331273689,0.07029478458049887,0.7052856280004758,21,21,0.8691022220107433,NS
ENSSSCG00000037275,1.300474110800181,0.724969053228524,-0.5755050575716569,-0.20408163265306123,0.26293721152130023,21,21,0.5318867228474966,NS
ENSSSCG00000017878,5.61222590969014,3.4222836215740773,-2.1899422881160624,-0.564625850340136,0.0018127403380486893,21,21,0.05502388813723013,NS
ENSSSCG00000032223,2.8046876687086177,2.963187457891447,0.15849978918282925,0.07029478458049887,0.705923845633216,21,21,0.8691022220107433,NS
ENSSSCG00000010198,1.6332885591112973,0.8403073974603897,-0.7929811616509076,-0.3492063492063493,0.05396108442014153,21,21,0.25011691832579114,NS
ENSSSCG00000004383,0.6359517582045566,1.1891498023637495,0.5531980441591928,0.6054421768707483,0.0006833498245377764,21,21,0.0411432311026537,NS
ENSSSCG00000040954,3.6175838938891243,2.33407157539014,-1.283512318498984,-0.2993197278911566,0.09940034070235092,21,21,0.3295729034403709,NS
ENSSSCG00000036643,3.6622936300257334,3.1757305020168465,-0.4865631280088869,-0.16099773242630389,0.37861508946133926,21,21,0.6403962425284595,NS
ENSSSCG00000025192,1.4050224230324293,1.1505799850239522,-0.2544424380084771,0.11111111111111116,0.5451044218068971,21,21,0.7703997318854171,NS
ENSSSCG00000004958,5.382995319777739,4.65369216074009,-0.7293031590376486,-0.26077097505668934,0.15160731211683598,21,21,0.401864822689913,NS
ENSSSCG00000030225,1.9458039221427914,1.6156470025211935,-0.3301569196215979,-0.12698412698412698,0.48905610031549984,21,21,0.730602101081082,NS
ENSSSCG00000017732,4.218044022021501,3.8903051763550627,-0.3277388456664383,-0.12925170068027203,0.48120815818423346,21,21,0.7223387232262236,NS
ENSSSCG00000015227,1.2619372933240995,0.80827806280313,-0.45365923052096957,-0.26984126984126977,0.13775887453894567,21,21,0.3858781529159893,NS
ENSSSCG00000011952,2.073180014234976,1.6302159446211466,-0.4429640696138295,-0.2857142857142858,0.11537929361741532,21,21,0.35552220206625207,NS
ENSSSCG00000007179,6.1856930144951665,6.261842641660252,0.07614962716508522,0.2517006802721088,0.16649147398308384,21,21,0.41913082991704775,NS
ENSSSCG00000004164,3.350095193029126,2.884031135520508,-0.4660640575086181,-0.12471655328798192,0.4970079892453181,21,21,0.7336937392345346,NS
ENSSSCG00000004105,1.2262172983493822,1.0576451569017846,-0.16857214144759758,0.09297052154195007,0.6148262244869211,21,21,0.8157225327032747,NS
ENSSSCG00000015955,3.147790327148066,2.1230876930985336,-1.0247026340495324,-0.31065759637188206,0.08715676491040764,21,21,0.3091496418228523,NS
ENSSSCG00000037181,3.534158196278913,2.074964469621997,-1.459193726656916,-0.37414965986394555,0.03475275515718157,21,21,0.2071276284780761,NS
ENSSSCG00000017957,2.7677791594008005,1.9511827781140467,-0.8165963812867538,-0.256235827664399,0.15891754968522953,21,21,0.4089176259717459,NS
ENSSSCG00000016985,0.7440979531828628,0.2822904171088655,-0.46180753607399727,-0.1201814058956916,0.4683914669450894,21,21,0.7141954797162288,NS
ENSSSCG00000024983,1.6158776454711667,1.3309184445324105,-0.28495920093875626,0.10204081632653061,0.5799561940392505,21,21,0.794449839978317,NS
ENSSSCG00000012131,5.200434852985693,5.231759927895903,0.031325074910209416,0.16099773242630389,0.37861508946133926,21,21,0.6403962425284595,NS
ENSSSCG00000006100,4.126136120076864,2.943081352768126,-1.1830547673087377,-0.3560090702947847,0.04974528689592373,21,21,0.24014966087687317,NS
ENSSSCG00000001075,5.946118100091178,4.733474733054048,-1.2126433670371304,-0.3015873015873016,0.09685836811015376,21,21,0.3231631520724199,NS
ENSSSCG00000006636,2.1986079882047083,1.251212876462868,-0.9473951117418402,-0.15192743764172345,0.40644094367684236,21,21,0.664517472366019,NS
ENSSSCG00000011563,1.9256671500251568,1.2481524610694406,-0.6775146889557162,-0.256235827664399,0.15891754968522953,21,21,0.4089176259717459,NS
ENSSSCG00000025953,2.8219560673221036,1.7513075877367772,-1.0706484795853264,-0.3537414965986394,0.05121798598298106,21,21,0.24467645114432454,NS
ENSSSCG00000036488,3.884513113670111,4.453684361113005,0.569171247442894,0.14739229024943312,0.4208290941795192,21,21,0.6751374148904354,NS
ENSSSCG00000040060,1.312629034585158,0.5875691032897009,-0.725059931295457,-0.4104308390022675,0.022899641491945056,21,21,0.1714973151034313,NS
ENSSSCG00000000925,1.2127477841840242,0.9703630457219302,-0.24238473846209396,-0.17913832199546476,0.3233001402192066,21,21,0.5920552487730265,NS
ENSSSCG00000031844,5.958965124669351,4.047787919353273,-1.9111772053160783,-0.35147392290249435,0.05274632203096375,21,21,0.24682112491978944,NS
ENSSSCG00000029174,2.334187012806082,1.8997496008686576,-0.43443741193742436,-0.038548752834467015,0.8403786291520768,21,21,0.9396794525202588,NS
ENSSSCG00000000551,1.6636930981350209,0.33227653763738424,-1.3314165604976367,-0.5419501133786848,0.0023761574900164075,21,21,0.06392329561377473,NS
ENSSSCG00000005729,0.8927666458754336,0.1734066599358099,-0.7193599859396238,-0.3650793650793651,0.03942395551825715,21,21,0.21978076827621298,NS
ENSSSCG00000003645,4.563125938764061,3.790229666823994,-0.7728962719400667,-0.0022675736961450532,1.0,21,21,1.0,NS
ENSSSCG00000017068,2.965052361786981,3.850992270763678,0.885939908976697,0.3151927437641724,0.08260874319203763,21,21,0.3023991346304046,NS
ENSSSCG00000026552,3.738636827873443,3.856957915736326,0.11832108786288265,0.04761904761904767,0.8013831883084928,21,21,0.9213153463710844,NS
ENSSSCG00000001400,2.6837551947482217,0.7139274959126195,-1.9698276988356023,-0.6598639455782314,0.0002645673234994254,21,21,0.024921052408244767,Down (PA<IVF)
ENSSSCG00000015569,3.5390469025641833,3.075637443092476,-0.4634094594717073,-0.1020408163265305,0.5799715449870863,21,21,0.794449839978317,NS
ENSSSCG00000005012,4.720973916210691,4.799899381252845,0.07892546504215403,0.006802721088435382,0.9799307399921785,21,21,0.9954575561004508,NS
ENSSSCG00000009061,3.20825519065194,2.4939908889374585,-0.7142643017144814,-0.20634920634920628,0.25763094153482324,21,21,0.523503631199315,NS
ENSSSCG00000021803,0.9343278087762272,1.0117531644548365,0.07742535567860931,0.07029478458049887,0.7049649584872852,21,21,0.8691022220107433,NS
ENSSSCG00000037187,2.3902460691252245,2.6883103145078855,0.29806424538266096,0.024943310657596363,0.8992347852071954,21,21,0.965040287671819,NS
ENSSSCG00000014020,3.143768331051557,1.9761133996218299,-1.167654931429727,-0.383219954648526,0.03459373504072355,21,21,0.2067186606092017,NS
ENSSSCG00000014343,5.07696338598151,4.193922665719281,-0.8830407202622288,-0.39682539682539675,0.028629607311712907,21,21,0.18957442679377465,NS
ENSSSCG00000013074,0.856063737538715,0.9796902281814507,0.12362649064273568,0.07482993197278909,0.6846484838072756,21,21,0.8572780981928975,NS
ENSSSCG00000009746,3.2729387604599545,2.668834372946816,-0.6041043875131384,-0.12471655328798192,0.4970079892453181,21,21,0.7336937392345346,NS
ENSSSCG00000010576,2.4774491967284464,2.34579320185861,-0.1316559948698366,-0.05215419501133778,0.7820003799248392,21,21,0.9109394814543041,NS
ENSSSCG00000024748,4.530574528491992,1.9346976700954703,-2.5958768583965215,-0.6643990929705215,0.00023996541945368692,21,21,0.0242082761390043,Down (PA<IVF)
ENSSSCG00000004077,4.320577651466048,3.3650496457517756,-0.9555280057142728,-0.3378684807256236,0.06267010552721387,21,21,0.26545427392262594,NS
ENSSSCG00000008659,2.0043695632950844,1.9403952150134594,-0.06397434828162507,0.0,1.0,21,21,1.0,NS
ENSSSCG00000008540,4.646904404244319,3.063292730125653,-1.583611674118666,-0.48752834467120176,0.007109649063322586,21,21,0.09940098455645346,NS
ENSSSCG00000010679,1.8977054246574099,0.9319096361980372,-0.9657957884593726,-0.3605442176870748,0.046710501881722384,21,21,0.2350491979746632,NS
ENSSSCG00000032111,3.1419257194103074,2.0642952543730275,-1.0776304650372799,-0.2743764172335601,0.13121079099148933,21,21,0.37835478192585825,NS
ENSSSCG00000011684,3.4173197310404384,3.158952851655671,-0.2583668793847673,-0.06575963718820854,0.7247030031611088,21,21,0.8813087398839223,NS
ENSSSCG00000007907,3.8926758363123133,3.8770896282621456,-0.015586208050167638,0.024943310657596363,0.89990710207531,21,21,0.965040287671819,NS
ENSSSCG00000000453,2.6193227224632523,2.0301625778066916,-0.5891601446565606,-0.1315192743764173,0.4733940615873917,21,21,0.7187877960357475,NS
ENSSSCG00000007026,1.7107833218921928,0.5538965525507102,-1.1568867693414826,-0.3696145124716552,0.03860746332059302,21,21,0.21879553233212654,NS
ENSSSCG00000039301,3.4012714729312075,3.106405025502523,-0.2948664474286846,0.0022675736961451642,1.0,21,21,1.0,NS
ENSSSCG00000022559,5.024138385746042,3.871638797938707,-1.152499587807335,-0.383219954648526,0.03459373504072355,21,21,0.2067186606092017,NS
ENSSSCG00000030053,3.4116969342192403,2.316395907490773,-1.095301026728467,-0.3378684807256236,0.06267010552721387,21,21,0.26545427392262594,NS
ENSSSCG00000005346,1.6157688722476744,0.4399060485953368,-1.1758628236523376,-0.4693877551020409,0.00893713425414277,21,21,0.1127333823513184,NS
ENSSSCG00000035619,4.37365426522144,5.459812478198083,1.0861582129766436,0.39682539682539686,0.028629607311712907,21,21,0.18957442679377465,NS
ENSSSCG00000031432,7.333323086971789,7.441628423892068,0.10830533692027888,0.12471655328798181,0.4970079892453181,21,21,0.7336937392345346,NS
ENSSSCG00000025966,4.944017093789613,3.2671918095609236,-1.6768252842286895,-0.39682539682539675,0.028629607311712907,21,21,0.18957442679377465,NS
ENSSSCG00000008493,3.5289645128953526,2.669586746505759,-0.8593777663895938,-0.23809523809523814,0.1908399057704352,21,21,0.44742370252398683,NS
ENSSSCG00000008374,1.991339451320032,0.7507021168165099,-1.2406373345035222,-0.3197278911564625,0.07757877498576546,21,21,0.29484995892048155,NS
ENSSSCG00000032028,1.860022464882568,2.495951629518779,0.6359291646362111,0.10657596371882083,0.5628712368271559,21,21,0.7833833809361512,NS
ENSSSCG00000010341,0.9101582070709553,0.5767608636220218,-0.33339734344893346,-0.2517006802721089,0.15222736116576577,21,21,0.4031967944390553,NS
ENSSSCG00000017066,1.970259326522556,1.5739255339741307,-0.3963337925484254,-0.1882086167800454,0.30236014932755606,21,21,0.5703026187481536,NS
ENSSSCG00000006014,3.995493554351941,2.33314511329235,-1.6623484410595908,-0.43310657596371893,0.01685776486063875,21,21,0.1460154885656336,NS
ENSSSCG00000039918,1.7768847475150997,1.0218491666007257,-0.7550355809143741,-0.39002267573696137,0.031250193641552355,21,21,0.20035170876733568,NS
ENSSSCG00000027902,3.0112204762311543,2.361613832675616,-0.6496066435555381,-0.2335600907029478,0.19951213436010184,21,21,0.4574984559108449,NS
ENSSSCG00000038752,2.808704126335827,4.040816041513393,1.2321119151775664,0.31065759637188206,0.08715676491040764,21,21,0.3091496418228523,NS
ENSSSCG00000030493,3.0816818455443618,3.3450960376547583,0.2634141921103965,0.1201814058956916,0.5130800796227113,21,21,0.7460214807570579,NS
ENSSSCG00000010391,1.1593521158454747,0.6525111443967605,-0.5068409714487142,-0.027210884353741527,0.8892203053832842,21,21,0.965040287671819,NS
ENSSSCG00000028420,4.421458695753714,3.932790044237411,-0.4886686515163028,0.02947845804988658,0.8800274316446192,21,21,0.9581000128681301,NS
ENSSSCG00000010457,5.895620888990944,5.966100213461859,0.07047932447091476,0.12925170068027214,0.48120815818423346,21,21,0.7223387232262236,NS
ENSSSCG00000027224,5.439410115925979,3.7653524187628884,-1.6740576971630903,-0.4104308390022675,0.023573092816297346,21,21,0.17258422275325483,NS
ENSSSCG00000033634,2.399782853936043,2.5411063645906564,0.14132351065461357,0.09297052154195007,0.6148835592723955,21,21,0.8157225327032747,NS
ENSSSCG00000004224,0.7508158392348773,0.5687079948834053,-0.18210784435147198,0.06575963718820865,0.7001041466273333,21,21,0.8686407028148864,NS
ENSSSCG00000022300,3.9630720457919413,2.5348754698685436,-1.4281965759233977,-0.39682539682539675,0.028629607311712907,21,21,0.18957442679377465,NS
ENSSSCG00000026922,2.511485961139181,3.276455215251402,0.7649692541122208,0.3151927437641724,0.08255898310938571,21,21,0.3023991346304046,NS
ENSSSCG00000008433,5.8105725298401785,5.6733069273918835,-0.137265602448295,-0.24716553287981857,0.17433363250882716,21,21,0.42834123173730454,NS
ENSSSCG00000013928,3.2557793044158965,3.068214457505872,-0.1875648469100244,0.0022675736961451642,1.0,21,21,1.0,NS
ENSSSCG00000027293,7.359225877699606,8.594935461502677,1.2357095838030716,0.6054421768707483,0.0008207116506800389,21,21,0.04179614971550859,Up (PA>IVF)
ENSSSCG00000028924,1.8143049872568966,1.6904063817846045,-0.12389860547229214,-0.1541950113378685,0.39621077912539526,21,21,0.6587508349006814,NS
ENSSSCG00000011803,4.199351146886133,2.2978142709497016,-1.901536875936431,-0.47845804988662133,0.008257570114301203,21,21,0.10793689964824967,NS
ENSSSCG00000023984,5.182237310548974,3.250597391242673,-1.931639919306301,-0.5736961451247165,0.0015263670152105711,21,21,0.0505977886445505,NS
ENSSSCG00000004947,0.7064162491602877,0.228123126356706,-0.47829312280358166,-0.28798185941043086,0.07445290156158205,21,21,0.2882318875352443,NS
ENSSSCG00000033019,1.6633519917075883,0.7747149657974691,-0.8886370259101192,-0.3151927437641724,0.08217334684656936,21,21,0.3023991346304046,NS
ENSSSCG00000011261,3.993053848883042,3.1075052105154244,-0.8855486383676174,-0.3696145124716552,0.0415884552820841,21,21,0.2244664069512958,NS
ENSSSCG00000005602,1.0998734509275438,0.9252453547450482,-0.17462809618249564,-0.08616780045351469,0.6416449986927135,21,21,0.8328637069123963,NS
ENSSSCG00000022955,2.026836243372241,2.199623102298706,0.17278685892646495,0.13378684807256236,0.46568579971233737,21,21,0.7103857207086134,NS
ENSSSCG00000034752,1.982802538330537,1.925406203100305,-0.05739633523023202,0.07936507936507942,0.6689077174430536,21,21,0.8447545916162275,NS
ENSSSCG00000037305,6.102932256913341,5.647995011210889,-0.4549372457024523,-0.07029478458049887,0.705923845633216,21,21,0.8691022220107433,NS
ENSSSCG00000010248,0.9966267580446697,0.22903612627042694,-0.7675906317742428,-0.2335600907029478,0.17809366337988086,21,21,0.4352189632210735,NS
ENSSSCG00000026294,3.377531184803292,3.8923543585745386,0.5148231737712465,-0.0022675736961450532,1.0,21,21,1.0,NS
ENSSSCG00000012784,1.4761147492484683,1.0612968654634374,-0.4148178837850309,-0.26077097505668934,0.14961301210089645,21,21,0.401864822689913,NS
ENSSSCG00000007074,1.2259541898317958,0.009222959240439445,-1.2167312305913565,-0.6689342403628118,2.3011388967377185e-05,21,21,0.00830832254295829,Down (PA<IVF)
ENSSSCG00000002443,2.6210567741866293,1.8440290420231567,-0.7770277321634727,-0.1882086167800454,0.3023405606064573,21,21,0.5703026187481536,NS
ENSSSCG00000029708,1.1183491660260674,0.052802683642871336,-1.065546482383196,-0.5578231292517006,0.0011047965425504634,21,21,0.046253484783025635,Down (PA<IVF)
ENSSSCG00000023971,3.3925773064629774,3.177740493624676,-0.21483681283830158,-0.061224489795918435,0.7436492622639466,21,21,0.8907689783709924,NS
ENSSSCG00000015907,0.9847399507051302,0.4759153741458426,-0.5088245765592876,-0.15646258503401356,0.3761264552239846,21,21,0.6403962425284595,NS
ENSSSCG00000017073,0.9214133744879911,0.4512958230870052,-0.4701175514009859,-0.33333333333333326,0.05391052320562889,21,21,0.2500515139895972,NS
ENSSSCG00000013906,2.217965095992897,2.4007073662047,0.1827422702118029,0.08390022675736963,0.6506903704105349,21,21,0.8344026504702031,NS
ENSSSCG00000007529,5.778683470208516,4.03901398093874,-1.739669489269776,-0.6417233560090703,0.0003897046936740549,21,21,0.03145146116004725,Down (PA<IVF)
ENSSSCG00000010095,6.6975157395805365,7.1425617034905144,0.44504596390997797,0.33333333333333337,0.06630309624589313,21,21,0.2723588264951059,NS
ENSSSCG00000004986,2.088609053111025,1.9778067556995331,-0.11080229741149172,-0.061224489795918435,0.743548992048439,21,21,0.8907689783709924,NS
ENSSSCG00000022107,3.6989003031715852,3.0965599320867403,-0.602340371084845,-0.17460317460317465,0.33911360013116165,21,21,0.6008056035381634,NS
ENSSSCG00000006756,2.688923045321551,4.002902526430866,1.3139794811093148,0.3378684807256236,0.06265946533076083,21,21,0.26545427392262594,NS
ENSSSCG00000013756,1.0612780614230206,0.8515333749207005,-0.20974468650232014,-0.038548752834467015,0.8296778193218242,21,21,0.938943668250364,NS
ENSSSCG00000011621,3.48609645212459,3.1121265506674143,-0.3739699014571758,-0.17460317460317465,0.33911360013116165,21,21,0.6008056035381634,NS
ENSSSCG00000009142,2.4664699777154646,1.1165018778596176,-1.349968099855847,-0.48752834467120176,0.0070864236771108115,21,21,0.09940098455645346,NS
ENSSSCG00000009211,2.534589386212071,2.4310110947938375,-0.10357829141823371,-0.0748299319727892,0.6872740840154342,21,21,0.8572780981928975,NS
ENSSSCG00000008136,3.362911231963988,2.1996322435092233,-1.1632789884547647,-0.44217687074829937,0.014682920439987845,21,21,0.1374145078012505,NS
ENSSSCG00000038181,3.078619258744338,2.6952277869443284,-0.38339147180000976,-0.17460317460317465,0.33911360013116165,21,21,0.6008056035381634,NS
ENSSSCG00000036676,1.0457612109200725,0.12159455610730148,-0.9241666548127709,-0.43764172335600904,0.006563773938452908,21,21,0.09765862760280812,NS
ENSSSCG00000034572,1.4894213271349077,0.6064941614522397,-0.882927165682668,-0.32879818594104315,0.05728237344247808,21,21,0.2568346939969932,NS
ENSSSCG00000011395,2.487176499470141,0.9615552008017142,-1.525621298668427,-0.4920634920634921,0.0065474841871308535,21,21,0.09765862760280812,NS
ENSSSCG00000036411,2.1950316395760012,3.6564774731492107,1.4614458335732095,0.3832199546485261,0.03459373504072355,21,21,0.2067186606092017,NS
ENSSSCG00000009047,6.06138125064176,4.849180125527312,-1.212201125114448,-0.5374149659863945,0.0029937656086337344,21,21,0.0710630867654928,NS
ENSSSCG00000016968,2.93095173748953,1.7075474454032435,-1.2234042920862866,-0.39229024943310664,0.0305109151381691,21,21,0.19671511075924816,NS
ENSSSCG00000025881,1.683407450836864,0.8149397526757562,-0.8684676981611077,-0.41950113378684817,0.0200365505661798,21,21,0.16094934061357546,NS
ENSSSCG00000005967,5.242574337211592,5.53589389802324,0.2933195608116481,0.2335600907029478,0.19951213436010184,21,21,0.4574984559108449,NS
ENSSSCG00000007366,0.7488238889672081,0.34329110859465845,-0.40553278037254964,-0.1360544217687074,0.4320812599012327,21,21,0.6880757384611778,NS
ENSSSCG00000038172,1.1619715657030407,0.5188715523215127,-0.643100013381528,-0.46485260770975056,0.009924404359323387,21,21,0.11778791333037791,NS
ENSSSCG00000035098,2.9821305934948064,3.273464874610184,0.2913342811153776,0.06575963718820865,0.7247030031611088,21,21,0.8813087398839223,NS
ENSSSCG00000025855,3.4950385063013996,3.2565853801282714,-0.2384531261731282,-0.0748299319727892,0.6873220903878915,21,21,0.8572780981928975,NS
ENSSSCG00000024373,4.648348155152066,4.014848564974753,-0.6334995901773128,-0.19727891156462585,0.2793872631916571,21,21,0.5446243796584893,NS
ENSSSCG00000040203,1.6767835840254681,1.2629933818419683,-0.4137902021834998,-0.1360544217687074,0.45274553565421527,21,21,0.7017248925865154,NS
ENSSSCG00000010960,1.9136272835946504,0.9877460221985985,-0.9258812613960519,-0.383219954648526,0.03397986643675699,21,21,0.2067186606092017,NS
ENSSSCG00000004499,2.433541312006788,1.809917190569931,-0.623624121436857,-0.23809523809523814,0.1908219317119737,21,21,0.44742370252398683,NS
ENSSSCG00000001679,2.2871910785070937,0.9367594950095567,-1.350431583497537,-0.46485260770975056,0.01029127938830835,21,21,0.11890408570106216,NS
ENSSSCG00000013315,5.581856266463487,4.251528899037526,-1.3303273674259612,-0.4240362811791383,0.01931040712292347,21,21,0.15552648422397167,NS
ENSSSCG00000005007,0.7487925851087328,0.7655485950597536,0.01675600995102078,0.13832199546485258,0.4348426537433223,21,21,0.6880757384611778,NS
ENSSSCG00000011825,4.2728889118037445,4.015477177582082,-0.2574117342216624,-0.1882086167800454,0.30236014932755606,21,21,0.5703026187481536,NS
ENSSSCG00000027432,0.8131480241002814,0.0,-0.8131480241002814,-0.4285714285714286,0.000985317282025879,21,21,0.04417827813527798,NS
ENSSSCG00000000272,3.0672462107729577,2.8987402137569367,-0.16850599701602098,-0.0022675736961450532,1.0,21,21,1.0,NS
ENSSSCG00000016192,0.5193538544854454,0.6563249127203805,0.13697105823493516,0.0975056689342404,0.5634195304047296,21,21,0.7835106382680813,NS
ENSSSCG00000016275,4.610512660454166,3.6794227913623647,-0.9310898690918012,-0.32879818594104315,0.07010784129484465,21,21,0.27842598868122526,NS
ENSSSCG00000012703,1.7521087253721086,3.049723688331883,1.2976149629597742,0.30612244897959184,0.09190475432879934,21,21,0.3146040991494828,NS
ENSSSCG00000030423,5.035420221078498,4.134286266153952,-0.9011339549245463,-0.3560090702947847,0.04974528689592373,21,21,0.24014966087687317,NS
ENSSSCG00000013312,3.0662789351290938,1.499740834679075,-1.5665381004500187,-0.4467120181405895,0.013691289267922114,21,21,0.1343665870929123,NS
ENSSSCG00000017505,3.950125069424513,2.91761101933891,-1.0325140500856032,-0.41496598639455784,0.02206934007346684,21,21,0.1674730894955559,NS
ENSSSCG00000026812,2.134100086279427,1.843480435131752,-0.29061965114767485,0.0975056689342404,0.597162960351861,21,21,0.8062920726419195,NS
ENSSSCG00000016395,3.864653858729292,2.5484599622380464,-1.3161938964912454,-0.4013605442176871,0.026849069410328923,21,21,0.18455372360206054,NS
ENSSSCG00000000536,2.6494609625884955,2.3050863882584545,-0.34437457433004104,-0.11564625850340127,0.5294187787914176,21,21,0.7578908227272798,NS
ENSSSCG00000014071,6.086389805393254,6.266307888554107,0.17991808316085312,0.34693877551020413,0.05589720011900272,21,21,0.2527717816851408,NS
ENSSSCG00000015140,3.581956989451965,3.009631888308584,-0.572325101143381,-0.16099773242630389,0.37861508946133926,21,21,0.6403962425284595,NS
ENSSSCG00000030438,3.197780529052171,1.9334563050250473,-1.2643242240271235,-0.33333333333333326,0.06630309624589313,21,21,0.2723588264951059,NS
ENSSSCG00000010569,2.729420699847296,1.969930842163511,-0.7594898576837847,-0.2925170068027212,0.10739073873406062,21,21,0.34142639477651104,NS
ENSSSCG00000015050,1.6658360938612564,0.9336882410998415,-0.7321478527614149,-0.308390022675737,0.08736228776698725,21,21,0.3097184982333501,NS
ENSSSCG00000016399,2.110041261436304,2.5299993800476135,0.4199581186113095,0.20181405895691606,0.2683576760316526,21,21,0.5349996098742043,NS
ENSSSCG00000016961,2.2658825833603706,1.5412329079491645,-0.7246496754112062,-0.2925170068027212,0.10740497958129895,21,21,0.34142639477651104,NS
ENSSSCG00000031951,1.284717389970906,0.5899657943815153,-0.6947515955893906,-0.2290249433106577,0.20743479532809816,21,21,0.46888391299875337,NS
ENSSSCG00000015938,3.2372065500672793,3.2413685085111967,0.004161958443917424,-0.0022675736961450532,1.0,21,21,1.0,NS
ENSSSCG00000011101,0.8521874270691231,0.18944454158503615,-0.6627428854840869,-0.5374149659863945,0.001168268162422246,21,21,0.04626916462205491,NS
ENSSSCG00000027358,2.0973301824315445,1.8370704363335395,-0.26025974609800495,-0.006802721088435382,0.9799144613736793,21,21,0.9954575561004508,NS
ENSSSCG00000033593,2.9190401708605798,2.663444713140527,-0.25559545772005254,-0.24716553287981857,0.17433363250882716,21,21,0.42834123173730454,NS
ENSSSCG00000039538,0.5964274174172314,0.8322736718442852,0.23584625442705387,0.18594104308390025,0.3026242841985568,21,21,0.5706439223755084,NS
ENSSSCG00000035410,4.152199646294254,4.106668678622054,-0.04553096767220044,0.020408163265306145,0.9198497691906573,21,21,0.9725908472022055,NS
ENSSSCG00000025653,3.9240632175343615,3.2439483553103194,-0.680114862224042,-0.2108843537414966,0.24720534308664543,21,21,0.5117165520743475,NS
ENSSSCG00000014903,1.9782635819446195,1.3398791751816634,-0.638384406762956,-0.19047619047619047,0.296306634684245,21,21,0.5654357142005625,NS
ENSSSCG00000034758,0.9397223234501915,0.11954855175550576,-0.8201737716946857,-0.48752834467120176,0.003241310705252775,21,21,0.07135641789976087,NS
ENSSSCG00000020954,2.735758763846576,0.910105706097789,-1.825653057748787,-0.5238095238095237,0.0037884807884071376,21,21,0.07611618787019973,NS
ENSSSCG00000039004,3.194146630992448,2.35495498200645,-0.8391916489859979,-0.28798185941043086,0.11300913889451222,21,21,0.3499967010457579,NS
ENSSSCG00000024916,2.6884976410746697,1.7674198204423082,-0.9210778206323615,-0.33333333333333326,0.06630309624589313,21,21,0.2723588264951059,NS
ENSSSCG00000036865,2.0885651015227173,1.470468888613716,-0.6180962129090013,0.15192743764172334,0.40644094367684236,21,21,0.664517472366019,NS
ENSSSCG00000028638,2.0445304314692057,1.3369085221757762,-0.7076219092934295,-0.3560090702947847,0.04974528689592373,21,21,0.24014966087687317,NS
ENSSSCG00000029785,2.10220549908869,2.0982658602749185,-0.003939638813771573,0.07256235827664403,0.6965884786545489,21,21,0.8664523989549239,NS
ENSSSCG00000026753,2.1860157336580213,0.6280859566868631,-1.5579297769711582,-0.5079365079365079,0.0048859287051356975,21,21,0.0840036865093506,NS
ENSSSCG00000028981,4.34553506651947,4.071034156562136,-0.2745009099573341,0.08843537414965985,0.632679341784771,21,21,0.8251293316812793,NS
ENSSSCG00000011051,3.3306032184802965,2.573831409413597,-0.7567718090666995,-0.24263038548752824,0.18244838844550215,21,21,0.4396192289203178,NS
ENSSSCG00000033812,2.957324966854901,2.2324524068073037,-0.7248725600475971,-0.256235827664399,0.15891754968522953,21,21,0.4089176259717459,NS
ENSSSCG00000031182,2.057796641498919,2.1490688985312354,0.09127225703231634,0.09297052154195007,0.6148835592723955,21,21,0.8157225327032747,NS
ENSSSCG00000000860,2.8143986079289998,1.1404866835997214,-1.6739119243292784,-0.5782312925170068,0.0013931129701188097,21,21,0.04872966243563211,Down (PA<IVF)
ENSSSCG00000010904,1.0378658368220746,1.4826102417996434,0.44474440497756884,0.3786848072562359,0.03665191650132933,21,21,0.21234539296334817,NS
ENSSSCG00000010995,2.489296910858346,1.5890765107532225,-0.9002204001051235,-0.3650793650793651,0.04408570002715498,21,21,0.229906559887904,NS
ENSSSCG00000008105,2.124097885323729,0.9552314666324367,-1.1688664186912923,-0.5238095238095237,0.003815480891658088,21,21,0.07611618787019973,NS
ENSSSCG00000027503,1.8793862104400307,0.6840459608281639,-1.1953402496118668,-0.5419501133786848,0.0027358077981309795,21,21,0.0678052262065058,NS
ENSSSCG00000013746,2.405804080376618,2.4996657083908604,0.09386162801424236,-0.015873015873015817,0.9398429773571263,21,21,0.9783494422867809,NS
ENSSSCG00000031117,0.5566582801126004,0.12419748421049255,-0.4324607959021079,-0.256235827664399,0.10024300083278098,21,21,0.3317255116801146,NS
ENSSSCG00000039341,1.2258148056158746,1.0894782537003125,-0.13633655191556215,0.5918367346938775,0.0010745390911688908,21,21,0.045569398075646535,NS
ENSSSCG00000015872,0.7518024692273569,0.46607600873251154,-0.2857264604948454,-0.42630385487528355,0.015534633323711373,21,21,0.14112162579966475,NS
ENSSSCG00000004002,1.1541964260257327,1.191610511544794,0.037414085519061224,-0.05668934240362811,0.7616251940733024,21,21,0.9015297803289233,NS
ENSSSCG00000040470,3.3258890675460018,2.9474302176880096,-0.37845884985799216,-0.13378684807256236,0.46568579971233737,21,21,0.7103857207086134,NS
ENSSSCG00000004342,2.6537790215265233,0.6378085131651194,-2.015970508361404,-0.5464852607709751,0.002417562492779799,21,21,0.06478311992370868,NS
ENSSSCG00000036855,5.033223671354857,3.6190587839789607,-1.4141648873758959,-0.4693877551020409,0.009568602449700998,21,21,0.1161780757609714,NS
ENSSSCG00000033524,4.897646783488287,4.434775114687104,-0.46287166880118225,-0.1428571428571428,0.43549215491585636,21,21,0.6880757384611778,NS
ENSSSCG00000035904,2.106906982163592,1.2495604708140242,-0.857346511349568,-0.29478458049886624,0.10467259104538994,21,21,0.3388645467538343,NS
ENSSSCG00000010465,2.6508798679951115,0.8967397847534025,-1.7541400832417091,-0.6054421768707483,0.0008191079710756441,21,21,0.04179614971550859,Down (PA<IVF)
ENSSSCG00000016193,2.3441839984577952,1.6933443518935156,-0.6508396465642796,-0.22675736961451243,0.21303634379254555,21,21,0.4769677932169917,NS
ENSSSCG00000003612,1.4439007511390454,1.0339453441940742,-0.4099554069449711,-0.12471655328798192,0.4970079892453181,21,21,0.7336937392345346,NS
ENSSSCG00000009119,2.270122933266844,2.107143674214824,-0.16297925905201982,0.020408163265306145,0.9198465326244224,21,21,0.9725908472022055,NS
ENSSSCG00000021166,4.145944540327605,3.7535311506145734,-0.3924133897130315,0.0113378684807256,0.9598741753513395,21,21,0.9869209896448123,NS
ENSSSCG00000004500,1.326708416926409,0.6935304402514388,-0.6331779766749701,-0.256235827664399,0.15749690551112283,21,21,0.4089176259717459,NS
ENSSSCG00000030125,0.7342685975528289,0.33535893937283034,-0.39890965817999857,-0.3696145124716552,0.02940326008371121,21,21,0.19340752401782993,NS
ENSSSCG00000033753,3.502815606738211,3.2555362929729084,-0.24727931376530243,-0.03401360544217691,0.8602230946114309,21,21,0.9490399532059208,NS
ENSSSCG00000005006,0.7780607073923351,0.3963956153246985,-0.3816650920676366,-0.11111111111111116,0.514170220917425,21,21,0.7472897702316813,NS
ENSSSCG00000005996,1.6899765434471454,1.4043327175048448,-0.28564382594230064,-0.13378684807256236,0.4635039433200243,21,21,0.7103857207086134,NS
ENSSSCG00000006701,0.7479940547951979,0.24422885947368508,-0.5037651953215128,-0.16099773242630389,0.34142394858242275,21,21,0.6044305257484955,NS
ENSSSCG00000011552,2.2238161926596396,2.5962351594378186,0.372418966778179,0.14739229024943312,0.4208290941795192,21,21,0.6751374148904354,NS
ENSSSCG00000007469,2.8641489955843795,3.328813499233949,0.46466450364956957,0.13832199546485258,0.4504456875848739,21,21,0.6984759079638868,NS
ENSSSCG00000040731,2.3503466371926263,1.8747284582889516,-0.47561817890367464,-0.0022675736961450532,1.0,21,21,1.0,NS
ENSSSCG00000002381,0.8730701370682732,0.2765822725943088,-0.5964878644739644,-0.3605442176870748,0.041952850896771934,21,21,0.2257227899230239,NS
ENSSSCG00000017238,1.041325054917137,1.3458429592263688,0.30451790430923187,0.3605442176870748,0.046710501881722384,21,21,0.2350491979746632,NS
ENSSSCG00000004645,2.993979421801728,3.514663384155727,0.5206839623539987,0.2698412698412699,0.13775887453894567,21,21,0.3858781529159893,NS
ENSSSCG00000011923,2.54171167720588,0.7318815142927435,-1.8098301629131366,-0.5691609977324263,0.00166099749729754,21,21,0.052600513441112794,NS
ENSSSCG00000007355,5.452820133875336,3.6262888463520695,-1.8265312875232662,-0.5782312925170068,0.001399379518924129,21,21,0.04872966243563211,Down (PA<IVF)
ENSSSCG00000033155,2.128409127983539,1.5832286486396503,-0.5451804793438886,-0.19047619047619047,0.29648283731478475,21,21,0.5654357142005625,NS
ENSSSCG00000024496,3.996583578791911,3.383105214279636,-0.6134783645122752,-0.22448979591836737,0.2177133653142379,21,21,0.47992085027495884,NS
ENSSSCG00000004583,2.7452233086079287,2.592033619862193,-0.1531896887457358,-0.07256235827664392,0.6965884786545489,21,21,0.8664523989549239,NS
ENSSSCG00000006685,0.9250286169214712,0.8738510793811808,-0.05117753754029042,0.07482993197278909,0.6872740840154342,21,21,0.8572780981928975,NS
ENSSSCG00000030284,0.7757002500647021,0.9802718468519015,0.20457159678719938,0.2925170068027211,0.10426650063496766,21,21,0.3381882715630629,NS
ENSSSCG00000028035,3.7452250030768566,4.627119922527372,0.8818949194505157,0.19274376417233563,0.29072107953069615,21,21,0.5572357098576629,NS
ENSSSCG00000010928,1.2916918723875719,0.5419675832448462,-0.7497242891427257,-0.4013605442176871,0.0263321586050558,21,21,0.1843251102353906,NS
ENSSSCG00000029059,0.8720997253912819,0.7182917334300386,-0.15380799196124328,-0.12925170068027203,0.48058519448626,21,21,0.7223387232262236,NS
ENSSSCG00000016498,4.589256927832376,4.836758891123057,0.24750196329068075,0.18367346938775508,0.3143051330541584,21,21,0.5805420605146814,NS
ENSSSCG00000011449,1.2028059304083694,0.22720947559981744,-0.975596454808552,-0.6666666666666667,0.0001234770136475322,21,21,0.018022389651533424,NS
ENSSSCG00000013361,1.9412496373743726,1.2427852161348019,-0.6984644212395708,-0.2290249433106577,0.20839504825646094,21,21,0.46888391299875337,NS
ENSSSCG00000029313,1.5880467751154705,1.5840678342553398,-0.003978940860130731,-0.03401360544217691,0.8602006699396448,21,21,0.9490399532059208,NS
ENSSSCG00000028288,2.5700359841792326,2.410214617210233,-0.15982136696899962,-0.031746031746031855,0.8701098647683292,21,21,0.9568697775425999,NS
ENSSSCG00000007503,3.835474605270364,3.2296192448968832,-0.6058553603734809,-0.15192743764172345,0.4064599583160081,21,21,0.664517472366019,NS
ENSSSCG00000001974,2.5303270116702494,2.629692955926476,0.09936594425622669,0.02947845804988658,0.8800274316446192,21,21,0.9581000128681301,NS
ENSSSCG00000035193,1.3894193755909678,0.9769439095557123,-0.41247546603525553,-0.12244897959183665,0.5021385258312014,21,21,0.7399936170144021,NS
ENSSSCG00000013064,1.2867634606313645,0.3203132143992898,-0.9664502462320748,-0.6258503401360545,0.00018588274995535257,21,21,0.020904191224487192,NS
ENSSSCG00000015384,3.139204999731959,4.185523492023348,1.0463184922913893,0.29931972789115646,0.09940034070235092,21,21,0.3295729034403709,NS
ENSSSCG00000008796,0.690305153154796,1.2474425577377901,0.5571374045829941,0.2970521541950113,0.1003557758691989,21,21,0.3317786132350383,NS
ENSSSCG00000040863,1.45496851708572,0.5641613807309678,-0.8908071363547523,-0.5328798185941044,0.0031000766984966817,21,21,0.07135641789976087,NS
ENSSSCG00000001973,3.081583453226959,1.3005096421266868,-1.781073811100272,-0.5782312925170068,0.001377526648299328,21,21,0.04872966243563211,Down (PA<IVF)
ENSSSCG00000008127,0.9102060325270257,0.6835113262959999,-0.22669470623102583,-0.15646258503401356,0.392311032796558,21,21,0.6539796048612466,NS
ENSSSCG00000008600,2.2316530845021654,2.2499935763368053,0.018340491834639927,-0.020408163265306145,0.9198497691906573,21,21,0.9725908472022055,NS
ENSSSCG00000024618,3.86980794226791,3.667278876599774,-0.202529065668136,-0.006802721088435382,0.9799307399921785,21,21,0.9954575561004508,NS
ENSSSCG00000034137,1.0413232895200863,0.6194910899934835,-0.4218321995266029,0.02947845804988658,0.8799308364704173,21,21,0.9581000128681301,NS
ENSSSCG00000001865,1.5278129223068175,0.8817052978359579,-0.6461076244708597,-0.2585034013605443,0.1550623924275912,21,21,0.40802762257509617,NS
ENSSSCG00000004263,2.588835229045922,1.737939138889087,-0.8508960901568348,-0.15873015873015883,0.38544458928578784,21,21,0.6488711368099398,NS
ENSSSCG00000010203,5.231638992756023,4.9196145246619984,-0.31202446809402495,-0.0748299319727892,0.6873220903878915,21,21,0.8572780981928975,NS
ENSSSCG00000007109,1.9412153288938276,0.6446541350806173,-1.2965611938132104,-0.5736961451247165,0.0014888953195916366,21,21,0.0505977886445505,NS
ENSSSCG00000011340,3.157979201260263,1.4226328310459457,-1.7353463702143175,-0.5963718820861679,0.000982809888455429,21,21,0.04417827813527798,Down (PA<IVF)
ENSSSCG00000008245,3.4515015000136318,3.0827419983850732,-0.36875950162855853,-0.009070294784580435,0.9698878812365527,21,21,0.9946937019528808,NS
ENSSSCG00000007493,3.9922636756737466,3.723380799144474,-0.2688828765292728,-0.08843537414965996,0.632679341784771,21,21,0.8251293316812793,NS
ENSSSCG00000022507,1.4388216385700892,1.0005063028458274,-0.43831533572426173,-0.0748299319727892,0.6870818374420464,21,21,0.8572780981928975,NS
ENSSSCG00000008924,1.35508960531976,0.49970324565502866,-0.8553863596647314,-0.3877551020408163,0.03225174855183893,21,21,0.20315497363626772,NS
ENSSSCG00000029094,1.9572007691190354,1.1564351837576392,-0.8007655853613962,-0.17913832199546476,0.32655631642696226,21,21,0.5929529726545689,NS
ENSSSCG00000031943,2.2384503509661746,1.5421203279081426,-0.696330023058032,-0.21541950113378694,0.23700282758848334,21,21,0.49934320517832165,NS
ENSSSCG00000025134,2.5862064308121537,1.2157339937492155,-1.3704724370629382,-0.35147392290249435,0.05273672895372581,21,21,0.24682112491978944,NS
ENSSSCG00000040879,6.0882113647380764,5.134612544528871,-0.9535988202092058,-0.26077097505668934,0.15160731211683598,21,21,0.401864822689913,NS
ENSSSCG00000011253,3.919663129760747,3.79440050226455,-0.125262627496197,-0.038548752834467015,0.8405062858111236,21,21,0.9396794525202588,NS
ENSSSCG00000016817,3.850025214652716,4.75178162212274,0.9017564074700242,0.3650793650793651,0.04417155188516873,21,21,0.229906559887904,NS
ENSSSCG00000027051,1.0360698646138347,0.5723301209932461,-0.46373974362058856,-0.47165532879818595,0.007978346104506191,21,21,0.10744879850397575,NS
ENSSSCG00000003798,5.202439732659848,4.869297655239706,-0.3331420774201428,-0.2925170068027212,0.10740497958129895,21,21,0.34142639477651104,NS
ENSSSCG00000026894,1.9855621886959203,1.9654070645980353,-0.020155124097885002,-0.02947845804988658,0.8800274316446192,21,21,0.9581000128681301,NS
ENSSSCG00000035120,4.1469124447909405,3.2677264402185746,-0.8791860045723658,-0.3605442176870748,0.046888776900571166,21,21,0.2350491979746632,NS
ENSSSCG00000007496,2.43626636887747,1.3519013942173708,-1.0843649746600994,-0.383219954648526,0.03459373504072355,21,21,0.2067186606092017,NS
ENSSSCG00000006081,2.5161223972238274,1.6005515871645588,-0.9155708100592685,-0.26530612244897966,0.144230545109788,21,21,0.3939827031871146,NS
ENSSSCG00000033968,0.9859928624686882,0.6830544449410273,-0.30293841752766093,0.3492063492063492,0.05269532418114726,21,21,0.24682112491978944,NS
ENSSSCG00000029918,2.076462425775552,1.2530313787087912,-0.8234310470667607,-0.24716553287981857,0.17398439028082469,21,21,0.42834123173730454,NS
ENSSSCG00000009714,2.716912785785387,1.9041917059975495,-0.8127210797878377,-0.26077097505668934,0.15160731211683598,21,21,0.401864822689913,NS
ENSSSCG00000027115,1.6995225528358318,0.7449892072821351,-0.9545333455536966,-0.5374149659863945,0.0029937656086337344,21,21,0.0710630867654928,NS
ENSSSCG00000009770,1.0848190879801232,0.421136569418559,-0.6636825185615642,-0.24716553287981857,0.16443154430867823,21,21,0.41913082991704775,NS
ENSSSCG00000008487,4.7244396945226566,4.037309433668575,-0.6871302608540812,-0.21995464852607705,0.22724906376880494,21,21,0.49084652942506357,NS
ENSSSCG00000000757,3.355802592248478,2.158517336604704,-1.197285255643774,-0.30612244897959173,0.09190475432879934,21,21,0.3146040991494828,NS
ENSSSCG00000014044,3.339440441891339,1.511258266167062,-1.8281821757242769,-0.5827664399092971,0.0012821978057311351,21,21,0.04872966243563211,Down (PA<IVF)
ENSSSCG00000036920,3.412545633992296,2.550422469034081,-0.8621231649582151,-0.28344671201814053,0.11884122094676833,21,21,0.3593522290120254,NS
ENSSSCG00000009744,2.156117944719547,0.6037595985468512,-1.5523583461726957,-0.6054421768707483,0.0008191079710756441,21,21,0.04179614971550859,Down (PA<IVF)
ENSSSCG00000021731,1.4128039101841035,1.96796865664775,0.5551647464636464,0.3424036281179138,0.05916216216125456,21,21,0.25790327958396714,NS
ENSSSCG00000017626,3.5975547489328568,3.7318298510484973,0.13427510211564053,0.07936507936507942,0.6689077174430536,21,21,0.8447545916162275,NS
ENSSSCG00000023719,2.305316453178661,1.9000579253951069,-0.4052585277835543,-0.11791383219954654,0.5211995919242245,21,21,0.7533563423093511,NS
ENSSSCG00000015689,3.28077685036727,1.6358577734035042,-1.6449190769637656,-0.4512471655328798,0.012759283501342113,21,21,0.1298645175359153,NS
ENSSSCG00000032357,3.2024081322527587,2.335617812195183,-0.8667903200575755,-0.30612244897959173,0.09190475432879934,21,21,0.3146040991494828,NS
ENSSSCG00000028454,3.8141432721313584,3.1135500000642677,-0.7005932720670907,-0.2743764172335601,0.13121079099148933,21,21,0.37835478192585825,NS
ENSSSCG00000030502,3.917762353117342,3.994215062638774,0.07645270952143202,0.02947845804988658,0.8800274316446192,21,21,0.9581000128681301,NS
ENSSSCG00000006760,4.306591834871821,2.5946337826188093,-1.7119580522530113,-0.5963718820861679,0.000982809888455429,21,21,0.04417827813527798,Down (PA<IVF)
ENSSSCG00000014043,1.468705697605193,1.6934273062668308,0.2247216086616377,-0.009070294784580435,0.9698878812365527,21,21,0.9946937019528808,NS
ENSSSCG00000026087,2.6497589062125755,1.7447434309206802,-0.9050154752918953,-0.10884353741496589,0.5543972446915157,21,21,0.7793371103655323,NS
ENSSSCG00000027206,3.547373157673465,2.3877964973982917,-1.1595766602751731,-0.383219954648526,0.03459373504072355,21,21,0.2067186606092017,NS
ENSSSCG00000011065,3.7963986355797337,3.223059045263306,-0.5733395903164276,-0.2108843537414966,0.24720534308664543,21,21,0.5117165520743475,NS
ENSSSCG00000039885,6.147466280859588,5.965003298251672,-0.18246298260791605,-0.024943310657596474,0.89990710207531,21,21,0.965040287671819,NS
ENSSSCG00000017935,1.0352223353889332,0.8234935521354787,-0.21172878325345446,-0.061224489795918435,0.7407342636797172,21,21,0.8907689783709924,NS
ENSSSCG00000039888,4.45577894043072,3.9559824267139936,-0.49979651371672684,-0.11111111111111116,0.5460180023945915,21,21,0.7703997318854171,NS
ENSSSCG00000031524,1.5992711960909927,1.4898725300534907,-0.10939866603750192,0.13832199546485258,0.4504456875848739,21,21,0.6984759079638868,NS
ENSSSCG00000033690,2.0461448965113656,1.1462551622134924,-0.8998897342978731,-0.2675736961451247,0.1409648820183906,21,21,0.3909587620683742,NS
ENSSSCG00000009849,5.185308160364514,4.708795860612209,-0.47651229975230436,-0.2290249433106577,0.2084687951379297,21,21,0.46888391299875337,NS
ENSSSCG00000003775,2.177250462137706,1.0316768741132596,-1.1455735880244462,-0.41950113378684817,0.020649731723361393,21,21,0.162637381885487,NS
ENSSSCG00000037549,1.0472822596509554,0.3947928157634872,-0.6524894438874682,-0.5782312925170068,0.0010761286426027316,21,21,0.045569398075646535,NS
ENSSSCG00000004163,3.2486360770231935,3.1260068396267267,-0.1226292373964668,-0.05215419501133778,0.7820003799248392,21,21,0.9109394814543041,NS
ENSSSCG00000010987,2.952472021357399,1.9788756556425953,-0.9735963657148039,-0.3560090702947847,0.04974528689592373,21,21,0.24014966087687317,NS
ENSSSCG00000015712,4.509783639262415,3.3231857750928153,-1.1865978641695998,-0.44217687074829937,0.014682920439987845,21,21,0.1374145078012505,NS
ENSSSCG00000022236,0.5734031288485,0.5044502951385487,-0.06895283370995131,-0.16553287981859421,0.2804122717874026,21,21,0.5458649785645805,NS
ENSSSCG00000007203,4.592922474653752,5.127870736047663,0.5349482613939118,0.30612244897959184,0.09190475432879934,21,21,0.3146040991494828,NS
ENSSSCG00000031123,3.5303692025822926,3.5671642681219655,0.03679506553967293,-0.04308390022675734,0.820889035690062,21,21,0.9318998211511518,NS
ENSSSCG00000024168,1.506629755921085,0.45544891318101605,-1.051180842740069,-0.473922902494331,0.008737618468224717,21,21,0.11203750035891881,NS
ENSSSCG00000028855,2.5296371620912876,1.2093409021843309,-1.3202962599069568,-0.4058956916099774,0.025164969815949612,21,21,0.1780582660160118,NS
ENSSSCG00000023674,4.206517362487783,4.705103550588452,0.4985861881006697,0.36961451247165533,0.0415884552820841,21,21,0.2244664069512958,NS
ENSSSCG00000004893,2.042665374620973,1.38198913135602,-0.6606762432649529,-0.21541950113378694,0.2370788366276667,21,21,0.49934320517832165,NS
ENSSSCG00000014949,4.078336968454745,3.3282082485641657,-0.7501287198905793,-0.11564625850340127,0.5294187787914176,21,21,0.7578908227272798,NS
ENSSSCG00000035673,3.1823615895667707,1.5425894778047309,-1.6397721117620399,-0.5510204081632653,0.0023348005795631745,21,21,0.06320013387432472,NS
ENSSSCG00000037432,2.594537641645552,2.446310828431701,-0.14822681321385112,-0.05215419501133778,0.7820003799248392,21,21,0.9109394814543041,NS
ENSSSCG00000020879,1.5575331687499248,1.7969278155425767,0.239394646792652,0.07936507936507942,0.6688951003850363,21,21,0.8447545916162275,NS
ENSSSCG00000004237,2.1067081094842086,2.0142203376120285,-0.09248777187218016,-0.08843537414965996,0.632679341784771,21,21,0.8251293316812793,NS
ENSSSCG00000028509,1.3315846073734596,1.284779537946207,-0.0468050694272526,0.13378684807256236,0.46561349324555734,21,21,0.7103857207086134,NS
ENSSSCG00000039812,3.4330215120019263,2.020539725691887,-1.4124817863100394,-0.4285714285714286,0.018047625262461266,21,21,0.14934464330577116,NS
ENSSSCG00000021217,1.0894015712344187,0.8379815965413125,-0.2514199746931062,0.0975056689342404,0.5972967192832627,21,21,0.8062920726419195,NS
ENSSSCG00000039605,4.269098658068108,2.94819296362648,-1.320905694441628,-0.12925170068027203,0.48058519448626,21,21,0.7223387232262236,NS
ENSSSCG00000034958,2.5923154905745887,0.8709422939201562,-1.7213731966544326,-0.48299319727891166,0.00752706352170559,21,21,0.10452561894514241,NS
ENSSSCG00000029113,3.8643997606243765,3.704522289557647,-0.15987747106672945,0.10204081632653061,0.5799715449870863,21,21,0.794449839978317,NS
ENSSSCG00000002433,1.7380130963244196,1.0009485897814423,-0.7370645065429773,-0.3378684807256236,0.06267010552721387,21,21,0.26545427392262594,NS
ENSSSCG00000036257,1.3194825336883065,0.9364758782158379,-0.3830066554724686,-0.10430839002267578,0.5668621217905436,21,21,0.7873403837787263,NS
ENSSSCG00000036050,3.0020133610108752,1.993296973494557,-1.0087163875163183,-0.2789115646258504,0.1249066561322159,21,21,0.3688590878463198,NS
ENSSSCG00000005043,4.682072930641289,3.5901253198121346,-1.0919476108291546,-0.2925170068027212,0.10740497958129895,21,21,0.34142639477651104,NS
ENSSSCG00000009772,0.6985172612733405,0.5048728116497798,-0.19364444962356064,-0.17006802721088432,0.2672676547782231,21,21,0.5349996098742043,NS
ENSSSCG00000023323,1.120619537815022,0.4474929289892947,-0.6731266088257274,-0.05668934240362811,0.7625653231967121,21,21,0.9015297803289233,NS
ENSSSCG00000038543,2.243159371248465,1.8650473200081321,-0.3781120512403331,-0.11111111111111116,0.545952927901969,21,21,0.7703997318854171,NS
ENSSSCG00000032985,3.0452423769271197,1.8710887520863846,-1.1741536248407352,-0.4104308390022675,0.023573092816297346,21,21,0.17258422275325483,NS
ENSSSCG00000004048,2.582375767264615,1.017748748907945,-1.5646270183566697,-0.5056689342403629,0.005226371479501326,21,21,0.08723335364812433,NS
ENSSSCG00000008986,7.430424392348466,9.002769998959586,1.5723456066111199,0.6598639455782314,0.0002647195047689069,21,21,0.024921052408244767,Up (PA>IVF)
ENSSSCG00000016653,1.9636524896420047,2.3870388235577558,0.4233863339157511,0.049886621315192725,0.791667439309527,21,21,0.9193218203428043,NS
ENSSSCG00000014031,1.6022872889930106,1.6823726633437728,0.08008537435076213,0.04308390022675734,0.8208604944637742,21,21,0.9318998211511518,NS
ENSSSCG00000004926,1.43398983742598,0.7562661617412717,-0.6777236756847084,-0.11564625850340127,0.5197914285900349,21,21,0.7527495801414957,NS
ENSSSCG00000007424,0.5242412049244423,0.9953279445930624,0.47108673966862014,0.17460317460317465,0.331879367701578,21,21,0.600101182951247,NS
ENSSSCG00000010058,3.023379733999749,2.842872460667506,-0.1805072733322426,-0.05668934240362811,0.7627520182258121,21,21,0.9015297803289233,NS
ENSSSCG00000013421,2.7108729389136705,2.5599550989127513,-0.15091784000091923,-0.038548752834467015,0.8405062858111236,21,21,0.9396794525202588,NS
ENSSSCG00000004999,2.5455120876850987,2.708734529173755,0.16322244148865606,0.07482993197278909,0.6873220903878915,21,21,0.8572780981928975,NS
ENSSSCG00000009246,0.7517862791611922,0.2620345923954507,-0.48975168676574155,-0.2993197278911566,0.06774623964007374,21,21,0.2767952376003013,NS
ENSSSCG00000006899,4.071733658925569,3.1958883122251356,-0.8758453467004337,-0.2517006802721089,0.16649147398308384,21,21,0.41913082991704775,NS
ENSSSCG00000013538,2.901217066719533,2.4420488131394142,-0.4591682535801187,-0.15646258503401356,0.39238776291674793,21,21,0.6539796048612466,NS
ENSSSCG00000034799,6.309256994892335,6.3714903674222505,0.06223337252991534,0.06575963718820865,0.7247030031611088,21,21,0.8813087398839223,NS
ENSSSCG00000000477,4.203792624560769,2.6601760608961236,-1.5436165636646457,-0.43764172335600904,0.015737324159875152,21,21,0.14112162579966475,NS
ENSSSCG00000014326,2.617407906981959,1.9467699180070044,-0.6706379889749545,-0.20181405895691618,0.2683576760316526,21,21,0.5349996098742043,NS
ENSSSCG00000023983,3.357736952414625,2.579460155494636,-0.7782767969199891,-0.2789115646258504,0.1249066561322159,21,21,0.3688590878463198,NS
ENSSSCG00000004480,2.3150439154540416,1.208813542767366,-1.1062303726866756,-0.3650793650793651,0.04107112741456323,21,21,0.2244664069512958,NS
ENSSSCG00000021118,3.3015892451501947,2.5174554898004353,-0.7841337553497594,-0.26077097505668934,0.15160731211683598,21,21,0.401864822689913,NS
ENSSSCG00000010877,6.737440873020447,5.095038764552181,-1.642402108468266,-0.8049886621315192,8.485014221039249e-06,21,21,0.0058207197556329245,Down (PA<IVF)
ENSSSCG00000007187,1.109259666410969,0.5185246984910908,-0.5907349679198782,-0.2290249433106577,0.2031529914133796,21,21,0.46438837757273715,NS
ENSSSCG00000011367,1.1378001764042407,0.40290253173331486,-0.7348976446709259,-0.5192743764172336,0.003602670788948239,21,21,0.07534854150056378,NS
ENSSSCG00000033326,1.4740100670339107,1.3578724078250874,-0.11613765920882324,-0.05215419501133778,0.7818279918329542,21,21,0.9109394814543041,NS
ENSSSCG00000002290,2.754892457892731,1.8435006580439743,-0.9113917998487568,-0.26530612244897966,0.1443933233965576,21,21,0.3939827031871146,NS
ENSSSCG00000024529,2.6085248616865835,2.5514607740734965,-0.05706408761308701,-0.01133786848072571,0.9598676764095315,21,21,0.9869209896448123,NS
ENSSSCG00000025060,0.8322123639612141,0.4134217893876567,-0.4187905745735574,-0.04761904761904767,0.8004309388355547,21,21,0.9213153463710844,NS
ENSSSCG00000014372,1.490045117236845,0.9633399915725885,-0.5267051256642564,-0.23582766439909286,0.19450678716203318,21,21,0.45368917168049533,NS
ENSSSCG00000012405,0.9294632404527471,0.8966268440802478,-0.032836396372499244,0.12471655328798181,0.4963967138101678,21,21,0.7336937392345346,NS
ENSSSCG00000000084,2.404561849669061,2.9767022601259607,0.5721404104568997,0.15192743764172334,0.4064599583160081,21,21,0.664517472366019,NS
ENSSSCG00000004700,4.120817868366292,4.24877259667589,0.12795472830959742,0.06575963718820865,0.7247030031611088,21,21,0.8813087398839223,NS
ENSSSCG00000013054,4.326250701116461,6.048868327004364,1.722617625887903,0.4512471655328798,0.012759283501342113,21,21,0.1298645175359153,NS
ENSSSCG00000001095,2.055124105343644,1.8289567754583491,-0.2261673298852951,-0.06802721088435382,0.7152808524463308,21,21,0.8770020818198087,NS
ENSSSCG00000017806,0.85103147121606,0.20740061327738069,-0.6436308579386794,-0.2403628117913832,0.1535703164282443,21,21,0.40612658854963607,NS
ENSSSCG00000016827,3.4141423371537694,3.4836641659331558,0.0695218287793864,0.05215419501133789,0.7820003799248392,21,21,0.9109394814543041,NS
ENSSSCG00000020830,1.2745787592491253,1.1781734451869983,-0.09640531406212705,-0.024943310657596474,0.8980195707971964,21,21,0.965040287671819,NS
ENSSSCG00000015288,4.81639741870301,5.04832637824866,0.23192895954564996,0.13832199546485258,0.4504456875848739,21,21,0.6984759079638868,NS
ENSSSCG00000029522,3.5882846450417647,2.2225081548920946,-1.36577649014967,-0.31065759637188206,0.08690070020532059,21,21,0.3091496418228523,NS
ENSSSCG00000008921,3.1628210591172956,2.482912058677588,-0.6799090004397077,-0.18367346938775508,0.3143051330541584,21,21,0.5805420605146814,NS
ENSSSCG00000038359,2.4879162639844963,1.729305462937957,-0.7586108010465393,-0.346938775510204,0.05589720011900272,21,21,0.2527717816851408,NS
ENSSSCG00000038987,1.251960106200334,0.6446062176308784,-0.6073538885694556,-0.346938775510204,0.05579783043466221,21,21,0.2527717816851408,NS
ENSSSCG00000016095,1.6562431370100943,1.3491677188643805,-0.3070754181457138,-0.26077097505668934,0.15102658173488542,21,21,0.401864822689913,NS
ENSSSCG00000013855,1.4468067760469097,2.096296672456204,0.6494898964092946,0.3015873015873016,0.09684484206276844,21,21,0.3231631520724199,NS
ENSSSCG00000006665,2.094839741758586,1.1752956652769795,-0.9195440764816065,-0.3015873015873016,0.09685836811015376,21,21,0.3231631520724199,NS
ENSSSCG00000016711,1.6766486696100051,2.081692071598818,0.4050434019888127,0.15646258503401356,0.392311032796558,21,21,0.6539796048612466,NS
ENSSSCG00000009541,0.7957375548849264,0.3465635242519656,-0.44917403063296074,-0.15192743764172345,0.39032678196990833,21,21,0.6539796048612466,NS
ENSSSCG00000038423,1.6152207801011638,1.6851130313964238,0.06989225129526,0.15192743764172334,0.40644094367684236,21,21,0.664517472366019,NS
ENSSSCG00000040857,2.0953146006554184,2.0139273069668464,-0.081387293688572,0.024943310657596363,0.89990710207531,21,21,0.965040287671819,NS
ENSSSCG00000004537,3.578707071777413,2.5837608093617286,-0.9949462624156844,-0.46031746031746024,0.011062138508318366,21,21,0.12200364978627651,NS
ENSSSCG00000029608,3.0360788651073425,2.9057390643671503,-0.13033980074019214,-0.06575963718820854,0.7247030031611088,21,21,0.8813087398839223,NS
ENSSSCG00000010882,1.7776952091625369,1.1200107344011168,-0.6576844747614201,-0.2993197278911566,0.09927698163387139,21,21,0.3295729034403709,NS
ENSSSCG00000034927,2.515056977742624,1.862743357720017,-0.6523136200226072,-0.19727891156462585,0.2793872631916571,21,21,0.5446243796584893,NS
ENSSSCG00000009570,1.9337389326699796,1.2625214428055815,-0.6712174898643981,-0.2743764172335601,0.13114831029505128,21,21,0.37835478192585825,NS
ENSSSCG00000008831,7.16670939173842,6.156170811623801,-1.010538580114619,-0.14739229024943312,0.4208290941795192,21,21,0.6751374148904354,NS
ENSSSCG00000011433,3.5978028431987314,2.1237306163312293,-1.4740722268675022,-0.39229024943310664,0.0305109151381691,21,21,0.19671511075924816,NS
ENSSSCG00000003580,2.3476384068260128,1.9679285724338687,-0.3797098343921441,-0.1020408163265305,0.5799715449870863,21,21,0.794449839978317,NS
ENSSSCG00000036712,2.3269103139620944,2.0882025230254397,-0.23870779093665462,-0.08390022675736963,0.6506903704105349,21,21,0.8344026504702031,NS
ENSSSCG00000021966,4.008737956558444,2.399962527577973,-1.6087754289804712,-0.5328798185941044,0.003248158212533892,21,21,0.07135641789976087,NS
ENSSSCG00000028516,4.46398520930599,3.2233889247788508,-1.2405962845271397,-0.44217687074829937,0.014682920439987845,21,21,0.1374145078012505,NS
ENSSSCG00000030480,4.689112587571755,6.465558508546606,1.7764459209748509,0.4920634920634921,0.006591245565612268,21,21,0.09765862760280812,NS
ENSSSCG00000034916,2.8048395565432886,1.9704590576910759,-0.8343804988522128,-0.33333333333333326,0.06630309624589313,21,21,0.2723588264951059,NS
ENSSSCG00000010471,1.9169047758328939,1.0411251937986075,-0.8757795820342864,-0.32199546485260777,0.07603029723094056,21,21,0.2919520882220497,NS
ENSSSCG00000000374,1.1140310667374873,0.527944812532475,-0.5860862542050123,-0.14965986394557818,0.36473824423668744,21,21,0.6272800312138134,NS
ENSSSCG00000004392,6.784139385037045,6.238137351555695,-0.5460020334813498,-0.22448979591836737,0.2177133653142379,21,21,0.47992085027495884,NS
ENSSSCG00000009466,2.2044871522322205,1.7073445773654663,-0.49714257486675417,-0.11564625850340127,0.5294187787914176,21,21,0.7578908227272798,NS
ENSSSCG00000009419,2.1017802861530526,1.9120159749431185,-0.1897643112099341,-0.061224489795918435,0.7436492622639466,21,21,0.8907689783709924,NS
ENSSSCG00000002135,4.426159407412261,4.522627947208018,0.09646853979575631,-0.0022675736961450532,1.0,21,21,1.0,NS
ENSSSCG00000004223,3.4201444572238735,2.022694478543104,-1.3974499786807697,-0.47845804988662133,0.008257570114301203,21,21,0.10793689964824967,NS
ENSSSCG00000011841,2.146383042048139,0.8979685878707581,-1.248414454177381,-0.528344671201814,0.0035220994912779705,21,21,0.07500599700466523,NS
ENSSSCG00000008513,2.7238388065994856,2.1280371777865508,-0.5958016288129349,-0.19727891156462585,0.2793872631916571,21,21,0.5446243796584893,NS
ENSSSCG00000006306,4.339130969707966,3.8972179333429855,-0.4419130363649808,0.024943310657596363,0.89990710207531,21,21,0.965040287671819,NS
ENSSSCG00000008974,1.6983887495299688,0.5805548881599194,-1.1178338613700494,-0.3310657596371882,0.0677926086251283,21,21,0.27681981855260723,NS
ENSSSCG00000000798,5.6475574117871865,4.1722807420061105,-1.475276669781076,-0.4058956916099774,0.025164969815949612,21,21,0.1780582660160118,NS
ENSSSCG00000029633,1.9242599681846275,1.1162760472554172,-0.8079839209292103,-0.26530612244897966,0.14455604430349378,21,21,0.3939827031871146,NS
ENSSSCG00000038587,2.6297302067074932,0.7309746115956941,-1.8987555951117991,-0.6870748299319729,0.00014520344564570187,21,21,0.01811082976599118,Down (PA<IVF)
ENSSSCG00000003042,1.8626619728719165,2.023056543061476,0.16039457018955972,0.020408163265306145,0.9198465326244224,21,21,0.9725908472022055,NS
ENSSSCG00000004394,4.132389549291826,3.1679750708066905,-0.9644144784851356,-0.21541950113378694,0.2370788366276667,21,21,0.49934320517832165,NS
ENSSSCG00000011893,1.0277526413092386,0.7569189783930638,-0.27083366291617483,-0.17233560090702937,0.2801570590740863,21,21,0.5455229705501651,NS
ENSSSCG00000001955,2.2139793216332233,1.4420705048939777,-0.7719088167392456,-0.3197278911564625,0.07820671425687437,21,21,0.29484995892048155,NS
ENSSSCG00000036303,0.9710210779481818,0.5663498362408499,-0.40467124170733193,-0.1428571428571428,0.4300978205123659,21,21,0.6861560578406583,NS
ENSSSCG00000000186,2.108131319221227,1.7737133584940739,-0.33441796072715313,-0.027210884353741527,0.8899541879139963,21,21,0.965040287671819,NS
ENSSSCG00000040403,1.4941961611004622,3.4641074409734642,1.969911279873002,0.5215419501133787,0.0038501494945136394,21,21,0.07622036416155069,NS
ENSSSCG00000016572,2.1627349029731766,1.2513122833661692,-0.9114226196070074,-0.346938775510204,0.05589720011900272,21,21,0.2527717816851408,NS
ENSSSCG00000030428,1.7793735405874973,1.1671283844698743,-0.612245156117623,-0.28344671201814053,0.11882628003580122,21,21,0.3593522290120254,NS
ENSSSCG00000006981,0.7490124597011182,0.06332041236870609,-0.6856920473324121,-0.41950113378684817,0.005807610208632521,21,21,0.09243667292626241,NS
ENSSSCG00000008359,3.1469657369257855,2.2642816166949498,-0.8826841202308358,-0.2743764172335601,0.13121079099148933,21,21,0.37835478192585825,NS
ENSSSCG00000038968,3.224812378653295,2.420006679569582,-0.8048056990837131,-0.2925170068027212,0.10740497958129895,21,21,0.34142639477651104,NS
ENSSSCG00000030632,5.256453578204362,5.681598590376371,0.42514501217200884,0.14739229024943312,0.4208290941795192,21,21,0.6751374148904354,NS
ENSSSCG00000035794,1.2881153256112963,1.0283818489129835,-0.2597334766983128,0.23809523809523814,0.19048024624111626,21,21,0.44742370252398683,NS
ENSSSCG00000027211,1.0326893158669388,0.645408167462784,-0.38728114840415484,-0.2517006802721089,0.1644250966035975,21,21,0.41913082991704775,NS
ENSSSCG00000003111,2.3393348926072632,1.4172953985866796,-0.9220394940205836,-0.33560090702947853,0.06445466225406776,21,21,0.27093074942579953,NS
ENSSSCG00000035863,1.1153498224743676,1.0611978622248555,-0.05415196024951219,-0.020408163265306145,0.9196679154140716,21,21,0.9725908472022055,NS
ENSSSCG00000031442,1.3428071089296654,0.58938943064453,-0.7534176782851354,-0.256235827664399,0.15885001098352836,21,21,0.4089176259717459,NS
ENSSSCG00000000377,2.3469913874945543,2.155940477637357,-0.1910509098571973,-0.0748299319727892,0.6872740840154342,21,21,0.8572780981928975,NS
ENSSSCG00000003771,3.2378931926424936,2.448641301204494,-0.7892518914379996,-0.28344671201814053,0.11884122094676833,21,21,0.3593522290120254,NS
ENSSSCG00000008466,3.52676530723213,3.9720336719948297,0.4452683647626996,0.2562358276643991,0.15891754968522953,21,21,0.4089176259717459,NS
ENSSSCG00000015793,1.1667729293020261,0.9475430326611554,-0.21922989664087078,-0.05668934240362811,0.7625653231967121,21,21,0.9015297803289233,NS
ENSSSCG00000013772,2.02836631863675,1.2381248248001573,-0.7902414938365927,-0.24716553287981857,0.17335493121839907,21,21,0.42834123173730454,NS
ENSSSCG00000028182,2.623641688571427,2.3577113228040796,-0.2659303657673475,-0.11337868480725621,0.537669744171811,21,21,0.766662740598342,NS
ENSSSCG00000011889,2.9936059847120484,2.2506737553058964,-0.742932229406152,-0.18367346938775508,0.3143051330541584,21,21,0.5805420605146814,NS
ENSSSCG00000010551,1.146703289541369,1.4112004524833566,0.26449716294198766,0.07936507936507942,0.6642177217442886,21,21,0.8447545916162275,NS
ENSSSCG00000010484,2.0800175032349824,1.2041292621443531,-0.8758882410906292,-0.1428571428571428,0.43549215491585636,21,21,0.6880757384611778,NS
ENSSSCG00000008389,4.766834992884876,4.6266780311181135,-0.1401569617667624,0.020408163265306145,0.9198497691906573,21,21,0.9725908472022055,NS
ENSSSCG00000010702,3.5794553749677647,3.4063124712613777,-0.17314290370638696,0.0113378684807256,0.9598741753513395,21,21,0.9869209896448123,NS
ENSSSCG00000012494,1.0969052285997771,0.11026265979408402,-0.9866425688056931,-0.5600907029478459,0.00022608727036875303,21,21,0.024074010215029255,NS
ENSSSCG00000017125,1.528568187169371,1.4038688069916885,-0.12469938017768256,-0.05668934240362811,0.7627147144382511,21,21,0.9015297803289233,NS
ENSSSCG00000015453,2.751256161875896,1.517560896090343,-1.2336952657855529,-0.48752834467120176,0.007109649063322586,21,21,0.09940098455645346,NS
ENSSSCG00000003702,0.9354327781024571,0.6143800110431429,-0.3210527670593142,-0.10430839002267578,0.5303385605054373,21,21,0.7588908062301417,NS
ENSSSCG00000035827,3.4209419934979195,2.0020981464424943,-1.4188438470554252,-0.43764172335600904,0.015737324159875152,21,21,0.14112162579966475,NS
ENSSSCG00000015867,6.225526785766478,6.336891434594362,0.11136464882788388,0.0113378684807256,0.9598741753513395,21,21,0.9869209896448123,NS
ENSSSCG00000024109,0.9611929690965672,0.6793893538732028,-0.2818036152233644,-0.11111111111111116,0.5262657550004824,21,21,0.7578908227272798,NS
ENSSSCG00000009886,3.6822902153254997,1.7163115318386484,-1.9659786834868513,-0.5192743764172336,0.004133963283611035,21,21,0.07727244720864224,NS
ENSSSCG00000025329,0.6136013279831095,1.1061211592726936,0.4925198312895841,0.4240362811791383,0.017929404891150805,21,21,0.14934464330577116,NS
ENSSSCG00000008789,3.525171006647674,2.312352332466263,-1.2128186741814106,-0.37414965986394555,0.0391344195585305,21,21,0.21879553233212654,NS
ENSSSCG00000037556,3.5440391866170122,1.9162635074718952,-1.627775679145117,-0.564625850340136,0.0018127403380486893,21,21,0.05502388813723013,NS
ENSSSCG00000010862,3.869542368953012,2.6672993176468602,-1.202243051306152,-0.4013605442176871,0.026849069410328923,21,21,0.18455372360206054,NS
ENSSSCG00000008913,1.432025764113009,1.792766288910292,0.360740524797283,0.15192743764172334,0.40539238919275344,21,21,0.664517472366019,NS
ENSSSCG00000005689,0.9635078176954243,0.48945055185894454,-0.4740572658364797,-0.3424036281179139,0.03370399362670356,21,21,0.2067186606092017,NS
ENSSSCG00000033876,1.9360866050198569,0.9831754341477327,-0.9529111708721242,-0.35147392290249435,0.05255451619221384,21,21,0.24682112491978944,NS
ENSSSCG00000011650,4.435003388705793,4.063671950657911,-0.37133143804788205,-0.05668934240362811,0.7627520182258121,21,21,0.9015297803289233,NS
ENSSSCG00000023992,0.7227181565835037,1.0969670891028902,0.3742489325193865,0.1201814058956916,0.5092806835153012,21,21,0.7460214807570579,NS
ENSSSCG00000004652,3.9774966872524957,2.353056614304322,-1.6244400729481736,-0.39229024943310664,0.0305109151381691,21,21,0.19671511075924816,NS
ENSSSCG00000022486,3.34909438082834,5.229199465568091,1.8801050847397511,0.546485260770975,0.0025387114386613866,21,21,0.06672628532267093,NS
ENSSSCG00000013602,1.8564670821209472,1.0412864741611119,-0.8151806079598354,-0.3151927437641724,0.08259630316137771,21,21,0.3023991346304046,NS
ENSSSCG00000013381,1.453202891476776,1.1671852115242676,-0.2860176799525085,-0.04308390022675734,0.816755418345724,21,21,0.9318998211511518,NS
ENSSSCG00000006472,1.2578146709719986,0.4965638977184292,-0.7612507732535694,-0.5419501133786848,0.0010602572703844399,21,21,0.045569398075646535,NS
ENSSSCG00000040922,0.9390246609321534,0.7667539101061478,-0.17227075082600563,-0.06575963718820854,0.718508032117787,21,21,0.8803295410480477,NS
ENSSSCG00000034645,3.2263563563395015,2.387829203770753,-0.8385271525687483,-0.3650793650793651,0.04417155188516873,21,21,0.229906559887904,NS
ENSSSCG00000028117,1.3251124389607098,0.12526385096459886,-1.199848587996111,-0.564625850340136,0.0006458440646508533,21,21,0.0411432311026537,Down (PA<IVF)
ENSSSCG00000037958,1.275293662613726,0.45584482353681244,-0.8194488390769135,-0.3786848072562359,0.03616488269923025,21,21,0.21234539296334817,NS
ENSSSCG00000017014,6.379918081631213,7.1443962158791505,0.7644781342479376,0.4739229024943311,0.008891524663685195,21,21,0.1127333823513184,NS
ENSSSCG00000030849,0.4388830517599409,0.43841130651604926,-0.0004717452438916525,0.04308390022675734,0.7697131046754714,21,21,0.9077127092354017,NS
ENSSSCG00000027205,1.634302720750327,1.4608424839541514,-0.1734602367961755,0.05895691609977327,0.7530849487703456,21,21,0.8993490772647048,NS
ENSSSCG00000018086,4.98497240598293,4.388049623094595,-0.5969227828883348,-0.24716553287981857,0.17433363250882716,21,21,0.42834123173730454,NS
ENSSSCG00000038085,0.9271739322221574,0.6248964391315827,-0.3022774930905747,-0.07029478458049887,0.6993484297590173,21,21,0.8683685140284909,NS
ENSSSCG00000022783,5.05525617859924,4.831496269044173,-0.22375990955506708,-0.19727891156462585,0.2793872631916571,21,21,0.5446243796584893,NS
ENSSSCG00000016998,5.286308544619354,4.562856256410446,-0.7234522882089083,-0.24716553287981857,0.17433363250882716,21,21,0.42834123173730454,NS
ENSSSCG00000006556,1.195909096690399,1.0806202694968636,-0.11528882719353528,-0.0022675736961450532,1.0,21,21,1.0,NS
ENSSSCG00000007352,0.89179908172282,1.380387832194916,0.48858875047209593,0.30612244897959184,0.08813652602518361,21,21,0.31194620610365387,NS
ENSSSCG00000027774,1.1687791686139366,0.6326750607561292,-0.5361041078578074,-0.22675736961451243,0.21240532353594688,21,21,0.4766439383240418,NS
ENSSSCG00000026472,1.6699880361009134,1.041960188972888,-0.6280278471280254,-0.03401360544217691,0.8602230946114309,21,21,0.9490399532059208,NS
ENSSSCG00000040494,1.5048897059667854,0.8604511204521822,-0.6444385855146032,-0.2743764172335601,0.13066383754395866,21,21,0.37835478192585825,NS
ENSSSCG00000017418,0.8651068890230323,0.7694915313569527,-0.09561535766607965,-0.22222222222222232,0.22086663971495835,21,21,0.48484644750227657,NS
ENSSSCG00000026606,1.2057989594204237,1.1823082391848416,-0.023490720235582074,-0.20634920634920628,0.25335624060685336,21,21,0.5216157894846981,NS
ENSSSCG00000000519,4.195629004355415,3.6864143506238074,-0.5092146537316076,-0.2108843537414966,0.24720534308664543,21,21,0.5117165520743475,NS
ENSSSCG00000025107,0.7032323937264894,0.2706958207960551,-0.4325365729304343,-0.29478458049886624,0.053123744582635184,21,21,0.24807956966431408,NS
ENSSSCG00000022312,3.8139604911004623,2.3310195560748075,-1.4829409350256548,-0.3560090702947847,0.04974528689592373,21,21,0.24014966087687317,NS
ENSSSCG00000010320,1.072793015413813,0.41606300289543263,-0.6567300125183804,-0.12925170068027203,0.4746189706659566,21,21,0.7200102031774573,NS
ENSSSCG00000034617,0.9400498899186067,0.7131831370524948,-0.2268667528661119,-0.05215419501133778,0.7714693457744792,21,21,0.9077127092354017,NS
ENSSSCG00000001201,4.458440045719779,4.01211702076301,-0.4463230249567687,-0.07029478458049887,0.705923845633216,21,21,0.8691022220107433,NS
ENSSSCG00000004679,0.6483843695112091,0.8722315577598342,0.22384718824862504,0.3151927437641724,0.08235994397058533,21,21,0.3023991346304046,NS
ENSSSCG00000027323,1.758212132991626,1.0100870972404354,-0.7481250357511906,-0.383219954648526,0.03459373504072355,21,21,0.2067186606092017,NS
ENSSSCG00000010302,0.7257507073017945,0.6703608813906358,-0.05538982591115871,-0.06349206349206349,0.7293115288516626,21,21,0.8856571230168889,NS
ENSSSCG00000038650,2.3838140749924106,1.4334353060713918,-0.9503787689210188,-0.3015873015873016,0.09684484206276844,21,21,0.3231631520724199,NS
ENSSSCG00000001564,2.9508851856027367,2.0606990571222688,-0.890186128480468,-0.2743764172335601,0.13121079099148933,21,21,0.37835478192585825,NS
ENSSSCG00000016922,5.393602850275902,4.956708384147017,-0.4368944661288845,-0.17006802721088432,0.3519764902680531,21,21,0.6139228892038759,NS
ENSSSCG00000010214,2.0228739940979557,1.588960742186395,-0.4339132519115607,-0.17006802721088432,0.3519569784107135,21,21,0.6139228892038759,NS
ENSSSCG00000000863,2.485666384834693,3.550252331719166,1.0645859468844727,0.2675736961451247,0.1409648820183906,21,21,0.3909587620683742,NS
ENSSSCG00000026761,5.484460788284559,4.641875677618611,-0.8425851106659481,-0.1201814058956916,0.5130800796227113,21,21,0.7460214807570579,NS
ENSSSCG00000036083,1.5389105978636255,1.0081379434573565,-0.530772654406269,-0.2335600907029478,0.19951213436010184,21,21,0.4574984559108449,NS
ENSSSCG00000035239,3.4677919836474294,3.030906052148173,-0.43688593149925614,-0.12471655328798192,0.49490296221528673,21,21,0.7336937392345346,NS
ENSSSCG00000013446,1.0944052194032607,0.3592803369714085,-0.7351248824318523,-0.5736961451247165,0.0007919466849582833,21,21,0.04179614971550859,NS
ENSSSCG00000015443,1.120588544235938,0.9650912793410604,-0.15549726489487758,-0.16553287981859421,0.36280039449611,21,21,0.6272800312138134,NS
ENSSSCG00000013919,0.5633884536659585,1.0053076211190923,0.44191916745313387,0.2698412698412699,0.12874890616168272,21,21,0.3776047440227206,NS
ENSSSCG00000035869,2.780609815188662,2.2582879796439403,-0.5223218355447217,-0.1383219954648527,0.4504456875848739,21,21,0.6984759079638868,NS
ENSSSCG00000038466,1.1302521528496126,0.31602028239110164,-0.814231870458511,-0.43310657596371893,0.0163280290773746,21,21,0.1447161233472736,NS
ENSSSCG00000009303,2.1283796082670676,1.2631636625159388,-0.8652159457511288,-0.256235827664399,0.15891754968522953,21,21,0.4089176259717459,NS
ENSSSCG00000037216,4.845110695764314,4.711128634327155,-0.13398206143715896,-0.038548752834467015,0.8405062858111236,21,21,0.9396794525202588,NS
ENSSSCG00000012034,3.680560278463031,3.553918177893449,-0.12664210056958192,0.08390022675736963,0.6506903704105349,21,21,0.8344026504702031,NS
ENSSSCG00000008398,4.4189469012976925,2.842789624328077,-1.5761572769696155,-0.600907029478458,0.0008983778541293888,21,21,0.04417827813527798,Down (PA<IVF)
ENSSSCG00000002377,0.9591140497066187,0.9815532667098859,0.02243921700326712,-0.015873015873015817,0.9393005427885712,21,21,0.9783494422867809,NS
ENSSSCG00000011137,3.0928725983309175,2.866944205815106,-0.22592839251581154,-0.17006802721088432,0.3519764902680531,21,21,0.6139228892038759,NS
ENSSSCG00000021354,3.5513231108892622,3.469149050832459,-0.08217406005680328,0.0113378684807256,0.9598741753513395,21,21,0.9869209896448123,NS
ENSSSCG00000008747,4.7376412384350415,3.8662370822591408,-0.8714041561759007,-0.26984126984126977,0.13775887453894567,21,21,0.3858781529159893,NS
ENSSSCG00000035080,2.34595861449611,1.479669951356348,-0.8662886631397619,-0.23809523809523814,0.19076800390493187,21,21,0.44742370252398683,NS
ENSSSCG00000032220,2.8823869233358006,1.289463697549632,-1.5929232257861685,-0.4625850340136055,0.010638847604409361,21,21,0.12111986001817435,NS
ENSSSCG00000003849,3.031027250939749,2.6030934194048205,-0.42793383153492837,-0.10657596371882083,0.5623164543585885,21,21,0.7833833809361512,NS
ENSSSCG00000011615,2.068838037734472,2.428212492941275,0.3593744552068032,0.12925170068027214,0.48119038992384244,21,21,0.7223387232262236,NS
ENSSSCG00000024596,4.480253138380492,4.998032985739623,0.5177798473591304,0.15646258503401356,0.39238776291674793,21,21,0.6539796048612466,NS
ENSSSCG00000004249,2.837469956328301,1.8225350982942419,-1.0149348580340591,-0.2970521541950113,0.10202324211434627,21,21,0.3332759242401978,NS
ENSSSCG00000036952,1.78409337230776,0.5204254269987055,-1.2636679453090545,-0.6054421768707483,0.0008067515742824422,21,21,0.04179614971550859,Down (PA<IVF)
ENSSSCG00000022358,2.4545245370755158,2.1011560502255997,-0.35336848684991606,-0.0793650793650793,0.6689077174430536,21,21,0.8447545916162275,NS
ENSSSCG00000014956,1.3167881204352614,0.8693227073244726,-0.4474654131107888,-0.15192743764172345,0.40223337258820047,21,21,0.664517472366019,NS
ENSSSCG00000035901,4.12746845955939,3.6965518730336155,-0.43091658652577447,-0.05668934240362811,0.7627520182258121,21,21,0.9015297803289233,NS
ENSSSCG00000037245,2.7385022194116857,2.423752747986149,-0.3147494714255368,-0.14739229024943312,0.4208290941795192,21,21,0.6751374148904354,NS
ENSSSCG00000010990,1.1725355394601518,0.5434428837837035,-0.6290926556764482,-0.2857142857142858,0.10914588712935923,21,21,0.3463185872837208,NS
ENSSSCG00000027840,1.0911860307959127,1.362965676158987,0.2717796453630743,0.17460317460317465,0.3347681362503476,21,21,0.6008056035381634,NS
ENSSSCG00000028327,2.783574582849035,3.9776111148657183,1.1940365320166832,0.41496598639455784,0.02206934007346684,21,21,0.1674730894955559,NS
ENSSSCG00000036311,1.894357455906971,0.6032166311566514,-1.2911408247503195,-0.5079365079365079,0.0049718664810028965,21,21,0.08463276441607909,NS
ENSSSCG00000033123,1.685169389390395,1.4816451630713812,-0.2035242263190138,-0.04081632653061229,0.8306168708924009,21,21,0.938943668250364,NS
ENSSSCG00000011794,1.8454443707730983,1.2077615663604564,-0.6376828044126419,-0.3015873015873016,0.09684484206276844,21,21,0.3231631520724199,NS
ENSSSCG00000016842,4.18508780726638,3.92495574207314,-0.26013206519324017,-0.061224489795918435,0.7436492622639466,21,21,0.8907689783709924,NS
ENSSSCG00000016658,3.172905895905037,2.9747837296710835,-0.1981221662339534,-0.1201814058956916,0.5130800796227113,21,21,0.7460214807570579,NS
ENSSSCG00000006504,1.3944571911095878,0.7310872765675724,-0.6633699145420153,-0.346938775510204,0.05554952250876693,21,21,0.2527717816851408,NS
ENSSSCG00000006342,2.120959493016698,1.2873061422140526,-0.8336533508026456,-0.3197278911564625,0.07825502308568134,21,21,0.29484995892048155,NS
ENSSSCG00000035676,0.8821598496186838,1.1259972637001145,0.24383741408143078,0.21541950113378683,0.2366985939873626,21,21,0.49934320517832165,NS
ENSSSCG00000013661,0.857652761406951,0.6290568070412339,-0.2285959543657171,0.061224489795918324,0.7333500690279191,21,21,0.8882254648150515,NS
ENSSSCG00000004049,2.13591529972474,0.9641348687816886,-1.1717804309430513,-0.4285714285714286,0.018028956728243326,21,21,0.14934464330577116,NS
ENSSSCG00000000496,3.5077541752147026,2.2388457037437655,-1.268908471470937,-0.3605442176870748,0.046888776900571166,21,21,0.2350491979746632,NS
ENSSSCG00000040185,2.5985217895797037,2.877500008342806,0.27897821876310225,0.2698412698412699,0.13769507736413775,21,21,0.3858781529159893,NS
ENSSSCG00000000405,0.6271360654136731,0.28624111944469344,-0.3408949459689796,-0.383219954648526,0.02655426750417316,21,21,0.18455372360206054,NS
ENSSSCG00000004970,2.319146881657467,2.2156523237857852,-0.10349455787168171,0.04081632653061229,0.8306777146663934,21,21,0.938943668250364,NS
ENSSSCG00000033687,0.5760771060593166,0.136985815988448,-0.4390912900708686,-0.13378684807256236,0.4115759025420447,21,21,0.6709626167866983,NS
ENSSSCG00000000738,2.101647930120011,1.665602329292008,-0.43604560082800314,-0.17460317460317465,0.33911360013116165,21,21,0.6008056035381634,NS
ENSSSCG00000016077,1.982653943360162,1.7715300992654135,-0.2111238440947485,-0.12471655328798192,0.4970079892453181,21,21,0.7336937392345346,NS
ENSSSCG00000009180,2.8125817415276324,1.2281841159338647,-1.5843976255937677,-0.3378684807256236,0.06139475282554807,21,21,0.2648855373479621,NS
ENSSSCG00000028867,3.2223295813166155,3.2955357888058425,0.07320620748922702,0.12925170068027214,0.48120815818423346,21,21,0.7223387232262236,NS
ENSSSCG00000018084,4.833508160821281,3.775995391583039,-1.057512769238242,-0.43764172335600904,0.015737324159875152,21,21,0.14112162579966475,NS
ENSSSCG00000023296,4.071052158384203,4.607224720741223,0.5361725623570193,0.15192743764172334,0.4064599583160081,21,21,0.664517472366019,NS
ENSSSCG00000030295,1.8590176384179284,1.3055535521179362,-0.5534640862999922,-0.1541950113378685,0.3991954845862823,21,21,0.661707359039476,NS
ENSSSCG00000032092,5.333306623080726,4.923428925751022,-0.409877697329704,-0.19274376417233552,0.29072107953069615,21,21,0.5572357098576629,NS
ENSSSCG00000006508,1.2956936301898858,1.0965332705490856,-0.19916035964080026,-0.23809523809523814,0.1908399057704352,21,21,0.44742370252398683,NS
ENSSSCG00000037566,0.9473150377479926,0.5352580003468304,-0.4120570374011623,-0.2743764172335601,0.12405785517852705,21,21,0.3688590878463198,NS
ENSSSCG00000005382,0.8915850410212965,1.020257989757522,0.12867294873622537,-0.054421768707483054,0.7708642977304448,21,21,0.9077127092354017,NS
ENSSSCG00000036529,2.644933169895094,1.6623570163686434,-0.9825761535264506,-0.3696145124716552,0.0415884552820841,21,21,0.2244664069512958,NS
ENSSSCG00000015730,3.2756680878989464,3.33807871722897,0.062410629330023504,0.024943310657596363,0.89990710207531,21,21,0.965040287671819,NS
ENSSSCG00000038947,2.9618697764022057,2.3132278364433905,-0.6486419399588153,-0.24716553287981857,0.17433363250882716,21,21,0.42834123173730454,NS
ENSSSCG00000036335,1.9780476147707189,1.6521274286368932,-0.3259201861338257,-0.07709750566893425,0.6207963002986803,21,21,0.8222590657740271,NS
ENSSSCG00000007672,1.0307240305419656,1.272353870067054,0.24162983952508843,-0.10884353741496589,0.553059282687351,21,21,0.7790527062084658,NS
ENSSSCG00000031791,3.8339037984679742,2.598041795823692,-1.2358620026442821,-0.3560090702947847,0.04974528689592373,21,21,0.24014966087687317,NS
ENSSSCG00000007088,3.00279423357078,1.8196918935286288,-1.183102340042151,-0.34013605442176864,0.06090581570444606,21,21,0.2634387741062421,NS
ENSSSCG00000036885,2.2348823173768957,1.6323753639352883,-0.6025069534416074,-0.17006802721088432,0.3519764902680531,21,21,0.6139228892038759,NS
ENSSSCG00000015857,1.0834040191768501,0.2629754058400594,-0.8204286133367907,-0.528344671201814,0.002945264963624669,21,21,0.0710630867654928,NS
ENSSSCG00000025928,1.3436758266742896,0.5361143779427691,-0.8075614487315206,-0.31065759637188206,0.06747818099498067,21,21,0.2764160813990964,NS
ENSSSCG00000014288,4.171258098862789,3.317778788118331,-0.8534793107444578,-0.2970521541950113,0.10202324211434627,21,21,0.3332759242401978,NS
ENSSSCG00000028802,1.3671211460516262,1.3857406366833127,0.018619490631686553,0.04761904761904767,0.8007180503837183,21,21,0.9213153463710844,NS
ENSSSCG00000017275,2.046207450693262,0.6055971958415147,-1.4406102548517474,-0.45578231292517013,0.011323258642609293,21,21,0.1238268307613523,NS
ENSSSCG00000000500,0.6042032884477578,0.9243201294054655,0.32011684095770765,0.21315192743764177,0.23329233601748067,21,21,0.4991844744478844,NS
ENSSSCG00000022155,5.684547216645535,5.667309695541658,-0.01723752110387622,0.17006802721088432,0.3519764902680531,21,21,0.6139228892038759,NS
ENSSSCG00000031938,1.641586182345198,2.2554476897570592,0.6138615074118612,0.2517006802721088,0.16588990327147735,21,21,0.41913082991704775,NS
ENSSSCG00000022222,0.7821103575411201,1.538037880342291,0.7559275228011708,0.26077097505668934,0.1455300578578195,21,21,0.3955373204851988,NS
ENSSSCG00000011494,1.42287907099228,0.6459233953548471,-0.776955675637433,-0.510204081632653,0.004470556264808322,21,21,0.08099394182188116,NS
ENSSSCG00000002847,0.830172711264759,0.8834362272918644,0.05326351602710544,-0.04761904761904767,0.8009405048187478,21,21,0.9213153463710844,NS
ENSSSCG00000038682,2.1201997533814554,1.8811629058299737,-0.2390368475514817,-0.006802721088435382,0.9799307399921785,21,21,0.9954575561004508,NS
ENSSSCG00000009414,3.0962375129735644,2.5381787486795724,-0.558058764293992,-0.15646258503401356,0.39238776291674793,21,21,0.6539796048612466,NS
ENSSSCG00000037185,0.7133820186308084,0.24165126039300122,-0.4717307582378072,-0.23809523809523814,0.16973594911273238,21,21,0.4260477903085782,NS
ENSSSCG00000014901,2.5489301433246916,1.5087506389180239,-1.0401795044066677,-0.4285714285714286,0.018047625262461266,21,21,0.14934464330577116,NS
ENSSSCG00000035762,0.729154290221914,0.34662088139420777,-0.38253340882770626,-0.16553287981859421,0.33303609101362897,21,21,0.6002699906341289,NS
ENSSSCG00000035355,3.158738961436311,3.484324025429273,0.32558506399296183,0.09297052154195007,0.6148835592723955,21,21,0.8157225327032747,NS
ENSSSCG00000011846,2.373982623504121,1.2223520589680403,-1.1516305645360807,-0.3696145124716552,0.0415884552820841,21,21,0.2244664069512958,NS
ENSSSCG00000015252,0.4107669842046076,0.4225004010493854,0.0117334168447778,-0.11791383219954654,0.47698848925447646,21,21,0.7223387232262236,NS
ENSSSCG00000003983,0.8292276628565393,0.41676603380714844,-0.4124616290493908,-0.3605442176870748,0.03364852562795833,21,21,0.2067186606092017,NS
ENSSSCG00000004691,4.083352704578775,4.700090429581526,0.6167377250027508,0.17006802721088432,0.3519764902680531,21,21,0.6139228892038759,NS
ENSSSCG00000016793,1.5369934459814527,0.46883368198702063,-1.068159763994432,-0.27210884353741505,0.11894141355259928,21,21,0.3594440955818639,NS
ENSSSCG00000017067,2.1395204855811962,2.0365999901121805,-0.10292049546901572,0.04308390022675734,0.8208819016622845,21,21,0.9318998211511518,NS
ENSSSCG00000006101,2.163548161621454,1.7488488843533967,-0.41469927726805733,-0.04761904761904767,0.8013753091229132,21,21,0.9213153463710844,NS
ENSSSCG00000003673,4.334766209567622,3.1142345331638457,-1.2205316764037764,-0.48752834467120176,0.007109649063322586,21,21,0.09940098455645346,NS
ENSSSCG00000035746,3.9012117249683174,3.250171488604811,-0.6510402363635062,-0.21541950113378694,0.2370788366276667,21,21,0.49934320517832165,NS
ENSSSCG00000013177,0.9122421363493713,0.7566949378514852,-0.15554719849788612,-0.05215419501133778,0.7770132139738273,21,21,0.9109394814543041,NS
ENSSSCG00000004304,0.5657027915227183,0.3410280607860763,-0.22467473073664201,-0.031746031746031855,0.8647456655967225,21,21,0.9534161468970616,NS
ENSSSCG00000016714,2.2283105669253205,2.02908362850714,-0.1992269384181804,0.0113378684807256,0.9597829017798901,21,21,0.9869209896448123,NS
ENSSSCG00000037384,0.9455540147617179,0.6787722677139983,-0.2667817470477195,-0.2290249433106577,0.2031529914133796,21,21,0.46438837757273715,NS
ENSSSCG00000038082,0.8162260765315672,0.7435932679441755,-0.07263280858739174,0.13832199546485258,0.44636434350424403,21,21,0.6984759079638868,NS
ENSSSCG00000029539,1.3011778475071558,0.9464722160708865,-0.3547056314362693,-0.217687074829932,0.23146418477522368,21,21,0.4967903383554941,NS
ENSSSCG00000017205,2.570995036938142,0.98456689178594,-1.5864281451522018,-0.46485260770975056,0.01011926457871566,21,21,0.11890408570106216,NS
ENSSSCG00000016991,1.6067180465467852,0.7505343334050912,-0.856183713141694,-0.4807256235827664,0.007867542932356055,21,21,0.10708600102373518,NS
ENSSSCG00000026034,4.072056612863152,2.728015038114798,-1.344041574748354,-0.4240362811791383,0.01931040712292347,21,21,0.15552648422397167,NS
ENSSSCG00000008180,6.710930368598291,6.0058746390841335,-0.7050557295141573,-0.39682539682539675,0.028629607311712907,21,21,0.18957442679377465,NS
ENSSSCG00000010243,3.1320906513268065,2.625770018986777,-0.5063206323400293,-0.18367346938775508,0.3143051330541584,21,21,0.5805420605146814,NS
ENSSSCG00000003757,4.804467624916111,5.494124095138814,0.6896564702227037,0.26530612244897955,0.14455604430349378,21,21,0.3939827031871146,NS
ENSSSCG00000010143,0.9140157540934158,0.37667963525427833,-0.5373361188391375,-0.4285714285714286,0.013062641829514913,21,21,0.13177900433892986,NS
ENSSSCG00000009828,5.110315017837918,3.118059424567148,-1.99225559327077,-0.6417233560090703,0.0003897046936740549,21,21,0.03145146116004725,Down (PA<IVF)
ENSSSCG00000011510,1.0887543697189082,0.30736254294922405,-0.7813918267696841,-0.45351473922902485,0.010025688222892126,21,21,0.11846949466054973,NS
ENSSSCG00000026829,5.15195414385682,3.835490839486783,-1.316463304370037,-0.32879818594104315,0.07010784129484465,21,21,0.27842598868122526,NS
ENSSSCG00000002805,0.9967990046913924,0.266801930513838,-0.7299970741775543,-0.24263038548752824,0.14969092977595583,21,21,0.401864822689913,NS
ENSSSCG00000024125,4.848650980202397,4.147347514153466,-0.7013034660489303,-0.3242630385487528,0.07408994000050295,21,21,0.287638363555999,NS
ENSSSCG00000031636,2.825656768957811,1.809133003233525,-1.016523765724286,-0.346938775510204,0.05589720011900272,21,21,0.2527717816851408,NS
ENSSSCG00000038251,2.616042545769708,1.6915190184505866,-0.9245235273191212,-0.383219954648526,0.03459373504072355,21,21,0.2067186606092017,NS
ENSSSCG00000037655,4.929753031454195,4.456931642208402,-0.47282138924579264,-0.038548752834467015,0.8405062858111236,21,21,0.9396794525202588,NS
ENSSSCG00000004750,1.017956581356221,0.43198455549300874,-0.5859720258632123,-0.2970521541950113,0.09254500134915088,21,21,0.31616469584421064,NS
ENSSSCG00000016960,2.527992256857727,1.7375454332641156,-0.7904468235936113,-0.20634920634920628,0.25763094153482324,21,21,0.523503631199315,NS
ENSSSCG00000007494,2.498427984163251,1.9693031834995098,-0.529124800663741,-0.26530612244897966,0.14455604430349378,21,21,0.3939827031871146,NS
ENSSSCG00000034966,0.4817599964620423,0.4030391313755889,-0.07872086508645343,0.3242630385487528,0.056243543295972406,21,21,0.2536691038858453,NS
ENSSSCG00000016078,3.5086230010022583,3.896881181835579,0.38825818083332075,0.20181405895691606,0.2683576760316526,21,21,0.5349996098742043,NS
ENSSSCG00000010158,0.9372849362456663,1.4989802941118788,0.5616953578662125,0.13378684807256236,0.46568579971233737,21,21,0.7103857207086134,NS
ENSSSCG00000004558,2.340663778385438,2.3763900800324342,0.035726301646996195,0.049886621315192725,0.791667439309527,21,21,0.9193218203428043,NS
ENSSSCG00000031429,6.455716659964493,7.995315267226937,1.5395986072624446,0.5963718820861679,0.000982809888455429,21,21,0.04417827813527798,Up (PA>IVF)
ENSSSCG00000024696,5.553043617132185,4.578025665024237,-0.9750179521079483,-0.35147392290249435,0.05274632203096375,21,21,0.24682112491978944,NS
ENSSSCG00000020737,1.4639133097658388,0.33740652771527924,-1.1265067820505594,-0.3877551020408163,0.03096240743572051,21,21,0.19907230616532534,NS
ENSSSCG00000004247,2.668298504823208,1.8297038164406334,-0.8385946883825748,-0.33333333333333326,0.06625911257207642,21,21,0.2723588264951059,NS
ENSSSCG00000008451,4.896121400621526,4.679137070753026,-0.2169843298684997,0.03401360544217691,0.8602230946114309,21,21,0.9490399532059208,NS
ENSSSCG00000028228,4.407785077270632,3.9401323072771284,-0.4676527699935038,-0.35147392290249435,0.05274632203096375,21,21,0.24682112491978944,NS
ENSSSCG00000011822,3.358561361806577,2.6474417703042223,-0.7111195915023547,-0.24716553287981857,0.17433363250882716,21,21,0.42834123173730454,NS
ENSSSCG00000000842,2.168828047330275,2.8235182490238735,0.6546902016935987,0.13832199546485258,0.4504456875848739,21,21,0.6984759079638868,NS
ENSSSCG00000035997,1.6026523186060229,1.047346245967841,-0.5553060726381818,-0.256235827664399,0.15749690551112283,21,21,0.4089176259717459,NS
ENSSSCG00000005601,1.598274096578977,1.2802093069741034,-0.3180647896048736,0.015873015873015928,0.9397576530819801,21,21,0.9783494422867809,NS
ENSSSCG00000007947,0.30362701492641986,1.0596976588913785,0.7560706439649586,0.35147392290249435,0.03635075502504552,21,21,0.21234539296334817,NS
ENSSSCG00000037558,1.6169591688284046,0.8085131491917463,-0.8084460196366583,-0.4467120181405895,0.01361504730764377,21,21,0.1343665870929123,NS
ENSSSCG00000034290,3.7434123158799872,3.2701240875355686,-0.47328822834441864,-0.03401360544217691,0.8602230946114309,21,21,0.9490399532059208,NS
ENSSSCG00000006775,2.762350179388223,1.9129056649222147,-0.8494445144660083,-0.24489795918367352,0.17833908134757448,21,21,0.4352189632210735,NS
ENSSSCG00000021250,2.083130256156759,1.284992810391254,-0.798137445765505,-0.346938775510204,0.05569848726267219,21,21,0.2527717816851408,NS
ENSSSCG00000004177,1.5670564066031039,0.6271454938463784,-0.9399109127567254,-0.3015873015873016,0.08578753439929127,21,21,0.3091496418228523,NS
ENSSSCG00000033966,1.9500102457508728,0.9643959288523112,-0.9856143168985616,-0.31065759637188206,0.0784486109991261,21,21,0.2952043178573807,NS
ENSSSCG00000026433,5.450973278137553,4.787322888236943,-0.6636503899006101,-0.3197278911564625,0.07825502308568134,21,21,0.29484995892048155,NS
ENSSSCG00000030610,3.2424605727581453,2.1513298083505865,-1.0911307644075587,-0.3786848072562359,0.03680447117105262,21,21,0.21234539296334817,NS
ENSSSCG00000023112,4.398917178052822,3.6384261972714946,-0.7604909807813276,-0.31065759637188206,0.08715676491040764,21,21,0.3091496418228523,NS
ENSSSCG00000000406,2.56636172351648,2.3273537210671966,-0.23900800244928355,-0.11564625850340127,0.5294187787914176,21,21,0.7578908227272798,NS
ENSSSCG00000014416,1.9572928856752436,1.9821242162381711,0.024831330562927523,0.027210884353741527,0.8899142915022451,21,21,0.965040287671819,NS
ENSSSCG00000003488,0.6579203711097252,0.47359343407838733,-0.1843269370313379,-0.04081632653061229,0.830447515680318,21,21,0.938943668250364,NS
ENSSSCG00000023187,0.9162591678664828,0.47960881137575256,-0.4366503564907302,-0.08163265306122458,0.6537402117552633,21,21,0.836916362254463,NS
ENSSSCG00000032768,1.3926542186313082,1.2478530394036373,-0.14480117922767088,0.02947845804988658,0.8799308364704173,21,21,0.9581000128681301,NS
ENSSSCG00000010518,2.745232711591003,2.3920298244819587,-0.35320288710904446,-0.08843537414965996,0.6326655579954358,21,21,0.8251293316812793,NS
ENSSSCG00000033278,1.9813771465014287,1.192206331483972,-0.7891708150174568,-0.28798185941043086,0.11295076462440864,21,21,0.3499967010457579,NS
ENSSSCG00000002410,1.2193112280563767,1.0736331648118314,-0.14567806324454535,-0.13378684807256236,0.4626789331490305,21,21,0.7103857207086134,NS
ENSSSCG00000000793,5.31117119971499,5.908395193457126,0.5972239937421362,0.26530612244897955,0.14455604430349378,21,21,0.3939827031871146,NS
ENSSSCG00000006892,4.70631013006987,3.1425723627533766,-1.5637377673164932,-0.510204081632653,0.004840772120689793,21,21,0.08343642398977885,NS
ENSSSCG00000038776,0.8758116605573475,0.07147681820032789,-0.8043348423570196,-0.5691609977324263,0.0009647572285309712,21,21,0.04417827813527798,NS
ENSSSCG00000001860,3.376223773323696,2.2291432471527295,-1.1470805261709667,-0.24263038548752824,0.17852859511721586,21,21,0.4352189632210735,NS
ENSSSCG00000031741,0.9549122999499036,0.5966635338907486,-0.358248766059155,-0.33333333333333326,0.06231254080405214,21,21,0.26545427392262594,NS
ENSSSCG00000011845,3.1616141493562773,1.3259297927644849,-1.8356843565917924,-0.5827664399092971,0.0012821978057311351,21,21,0.04872966243563211,Down (PA<IVF)
ENSSSCG00000017328,1.4643577518514612,1.066421293043328,-0.39793645880813333,-0.06802721088435382,0.7151814965285204,21,21,0.8770020818198087,NS
ENSSSCG00000029502,0.7350947731960095,0.05185806577165077,-0.6832367074243587,-0.2925170068027212,0.060314483644239233,21,21,0.26179224221173464,NS
ENSSSCG00000006620,1.3512502581448147,0.9631057093019066,-0.38814454884290805,-0.0748299319727892,0.6858722202247278,21,21,0.8572780981928975,NS
ENSSSCG00000000058,3.437570400647581,1.7014049006503482,-1.7361654999972327,-0.43764172335600904,0.015737324159875152,21,21,0.14112162579966475,NS
ENSSSCG00000000840,4.192947947492546,2.619464269642482,-1.573483677850064,-0.4058956916099774,0.025164969815949612,21,21,0.1780582660160118,NS
ENSSSCG00000033464,2.5479284675116234,0.4683545409294435,-2.0795739265821798,-0.6235827664399094,0.00041982894110284644,21,21,0.03258418874930428,Down (PA<IVF)
ENSSSCG00000000908,4.884118024862597,4.690176384069502,-0.19394164079309562,-0.038548752834467015,0.8404807789798207,21,21,0.9396794525202588,NS
ENSSSCG00000014569,1.2668091554069953,0.9947603180578399,-0.2720488373491554,-0.06349206349206349,0.7268160588006493,21,21,0.8832521104291327,NS
ENSSSCG00000027139,3.075807462193146,2.227010063095249,-0.8487973990978972,-0.17913832199546476,0.32655631642696226,21,21,0.5929529726545689,NS
ENSSSCG00000014244,3.135861229340717,2.8919958350482413,-0.24386539429247556,-0.16553287981859421,0.36514408957445854,21,21,0.6272800312138134,NS
ENSSSCG00000013052,1.5291421312826698,1.7855937531412356,0.25645162185856574,0.12244897959183676,0.5049930879064096,21,21,0.7421278027073629,NS
ENSSSCG00000033356,3.751603315727842,1.9449065444289686,-1.8066967712988733,-0.5736961451247165,0.0015263670152105711,21,21,0.0505977886445505,NS
ENSSSCG00000018033,7.413131953223804,7.922110934489443,0.5089789812656393,0.2562358276643991,0.15891754968522953,21,21,0.4089176259717459,NS
ENSSSCG00000013001,1.446073070218149,1.6518089800162175,0.20573590979806844,0.14739229024943312,0.42081027258781667,21,21,0.6751374148904354,NS
ENSSSCG00000004582,2.7757076951383355,3.4582080382850116,0.6825003431466761,0.21541950113378683,0.2370788366276667,21,21,0.49934320517832165,NS
ENSSSCG00000022714,1.4458872801432483,1.4018795327592786,-0.04400774738396973,-0.05215419501133778,0.7809598763099395,21,21,0.9109394814543041,NS
ENSSSCG00000026617,2.604643252281536,1.1750227851950104,-1.4296204670865256,-0.5555555555555556,0.0021477637414257737,21,21,0.06164710990033811,NS
ENSSSCG00000010135,2.0989576601932765,1.016865707811664,-1.0820919523816124,-0.46031746031746024,0.011058882124940939,21,21,0.12200364978627651,NS
ENSSSCG00000003165,1.653443351532867,0.5946590441885764,-1.0587843073442906,-0.4285714285714286,0.01703263266272794,21,21,0.14715851393742277,NS
ENSSSCG00000027017,1.4418587949257882,0.2944809928465399,-1.1473778020792482,-0.6507936507936507,0.00023161584171894035,21,21,0.024074010215029255,Down (PA<IVF)
ENSSSCG00000024232,1.7724069449853048,1.235181830496791,-0.5372251144885138,-0.26077097505668934,0.15102658173488542,21,21,0.401864822689913,NS
ENSSSCG00000020808,3.2157607833762634,3.082050169996557,-0.13371061337970636,-0.038548752834467015,0.8405062858111236,21,21,0.9396794525202588,NS
ENSSSCG00000005000,2.689489775479036,2.4181591924275705,-0.2713305830514656,-0.15646258503401356,0.39238776291674793,21,21,0.6539796048612466,NS
ENSSSCG00000017202,4.5127173511110215,4.487524637199151,-0.025192713911870612,-0.024943310657596474,0.89990710207531,21,21,0.965040287671819,NS
ENSSSCG00000009157,1.2131471998923746,0.20003328532554826,-1.0131139145668264,-0.655328798185941,0.0002724604855128801,21,21,0.024921052408244767,Down (PA<IVF)
ENSSSCG00000000877,4.418409390808059,3.2156726437104672,-1.202736747097592,-0.46031746031746024,0.011062138508318366,21,21,0.12200364978627651,NS
ENSSSCG00000037673,1.2141417839318467,0.886441190646133,-0.32770059328571366,-0.22448979591836737,0.2177133653142379,21,21,0.47992085027495884,NS
ENSSSCG00000003931,2.3093087403478347,1.6626439913907223,-0.6466647489571125,-0.24263038548752824,0.18244838844550215,21,21,0.4396192289203178,NS
ENSSSCG00000000669,1.03708090222221,1.8733130205452668,0.8362321183230568,0.5147392290249433,0.004025956893638115,21,21,0.07727244720864224,NS
ENSSSCG00000005403,4.1855871513196705,3.9046292875966335,-0.280957863723037,-0.20634920634920628,0.25763094153482324,21,21,0.523503631199315,NS
ENSSSCG00000028865,2.3089925250637333,2.5516716102143855,0.24267908515065217,0.04308390022675734,0.820889035690062,21,21,0.9318998211511518,NS
ENSSSCG00000002505,3.2982501595672895,1.1594749153640889,-2.1387752442032006,-0.6462585034013606,0.00035410969816573705,21,21,0.029624299139231175,Down (PA<IVF)
ENSSSCG00000029169,1.1947424389597516,0.7762059693932408,-0.4185364695665108,-0.19274376417233552,0.28747562565559903,21,21,0.5552034887380094,NS
ENSSSCG00000001731,2.567518904316203,2.2478437640713795,-0.31967514024482346,-0.08843537414965996,0.632679341784771,21,21,0.8251293316812793,NS
ENSSSCG00000005976,0.3797960802026384,0.9688084517729829,0.5890123715703446,0.19501133786848068,0.2713976486033677,21,21,0.5393359992523472,NS
ENSSSCG00000006694,2.686349713535694,1.6371694673723098,-1.0491802461633841,-0.3378684807256236,0.06267010552721387,21,21,0.26545427392262594,NS
ENSSSCG00000033854,0.978956271417366,0.19201763113086634,-0.7869386402864996,-0.31746031746031744,0.03717568392376297,21,21,0.21394730848742782,NS
ENSSSCG00000040642,0.6357083067961607,0.16561569240153523,-0.4700926143946255,-0.4467120181405895,0.004767866570583392,21,21,0.08343642398977885,NS
ENSSSCG00000015883,2.599804564420748,1.444151797150986,-1.155652767269762,-0.41496598639455784,0.02206934007346684,21,21,0.1674730894955559,NS
ENSSSCG00000011732,3.8743871535527754,4.46782857822036,0.593441424667585,0.17913832199546487,0.32655631642696226,21,21,0.5929529726545689,NS
ENSSSCG00000002875,1.398388707526968,1.208318439310007,-0.19007026821696105,0.17233560090702948,0.3398483961073483,21,21,0.6019519745149521,NS
ENSSSCG00000010897,1.3314849622690181,0.14637370875262817,-1.18511125351639,-0.5510204081632653,0.0020718144097282795,21,21,0.06073780705442734,NS
ENSSSCG00000014068,2.033133093729915,1.274429503558018,-0.7587035901718968,-0.24716553287981857,0.17433363250882716,21,21,0.42834123173730454,NS
ENSSSCG00000035622,6.978091755738513,6.0726067883522346,-0.9054849673862782,-0.4104308390022675,0.023573092816297346,21,21,0.17258422275325483,NS
ENSSSCG00000013347,1.4966279901159993,0.6133576375475107,-0.8832703525684886,-0.3424036281179139,0.058843392435883476,21,21,0.25790327958396714,NS
ENSSSCG00000003520,2.1093374520536536,2.2312329125858277,0.12189546053217404,0.024943310657596363,0.89990710207531,21,21,0.965040287671819,NS
ENSSSCG00000011864,1.1815024337834723,1.056998494826222,-0.1245039389572502,-0.009070294784580435,0.9696969159067411,21,21,0.9946937019528808,NS
ENSSSCG00000032146,1.7053619759497254,0.6029664519116144,-1.1023955240381111,-0.44217687074829937,0.014204198702936979,21,21,0.13724056774950377,NS
ENSSSCG00000014030,1.015860710132635,1.0037186711128483,-0.01214203901978661,0.06349206349206349,0.7337924510869359,21,21,0.8882254648150515,NS
ENSSSCG00000011013,3.6423694887744325,3.520807331489845,-0.12156215728458752,-0.11111111111111116,0.5460180023945915,21,21,0.7703997318854171,NS
ENSSSCG00000000296,9.256371152606826,10.436848938694492,1.1804777860876658,0.21995464852607705,0.22724906376880494,21,21,0.49084652942506357,NS
ENSSSCG00000034481,1.0578262373728917,0.2865756908050449,-0.7712505465678468,-0.256235827664399,0.13586301062659722,21,21,0.3858781529159893,NS
ENSSSCG00000005344,4.94112830357285,4.74560544249384,-0.1955228610790103,-0.09297052154195007,0.6148835592723955,21,21,0.8157225327032747,NS
ENSSSCG00000038465,1.9729265409200456,1.1188130546451474,-0.8541134862748982,-0.39229024943310664,0.030504179599934192,21,21,0.19671511075924816,NS
ENSSSCG00000000364,1.0842307641175952,1.2277144309169683,0.14348366679937308,0.038548752834467126,0.8401480727159747,21,21,0.9396794525202588,NS
ENSSSCG00000040383,1.875408086103177,1.9053467066110978,0.029938620507920843,-0.04308390022675734,0.820889035690062,21,21,0.9318998211511518,NS
ENSSSCG00000007077,3.795468406522106,3.1099765176059213,-0.6854918889161845,-0.24716553287981857,0.17433363250882716,21,21,0.42834123173730454,NS
ENSSSCG00000032398,3.9310192420346315,2.780963885624994,-1.1500553564096374,-0.3786848072562359,0.03680447117105262,21,21,0.21234539296334817,NS
ENSSSCG00000032947,3.043868160832147,2.3106435919851274,-0.7332245688470196,-0.21541950113378694,0.2370788366276667,21,21,0.49934320517832165,NS
ENSSSCG00000040905,3.289177243312718,2.047903946242662,-1.2412732970700562,-0.346938775510204,0.05589720011900272,21,21,0.2527717816851408,NS
ENSSSCG00000039393,4.312477659204424,3.6618737097113674,-0.6506039494930564,0.015873015873015928,0.9398429773571263,21,21,0.9783494422867809,NS
ENSSSCG00000035320,1.2454463571228322,0.9758698819034082,-0.26957647521942407,-0.12471655328798192,0.4955372130213227,21,21,0.7336937392345346,NS
ENSSSCG00000035213,2.3572388548362206,4.711356470264654,2.3541176154284336,0.5736961451247166,0.0015263670152105711,21,21,0.0505977886445505,NS
ENSSSCG00000039609,1.5219082826061539,0.6938860491413903,-0.8280222334647636,-0.36281179138322006,0.044779222766980216,21,21,0.23166324900564428,NS
ENSSSCG00000036766,1.9152075163631104,2.1915779085534175,0.2763703921903071,0.1428571428571429,0.435306068404295,21,21,0.6880757384611778,NS
ENSSSCG00000006000,3.524713663225504,2.609794243101285,-0.9149194201242192,-0.2743764172335601,0.13121079099148933,21,21,0.37835478192585825,NS
ENSSSCG00000035258,0.8928280697587601,0.41750699555492127,-0.4753210742038388,-0.20634920634920628,0.2569552553814506,21,21,0.523503631199315,NS
ENSSSCG00000027270,0.7695360862139508,0.5863919437335294,-0.18314414248042132,-0.1541950113378685,0.39871699012489026,21,21,0.661707359039476,NS
ENSSSCG00000011731,4.5737639382131885,5.360140952789432,0.7863770145762432,0.30612244897959184,0.09190475432879934,21,21,0.3146040991494828,NS
ENSSSCG00000005575,1.2222327992084125,0.5150964102326422,-0.7071363889757704,-0.399092970521542,0.02750640157187849,21,21,0.18775513908764818,NS
ENSSSCG00000003153,8.464614914632001,8.1516182459255,-0.3129966687065018,-0.1383219954648527,0.4504456875848739,21,21,0.6984759079638868,NS
ENSSSCG00000020931,2.2152611416571455,1.0937458825245743,-1.1215152591325712,-0.41496598639455784,0.02206934007346684,21,21,0.1674730894955559,NS
ENSSSCG00000022659,2.1219868107747053,1.1762735746019142,-0.9457132361727911,-0.4240362811791383,0.01931040712292347,21,21,0.15552648422397167,NS
ENSSSCG00000003820,5.956810788139792,5.691619539595301,-0.2651912485444905,-0.05668934240362811,0.7627520182258121,21,21,0.9015297803289233,NS
ENSSSCG00000029877,3.0299703916039937,1.9972585025360001,-1.0327118890679936,-0.3605442176870748,0.046888776900571166,21,21,0.2350491979746632,NS
ENSSSCG00000008801,4.190739741999259,4.804584354111178,0.6138446121119188,0.2562358276643991,0.15891754968522953,21,21,0.4089176259717459,NS
ENSSSCG00000036296,1.4570547303502834,1.1811821894803045,-0.2758725408699789,-0.15646258503401356,0.3920038299519908,21,21,0.6539796048612466,NS
ENSSSCG00000009791,1.968956385051503,1.3683723012350757,-0.6005840838164274,-0.3378684807256236,0.06267010552721387,21,21,0.26545427392262594,NS
ENSSSCG00000017772,2.939864677846928,3.0121662641121927,0.07230158626526473,-0.07029478458049887,0.705923845633216,21,21,0.8691022220107433,NS
ENSSSCG00000024072,0.6716927306168953,0.4965642975594885,-0.17512843305740677,0.09977324263038545,0.5815629833869818,21,21,0.795835241578834,NS
ENSSSCG00000035811,1.406540209017204,1.1127244384844626,-0.2938157705327413,-0.0748299319727892,0.6869012842983792,21,21,0.8572780981928975,NS
ENSSSCG00000011000,5.452157065110403,5.588450101651335,0.13629303654093228,0.13832199546485258,0.4504456875848739,21,21,0.6984759079638868,NS
ENSSSCG00000030222,3.916835649510016,2.671976908893915,-1.2448587406161007,-0.32879818594104315,0.07010784129484465,21,21,0.27842598868122526,NS
ENSSSCG00000023956,2.054617532115646,1.6030397841674868,-0.4515777479481593,-0.19274376417233552,0.29072107953069615,21,21,0.5572357098576629,NS
ENSSSCG00000008990,0.5972262622674831,0.7012824352049103,0.1040561729374272,0.024943310657596363,0.8975686145095042,21,21,0.965040287671819,NS
ENSSSCG00000028663,1.7341035797488498,0.9368281168798399,-0.7972754628690099,-0.30612244897959173,0.09190475432879934,21,21,0.3146040991494828,NS
ENSSSCG00000002023,0.8424995560765693,0.6316621353850509,-0.21083742069151845,-0.2290249433106577,0.20839504825646094,21,21,0.46888391299875337,NS
ENSSSCG00000030497,0.9978722906987485,0.3413034598230827,-0.6565688308756659,-0.48752834467120176,0.0067315563930659,21,21,0.09930855237942382,NS
ENSSSCG00000018065,4.716629994388869,4.723528406104995,0.0068984117161257075,-0.06575963718820854,0.7247030031611088,21,21,0.8813087398839223,NS
ENSSSCG00000017430,6.66812640164778,7.006847525399177,0.3387211237513972,0.09297052154195007,0.6148835592723955,21,21,0.8157225327032747,NS
ENSSSCG00000034818,0.8502061328835421,0.05904526902117592,-0.7911608638623662,-0.39682539682539675,0.009093079158208004,21,21,0.11382942157902722,NS
ENSSSCG00000004807,0.4904610405078792,0.322502515358565,-0.1679585251493142,-0.21541950113378694,0.1832592950961116,21,21,0.44079900573608893,NS
ENSSSCG00000038928,1.2464714232970469,1.7905401110288077,0.5440686877317609,0.2925170068027211,0.10569442575685203,21,21,0.341182200877206,NS
ENSSSCG00000006061,4.3880989812619475,4.5587429847214125,0.17064400345946495,-0.01133786848072571,0.9598741753513395,21,21,0.9869209896448123,NS
ENSSSCG00000000612,2.8626606905674374,1.9772912309265078,-0.8853694596409296,-0.3424036281179139,0.059203310186616454,21,21,0.25790327958396714,NS
ENSSSCG00000033814,3.1183788312334135,2.0153625514123688,-1.1030162798210448,-0.43310657596371893,0.01685776486063875,21,21,0.1460154885656336,NS
ENSSSCG00000014934,5.065188374197193,4.668400274787203,-0.3967880994099904,-0.024943310657596474,0.89990710207531,21,21,0.965040287671819,NS
ENSSSCG00000008048,3.192876082229082,2.098451726924783,-1.094424355304299,-0.32879818594104315,0.07010784129484465,21,21,0.27842598868122526,NS
ENSSSCG00000027351,0.9318268603848219,0.08259442504568788,-0.849232435339134,-0.383219954648526,0.020828475195945537,21,21,0.16348208220158625,NS
ENSSSCG00000008792,3.4612790780172675,1.8938655131006494,-1.567413564916618,-0.5147392290249433,0.004474738185203056,21,21,0.08099394182188116,NS
ENSSSCG00000013991,4.540647340604889,3.164081308080764,-1.3765660325241251,-0.3560090702947847,0.04974528689592373,21,21,0.24014966087687317,NS
ENSSSCG00000012252,4.871599634178571,5.143287230106763,0.27168759592819214,-0.020408163265306145,0.9198497691906573,21,21,0.9725908472022055,NS
ENSSSCG00000015943,1.775089633038392,0.8196587010676973,-0.9554309319706947,-0.383219954648526,0.03418414406011884,21,21,0.2067186606092017,NS
ENSSSCG00000039321,1.1919204077162797,0.3929589117910774,-0.7989614959252023,-0.47845804988662133,0.007693897372825556,21,21,0.10556027195516662,NS
ENSSSCG00000010145,3.105938283414576,1.5410698770651756,-1.5648684063494003,-0.4693877551020409,0.009568602449700998,21,21,0.1161780757609714,NS
ENSSSCG00000003718,2.6862340995707794,1.2212284593382754,-1.465005640232504,-0.45351473922902485,0.012279426415036964,21,21,0.12839256829326903,NS
ENSSSCG00000008735,2.03366315129486,1.899756433148429,-0.13390671814643107,-0.16099773242630389,0.37861508946133926,21,21,0.6403962425284595,NS
ENSSSCG00000036491,4.447026882700976,5.557566997225932,1.110540114524956,0.4058956916099773,0.025164969815949612,21,21,0.1780582660160118,NS
ENSSSCG00000007499,1.9713898144370143,2.742763025756043,0.7713732113190288,0.28798185941043086,0.11300913889451222,21,21,0.3499967010457579,NS
ENSSSCG00000024623,2.7377503587864873,1.9533988511480664,-0.7843515076384209,-0.2925170068027212,0.10740497958129895,21,21,0.34142639477651104,NS
ENSSSCG00000030343,1.7959491074327092,1.779943631863987,-0.016005475568722227,0.04535147392290251,0.8111139459191504,21,21,0.9306308193686857,NS
ENSSSCG00000012879,0.5636582615597643,0.3184371797374911,-0.2452210818222732,-0.15646258503401356,0.3761264552239846,21,21,0.6403962425284595,NS
ENSSSCG00000017672,2.873844008121824,2.608453634912766,-0.26539037320905834,-0.08390022675736963,0.6506903704105349,21,21,0.8344026504702031,NS
ENSSSCG00000036686,5.07768676169688,5.103784561400169,0.026097799703289404,-0.0975056689342404,0.597311573194272,21,21,0.8062920726419195,NS
ENSSSCG00000001904,1.4176273052560877,0.46484190490254496,-0.9527854003535428,-0.4512471655328798,0.012632773549606997,21,21,0.1298645175359153,NS
ENSSSCG00000012642,3.6190733639846435,2.998436614117831,-0.6206367498668124,-0.23809523809523814,0.1908399057704352,21,21,0.44742370252398683,NS
ENSSSCG00000006365,3.5514763717323583,3.5832325740480124,0.031756202315654125,-0.020408163265306145,0.9198497691906573,21,21,0.9725908472022055,NS
ENSSSCG00000032312,5.294353139182671,3.9836305890810646,-1.3107225501016062,-0.473922902494331,0.008891524663685195,21,21,0.1127333823513184,NS
ENSSSCG00000004047,1.9075933769280067,3.47090257957123,1.5633092026432232,0.5102040816326531,0.004840772120689793,21,21,0.08343642398977885,NS
ENSSSCG00000020666,1.9208558511365337,0.9063100092228877,-1.014545841913646,-0.4172335600907029,0.02134400007329561,21,21,0.16619732179660374,NS
ENSSSCG00000009536,2.5630934031004493,1.3475826138283247,-1.2155107892721246,-0.46031746031746024,0.011049115710647095,21,21,0.12200364978627651,NS
ENSSSCG00000030548,1.3713461230993398,1.2007218038396064,-0.17062431925973343,-0.13378684807256236,0.46568579971233737,21,21,0.7103857207086134,NS
ENSSSCG00000001903,1.4874125224801307,0.5933624663880893,-0.8940500560920414,-0.48752834467120176,0.006461252980563914,21,21,0.09765862760280812,NS
ENSSSCG00000012377,2.2040452838284645,2.3386233592821006,0.1345780754536361,0.08843537414965985,0.632679341784771,21,21,0.8251293316812793,NS
ENSSSCG00000034156,1.116973586908558,0.6109227525859491,-0.5060508343226089,-0.26077097505668934,0.15127556120910746,21,21,0.401864822689913,NS
ENSSSCG00000037445,1.945480833120987,1.7911045284084213,-0.1543763047125657,-0.038548752834467015,0.8390849723098348,21,21,0.9396794525202588,NS
ENSSSCG00000027429,2.083941219904162,0.6726885213282908,-1.411252698575871,-0.5238095238095237,0.0037672439064539752,21,21,0.07611618787019973,NS
ENSSSCG00000004371,2.6454365077462008,0.988071110784949,-1.6573653969612518,-0.6462585034013606,0.0003539139944278542,21,21,0.029624299139231175,Down (PA<IVF)
ENSSSCG00000010625,4.985211833722438,3.794038042194741,-1.1911737915276972,-0.32879818594104315,0.07010784129484465,21,21,0.27842598868122526,NS
ENSSSCG00000035134,0.573627786179771,0.4134692878574767,-0.16015849832229423,0.020408163265306145,0.9186451055185145,21,21,0.9725908472022055,NS
ENSSSCG00000010440,3.116938867809929,2.7389328318097923,-0.3780060360001367,-0.1020408163265305,0.5799715449870863,21,21,0.794449839978317,NS
ENSSSCG00000035824,2.5645304563080713,1.754630018876339,-0.8099004374317322,-0.28344671201814053,0.11884122094676833,21,21,0.3593522290120254,NS
ENSSSCG00000001137,0.9461063017912716,0.4713917517096619,-0.47471455008160973,-0.14739229024943312,0.41385728530294785,21,21,0.6735613231739555,NS
ENSSSCG00000038913,2.7158644511475702,2.017101066039555,-0.6987633851080153,-0.21995464852607705,0.22724906376880494,21,21,0.49084652942506357,NS
ENSSSCG00000017529,1.8227160496747141,1.5475331117983242,-0.2751829378763899,-0.05668934240362811,0.7627147144382511,21,21,0.9015297803289233,NS
ENSSSCG00000001946,1.6089447495894864,0.8417535157177137,-0.7671912338717727,-0.4058956916099774,0.0246707527411037,21,21,0.1780582660160118,NS
ENSSSCG00000006538,1.3177223588033589,1.6643569771376197,0.3466346183342608,0.14739229024943312,0.4208290941795192,21,21,0.6751374148904354,NS
ENSSSCG00000022101,2.8531304149382564,1.9069166273130131,-0.9462137876252432,-0.28798185941043086,0.11300913889451222,21,21,0.3499967010457579,NS
ENSSSCG00000004196,2.151531116533926,0.38626943495244825,-1.7652616815814777,-0.7324263038548753,4.703135005741116e-05,21,21,0.011949446718290393,Down (PA<IVF)
ENSSSCG00000005528,0.945172418536137,0.44809270467194995,-0.49707971386418703,-0.4013605442176871,0.023469288916429708,21,21,0.17258422275325483,NS
ENSSSCG00000017790,3.3182677244183556,3.1843325443575954,-0.13393518006076022,-0.1383219954648527,0.4504456875848739,21,21,0.6984759079638868,NS
ENSSSCG00000005084,2.1888052466261225,2.016826977896448,-0.1719782687296747,-0.10657596371882083,0.5628712368271559,21,21,0.7833833809361512,NS
ENSSSCG00000026466,1.5475092024548214,0.7235611933049467,-0.8239480091498746,-0.3242630385487528,0.07397279107102037,21,21,0.287638363555999,NS
ENSSSCG00000027190,2.76748455165867,3.4812243407000887,0.7137397890414188,0.29931972789115646,0.09940034070235092,21,21,0.3295729034403709,NS
ENSSSCG00000015669,2.4628610692039072,1.8186510192859624,-0.6442100499179448,-0.20634920634920628,0.25763094153482324,21,21,0.523503631199315,NS
ENSSSCG00000009186,0.8987870911449798,0.29630456750450096,-0.6024825236404788,-0.4920634920634921,0.003328912542808648,21,21,0.07226689887236495,NS
ENSSSCG00000009491,2.4465184994642,1.807087867285399,-0.639430632178801,-0.16326530612244894,0.371822386258437,21,21,0.6365614099657793,NS
ENSSSCG00000037679,3.291446898984179,3.0273158942418457,-0.26413100474233353,-0.015873015873015817,0.9398429773571263,21,21,0.9783494422867809,NS
ENSSSCG00000026194,3.8321946017481747,3.34191961867638,-0.4902749830717945,-0.11111111111111116,0.5460180023945915,21,21,0.7703997318854171,NS
ENSSSCG00000015973,1.6416228357598703,0.9150148593775249,-0.7266079763823454,-0.32879818594104315,0.06947217914169974,21,21,0.27842598868122526,NS
ENSSSCG00000032650,2.156126183051021,2.0876603035165697,-0.06846587953445127,0.0022675736961451642,1.0,21,21,1.0,NS
ENSSSCG00000037221,0.8663641967725411,0.6122013192354308,-0.2541628775371103,-0.39682539682539675,0.023530973115867704,21,21,0.17258422275325483,NS
ENSSSCG00000023556,1.8674750515583152,0.8659470823424856,-1.0015279692158296,-0.3696145124716552,0.041126361229177975,21,21,0.2244664069512958,NS
ENSSSCG00000005009,3.422830847985351,2.7914461241167112,-0.6313847238686399,-0.15192743764172345,0.4064599583160081,21,21,0.664517472366019,NS
ENSSSCG00000024361,0.8198632306430178,0.599001485519609,-0.22086174512340884,-0.19727891156462585,0.2750664534012466,21,21,0.5439480744688819,NS
ENSSSCG00000024655,1.0486636341585966,0.29069417529641417,-0.7579694588621825,-0.5464852607709751,0.0021824064780301172,21,21,0.06193985708319682,NS
ENSSSCG00000009244,1.8009301010264205,1.0881364851445239,-0.7127936158818966,-0.30612244897959173,0.09190475432879934,21,21,0.3146040991494828,NS
ENSSSCG00000006159,1.7494586491417945,1.5428280351668813,-0.20663061397491322,0.0022675736961451642,1.0,21,21,1.0,NS
ENSSSCG00000008987,4.476613383730468,4.002830114228013,-0.4737832695024551,-0.1201814058956916,0.5130800796227113,21,21,0.7460214807570579,NS
ENSSSCG00000037381,1.4196465291357907,1.2290963453910457,-0.19055018374474497,-0.18594104308390014,0.3082747742377224,21,21,0.5777928949887948,NS
ENSSSCG00000000529,2.520781526550082,0.9080079506681848,-1.6127735758818973,-0.5351473922902494,0.0031065038254538793,21,21,0.07135641789976087,NS
ENSSSCG00000001814,1.4566878003244323,1.4160333785112609,-0.04065442181317147,0.04761904761904767,0.8013516659397524,21,21,0.9213153463710844,NS
ENSSSCG00000028633,2.4510433594875374,1.8439886833800205,-0.6070546761075168,-0.2335600907029478,0.19951213436010184,21,21,0.4574984559108449,NS
ENSSSCG00000021229,3.7681718625954232,3.675199049650454,-0.09297281294496917,0.04761904761904767,0.8013831883084928,21,21,0.9213153463710844,NS
ENSSSCG00000032622,0.4359653134941838,0.6429413311885288,0.20697601769434498,0.1201814058956916,0.49852810396206615,21,21,0.7356211643750858,NS
ENSSSCG00000016234,4.110687710536389,2.3310549227957273,-1.779632787740662,-0.5782312925170068,0.001399379518924129,21,21,0.04872966243563211,Down (PA<IVF)
ENSSSCG00000005054,1.819006351663413,0.9132437173556506,-0.9057626343077624,-0.4920634920634921,0.006591245565612268,21,21,0.09765862760280812,NS
ENSSSCG00000034984,2.539219330994473,1.8379442999389373,-0.7012750310555356,-0.3242630385487528,0.07408994000050295,21,21,0.287638363555999,NS
ENSSSCG00000005184,4.309680408164749,3.9065046655774736,-0.40317574258727573,-0.08843537414965996,0.632679341784771,21,21,0.8251293316812793,NS
ENSSSCG00000033272,1.5134634844592652,1.1538063577599036,-0.35965712669936156,-0.20181405895691618,0.2683576760316526,21,21,0.5349996098742043,NS
ENSSSCG00000033998,0.9034727660295891,0.07671380676734164,-0.8267589592622475,-0.5034013605442176,0.0020584319099564968,21,21,0.06060447597554321,NS
ENSSSCG00000005058,1.7026979226575452,1.0118516644860538,-0.6908462581714914,-0.31065759637188206,0.0871055531650067,21,21,0.3091496418228523,NS
ENSSSCG00000024628,1.0770703433561073,0.1665589290641129,-0.9105114142919943,-0.7346938775510203,1.70014017321958e-05,21,21,0.0072893509926789495,NS
ENSSSCG00000000194,4.093527049658105,3.776969903030146,-0.3165571466279591,0.0022675736961451642,1.0,21,21,1.0,NS
ENSSSCG00000039740,0.9923237773881682,0.9610721034491496,-0.03125167393901862,0.1428571428571429,0.4344477408452442,21,21,0.6880757384611778,NS
ENSSSCG00000014040,4.141040891185529,3.0546214875575233,-1.086419403628006,-0.3424036281179139,0.059203310186616454,21,21,0.25790327958396714,NS
ENSSSCG00000015011,1.5063514670238025,1.433315766908275,-0.07303570011552751,0.0022675736961451642,1.0,21,21,1.0,NS
ENSSSCG00000002740,1.1632882382502885,0.3198784173323914,-0.8434098209178971,-0.4965986394557824,0.005661856393806738,21,21,0.09074844593811734,NS
ENSSSCG00000024157,1.703640572692302,0.9159787131837641,-0.787661859508538,-0.4104308390022675,0.023573092816297346,21,21,0.17258422275325483,NS
ENSSSCG00000009864,2.2097879174653565,1.4171597316541884,-0.7926281858111681,-0.3424036281179139,0.059203310186616454,21,21,0.25790327958396714,NS
ENSSSCG00000029518,4.887348439565042,5.213181144184891,0.3258327046198488,-0.09297052154195007,0.6148835592723955,21,21,0.8157225327032747,NS
ENSSSCG00000011772,2.164074430052363,1.4655224723750575,-0.6985519576773054,-0.2630385487528344,0.14803318132312077,21,21,0.39949159082478697,NS
ENSSSCG00000007188,3.4801739718906797,3.294607810705151,-0.1855661611855286,-0.03401360544217691,0.8602230946114309,21,21,0.9490399532059208,NS
ENSSSCG00000012134,2.3448595985510616,1.7860075575816532,-0.5588520409694084,-0.14739229024943312,0.4208290941795192,21,21,0.6751374148904354,NS
ENSSSCG00000003792,2.792624087087394,4.431570939300274,1.6389468522128796,0.41950113378684806,0.020649731723361393,21,21,0.162637381885487,NS
ENSSSCG00000010627,2.3015022066485153,1.8390080621181863,-0.462494144530329,-0.17460317460317465,0.33911360013116165,21,21,0.6008056035381634,NS
ENSSSCG00000023593,1.9928750681882097,1.9733001076886336,-0.019574960499576077,-0.03401360544217691,0.8602230946114309,21,21,0.9490399532059208,NS
ENSSSCG00000011061,0.7989710545166497,0.18765391418868937,-0.6113171403279604,-0.48752834467120176,0.003632489159904137,21,21,0.07543330612582676,NS
ENSSSCG00000033421,1.990445401228914,1.1724153542804483,-0.8180300469484656,-0.17006802721088432,0.35033159203607855,21,21,0.6139228892038759,NS
ENSSSCG00000006066,4.036221282638172,3.1494512375262325,-0.8867700451119394,-0.26077097505668934,0.15160731211683598,21,21,0.401864822689913,NS
ENSSSCG00000014084,3.1123095491025645,2.58642224273744,-0.5258873063651244,-0.12244897959183665,0.5049930879064096,21,21,0.7421278027073629,NS
ENSSSCG00000025298,1.883378081429141,1.5355619012999124,-0.34781618012922855,-0.17913832199546476,0.32647790350951655,21,21,0.5929529726545689,NS
ENSSSCG00000038552,2.6597565754401424,2.857522509365828,0.19776593392568564,0.08390022675736963,0.6504258436811943,21,21,0.8344026504702031,NS
ENSSSCG00000011506,2.6552368535608397,1.5039797039478293,-1.1512571496130104,-0.31065759637188206,0.08715676491040764,21,21,0.3091496418228523,NS
ENSSSCG00000002441,4.687965951519705,2.2994222696246838,-2.388543681895021,-0.6190476190476191,0.0006234989868133887,21,21,0.041069514550919034,Down (PA<IVF)
ENSSSCG00000017420,3.587481811057414,4.827163369857595,1.2396815588001808,0.5011337868480725,0.005655195276783268,21,21,0.09074844593811734,NS
ENSSSCG00000003660,2.0505004310997843,1.1508934298182805,-0.8996070012815038,-0.24489795918367352,0.17833908134757448,21,21,0.4352189632210735,NS
ENSSSCG00000014147,3.5252431857130753,3.24456501579823,-0.2806781699148453,-0.09297052154195007,0.6148835592723955,21,21,0.8157225327032747,NS
ENSSSCG00000010952,2.172500473209271,1.1482921453317925,-1.0242083278774787,-0.32879818594104315,0.06999429985008841,21,21,0.27842598868122526,NS
ENSSSCG00000035908,4.463738601209603,6.126879650538931,1.6631410493293277,0.5102040816326531,0.004840772120689793,21,21,0.08343642398977885,NS
ENSSSCG00000034753,3.3115916426887577,2.871558970900332,-0.44003267178842576,-0.0748299319727892,0.6873220903878915,21,21,0.8572780981928975,NS
ENSSSCG00000013444,0.4096937242060448,0.14652207755789956,-0.2631716466481452,-0.2902494331065759,0.032466294467184305,21,21,0.20315497363626772,NS
ENSSSCG00000011933,1.867092912228411,0.43117039531035073,-1.4359225169180603,-0.6984126984126984,8.332843349547858e-05,21,21,0.015767392721899653,Down (PA<IVF)
ENSSSCG00000011766,5.082226727110226,4.425165244525045,-0.6570614825851804,-0.19274376417233552,0.29072107953069615,21,21,0.5572357098576629,NS
ENSSSCG00000033786,2.6409032458293473,1.61156664581867,-1.0293366000106774,-0.3197278911564625,0.07825502308568134,21,21,0.29484995892048155,NS
ENSSSCG00000011763,1.3006131613321965,1.0330963963541417,-0.26751676497805477,-0.15192743764172345,0.40416541355303315,21,21,0.664517472366019,NS
ENSSSCG00000006284,3.2792236541319264,1.740718430859685,-1.5385052232722414,-0.5782312925170068,0.001399379518924129,21,21,0.04872966243563211,Down (PA<IVF)
ENSSSCG00000000190,4.0769608856804,4.19955774210907,0.12259685642866991,0.15646258503401356,0.39238776291674793,21,21,0.6539796048612466,NS
ENSSSCG00000009769,0.9952183529294826,0.43953089287229524,-0.5556874600571873,-0.39229024943310664,0.011595606465136288,21,21,0.12484435276736633,NS
ENSSSCG00000027089,2.7619803797860403,2.713843899231306,-0.048136480554734185,-0.06575963718820854,0.7247030031611088,21,21,0.8813087398839223,NS
ENSSSCG00000016692,6.900727989381223,6.913548774589287,0.0128207852080644,-0.061224489795918435,0.7436492622639466,21,21,0.8907689783709924,NS
ENSSSCG00000037653,1.5691596341195144,0.8859037725583357,-0.6832558615611787,-0.31065759637188206,0.08608120138099416,21,21,0.3091496418228523,NS
ENSSSCG00000002849,3.2832820251926385,2.5987044317089913,-0.6845775934836471,-0.28344671201814053,0.11884122094676833,21,21,0.3593522290120254,NS
ENSSSCG00000005207,1.957687719296832,1.9089421222401473,-0.0487455970566848,0.0022675736961451642,1.0,21,21,1.0,NS
ENSSSCG00000033500,2.142299319292155,1.4450670131891306,-0.6972323061030243,-0.3197278911564625,0.07820671425687437,21,21,0.29484995892048155,NS
ENSSSCG00000014133,0.34079565886268665,0.3413154399316725,0.0005197810689858695,0.07709750566893425,0.5784125867843966,21,21,0.794449839978317,NS
ENSSSCG00000000696,0.612354697244835,0.5504992097507755,-0.06185548749405956,-0.2857142857142858,0.10578637627781592,21,21,0.341182200877206,NS
ENSSSCG00000030605,2.7368612004762376,1.5537414835778798,-1.1831197168983578,-0.43310657596371893,0.01685776486063875,21,21,0.1460154885656336,NS
ENSSSCG00000013659,9.033102599848727,9.193285735199833,0.1601831353511063,-0.03401360544217691,0.8602230946114309,21,21,0.9490399532059208,NS
ENSSSCG00000015115,1.103672996955491,0.2636240882594989,-0.8400489086959921,-0.5963718820861679,0.0007854152166605501,21,21,0.04179614971550859,NS
ENSSSCG00000009178,3.1068952826558665,2.348190505088165,-0.7587047775677016,-0.2290249433106577,0.2084687951379297,21,21,0.46888391299875337,NS
ENSSSCG00000033212,1.810566001922515,0.9636569862085147,-0.8469090157140002,-0.28798185941043086,0.1127172214617907,21,21,0.3499967010457579,NS
ENSSSCG00000012014,1.724936517364261,1.191903009826346,-0.5330335075379151,-0.16326530612244894,0.36622873123640465,21,21,0.6288683595198338,NS
ENSSSCG00000001966,3.217280554172968,2.0508104062790844,-1.1664701478938837,-0.2743764172335601,0.13121079099148933,21,21,0.37835478192585825,NS
ENSSSCG00000008587,1.073498190487291,0.5837355324213718,-0.4897626580659191,-0.34013605442176864,0.05793314160428653,21,21,0.2577302954318887,NS
ENSSSCG00000036014,3.052639482067367,3.2907270850036756,0.2380876029363086,0.015873015873015928,0.9398429773571263,21,21,0.9783494422867809,NS
ENSSSCG00000038260,1.184222036538609,1.7848627797532128,0.6006407432146039,0.1541950113378685,0.3993674708644893,21,21,0.661707359039476,NS
ENSSSCG00000008618,1.7129923963477243,0.8382293889745449,-0.8747630073731794,-0.2585034013605443,0.14754777553937112,21,21,0.39949159082478697,NS
ENSSSCG00000005227,2.3604072750758185,1.2893789757064489,-1.0710282993693696,-0.26530612244897966,0.14455604430349378,21,21,0.3939827031871146,NS
ENSSSCG00000001573,1.9767773049579902,2.2394876895003946,0.26271038454240436,0.0975056689342404,0.597311573194272,21,21,0.8062920726419195,NS
ENSSSCG00000025675,2.142473440065055,1.592245495063657,-0.5502279450013978,-0.22222222222222232,0.22242589488410824,21,21,0.48717804562738903,NS
ENSSSCG00000034253,0.4482946670315288,0.8486893335245556,0.40039466649302674,0.2675736961451247,0.1337405588771534,21,21,0.3837032683323287,NS
ENSSSCG00000029163,0.41364999064764774,0.2527361025573583,-0.16091388809028945,-0.20181405895691618,0.19654412456991477,21,21,0.4568934918839767,NS
ENSSSCG00000031093,0.649076159689697,0.7611251847365514,0.11204902504685443,-0.015873015873015817,0.9283273671184854,21,21,0.9783494422867809,NS
ENSSSCG00000010999,2.5109849986955055,1.9172547647960594,-0.5937302338994461,-0.12471655328798192,0.4970079892453181,21,21,0.7336937392345346,NS
ENSSSCG00000031088,1.0378331296811267,0.7234203229417995,-0.31441280673932726,-0.054421768707483054,0.7708642977304448,21,21,0.9077127092354017,NS
ENSSSCG00000000403,2.2461077669869254,2.091390264286734,-0.15471750270019147,-0.0793650793650793,0.6689077174430536,21,21,0.8447545916162275,NS
ENSSSCG00000008756,1.938250821933685,1.8954707840633334,-0.04278003787035156,-0.02947845804988658,0.8800274316446192,21,21,0.9581000128681301,NS
ENSSSCG00000014304,3.739100498336864,2.942053820232608,-0.7970466781042558,-0.256235827664399,0.15891754968522953,21,21,0.4089176259717459,NS
ENSSSCG00000029005,3.541225123412323,3.9797060650270826,0.4384809416147597,0.17460317460317465,0.33911360013116165,21,21,0.6008056035381634,NS
ENSSSCG00000030486,1.3790227110120874,0.6526564281581443,-0.7263662828539431,-0.16780045351473927,0.35528597713808996,21,21,0.6189085330541638,NS
ENSSSCG00000011762,1.5371946171712008,1.3325143661702463,-0.20468025100095444,-0.015873015873015817,0.9398186359948367,21,21,0.9783494422867809,NS
ENSSSCG00000021439,4.1403981772395255,3.741124332889047,-0.3992738443504784,-0.16099773242630389,0.37861508946133926,21,21,0.6403962425284595,NS
ENSSSCG00000000509,1.9846139099325524,0.9278015270278965,-1.0568123829046558,-0.45578231292517013,0.011880436204726548,21,21,0.12484435276736633,NS
ENSSSCG00000035768,1.2850302470419928,0.9549887108806688,-0.3300415361613239,-0.020408163265306145,0.9194585590850574,21,21,0.9725908472022055,NS
ENSSSCG00000017308,5.735328232443629,4.6271776539834075,-1.1081505784602212,-0.256235827664399,0.15891754968522953,21,21,0.4089176259717459,NS
ENSSSCG00000027480,1.8584926380607751,0.7647469641192126,-1.0937456739415625,-0.36281179138322006,0.04520699671988063,21,21,0.23282282094473056,NS
ENSSSCG00000001045,0.6099279681457884,0.45219741747415393,-0.1577305506716345,-0.11111111111111116,0.5399799094247706,21,21,0.7689977535092227,NS
ENSSSCG00000011332,1.8696240272092055,1.1425843147977144,-0.7270397124114911,-0.24716553287981857,0.17433363250882716,21,21,0.42834123173730454,NS
ENSSSCG00000015566,1.0255696629136795,0.17349931206754052,-0.8520703508461389,-0.7165532879818595,4.583409571853687e-05,21,21,0.011949446718290393,NS
ENSSSCG00000011236,1.5626157872305793,0.6473550597254245,-0.9152607275051547,-0.3129251700680271,0.08473189658730632,21,21,0.3075454024280007,NS
ENSSSCG00000009242,0.8645857504855462,0.4779647689222712,-0.386620981563275,-0.32199546485260777,0.07418743428284993,21,21,0.2878539588124155,NS
ENSSSCG00000014094,1.2091748922051568,0.4184875229897277,-0.7906873692154291,-0.39682539682539675,0.02722186857686053,21,21,0.18636927987750823,NS
ENSSSCG00000012165,1.1968360449079793,0.9044653197434788,-0.2923707251645006,-0.19727891156462585,0.27375634019851525,21,21,0.5427250637307044,NS
ENSSSCG00000008207,3.8162861575772515,2.9497636850187394,-0.8665224725585121,-0.12925170068027203,0.48120815818423346,21,21,0.7223387232262236,NS
ENSSSCG00000024260,1.53254878060991,1.0020746926206539,-0.5304740879892562,-0.1950113378684808,0.2713976486033677,21,21,0.5393359992523472,NS
ENSSSCG00000001554,6.1688704453850915,7.206316788239603,1.037446342854511,0.31065759637188206,0.08715676491040764,21,21,0.3091496418228523,NS
ENSSSCG00000009359,4.741056433285884,4.046850326334527,-0.6942061069513574,-0.19727891156462585,0.2793872631916571,21,21,0.5446243796584893,NS
ENSSSCG00000002655,2.3045883501745847,1.704695396999854,-0.5998929531747308,-0.26077097505668934,0.15160731211683598,21,21,0.401864822689913,NS
ENSSSCG00000039296,2.2804260393829696,1.8737320276271283,-0.4066940117558413,-0.16326530612244894,0.3522166834349436,21,21,0.6140295929768013,NS
ENSSSCG00000004192,0.5038689573795876,1.0334487545639153,0.5295797971843277,0.19274376417233563,0.28350633241198286,21,21,0.5501707044826598,NS
ENSSSCG00000034427,2.046987407856225,2.9119045789305593,0.8649171710743344,0.2562358276643991,0.15891754968522953,21,21,0.4089176259717459,NS
ENSSSCG00000031954,4.035911166705175,2.3610668515126028,-1.6748443151925718,-0.5238095238095237,0.0038169050477184704,21,21,0.07611618787019973,NS
ENSSSCG00000009120,2.220446577705554,1.8725488700063104,-0.34789770769924355,-0.14739229024943312,0.4208290941795192,21,21,0.6751374148904354,NS
ENSSSCG00000026697,2.040899312255744,1.450048405136697,-0.5908509071190469,-0.15646258503401356,0.39238776291674793,21,21,0.6539796048612466,NS
ENSSSCG00000017065,0.7480101961849028,0.3052398827425288,-0.44277031344237405,-0.20634920634920628,0.2026077037648496,21,21,0.46345076619768866,NS
ENSSSCG00000014298,3.339330839309421,2.042885022615112,-1.296445816694309,-0.41950113378684817,0.020649731723361393,21,21,0.162637381885487,NS
ENSSSCG00000002846,5.716631555667467,6.98060264451799,1.2639710888505231,0.3877551020408163,0.032497438559346836,21,21,0.20315497363626772,NS
ENSSSCG00000009711,5.674401109948315,5.788611511941862,0.11421040199354682,0.2517006802721088,0.16649147398308384,21,21,0.41913082991704775,NS
ENSSSCG00000039265,3.135424531229337,2.603042342371234,-0.5323821888581031,-0.18367346938775508,0.3143051330541584,21,21,0.5805420605146814,NS
ENSSSCG00000011458,1.1151237656190924,1.2397541261721012,0.1246303605530088,0.015873015873015928,0.9397576530819801,21,21,0.9783494422867809,NS
ENSSSCG00000004353,1.0359800713955338,0.8148037232173709,-0.2211763481781629,0.03628117913832196,0.8502930431253086,21,21,0.9480546773314797,NS
ENSSSCG00000035037,0.32764013436742634,0.16114659287417937,-0.16649354149324697,-0.006802721088435382,0.9765843574464226,21,21,0.9954575561004508,NS
ENSSSCG00000016411,1.0582359935317545,1.132544559810898,0.07430856627914362,0.06349206349206349,0.7341455372450936,21,21,0.8882254648150515,NS
ENSSSCG00000015065,2.899865913690571,1.490917688736851,-1.40894822495372,-0.3560090702947847,0.04974528689592373,21,21,0.24014966087687317,NS
ENSSSCG00000030507,3.1055328705154817,2.4377832943509907,-0.6677495761644909,-0.28798185941043086,0.11300913889451222,21,21,0.3499967010457579,NS
ENSSSCG00000006809,2.0345095273307674,1.7563116719385885,-0.2781978553921789,-0.11564625850340127,0.5294187787914176,21,21,0.7578908227272798,NS
ENSSSCG00000015798,1.0795452787011468,1.3867427052837522,0.3071974265826054,0.14739229024943312,0.41664464368168985,21,21,0.6751374148904354,NS
ENSSSCG00000010460,1.0551961797813592,0.7438825805703884,-0.3113135992109708,-0.09297052154195007,0.5942869569112501,21,21,0.8062920726419195,NS
ENSSSCG00000031169,1.5509581277544728,0.609306185713627,-0.9416519420408458,-0.4965986394557824,0.006065852750852902,21,21,0.0951759899727487,NS
ENSSSCG00000040013,2.8698908354576718,2.8295845939412394,-0.04030624151643236,-0.061224489795918435,0.7436492622639466,21,21,0.8907689783709924,NS
ENSSSCG00000037314,2.0961215337649346,1.6617072389443968,-0.43441429482053784,-0.14739229024943312,0.4208290941795192,21,21,0.6751374148904354,NS
ENSSSCG00000012155,2.026554795101687,1.2935191140823181,-0.733035681019369,-0.1428571428571428,0.43549215491585636,21,21,0.6880757384611778,NS
ENSSSCG00000017301,2.469017578304814,2.3981429243726518,-0.07087465393216208,0.0022675736961451642,1.0,21,21,1.0,NS
ENSSSCG00000033373,3.3664596863192235,2.5620901531657236,-0.8043695331534999,-0.11564625850340127,0.5294187787914176,21,21,0.7578908227272798,NS
ENSSSCG00000014337,3.0566840659159182,2.291676359426378,-0.7650077064895404,-0.26077097505668934,0.15160731211683598,21,21,0.401864822689913,NS
ENSSSCG00000017106,0.7646037985433309,0.3688171878387168,-0.39578661070461413,-0.15646258503401356,0.29643055584474054,21,21,0.5654357142005625,NS
ENSSSCG00000032381,1.2031506206673892,1.4792381549815556,0.27608753431416644,0.19047619047619047,0.2958165381607748,21,21,0.5652650283517869,NS
ENSSSCG00000011843,5.086915486935179,4.228379213064868,-0.8585362738703104,-0.3151927437641724,0.08260874319203763,21,21,0.3023991346304046,NS
ENSSSCG00000001951,0.8153320592899915,0.28681787844829876,-0.5285141808416928,-0.2970521541950113,0.08610423332449216,21,21,0.3091496418228523,NS
ENSSSCG00000001732,1.1945629882752853,0.8433481530024741,-0.35121483527281117,-0.05215419501133778,0.7816984321199989,21,21,0.9109394814543041,NS
ENSSSCG00000028886,2.3556915740839015,0.6573177490219344,-1.698373825061967,-0.6213151927437641,0.000592224654021708,21,21,0.03944331190863026,Down (PA<IVF)
ENSSSCG00000023482,2.9130206670699033,2.640846634700301,-0.27217403236960225,-0.0793650793650793,0.6689077174430536,21,21,0.8447545916162275,NS
ENSSSCG00000025682,1.9384370951091658,2.1689071675274767,0.23047007241831086,0.10204081632653061,0.5799561940392505,21,21,0.794449839978317,NS
ENSSSCG00000007337,2.0152198456703463,2.0610308287674086,0.04581098309706233,-0.04308390022675734,0.8208604944637742,21,21,0.9318998211511518,NS
ENSSSCG00000022903,3.725958134958753,2.247501281268889,-1.4784568536898641,-0.43764172335600904,0.015737324159875152,21,21,0.14112162579966475,NS
ENSSSCG00000026083,1.2985865246025936,1.8874372153753227,0.5888506907727291,0.26077097505668934,0.15127556120910746,21,21,0.401864822689913,NS
ENSSSCG00000010685,2.2316817613686344,2.419191538638586,0.18750977726995144,0.05668934240362811,0.7627520182258121,21,21,0.9015297803289233,NS
ENSSSCG00000029594,0.6604308013757629,0.679957563240975,0.019526761865212072,-0.05668934240362811,0.7616251940733024,21,21,0.9015297803289233,NS
ENSSSCG00000037602,1.7391209440484374,0.8579971175031871,-0.8811238265452503,-0.5328798185941044,0.0032045413405316996,21,21,0.07135641789976087,NS
ENSSSCG00000009821,1.7741481023128811,0.287882868473426,-1.486265233839455,-0.5555555555555556,0.0010362303672145578,21,21,0.045411342055502055,Down (PA<IVF)
ENSSSCG00000004294,5.232155471974639,4.7380212083767805,-0.49413426359785806,-0.256235827664399,0.15891754968522953,21,21,0.4089176259717459,NS
ENSSSCG00000024201,3.1307099397078013,3.0188308007653397,-0.1118791389424616,-0.020408163265306145,0.9198497691906573,21,21,0.9725908472022055,NS
ENSSSCG00000034468,3.591768032635912,3.535398823034308,-0.05636920960160374,0.06575963718820865,0.7247030031611088,21,21,0.8813087398839223,NS
ENSSSCG00000001658,0.2580951186478442,0.34314705607883755,0.08505193743099337,0.18140589569161003,0.14707976479559962,21,21,0.39864369280830236,NS
ENSSSCG00000040528,1.7730481516726555,1.4110294426337875,-0.362018709038868,-0.13378684807256236,0.46566772580689864,21,21,0.7103857207086134,NS
ENSSSCG00000030268,4.646850066631354,4.451226780608197,-0.19562328602315748,-0.08390022675736963,0.6506903704105349,21,21,0.8344026504702031,NS
ENSSSCG00000024761,1.1581769921736533,0.8817051040758366,-0.27647188809781675,-0.23809523809523814,0.18867631062103085,21,21,0.44742370252398683,NS
ENSSSCG00000035842,2.364239207273555,1.3688606529656302,-0.995378554307925,-0.3764172335600906,0.03794645449076211,21,21,0.21602711851172454,NS
ENSSSCG00000013778,0.8392751020783688,0.17387302000134977,-0.665402082077019,-0.2108843537414966,0.1213245219192189,21,21,0.36503781594993057,NS
ENSSSCG00000009531,1.5163982485938101,0.7194299317668248,-0.7969683168269853,-0.31746031746031744,0.07483522950770553,21,21,0.28954860373539765,NS
ENSSSCG00000012247,2.9929854590755043,1.8607278775229397,-1.1322575815525646,-0.3424036281179139,0.059203310186616454,21,21,0.25790327958396714,NS
ENSSSCG00000030510,1.4899333205025418,1.6858819050533478,0.195948584550806,0.09523809523809523,0.6048373628368574,21,21,0.8132466305489694,NS
ENSSSCG00000009113,1.7430241589381563,0.897366701985598,-0.8456574569525583,-0.4467120181405895,0.012863194768490838,21,21,0.13040376222420583,NS
ENSSSCG00000006619,2.5611606624204937,1.9646589307385138,-0.5965017316819798,-0.2290249433106577,0.2084687951379297,21,21,0.46888391299875337,NS
ENSSSCG00000017504,1.3094001584269201,0.9520779787615322,-0.35732217966538793,-0.15646258503401356,0.39238776291674793,21,21,0.6539796048612466,NS
ENSSSCG00000035690,4.41685277071809,3.5899124953763013,-0.8269402753417885,-0.1882086167800454,0.30236014932755606,21,21,0.5703026187481536,NS
ENSSSCG00000011196,2.4845479621253395,1.168253319840869,-1.3162946422844704,-0.5600907029478459,0.0019446816617135086,21,21,0.058255529254823885,NS
ENSSSCG00000015238,0.6422289665586168,0.2460830322435273,-0.39614593431508954,-0.26530612244897966,0.13535676191590937,21,21,0.3854493095654372,NS
ENSSSCG00000027652,5.7612361347619885,8.02083059094098,2.2595944561789914,0.7777777777777778,1.6954505256971672e-05,21,21,0.0072893509926789495,Up (PA>IVF)
ENSSSCG00000009146,0.7001524234534335,0.42151681596813784,-0.2786356074852957,-0.2108843537414966,0.15776426502446772,21,21,0.4089176259717459,NS
ENSSSCG00000001087,2.181960846613246,1.6250516645707724,-0.5569091820424734,-0.15646258503401356,0.39238776291674793,21,21,0.6539796048612466,NS
ENSSSCG00000004695,1.6086188560481236,1.7100738729829899,0.10145501693486625,-0.024943310657596474,0.89990710207531,21,21,0.965040287671819,NS
ENSSSCG00000005373,5.349433262183467,3.8597510953454055,-1.4896821668380618,-0.3424036281179139,0.059203310186616454,21,21,0.25790327958396714,NS
ENSSSCG00000023326,1.823276882789084,1.9352067100249575,0.11192982723587352,0.06349206349206349,0.7340522099257076,21,21,0.8882254648150515,NS
ENSSSCG00000015485,2.0273920934235554,1.6981693219948777,-0.32922277142867773,-0.15192743764172345,0.4064599583160081,21,21,0.664517472366019,NS
ENSSSCG00000000161,2.054772796726514,1.152668355159987,-0.9021044415665269,-0.46031746031746024,0.010880484359477688,21,21,0.12200364978627651,NS
ENSSSCG00000036206,2.7885013592859145,1.5670204508385848,-1.2214809084473297,-0.48299319727891166,0.007661904602970591,21,21,0.10556027195516662,NS
ENSSSCG00000031740,0.7092267563268622,0.11231810380768745,-0.5969086525191747,-0.3038548752834467,0.04616517307862242,21,21,0.2350491979746632,NS
ENSSSCG00000007692,3.3438753720633776,2.2082264345153306,-1.135648937548047,-0.2970521541950113,0.10202324211434627,21,21,0.3332759242401978,NS
ENSSSCG00000001089,2.569063008184098,2.0913352930861584,-0.47772771509793976,-0.08390022675736963,0.6506903704105349,21,21,0.8344026504702031,NS
ENSSSCG00000035747,3.269214383962329,2.2459999787194027,-1.0232144052429262,-0.3605442176870748,0.046888776900571166,21,21,0.2350491979746632,NS
ENSSSCG00000040946,2.585746156500649,2.5294470720871423,-0.05629908441350695,0.006802721088435382,0.9799307399921785,21,21,0.9954575561004508,NS
ENSSSCG00000035452,3.9965448825280028,2.9894071303473857,-1.007137752180617,-0.23809523809523814,0.1908399057704352,21,21,0.44742370252398683,NS
ENSSSCG00000005975,5.7552407378030335,5.949183907473091,0.19394316967005754,0.14739229024943312,0.4208290941795192,21,21,0.6751374148904354,NS
ENSSSCG00000009713,5.2974744416826764,5.3481834522148946,0.0507090105322181,0.24716553287981857,0.17433363250882716,21,21,0.42834123173730454,NS
ENSSSCG00000040816,1.0200338203635249,0.5347966120563157,-0.4852372083072092,-0.2743764172335601,0.12862744547355037,21,21,0.37740986995233344,NS
ENSSSCG00000031304,2.039099966878071,2.007044000669327,-0.03205596620874429,0.061224489795918324,0.7436091682859154,21,21,0.8907689783709924,NS
ENSSSCG00000028964,0.7201372892470844,1.2278544870979555,0.5077171978508711,0.21541950113378683,0.23705983621803084,21,21,0.49934320517832165,NS
ENSSSCG00000028698,1.1990814938142402,1.2934618097897446,0.09438031597550434,-0.0045351473922903285,0.9899605081076394,21,21,1.0,NS
ENSSSCG00000002445,3.0088424699116456,2.7442562781920845,-0.2645861917195611,-0.061224489795918435,0.7436492622639466,21,21,0.8907689783709924,NS
ENSSSCG00000006115,3.3285818829761875,2.232969151974288,-1.0956127310018995,-0.28798185941043086,0.11300913889451222,21,21,0.3499967010457579,NS
ENSSSCG00000006347,0.5635089089478633,0.5043099985574725,-0.059198910390390824,0.09297052154195007,0.5907241168735377,21,21,0.8059601117248346,NS
ENSSSCG00000009472,3.942492513985945,2.741410266502651,-1.2010822474832938,-0.3378684807256236,0.06267010552721387,21,21,0.26545427392262594,NS
ENSSSCG00000028278,1.0354365101099892,1.1680224328286921,0.13258592271870295,-0.024943310657596474,0.8999030678723563,21,21,0.965040287671819,NS
ENSSSCG00000028258,1.1929533472724745,1.2790380064801052,0.08608465920763075,0.07256235827664403,0.6965884786545489,21,21,0.8664523989549239,NS
ENSSSCG00000006740,3.0209279552297366,2.309190737611208,-0.7117372176185284,-0.21995464852607705,0.22724906376880494,21,21,0.49084652942506357,NS
ENSSSCG00000006871,1.3010872010534715,0.7142529305937104,-0.5868342704597611,-0.3265306122448979,0.0701747134737374,21,21,0.27842598868122526,NS
ENSSSCG00000017549,1.075366134658158,1.4197996079750528,0.3444334733168948,0.031746031746031744,0.8699321488778688,21,21,0.9568697775425999,NS
ENSSSCG00000013992,3.3063821991561775,2.217632753038739,-1.0887494461174385,-0.3605442176870748,0.046888776900571166,21,21,0.2350491979746632,NS
ENSSSCG00000015710,1.9413406481672701,1.4763702660431768,-0.46497038212409336,-0.2743764172335601,0.13121079099148933,21,21,0.37835478192585825,NS
ENSSSCG00000000097,2.1867802849476567,1.9441861570648322,-0.24259412788282453,-0.17460317460317465,0.33911360013116165,21,21,0.6008056035381634,NS
ENSSSCG00000016113,3.6056877038726145,2.518208662474837,-1.0874790413977773,-0.3650793650793651,0.04417155188516873,21,21,0.229906559887904,NS
ENSSSCG00000034414,4.881770611009465,4.0020887470583615,-0.8796818639511033,-0.2108843537414966,0.24720534308664543,21,21,0.5117165520743475,NS
ENSSSCG00000007688,3.1446373961069147,4.097661315808018,0.9530239197011037,0.28798185941043086,0.11300913889451222,21,21,0.3499967010457579,NS
ENSSSCG00000039618,0.49123044171075797,0.22853351561950883,-0.26269692609124917,-0.21541950113378694,0.1489246284541684,21,21,0.40173926511820496,NS
ENSSSCG00000007475,3.332559852247206,3.1637258134480053,-0.16883403879920067,0.05215419501133789,0.7820003799248392,21,21,0.9109394814543041,NS
ENSSSCG00000031734,1.0451402955667335,0.0,-1.0451402955667335,-0.4285714285714286,0.000985317282025879,21,21,0.04417827813527798,Down (PA<IVF)
ENSSSCG00000003555,4.354875897156919,3.2169550999350234,-1.1379207972218959,-0.2970521541950113,0.10202324211434627,21,21,0.3332759242401978,NS
ENSSSCG00000004832,2.700224751103535,1.7840857868311102,-0.9161389642724247,-0.3151927437641724,0.08260874319203763,21,21,0.3023991346304046,NS
ENSSSCG00000027472,4.380506847501311,3.073571176753999,-1.3069356707473125,-0.3197278911564625,0.07825502308568134,21,21,0.29484995892048155,NS
ENSSSCG00000010674,3.5976816172681443,1.9750495670400015,-1.6226320502281428,-0.5147392290249433,0.004474738185203056,21,21,0.08099394182188116,NS
ENSSSCG00000007243,2.37293127608686,1.9175071688199101,-0.4554241072669498,-0.0793650793650793,0.6687814820184091,21,21,0.8447545916162275,NS
ENSSSCG00000006845,2.433497073387213,1.821082949853886,-0.6124141235333271,-0.3015873015873016,0.09685836811015376,21,21,0.3231631520724199,NS
ENSSSCG00000004088,1.9486877278935322,1.2962212312961985,-0.6524664965973337,-0.15646258503401356,0.39219588469897926,21,21,0.6539796048612466,NS
ENSSSCG00000031456,4.9617074376104195,3.557387609243459,-1.4043198283669605,-0.37414965986394555,0.0391344195585305,21,21,0.21879553233212654,NS
ENSSSCG00000024412,5.392574941927609,3.967345763993385,-1.4252291779342237,-0.46031746031746024,0.011062138508318366,21,21,0.12200364978627651,NS
ENSSSCG00000034448,0.5712445440586867,0.26953531077879467,-0.3017092332798921,-0.28798185941043086,0.08304067774304617,21,21,0.3033328271125116,NS
ENSSSCG00000000769,0.645578273376283,1.0618721875119261,0.4162939141356431,0.5691609977324263,0.0015784072262242039,21,21,0.05107487533914169,NS
ENSSSCG00000038158,5.211617583075558,5.040392685150219,-0.17122489792533901,0.024943310657596363,0.89990710207531,21,21,0.965040287671819,NS
ENSSSCG00000031838,0.8751561187147804,0.17925674039451017,-0.6958993783202703,-0.33333333333333326,0.035523944384638954,21,21,0.21060444549133048,NS
ENSSSCG00000006346,3.5123498297175306,2.060574891803112,-1.4517749379144185,-0.4285714285714286,0.018047625262461266,21,21,0.14934464330577116,NS
ENSSSCG00000012035,0.7708857519171194,0.3346666632545365,-0.4362190886625829,-0.564625850340136,0.0013320999679463609,21,21,0.04872966243563211,NS
ENSSSCG00000040571,0.5560056040667908,0.29841387455725965,-0.25759172950953113,-0.15192743764172345,0.2830838998614188,21,21,0.5501290518553351,NS
ENSSSCG00000001779,3.25690000020678,2.596278176618507,-0.660621823588273,-0.10657596371882083,0.5628712368271559,21,21,0.7833833809361512,NS
ENSSSCG00000007791,1.0658518524793128,0.6915231771696975,-0.37432867530961533,0.013605442176870763,0.9497834496208551,21,21,0.9857774191208913,NS
ENSSSCG00000016075,2.9149291474372965,2.0713495214840556,-0.8435796259532409,-0.3560090702947847,0.04974528689592373,21,21,0.24014966087687317,NS
ENSSSCG00000006799,2.314859141279085,0.453218336100147,-1.8616408051789382,-0.6961451247165533,9.349691146595803e-05,21,21,0.015767392721899653,Down (PA<IVF)
ENSSSCG00000009072,1.979287097320484,1.9116022500697998,-0.06768484725068413,-0.015873015873015817,0.9398429773571263,21,21,0.9783494422867809,NS
ENSSSCG00000016116,1.3902684626360415,0.8839495621485026,-0.5063189004875389,-0.16780045351473927,0.3585028000187661,21,21,0.6226149893996799,NS
ENSSSCG00000038735,3.3715665774291548,3.305311877016231,-0.06625470041292392,0.038548752834467126,0.8405062858111236,21,21,0.9396794525202588,NS
ENSSSCG00000040743,1.366155553733031,0.6236413930486582,-0.7425141606843728,-0.2335600907029478,0.19943927877559509,21,21,0.4574984559108449,NS
ENSSSCG00000010467,0.9279371372853701,1.3383916558835405,0.4104545185981704,0.17006802721088432,0.35178129575722294,21,21,0.6139228892038759,NS
ENSSSCG00000001022,1.3892313859008525,1.580315264837243,0.19108387893639045,-0.07029478458049887,0.7058783959702486,21,21,0.8691022220107433,NS
ENSSSCG00000006830,0.8342035890862473,0.9119903987168405,0.07778680963059326,-0.04761904761904767,0.8012254262382065,21,21,0.9213153463710844,NS
ENSSSCG00000000890,3.1515011398592945,2.1060642594013776,-1.0454368804579168,-0.4013605442176871,0.026849069410328923,21,21,0.18455372360206054,NS
ENSSSCG00000033338,2.935922088194233,1.9998476315259541,-0.9360744566682788,-0.2335600907029478,0.19281652873472188,21,21,0.4505181836240436,NS
ENSSSCG00000017047,4.064239995119469,2.9980499640146965,-1.0661900311047727,-0.32879818594104315,0.07010784129484465,21,21,0.27842598868122526,NS
ENSSSCG00000008406,5.168016031705496,5.1797810215380835,0.01176498983258778,-0.024943310657596474,0.89990710207531,21,21,0.965040287671819,NS
ENSSSCG00000039290,3.7139972382542576,3.191756535344877,-0.5222407029093805,-0.11564625850340127,0.5294187787914176,21,21,0.7578908227272798,NS
ENSSSCG00000031152,4.381443871964846,3.5372987575264716,-0.8441451144383745,-0.2290249433106577,0.2084687951379297,21,21,0.46888391299875337,NS
ENSSSCG00000015013,3.2623272844103006,3.053872426751579,-0.20845485765872152,-0.01133786848072571,0.9598741753513395,21,21,0.9869209896448123,NS
ENSSSCG00000008404,0.5158434246017035,0.6907068502851115,0.17486342568340796,0.13832199546485258,0.44636434350424403,21,21,0.6984759079638868,NS
ENSSSCG00000025652,2.621073019852175,2.066528225651158,-0.5545447942010169,-0.17233560090702937,0.34548734710987816,21,21,0.6093308137361777,NS
ENSSSCG00000006071,1.3972721412460771,1.206499965783794,-0.1907721754622831,-0.08843537414965996,0.6326655579954358,21,21,0.8251293316812793,NS
ENSSSCG00000014998,4.036637926908568,3.2521273417584347,-0.7845105851501337,-0.16553287981859421,0.36514408957445854,21,21,0.6272800312138134,NS
ENSSSCG00000002274,0.5722719164077172,0.12249100598977447,-0.44978091041794277,-0.4580498866213152,0.0025841707460472897,21,21,0.06744032129417198,NS
ENSSSCG00000028538,0.9308835086964506,0.8371013046227572,-0.09378220407369342,-0.11564625850340127,0.5292518686324169,21,21,0.7578908227272798,NS
ENSSSCG00000010146,1.3103170034903608,1.0826832035378866,-0.22763379995247424,-0.24716553287981857,0.17415905222232064,21,21,0.42834123173730454,NS
ENSSSCG00000009653,3.3022314534953665,2.468281971745717,-0.8339494817496496,-0.2335600907029478,0.19951213436010184,21,21,0.4574984559108449,NS
ENSSSCG00000022080,1.3072746787928837,1.5201230771954002,0.21284839840251646,0.08616780045351469,0.6415234218582462,21,21,0.8328637069123963,NS
ENSSSCG00000014075,1.633671199545392,0.9208357318671264,-0.7128354676782657,-0.217687074829932,0.22898924886026928,21,21,0.4936726106792732,NS
ENSSSCG00000039249,3.4652954619390437,2.8052241185690585,-0.6600713433699852,-0.21541950113378694,0.2370788366276667,21,21,0.49934320517832165,NS
ENSSSCG00000011764,1.0516541722301898,1.061214087118632,0.009559914888442211,0.05442176870748294,0.7681649326345716,21,21,0.9068338389043472,NS
ENSSSCG00000039555,1.8773950311299281,1.331167906538513,-0.5462271245914152,-0.0975056689342404,0.5972521477228574,21,21,0.8062920726419195,NS
ENSSSCG00000022742,1.2182675620189838,0.9483795372213217,-0.26988802479766205,-0.3378684807256236,0.06207456733633969,21,21,0.26545427392262594,NS
ENSSSCG00000009946,1.1235811221659238,0.5628402268763464,-0.5607408952895774,-0.346938775510204,0.05229823511311977,21,21,0.24682112491978944,NS
ENSSSCG00000004785,2.1306946641745963,1.3338735270064126,-0.7968211371681837,-0.2630385487528344,0.14788531389130594,21,21,0.39949159082478697,NS
ENSSSCG00000008270,0.6114711963107785,0.4051635814847612,-0.20630761482601728,-0.17460317460317465,0.3367534188994413,21,21,0.6008056035381634,NS
ENSSSCG00000010316,3.4499445638533963,3.115483631812527,-0.33446093204086935,-0.07029478458049887,0.705923845633216,21,21,0.8691022220107433,NS
ENSSSCG00000030089,2.3753119541188257,0.9066309227774267,-1.468681031341399,-0.5192743764172336,0.004081029128597252,21,21,0.07727244720864224,NS
ENSSSCG00000031498,3.5892642762082416,2.9158656199017505,-0.6733986563064911,-0.12471655328798192,0.4970079892453181,21,21,0.7336937392345346,NS
ENSSSCG00000037914,0.6408725793519887,0.8551541200002861,0.2142815406482974,0.20408163265306123,0.2613271955533838,21,21,0.5296025292455577,NS
ENSSSCG00000021408,0.8455012018122376,0.9616324743210638,0.11613127250882616,-0.1383219954648527,0.44941522180375193,21,21,0.6984759079638868,NS
ENSSSCG00000001892,1.7938777133376542,1.5812718284015677,-0.21260588493608656,-0.05668934240362811,0.7625653231967121,21,21,0.9015297803289233,NS
ENSSSCG00000029662,1.9182521978286264,1.2315899270569894,-0.686662270771637,-0.16099773242630389,0.37861508946133926,21,21,0.6403962425284595,NS
ENSSSCG00000039390,0.7593000180198087,0.3985321961496673,-0.36076782187014145,-0.3015873015873016,0.0952343218770178,21,21,0.3229399150154929,NS
ENSSSCG00000009509,2.0617647984444307,1.1758311608571586,-0.8859336375872722,-0.1201814058956916,0.5130117782633399,21,21,0.7460214807570579,NS
ENSSSCG00000032831,1.6198866122836817,1.2734300350680787,-0.34645657721560297,-0.05215419501133778,0.7819659349886343,21,21,0.9109394814543041,NS
ENSSSCG00000011639,0.6888742683745886,0.17388326347676136,-0.5149910048978272,-0.26984126984126977,0.08929140829684384,21,21,0.31428376650402706,NS
ENSSSCG00000027405,0.33282776382835616,0.3452631989512369,0.012435435122880756,-0.009070294784580435,0.9560903459769621,21,21,0.9869209896448123,NS
ENSSSCG00000034725,2.5024285799574377,2.079526028805181,-0.42290255115225683,-0.1020408163265305,0.5799715449870863,21,21,0.794449839978317,NS
ENSSSCG00000026959,3.562770838328831,2.4678241873277416,-1.0949466510010892,-0.3151927437641724,0.08260874319203763,21,21,0.3023991346304046,NS
ENSSSCG00000000580,1.2172886703791996,1.0655414552421396,-0.15174721513706002,-0.14739229024943312,0.4207537970491576,21,21,0.6751374148904354,NS
ENSSSCG00000016989,0.8116591295842,0.48496204492576583,-0.3266970846584341,-0.061224489795918435,0.7365507092050252,21,21,0.8903502846073079,NS
ENSSSCG00000016548,0.6769575655069995,0.6660204319990711,-0.010937133507928354,0.08163265306122447,0.659644585891956,21,21,0.8425441505052319,NS
ENSSSCG00000038403,0.5459115473214948,0.34885604618841576,-0.19705550113307907,-0.24716553287981857,0.15982003028488656,21,21,0.41108564220259536,NS
ENSSSCG00000002804,1.3543389025605126,1.6025305678972783,0.24819166533676573,0.11791383219954643,0.5210475801819703,21,21,0.7533563423093511,NS
ENSSSCG00000039953,1.4908041556192995,1.7182059598012414,0.2274018041819419,0.18367346938775508,0.3143051330541584,21,21,0.5805420605146814,NS
ENSSSCG00000013286,1.1275670019946036,0.297701610611567,-0.8298653913830365,-0.3650793650793651,0.04030432981802055,21,21,0.2229777250509772,NS
ENSSSCG00000035400,2.252229506464244,0.8423349884455819,-1.4098945180186622,-0.4512471655328798,0.012744796039306752,21,21,0.1298645175359153,NS
ENSSSCG00000028737,1.8823760253485877,1.7563211688390263,-0.12605485650956139,-0.015873015873015817,0.9398429773571263,21,21,0.9783494422867809,NS
ENSSSCG00000005004,2.8743127518133904,1.14053088474263,-1.7337818670707603,-0.6145124716553287,0.000676871150215094,21,21,0.0411432311026537,Down (PA<IVF)
ENSSSCG00000033169,0.6178111839188141,0.5508409217157821,-0.06697026220303193,-0.018140589569161092,0.9197117024046488,21,21,0.9725908472022055,NS
ENSSSCG00000000941,0.7453430726774289,0.4354148519106381,-0.30992822076679083,-0.14965986394557818,0.4081220876739666,21,21,0.6669169893862341,NS
ENSSSCG00000029003,0.5832759337713307,0.23528566272666898,-0.34799027104466174,-0.1882086167800454,0.25930860077844553,21,21,0.5266006516696674,NS
ENSSSCG00000037274,2.2184638001141814,2.013741627833129,-0.20472217228105238,0.04761904761904767,0.8013831883084928,21,21,0.9213153463710844,NS
ENSSSCG00000009249,2.856671050738713,1.144545823047486,-1.712125227691227,-0.564625850340136,0.0018096316586305953,21,21,0.05502388813723013,NS
ENSSSCG00000004205,6.673914214400135,7.093580934268924,0.4196667198687889,0.2335600907029478,0.19951213436010184,21,21,0.4574984559108449,NS
ENSSSCG00000015729,3.785271163972417,2.694867352178117,-1.0904038117943,-0.33333333333333326,0.06630309624589313,21,21,0.2723588264951059,NS
ENSSSCG00000011474,2.5527830815007624,1.3487047318792744,-1.204078349621488,-0.4126984126984128,0.022804939573858086,21,21,0.17116180030269854,NS
ENSSSCG00000034314,0.2636892006079349,0.4882267057854031,0.22453750517746823,0.05215419501133789,0.7554504504680966,21,21,0.9015297803289233,NS
ENSSSCG00000029154,0.6830231412810773,0.6517410515769695,-0.03128208970410784,-0.08843537414965996,0.6094227354245718,21,21,0.8157225327032747,NS
ENSSSCG00000029624,0.7682068419556112,0.20246606370449316,-0.565740778251118,-0.3650793650793651,0.03465311116015122,21,21,0.20689324852796986,NS
ENSSSCG00000039626,0.5835081032524196,0.5054328845204996,-0.07807521873192003,-0.07029478458049887,0.6993484297590173,21,21,0.8683685140284909,NS
ENSSSCG00000009771,1.2873215295887475,1.1378813333946474,-0.1494401961941001,-0.061224489795918435,0.7414157716606136,21,21,0.8907689783709924,NS
ENSSSCG00000011873,1.512802143564712,0.5169524306245437,-0.9958497129401684,-0.40362811791383213,0.024288355102810365,21,21,0.17640050352910167,NS
ENSSSCG00000021427,1.3023586545773358,0.7112866283260909,-0.5910720262512449,-0.4104308390022675,0.02351670243110578,21,21,0.17258422275325483,NS
ENSSSCG00000013322,2.2037053339184594,2.567917985234329,0.36421265131586944,0.0975056689342404,0.5972521477228574,21,21,0.8062920726419195,NS
ENSSSCG00000009704,1.5495947513797665,1.3238518903029735,-0.2257428610767931,-0.08390022675736963,0.6490941542451668,21,21,0.8344026504702031,NS
ENSSSCG00000016009,2.999548021409235,2.5619241823837506,-0.4376238390254845,-0.26530612244897966,0.14455604430349378,21,21,0.3939827031871146,NS
ENSSSCG00000035082,2.6050539541026705,2.247560970088041,-0.3574929840146295,-0.0975056689342404,0.5972967192832627,21,21,0.8062920726419195,NS
ENSSSCG00000006301,0.6476309276318649,0.6314073742116794,-0.016223553420185555,0.009070294784580546,0.969545288123195,21,21,0.9946937019528808,NS
ENSSSCG00000040777,0.5619635374884782,0.6717641583835287,0.1098006208950505,0.020408163265306145,0.9179735177058354,21,21,0.9725908472022055,NS
ENSSSCG00000011068,2.7345914684344472,2.1594312811197054,-0.5751601873147418,-0.1768707482993197,0.33277712903296497,21,21,0.6002699906341289,NS
ENSSSCG00000006251,1.4684831078146232,0.7151686308719538,-0.7533144769426694,-0.22675736961451243,0.21149369333656876,21,21,0.47475351318352804,NS
ENSSSCG00000000274,4.184170299907471,3.7310851055378627,-0.4530851943696086,-0.10657596371882083,0.5628712368271559,21,21,0.7833833809361512,NS
ENSSSCG00000009460,3.689243877400373,3.0164454723686442,-0.6727984050317288,-0.15646258503401356,0.39238776291674793,21,21,0.6539796048612466,NS
ENSSSCG00000009910,4.302512876639215,3.8226421314628642,-0.4798707451763504,-0.14739229024943312,0.4208290941795192,21,21,0.6751374148904354,NS
ENSSSCG00000030328,1.4863964360977047,0.8721688544708819,-0.6142275816268228,-0.2811791383219955,0.1205736677513637,21,21,0.3634162393560435,NS
ENSSSCG00000002703,2.4037303665861924,2.342132231352635,-0.06159813523355728,-0.05668934240362811,0.7627520182258121,21,21,0.9015297803289233,NS
ENSSSCG00000035390,1.2297778477373267,0.6569648218660682,-0.5728130258712585,-0.2743764172335601,0.12862744547355037,21,21,0.37740986995233344,NS
ENSSSCG00000034704,3.7746634849610685,4.402119470039757,0.6274559850786887,0.21995464852607705,0.22724906376880494,21,21,0.49084652942506357,NS
ENSSSCG00000014828,2.483848133673682,2.1153012496207784,-0.3685468840529036,-0.04081632653061229,0.8306777146663934,21,21,0.938943668250364,NS
ENSSSCG00000026817,0.4278009486792664,0.8707699934563603,0.4429690447770939,0.26530612244897955,0.14096300533558292,21,21,0.3909587620683742,NS
ENSSSCG00000001409,0.4247657113980232,0.42990973624141,0.005144024843386774,-0.21995464852607705,0.22031658042314395,21,21,0.48425880861991905,NS
ENSSSCG00000012424,1.4972509973011838,0.5053156853258584,-0.9919353119753255,-0.5419501133786848,0.0026280516286076396,21,21,0.06777606831672334,NS
ENSSSCG00000007803,0.7059065690849367,0.8870361886277096,0.18112961954277296,0.22448979591836737,0.20212460883644734,21,21,0.46265425979914204,NS
ENSSSCG00000039221,1.1086582215093226,0.7297813887122813,-0.3788768327970413,-0.0453514739229024,0.8108581279592253,21,21,0.9306308193686857,NS
ENSSSCG00000011274,2.377869853609965,2.0955775746497336,-0.28229227896023135,-0.1360544217687074,0.45801196555588264,21,21,0.7071712995078449,NS
ENSSSCG00000025606,3.127868688229038,3.412160300374243,0.2842916121452048,0.13378684807256236,0.46568579971233737,21,21,0.7103857207086134,NS
ENSSSCG00000025940,2.4292219077342603,1.751667168208913,-0.6775547395253472,-0.32879818594104315,0.07009648656752486,21,21,0.27842598868122526,NS
ENSSSCG00000029326,3.5895450845484254,3.9422715572096947,0.35272647266126933,0.13378684807256236,0.46568579971233737,21,21,0.7103857207086134,NS
ENSSSCG00000000864,1.6964609012015945,1.8288214740277455,0.132360572826151,0.0113378684807256,0.9598741753513395,21,21,0.9869209896448123,NS
ENSSSCG00000025941,2.4208596651116365,2.646226471180589,0.22536680606895265,0.14739229024943312,0.4208290941795192,21,21,0.6751374148904354,NS
ENSSSCG00000017741,1.3769372475627184,0.8072812450221686,-0.5696560025405498,-0.1995464852607709,0.2682164498475681,21,21,0.5349996098742043,NS
ENSSSCG00000034449,0.7571705683589369,1.3374377019733033,0.5802671336143663,0.31746031746031744,0.07838575602039198,21,21,0.295129685126174,NS
ENSSSCG00000017212,3.9725486424208305,2.9301087994116073,-1.0424398430092232,-0.21541950113378694,0.23700282758848334,21,21,0.49934320517832165,NS
ENSSSCG00000026748,2.5410988076656205,2.436705364197788,-0.10439344346783264,-0.04308390022675734,0.820889035690062,21,21,0.9318998211511518,NS
ENSSSCG00000037845,0.6763496212410198,1.4666595846579449,0.790309963416925,0.4444444444444444,0.013852151399011707,21,21,0.13510592981175223,NS
ENSSSCG00000039905,0.7923901340538767,0.7586064619121441,-0.03378367214173261,0.02947845804988658,0.8792234734276974,21,21,0.9581000128681301,NS
ENSSSCG00000016938,1.831347518574345,0.9666899690023273,-0.8646575495720178,-0.37414965986394555,0.03910264642994955,21,21,0.21879553233212654,NS
ENSSSCG00000024881,0.3471212871390598,0.43715104309443154,0.09002975595537172,-0.01133786848072571,0.956117991086137,21,21,0.9869209896448123,NS
ENSSSCG00000032709,3.1749992787930768,1.9178221513335187,-1.257177127459558,-0.41496598639455784,0.02206934007346684,21,21,0.1674730894955559,NS
ENSSSCG00000022164,0.4752181550435792,0.4013801442869949,-0.0738380107565843,-0.07709750566893425,0.6537951582101555,21,21,0.836916362254463,NS
ENSSSCG00000016019,2.92626825682343,1.4153098983677417,-1.5109583584556883,-0.5419501133786848,0.002757676109564886,21,21,0.0678052262065058,NS
ENSSSCG00000004802,1.4824732615103333,0.37386233477071534,-1.108610926739618,-0.5873015873015872,0.001025779200663962,21,21,0.045411342055502055,Down (PA<IVF)
ENSSSCG00000012130,2.3731633764247433,1.9262835073400448,-0.44687986908469846,-0.1360544217687074,0.45801196555588264,21,21,0.7071712995078449,NS
ENSSSCG00000031518,1.1746430332389695,0.22471789091451927,-0.9499251423244501,-0.7777777777777777,2.5424308484735373e-06,21,21,0.0029068459367547444,NS
ENSSSCG00000022994,1.4176108201126074,0.34024683068708844,-1.077363989425519,-0.6825396825396826,0.0001404066115394182,21,21,0.01811082976599118,Down (PA<IVF)
ENSSSCG00000001379,1.4187221700176411,1.5598674920422873,0.14114532202464614,-0.04308390022675734,0.8208819016622845,21,21,0.9318998211511518,NS
ENSSSCG00000014339,2.426369947803297,1.710893373911071,-0.715476573892226,-0.26984126984126977,0.13775887453894567,21,21,0.3858781529159893,NS
ENSSSCG00000040634,0.6600019571316691,0.14925084040386166,-0.5107511167278074,-0.5714285714285714,0.0012958182029178982,21,21,0.04872966243563211,NS
ENSSSCG00000016290,0.8863679161674447,0.2640868810648607,-0.622281035102584,-0.3696145124716552,0.02182021343847006,21,21,0.1674730894955559,NS
ENSSSCG00000006893,0.9080002220404386,0.5013211964762545,-0.4066790255641841,-0.3605442176870748,0.04493552926787772,21,21,0.23194712624352232,NS
ENSSSCG00000029030,2.9097895360921013,2.147364647774655,-0.7624248883174465,-0.19727891156462585,0.2793872631916571,21,21,0.5446243796584893,NS
ENSSSCG00000033450,1.2156560121223055,0.9204333151283222,-0.2952226969939833,-0.10657596371882083,0.5593487308378113,21,21,0.7833833809361512,NS
ENSSSCG00000008807,0.5060851713502063,0.041119212485428346,-0.46496595886477793,-0.3605442176870748,0.015264583400519137,21,21,0.14112162579966475,NS
ENSSSCG00000015908,2.8776764743521723,1.9779224624121867,-0.8997540119399856,-0.25396825396825395,0.16265423194940487,21,21,0.4159845302456116,NS
ENSSSCG00000009345,2.8944493183251168,1.1832186274247987,-1.711230690900318,-0.5782312925170068,0.0013987520397674542,21,21,0.04872966243563211,Down (PA<IVF)
ENSSSCG00000009938,1.7068381860303798,1.964996527966321,0.2581583419359412,0.03401360544217691,0.860217489455126,21,21,0.9490399532059208,NS
ENSSSCG00000012961,2.363555599150301,2.4929902714974452,0.12943467234714445,0.06575963718820865,0.724595938789955,21,21,0.8813087398839223,NS
ENSSSCG00000034261,1.527932225215245,1.032162858183436,-0.49576936703180907,-0.1201814058956916,0.5130800796227113,21,21,0.7460214807570579,NS
ENSSSCG00000031836,0.3107854451778548,0.8631082375130641,0.5523227923352093,0.39682539682539686,0.010662510021254196,21,21,0.12111986001817435,NS
ENSSSCG00000016323,1.670629289145643,1.0079418194899996,-0.6626874696556433,-0.2925170068027212,0.10505212956021763,21,21,0.33945247705279935,NS
ENSSSCG00000014989,3.3303581718230477,2.0790825463333653,-1.2512756254896824,-0.35827664399092973,0.048290211515257184,21,21,0.23883983489161087,NS
ENSSSCG00000026527,0.8161966255242922,0.34282882954666355,-0.4733677959776286,-0.4058956916099774,0.02193715057729879,21,21,0.1674730894955559,NS
ENSSSCG00000009096,1.8767186643639149,0.5749422939683472,-1.3017763703955678,-0.5079365079365079,0.0049718664810028965,21,21,0.08463276441607909,NS
ENSSSCG00000022616,2.496628393280114,0.9989239140023394,-1.4977044792777747,-0.5419501133786848,0.0027532939787805817,21,21,0.0678052262065058,NS
ENSSSCG00000028679,3.275507275838132,2.725267309793844,-0.550239966044288,-0.15646258503401356,0.39238776291674793,21,21,0.6539796048612466,NS
ENSSSCG00000000068,1.5117884382155193,0.8621515931304179,-0.6496368450851014,-0.35147392290249435,0.05270795147688907,21,21,0.24682112491978944,NS
ENSSSCG00000024145,0.43407664452506517,1.2706569951084792,0.836580350583414,0.45578231292517,0.011139226285727452,21,21,0.1224600838462986,NS
ENSSSCG00000000661,0.8185675415897238,0.5010595234133876,-0.3175080181763362,-0.2108843537414966,0.24701377003522285,21,21,0.5117165520743475,NS
ENSSSCG00000016437,1.035304089760844,0.7787088236560555,-0.25659526610478856,-0.10657596371882083,0.5554909194152369,21,21,0.7803947792726859,NS
ENSSSCG00000017352,2.5463963236467526,3.2198898725406684,0.6734935488939158,0.308390022675737,0.08949242564035952,21,21,0.3143461545790406,NS
ENSSSCG00000014057,0.5556796954011696,0.21815099255679524,-0.3375287028443743,-0.17460317460317465,0.2957973664280985,21,21,0.5652650283517869,NS
ENSSSCG00000004358,2.2255997283011073,1.3370496189632544,-0.888550109337853,-0.3242630385487528,0.07408994000050295,21,21,0.287638363555999,NS
ENSSSCG00000016306,3.4590900621232947,2.479172396934244,-0.9799176651890509,-0.21995464852607705,0.22724906376880494,21,21,0.49084652942506357,NS
ENSSSCG00000036716,0.3766001314278916,0.42249857986975475,0.04589844844186314,0.038548752834467126,0.8143554626634343,21,21,0.9318998211511518,NS
ENSSSCG00000027629,0.9759101367600651,1.0400458387305422,0.06413570197047713,-0.08163265306122458,0.6593208400208621,21,21,0.8425441505052319,NS
ENSSSCG00000000031,0.7476211869150278,0.7566088764621344,0.008987689547106603,-0.061224489795918435,0.7432978011089524,21,21,0.8907689783709924,NS
ENSSSCG00000013522,2.332042343982049,1.1292665128333177,-1.2027758311487313,-0.4285714285714286,0.018042957393519396,21,21,0.14934464330577116,NS
ENSSSCG00000030204,0.7030782694770678,0.38458669374862253,-0.3184915757284452,-0.18367346938775508,0.30059765880709766,21,21,0.5703026187481536,NS
ENSSSCG00000001502,0.7263389172169681,0.4746845504818783,-0.2516543667350898,-0.20634920634920628,0.18656417897530664,21,21,0.4452517959821363,NS
ENSSSCG00000029352,1.3196498949914197,1.4762724741813658,0.15662257918994604,-0.14739229024943312,0.4208290941795192,21,21,0.6751374148904354,NS
ENSSSCG00000029035,1.873634838963185,1.2961148198025072,-0.5775200191606777,-0.28798185941043086,0.11300913889451222,21,21,0.3499967010457579,NS
ENSSSCG00000017797,0.7815253718264747,0.8816225450708527,0.10009717324437795,0.14739229024943312,0.41664464368168985,21,21,0.6751374148904354,NS
ENSSSCG00000038222,2.2949048008222266,2.3184272091596467,0.023522408337420142,0.08390022675736963,0.6506903704105349,21,21,0.8344026504702031,NS
ENSSSCG00000022725,1.3541820081260962,1.4597372604310581,0.10555525230496188,-0.08843537414965996,0.632679341784771,21,21,0.8251293316812793,NS
ENSSSCG00000028132,0.6905323443062484,0.3975787301482011,-0.2929536141580473,-0.18367346938775508,0.30059765880709766,21,21,0.5703026187481536,NS
ENSSSCG00000015414,0.49363799503713435,0.5140563156397301,0.02041832060259574,-0.05215419501133778,0.7714693457744792,21,21,0.9077127092354017,NS
ENSSSCG00000004620,2.335598251800739,1.6244654397806313,-0.7111328120201077,-0.3378684807256236,0.06267010552721387,21,21,0.26545427392262594,NS
ENSSSCG00000032819,1.3144010016544216,0.8425311135727479,-0.47186988808167374,-0.2970521541950113,0.10200935723255224,21,21,0.3332759242401978,NS
ENSSSCG00000034217,1.6479395074565715,1.137926862458255,-0.5100126449983164,-0.21541950113378694,0.23688877701816125,21,21,0.49934320517832165,NS
ENSSSCG00000011284,0.9555059953077789,1.1657469767960018,0.2102409814882229,0.03401360544217691,0.8601670126869553,21,21,0.9490399532059208,NS
ENSSSCG00000027455,1.8582166332710774,1.3170265534331385,-0.541190079837939,-0.27210884353741505,0.13429614391631503,21,21,0.3837032683323287,NS
ENSSSCG00000004684,2.577204813559314,2.755248942572282,0.17804412901296773,0.08390022675736963,0.6506903704105349,21,21,0.8344026504702031,NS
ENSSSCG00000011493,1.7272950967594984,0.8009702300014497,-0.9263248667580487,-0.41496598639455784,0.022063953660836223,21,21,0.1674730894955559,NS
ENSSSCG00000036711,1.0756300637621468,0.5866256031042439,-0.4890044606579028,-0.26077097505668934,0.1378698765010335,21,21,0.3858781529159893,NS
ENSSSCG00000015305,1.5282388794839161,1.4529102375000396,-0.07532864198387657,-0.006802721088435382,0.9799274874348569,21,21,0.9954575561004508,NS
ENSSSCG00000009945,0.3712879736341257,0.2901595016496308,-0.08112847198449491,-0.12471655328798192,0.4678311490027546,21,21,0.7134997070162065,NS
ENSSSCG00000038880,0.3425924443653347,0.30147844717854155,-0.04111399718679315,-0.16099773242630389,0.2384905577909604,21,21,0.5021624390564727,NS
ENSSSCG00000011010,2.2435120622054487,2.048851752274693,-0.19466030993075556,-0.08390022675736963,0.6506903704105349,21,21,0.8344026504702031,NS
ENSSSCG00000009029,2.057004038799845,1.2377458034330338,-0.8192582353668114,-0.3151927437641724,0.08248434319648144,21,21,0.3023991346304046,NS
ENSSSCG00000001757,1.165074317621054,0.9772275872093807,-0.18784673041167332,-0.05215419501133778,0.7815166602435409,21,21,0.9109394814543041,NS
ENSSSCG00000015313,0.8899685121290727,0.8208959562620293,-0.06907255586704342,0.009070294784580546,0.9693296494589041,21,21,0.9946937019528808,NS
ENSSSCG00000011562,1.236591842292252,0.3243773628189884,-0.9122144794732636,-0.6734693877551021,9.30943652993081e-05,21,21,0.015767392721899653,NS
ENSSSCG00000014114,1.9066987844433723,0.7646902281143204,-1.1420085563290518,-0.42630385487528355,0.018269637472904634,21,21,0.15081794592554246,NS
ENSSSCG00000039969,2.341572928514566,1.9565932292401658,-0.3849796992744001,-0.15192743764172345,0.4064599583160081,21,21,0.664517472366019,NS
ENSSSCG00000021571,1.3441105200456913,0.9278647164983654,-0.4162458035473259,-0.19274376417233552,0.2890739695497082,21,21,0.5572357098576629,NS
ENSSSCG00000009692,2.8496322324206624,1.9347778977892003,-0.9148543346314622,-0.32879818594104315,0.07009648656752486,21,21,0.27842598868122526,NS
ENSSSCG00000006519,1.8353362083925042,1.3371077047417699,-0.49822850365073434,-0.26077097505668934,0.1514414683532569,21,21,0.401864822689913,NS
ENSSSCG00000024191,1.694507315317415,1.953135004784396,0.258627689466981,0.2335600907029478,0.19887410571769715,21,21,0.4574984559108449,NS
ENSSSCG00000011336,0.3520507877186617,0.73180583813659,0.37975505041792823,0.326530612244898,0.051957784941640654,21,21,0.24682112491978944,NS
ENSSSCG00000033185,2.765971190161739,2.62727697369941,-0.13869421646232905,-0.01133786848072571,0.9598741753513395,21,21,0.9869209896448123,NS
ENSSSCG00000001769,2.981215816663955,2.3761545646674924,-0.6050612519964624,-0.2335600907029478,0.19951213436010184,21,21,0.4574984559108449,NS
ENSSSCG00000012174,0.3986288220311531,0.5271338164017306,0.12850499437057755,-0.04308390022675734,0.8105742294051089,21,21,0.9306308193686857,NS
ENSSSCG00000040337,1.8431033482542203,1.7217917191929044,-0.12131162906131587,-0.04308390022675734,0.820889035690062,21,21,0.9318998211511518,NS
ENSSSCG00000008820,1.6608575439845579,0.9974546685305196,-0.6634028754540383,-0.33333333333333326,0.06608320458195181,21,21,0.2723588264951059,NS
ENSSSCG00000006501,0.7964581261461662,0.28413918591926357,-0.5123189402269026,-0.41950113378684817,0.01727269959084013,21,21,0.14858755345358957,NS
ENSSSCG00000011930,0.5497746604566875,0.8422065541290111,0.2924318936723236,0.1201814058956916,0.49852810396206615,21,21,0.7356211643750858,NS
ENSSSCG00000010802,1.4237897626010485,0.4818368728040328,-0.9419528897970157,-0.4693877551020409,0.00909298929312383,21,21,0.11382942157902722,NS
ENSSSCG00000033303,0.7390324960904282,0.17224100861976432,-0.5667914874706639,-0.3151927437641724,0.0635441068654537,21,21,0.26831015927310264,NS
ENSSSCG00000036695,8.289483933296939,8.931009293309069,0.64152536001213,0.3832199546485261,0.03459373504072355,21,21,0.2067186606092017,NS
ENSSSCG00000015952,3.2935178969155934,1.327556565377979,-1.9659613315376143,-0.5419501133786848,0.0027358077981309795,21,21,0.0678052262065058,NS
ENSSSCG00000005935,2.1065022488179057,2.799088074351515,0.6925858255336093,0.3015873015873016,0.09685836811015376,21,21,0.3231631520724199,NS
ENSSSCG00000040685,1.3971949196823494,0.5380017749164855,-0.859193144765864,-0.2517006802721089,0.09121650527067891,21,21,0.3146040991494828,NS
ENSSSCG00000018734,6.066055117825873,7.6773428768375265,1.6112877590116534,0.4331065759637188,0.01685776486063875,21,21,0.1460154885656336,NS
ENSSSCG00000001062,0.696123932407813,0.6288446272732884,-0.06727930513452463,-0.027210884353741527,0.8853972509904636,21,21,0.9633346775249136,NS
ENSSSCG00000003809,2.2857007330346297,2.557379889484566,0.27167915644993634,0.13832199546485258,0.4504456875848739,21,21,0.6984759079638868,NS
ENSSSCG00000012328,1.2148017720352036,1.370742577914447,0.15594080587924353,0.05215419501133789,0.7820003799248392,21,21,0.9109394814543041,NS
ENSSSCG00000025264,0.9858077866555077,1.2766177086666464,0.29080992201113864,0.08616780045351469,0.6222341489634428,21,21,0.8238807685561123,NS
ENSSSCG00000027444,3.2162342581769057,2.799908416155279,-0.4163258420216267,-0.09297052154195007,0.6148835592723955,21,21,0.8157225327032747,NS
ENSSSCG00000033602,0.7736114321427472,0.5003263496736743,-0.2732850824690729,-0.3242630385487528,0.072158233533544,21,21,0.28429489607927483,NS
ENSSSCG00000003627,1.6422270869238456,0.7303123542122391,-0.9119147327116065,-0.28344671201814053,0.11882628003580122,21,21,0.3593522290120254,NS
ENSSSCG00000028345,0.2996374457295921,0.4724777077302867,0.17284026200069458,-0.1383219954648527,0.39563753510200894,21,21,0.6579572098908562,NS
ENSSSCG00000038872,0.9885328153163342,0.571111286214172,-0.41742152910216224,-0.31065759637188206,0.08562018062844297,21,21,0.3091496418228523,NS
ENSSSCG00000011676,1.9175353772964787,1.331683923267637,-0.5858514540288418,-0.2925170068027212,0.10740497958129895,21,21,0.34142639477651104,NS
ENSSSCG00000008360,1.0945205619266434,0.581391779297353,-0.5131287826292904,-0.3197278911564625,0.0755994378190762,21,21,0.2913551367634061,NS
ENSSSCG00000032595,2.647954479030191,2.7937459487110323,0.14579146968084133,0.024943310657596363,0.89990710207531,21,21,0.965040287671819,NS
ENSSSCG00000026910,2.3803282532224777,0.9998168685010034,-1.3805113847214743,-0.3650793650793651,0.02567629402397168,21,21,0.1806424692285424,NS
ENSSSCG00000010070,0.5361619908330297,0.39256338536264224,-0.1435986054703875,-0.17006802721088432,0.34873404210730496,21,21,0.6139228892038759,NS
ENSSSCG00000027676,2.8255143928068316,1.8960775606216662,-0.9294368321851654,-0.2517006802721089,0.16649147398308384,21,21,0.41913082991704775,NS
ENSSSCG00000034706,2.9886822035865372,2.43762401777701,-0.5510581858095271,-0.15192743764172345,0.4064599583160081,21,21,0.664517472366019,NS
ENSSSCG00000002127,0.8983213491545305,0.8864349000207487,-0.011886449133781896,-0.19727891156462585,0.2782941160567475,21,21,0.5446243796584893,NS
ENSSSCG00000014422,2.1732556524855853,1.227068969826713,-0.9461866826588723,-0.3537414965986394,0.05089781329392707,21,21,0.24357202453502533,NS
ENSSSCG00000030002,0.3672469485572407,0.2398620676445315,-0.12738488091270922,-0.020408163265306145,0.9022357993282382,21,21,0.9673863056254632,NS
ENSSSCG00000038304,0.849345399033294,1.1633489540911248,0.31400355505783084,0.07482993197278909,0.6869012842983792,21,21,0.8572780981928975,NS
ENSSSCG00000017668,1.5510271576962054,0.7968428898529347,-0.7541842678432706,-0.26984126984126977,0.13641740882329925,21,21,0.3858781529159893,NS
ENSSSCG00000030291,1.7588559584207135,1.614483114032352,-0.14437284438836162,-0.10657596371882083,0.5628712368271559,21,21,0.7833833809361512,NS
ENSSSCG00000022932,3.0454677829792463,2.9111332675263295,-0.13433451545291675,-0.11564625850340127,0.5294187787914176,21,21,0.7578908227272798,NS
ENSSSCG00000035954,2.047995855615201,1.4474324499779025,-0.6005634056372986,-0.16099773242630389,0.37861508946133926,21,21,0.6403962425284595,NS
ENSSSCG00000005457,0.47591253650496684,0.1651345043843569,-0.31077803212060995,-0.2970521541950113,0.0885001585811118,21,21,0.31197897629312793,NS
ENSSSCG00000011953,1.385675338126406,1.930151279638255,0.544475941511849,0.17460317460317465,0.33911360013116165,21,21,0.6008056035381634,NS
ENSSSCG00000023122,1.7169138766317071,1.3383032412364175,-0.3786106353952896,-0.14965986394557818,0.4135886653415899,21,21,0.6734436848429401,NS
ENSSSCG00000003964,0.7436733037949298,0.5578502510791463,-0.18582305271578348,-0.08843537414965996,0.6094227354245718,21,21,0.8157225327032747,NS
ENSSSCG00000022464,2.3884528786686374,0.771014401490279,-1.6174384771783585,-0.5873015873015872,0.0011719659449530454,21,21,0.04626916462205491,Down (PA<IVF)
ENSSSCG00000009176,0.8678886199122152,1.0878988638257188,0.22001024391350354,0.09523809523809523,0.6036386723345122,21,21,0.8122717324862208,NS
ENSSSCG00000022647,0.2198035129671664,0.7701338177957989,0.5503303048286325,0.27210884353741494,0.09704316228413776,21,21,0.3231631520724199,NS
ENSSSCG00000026449,0.334986321579017,0.42093866862946183,0.08595234705044486,-0.0793650793650793,0.6581071908788809,21,21,0.8414940036214582,NS
ENSSSCG00000006552,2.1839920302766993,1.510596622340003,-0.6733954079366964,-0.1882086167800454,0.3007093225780253,21,21,0.5703026187481536,NS
ENSSSCG00000033334,1.0128531079838698,0.4438858905653962,-0.5689672174184737,-0.3038548752834467,0.09215205957272914,21,21,0.3149791373537229,NS
ENSSSCG00000031251,2.266862789924944,2.8338961689234785,0.5670333789985347,0.11337868480725621,0.537669744171811,21,21,0.766662740598342,NS
ENSSSCG00000022173,3.2141905716503127,2.775933638605994,-0.4382569330443187,-0.1201814058956916,0.5130800796227113,21,21,0.7460214807570579,NS
ENSSSCG00000040344,2.2752050327523428,1.8336061496998408,-0.44159888305250194,-0.15192743764172345,0.4064599583160081,21,21,0.664517472366019,NS
ENSSSCG00000025190,0.9071773083634882,0.9563785148523875,0.04920120648889925,-0.02947845804988658,0.8799308364704173,21,21,0.9581000128681301,NS
ENSSSCG00000033700,1.1013647628961212,1.4372230317791668,0.3358582688830456,0.07936507936507942,0.6689077174430536,21,21,0.8447545916162275,NS
ENSSSCG00000005389,3.397495586129839,2.556600652033071,-0.840894934096768,-0.2290249433106577,0.2084687951379297,21,21,0.46888391299875337,NS
ENSSSCG00000015892,2.4123579809531956,1.2483037162559076,-1.164054264697288,-0.2970521541950113,0.1019677014866169,21,21,0.3332759242401978,NS
ENSSSCG00000010563,1.1963739604755685,1.1037675263922475,-0.09260643408332103,-0.12471655328798192,0.4970079892453181,21,21,0.7336937392345346,NS
ENSSSCG00000016974,1.3946206552682352,1.113735909803511,-0.2808847454647243,-0.16553287981859421,0.365124661446276,21,21,0.6272800312138134,NS
ENSSSCG00000033697,1.07083293555387,0.36837821189173653,-0.7024547236621335,-0.4058956916099774,0.024197457079962025,21,21,0.17602816073015853,NS
ENSSSCG00000036256,2.4107428003584603,2.149493878782635,-0.26124892157582513,-0.0975056689342404,0.597311573194272,21,21,0.8062920726419195,NS
ENSSSCG00000021069,0.5831841380557057,0.8564500342580087,0.273265896202303,0.2902494331065759,0.10967414348024092,21,21,0.3475125285332345,NS
ENSSSCG00000000207,0.4873066231771978,0.3830110682343301,-0.10429555494286769,-0.09070294784580502,0.5865625619452914,21,21,0.8020369094966512,NS
ENSSSCG00000017473,2.7819395512276426,2.0092802918703785,-0.7726592593572641,-0.2743764172335601,0.13121079099148933,21,21,0.37835478192585825,NS
ENSSSCG00000013392,3.7258333147590696,2.5315905391791014,-1.1942427755799683,-0.37414965986394555,0.0391344195585305,21,21,0.21879553233212654,NS
ENSSSCG00000012037,3.0200781258707585,3.252559629828245,0.23248150395748635,0.0113378684807256,0.9598741753513395,21,21,0.9869209896448123,NS
ENSSSCG00000030567,0.8493463457478576,0.5139947658257943,-0.3353515799220633,-0.3151927437641724,0.07695120901612794,21,21,0.29408651468002095,NS
ENSSSCG00000014199,2.466189435463783,1.6552546938996118,-0.8109347415641714,-0.2517006802721089,0.16649147398308384,21,21,0.41913082991704775,NS
ENSSSCG00000015020,7.794528700998621,7.399777345859427,-0.3947513551391939,-0.22448979591836737,0.2177133653142379,21,21,0.47992085027495884,NS
ENSSSCG00000015497,1.2903265887933046,0.9153598286574077,-0.3749667601358969,-0.10657596371882083,0.5609603315173578,21,21,0.7833833809361512,NS
ENSSSCG00000027334,0.7838490634115144,1.1851185909293558,0.4012695275178414,0.0022675736961451642,1.0,21,21,1.0,NS
ENSSSCG00000029544,3.4113687901044876,2.304189040998385,-1.1071797491061024,-0.3151927437641724,0.08260874319203763,21,21,0.3023991346304046,NS
ENSSSCG00000005711,4.3379357571577675,5.579344171070312,1.241408413912545,0.30612244897959184,0.09190475432879934,21,21,0.3146040991494828,NS
ENSSSCG00000015214,1.8323311012266164,0.9363656580008798,-0.8959654432257366,-0.4285714285714286,0.018028956728243326,21,21,0.14934464330577116,NS
ENSSSCG00000029203,1.7004522204097434,1.4454299118708862,-0.2550223085388572,-0.15192743764172345,0.40644094367684236,21,21,0.664517472366019,NS
ENSSSCG00000030386,2.2272359593187834,1.4798225583755578,-0.7474134009432256,-0.3786848072562359,0.03680447117105262,21,21,0.21234539296334817,NS
ENSSSCG00000009164,0.8717231630000458,0.36233017930871075,-0.5093929836913351,-0.2585034013605443,0.13240352036001707,21,21,0.38067399399401386,NS
ENSSSCG00000010016,1.2752558525832332,0.39837069271165015,-0.876885159871583,-0.5374149659863945,0.0025855400146307913,21,21,0.06744032129417198,NS
ENSSSCG00000006727,1.3556165457189224,1.6713974468524972,0.3157809011335748,0.2698412698412699,0.13769507736413775,21,21,0.3858781529159893,NS
ENSSSCG00000003334,0.497268999858465,0.5157129544458676,0.01844395458740261,-0.0793650793650793,0.6507367609352167,21,21,0.8344026504702031,NS
ENSSSCG00000016100,0.7239977506882574,0.5959116592151958,-0.1280860914730616,0.07482993197278909,0.6597882181507443,21,21,0.8425441505052319,NS
ENSSSCG00000003154,5.4820906438479025,5.17790863514691,-0.30418200870099277,-0.13378684807256236,0.46568579971233737,21,21,0.7103857207086134,NS
ENSSSCG00000030183,2.7292712216806607,1.1818776611918007,-1.54739356048886,-0.5079365079365079,0.005031990848985485,21,21,0.08523322771368007,NS
ENSSSCG00000031077,1.1942139787055364,1.2800377365913873,0.08582375788585095,-0.21541950113378694,0.2370788366276667,21,21,0.49934320517832165,NS
ENSSSCG00000004328,1.0227268168392616,0.5170574642782345,-0.5056693525610271,-0.17006802721088432,0.35189843271642895,21,21,0.6139228892038759,NS
ENSSSCG00000012608,6.322626237336359,6.03484787704627,-0.28777836029008874,-0.28344671201814053,0.11884122094676833,21,21,0.3593522290120254,NS
ENSSSCG00000039782,0.8122113172280918,1.1580822526685453,0.34587093544045344,0.024943310657596363,0.8996804327244297,21,21,0.965040287671819,NS
ENSSSCG00000007064,0.4308524735705809,0.912104462867867,0.4812519892972861,0.08390022675736963,0.6445197839718086,21,21,0.8344026504702031,NS
ENSSSCG00000035867,1.3634612961166859,1.372389244550693,0.008927948434007238,0.038548752834467126,0.8404807789798207,21,21,0.9396794525202588,NS
ENSSSCG00000040887,1.6513989589263862,0.49492919903283017,-1.156469759893556,-0.48752834467120176,0.0071003541102135055,21,21,0.09940098455645346,NS
ENSSSCG00000027573,1.0527450051847906,0.44377055116529457,-0.6089744540194961,-0.17006802721088432,0.25585335980719504,21,21,0.523503631199315,NS
ENSSSCG00000037883,4.9755871360479365,2.9035438177921398,-2.0720433182557967,-0.39229024943310664,0.029040338653562845,21,21,0.19192362539830551,NS
ENSSSCG00000004149,1.8696435089393268,1.7199313727609957,-0.14971213617833112,-0.038548752834467015,0.8404807789798207,21,21,0.9396794525202588,NS
ENSSSCG00000008225,1.705144665518289,0.41052839247136186,-1.294616273046927,-0.6870748299319729,0.00013812013646772526,21,21,0.01811082976599118,Down (PA<IVF)
ENSSSCG00000036293,2.0125276361550224,2.414403350388293,0.40187571423327073,0.21995464852607705,0.22724906376880494,21,21,0.49084652942506357,NS
ENSSSCG00000002715,2.33338343178202,1.332724639057238,-1.0006587927247819,-0.3560090702947847,0.049708278569462,21,21,0.24014966087687317,NS
ENSSSCG00000025174,1.1590185220137186,1.5556508998482135,0.3966323778344949,0.19727891156462585,0.2793872631916571,21,21,0.5446243796584893,NS
ENSSSCG00000007173,2.7239359843409128,1.7302562050378791,-0.9936797793030336,-0.32199546485260777,0.07613735945032754,21,21,0.2919520882220497,NS
ENSSSCG00000010872,3.5565815913598064,3.8658533244209528,0.3092717330611463,0.1201814058956916,0.5130800796227113,21,21,0.7460214807570579,NS
ENSSSCG00000008748,1.64718906314767,1.598778192181374,-0.04841087096629604,-0.1020408163265305,0.5799715449870863,21,21,0.794449839978317,NS
ENSSSCG00000039635,1.087930037083609,0.5610831379158926,-0.5268468991677163,-0.24716553287981857,0.16930842129595358,21,21,0.42528589164783653,NS
ENSSSCG00000002470,1.7569138566027536,2.68096847595051,0.9240546193477566,0.3015873015873016,0.09685836811015376,21,21,0.3231631520724199,NS
ENSSSCG00000017731,1.0348215971002457,0.5484742723275695,-0.48634732477267617,-0.4058956916099774,0.02387794087558484,21,21,0.17431541268550116,NS
ENSSSCG00000002706,0.8549393028186998,0.38884851560487055,-0.46609078721382924,-0.473922902494331,0.006784724081948497,21,21,0.09940098455645346,NS
ENSSSCG00000039550,1.233867502488373,0.6970778174275709,-0.536789685060802,-0.43310657596371893,0.015273071569739453,21,21,0.14112162579966475,NS
ENSSSCG00000007723,0.5211728944376003,0.29150345918729914,-0.22966943525030115,-0.2970521541950113,0.08610423332449216,21,21,0.3091496418228523,NS
ENSSSCG00000008412,2.8836478804991277,1.7316122625874788,-1.1520356179116489,-0.3424036281179139,0.059203310186616454,21,21,0.25790327958396714,NS
ENSSSCG00000024975,1.2360834189957328,0.3510501338513238,-0.885033285144409,-0.24716553287981857,0.17223328037062002,21,21,0.42834123173730454,NS
ENSSSCG00000012491,1.5210248818964327,1.5224147362460512,0.001389854349618469,-0.0022675736961450532,1.0,21,21,1.0,NS
ENSSSCG00000025942,1.010056048408279,1.217218707630287,0.20716265922200794,-0.1383219954648527,0.45007831726258374,21,21,0.6984759079638868,NS
ENSSSCG00000004556,0.8039563774640806,0.3985836461709619,-0.4053727312931186,-0.3786848072562359,0.035551012810344125,21,21,0.21060444549133048,NS
ENSSSCG00000032165,0.36743884068262045,0.3648495711302962,-0.002589269552324247,-0.027210884353741527,0.8811601197916752,21,21,0.959180961880497,NS
ENSSSCG00000030578,1.642818348653178,1.2436951175919668,-0.39912323106121117,-0.15646258503401356,0.39219588469897926,21,21,0.6539796048612466,NS
ENSSSCG00000011804,1.7734398001314347,1.6591556348215202,-0.11428416530991448,-0.1201814058956916,0.5127382877741721,21,21,0.7460214807570579,NS
ENSSSCG00000007097,1.869773708593462,0.8771965976282046,-0.9925771109652575,-0.4172335600907029,0.02116538872297353,21,21,0.16516434696642923,NS
ENSSSCG00000017015,1.7603290991640115,1.089245825016614,-0.6710832741473975,-0.346938775510204,0.05569848726267219,21,21,0.2527717816851408,NS
ENSSSCG00000021746,1.206205596027289,1.062091625244793,-0.1441139707824961,-0.19727891156462585,0.2782941160567475,21,21,0.5446243796584893,NS
ENSSSCG00000035493,0.6296277848870319,0.48439432520524583,-0.14523345968178603,0.049886621315192725,0.7915931780199439,21,21,0.9193218203428043,NS
ENSSSCG00000027057,0.4953455058773523,0.7415056383255314,0.24616013244817908,-0.13378684807256236,0.4626789331490305,21,21,0.7103857207086134,NS
ENSSSCG00000007732,3.9359592490615216,2.208904248122183,-1.7270550009393388,-0.4512471655328798,0.012759283501342113,21,21,0.1298645175359153,NS
ENSSSCG00000009378,5.358294210239045,5.0066157101851365,-0.3516785000539082,-0.2108843537414966,0.24720534308664543,21,21,0.5117165520743475,NS
ENSSSCG00000022952,2.7976166609992372,1.9700193986499908,-0.8275972623492465,-0.21995464852607705,0.2272302337150961,21,21,0.49084652942506357,NS
ENSSSCG00000022434,1.4786037128732497,0.7457545959532039,-0.7328491169200457,-0.3877551020408163,0.03190871298427788,21,21,0.2029842289862626,NS
ENSSSCG00000039638,8.82012743031444,8.291305203507095,-0.5288222268073444,-0.5328798185941044,0.003248158212533892,21,21,0.07135641789976087,NS
ENSSSCG00000009112,1.5589872498188722,0.9562756748727747,-0.6027115749460975,-0.19727891156462585,0.2787045786611493,21,21,0.5446243796584893,NS
ENSSSCG00000010456,0.7488740120408731,0.3979227247590281,-0.350951287281845,-0.0748299319727892,0.6788294092933174,21,21,0.853357109721854,NS
ENSSSCG00000012842,0.5230375743008018,0.4961098611357608,-0.026927713165041,0.06575963718820865,0.6868102753997047,21,21,0.8572780981928975,NS
ENSSSCG00000017623,3.041578944038342,3.198779850080806,0.15720090604246373,0.07029478458049887,0.705923845633216,21,21,0.8691022220107433,NS
ENSSSCG00000000116,0.5965377565911818,0.4280971383251,-0.1684406182660818,-0.17233560090702937,0.2801570590740863,21,21,0.5455229705501651,NS
ENSSSCG00000006267,4.8346009935947585,4.2583190760876715,-0.576281917507087,-0.2743764172335601,0.13121079099148933,21,21,0.37835478192585825,NS
ENSSSCG00000015963,0.6495942953349845,0.24638794273225398,-0.4032063526027305,-0.46031746031746024,0.007655651614448897,21,21,0.10556027195516662,NS
ENSSSCG00000039108,5.58832760436436,3.695387774750152,-1.8929398296142081,-0.26984126984126977,0.13769507736413775,21,21,0.3858781529159893,NS
ENSSSCG00000021325,0.7126513648639436,0.41827908191876245,-0.2943722829451812,0.08390022675736963,0.6477471602340937,21,21,0.8344026504702031,NS
ENSSSCG00000039582,1.7205849412936647,2.4490656216138014,0.7284806803201367,0.33333333333333337,0.06630309624589313,21,21,0.2723588264951059,NS
ENSSSCG00000009401,2.2152007017467414,0.8031892894259807,-1.4120114123207608,-0.4807256235827664,0.007930688214551278,21,21,0.10744879850397575,NS
ENSSSCG00000024127,4.9269843572010545,5.079573099463381,0.15258874226232688,-0.02947845804988658,0.8800274316446192,21,21,0.9581000128681301,NS
ENSSSCG00000015412,0.738449970027701,0.5994869435481944,-0.13896302647950654,-0.04308390022675734,0.8192987131562609,21,21,0.9318998211511518,NS
ENSSSCG00000007247,1.854571465955711,0.3499783951090873,-1.5045930708466237,-0.7052154195011338,9.434989502434992e-05,21,21,0.015767392721899653,Down (PA<IVF)
ENSSSCG00000037032,0.7286315519551901,0.3219820195881712,-0.40664953236701895,-0.20181405895691618,0.21978871000731404,21,21,0.4837184955566809,NS
ENSSSCG00000009768,1.9734830462535864,0.5798787865067486,-1.3936042597468377,-0.5238095238095237,0.0035110476875515506,21,21,0.07500599700466523,NS
ENSSSCG00000031705,5.2895936733129485,3.5790916457123103,-1.7105020276006382,-0.6054421768707483,0.0008207116506800389,21,21,0.04179614971550859,Down (PA<IVF)
ENSSSCG00000022940,1.3428449582214959,1.8467699322698223,0.5039249740483265,0.11111111111111116,0.5460017363773491,21,21,0.7703997318854171,NS
ENSSSCG00000008247,0.588014660286035,0.34753477446541164,-0.24047988582062335,-0.11791383219954654,0.4882277048888899,21,21,0.730602101081082,NS
ENSSSCG00000010608,0.95392814138508,0.835616529575193,-0.11831161180988703,-0.0022675736961450532,1.0,21,21,1.0,NS
ENSSSCG00000005201,7.35365929883392,7.794964617170739,0.44130531833681896,-0.18367346938775508,0.3143051330541584,21,21,0.5805420605146814,NS
ENSSSCG00000003303,5.971598469041557,6.413601131395257,0.44200266235370034,0.024943310657596363,0.89990710207531,21,21,0.965040287671819,NS
ENSSSCG00000011270,2.4181871663252954,0.9970257262432075,-1.4211614400820878,-0.3560090702947847,0.047717636710729094,21,21,0.2366003721042282,NS
ENSSSCG00000008881,1.036415873777703,2.074202054653227,1.037786180875524,0.36961451247165533,0.04142328172418618,21,21,0.2244664069512958,NS
ENSSSCG00000008377,0.5801339076563865,0.7689440499830181,0.18881014232663162,0.27664399092970526,0.1274874729795939,21,21,0.37486672294899875,NS
ENSSSCG00000025053,3.001704376174968,2.8900138127108903,-0.11169056346407791,-0.09297052154195007,0.6148835592723955,21,21,0.8157225327032747,NS
ENSSSCG00000035478,2.970495640015397,2.909208366847048,-0.06128727316834892,0.006802721088435382,0.9799307399921785,21,21,0.9954575561004508,NS
ENSSSCG00000004242,5.3785986123401255,3.8391491318651254,-1.539449480475,-0.46485260770975056,0.01029127938830835,21,21,0.11890408570106216,NS
ENSSSCG00000037979,0.5490506287143893,0.6027962682823383,0.05374563956794909,0.108843537414966,0.5469288518704486,21,21,0.7713675830245225,NS
ENSSSCG00000040294,0.5423461933494333,0.447565648505214,-0.09478054484421933,-0.054421768707483054,0.7681649326345716,21,21,0.9068338389043472,NS
ENSSSCG00000011342,1.5018993948439519,1.114383537345654,-0.38751585749829776,-0.2108843537414966,0.24720534308664543,21,21,0.5117165520743475,NS
ENSSSCG00000001877,1.0179122826143174,0.412665914707358,-0.6052463679069595,-0.20634920634920628,0.24420254717875356,21,21,0.5104294557118371,NS
ENSSSCG00000038914,0.6046241324795536,0.47169247223047084,-0.13293166024908276,-0.08390022675736963,0.6445197839718086,21,21,0.8344026504702031,NS
ENSSSCG00000007315,1.5887483482278686,1.229396166188527,-0.3593521820393415,-0.22448979591836737,0.2166677271657954,21,21,0.47992085027495884,NS
ENSSSCG00000016170,1.9926164951577359,1.475128994298423,-0.5174875008593129,-0.2743764172335601,0.13114831029505128,21,21,0.37835478192585825,NS
ENSSSCG00000005437,2.904228118708161,3.31677429846871,0.41254617976054897,0.11564625850340138,0.5294187787914176,21,21,0.7578908227272798,NS
ENSSSCG00000021628,1.1159565373570957,1.290518559250147,0.17456202189305126,0.04761904761904767,0.7990907970596917,21,21,0.9213153463710844,NS
ENSSSCG00000034782,0.6022824071654685,0.30417799153641667,-0.2981044156290519,-0.308390022675737,0.07223411135075453,21,21,0.28429489607927483,NS
ENSSSCG00000014794,1.4156472917734113,2.3685481204807743,0.952900828707363,0.35147392290249435,0.05274632203096375,21,21,0.24682112491978944,NS
ENSSSCG00000015327,5.094846416546045,5.265191916583122,0.17034550003707682,0.04308390022675734,0.820889035690062,21,21,0.9318998211511518,NS
ENSSSCG00000008536,2.844749665911484,1.7048963158487787,-1.1398533500627053,-0.39682539682539675,0.028629607311712907,21,21,0.18957442679377465,NS
ENSSSCG00000000289,0.3510868438795437,0.11895675329698585,-0.23213009058255785,-0.15646258503401356,0.2687502579498069,21,21,0.5356266035838685,NS
ENSSSCG00000000552,1.2373212005856287,1.0511309059760958,-0.18619029460953285,-0.13378684807256236,0.45898509144558186,21,21,0.7083549442782209,NS
ENSSSCG00000030443,3.1877714638168846,2.1872295384975846,-1.0005419253193,-0.3015873015873016,0.09685836811015376,21,21,0.3231631520724199,NS
ENSSSCG00000028810,2.8237276723227698,3.7773464495009117,0.9536187771781419,0.2335600907029478,0.1994939219627292,21,21,0.4574984559108449,NS
ENSSSCG00000016611,4.131413924114362,2.7968100104447546,-1.3346039136696075,-0.43764172335600904,0.015737324159875152,21,21,0.14112162579966475,NS
ENSSSCG00000004739,1.446488637937719,0.25542978989924886,-1.1910588480384703,-0.6326530612244898,0.000462444161990885,21,21,0.03411147259416636,Down (PA<IVF)
ENSSSCG00000038367,0.9478409910042872,0.8660197763802492,-0.08182121462403802,-0.02947845804988658,0.8797563756242406,21,21,0.9581000128681301,NS
ENSSSCG00000012119,1.8608849118584376,2.6496435341231983,0.7887586222647607,0.2970521541950113,0.1019677014866169,21,21,0.3332759242401978,NS
ENSSSCG00000031808,4.090505551728266,1.8531498040495453,-2.2373557476787207,-0.5782312925170068,0.001399379518924129,21,21,0.04872966243563211,Down (PA<IVF)
ENSSSCG00000008358,4.603875454892831,4.255675070132322,-0.3482003847605091,-0.26984126984126977,0.13775887453894567,21,21,0.3858781529159893,NS
ENSSSCG00000017022,5.72355651730062,5.276178040739987,-0.44737847656063323,-0.14739229024943312,0.4208290941795192,21,21,0.6751374148904354,NS
ENSSSCG00000016027,1.4192911093054594,1.099915752463743,-0.31937535684171636,-0.24263038548752824,0.18237749893829314,21,21,0.4396192289203178,NS
ENSSSCG00000038308,0.6323815777134376,0.4029325383128695,-0.2294490394005681,-0.2403628117913832,0.18510678846351214,21,21,0.44446362228200675,NS
ENSSSCG00000010996,1.8713855320563944,1.3181775633132866,-0.5532079687431077,-0.2789115646258504,0.1249066561322159,21,21,0.3688590878463198,NS
ENSSSCG00000035899,2.039409154346315,1.0286814628018859,-1.010727691544429,-0.31065759637188206,0.07256921516234997,21,21,0.2849598259952609,NS
ENSSSCG00000011074,2.7488508433279426,1.9805463936222467,-0.7683044497056959,-0.3015873015873016,0.09685836811015376,21,21,0.3231631520724199,NS
ENSSSCG00000010260,1.3835513616225201,0.8771406751386559,-0.5064106864838642,-0.30612244897959173,0.09164143578527693,21,21,0.3146040991494828,NS
ENSSSCG00000035686,3.0571598224399437,2.5729387781899753,-0.48422104424996837,-0.18367346938775508,0.3143051330541584,21,21,0.5805420605146814,NS
ENSSSCG00000014435,3.199010824572627,3.5438353352526213,0.3448245106799943,0.0975056689342404,0.597311573194272,21,21,0.8062920726419195,NS
ENSSSCG00000025534,1.3248772065077812,0.8417100719411595,-0.48316713456662164,-0.31065759637188206,0.08504386226731797,21,21,0.30818853415414754,NS
ENSSSCG00000006983,3.4544148636163063,3.5112433208848293,0.056828457268522925,0.07936507936507942,0.6689077174430536,21,21,0.8447545916162275,NS
ENSSSCG00000033443,2.750380870341278,1.2600023513224454,-1.4903785190188326,-0.48752834467120176,0.007109649063322586,21,21,0.09940098455645346,NS
ENSSSCG00000000900,0.5710408791159696,0.23341776281686913,-0.33762311629910047,-0.3650793650793651,0.03146452397167299,21,21,0.20118654362298347,NS
ENSSSCG00000017262,1.2828885148884621,0.5502354788016425,-0.7326530360868196,-0.32879818594104315,0.06874623348215554,21,21,0.27842598868122526,NS
ENSSSCG00000002460,1.550769864415235,0.9275208162650143,-0.6232490481502208,-0.2789115646258504,0.12460091389361477,21,21,0.3688590878463198,NS
ENSSSCG00000036610,1.9019360282523399,0.9994789218352915,-0.9024571064170483,-0.43310657596371893,0.01685332118597948,21,21,0.1460154885656336,NS
ENSSSCG00000035719,0.38206112357134475,0.3930047332029078,0.010943609631563045,-0.0226757369614512,0.9046077943995567,21,21,0.9690208415960273,NS
ENSSSCG00000005090,1.9515868894959987,1.7333263908481762,-0.2182604986478225,-0.0748299319727892,0.6873220903878915,21,21,0.8572780981928975,NS
ENSSSCG00000010438,2.1653011492883487,0.6212751500966618,-1.544025999191687,-0.5691609977324263,0.0016631694155038114,21,21,0.052600513441112794,NS
ENSSSCG00000016911,4.105280949405321,2.8385716698516155,-1.2667092795537056,-0.4013605442176871,0.026849069410328923,21,21,0.18455372360206054,NS
ENSSSCG00000033095,0.9128673650584567,1.1049549234685045,0.19208755841004788,0.09297052154195007,0.6116917218547059,21,21,0.8157225327032747,NS
ENSSSCG00000022874,0.610223921912689,0.16348094959678067,-0.44674297231590837,-0.3560090702947847,0.022055725363612895,21,21,0.1674730894955559,NS
ENSSSCG00000015948,4.753362603141079,4.200961896758426,-0.5524007063826533,-0.20181405895691618,0.2683576760316526,21,21,0.5349996098742043,NS
ENSSSCG00000000541,0.8781888245852604,0.6935011968219957,-0.18468762776326464,-0.17460317460317465,0.3374639963696173,21,21,0.6008056035381634,NS
ENSSSCG00000006954,0.6857312536544057,0.8740606341772257,0.18832938052282,0.19727891156462585,0.2782941160567475,21,21,0.5446243796584893,NS
ENSSSCG00000014338,3.7821134818268263,2.277804731601798,-1.5043087502250283,-0.4285714285714286,0.018047625262461266,21,21,0.14934464330577116,NS
ENSSSCG00000004151,6.667367843606679,5.674772042579054,-0.9925958010276252,-0.1882086167800454,0.30236014932755606,21,21,0.5703026187481536,NS
ENSSSCG00000027135,1.2306491333969845,1.10690503594539,-0.12374409745159443,-0.04081632653061229,0.8306168708924009,21,21,0.938943668250364,NS
ENSSSCG00000039061,1.9962356357874065,1.3871728087937754,-0.6090628269936311,-0.2743764172335601,0.13121079099148933,21,21,0.37835478192585825,NS
ENSSSCG00000000039,1.2430491151801175,0.6098944929480021,-0.6331546222321154,-0.3378684807256236,0.062457339885724814,21,21,0.26545427392262594,NS
ENSSSCG00000014835,0.5342691622863754,0.28421939319510886,-0.2500497690912666,-0.2789115646258504,0.11628782828500188,21,21,0.35660907556330484,NS
ENSSSCG00000010575,1.6772752178743258,1.0245859354800981,-0.6526892823942276,-0.3151927437641724,0.08235994397058533,21,21,0.3023991346304046,NS
ENSSSCG00000007253,3.5537793374805995,3.841866943823163,0.2880876063425637,-0.1428571428571428,0.43549215491585636,21,21,0.6880757384611778,NS
ENSSSCG00000005174,5.480644226729895,5.057283695323387,-0.42336053140650787,0.08390022675736963,0.6506903704105349,21,21,0.8344026504702031,NS
ENSSSCG00000040883,0.6646278778685227,0.5505956580102352,-0.11403221985828749,-0.0793650793650793,0.6642177217442886,21,21,0.8447545916162275,NS
ENSSSCG00000008317,0.6557510371661849,0.0,-0.6557510371661849,-0.4285714285714286,0.000985317282025879,21,21,0.04417827813527798,NS
ENSSSCG00000032506,3.2821434652997423,3.7471022463212273,0.464958781021485,0.2290249433106576,0.2084687951379297,21,21,0.46888391299875337,NS
ENSSSCG00000013721,1.496840214336287,1.8584252795293306,0.3615850651930437,0.07936507936507942,0.6686551023213888,21,21,0.8447545916162275,NS
ENSSSCG00000020964,1.9535656642930248,1.5087689467471275,-0.44479671754589734,-0.0975056689342404,0.597311573194272,21,21,0.8062920726419195,NS
ENSSSCG00000001611,1.7414673443202422,1.3573048388232656,-0.3841625054969766,-0.0975056689342404,0.597311573194272,21,21,0.8062920726419195,NS
ENSSSCG00000028178,1.4906878256523097,0.41487803746579305,-1.0758097881865167,-0.43764172335600904,0.0152335535003173,21,21,0.14112162579966475,NS
ENSSSCG00000011214,4.506646114656435,3.570812691468632,-0.9358334231878036,-0.2517006802721089,0.16649147398308384,21,21,0.41913082991704775,NS
ENSSSCG00000017913,0.4388324446741294,0.9108778541131831,0.4720454094390537,0.16099773242630389,0.37146641407552783,21,21,0.6364284716678623,NS
ENSSSCG00000025965,3.5638717617548292,1.4112866184478159,-2.1525851433070136,-0.6825396825396826,0.00016106295380065807,21,21,0.019384067773202007,Down (PA<IVF)
ENSSSCG00000006562,2.8170331327074454,3.182486447308696,0.3654533146012504,0.2290249433106576,0.2084687951379297,21,21,0.46888391299875337,NS
ENSSSCG00000029251,2.359961308063899,1.2594376355024528,-1.1005236725614462,-0.46485260770975056,0.01029127938830835,21,21,0.11890408570106216,NS
ENSSSCG00000023829,2.7072463099228323,2.3701166659189887,-0.3371296440038436,-0.12925170068027203,0.48120815818423346,21,21,0.7223387232262236,NS
ENSSSCG00000009670,6.118612073819956,6.639635415499119,0.5210233416791628,-0.061224489795918435,0.7436492622639466,21,21,0.8907689783709924,NS
ENSSSCG00000006009,1.3635542005209236,0.7411155722523651,-0.6224386282685584,-0.3378684807256236,0.05963571410406995,21,21,0.2594172471489663,NS
ENSSSCG00000040749,1.9445808254986208,0.9171878125237809,-1.0273930129748399,-0.383219954648526,0.0343375795500123,21,21,0.2067186606092017,NS
ENSSSCG00000010238,1.1700128242060814,1.3310970790474945,0.1610842548414131,-0.061224489795918435,0.7436392405319272,21,21,0.8907689783709924,NS
ENSSSCG00000014123,6.125468336519047,7.0082548441267996,0.8827865076077526,0.31065759637188206,0.08715676491040764,21,21,0.3091496418228523,NS
ENSSSCG00000020702,5.1183727622334825,4.237842249763693,-0.8805305124697895,-0.32879818594104315,0.07010784129484465,21,21,0.27842598868122526,NS
ENSSSCG00000012055,4.260041534530936,3.2652250747260623,-0.9948164598048739,-0.39682539682539675,0.028629607311712907,21,21,0.18957442679377465,NS
ENSSSCG00000017032,6.302015878977681,8.016258180852885,1.7142423018752044,0.44217687074829937,0.014682920439987845,21,21,0.1374145078012505,NS
ENSSSCG00000028310,5.59848522711854,4.880515917901264,-0.7179693092172759,-0.33333333333333326,0.06630309624589313,21,21,0.2723588264951059,NS
ENSSSCG00000014806,0.8687121485730089,0.786312561238629,-0.08239958733437991,-0.12925170068027203,0.4790630106998497,21,21,0.7223387232262236,NS
ENSSSCG00000012974,1.318748156398494,0.9569144281340988,-0.3618337282643952,-0.2675736961451247,0.1411098972130167,21,21,0.3909587620683742,NS
ENSSSCG00000016874,5.9527823226733805,5.572536325024725,-0.38024599764865563,-0.21541950113378694,0.2370788366276667,21,21,0.49934320517832165,NS
ENSSSCG00000006539,1.0584729698889845,0.9137473676677457,-0.14472560222123887,-0.13378684807256236,0.46561349324555734,21,21,0.7103857207086134,NS
ENSSSCG00000039046,0.7058899905003403,0.6682497374641185,-0.03764025303622176,-0.17913832199546476,0.2832706212312992,21,21,0.5501707044826598,NS
ENSSSCG00000038628,4.075165338968245,3.879854077552308,-0.1953112614159367,-0.04761904761904767,0.8013831883084928,21,21,0.9213153463710844,NS
ENSSSCG00000014955,2.001354824468483,1.14629505464052,-0.855059769827963,-0.2403628117913832,0.18659145054235982,21,21,0.4452517959821363,NS
ENSSSCG00000001907,0.7832333070783322,1.0384086008348679,0.2551752937565357,0.015873015873015928,0.937337461371746,21,21,0.9783494422867809,NS
ENSSSCG00000007687,1.5719827555647992,2.176849867567503,0.6048671120027038,0.24716553287981857,0.17433363250882716,21,21,0.42834123173730454,NS
ENSSSCG00000004169,1.9306177538431573,1.3129646115637663,-0.6176531422793909,-0.3015873015873016,0.09680426312115811,21,21,0.3231631520724199,NS
ENSSSCG00000015387,2.66078256662849,3.007032526265695,0.34624995963720506,0.0975056689342404,0.597311573194272,21,21,0.8062920726419195,NS
ENSSSCG00000005995,1.5181616691117352,1.5332816747599818,0.01512000564824656,0.07482993197278909,0.6873220903878915,21,21,0.8572780981928975,NS
ENSSSCG00000035341,0.38412640368031375,0.18116915391330543,-0.20295724976700832,-0.473922902494331,0.0060307367673028784,21,21,0.09510541200850056,NS
ENSSSCG00000032437,1.6548331860138512,1.7587330885280157,0.10389990251416448,-0.015873015873015817,0.9398429773571263,21,21,0.9783494422867809,NS
ENSSSCG00000009035,5.74240782769824,6.158444977180041,0.41603714948180137,0.16099773242630389,0.37861508946133926,21,21,0.6403962425284595,NS
ENSSSCG00000011582,0.7636318889682089,0.46705874165676114,-0.29657314731144774,-0.46485260770975056,0.010229683965536715,21,21,0.11890408570106216,NS
ENSSSCG00000028850,0.2575297679283843,0.35735411052741733,0.09982434259903306,0.009070294784580546,0.9560903459769621,21,21,0.9869209896448123,NS
ENSSSCG00000000767,1.3839817657507991,0.5945356387530752,-0.7894461269977239,-0.32879818594104315,0.06971050355663194,21,21,0.27842598868122526,NS
ENSSSCG00000008400,0.9556202067435293,1.2934527838791319,0.33783257713560255,0.07709750566893425,0.6776591427159724,21,21,0.8528236505286315,NS
ENSSSCG00000038031,2.7163262977328952,2.5139909834037866,-0.20233531432910867,-0.02947845804988658,0.8800274316446192,21,21,0.9581000128681301,NS
ENSSSCG00000017038,2.05163679208029,1.669021818404825,-0.38261497367546493,-0.2108843537414966,0.24720534308664543,21,21,0.5117165520743475,NS
ENSSSCG00000010648,7.104962426250829,6.932065322898188,-0.17289710335264097,-0.13378684807256236,0.46568579971233737,21,21,0.7103857207086134,NS
ENSSSCG00000038235,1.2454632986372784,0.45606034305263066,-0.7894029555846478,-0.27210884353741505,0.0450801680526406,21,21,0.23234406674764427,NS
ENSSSCG00000015537,2.9700404768436197,2.2018245976761386,-0.7682158791674811,-0.22448979591836737,0.2177133653142379,21,21,0.47992085027495884,NS
ENSSSCG00000026354,3.6636887544552317,2.9635335972280648,-0.7001551572271669,-0.20634920634920628,0.25763094153482324,21,21,0.523503631199315,NS
ENSSSCG00000007085,6.975156146854389,6.423700311241918,-0.5514558356124715,-0.3560090702947847,0.04974528689592373,21,21,0.24014966087687317,NS
ENSSSCG00000006261,2.859910835840023,2.405295162989001,-0.454615672851022,-0.14512471655328807,0.42810537489111977,21,21,0.6842504361027684,NS
ENSSSCG00000028020,0.5123975197453099,0.8704329058876884,0.3580353861423785,0.006802721088435382,0.9797494660535006,21,21,0.9954575561004508,NS
ENSSSCG00000016990,1.074740296601815,0.7121621925445203,-0.3625781040572946,-0.16553287981859421,0.36280039449611,21,21,0.6272800312138134,NS
ENSSSCG00000004307,6.03094204817654,5.14171082015717,-0.8892312280193693,-0.2970521541950113,0.10202324211434627,21,21,0.3332759242401978,NS
ENSSSCG00000024445,0.7111392407255763,0.39211340656157856,-0.31902583416399777,-0.2403628117913832,0.17426140180242478,21,21,0.42834123173730454,NS
ENSSSCG00000004306,2.4390372661191413,1.5926940666681375,-0.8463431994510038,-0.3877551020408163,0.032497438559346836,21,21,0.20315497363626772,NS
ENSSSCG00000015545,2.2965778299810653,2.6938178113749687,0.3972399813939034,0.18367346938775508,0.3143051330541584,21,21,0.5805420605146814,NS
ENSSSCG00000003461,0.7583325927428952,0.561979693409308,-0.19635289933358724,-0.10430839002267578,0.5708443083168177,21,21,0.7915892369220475,NS
ENSSSCG00000023304,1.7471213634425797,1.696899047153448,-0.05022231628913176,-0.11564625850340127,0.5294187787914176,21,21,0.7578908227272798,NS
ENSSSCG00000007065,0.34444232696331456,0.4004308135043516,0.05598848654103705,0.19047619047619047,0.1904357573845441,21,21,0.44742370252398683,NS
ENSSSCG00000017396,1.5501949771440986,2.4091056366188774,0.8589106594747788,0.34693877551020413,0.05579783043466221,21,21,0.2527717816851408,NS
ENSSSCG00000016958,3.9253004986286855,3.949563045311526,0.024262546682840558,0.015873015873015928,0.9398429773571263,21,21,0.9783494422867809,NS
ENSSSCG00000014559,2.08039264201984,1.0903968809557434,-0.9899957610640968,-0.4285714285714286,0.018000968641319188,21,21,0.14934464330577116,NS
ENSSSCG00000039473,2.203804088869894,1.3576768674137643,-0.8461272214561297,-0.31065759637188206,0.08715676491040764,21,21,0.3091496418228523,NS
ENSSSCG00000016441,1.9728849287712307,1.0672612642244712,-0.9056236645467595,-0.383219954648526,0.03459373504072355,21,21,0.2067186606092017,NS
ENSSSCG00000002426,2.352793015848887,1.601841335136852,-0.7509516807120349,-0.28344671201814053,0.11884122094676833,21,21,0.3593522290120254,NS
ENSSSCG00000029573,3.2984760964005435,3.444926112292769,0.1464500158922255,0.038548752834467126,0.8405062858111236,21,21,0.9396794525202588,NS
ENSSSCG00000029403,0.27799925692842364,0.5830106737222523,0.3050114167938287,0.12925170068027214,0.47096674855443144,21,21,0.7170848912434243,NS
ENSSSCG00000011708,1.648907221373376,1.0476971992637814,-0.6012100221095946,-0.346938775510204,0.05588726196132822,21,21,0.2527717816851408,NS
ENSSSCG00000039351,1.8441055755224438,1.5729877388256706,-0.27111783669677325,-0.054421768707483054,0.7720441402878627,21,21,0.9077127092354017,NS
ENSSSCG00000040429,3.4407152741166684,2.293164827915224,-1.1475504462014445,-0.2335600907029478,0.1911217496816664,21,21,0.44762553868768573,NS
ENSSSCG00000023533,0.6177628877157837,0.24081037572543468,-0.376952511990349,-0.46031746031746024,0.009907267754858019,21,21,0.11778791333037791,NS
ENSSSCG00000015845,3.0058465499694216,2.9200054314587662,-0.08584111851065535,0.0,1.0,21,21,1.0,NS
ENSSSCG00000020803,1.1681538009946368,0.6321019139185534,-0.5360518870760834,-0.4512471655328798,0.012557144852486091,21,21,0.1298645175359153,NS
ENSSSCG00000002411,3.9304757735992077,4.733826677223004,0.8033509036237967,0.3015873015873016,0.09685836811015376,21,21,0.3231631520724199,NS
ENSSSCG00000007721,1.9799614662441722,1.7766374634760922,-0.20332400276808005,-0.04761904761904767,0.8013516659397524,21,21,0.9213153463710844,NS
ENSSSCG00000007046,1.554532011404176,1.051655795774364,-0.5028762156298121,-0.17233560090702937,0.3453113775690234,21,21,0.6093308137361777,NS
ENSSSCG00000006070,1.2665307743573129,0.6727887667069141,-0.5937420076503988,-0.3877551020408163,0.030506305090500944,21,21,0.19671511075924816,NS
ENSSSCG00000016232,2.4109550147047276,1.0739000145662536,-1.337055000138474,-0.38095238095238093,0.03505784475057075,21,21,0.20858353424884243,NS
ENSSSCG00000016194,3.036248289492381,3.2405345571330924,0.20428626764071156,-0.038548752834467015,0.8405062858111236,21,21,0.9396794525202588,NS
ENSSSCG00000016266,5.795364001577301,6.3454224921439755,0.5500584905666743,0.13378684807256236,0.46568579971233737,21,21,0.7103857207086134,NS
ENSSSCG00000002656,2.1041311726917886,1.7329399766091624,-0.3711911960826262,-0.20634920634920628,0.25761165906426453,21,21,0.523503631199315,NS
ENSSSCG00000028513,2.6399205840976316,1.4522500948598698,-1.1876704892377619,-0.4058956916099774,0.025164969815949612,21,21,0.1780582660160118,NS
ENSSSCG00000003930,0.4048907601180708,0.3254280051354484,-0.0794627549826224,-0.04308390022675734,0.7916548388191704,21,21,0.9193218203428043,NS
ENSSSCG00000005060,5.463449694250377,5.97790081766192,0.5144511234115434,0.08843537414965985,0.632679341784771,21,21,0.8251293316812793,NS
ENSSSCG00000011890,0.5321124339187273,0.23722909576058515,-0.29488333815814216,-0.28798185941043086,0.10302430995669908,21,21,0.33510989393217433,NS
ENSSSCG00000030528,2.501215197400832,1.4098633802703884,-1.0913518171304435,-0.3560090702947847,0.049708278569462,21,21,0.24014966087687317,NS
ENSSSCG00000007713,1.6986334997325405,1.1508673995422674,-0.5477661001902732,-0.1360544217687074,0.45649369508215143,21,21,0.706257724010726,NS
ENSSSCG00000009448,1.7385231161443875,2.071536477601213,0.33301336145682536,0.1655328798185941,0.36514408957445854,21,21,0.6272800312138134,NS
ENSSSCG00000016850,1.9680836097970438,1.0049674504443713,-0.9631161593526725,-0.3197278911564625,0.07825502308568134,21,21,0.29484995892048155,NS
ENSSSCG00000027509,1.1433145878299387,0.980288792882704,-0.16302579494723468,-0.20634920634920628,0.25724503687757017,21,21,0.523503631199315,NS
ENSSSCG00000022656,0.8387727884195838,0.036311071009789836,-0.802461717409794,-0.6462585034013606,0.00013438120716808698,21,21,0.01811082976599118,NS
ENSSSCG00000017971,0.9689301932986958,0.1108690089779179,-0.8580611843207779,-0.44217687074829937,0.002893713460778569,21,21,0.0706436809286156,NS
ENSSSCG00000021161,0.262131030698083,0.7578634996872189,0.49573246898913587,0.43083900226757366,0.01728467458541756,21,21,0.14858755345358957,NS
ENSSSCG00000003791,2.8631387263751322,3.320433151047464,0.4572944246723316,0.18367346938775508,0.3143051330541584,21,21,0.5805420605146814,NS
ENSSSCG00000026644,4.229103695907189,3.0889490445742847,-1.1401546513329044,-0.346938775510204,0.05589720011900272,21,21,0.2527717816851408,NS
ENSSSCG00000020754,0.852732118683326,0.3323313251464073,-0.5204007935369187,-0.28344671201814053,0.09548663762348054,21,21,0.3230024046631035,NS
ENSSSCG00000016223,6.528196285031534,6.192195618340412,-0.33600066669112216,-0.3650793650793651,0.04417155188516873,21,21,0.229906559887904,NS
ENSSSCG00000039202,1.1353473402264251,0.5117299570415423,-0.6236173831848828,-0.26077097505668934,0.1422236071073599,21,21,0.3930918391444355,NS
ENSSSCG00000036658,0.837450378031791,1.3126294446297897,0.4751790665979987,0.2517006802721088,0.1663196910481577,21,21,0.41913082991704775,NS
ENSSSCG00000004050,2.356083519419196,2.025210539141272,-0.330872980277924,-0.08390022675736963,0.6506903704105349,21,21,0.8344026504702031,NS
ENSSSCG00000016044,5.195010151409508,4.6610284379724245,-0.5339817134370834,-0.2517006802721089,0.16649147398308384,21,21,0.41913082991704775,NS
ENSSSCG00000039314,1.9710005130961936,1.204281883310739,-0.7667186297854547,-0.16553287981859421,0.365124661446276,21,21,0.6272800312138134,NS
ENSSSCG00000040181,0.3930923571208169,0.7614719562811942,0.3683795991603773,0.015873015873015928,0.9384325946412871,21,21,0.9783494422867809,NS
ENSSSCG00000008242,3.80623317439882,2.8737574381222606,-0.9324757362765594,-0.3877551020408163,0.032497438559346836,21,21,0.20315497363626772,NS
ENSSSCG00000034227,0.405791340414754,0.3107370623122502,-0.09505427810250383,0.10204081632653061,0.5449911918939015,21,21,0.7703997318854171,NS
ENSSSCG00000007322,5.38002393539778,4.956068737794719,-0.42395519760306133,-0.30612244897959173,0.09190475432879934,21,21,0.3146040991494828,NS
ENSSSCG00000038469,3.8482983583808292,3.2848130158926985,-0.5634853424881308,-0.20181405895691618,0.2683576760316526,21,21,0.5349996098742043,NS
ENSSSCG00000014060,1.4030723450405835,1.484707429779786,0.08163508473920245,-0.05895691609977316,0.7530849487703456,21,21,0.8993490772647048,NS
ENSSSCG00000009820,2.1293060252102842,2.930480048531335,0.8011740233210509,0.22448979591836737,0.2177133653142379,21,21,0.47992085027495884,NS
ENSSSCG00000025599,1.0227735629117019,0.7884449637505779,-0.23432859916112392,-0.18594104308390014,0.3076074136648782,21,21,0.5777928949887948,NS
ENSSSCG00000025674,0.5708540735982329,0.4247167910302384,-0.14613728256799452,-0.17913832199546476,0.3153205665957176,21,21,0.5817569239374056,NS
ENSSSCG00000012325,1.058619784279258,1.1305481759984932,0.07192839171923526,0.0113378684807256,0.9598676764095315,21,21,0.9869209896448123,NS
ENSSSCG00000003307,6.168803894799938,5.171632217430746,-0.9971716773691917,-0.1882086167800454,0.30236014932755606,21,21,0.5703026187481536,NS
ENSSSCG00000014946,2.3793201971524973,1.8094717320699014,-0.5698484650825959,-0.2517006802721089,0.16649147398308384,21,21,0.41913082991704775,NS
ENSSSCG00000007309,2.5655167192134334,2.12961779568567,-0.4358989235277635,-0.26984126984126977,0.13775887453894567,21,21,0.3858781529159893,NS
ENSSSCG00000039514,4.784180728182814,5.027258944191614,0.24307821600879986,0.11111111111111116,0.5460180023945915,21,21,0.7703997318854171,NS
ENSSSCG00000014033,0.8585028093634433,0.45609888965753403,-0.4024039197059092,-0.18367346938775508,0.3099532009363727,21,21,0.5794646573779328,NS
ENSSSCG00000008940,4.088617318716884,4.008696153804036,-0.0799211649128484,0.038548752834467126,0.8405062858111236,21,21,0.9396794525202588,NS
ENSSSCG00000022760,1.9346350838784734,0.4127105087930128,-1.5219245750854606,-0.6870748299319729,0.00014520344564570187,21,21,0.01811082976599118,Down (PA<IVF)
ENSSSCG00000005600,5.556366630134757,3.860687877105624,-1.6956787530291333,-0.39229024943310664,0.0305109151381691,21,21,0.19671511075924816,NS
ENSSSCG00000012403,0.8241070603510839,1.0709418468507008,0.24683478649961688,-0.0748299319727892,0.6869012842983792,21,21,0.8572780981928975,NS
ENSSSCG00000031976,0.5454865974417876,0.001398067525263055,-0.5440885299165246,-0.44217687074829937,0.0016039005486387938,21,21,0.05165613973550293,NS
ENSSSCG00000030108,1.953195831684577,1.1911297101729137,-0.7620661215116633,-0.2857142857142858,0.11588158073179879,21,21,0.35552220206625207,NS
ENSSSCG00000011769,3.592451299670923,2.6518074053543366,-0.9406438943165862,-0.3650793650793651,0.04417155188516873,21,21,0.229906559887904,NS
ENSSSCG00000003591,0.7755466556379834,0.34982860663082416,-0.42571804900715926,-0.24716553287981857,0.17223328037062002,21,21,0.42834123173730454,NS
ENSSSCG00000017835,0.5230016237048274,0.585808760981875,0.06280713727704756,0.08843537414965985,0.630383857519912,21,21,0.8251293316812793,NS
ENSSSCG00000030260,3.829566256563273,2.800554631237125,-1.0290116253261483,-0.2925170068027212,0.10740497958129895,21,21,0.34142639477651104,NS
ENSSSCG00000015386,1.2792563298478878,1.8258526591909212,0.5465963293430334,0.10657596371882083,0.5628079392840412,21,21,0.7833833809361512,NS
ENSSSCG00000039330,1.1825903077295234,1.637488535992726,0.4548982282632026,0.13605442176870752,0.45801196555588264,21,21,0.7071712995078449,NS
ENSSSCG00000038994,5.765197324045245,5.9876339160180185,0.2224365919727731,0.08843537414965985,0.632679341784771,21,21,0.8251293316812793,NS
ENSSSCG00000001959,2.891166396925374,2.681993942365657,-0.2091724545597171,-0.006802721088435382,0.9799307399921785,21,21,0.9954575561004508,NS
ENSSSCG00000032329,1.1417202320222226,1.006783244599873,-0.1349369874223496,-0.07029478458049887,0.6710414784600738,21,21,0.8471373835546754,NS
ENSSSCG00000031479,4.007272493632493,2.9213291118857576,-1.085943381746735,-0.22448979591836737,0.2166677271657954,21,21,0.47992085027495884,NS
ENSSSCG00000001041,2.164995881019064,1.659586459750886,-0.5054094212681781,0.006802721088435382,0.9799274874348569,21,21,0.9954575561004508,NS
ENSSSCG00000011760,4.7791328894000475,4.415619183066935,-0.3635137063331122,-0.30612244897959173,0.09190475432879934,21,21,0.3146040991494828,NS
ENSSSCG00000035013,2.447254830122015,2.117352713127091,-0.3299021169949241,-0.15873015873015883,0.38527124089260933,21,21,0.6488711368099398,NS
ENSSSCG00000014327,1.84745097807065,0.11084521723384967,-1.7366057608368004,-0.8140589569160999,1.8692033661346481e-06,21,21,0.0029068459367547444,Down (PA<IVF)
ENSSSCG00000009994,5.646069139429824,7.169646811534668,1.5235776721048442,0.4965986394557823,0.006107086316679595,21,21,0.0951759899727487,NS
ENSSSCG00000020743,5.6181371362973,5.716074472721088,0.09793733642378832,-0.22448979591836737,0.2177133653142379,21,21,0.47992085027495884,NS
ENSSSCG00000009327,3.458446447931545,3.8235838052359865,0.3651373573044414,0.11111111111111116,0.5460180023945915,21,21,0.7703997318854171,NS
ENSSSCG00000016489,6.687434063502017,6.8904556880135415,0.20302162451152483,-0.006802721088435382,0.9799307399921785,21,21,0.9954575561004508,NS
ENSSSCG00000014319,5.8630206156878515,7.081517738786299,1.2184971230984472,0.36961451247165533,0.0415884552820841,21,21,0.2244664069512958,NS
ENSSSCG00000011179,1.500865326177276,1.6149750418958106,0.11410971571853468,0.07709750566893425,0.6776591427159724,21,21,0.8528236505286315,NS
ENSSSCG00000022778,2.4700998078903544,2.0119829619919036,-0.4581168458984508,-0.13378684807256236,0.46561349324555734,21,21,0.7103857207086134,NS
ENSSSCG00000016397,1.143309255977135,0.8090621454312943,-0.33424711054584066,-0.2857142857142858,0.11588158073179879,21,21,0.35552220206625207,NS
ENSSSCG00000002434,1.070036817595207,1.0056498584546516,-0.06438695914055548,0.07936507936507942,0.6681989365859755,21,21,0.8447545916162275,NS
ENSSSCG00000004390,4.402085704821877,4.908540365797757,0.50645466097588,0.17006802721088432,0.3519764902680531,21,21,0.6139228892038759,NS
ENSSSCG00000035662,5.03184796034402,3.9767330183837206,-1.0551149419602996,-0.10657596371882083,0.5628079392840412,21,21,0.7833833809361512,NS
ENSSSCG00000037081,0.704803192683779,0.8743846986093059,0.1695815059255269,-0.20634920634920628,0.2553074243261012,21,21,0.523503631199315,NS
ENSSSCG00000009341,3.7351393811092883,2.5712292654820836,-1.1639101156272047,-0.4013605442176871,0.026849069410328923,21,21,0.18455372360206054,NS
ENSSSCG00000014540,4.091401967365128,3.8375471507274064,-0.25385481663772147,-0.015873015873015817,0.9398429773571263,21,21,0.9783494422867809,NS
ENSSSCG00000004373,1.375072253571251,0.7670947311246936,-0.6079775224465573,-0.2789115646258504,0.1247538049539505,21,21,0.3688590878463198,NS
ENSSSCG00000024444,0.4995670310407928,0.25613599336385295,-0.24343103767693985,-0.3718820861678005,0.01891878550573113,21,21,0.1546875668287432,NS
ENSSSCG00000016488,0.5648014008258497,0.3175730022474483,-0.24722839857840145,-0.35147392290249435,0.05001513951891647,21,21,0.24128259992951265,NS
ENSSSCG00000006860,0.23181421292944576,0.8592588036944411,0.6274445907649953,0.2517006802721088,0.1349177843366413,21,21,0.38467830446773044,NS
ENSSSCG00000011591,5.7786469112178604,7.1688682918385656,1.390221380620705,0.3378684807256236,0.06267010552721387,21,21,0.26545427392262594,NS
ENSSSCG00000006214,1.2620508907973003,0.6329080673589124,-0.6291428234383879,-0.20861678004535156,0.24919150449370897,21,21,0.5153613870445715,NS
ENSSSCG00000013336,4.049676062034043,5.65476066745378,1.6050846054197372,0.4013605442176871,0.026849069410328923,21,21,0.18455372360206054,NS
ENSSSCG00000037465,5.4154722549275585,4.673744945523695,-0.7417273094038634,-0.35147392290249435,0.05274632203096375,21,21,0.24682112491978944,NS
ENSSSCG00000008335,5.03424390779144,4.048472128910636,-0.985771778880804,-0.2335600907029478,0.19951213436010184,21,21,0.4574984559108449,NS
ENSSSCG00000022264,3.8617930220839454,3.5422174787775695,-0.31957554330637583,-0.07029478458049887,0.705923845633216,21,21,0.8691022220107433,NS
ENSSSCG00000038581,0.48681385968854596,0.29532543236235737,-0.1914884273261886,-0.20408163265306123,0.22643988606686316,21,21,0.49084652942506357,NS
ENSSSCG00000005066,2.1272851727892563,1.731048196119931,-0.3962369766693252,-0.09297052154195007,0.6148835592723955,21,21,0.8157225327032747,NS
ENSSSCG00000033144,4.2075020524585485,3.152880567512451,-1.0546214849460975,-0.28798185941043086,0.11300913889451222,21,21,0.3499967010457579,NS
ENSSSCG00000010314,2.631974464589172,1.416981268787141,-1.214993195802031,-0.48299319727891166,0.007664367757028096,21,21,0.10556027195516662,NS
ENSSSCG00000008368,4.602967674835174,5.610849334907048,1.0078816600718739,0.35600907029478457,0.04974528689592373,21,21,0.24014966087687317,NS
ENSSSCG00000027594,3.6908676235609734,3.474751602688081,-0.21611602087289228,-0.08843537414965996,0.632679341784771,21,21,0.8251293316812793,NS
ENSSSCG00000032166,0.8643639681990111,0.5883769039204845,-0.2759870642785266,-0.28798185941043086,0.10882410184840415,21,21,0.34545735246647497,NS
ENSSSCG00000016772,0.4419278876228613,0.31890968486920407,-0.12301820275365721,-0.06575963718820854,0.7116298422432767,21,21,0.8745576348600642,NS
ENSSSCG00000006729,6.499899841335576,6.845373006081355,0.34547316474577894,0.13832199546485258,0.4504456875848739,21,21,0.6984759079638868,NS
ENSSSCG00000032619,0.8733882043407457,1.0682885523866783,0.1949003480459326,0.038548752834467126,0.8401480727159747,21,21,0.9396794525202588,NS
ENSSSCG00000014222,4.495754697825703,4.710157932836874,0.2144032350111713,0.1201814058956916,0.5130800796227113,21,21,0.7460214807570579,NS
ENSSSCG00000009145,0.3628135456815572,0.35016708367432375,-0.012646462007233461,0.0045351473922902175,0.988511214806646,21,21,1.0,NS
ENSSSCG00000035544,5.370147953317002,4.1831920063115575,-1.186955947005444,-0.26077097505668934,0.15160731211683598,21,21,0.401864822689913,NS
ENSSSCG00000000466,3.39890647075699,3.2632341704767085,-0.13567230028028154,-0.10657596371882083,0.5628712368271559,21,21,0.7833833809361512,NS
ENSSSCG00000015316,0.9477563354451978,0.5768703173132085,-0.3708860181319893,-0.14512471655328807,0.37968057821877876,21,21,0.6420036397783639,NS
ENSSSCG00000033467,7.672751166866729,5.282682018170606,-2.3900691486961234,-0.6734693877551021,0.00019683087668572746,21,21,0.02177838409780791,Down (PA<IVF)
ENSSSCG00000002707,3.8300346943351307,4.481673644784769,0.6516389504496387,0.16099773242630389,0.37861508946133926,21,21,0.6403962425284595,NS
ENSSSCG00000001414,1.6877561360683653,1.7444148309490903,0.05665869488072506,0.05215419501133789,0.7819142369649622,21,21,0.9109394814543041,NS
ENSSSCG00000016876,4.5713357969885795,3.1017445274420523,-1.4695912695465272,-0.2743764172335601,0.13121079099148933,21,21,0.37835478192585825,NS
ENSSSCG00000008638,2.3330525624904164,2.884372679977129,0.5513201174867128,0.20181405895691606,0.2683576760316526,21,21,0.5349996098742043,NS
ENSSSCG00000034521,3.011136751573507,3.2849866459196684,0.27384989434616136,0.0975056689342404,0.597311573194272,21,21,0.8062920726419195,NS
ENSSSCG00000014116,2.439775323764382,1.0802843539887401,-1.3594909697756419,-0.48979591836734704,0.006843782322558987,21,21,0.09940098455645346,NS
ENSSSCG00000014929,0.6248998712790411,1.1614071455647594,0.5365072742857183,0.5804988662131519,0.0009684036834145377,21,21,0.04417827813527798,NS
ENSSSCG00000004538,0.41443364789548065,0.3615830444510062,-0.05285060344447445,-0.20408163265306123,0.2435544059071808,21,21,0.5096959196227152,NS
ENSSSCG00000021959,5.385841283690788,5.713002435514641,0.3271611518238524,-0.04761904761904767,0.8013831883084928,21,21,0.9213153463710844,NS
ENSSSCG00000039336,6.129739031788081,5.762335680570662,-0.36740335121741907,-0.1020408163265305,0.5799715449870863,21,21,0.794449839978317,NS
ENSSSCG00000024453,2.9584173431733376,2.245435003745555,-0.7129823394277826,-0.20181405895691618,0.2683576760316526,21,21,0.5349996098742043,NS
ENSSSCG00000030049,1.2445773339671355,0.8660065221721929,-0.3785708117949427,-0.1383219954648527,0.44941522180375193,21,21,0.6984759079638868,NS
ENSSSCG00000004172,4.769669172327013,3.651994524553718,-1.1176746477732946,-0.43764172335600904,0.015737324159875152,21,21,0.14112162579966475,NS
ENSSSCG00000021393,1.5165953821387086,0.7179593272696027,-0.7986360548691059,-0.46031746031746024,0.010997097518303932,21,21,0.12200364978627651,NS
ENSSSCG00000032234,1.4930259513762176,1.4865407800305173,-0.006485171345700369,-0.07029478458049887,0.705923845633216,21,21,0.8691022220107433,NS
ENSSSCG00000005183,6.2390571997651,6.2763590738843895,0.0373018741192892,-0.020408163265306145,0.9198497691906573,21,21,0.9725908472022055,NS
ENSSSCG00000007438,0.8856805844647658,0.7056629421062692,-0.1800176423584966,-0.1383219954648527,0.44636434350424403,21,21,0.6984759079638868,NS
ENSSSCG00000015962,3.598327605774448,1.864269243914571,-1.7340583618598773,-0.5963718820861679,0.000982809888455429,21,21,0.04417827813527798,Down (PA<IVF)
ENSSSCG00000012163,2.444029071541407,1.2423008884199762,-1.2017281831214308,-0.383219954648526,0.03459373504072355,21,21,0.2067186606092017,NS
ENSSSCG00000037143,1.4649669962335525,1.267978023491567,-0.19698897274198557,-0.24263038548752824,0.18237749893829314,21,21,0.4396192289203178,NS
ENSSSCG00000013936,0.13248543873426308,0.7306623508544444,0.5981769121201813,0.2857142857142857,0.03529627778274596,21,21,0.2096384983460063,NS
ENSSSCG00000006900,1.836148267774635,1.435966006356844,-0.400182261417791,-0.3015873015873016,0.09685836811015376,21,21,0.3231631520724199,NS
ENSSSCG00000026934,1.8038301621541861,1.3479842251876006,-0.4558459369665855,-0.08390022675736963,0.6506903704105349,21,21,0.8344026504702031,NS
ENSSSCG00000025507,0.7009152494224568,0.6271239805374399,-0.07379126888501686,0.02947845804988658,0.8741186350294324,21,21,0.9581000128681301,NS
ENSSSCG00000004522,5.881122600007029,5.54706791404699,-0.33405468596003907,-0.256235827664399,0.15891754968522953,21,21,0.4089176259717459,NS
ENSSSCG00000026806,1.1081059390396941,1.127557263508068,0.019451324468373832,0.013605442176870763,0.9498343130335007,21,21,0.9857774191208913,NS
ENSSSCG00000033395,2.4116315275951417,1.9955479033499386,-0.41608362424520307,-0.04081632653061229,0.8287185502076734,21,21,0.938943668250364,NS
ENSSSCG00000011447,0.7681841686717457,0.19312964015013567,-0.57505452852161,-0.46031746031746024,0.006044821333468791,21,21,0.09510888611833924,NS
ENSSSCG00000010849,2.723025174925936,2.9347837270149033,0.2117585520889671,-0.01133786848072571,0.9598741753513395,21,21,0.9869209896448123,NS
ENSSSCG00000008602,4.911755690173328,4.470660344338411,-0.44109534583491694,-0.07029478458049887,0.705923845633216,21,21,0.8691022220107433,NS
ENSSSCG00000022387,6.102310156804619,4.759252139573088,-1.343058017231531,-0.44217687074829937,0.014682920439987845,21,21,0.1374145078012505,NS
ENSSSCG00000002799,2.88092284246275,2.990174262337344,0.10925141987459375,0.0113378684807256,0.9598741753513395,21,21,0.9869209896448123,NS
ENSSSCG00000012310,5.594917808588433,6.054466429845757,0.45954862125732365,0.2335600907029478,0.19951213436010184,21,21,0.4574984559108449,NS
ENSSSCG00000008573,5.346806785295501,4.928529102252456,-0.41827768304304414,-0.08843537414965996,0.632679341784771,21,21,0.8251293316812793,NS
ENSSSCG00000006096,0.24419782912557636,0.5367404795160826,0.29254265039050625,-0.038548752834467015,0.825791101700645,21,21,0.9364688936524611,NS
ENSSSCG00000016070,1.0165578200899479,0.4461110333013005,-0.5704467867886474,-0.4625850340136055,0.007817155306827856,21,21,0.10682407451163164,NS
ENSSSCG00000027256,3.4954735864182926,2.520433408400151,-0.9750401780181415,-0.33333333333333326,0.06630309624589313,21,21,0.2723588264951059,NS
ENSSSCG00000027041,4.716074065000106,4.240686419640652,-0.47538764535945344,-0.09297052154195007,0.6148835592723955,21,21,0.8157225327032747,NS
ENSSSCG00000028297,1.5978443041246557,1.5778727321081496,-0.019971572016506123,0.02947845804988658,0.8800081312598497,21,21,0.9581000128681301,NS
ENSSSCG00000007607,5.877900747906099,7.137366127241238,1.259465379335139,0.3786848072562359,0.03680447117105262,21,21,0.21234539296334817,NS
ENSSSCG00000001563,4.403806423711957,4.402293684656571,-0.001512739055386625,-0.02947845804988658,0.8800274316446192,21,21,0.9581000128681301,NS
ENSSSCG00000024966,5.664616829142675,6.22504780170549,0.5604309725628154,0.20181405895691606,0.2683576760316526,21,21,0.5349996098742043,NS
ENSSSCG00000033257,4.867131031929544,4.013362921306563,-0.8537681106229806,-0.12471655328798192,0.4970079892453181,21,21,0.7336937392345346,NS
ENSSSCG00000013223,1.6002569977833931,1.281760274763831,-0.3184967230195621,-0.14739229024943312,0.4207537970491576,21,21,0.6751374148904354,NS
ENSSSCG00000011229,4.852668225299728,3.4971106405301837,-1.355557584769544,-0.41950113378684817,0.020649731723361393,21,21,0.162637381885487,NS
ENSSSCG00000016185,4.0295710006073024,2.8606992720981204,-1.168871728509182,-0.30612244897959173,0.09190475432879934,21,21,0.3146040991494828,NS
ENSSSCG00000032962,3.8848768944554584,5.630801656110366,1.7459247616549076,0.4965986394557823,0.006107086316679595,21,21,0.0951759899727487,NS
ENSSSCG00000015734,1.5466091281478531,1.2944536460794707,-0.25215548206838245,-0.13378684807256236,0.4653239778778977,21,21,0.7103857207086134,NS
ENSSSCG00000023269,1.4668949847252766,1.718204839453296,0.2513098547280195,0.10657596371882083,0.5627129416745741,21,21,0.7833833809361512,NS
ENSSSCG00000029998,4.218146583222298,4.667444434175465,0.4492978509531671,0.11111111111111116,0.5460180023945915,21,21,0.7703997318854171,NS
ENSSSCG00000015523,6.070281561008512,5.24943861108476,-0.820842949923752,-0.346938775510204,0.05589720011900272,21,21,0.2527717816851408,NS
ENSSSCG00000014163,5.348140934936199,4.87177960486399,-0.4763613300722085,-0.0748299319727892,0.6873220903878915,21,21,0.8572780981928975,NS
ENSSSCG00000016226,5.398508081412542,4.3460580390643475,-1.0524500423481946,-0.30612244897959173,0.09190475432879934,21,21,0.3146040991494828,NS
ENSSSCG00000034491,5.180112941896515,5.714793028508479,0.5346800866119645,0.19727891156462585,0.2793872631916571,21,21,0.5446243796584893,NS
ENSSSCG00000010141,6.5836682726290565,4.575556405404375,-2.008111867224682,-0.4467120181405895,0.013691289267922114,21,21,0.1343665870929123,NS
ENSSSCG00000009652,5.888455937529391,5.221248535049254,-0.6672074024801367,-0.2743764172335601,0.13121079099148933,21,21,0.37835478192585825,NS
ENSSSCG00000032288,2.85376747860407,1.8095154839595704,-1.0442519946444997,-0.3197278911564625,0.07825502308568134,21,21,0.29484995892048155,NS
ENSSSCG00000024592,1.0347466112757016,0.9929537772067549,-0.04179283406894663,-0.17233560090702937,0.34548734710987816,21,21,0.6093308137361777,NS
ENSSSCG00000036284,6.121767604067976,6.9503017484884815,0.8285341444205052,0.24716553287981857,0.17433363250882716,21,21,0.42834123173730454,NS
ENSSSCG00000031224,2.108751732450556,1.7202307995498476,-0.38852093290070844,-0.11791383219954654,0.5206245709514092,21,21,0.7533563423093511,NS
ENSSSCG00000032908,1.4662490015824328,0.6189508654229228,-0.84729813615951,-0.3718820861678005,0.04026461223397488,21,21,0.2229777250509772,NS
ENSSSCG00000010931,0.848104778226648,0.5644245924790979,-0.28368018574755005,-0.22222222222222232,0.22178812204303366,21,21,0.4862468894903199,NS
ENSSSCG00000012262,1.0263378834476096,0.6629089567618573,-0.3634289266857522,-0.2108843537414966,0.2455921135911029,21,21,0.5117165520743475,NS
ENSSSCG00000017712,0.8681832461495147,0.5943849316346184,-0.27379831451489633,-0.18594104308390014,0.3066424460312892,21,21,0.5771103373867337,NS
ENSSSCG00000033424,4.674810233797814,5.680210148889644,1.0053999150918305,0.15646258503401356,0.39238776291674793,21,21,0.6539796048612466,NS
ENSSSCG00000000895,0.4560029435367894,0.3700540731440465,-0.0859488703927429,0.07029478458049887,0.6993484297590173,21,21,0.8683685140284909,NS
ENSSSCG00000031380,1.9157489863021282,1.2287264050363034,-0.6870225812658248,-0.3424036281179139,0.05547522070552194,21,21,0.2527717816851408,NS
ENSSSCG00000023188,3.298465109445636,2.3189174619543427,-0.9795476474912932,-0.33333333333333326,0.06630309624589313,21,21,0.2723588264951059,NS
ENSSSCG00000002374,0.9829068735953445,0.7102646526352229,-0.2726422209601216,-0.15192743764172345,0.40223337258820047,21,21,0.664517472366019,NS
ENSSSCG00000035907,4.4160927733597175,5.114345091872173,0.6982523185124556,0.17913832199546487,0.32655631642696226,21,21,0.5929529726545689,NS
ENSSSCG00000012050,4.0805535882152,3.566347598064238,-0.5142059901509621,-0.17006802721088432,0.3519764902680531,21,21,0.6139228892038759,NS
ENSSSCG00000006162,5.397682637888694,5.029778488297483,-0.36790414959121165,-0.12925170068027203,0.48120815818423346,21,21,0.7223387232262236,NS
ENSSSCG00000007715,1.1476290933281317,0.8663487597629237,-0.281280333565208,-0.15646258503401356,0.3834747010862464,21,21,0.6476209870634294,NS
ENSSSCG00000027767,4.934936555539838,4.0238033708886585,-0.9111331846511792,-0.2970521541950113,0.10202324211434627,21,21,0.3332759242401978,NS
ENSSSCG00000011213,5.669653343971133,5.373559121672001,-0.29609422229913207,-0.2743764172335601,0.13121079099148933,21,21,0.37835478192585825,NS
ENSSSCG00000012727,2.4741654005738507,2.1823094558385714,-0.2918559447352793,-0.1383219954648527,0.4504456875848739,21,21,0.6984759079638868,NS
ENSSSCG00000007748,4.177138342729071,4.715596657112061,0.5384583143829902,0.18367346938775508,0.3143051330541584,21,21,0.5805420605146814,NS
ENSSSCG00000009185,3.4703913359814544,3.863961660454822,0.3935703244733677,0.11564625850340138,0.5294187787914176,21,21,0.7578908227272798,NS
ENSSSCG00000009934,2.097775687558097,2.5604548628630113,0.4626791753049142,0.07482993197278909,0.6873220903878915,21,21,0.8572780981928975,NS
ENSSSCG00000004543,0.9985530470339025,0.18909972408623713,-0.8094533229476654,-0.45351473922902485,0.0068393322993137275,21,21,0.09940098455645346,NS
ENSSSCG00000004344,5.469891408689416,5.185332373166149,-0.2845590355232668,-0.15192743764172345,0.4064599583160081,21,21,0.664517472366019,NS
ENSSSCG00000037595,2.6010322021861985,2.1455120464178457,-0.4555201557683528,-0.1428571428571428,0.43549215491585636,21,21,0.6880757384611778,NS
ENSSSCG00000001880,6.4190813152780475,6.189467185411256,-0.22961412986679175,-0.19274376417233552,0.29072107953069615,21,21,0.5572357098576629,NS
ENSSSCG00000036129,4.061902641179221,3.337013293463223,-0.7248893477159979,-0.15192743764172345,0.4064599583160081,21,21,0.664517472366019,NS
ENSSSCG00000021271,5.266802628098948,4.868973265231931,-0.3978293628670171,-0.16553287981859421,0.36514408957445854,21,21,0.6272800312138134,NS
ENSSSCG00000017061,0.3016218498987064,0.5505151221900249,0.24889327229131847,0.08843537414965985,0.6208894986456939,21,21,0.8222590657740271,NS
ENSSSCG00000001038,3.4386697717023096,3.3242065622884702,-0.11446320941383936,0.013605442176870763,0.9498525860625499,21,21,0.9857774191208913,NS
ENSSSCG00000017940,0.9362413180461905,0.8019732248561279,-0.1342680931900626,-0.1428571428571428,0.42860015546208396,21,21,0.68468464320833,NS
ENSSSCG00000036835,0.3833787508158629,0.7140743384531403,0.33069558763727736,0.2630385487528345,0.14051378227873804,21,21,0.3909587620683742,NS
ENSSSCG00000013757,1.2178778508936003,1.3030083137902815,0.08513046289668114,0.23582766439909297,0.18680689751768897,21,21,0.4452517959821363,NS
ENSSSCG00000013597,1.9938872763955686,2.131683534577406,0.1377962581818375,0.038548752834467126,0.8405062858111236,21,21,0.9396794525202588,NS
ENSSSCG00000023158,0.9558654961262312,0.9234671264869105,-0.032398369639320634,0.0113378684807256,0.9598579220732558,21,21,0.9869209896448123,NS
ENSSSCG00000016581,2.2557544631141684,1.2032660294518076,-1.0524884336623608,-0.5011337868480725,0.00563576497286339,21,21,0.09074844593811734,NS
ENSSSCG00000027169,3.535129170597886,3.1844548550246543,-0.3506743155732317,-0.06575963718820854,0.7247030031611088,21,21,0.8813087398839223,NS
ENSSSCG00000025892,1.270545763889223,0.5674690681433898,-0.7030766957458332,-0.3197278911564625,0.04747674049414375,21,21,0.2366003721042282,NS
ENSSSCG00000010956,4.262603599034578,3.6689197578273083,-0.5936838412072696,-0.31065759637188206,0.08715676491040764,21,21,0.3091496418228523,NS
ENSSSCG00000004589,3.2330533474154928,2.8526993776092806,-0.38035396980621217,-0.1020408163265305,0.5799715449870863,21,21,0.794449839978317,NS
ENSSSCG00000004541,0.4135559068136522,0.5653170784672302,0.15176117165357805,0.0,1.0,21,21,1.0,NS
ENSSSCG00000016501,1.0530470770316083,1.0866835157655665,0.033636438733958274,0.01814058956916098,0.9298380027714146,21,21,0.9783494422867809,NS
ENSSSCG00000008339,5.7006742996177255,5.186990637965179,-0.5136836616525464,-0.21995464852607705,0.22724906376880494,21,21,0.49084652942506357,NS
ENSSSCG00000022801,4.061110119284515,3.782697659996443,-0.2784124592880719,0.015873015873015928,0.9398429773571263,21,21,0.9783494422867809,NS
ENSSSCG00000037053,0.7233911573218401,0.49510090387139577,-0.22829025345044435,-0.28344671201814053,0.11554609774413954,21,21,0.35552220206625207,NS
ENSSSCG00000011819,4.1816469597813875,4.475816787098953,0.2941698273175657,0.1428571428571429,0.43549215491585636,21,21,0.6880757384611778,NS
ENSSSCG00000013232,2.2302609517915033,1.4298447827076677,-0.8004161690838356,-0.24716553287981857,0.1742638101929258,21,21,0.42834123173730454,NS
ENSSSCG00000028925,6.46736724522513,5.329856449075817,-1.1375107961493134,-0.256235827664399,0.15891754968522953,21,21,0.4089176259717459,NS
ENSSSCG00000006970,0.8985971680281223,0.6715329649157841,-0.22706420311233821,-0.10884353741496589,0.5542527415397288,21,21,0.7793371103655323,NS
ENSSSCG00000016691,4.588590074937812,5.291025262585135,0.7024351876473229,0.2063492063492064,0.25763094153482324,21,21,0.523503631199315,NS
ENSSSCG00000015423,1.946385493337698,2.467748117228317,0.521362623890619,0.2063492063492064,0.25761165906426453,21,21,0.523503631199315,NS
ENSSSCG00000015097,0.8462468301322188,0.7549288014320855,-0.09131802870013328,-0.2743764172335601,0.13089831450344894,21,21,0.37835478192585825,NS
ENSSSCG00000032083,0.6559080554930803,1.0316401064204148,0.3757320509273345,0.04761904761904767,0.7984517000069794,21,21,0.9213153463710844,NS
ENSSSCG00000010508,3.5567703774339106,2.643866793268978,-0.9129035841649324,-0.28344671201814053,0.11884122094676833,21,21,0.3593522290120254,NS
ENSSSCG00000037964,3.3506107986663274,3.053569477063829,-0.2970413216024985,-0.12925170068027203,0.48120815818423346,21,21,0.7223387232262236,NS
ENSSSCG00000010261,1.9130617052826753,1.4807969495350324,-0.4322647557476429,-0.08390022675736963,0.6499481803332365,21,21,0.8344026504702031,NS
ENSSSCG00000017513,3.631781490241746,2.9562077345968936,-0.6755737556448524,-0.15646258503401356,0.39238776291674793,21,21,0.6539796048612466,NS
ENSSSCG00000015771,4.071456940985065,3.936448454804473,-0.13500848618059225,-0.020408163265306145,0.9198497691906573,21,21,0.9725908472022055,NS
ENSSSCG00000020856,2.5742612378303713,1.6740216663698166,-0.9002395714605547,-0.2789115646258504,0.12237955952926342,21,21,0.36712993833373797,NS
ENSSSCG00000028973,1.0180966418823083,0.3743279788499699,-0.6437686630323385,-0.3650793650793651,0.04107112741456323,21,21,0.2244664069512958,NS
ENSSSCG00000030608,4.815605183243284,3.8065426165589025,-1.0090625666843818,-0.28798185941043086,0.11300913889451222,21,21,0.3499967010457579,NS
ENSSSCG00000004121,2.344299065760456,2.0242568197312036,-0.32004224602925246,-0.15646258503401356,0.39238776291674793,21,21,0.6539796048612466,NS
ENSSSCG00000012280,0.7150097660421413,0.7742585410920382,0.059248775049896896,0.11564625850340138,0.5176511237615254,21,21,0.7515527426463628,NS
ENSSSCG00000015697,0.9376214311564168,0.13164933337467546,-0.8059720977817414,-0.6780045351473922,5.120533041792448e-05,21,21,0.01211270919541248,NS
ENSSSCG00000036659,3.3260699152339646,3.7301910178523965,0.4041211026184319,0.15192743764172334,0.4064599583160081,21,21,0.664517472366019,NS
ENSSSCG00000013638,1.9286018205459323,2.0547670248795646,0.12616520433363232,-0.015873015873015817,0.9398429773571263,21,21,0.9783494422867809,NS
ENSSSCG00000033987,3.495258858712243,2.821486171037894,-0.6737726876743491,-0.2290249433106577,0.2084687951379297,21,21,0.46888391299875337,NS
ENSSSCG00000034896,2.586268323292317,1.4559347822101458,-1.130333541082171,-0.28798185941043086,0.1127172214617907,21,21,0.3499967010457579,NS
ENSSSCG00000003918,0.7656436474429098,0.2943738590124249,-0.4712697884304849,-0.48299319727891166,0.0026878709316363702,21,21,0.0678052262065058,NS
ENSSSCG00000006553,2.729012343616013,3.360158149044692,0.6311458054286789,0.16099773242630389,0.37861508946133926,21,21,0.6403962425284595,NS
ENSSSCG00000032275,2.9012658699588862,1.7090469728684317,-1.1922188970904546,-0.4013605442176871,0.026849069410328923,21,21,0.18455372360206054,NS
ENSSSCG00000036339,3.071003738452814,3.5888721721930645,0.5178684337402504,0.20181405895691606,0.2683576760316526,21,21,0.5349996098742043,NS
ENSSSCG00000009077,5.075124161542814,5.353938647048086,0.2788144855052712,-0.05215419501133778,0.7820003799248392,21,21,0.9109394814543041,NS
ENSSSCG00000017817,1.3381157931023822,1.0826596514712434,-0.2554561416311387,-0.24263038548752824,0.1822711383462816,21,21,0.4396192289203178,NS
ENSSSCG00000027718,3.743667652923338,3.3053812015681365,-0.4382864513552014,-0.2335600907029478,0.19951213436010184,21,21,0.4574984559108449,NS
ENSSSCG00000032180,1.2347172109135662,2.094808215808819,0.8600910048952526,0.13378684807256236,0.46568579971233737,21,21,0.7103857207086134,NS
ENSSSCG00000015690,3.809797768491911,2.7413311687574113,-1.0684665997344998,-0.2925170068027212,0.10739073873406062,21,21,0.34142639477651104,NS
ENSSSCG00000012171,0.9188504003939938,1.024491017615775,0.10564061722178131,0.03628117913832196,0.8498471622252419,21,21,0.9480546773314797,NS
ENSSSCG00000005388,0.7183832396579655,0.5168652291849828,-0.20151801047298268,-0.17006802721088432,0.34632646336267503,21,21,0.6105884190871115,NS
ENSSSCG00000014913,2.8631398474351135,1.6699305655185537,-1.1932092819165598,-0.39682539682539675,0.028629607311712907,21,21,0.18957442679377465,NS
ENSSSCG00000017094,3.5115074123250567,2.2620474114994984,-1.2494600008255583,-0.23809523809523814,0.1908399057704352,21,21,0.44742370252398683,NS
ENSSSCG00000031530,2.1087596766082446,1.087557902684723,-1.0212017739235215,-0.46485260770975056,0.010288195360301912,21,21,0.11890408570106216,NS
ENSSSCG00000010148,4.7427391290039225,5.473796224262196,0.7310570952582731,0.1655328798185941,0.36514408957445854,21,21,0.6272800312138134,NS
ENSSSCG00000003566,0.9712608901583263,0.6282923815219865,-0.34296850863633976,-0.43764172335600904,0.01423122031216512,21,21,0.13730825786420917,NS
ENSSSCG00000007381,3.142790070271611,3.013143849283062,-0.12964622098854894,-0.11564625850340127,0.5294187787914176,21,21,0.7578908227272798,NS
ENSSSCG00000016094,4.075724828510146,4.174322663013642,0.09859783450349635,-0.0975056689342404,0.597311573194272,21,21,0.8062920726419195,NS
ENSSSCG00000025120,5.047082403043271,4.917685140167568,-0.1293972628757034,0.061224489795918324,0.7436492622639466,21,21,0.8907689783709924,NS
ENSSSCG00000015861,1.3864225169926594,1.7677752893457268,0.3813527723530674,0.17913832199546487,0.32647790350951655,21,21,0.5929529726545689,NS
ENSSSCG00000030547,0.5708371664115013,1.363434631129834,0.7925974647183327,0.24263038548752835,0.1803155917537661,21,21,0.439107191846232,NS
ENSSSCG00000030118,2.911388893219863,2.6486699036143273,-0.26271898960553575,-0.2108843537414966,0.24712872933711605,21,21,0.5117165520743475,NS
ENSSSCG00000016920,4.652039347423975,6.036296670642061,1.384257323218086,0.3242630385487528,0.07408994000050295,21,21,0.287638363555999,NS
ENSSSCG00000004199,4.536574092447838,4.422376258838762,-0.11419783360907587,0.024943310657596363,0.89990710207531,21,21,0.965040287671819,NS
ENSSSCG00000004351,4.946075613120295,3.9331598545901936,-1.0129157585301019,-0.4285714285714286,0.018047625262461266,21,21,0.14934464330577116,NS
ENSSSCG00000033161,0.5338910823090669,0.9726453099400695,0.4387542276310026,0.29931972789115646,0.09316333277175946,21,21,0.3177662142770354,NS
ENSSSCG00000000469,3.1901187988024953,1.6340141840904034,-1.5561046147120918,-0.5034013605442176,0.005438871569972487,21,21,0.08990520233737653,NS
ENSSSCG00000029538,5.359553363354504,5.279132814002895,-0.0804205493516088,-0.08843537414965996,0.632679341784771,21,21,0.8251293316812793,NS
ENSSSCG00000014156,0.8589828827995473,0.24241230217876591,-0.6165705806207813,-0.5759637188208617,0.000916410128144916,21,21,0.04417827813527798,NS
ENSSSCG00000005135,3.048662744542682,3.652971869549604,0.6043091250069219,0.17913832199546487,0.32655631642696226,21,21,0.5929529726545689,NS
ENSSSCG00000001061,1.192596642353818,0.7134861103924585,-0.47911053196135944,-0.3424036281179139,0.05916216216125456,21,21,0.25790327958396714,NS
ENSSSCG00000013406,0.951164775071313,0.7009269455088147,-0.2502378295624983,-0.13378684807256236,0.46568579971233737,21,21,0.7103857207086134,NS
ENSSSCG00000029507,1.3213316914344806,1.3637756284012912,0.04244393696681059,0.14512471655328796,0.42746800722907363,21,21,0.6837096128681384,NS
ENSSSCG00000005029,2.6723216525034847,2.536051502345076,-0.13627015015840893,-0.03401360544217691,0.860217489455126,21,21,0.9490399532059208,NS
ENSSSCG00000007484,0.5791414025887514,0.44913396512432513,-0.13000743746442622,-0.04081632653061229,0.8295586063135442,21,21,0.938943668250364,NS
ENSSSCG00000010599,1.3096952240614903,1.0513301846250012,-0.25836503943648914,-0.1201814058956916,0.5130117782633399,21,21,0.7460214807570579,NS
ENSSSCG00000028444,3.098268743733876,2.3010400149585104,-0.7972287287753654,-0.3015873015873016,0.09685836811015376,21,21,0.3231631520724199,NS
ENSSSCG00000026301,3.9730609474962426,3.8930097481056825,-0.08005119939056016,-0.020408163265306145,0.9198497691906573,21,21,0.9725908472022055,NS
ENSSSCG00000001641,2.121250969717747,0.9595349538689177,-1.161716015848829,-0.41496598639455784,0.022063953660836223,21,21,0.1674730894955559,NS
ENSSSCG00000006850,4.255789835751911,3.7798704652872424,-0.4759193704646689,-0.3605442176870748,0.046888776900571166,21,21,0.2350491979746632,NS
ENSSSCG00000022982,5.352399987927914,5.021835441576765,-0.33056454635114907,-0.2517006802721089,0.16649147398308384,21,21,0.41913082991704775,NS
ENSSSCG00000036536,1.588755026508733,1.1331174097571461,-0.45563761675158676,-0.2857142857142858,0.1134554797078381,21,21,0.3507456470463134,NS
ENSSSCG00000000534,3.7213552699392367,4.19986003132558,0.4785047613863429,-0.01133786848072571,0.9598741753513395,21,21,0.9869209896448123,NS
ENSSSCG00000005225,0.2278923882763569,0.45022399307880434,0.22233160480244743,0.08390022675736963,0.6102876578907699,21,21,0.8157225327032747,NS
ENSSSCG00000032971,4.556111082685268,4.580017070281731,0.02390598759646334,-0.1383219954648527,0.4504456875848739,21,21,0.6984759079638868,NS
ENSSSCG00000007280,5.2253098354728245,4.363768007496647,-0.8615418279761773,-0.20634920634920628,0.25763094153482324,21,21,0.523503631199315,NS
ENSSSCG00000034318,1.5603381049915248,2.455560273595933,0.8952221686044084,0.39682539682539686,0.028629607311712907,21,21,0.18957442679377465,NS
ENSSSCG00000009906,0.8658197466496631,0.7584634600269805,-0.1073562866226826,-0.24716553287981857,0.1704740087010831,21,21,0.4261850217527077,NS
ENSSSCG00000005190,0.937041250719352,0.28855926776721824,-0.6484819829521338,-0.29478458049886624,0.10236345961549494,21,21,0.3336228420175818,NS
ENSSSCG00000003648,5.075765855994816,3.77605520409082,-1.2997106519039958,-0.43764172335600904,0.015737324159875152,21,21,0.14112162579966475,NS
ENSSSCG00000015931,1.3199518975694473,0.2664251395977577,-1.0535267579716896,-0.5600907029478459,0.0012672855570956747,21,21,0.04872966243563211,Down (PA<IVF)
ENSSSCG00000032377,1.7223369226365117,1.6340467323864805,-0.08829019025003126,-0.07029478458049887,0.705923845633216,21,21,0.8691022220107433,NS
ENSSSCG00000008821,4.756626818260281,4.719519640803497,-0.03710717745678327,-0.13378684807256236,0.46568579971233737,21,21,0.7103857207086134,NS
ENSSSCG00000002245,3.5488565934365703,2.631168700388347,-0.9176878930482233,-0.2517006802721089,0.16649147398308384,21,21,0.41913082991704775,NS
ENSSSCG00000009381,0.5844637375040943,0.4692090843608473,-0.11525465314324701,-0.12471655328798192,0.48695484795187916,21,21,0.7301661763824898,NS
ENSSSCG00000010204,5.076837645886606,4.802761874118728,-0.2740757717678779,0.0975056689342404,0.597311573194272,21,21,0.8062920726419195,NS
ENSSSCG00000000267,0.4646634601270267,0.31647655413350145,-0.14818690599352524,-0.2925170068027212,0.09351170504600316,21,21,0.3183574673030182,NS
ENSSSCG00000033324,1.9831700495489808,1.965644848802304,-0.01752520074667685,-0.061224489795918435,0.7436492622639466,21,21,0.8907689783709924,NS
ENSSSCG00000016646,2.42474685606237,2.013367800879704,-0.41137905518266615,-0.12925170068027203,0.48120815818423346,21,21,0.7223387232262236,NS
ENSSSCG00000006889,4.6282261739281365,4.075035417095117,-0.5531907568330192,-0.3151927437641724,0.08260874319203763,21,21,0.3023991346304046,NS
ENSSSCG00000022830,5.078378822116317,3.4351432968340054,-1.6432355252823116,-0.5147392290249433,0.004474738185203056,21,21,0.08099394182188116,NS
ENSSSCG00000029039,5.6632142298287125,5.176253735006724,-0.48696049482198855,-0.26984126984126977,0.13775887453894567,21,21,0.3858781529159893,NS
ENSSSCG00000011912,1.2152667957135503,0.3943350532275257,-0.8209317424860246,-0.4988662131519275,0.0035435601623977054,21,21,0.07500599700466523,NS
ENSSSCG00000040697,4.7807031636390755,4.013797245373387,-0.7669059182656888,-0.41950113378684817,0.020649731723361393,21,21,0.162637381885487,NS
ENSSSCG00000039546,1.7633255975311777,2.2772370941541134,0.5139114966229357,0.13832199546485258,0.4504456875848739,21,21,0.6984759079638868,NS
ENSSSCG00000021307,5.021498151404967,4.209951183194179,-0.8115469682107879,-0.28798185941043086,0.11300913889451222,21,21,0.3499967010457579,NS
ENSSSCG00000012569,5.454655664774838,4.725758159871308,-0.7288975049035296,-0.28798185941043086,0.11300913889451222,21,21,0.3499967010457579,NS
ENSSSCG00000039338,2.80043364050189,2.7872627235236154,-0.013170916978274771,-0.04761904761904767,0.8013831883084928,21,21,0.9213153463710844,NS
ENSSSCG00000039060,2.1705175521035587,1.3649492935714407,-0.805568258532118,-0.21541950113378694,0.23700282758848334,21,21,0.49934320517832165,NS
ENSSSCG00000029615,3.295374960845923,2.9173178923153222,-0.37805706853060084,-0.15192743764172345,0.4064599583160081,21,21,0.664517472366019,NS
ENSSSCG00000033027,1.1467950947961456,1.5329109803644783,0.38611588556833265,0.16099773242630389,0.37698631634861335,21,21,0.6403962425284595,NS
ENSSSCG00000024081,2.7286224370967553,2.621570734558626,-0.10705170253812923,0.12925170068027214,0.4811370743251654,21,21,0.7223387232262236,NS
ENSSSCG00000027287,0.19111373958337335,0.9222670343080142,0.7311532947246409,0.5827664399092971,0.0011223731255598508,21,21,0.046253484783025635,NS
ENSSSCG00000004969,3.6250226766015676,3.013332277180324,-0.6116903994212435,-0.30612244897959173,0.09190475432879934,21,21,0.3146040991494828,NS
ENSSSCG00000003737,4.356942186829111,4.863301947304347,0.5063597604752355,0.30612244897959184,0.09190475432879934,21,21,0.3146040991494828,NS
ENSSSCG00000033706,3.3534250301348836,2.9963562299177133,-0.35706880021717025,-0.10657596371882083,0.5628712368271559,21,21,0.7833833809361512,NS
ENSSSCG00000016502,3.300247895745573,2.992236830592001,-0.3080110651535719,0.0022675736961451642,1.0,21,21,1.0,NS
ENSSSCG00000016942,1.824518660663867,1.5485737247714741,-0.2759449358923929,-0.1201814058956916,0.5130800796227113,21,21,0.7460214807570579,NS
ENSSSCG00000002787,0.7409925356572072,1.1646302607149397,0.42363772505773245,0.14512471655328796,0.4265457678127461,21,21,0.6827120782070552,NS
ENSSSCG00000031170,5.5004691408939905,4.551069596620342,-0.9493995442736489,-0.5011337868480725,0.005655195276783268,21,21,0.09074844593811734,NS
ENSSSCG00000009788,0.5658403767812362,0.5119097412251724,-0.05393063555606381,-0.038548752834467015,0.8339450078652847,21,21,0.9396794525202588,NS
ENSSSCG00000006068,4.9306548760188145,3.6160408401402293,-1.3146140358785852,-0.4285714285714286,0.018047625262461266,21,21,0.14934464330577116,NS
ENSSSCG00000006897,4.143042525205592,4.104761549487037,-0.038280975718555155,0.07482993197278909,0.6873220903878915,21,21,0.8572780981928975,NS
ENSSSCG00000015345,3.5989929171631188,3.9561343651318546,0.3571414479687358,0.2335600907029478,0.19951213436010184,21,21,0.4574984559108449,NS
ENSSSCG00000022790,1.81365074061023,1.707323425064708,-0.106327315545522,-0.054421768707483054,0.7723497206715801,21,21,0.9077127092354017,NS
ENSSSCG00000008529,3.6995054560621887,3.2364262324850195,-0.46307922357716924,-0.17460317460317465,0.33911360013116165,21,21,0.6008056035381634,NS
ENSSSCG00000008484,1.4061237183830917,0.9773367892078146,-0.42878692917527705,-0.18594104308390014,0.3076074136648782,21,21,0.5777928949887948,NS
ENSSSCG00000032182,4.859366444111903,4.274249636759941,-0.5851168073519624,-0.1201814058956916,0.5130800796227113,21,21,0.7460214807570579,NS
ENSSSCG00000014970,4.2215138709146025,3.0599888252606515,-1.161525045653951,-0.39229024943310664,0.0305109151381691,21,21,0.19671511075924816,NS
ENSSSCG00000014141,2.631699001071812,3.060189647053175,0.42849064598136266,0.1655328798185941,0.36514408957445854,21,21,0.6272800312138134,NS
ENSSSCG00000002968,2.480130469294563,2.9703370135384555,0.4902065442438923,0.2675736961451247,0.1409648820183906,21,21,0.3909587620683742,NS
ENSSSCG00000008452,1.9925876991731248,2.143138593486356,0.1505508943132312,0.015873015873015928,0.9398429773571263,21,21,0.9783494422867809,NS
ENSSSCG00000017571,1.5802089488201134,1.924221034028473,0.3440120852083597,0.020408163265306145,0.9198465326244224,21,21,0.9725908472022055,NS
ENSSSCG00000011022,1.1564696339455953,0.7720361628690271,-0.3844334710765682,-0.20634920634920628,0.25755380359606384,21,21,0.523503631199315,NS
ENSSSCG00000004190,3.71503500076638,3.46140121138253,-0.25363378938385006,-0.10657596371882083,0.5628712368271559,21,21,0.7833833809361512,NS
ENSSSCG00000010734,2.027889077174422,1.2285638614148577,-0.7993252157595643,-0.32879818594104315,0.07006242316111398,21,21,0.27842598868122526,NS
ENSSSCG00000005366,2.2561474919964715,2.014072158791339,-0.24207533320513264,-0.12471655328798192,0.4970079892453181,21,21,0.7336937392345346,NS
ENSSSCG00000022986,5.191085365700387,4.687999344150593,-0.5030860215497936,-0.2970521541950113,0.10202324211434627,21,21,0.3332759242401978,NS
ENSSSCG00000012251,4.394157213970284,3.4408240976202444,-0.9533331163500396,-0.3877551020408163,0.032497438559346836,21,21,0.20315497363626772,NS
ENSSSCG00000005073,5.558626216088114,4.789931254121162,-0.7686949619669523,-0.2743764172335601,0.13121079099148933,21,21,0.37835478192585825,NS
ENSSSCG00000002802,0.9180545881155938,0.7000522632745627,-0.2180023248410311,0.04761904761904767,0.7990907970596917,21,21,0.9213153463710844,NS
ENSSSCG00000012607,3.3020132212994726,3.082550446769686,-0.21946277452978658,-0.1201814058956916,0.5130117782633399,21,21,0.7460214807570579,NS
ENSSSCG00000012018,5.367497158728028,5.106571246817812,-0.2609259119102161,-0.24716553287981857,0.17433363250882716,21,21,0.42834123173730454,NS
ENSSSCG00000020921,5.736599096453332,4.291951119521105,-1.4446479769322274,-0.37414965986394555,0.0391344195585305,21,21,0.21879553233212654,NS
ENSSSCG00000032645,2.582188410528129,1.3380439069087287,-1.2441445036194005,-0.48752834467120176,0.0071003541102135055,21,21,0.09940098455645346,NS
ENSSSCG00000020962,2.6515469787085406,2.490378354412992,-0.16116862429554857,-0.11111111111111116,0.5460180023945915,21,21,0.7703997318854171,NS
ENSSSCG00000011117,4.363568754053332,2.822378738954138,-1.5411900150991937,-0.5510204081632653,0.002335757906125647,21,21,0.06320013387432472,NS
ENSSSCG00000005649,0.3742781594801897,0.8976219728232933,0.5233438133431035,0.23809523809523814,0.17585924387855745,21,21,0.4316259080525596,NS
ENSSSCG00000027686,2.7479369763916104,2.364883002320927,-0.38305397407068353,-0.15192743764172345,0.4064599583160081,21,21,0.664517472366019,NS
ENSSSCG00000008394,3.4379885203984872,3.44119692345702,0.0032084030585326495,-0.08843537414965996,0.632679341784771,21,21,0.8251293316812793,NS
ENSSSCG00000001410,0.6289394724486279,0.6896666797341003,0.06072720728547243,-0.061224489795918435,0.741979610352807,21,21,0.8907689783709924,NS
ENSSSCG00000004610,1.4933518230101588,1.3061855303492782,-0.18716629266088058,-0.2335600907029478,0.19951213436010184,21,21,0.4574984559108449,NS
ENSSSCG00000020710,3.9573023564899628,3.7864730309584496,-0.1708293255315132,-0.0975056689342404,0.597311573194272,21,21,0.8062920726419195,NS
ENSSSCG00000008495,4.394392116379027,3.8428680830234407,-0.5515240333555864,0.015873015873015928,0.9398429773571263,21,21,0.9783494422867809,NS
ENSSSCG00000009776,3.261306107470406,3.8947037055516205,0.6333975980812143,0.18367346938775508,0.3143051330541584,21,21,0.5805420605146814,NS
ENSSSCG00000003776,1.8827837781936705,1.052513218574381,-0.8302705596192894,-0.2925170068027212,0.10726256053187054,21,21,0.34142639477651104,NS
ENSSSCG00000036234,1.5330523986064133,0.7111946754801556,-0.8218577231262577,-0.2517006802721089,0.1615487251492148,21,21,0.4147777529203198,NS
ENSSSCG00000004569,2.3412750683552774,1.8493956266993594,-0.491879441655918,-0.07029478458049887,0.7058783959702486,21,21,0.8691022220107433,NS
ENSSSCG00000017155,2.137308488278983,1.2620574063676555,-0.8752510819113275,-0.2789115646258504,0.12460091389361477,21,21,0.3688590878463198,NS
ENSSSCG00000014214,3.976399146426639,4.9667708240149615,0.9903716775883225,0.20181405895691606,0.2683576760316526,21,21,0.5349996098742043,NS
ENSSSCG00000006644,2.172026983556973,2.639276232665586,0.4672492491086131,0.07936507936507942,0.6689077174430536,21,21,0.8447545916162275,NS
ENSSSCG00000011516,3.76751027489039,3.9246060550038147,0.1570957801134245,0.18594104308390025,0.3082747742377224,21,21,0.5777928949887948,NS
ENSSSCG00000031332,4.854048316994659,5.471981769013404,0.6179334520187449,0.2562358276643991,0.15891754968522953,21,21,0.4089176259717459,NS
ENSSSCG00000002235,0.7811179913776192,0.22537672344058665,-0.5557412679370325,-0.5238095238095237,0.0015562876682215971,21,21,0.0505977886445505,NS
ENSSSCG00000006757,2.241572924460325,1.3506762375925754,-0.8908966868677495,-0.3650793650793651,0.044162965053407305,21,21,0.229906559887904,NS
ENSSSCG00000016982,3.7433402127350055,3.565955229441121,-0.17738498329388452,0.05215419501133789,0.7820003799248392,21,21,0.9109394814543041,NS
ENSSSCG00000012294,0.34374099022724397,0.5618552481364532,0.21811425790920919,-0.03401360544217691,0.8061862499108875,21,21,0.926371469746849,NS
ENSSSCG00000029485,2.012959155690917,2.087639401311796,0.07468024562087905,0.0022675736961451642,1.0,21,21,1.0,NS
ENSSSCG00000009974,0.6479555232493094,0.6071994750379343,-0.04075604821137513,-0.2857142857142858,0.11166027927718544,21,21,0.3499967010457579,NS
ENSSSCG00000023495,4.1347550757339935,3.16562860573995,-0.9691264699940434,-0.256235827664399,0.15891754968522953,21,21,0.4089176259717459,NS
ENSSSCG00000030119,1.602601498427848,1.3026360713935228,-0.29996542703432527,-0.19047619047619047,0.29648283731478475,21,21,0.5654357142005625,NS
ENSSSCG00000004478,3.7252474065850136,2.547746330301203,-1.1775010762838107,-0.3424036281179139,0.059203310186616454,21,21,0.25790327958396714,NS
ENSSSCG00000028553,3.155819585331012,3.1867898286166985,0.03097024328568665,0.020408163265306145,0.9198497691906573,21,21,0.9725908472022055,NS
ENSSSCG00000010743,2.58144275908371,1.690125878466649,-0.891316880617061,-0.37414965986394555,0.039054998872490934,21,21,0.21879553233212654,NS
ENSSSCG00000001971,2.010964823864765,1.7508458730260863,-0.26011895083867853,-0.12471655328798192,0.4970079892453181,21,21,0.7336937392345346,NS
ENSSSCG00000039935,2.069410116589154,2.2773537706657754,0.20794365407662152,0.08390022675736963,0.6506903704105349,21,21,0.8344026504702031,NS
ENSSSCG00000008909,4.38949459395724,4.319004633315549,-0.07048996064169089,-0.16553287981859421,0.36514408957445854,21,21,0.6272800312138134,NS
ENSSSCG00000012639,2.439607998241453,2.0885260999536492,-0.3510818982878039,-0.12471655328798192,0.4970079892453181,21,21,0.7336937392345346,NS
ENSSSCG00000014240,4.604829841335152,3.8221833301074004,-0.7826465112277519,-0.26530612244897966,0.14455604430349378,21,21,0.3939827031871146,NS
ENSSSCG00000011795,0.5452441062373808,0.348989251764482,-0.19625485447289887,-0.5011337868480725,0.0036779947882743225,21,21,0.07543330612582676,NS
ENSSSCG00000030603,4.170434915889664,3.2547334045264287,-0.9157015113632352,-0.26530612244897966,0.14455604430349378,21,21,0.3939827031871146,NS
ENSSSCG00000022479,2.9477973449005033,2.2829979212897635,-0.6647994236107397,-0.26984126984126977,0.13775887453894567,21,21,0.3858781529159893,NS
ENSSSCG00000012534,1.752045060344033,1.197570769668113,-0.5544742906759199,-0.20634920634920628,0.2544310783555651,21,21,0.523043811063583,NS
ENSSSCG00000015828,2.776763574925149,1.8940684865121835,-0.8826950884129656,-0.256235827664399,0.15891754968522953,21,21,0.4089176259717459,NS
ENSSSCG00000017785,4.681522343609434,4.18763596722831,-0.4938863763811243,-0.2517006802721089,0.16649147398308384,21,21,0.41913082991704775,NS
ENSSSCG00000006248,2.4110196545850267,2.140594639133427,-0.27042501545159947,-0.0453514739229024,0.8110463304161786,21,21,0.9306308193686857,NS
ENSSSCG00000025792,1.3487920314988997,1.1648546737647816,-0.18393735773411812,0.015873015873015928,0.9398405445499176,21,21,0.9783494422867809,NS
ENSSSCG00000016778,2.090826642639773,1.8044938633397851,-0.2863327792999877,-0.024943310657596474,0.89990710207531,21,21,0.965040287671819,NS
ENSSSCG00000039137,0.8057868146546828,0.8991000936116019,0.0933132789569191,-0.17913832199546476,0.32616399270397145,21,21,0.5929529726545689,NS
ENSSSCG00000008467,4.300864751956522,2.704055635137845,-1.5968091168186769,-0.4104308390022675,0.023573092816297346,21,21,0.17258422275325483,NS
ENSSSCG00000010435,3.228874304347506,2.7442551006450238,-0.48461920370248235,0.015873015873015928,0.9398429773571263,21,21,0.9783494422867809,NS
ENSSSCG00000004624,4.93027737008276,3.9120781273119825,-1.0181992427707778,-0.4240362811791383,0.01931040712292347,21,21,0.15552648422397167,NS
ENSSSCG00000015568,4.522101936838494,3.2143708919431684,-1.3077310448953257,-0.3877551020408163,0.032497438559346836,21,21,0.20315497363626772,NS
ENSSSCG00000017046,4.50623211560814,6.01611991908409,1.5098878034759506,0.48752834467120176,0.007109649063322586,21,21,0.09940098455645346,NS
ENSSSCG00000008464,3.4309874020859277,3.440959211956365,0.00997180987043711,0.0113378684807256,0.9598741753513395,21,21,0.9869209896448123,NS
ENSSSCG00000013174,4.14011880652681,4.1958149500652935,0.05569614353848351,-0.18367346938775508,0.3143051330541584,21,21,0.5805420605146814,NS
ENSSSCG00000024481,0.9813307848383762,0.8915525804136434,-0.08977820442473283,-0.2857142857142858,0.11588158073179879,21,21,0.35552220206625207,NS
ENSSSCG00000017546,0.8673367292581877,1.8298021237709254,0.9624653945127377,0.43764172335600904,0.014548391460009295,21,21,0.1374145078012505,NS
ENSSSCG00000017895,3.717357857505649,2.6745761102843715,-1.0427817472212775,-0.4013605442176871,0.026849069410328923,21,21,0.18455372360206054,NS
ENSSSCG00000026969,4.758248286854602,3.1999104409958337,-1.5583378458587687,-0.46031746031746024,0.011062138508318366,21,21,0.12200364978627651,NS
ENSSSCG00000004130,4.646565174031129,5.301191862034961,0.6546266880038321,0.1655328798185941,0.36514408957445854,21,21,0.6272800312138134,NS
ENSSSCG00000015346,3.357841139148161,3.7776154977764937,0.4197743586283327,0.2517006802721088,0.16649147398308384,21,21,0.41913082991704775,NS
ENSSSCG00000006110,3.8626327811972407,4.673002433094349,0.8103696518971084,0.3650793650793651,0.04417155188516873,21,21,0.229906559887904,NS
ENSSSCG00000014789,0.7668831711284098,1.630994751829626,0.8641115807012162,0.5419501133786848,0.0021850503519145236,21,21,0.06193985708319682,NS
ENSSSCG00000011136,1.679853874755678,1.5469611785745447,-0.1328926961811332,-0.10657596371882083,0.5628712368271559,21,21,0.7833833809361512,NS
ENSSSCG00000021620,1.3177606322167177,0.9180549244138053,-0.39970570780291237,-0.38548752834467126,0.03345983707284211,21,21,0.2067186606092017,NS
ENSSSCG00000008740,5.017676549748939,3.787369354639207,-1.2303071951097317,-0.45578231292517013,0.011883872063715774,21,21,0.12484435276736633,NS
ENSSSCG00000037598,0.9594361929064568,0.63575942489871,-0.3236767680077468,-0.18594104308390014,0.3066424460312892,21,21,0.5771103373867337,NS
ENSSSCG00000034493,4.179282877120828,3.3278546470265282,-0.8514282300942999,-0.41496598639455784,0.02206934007346684,21,21,0.1674730894955559,NS
ENSSSCG00000009122,3.86026843366127,3.802031755026602,-0.05823667863466797,-0.04308390022675734,0.820889035690062,21,21,0.9318998211511518,NS
ENSSSCG00000028869,4.467872377108809,4.220952619997474,-0.24691975711133463,-0.26530612244897966,0.14455604430349378,21,21,0.3939827031871146,NS
ENSSSCG00000011678,1.427338702734881,0.8094933073368218,-0.6178453953980592,-0.21995464852607705,0.22412613001607873,21,21,0.4904322972600638,NS
ENSSSCG00000034321,4.000894161416032,4.394825185641393,0.39393102422536064,0.2562358276643991,0.15891754968522953,21,21,0.4089176259717459,NS
ENSSSCG00000011045,4.469463748975337,3.8387756344385506,-0.6306881145367864,-0.18367346938775508,0.3143051330541584,21,21,0.5805420605146814,NS
ENSSSCG00000002287,2.5179700359147397,2.3598013802443134,-0.15816865567042626,-0.0748299319727892,0.6873220903878915,21,21,0.8572780981928975,NS
ENSSSCG00000013233,2.120797695787315,1.3851398993235924,-0.7356577964637225,-0.35147392290249435,0.05274632203096375,21,21,0.24682112491978944,NS
ENSSSCG00000010555,3.5393968919510104,2.6722283658552692,-0.8671685260957411,-0.24716553287981857,0.17433363250882716,21,21,0.42834123173730454,NS
ENSSSCG00000017165,1.0182924876878097,0.7335983125867117,-0.28469417510109796,-0.32879818594104315,0.06947217914169974,21,21,0.27842598868122526,NS
ENSSSCG00000015944,2.299520206719597,2.6885347571210234,0.38901455040142663,0.061224489795918324,0.7436492622639466,21,21,0.8907689783709924,NS
ENSSSCG00000038856,1.7717450393606617,1.9892569677494119,0.2175119283887501,0.14739229024943312,0.4208290941795192,21,21,0.6751374148904354,NS
ENSSSCG00000011026,2.5480999308065426,2.1963155527915488,-0.35178437801499385,-0.1383219954648527,0.4504456875848739,21,21,0.6984759079638868,NS
ENSSSCG00000017024,4.144935173088377,4.666079285980522,0.521144112892145,-0.02947845804988658,0.8800274316446192,21,21,0.9581000128681301,NS
ENSSSCG00000017514,0.7879969109230335,0.7385441991511792,-0.049452711771854285,0.0226757369614512,0.9095643496743779,21,21,0.9723776954743334,NS
ENSSSCG00000025323,1.7435408318473602,1.2206207105774398,-0.5229201212699204,-0.1768707482993197,0.33211015445435577,21,21,0.600101182951247,NS
ENSSSCG00000037507,3.0478116847069443,0.9162507463038106,-2.1315609384031338,-0.7052154195011338,8.919931112900197e-05,21,21,0.015767392721899653,Down (PA<IVF)
ENSSSCG00000005399,5.897731790131461,4.925201009153129,-0.9725307809783317,-0.17006802721088432,0.3519764902680531,21,21,0.6139228892038759,NS
ENSSSCG00000006928,1.5534456641008791,0.8485914548486976,-0.7048542092521816,-0.4467120181405895,0.013478292910914975,21,21,0.1341960658474263,NS
ENSSSCG00000014948,0.5533637357065457,0.17010449098425923,-0.3832592447222865,-0.2925170068027212,0.04347186542615792,21,21,0.229906559887904,NS
ENSSSCG00000005368,2.589141634165786,2.79711922429127,0.2079775901254841,0.13378684807256236,0.46568579971233737,21,21,0.7103857207086134,NS
ENSSSCG00000008828,1.4723872237086175,1.1323552049300427,-0.3400320187785748,-0.15646258503401356,0.39131096718461467,21,21,0.6539796048612466,NS
ENSSSCG00000023130,1.2002451170087578,0.7996293804673354,-0.40061573654142235,-0.16553287981859421,0.36280039449611,21,21,0.6272800312138134,NS
ENSSSCG00000009889,0.8624022742149445,0.09992785529115913,-0.7624744189237854,-0.4693877551020409,0.005612465841913021,21,21,0.09074844593811734,NS
ENSSSCG00000016008,3.122344623343763,2.677521778951096,-0.4448228443926667,-0.1201814058956916,0.5130800796227113,21,21,0.7460214807570579,NS
ENSSSCG00000022618,2.802681732463052,1.4169030298858705,-1.3857787025771817,-0.45578231292517013,0.01181524297672282,21,21,0.12484435276736633,NS
ENSSSCG00000006898,1.669760055656646,1.357796331145791,-0.3119637245108551,-0.24263038548752824,0.18244838844550215,21,21,0.4396192289203178,NS
ENSSSCG00000008334,4.727617629814194,4.282531898129935,-0.4450857316842587,-0.1201814058956916,0.5130800796227113,21,21,0.7460214807570579,NS
ENSSSCG00000025406,4.57678031798409,3.2038898487474277,-1.3728904692366624,-0.4285714285714286,0.018047625262461266,21,21,0.14934464330577116,NS
ENSSSCG00000026233,4.090683550453894,3.586756704539352,-0.5039268459145423,-0.08390022675736963,0.6506903704105349,21,21,0.8344026504702031,NS
ENSSSCG00000014190,3.5127859870254774,4.021425426607506,0.5086394395820282,0.23809523809523814,0.1908399057704352,21,21,0.44742370252398683,NS
ENSSSCG00000038977,1.8622184050559516,1.6969489335930366,-0.16526947146291504,0.02947845804988658,0.8800081312598497,21,21,0.9581000128681301,NS
ENSSSCG00000028542,0.7613957435156986,0.16886857551946935,-0.5925271679962293,-0.383219954648526,0.020828475195945537,21,21,0.16348208220158625,NS
ENSSSCG00000011652,2.2093552217396195,1.6613079812497336,-0.548047240489886,-0.24716553287981857,0.17433363250882716,21,21,0.42834123173730454,NS
ENSSSCG00000017670,1.4669848531696739,1.0967142105442795,-0.37027064262539433,-0.08843537414965996,0.632679341784771,21,21,0.8251293316812793,NS
ENSSSCG00000011775,0.484992126664212,0.5869224793097378,0.10193035264552586,0.31065759637188206,0.08690070020532059,21,21,0.3091496418228523,NS
ENSSSCG00000006894,3.562105846535714,3.6826330325517325,0.12052718601601864,-0.024943310657596474,0.89990710207531,21,21,0.965040287671819,NS
ENSSSCG00000028019,1.4139440704765849,1.6593279141582877,0.24538384368170285,0.027210884353741527,0.8899541879139963,21,21,0.965040287671819,NS
ENSSSCG00000015786,4.013048128014657,3.643217556097995,-0.3698305719166619,-0.256235827664399,0.15891754968522953,21,21,0.4089176259717459,NS
ENSSSCG00000008887,1.9319791605676584,1.7479505007010399,-0.18402865986661854,-0.1201814058956916,0.512909272807714,21,21,0.7460214807570579,NS
ENSSSCG00000017476,1.900454708291198,1.0837765289809047,-0.8166781793102933,-0.33333333333333326,0.06630309624589313,21,21,0.2723588264951059,NS
ENSSSCG00000016545,0.8802082134518753,0.545535211200409,-0.33467300225146623,-0.2925170068027212,0.10426650063496766,21,21,0.3381882715630629,NS
ENSSSCG00000004331,5.390415964617946,5.0872703005681235,-0.3031456640498229,-0.15192743764172345,0.4064599583160081,21,21,0.664517472366019,NS
ENSSSCG00000033323,2.6524727634215033,1.1887019418633524,-1.4637708215581509,-0.5238095238095237,0.0037884807884071376,21,21,0.07611618787019973,NS
ENSSSCG00000008578,0.5300024802721524,0.2750615465471216,-0.25494093372503074,-0.3015873015873016,0.0952343218770178,21,21,0.3229399150154929,NS
ENSSSCG00000011662,3.3705731332710784,2.8479344121211505,-0.5226387211499279,-0.12471655328798192,0.4970079892453181,21,21,0.7336937392345346,NS
ENSSSCG00000003682,4.308589175976272,4.080854099943889,-0.22773507603238308,0.006802721088435382,0.9799307399921785,21,21,0.9954575561004508,NS
ENSSSCG00000004935,1.7834391416697326,0.581136775495507,-1.2023023661742256,-0.45578231292517013,0.010664197587606021,21,21,0.12111986001817435,NS
ENSSSCG00000004303,3.237480631462277,2.794269659535706,-0.4432109719265709,-0.17006802721088432,0.3519764902680531,21,21,0.6139228892038759,NS
ENSSSCG00000011027,3.220731922999952,2.646842370642622,-0.57388955235733,-0.17913832199546476,0.32655631642696226,21,21,0.5929529726545689,NS
ENSSSCG00000016564,4.8919741424729,4.294461110672977,-0.5975130317999238,-0.18367346938775508,0.3143051330541584,21,21,0.5805420605146814,NS
ENSSSCG00000028600,0.9939363148621112,1.2080440314988048,0.2141077166366936,0.04081632653061229,0.8306168708924009,21,21,0.938943668250364,NS
ENSSSCG00000011683,4.610018267582707,3.4151534036372104,-1.1948648639454968,-0.21541950113378694,0.2370788366276667,21,21,0.49934320517832165,NS
ENSSSCG00000021791,3.2179775707349694,3.508500570112863,0.2905229993778935,0.12925170068027214,0.48120815818423346,21,21,0.7223387232262236,NS
ENSSSCG00000010121,2.06750098692795,3.035147561014855,0.9676465740869049,0.22448979591836737,0.2177133653142379,21,21,0.47992085027495884,NS
ENSSSCG00000006779,0.3821502160209692,0.3303802995185,-0.051769916502469204,-0.20634920634920628,0.2026077037648496,21,21,0.46345076619768866,NS
ENSSSCG00000006324,4.124129380479594,3.2808288176905376,-0.8433005627890569,-0.24716553287981857,0.17433363250882716,21,21,0.42834123173730454,NS
ENSSSCG00000031271,3.6486736312466466,2.6018192611555366,-1.04685437009111,-0.4104308390022675,0.023573092816297346,21,21,0.17258422275325483,NS
ENSSSCG00000011048,3.851771234045479,3.604541937357353,-0.247229296688126,-0.21541950113378694,0.2370788366276667,21,21,0.49934320517832165,NS
ENSSSCG00000008515,2.7531798321170537,2.0974157239842657,-0.6557641081327881,-0.20634920634920628,0.25763094153482324,21,21,0.523503631199315,NS
ENSSSCG00000029943,4.0994290652385805,3.6347769270752854,-0.4646521381632951,-0.1882086167800454,0.30236014932755606,21,21,0.5703026187481536,NS
ENSSSCG00000005271,2.0141186226363406,1.6828823410825005,-0.3312362815538401,-0.061224489795918435,0.7436091682859154,21,21,0.8907689783709924,NS
ENSSSCG00000005449,2.916996117618153,2.399300186729981,-0.5176959308881721,-0.20634920634920628,0.25763094153482324,21,21,0.523503631199315,NS
ENSSSCG00000005052,4.388588173211125,2.779497389787028,-1.6090907834240968,-0.3650793650793651,0.04417155188516873,21,21,0.229906559887904,NS
ENSSSCG00000003768,3.569319416649545,2.9123717565479956,-0.6569476601015496,-0.16099773242630389,0.37861508946133926,21,21,0.6403962425284595,NS
ENSSSCG00000028821,3.9472400738843354,3.815271026777202,-0.13196904710713353,0.006802721088435382,0.9799307399921785,21,21,0.9954575561004508,NS
ENSSSCG00000015593,1.8190375572772313,1.0100094626512355,-0.8090280946259958,-0.26984126984126977,0.13743980632204575,21,21,0.3858781529159893,NS
ENSSSCG00000033653,1.2965788383185863,0.9095306927329273,-0.38704814558565903,-0.2789115646258504,0.12306982667582225,21,21,0.36851113531040625,NS
ENSSSCG00000008569,1.5231017800121838,0.5121792074386224,-1.0109225725735613,-0.5192743764172336,0.004081029128597252,21,21,0.07727244720864224,NS
ENSSSCG00000026746,3.877664500375452,3.4646861252544334,-0.41297837512101854,0.038548752834467126,0.8405062858111236,21,21,0.9396794525202588,NS
ENSSSCG00000002461,2.8104819890272466,2.4076129179008943,-0.4028690711263523,-0.14739229024943312,0.4208290941795192,21,21,0.6751374148904354,NS
ENSSSCG00000008583,4.359222891777703,3.538813820407702,-0.8204090713700012,-0.2290249433106577,0.2084687951379297,21,21,0.46888391299875337,NS
ENSSSCG00000008069,1.2557445671498608,1.0979832034162267,-0.15776136373363414,-0.1428571428571428,0.4344477408452442,21,21,0.6880757384611778,NS
ENSSSCG00000002860,0.5909453436718707,0.6605354114198589,0.06959006774798826,0.031746031746031744,0.8647456655967225,21,21,0.9534161468970616,NS
ENSSSCG00000008094,0.6778896093925484,0.9839481007990423,0.3060584914064939,0.0680272108843537,0.707479893510411,21,21,0.8702370574648411,NS
ENSSSCG00000031942,4.470861300727916,4.614024672235487,0.14316337150757175,-0.020408163265306145,0.9198497691906573,21,21,0.9725908472022055,NS
ENSSSCG00000015499,2.5896271157037964,2.049620965759269,-0.5400061499445274,-0.21995464852607705,0.22724906376880494,21,21,0.49084652942506357,NS
ENSSSCG00000000502,1.3296491177704857,0.52609744891547,-0.8035516688550157,-0.4013605442176871,0.026824378073901645,21,21,0.18455372360206054,NS
ENSSSCG00000029478,4.5181312310529815,5.11055626295056,0.5924250318975783,0.05668934240362811,0.7627520182258121,21,21,0.9015297803289233,NS
ENSSSCG00000008357,4.6386335318613945,4.50578355942,-0.1328499724413943,-0.17006802721088432,0.3519764902680531,21,21,0.6139228892038759,NS
ENSSSCG00000002425,1.6992934388206271,1.4582599041844435,-0.2410335346361836,-0.0793650793650793,0.6689077174430536,21,21,0.8447545916162275,NS
ENSSSCG00000031847,1.798065145770331,1.0041337607202652,-0.7939313850500658,-0.29478458049886624,0.10419431594988464,21,21,0.3381882715630629,NS
ENSSSCG00000030147,1.0235069773737953,0.14593739764876623,-0.877569579725029,-0.35827664399092973,0.028579373196256638,21,21,0.18957442679377465,NS
ENSSSCG00000025454,1.059694536679513,1.225882282571214,0.16618774589170093,0.05668934240362811,0.7616251940733024,21,21,0.9015297803289233,NS
ENSSSCG00000009912,1.0070065900292486,0.22795987557050387,-0.7790467144587447,-0.3242630385487528,0.02923040482716979,21,21,0.19299381820441266,NS
ENSSSCG00000009085,1.3349247257924743,0.91776834056194,-0.41715638523053433,-0.26984126984126977,0.13317683727468108,21,21,0.3825766765930956,NS
ENSSSCG00000009194,2.6272184015590208,1.777496780627087,-0.8497216209319338,-0.24489795918367352,0.17687621089198613,21,21,0.4338115147368698,NS
ENSSSCG00000007487,0.8671043162209449,0.4574154615270797,-0.4096888546938652,-0.3424036281179139,0.04936578082071605,21,21,0.24014966087687317,NS
ENSSSCG00000017421,0.3110210520873671,0.4128185167680427,0.10179746468067563,-0.16780045351473927,0.3310221616404111,21,21,0.5994751924110929,NS
ENSSSCG00000017671,3.922957184806815,2.947332067387633,-0.9756251174191819,-0.26530612244897966,0.14455604430349378,21,21,0.3939827031871146,NS
ENSSSCG00000034086,1.0184335043505908,1.4414519556319643,0.4230184512813735,0.0022675736961451642,1.0,21,21,1.0,NS
ENSSSCG00000033885,1.2287954963204908,1.2913308332994538,0.06253533697896296,-0.0226757369614512,0.9098349547540194,21,21,0.9723776954743334,NS
ENSSSCG00000010030,4.134785696972581,3.689339646971028,-0.44544605000155313,-0.08843537414965996,0.632679341784771,21,21,0.8251293316812793,NS
ENSSSCG00000039549,4.058029138320585,4.372048760293864,0.31401962197327915,0.061224489795918324,0.7436492622639466,21,21,0.8907689783709924,NS
ENSSSCG00000038443,2.520426231134074,1.5839188734892933,-0.9365073576447809,-0.26530612244897966,0.144230545109788,21,21,0.3939827031871146,NS
ENSSSCG00000016291,1.6335369114348608,1.3174811031808846,-0.31605580825397617,-0.21541950113378694,0.23547849383010067,21,21,0.49934320517832165,NS
ENSSSCG00000000071,2.4535736859203836,1.117979648223319,-1.3355940376970645,-0.44897959183673475,0.013180859921110993,21,21,0.1323875535268249,NS
ENSSSCG00000024249,4.53976998793684,2.7764027792778587,-1.763367208658981,-0.6145124716553287,0.0006837213331927875,21,21,0.0411432311026537,Down (PA<IVF)
ENSSSCG00000000217,3.390124509619223,2.0705176128859355,-1.3196068967332875,-0.39229024943310664,0.0305109151381691,21,21,0.19671511075924816,NS
ENSSSCG00000012434,2.9729515278123406,3.366965483255405,0.3940139554430644,0.13832199546485258,0.4504456875848739,21,21,0.6984759079638868,NS
ENSSSCG00000036634,3.0623101480886,1.4195778892008193,-1.6427322588877808,-0.5873015873015872,0.0011735910560113053,21,21,0.04626916462205491,Down (PA<IVF)
ENSSSCG00000010399,2.775273929339225,2.7293477240429036,-0.04592620529632141,-0.09297052154195007,0.6148835592723955,21,21,0.8157225327032747,NS
ENSSSCG00000036229,1.99434267085162,1.4212670546804937,-0.5730756161711263,-0.19727891156462585,0.27936778250210625,21,21,0.5446243796584893,NS
ENSSSCG00000021793,4.42093577880782,4.650025907320151,0.2290901285123308,0.05668934240362811,0.7627520182258121,21,21,0.9015297803289233,NS
ENSSSCG00000004662,2.6330467295777416,2.0954785823902795,-0.537568147187462,-0.15873015873015883,0.38527124089260933,21,21,0.6488711368099398,NS
ENSSSCG00000005453,2.002518753636423,1.2736601859562269,-0.728858567680196,-0.2970521541950113,0.09972983208756707,21,21,0.3303460396526847,NS
ENSSSCG00000008989,4.152511650176915,2.316114771629012,-1.8363968785479026,-0.6281179138321995,0.000517574473797682,21,21,0.03660372051806287,Down (PA<IVF)
ENSSSCG00000012435,3.3550737555530397,2.778009325227819,-0.5770644303252208,-0.061224489795918435,0.7436492622639466,21,21,0.8907689783709924,NS
ENSSSCG00000010380,4.3936447967529375,4.253160356883125,-0.1404844398698124,-0.12471655328798192,0.4970079892453181,21,21,0.7336937392345346,NS
ENSSSCG00000004927,3.3196997110977624,2.6960405298713663,-0.6236591812263961,-0.33333333333333326,0.06630309624589313,21,21,0.2723588264951059,NS
ENSSSCG00000024131,0.8934869928143352,0.8799938759558931,-0.013493116858442122,-0.0045351473922903285,0.9899605081076394,21,21,1.0,NS
ENSSSCG00000004825,2.2195380354388994,2.090354807420358,-0.1291832280185412,-0.10657596371882083,0.5628554150047408,21,21,0.7833833809361512,NS
ENSSSCG00000012253,0.9578138352019933,0.2737329355291819,-0.6840808996728114,-0.3786848072562359,0.02562712666160428,21,21,0.18049495780144287,NS
ENSSSCG00000008382,4.80679472785418,4.2265553575419705,-0.5802393703122091,-0.3015873015873016,0.09685836811015376,21,21,0.3231631520724199,NS
ENSSSCG00000008164,3.6460494744734255,4.991836668949606,1.3457871944761806,0.5011337868480725,0.005655195276783268,21,21,0.09074844593811734,NS
ENSSSCG00000004595,3.8044678276434016,3.300168550076925,-0.5042992775664765,-0.14739229024943312,0.4208290941795192,21,21,0.6751374148904354,NS
ENSSSCG00000000743,0.5127231174560819,0.6290686344151248,0.11634551695904294,0.09070294784580502,0.5960835638324848,21,21,0.8062920726419195,NS
ENSSSCG00000011752,4.162687732369785,3.6345867451251412,-0.528100987244644,-0.20181405895691618,0.2683576760316526,21,21,0.5349996098742043,NS
ENSSSCG00000001708,4.015662684633808,2.1724579765014607,-1.8432047081323475,-0.6235827664399094,0.0005682425027778696,21,21,0.038595480881744415,Down (PA<IVF)
ENSSSCG00000008503,3.4907544769680663,2.9967185487537553,-0.49403592821431097,-0.16099773242630389,0.37861508946133926,21,21,0.6403962425284595,NS
ENSSSCG00000010247,4.817518964429034,3.703503719388774,-1.1140152450402603,-0.4058956916099774,0.025164969815949612,21,21,0.1780582660160118,NS
ENSSSCG00000003857,3.824229231775944,3.391490970972921,-0.43273826080302324,-0.13378684807256236,0.46568579971233737,21,21,0.7103857207086134,NS
ENSSSCG00000026663,3.2932203215802964,5.630559271529417,2.33733894994912,0.5328798185941044,0.003248158212533892,21,21,0.07135641789976087,NS
ENSSSCG00000016828,4.846602995127353,3.4779580217653,-1.368644973362053,-0.30612244897959173,0.09190475432879934,21,21,0.3146040991494828,NS
ENSSSCG00000038630,2.40113514122257,2.8999037603449174,0.49876861912234727,0.19274376417233563,0.2906428851632826,21,21,0.5572357098576629,NS
ENSSSCG00000032176,4.560961880917516,3.7770332578749306,-0.783928623042585,-0.4013605442176871,0.026849069410328923,21,21,0.18455372360206054,NS
ENSSSCG00000029262,3.3808788231815123,4.132784105506618,0.7519052823251053,0.30612244897959184,0.09190475432879934,21,21,0.3146040991494828,NS
ENSSSCG00000011540,0.7279378546120033,0.21217857258544046,-0.5157592820265628,-0.5736961451247165,0.0013826016529883444,21,21,0.04872966243563211,NS
ENSSSCG00000027147,2.8682151571532963,3.016557365154973,0.14834220800167675,0.11111111111111116,0.5460180023945915,21,21,0.7703997318854171,NS
ENSSSCG00000000486,5.232031956226864,5.035254422865078,-0.19677753336178583,0.13378684807256236,0.46568579971233737,21,21,0.7103857207086134,NS
ENSSSCG00000010865,1.8650131637283773,1.5343861579069122,-0.3306270058214651,-0.11111111111111116,0.5460180023945915,21,21,0.7703997318854171,NS
ENSSSCG00000017033,3.2782642129052872,2.1261198880439824,-1.1521443248613048,-0.2925170068027212,0.10740497958129895,21,21,0.34142639477651104,NS
ENSSSCG00000012149,3.8312446203284907,3.945789071058795,0.11454445073030417,0.07029478458049887,0.705923845633216,21,21,0.8691022220107433,NS
ENSSSCG00000004166,3.7524064191438193,3.4234604586480835,-0.3289459604957359,-0.21541950113378694,0.2370788366276667,21,21,0.49934320517832165,NS
ENSSSCG00000023592,0.9011245764560778,1.0184018413524152,0.11727726489633739,0.35147392290249435,0.05273672895372581,21,21,0.24682112491978944,NS
ENSSSCG00000021322,2.5836792029827698,2.4663952248754755,-0.1172839781072943,-0.015873015873015817,0.9398429773571263,21,21,0.9783494422867809,NS
ENSSSCG00000024197,1.8363719702138255,1.4059723421963553,-0.4303996280174702,-0.2290249433106577,0.2084503600062816,21,21,0.46888391299875337,NS
ENSSSCG00000022454,0.7578994003745676,1.2969944868168124,0.5390950864422448,0.11564625850340138,0.5293520358690783,21,21,0.7578908227272798,NS
ENSSSCG00000009854,0.5832707647485138,0.6129876070202679,0.029716842271754085,-0.1950113378684808,0.2833715597663884,21,21,0.5501707044826598,NS
ENSSSCG00000007272,0.4724171783676667,0.2470200680717405,-0.2253971102959262,-0.2335600907029478,0.16057053716763647,21,21,0.4125520168426915,NS
ENSSSCG00000035564,3.6790884040276475,2.7169429449593845,-0.962145459068263,-0.2789115646258504,0.1249066561322159,21,21,0.3688590878463198,NS
ENSSSCG00000007458,5.390145453032749,4.689163037544422,-0.7009824154883262,-0.256235827664399,0.15891754968522953,21,21,0.4089176259717459,NS
ENSSSCG00000008167,2.8165227521879053,3.180669133979083,0.36414638179117764,0.1428571428571429,0.43549215491585636,21,21,0.6880757384611778,NS
ENSSSCG00000021005,3.3849384233292388,1.7794745901537616,-1.6054638331754771,-0.4285714285714286,0.018047625262461266,21,21,0.14934464330577116,NS
ENSSSCG00000003314,5.1107307633890855,4.456927752954529,-0.6538030104345562,-0.2290249433106577,0.2084687951379297,21,21,0.46888391299875337,NS
ENSSSCG00000022333,1.5880837040597329,0.6691959016364462,-0.9188878024232867,-0.3378684807256236,0.060334334538885204,21,21,0.26179224221173464,NS
ENSSSCG00000032531,2.6308803142584436,2.288021554947705,-0.3428587593107384,-0.15646258503401356,0.39238776291674793,21,21,0.6539796048612466,NS
ENSSSCG00000007151,3.086794289238256,2.7885070132032506,-0.29828727603500527,-0.05215419501133778,0.7820003799248392,21,21,0.9109394814543041,NS
ENSSSCG00000034864,0.5859822877821506,0.7987961804640265,0.2128138926818759,0.07936507936507942,0.6678428376209172,21,21,0.8447545916162275,NS
ENSSSCG00000011745,1.9151672745352073,1.1811213487950805,-0.7340459257401268,-0.24263038548752824,0.18237749893829314,21,21,0.4396192289203178,NS
ENSSSCG00000012528,0.5119966468770307,0.9209195496216376,0.40892290274460685,0.09297052154195007,0.6026307143369367,21,21,0.8117115060576057,NS
ENSSSCG00000039640,1.2340294278089825,0.8813742560697284,-0.3526551717392541,-0.19274376417233552,0.2850693871433916,21,21,0.5519548393462225,NS
ENSSSCG00000015785,2.997303950653785,2.703805467263224,-0.29349848339056095,-0.1383219954648527,0.4504456875848739,21,21,0.6984759079638868,NS
ENSSSCG00000035209,0.9059957653804657,0.7569620501826347,-0.14903371519783093,-0.061224489795918435,0.7434486041422343,21,21,0.8907689783709924,NS
ENSSSCG00000022190,2.7037980613866788,2.531893320753158,-0.1719047406335208,-0.024943310657596474,0.89990710207531,21,21,0.965040287671819,NS
ENSSSCG00000040833,1.0762866941185907,0.8404880151444516,-0.2357986789741391,-0.024943310657596474,0.899419486811282,21,21,0.965040287671819,NS
ENSSSCG00000001347,1.282745711235038,1.6079425270346532,0.32519681579961524,0.14512471655328796,0.4279368627369716,21,21,0.6842504361027684,NS
ENSSSCG00000009479,2.501288740307237,2.418163891051405,-0.08312484925583208,-0.024943310657596474,0.89990710207531,21,21,0.965040287671819,NS
ENSSSCG00000023691,0.7187883300814261,0.28204180652998273,-0.43674652355144333,-0.256235827664399,0.08548250850211533,21,21,0.3091496418228523,NS
ENSSSCG00000003758,5.577085600170856,4.232090029418332,-1.3449955707525243,-0.3151927437641724,0.08260874319203763,21,21,0.3023991346304046,NS
ENSSSCG00000001527,1.8615337615509788,1.3789860255867665,-0.4825477359642123,-0.2789115646258504,0.1248913728112379,21,21,0.3688590878463198,NS
ENSSSCG00000010593,4.749779456577686,4.920073254649743,0.17029379807205736,0.0022675736961451642,1.0,21,21,1.0,NS
ENSSSCG00000004029,2.122395917191828,2.4993590476769785,0.3769631304851506,0.17006802721088432,0.3519764902680531,21,21,0.6139228892038759,NS
ENSSSCG00000002307,1.2831135167934087,0.6904599631904157,-0.592653553602993,-0.34013605442176864,0.050900693465402526,21,21,0.24357202453502533,NS
ENSSSCG00000014242,2.1191570473902255,2.4650478189183893,0.34589077152816383,0.013605442176870763,0.9498525860625499,21,21,0.9857774191208913,NS
ENSSSCG00000000849,3.678757329162969,2.467802399629911,-1.2109549295330577,-0.3560090702947847,0.04974528689592373,21,21,0.24014966087687317,NS
ENSSSCG00000004254,4.545668178757498,3.9847928556988808,-0.560875323058617,-0.24716553287981857,0.17433363250882716,21,21,0.42834123173730454,NS
ENSSSCG00000008773,1.269450709410888,0.740230835891664,-0.529219873519224,-0.3786848072562359,0.03513583081177742,21,21,0.20886637726931814,NS
ENSSSCG00000039215,3.075295266901592,2.699860078744582,-0.37543518815700994,-0.256235827664399,0.15891754968522953,21,21,0.4089176259717459,NS
ENSSSCG00000010209,3.3229263120147543,3.3461423432023425,0.023216031187588193,-0.061224489795918435,0.7436492622639466,21,21,0.8907689783709924,NS
ENSSSCG00000039191,2.22540628975796,1.6124818689391973,-0.6129244208187625,-0.2970521541950113,0.10202324211434627,21,21,0.3332759242401978,NS
ENSSSCG00000005078,3.733957020745552,2.9657711169568826,-0.7681859037886696,-0.24263038548752824,0.18244838844550215,21,21,0.4396192289203178,NS
ENSSSCG00000035259,4.5045308925873115,3.6548153312090763,-0.8497155613782352,-0.2743764172335601,0.13121079099148933,21,21,0.37835478192585825,NS
ENSSSCG00000013402,2.7000549120936066,2.12225693733677,-0.5777979747568365,-0.19727891156462585,0.2793872631916571,21,21,0.5446243796584893,NS
ENSSSCG00000002260,2.2389503649694165,0.46842312153912513,-1.7705272434302914,-0.5487528344671202,0.001331419623266334,21,21,0.04872966243563211,Down (PA<IVF)
ENSSSCG00000022396,3.56320809383132,2.7304794222072375,-0.8327286716240825,-0.21541950113378694,0.2370788366276667,21,21,0.49934320517832165,NS
ENSSSCG00000004943,2.366815417058966,3.1883343014098426,0.8215188843508767,0.26530612244897955,0.14455604430349378,21,21,0.3939827031871146,NS
ENSSSCG00000012586,1.3874036913801735,1.4308814751874297,0.0434777838072562,-0.006802721088435382,0.9799226056324006,21,21,0.9954575561004508,NS
ENSSSCG00000007554,1.4926491320398925,1.251361316121508,-0.24128781591838444,-0.17460317460317465,0.3380151689298284,21,21,0.6008056035381634,NS
ENSSSCG00000009396,2.719404983940036,1.349107958131838,-1.3702970258081981,-0.2789115646258504,0.12437150269040166,21,21,0.3688590878463198,NS
ENSSSCG00000008181,3.7346436154383906,3.3275538300084224,-0.4070897854299682,-0.061224489795918435,0.7436492622639466,21,21,0.8907689783709924,NS
ENSSSCG00000015599,0.9991687232000681,0.8243608027855315,-0.17480792041453663,-0.22448979591836737,0.21546840369300724,21,21,0.47992085027495884,NS
ENSSSCG00000005471,0.7066126907581554,0.2482568205558043,-0.458355870202351,-0.346938775510204,0.03404660038920286,21,21,0.2067186606092017,NS
ENSSSCG00000035628,1.764736471165867,1.4856031279981927,-0.27913334316767435,-0.12471655328798192,0.4968335638333953,21,21,0.7336937392345346,NS
ENSSSCG00000026537,1.6129082324007809,1.1827193091780994,-0.43018892322268143,-0.17006802721088432,0.35178129575722294,21,21,0.6139228892038759,NS
ENSSSCG00000028479,2.347182302713738,2.677130416672531,0.329948113958793,0.015873015873015928,0.9398429773571263,21,21,0.9783494422867809,NS
ENSSSCG00000004901,3.153718971847317,2.360119880454506,-0.793599091392811,-0.24263038548752824,0.18244838844550215,21,21,0.4396192289203178,NS
ENSSSCG00000037372,1.657887637410074,1.3984114292307253,-0.2594762081793487,-0.06349206349206349,0.7324293343927097,21,21,0.8882254648150515,NS
ENSSSCG00000005011,3.80994732711557,2.294511350662878,-1.5154359764526921,-0.473922902494331,0.008891524663685195,21,21,0.1127333823513184,NS
ENSSSCG00000001838,0.9631970765655913,0.8744096667387512,-0.08878740982684008,-0.15646258503401356,0.39131096718461467,21,21,0.6539796048612466,NS
ENSSSCG00000024776,2.0406820482574837,2.8507908963028306,0.8101088480453469,0.3378684807256236,0.06267010552721387,21,21,0.26545427392262594,NS
ENSSSCG00000004552,0.6647571097641577,0.04968354099567658,-0.6150735687684811,-0.4761904761904763,0.0035644249305423997,21,21,0.07500599700466523,NS
ENSSSCG00000006632,0.6600708091057146,0.15773401330549092,-0.5023367958002236,-0.3696145124716552,0.02940326008371121,21,21,0.19340752401782993,NS
ENSSSCG00000002884,1.4502136964465167,1.134539768463895,-0.3156739279826217,-0.16099773242630389,0.3754039389397521,21,21,0.6403962425284595,NS
ENSSSCG00000014961,2.414203348500761,2.2762826346181924,-0.13792071388256844,-0.03401360544217691,0.8602230946114309,21,21,0.9490399532059208,NS
ENSSSCG00000000697,2.4559963965240117,1.7017647397366724,-0.7542316567873393,-0.3151927437641724,0.08260874319203763,21,21,0.3023991346304046,NS
ENSSSCG00000004293,2.3080113172017316,2.7906912032861593,0.4826798860844277,0.12925170068027214,0.48120815818423346,21,21,0.7223387232262236,NS
ENSSSCG00000015866,5.58509447297201,4.830813606462336,-0.7542808665096734,-0.26984126984126977,0.13775887453894567,21,21,0.3858781529159893,NS
ENSSSCG00000021353,2.7573150371363657,2.8225380690156125,0.06522303187924683,0.0975056689342404,0.597311573194272,21,21,0.8062920726419195,NS
ENSSSCG00000034120,2.6262948252639875,3.504687161478055,0.8783923362140675,0.24263038548752835,0.18244838844550215,21,21,0.4396192289203178,NS
ENSSSCG00000028092,1.7606763034587063,1.2930895385237495,-0.46758676493495677,-0.1020408163265305,0.5796642073263402,21,21,0.794449839978317,NS
ENSSSCG00000006024,3.4900966828568563,3.6511634316611783,0.16106674880432204,0.08163265306122447,0.6597609090632409,21,21,0.8425441505052319,NS
ENSSSCG00000011491,2.782694867537302,2.8697356134047576,0.08704074586745536,0.0113378684807256,0.9598676764095315,21,21,0.9869209896448123,NS
ENSSSCG00000025224,3.698860475908825,4.580085464858264,0.8812249889494392,0.34693877551020413,0.05589720011900272,21,21,0.2527717816851408,NS
ENSSSCG00000014850,1.269735964270367,0.8478563238323502,-0.42187964043801673,-0.217687074829932,0.23146418477522368,21,21,0.4967903383554941,NS
ENSSSCG00000015491,2.24315299334875,0.8586645517162775,-1.3844884416324725,-0.4285714285714286,0.01703263266272794,21,21,0.14715851393742277,NS
ENSSSCG00000022671,0.9703219842035603,0.9175066208814183,-0.052815363322141984,-0.17460317460317465,0.3367534188994413,21,21,0.6008056035381634,NS
ENSSSCG00000033601,3.07201582730582,4.192448273909821,1.120432446604001,0.46031746031746035,0.011062138508318366,21,21,0.12200364978627651,NS
ENSSSCG00000009078,1.2162452048913446,0.7649082424517006,-0.45133696243964394,-0.19274376417233552,0.24147285770716753,21,21,0.5071965106770268,NS
ENSSSCG00000007382,1.921014338075978,0.9305770234179582,-0.9904373146580199,-0.3560090702947847,0.047717636710729094,21,21,0.2366003721042282,NS
ENSSSCG00000000019,3.009939985891199,2.1063345095212296,-0.9036054763699695,-0.2743764172335601,0.13121079099148933,21,21,0.37835478192585825,NS
ENSSSCG00000015411,3.127655336889773,2.075555165202021,-1.0521001716877518,-0.308390022675737,0.08949242564035952,21,21,0.3143461545790406,NS
ENSSSCG00000040389,3.0472548386073584,1.6122184914209985,-1.4350363471863599,-0.528344671201814,0.0035087600676978127,21,21,0.07500599700466523,NS
ENSSSCG00000013332,4.0324221866695025,3.491777684216611,-0.5406445024528916,-0.15192743764172345,0.4064599583160081,21,21,0.664517472366019,NS
ENSSSCG00000026488,1.463169557472883,2.0587144782982514,0.5955449208253685,0.2789115646258503,0.1248913728112379,21,21,0.3688590878463198,NS
ENSSSCG00000010156,3.046248589340979,2.2851583372265507,-0.7610902521144283,-0.26984126984126977,0.13775887453894567,21,21,0.3858781529159893,NS
ENSSSCG00000002708,2.1154838035952968,2.877141440941897,0.7616576373466004,0.19047619047619047,0.296306634684245,21,21,0.5654357142005625,NS
ENSSSCG00000013856,0.6686841491242139,0.4785683048797402,-0.1901158442444737,0.0113378684807256,0.9584792000341822,21,21,0.9869209896448123,NS
ENSSSCG00000003831,2.3595796711674204,1.7107461485850186,-0.6488335225824018,-0.2743764172335601,0.13105457555512062,21,21,0.37835478192585825,NS
ENSSSCG00000016248,4.231466402631564,3.7710732501650575,-0.46039315246650636,-0.0975056689342404,0.597311573194272,21,21,0.8062920726419195,NS
ENSSSCG00000010579,2.0348684774514334,1.7294600404691285,-0.3054084369823049,-0.15646258503401356,0.3923685830313999,21,21,0.6539796048612466,NS
ENSSSCG00000038041,2.5939984281968123,2.226761701970978,-0.36723672622583425,0.024943310657596363,0.89990710207531,21,21,0.965040287671819,NS
ENSSSCG00000012597,2.304698764823702,2.0714265665489955,-0.23327219827470635,-0.19727891156462585,0.27936778250210625,21,21,0.5446243796584893,NS
ENSSSCG00000027846,2.9362814394347043,3.577042173901919,0.6407607344672148,0.22448979591836737,0.2177133653142379,21,21,0.47992085027495884,NS
ENSSSCG00000026731,2.0863902219436463,1.592699169746028,-0.49369105219761833,-0.28344671201814053,0.11884122094676833,21,21,0.3593522290120254,NS
ENSSSCG00000015844,2.3128212706797044,2.7419499050296303,0.4291286343499259,0.23809523809523814,0.1908399057704352,21,21,0.44742370252398683,NS
ENSSSCG00000003691,1.5053790754318201,2.227989752415265,0.722610676983445,0.3424036281179138,0.059203310186616454,21,21,0.25790327958396714,NS
ENSSSCG00000039513,1.3502899040683038,0.8375286149463835,-0.5127612891219203,-0.024943310657596474,0.8957532187837498,21,21,0.965040287671819,NS
ENSSSCG00000006219,5.181671928185644,3.8538337962177254,-1.3278381319679182,-0.3786848072562359,0.03680447117105262,21,21,0.21234539296334817,NS
ENSSSCG00000004989,4.606370150596253,3.1891929869142137,-1.4171771636820392,-0.39682539682539675,0.028629607311712907,21,21,0.18957442679377465,NS
ENSSSCG00000034993,2.5754616947958504,2.1668497348140647,-0.4086119599817857,-0.12925170068027203,0.48119038992384244,21,21,0.7223387232262236,NS
ENSSSCG00000039594,0.6464710913441211,0.4258942640179829,-0.22057682732613815,-0.04081632653061229,0.8287185502076734,21,21,0.938943668250364,NS
ENSSSCG00000011854,1.3072849369215833,0.8751309427595527,-0.4321539941620306,-0.2789115646258504,0.1248913728112379,21,21,0.3688590878463198,NS
ENSSSCG00000006645,4.048783840429892,5.70686612614282,1.6580822857129283,0.5963718820861679,0.000982809888455429,21,21,0.04417827813527798,Up (PA>IVF)
ENSSSCG00000011070,3.2052485373129533,3.106262873019786,-0.09898566429316746,-0.07256235827664392,0.6965884786545489,21,21,0.8664523989549239,NS
ENSSSCG00000027777,3.1198249997795537,2.709973688280499,-0.40985131149905474,-0.11564625850340127,0.5294187787914176,21,21,0.7578908227272798,NS
ENSSSCG00000022942,1.990967357672013,1.6340652779081102,-0.35690207976390287,-0.19274376417233552,0.2906428851632826,21,21,0.5572357098576629,NS
ENSSSCG00000021060,3.224217947377081,2.164334375558564,-1.0598835718185171,-0.4104308390022675,0.023573092816297346,21,21,0.17258422275325483,NS
ENSSSCG00000038290,3.708508457784034,3.3720147683008683,-0.3364936894831656,-0.09297052154195007,0.6148835592723955,21,21,0.8157225327032747,NS
ENSSSCG00000016123,3.1491781456863905,1.6588726862856895,-1.490305459400701,-0.4285714285714286,0.018047625262461266,21,21,0.14934464330577116,NS
ENSSSCG00000014967,3.6337580832672565,3.4992679733400713,-0.13449010992718513,-0.17460317460317465,0.33911360013116165,21,21,0.6008056035381634,NS
ENSSSCG00000008448,3.811609803580334,3.6776308401574815,-0.13397896342285254,-0.020408163265306145,0.9198497691906573,21,21,0.9725908472022055,NS
ENSSSCG00000006146,1.5448334035398266,0.38889638118562786,-1.1559370223541987,-0.6054421768707483,0.0007356401695367502,21,21,0.04179614971550859,Down (PA<IVF)
ENSSSCG00000004063,1.820388155397341,2.210055802614962,0.38966764721762126,0.11564625850340138,0.5288338210689667,21,21,0.7578908227272798,NS
ENSSSCG00000004403,4.931300394961082,3.9990691731545653,-0.9322312218065165,-0.2789115646258504,0.1249066561322159,21,21,0.3688590878463198,NS
ENSSSCG00000017255,2.589022076110281,2.0868233049881986,-0.5021987711220826,-0.26077097505668934,0.15160731211683598,21,21,0.401864822689913,NS
ENSSSCG00000023714,2.606986532798975,2.337680554461584,-0.2693059783373912,-0.02947845804988658,0.8800081312598497,21,21,0.9581000128681301,NS
ENSSSCG00000005027,3.6023177668896462,3.451010074087916,-0.1513076928017303,-0.0022675736961450532,1.0,21,21,1.0,NS
ENSSSCG00000009657,2.99685836570726,3.042985810038308,0.04612744433104776,-0.10657596371882083,0.5628712368271559,21,21,0.7833833809361512,NS
ENSSSCG00000037270,0.48825028774354434,0.26624267476195135,-0.222007612981593,-0.2290249433106577,0.15685450042304408,21,21,0.4089176259717459,NS
ENSSSCG00000038253,2.178712778690147,1.1862642565875932,-0.9924485221025539,-0.46485260770975056,0.010278945963618582,21,21,0.11890408570106216,NS
ENSSSCG00000016050,3.7095221431789875,2.8372698343280343,-0.8722523088509533,-0.3378684807256236,0.06267010552721387,21,21,0.26545427392262594,NS
ENSSSCG00000024027,5.750757191219703,4.604486542800378,-1.1462706484193257,-0.3696145124716552,0.0415884552820841,21,21,0.2244664069512958,NS
ENSSSCG00000005105,1.068073758999965,0.8179725336926376,-0.25010122530732737,-0.26530612244897966,0.13535676191590937,21,21,0.3854493095654372,NS
ENSSSCG00000000431,0.3789386238886087,0.17812104015444347,-0.20081758373416525,-0.33333333333333326,0.032141214113510265,21,21,0.20315497363626772,NS
ENSSSCG00000007155,0.5134443545575547,0.10258382636195307,-0.4108605281956016,-0.4467120181405895,0.012333921647997712,21,21,0.12839256829326903,NS
ENSSSCG00000028643,4.253491572878487,4.304395531056626,0.05090395817813853,-0.038548752834467015,0.8405062858111236,21,21,0.9396794525202588,NS
ENSSSCG00000001656,0.974890803918954,0.286702047059755,-0.688188756859199,-0.2925170068027212,0.0819255081505726,21,21,0.3023991346304046,NS
ENSSSCG00000009049,3.0493343243146853,2.6401350173039058,-0.40919930701077956,-0.1201814058956916,0.5130800796227113,21,21,0.7460214807570579,NS
ENSSSCG00000017752,1.4754897563423444,0.6139336951419624,-0.861556061200382,-0.5328798185941044,0.003248158212533892,21,21,0.07135641789976087,NS
ENSSSCG00000011980,1.5628676592599917,1.4683132490569715,-0.09455441020302024,-0.08843537414965996,0.632679341784771,21,21,0.8251293316812793,NS
ENSSSCG00000000846,3.001410406845523,2.6332921475574116,-0.36811825928811137,-0.04308390022675734,0.820889035690062,21,21,0.9318998211511518,NS
ENSSSCG00000024635,3.209522023559599,3.157371005827594,-0.052151017732005034,-0.04761904761904767,0.8013831883084928,21,21,0.9213153463710844,NS
ENSSSCG00000024794,2.5746831002322956,2.3100848878419,-0.2645982123903958,-0.06802721088435382,0.7152808524463308,21,21,0.8770020818198087,NS
ENSSSCG00000011858,1.241962758459814,0.5277034360409305,-0.7142593224188836,-0.5011337868480725,0.005493122122528125,21,21,0.09058369653976668,NS
ENSSSCG00000004549,2.3792323152207553,2.817518406731272,0.4382860915105167,0.12925170068027214,0.48120815818423346,21,21,0.7223387232262236,NS
ENSSSCG00000016826,2.236765957366045,1.7803668683005573,-0.4563990890654879,-0.20181405895691618,0.2683576760316526,21,21,0.5349996098742043,NS
ENSSSCG00000015247,2.2906755516822463,1.1272169038102926,-1.1634586478719537,-0.564625850340136,0.0018127403380486893,21,21,0.05502388813723013,NS
ENSSSCG00000008510,2.5326728203530955,1.6670709258256413,-0.8656018945274542,-0.26077097505668934,0.15160731211683598,21,21,0.401864822689913,NS
ENSSSCG00000003596,2.404918159927915,1.644469490884065,-0.7604486690438499,-0.2335600907029478,0.19951213436010184,21,21,0.4574984559108449,NS
ENSSSCG00000010477,0.8403253443170053,1.868896804772495,1.0285714604554896,0.39229024943310653,0.03037629164354097,21,21,0.19671511075924816,NS
ENSSSCG00000000926,4.303474404315812,3.1987588662321733,-1.104715538083639,-0.35147392290249435,0.05274632203096375,21,21,0.24682112491978944,NS
ENSSSCG00000004550,0.9253628534944441,1.1172756800896904,0.19191282659524622,0.07029478458049887,0.7056963865604148,21,21,0.8691022220107433,NS
ENSSSCG00000004540,5.292043806312707,4.184530266561874,-1.1075135397508324,-0.2743764172335601,0.13121079099148933,21,21,0.37835478192585825,NS
ENSSSCG00000033811,3.3122208163079785,3.249776032165025,-0.0624447841429534,-0.0226757369614512,0.9098677007652691,21,21,0.9723776954743334,NS
ENSSSCG00000031901,3.763422325655777,2.2434784795202085,-1.5199438461355683,-0.4058956916099774,0.025164969815949612,21,21,0.1780582660160118,NS
ENSSSCG00000038444,1.6692394105965374,1.43534973625266,-0.23388967434387742,-0.13378684807256236,0.46561349324555734,21,21,0.7103857207086134,NS
ENSSSCG00000012234,3.1079241640495847,3.7797838168414497,0.671859652791865,0.2698412698412699,0.13775887453894567,21,21,0.3858781529159893,NS
ENSSSCG00000015558,3.4418601167066307,2.4856737870630603,-0.9561863296435704,-0.32879818594104315,0.07010784129484465,21,21,0.27842598868122526,NS
ENSSSCG00000038873,3.7246913817199987,4.314883434294354,0.5901920525743556,0.2562358276643991,0.15891754968522953,21,21,0.4089176259717459,NS
ENSSSCG00000000902,3.531615564638404,2.603001988574783,-0.9286135760636212,-0.32879818594104315,0.07010784129484465,21,21,0.27842598868122526,NS
ENSSSCG00000008396,2.8278490192593697,2.7601147462773072,-0.06773427298206247,-0.17913832199546476,0.32655631642696226,21,21,0.5929529726545689,NS
ENSSSCG00000001346,2.1900622742324125,2.068494325296418,-0.12156794893599443,-0.08616780045351469,0.6416449986927135,21,21,0.8328637069123963,NS
ENSSSCG00000015120,2.8804190956046396,3.8526575111714045,0.9722384155667649,0.2630385487528345,0.14803318132312077,21,21,0.39949159082478697,NS
ENSSSCG00000004460,4.229512759455034,4.4736444433452665,0.24413168389023276,0.061224489795918324,0.7436492622639466,21,21,0.8907689783709924,NS
ENSSSCG00000029082,3.007402847377139,3.154858334953797,0.14745548757665805,-0.0022675736961450532,1.0,21,21,1.0,NS
ENSSSCG00000009890,0.5510593371496236,0.5049648193786366,-0.046094517770987053,-0.038548752834467015,0.8390849723098348,21,21,0.9396794525202588,NS
ENSSSCG00000039655,2.3012677916559996,3.5075442100504852,1.2062764183944856,0.4058956916099773,0.025164969815949612,21,21,0.1780582660160118,NS
ENSSSCG00000011417,1.8801226907788742,1.038463778163541,-0.8416589126153331,-0.3764172335600906,0.03794645449076211,21,21,0.21602711851172454,NS
ENSSSCG00000016509,1.9537434975861083,1.5837475490410071,-0.3699959485451012,-0.1383219954648527,0.4504456875848739,21,21,0.6984759079638868,NS
ENSSSCG00000014988,1.5586516022759975,0.9869041973661827,-0.5717474049098148,-0.20408163265306123,0.2597468127579353,21,21,0.5271508834869448,NS
ENSSSCG00000023728,3.772733183092095,3.20115125626051,-0.5715819268315849,-0.3015873015873016,0.09685836811015376,21,21,0.3231631520724199,NS
ENSSSCG00000013859,0.6133401324172101,0.419802806548211,-0.19353732586899908,-0.21995464852607705,0.22031658042314395,21,21,0.48425880861991905,NS
ENSSSCG00000013320,4.56396966071511,4.756012588029961,0.1920429273148505,0.08390022675736963,0.6506903704105349,21,21,0.8344026504702031,NS
ENSSSCG00000009683,3.1759666071324224,2.0222508199986917,-1.1537157871337307,-0.37414965986394555,0.0391344195585305,21,21,0.21879553233212654,NS
ENSSSCG00000029774,3.034678099131979,2.353282361489149,-0.6813957376428301,-0.14739229024943312,0.4208290941795192,21,21,0.6751374148904354,NS
ENSSSCG00000010290,2.3697616664412413,1.451772309898065,-0.9179893565431763,-0.23809523809523814,0.19076800390493187,21,21,0.44742370252398683,NS
ENSSSCG00000006201,1.9709239568211134,1.5376167266691114,-0.433307230152002,-0.26077097505668934,0.15160731211683598,21,21,0.401864822689913,NS
ENSSSCG00000023351,3.1966968281565933,2.673396867430315,-0.5232999607262783,-0.18367346938775508,0.3143051330541584,21,21,0.5805420605146814,NS
ENSSSCG00000035539,0.1469895073373721,0.4443497437430716,0.29736023640569953,0.10657596371882083,0.39852444695343714,21,21,0.6616354564619019,NS
ENSSSCG00000029698,2.581944340811648,2.2207577915804877,-0.3611865492311601,-0.06575963718820854,0.7247030031611088,21,21,0.8813087398839223,NS
ENSSSCG00000000512,3.136986236375423,2.6770150779225155,-0.4599711584529076,-0.08390022675736963,0.6506903704105349,21,21,0.8344026504702031,NS
ENSSSCG00000030186,3.130416281170626,3.524058154229818,0.39364187305919174,0.16099773242630389,0.37861508946133926,21,21,0.6403962425284595,NS
ENSSSCG00000037706,1.4489079578715358,1.121237934862196,-0.3276700230093399,-0.01133786848072571,0.9597829017798901,21,21,0.9869209896448123,NS
ENSSSCG00000011295,3.3069252107086475,2.3106424268665737,-0.9962827838420738,-0.2743764172335601,0.13121079099148933,21,21,0.37835478192585825,NS
ENSSSCG00000021092,2.9133412408366537,2.456583676447969,-0.45675756438868476,-0.0793650793650793,0.6689077174430536,21,21,0.8447545916162275,NS
ENSSSCG00000010311,1.638043945524036,0.8314593593600176,-0.8065845861640185,-0.383219954648526,0.03444729491924928,21,21,0.2067186606092017,NS
ENSSSCG00000006879,2.5056202421070877,2.2119454618175234,-0.2936747802895643,-0.04081632653061229,0.8306777146663934,21,21,0.938943668250364,NS
ENSSSCG00000031435,2.454135942922404,2.296682040857102,-0.1574539020653023,-0.06575963718820854,0.7246923023385743,21,21,0.8813087398839223,NS
ENSSSCG00000001393,0.9786075705544864,1.0831475318727433,0.10453996131825682,0.19727891156462585,0.2750664534012466,21,21,0.5439480744688819,NS
ENSSSCG00000027681,2.1524107067515947,1.675795684320865,-0.47661502243072973,-0.19274376417233552,0.29072107953069615,21,21,0.5572357098576629,NS
ENSSSCG00000001535,2.0971963559245075,1.316750802266278,-0.7804455536582295,-0.28798185941043086,0.11300913889451222,21,21,0.3499967010457579,NS
ENSSSCG00000008478,1.8488379460863174,1.4582173709100243,-0.390620575176293,-0.2789115646258504,0.1248913728112379,21,21,0.3688590878463198,NS
ENSSSCG00000030154,0.49843433876555804,0.2963397533065238,-0.20209458545903425,-0.17460317460317465,0.3068778059887154,21,21,0.5772670329678585,NS
ENSSSCG00000015422,0.7193594551437855,1.2054390986042836,0.48607964346049803,0.17913832199546487,0.3222048003288709,21,21,0.5903645647051428,NS
ENSSSCG00000004146,2.9366549407029994,1.7700267072774922,-1.1666282334255071,-0.33333333333333326,0.06629210007834077,21,21,0.2723588264951059,NS
ENSSSCG00000037594,2.7575070087753897,3.077449902380026,0.31994289360463624,0.11564625850340138,0.5294187787914176,21,21,0.7578908227272798,NS
ENSSSCG00000038825,0.6542617932884166,0.9786334820669702,0.3243716887785536,0.16099773242630389,0.37822840624339793,21,21,0.6403962425284595,NS
ENSSSCG00000009169,2.0023729323106156,1.8717702785786312,-0.13060265373198443,0.0022675736961451642,1.0,21,21,1.0,NS
ENSSSCG00000005300,2.0918125599848776,0.5523440958204315,-1.539468464164446,-0.26077097505668934,0.147944167611066,21,21,0.39949159082478697,NS
ENSSSCG00000011394,1.9871211661943864,1.010530242729173,-0.9765909234652135,-0.4671201814058956,0.009921081640129985,21,21,0.11778791333037791,NS
ENSSSCG00000040773,0.9656973337158891,0.5252980381807711,-0.4403992955351179,-0.2290249433106577,0.20541263168782753,21,21,0.4676835889075661,NS
ENSSSCG00000024126,1.995982422936704,2.2579692736200507,0.2619868506833467,0.05668934240362811,0.7627520182258121,21,21,0.9015297803289233,NS
ENSSSCG00000032936,0.8264542930206284,0.6738187072612366,-0.15263558575939185,-0.04308390022675734,0.816755418345724,21,21,0.9318998211511518,NS
ENSSSCG00000024818,3.2175058954072955,3.6377684010898292,0.42026250568253376,0.1882086167800453,0.30236014932755606,21,21,0.5703026187481536,NS
ENSSSCG00000000176,0.9449442240686546,0.5064200883543704,-0.4385241357142843,-0.3650793650793651,0.04345154416348347,21,21,0.229906559887904,NS
ENSSSCG00000010603,3.5009039682893195,4.089471637477437,0.5885676691881172,0.2517006802721088,0.16649147398308384,21,21,0.41913082991704775,NS
ENSSSCG00000010814,3.6958116993699006,3.3055811951657073,-0.39023050420419336,-0.16553287981859421,0.36514408957445854,21,21,0.6272800312138134,NS
ENSSSCG00000011066,2.108004148983573,1.9157405538013061,-0.19226359518226666,-0.04308390022675734,0.820889035690062,21,21,0.9318998211511518,NS
ENSSSCG00000039230,0.535465256791023,0.5450767188652209,0.00961146207419794,-0.04081632653061229,0.8237320548866209,21,21,0.9346347827525999,NS
ENSSSCG00000003511,3.1521254607905536,2.179602245949858,-0.9725232148406957,-0.26530612244897966,0.14455604430349378,21,21,0.3939827031871146,NS
ENSSSCG00000005065,1.1855594739744673,0.4233236830368352,-0.762235790937632,-0.33333333333333326,0.06498477878477915,21,21,0.2723247296662095,NS
ENSSSCG00000034816,3.5846590906834175,4.135001259769457,0.55034216908604,0.35147392290249435,0.05274632203096375,21,21,0.24682112491978944,NS
ENSSSCG00000036960,0.9065186194073301,0.2563878903878806,-0.6501307290194496,-0.3038548752834467,0.09053461677604917,21,21,0.3146040991494828,NS
ENSSSCG00000000457,2.6109929411776642,2.36726360118192,-0.2437293399957441,-0.08843537414965996,0.632679341784771,21,21,0.8251293316812793,NS
ENSSSCG00000024163,0.5990060250257434,0.42883316829991297,-0.17017285672583043,-0.2335600907029478,0.1702637520306285,21,21,0.4261850217527077,NS
ENSSSCG00000011166,2.9913700742596467,2.6327884363037324,-0.35858163795591436,-0.15646258503401356,0.39238776291674793,21,21,0.6539796048612466,NS
ENSSSCG00000004592,1.5392436915690448,0.4607533985546494,-1.0784902930143954,-0.5827664399092971,0.0012497953124082145,21,21,0.04853046452507538,Down (PA<IVF)
ENSSSCG00000015868,2.4115613036291697,2.4940377034831513,0.0824763998539817,-0.11564625850340127,0.5294187787914176,21,21,0.7578908227272798,NS
ENSSSCG00000006232,2.305876769365046,2.2686665303339146,-0.0372102390311313,-0.0748299319727892,0.6873100908649229,21,21,0.8572780981928975,NS
ENSSSCG00000039763,0.3803355964967657,0.36141141580619546,-0.018924180690570225,-0.0793650793650793,0.6177982046879502,21,21,0.8192723147418013,NS
ENSSSCG00000016884,2.192732684557271,2.096636429741828,-0.09609625481544315,0.07482993197278909,0.6872740840154342,21,21,0.8572780981928975,NS
ENSSSCG00000006631,0.6503866847071406,0.10634924695312035,-0.5440374377540202,-0.31065759637188206,0.07256921516234997,21,21,0.2849598259952609,NS
ENSSSCG00000003885,3.080046415180595,2.391303089386546,-0.6887433257940492,-0.3242630385487528,0.07408994000050295,21,21,0.287638363555999,NS
ENSSSCG00000006698,0.9514338749971684,0.9005812232950211,-0.050852651702147256,-0.018140589569161092,0.9298124690724837,21,21,0.9783494422867809,NS
ENSSSCG00000028646,2.437101218395386,2.1461874532748624,-0.2909137651205236,-0.04308390022675734,0.820889035690062,21,21,0.9318998211511518,NS
ENSSSCG00000034954,1.655793700724018,1.0864504511097055,-0.5693432496143125,-0.16553287981859421,0.3649497310428914,21,21,0.6272800312138134,NS
ENSSSCG00000023126,2.417849035674128,1.6481588161698268,-0.7696902195043012,-0.346938775510204,0.05589720011900272,21,21,0.2527717816851408,NS
ENSSSCG00000032468,3.643721677178587,1.9337542600610627,-1.7099674171175245,-0.5736961451247165,0.0015256925911097787,21,21,0.0505977886445505,NS
ENSSSCG00000010189,3.543607386828571,2.3202620428331824,-1.2233453439953887,-0.44217687074829937,0.014682920439987845,21,21,0.1374145078012505,NS
ENSSSCG00000009084,3.8161700533864695,3.378135927089722,-0.4380341262967473,-0.1882086167800454,0.30236014932755606,21,21,0.5703026187481536,NS
ENSSSCG00000025478,3.645366602639094,3.94195985481415,0.29659325217505605,0.13378684807256236,0.46568579971233737,21,21,0.7103857207086134,NS
ENSSSCG00000014146,4.300187717631985,4.096707629423943,-0.20348008820804253,-0.1201814058956916,0.5130800796227113,21,21,0.7460214807570579,NS
ENSSSCG00000009822,1.9200548448534855,1.77188077620415,-0.14817406864933558,-0.038548752834467015,0.8404424957789529,21,21,0.9396794525202588,NS
ENSSSCG00000013448,0.4659680200026788,0.35073785722021994,-0.11523016278245884,0.09070294784580502,0.6225674012447484,21,21,0.8240039306461459,NS
ENSSSCG00000011940,3.8037604642082656,2.4940498881109625,-1.3097105760973031,-0.383219954648526,0.03459373504072355,21,21,0.2067186606092017,NS
ENSSSCG00000023247,0.5923267643956047,0.5913659717961272,-0.0009607925994775668,-0.013605442176870763,0.9477647907082186,21,21,0.9852502597754781,NS
ENSSSCG00000040678,3.6108626251164346,3.3796036006507797,-0.23125902446565494,0.015873015873015928,0.9398429773571263,21,21,0.9783494422867809,NS
ENSSSCG00000039662,0.5306150286666916,1.2974767960223903,0.7668617673556987,0.2063492063492064,0.2414390035591597,21,21,0.5071965106770268,NS
ENSSSCG00000008788,2.1356138101420923,1.6172658274400225,-0.5183479827020698,-0.19274376417233552,0.29072107953069615,21,21,0.5572357098576629,NS
ENSSSCG00000011294,0.39053312664654755,0.6665443464768409,0.27601121983029336,0.061224489795918324,0.7205925060227834,21,21,0.8813087398839223,NS
ENSSSCG00000008584,1.9821578096984909,1.657257141210405,-0.32490066848808596,-0.1201814058956916,0.5130117782633399,21,21,0.7460214807570579,NS
ENSSSCG00000015336,3.1877817947939966,2.6290770628863736,-0.558704731907623,-0.1020408163265305,0.5799715449870863,21,21,0.794449839978317,NS
ENSSSCG00000031459,3.130130792220294,1.584853638915638,-1.545277153304656,-0.5419501133786848,0.002756580179810145,21,21,0.0678052262065058,NS
ENSSSCG00000020885,1.8074618515428764,1.6820996875328327,-0.12536216401004374,-0.006802721088435382,0.9799274874348569,21,21,0.9954575561004508,NS
ENSSSCG00000030413,3.0071250276968984,2.318973461379298,-0.6881515663176003,-0.26984126984126977,0.13775887453894567,21,21,0.3858781529159893,NS
ENSSSCG00000027403,1.5535325305502652,0.927144650118239,-0.6263878804320262,-0.2811791383219955,0.12182932027395253,21,21,0.3662353799646426,NS
ENSSSCG00000004382,1.9951661526486237,1.3563468002315349,-0.6388193524170889,-0.14739229024943312,0.4208290941795192,21,21,0.6751374148904354,NS
ENSSSCG00000015473,0.5173953306735408,0.16712460560669667,-0.35027072506684415,-0.17460317460317465,0.2819473894732535,21,21,0.5485419999394552,NS
ENSSSCG00000030326,2.9091466100331793,2.0989405135750934,-0.810206096458086,-0.28798185941043086,0.11300913889451222,21,21,0.3499967010457579,NS
ENSSSCG00000013021,1.2665168410283016,1.0886833326809295,-0.1778335083473721,-0.015873015873015817,0.9398429773571263,21,21,0.9783494422867809,NS
ENSSSCG00000000808,0.8622816656603659,0.29730530407790556,-0.5649763615824603,-0.746031746031746,2.8171742059048844e-05,21,21,0.009202769072622623,NS
ENSSSCG00000029760,2.168203151232735,0.9951611454588593,-1.1730420057738757,-0.41496598639455784,0.02204779735740637,21,21,0.1674730894955559,NS
ENSSSCG00000025281,3.6427720851441343,2.460487435629065,-1.1822846495150694,-0.39229024943310664,0.0305109151381691,21,21,0.19671511075924816,NS
ENSSSCG00000021898,3.0354677332161093,2.7396255386827613,-0.29584219453334804,-0.03401360544217691,0.8602230946114309,21,21,0.9490399532059208,NS
ENSSSCG00000008222,3.7677445696935217,4.376623313810084,0.6088787441165624,0.2063492063492064,0.25763094153482324,21,21,0.523503631199315,NS
ENSSSCG00000005056,4.301529479167102,3.6899332718709728,-0.6115962072961292,-0.2743764172335601,0.13121079099148933,21,21,0.37835478192585825,NS
ENSSSCG00000033732,0.5732777599290041,0.5753743501248189,0.0020965901958147626,-0.1428571428571428,0.4300978205123659,21,21,0.6861560578406583,NS
ENSSSCG00000008988,0.9701440319450508,0.13794606136313897,-0.8321979705819118,-0.5827664399092971,0.0007253274894553912,21,21,0.04179614971550859,NS
ENSSSCG00000035090,2.943233912322055,2.2746987252098783,-0.6685351871121767,-0.30612244897959173,0.09190475432879934,21,21,0.3146040991494828,NS
ENSSSCG00000021170,0.6478517790312874,0.13207190510222966,-0.5157798739290578,-0.5374149659863945,0.001168268162422246,21,21,0.04626916462205491,NS
ENSSSCG00000023793,2.2799199909562873,1.5030485459540672,-0.77687144500222,-0.18367346938775508,0.313912691035127,21,21,0.5805420605146814,NS
ENSSSCG00000006049,2.4206831365965744,1.880463598611508,-0.5402195379850665,-0.256235827664399,0.15885001098352836,21,21,0.4089176259717459,NS
ENSSSCG00000037467,3.117049723782003,2.72542600551813,-0.3916237182638729,-0.08843537414965996,0.632679341784771,21,21,0.8251293316812793,NS
ENSSSCG00000021027,2.551268495705582,2.354351090262913,-0.19691740544266878,-0.024943310657596474,0.89990710207531,21,21,0.965040287671819,NS
ENSSSCG00000004339,3.283508711225604,2.6988617199884524,-0.5846469912371517,-0.14739229024943312,0.4208290941795192,21,21,0.6751374148904354,NS
ENSSSCG00000017748,3.100704246513233,1.8713392257258064,-1.2293650207874265,-0.4512471655328798,0.012759283501342113,21,21,0.1298645175359153,NS
ENSSSCG00000001977,3.2355311504607314,4.251540924027365,1.0160097735666338,0.2970521541950113,0.10202324211434627,21,21,0.3332759242401978,NS
ENSSSCG00000000278,3.958211886947165,3.6218186332784024,-0.3363932536687626,-0.05215419501133778,0.7820003799248392,21,21,0.9109394814543041,NS
ENSSSCG00000024614,1.789822189911215,1.2278413851827092,-0.5619808047285058,-0.3378684807256236,0.06265946533076083,21,21,0.26545427392262594,NS
ENSSSCG00000040187,1.8936092669932567,1.9457725843154852,0.05216331732222845,0.22448979591836737,0.21769472398920264,21,21,0.47992085027495884,NS
ENSSSCG00000023643,1.6144947759755206,1.5734080924459113,-0.041086683529609314,-0.10657596371882083,0.5628712368271559,21,21,0.7833833809361512,NS
ENSSSCG00000008581,2.0667181521707327,1.849119524821873,-0.2175986273488597,-0.1428571428571428,0.43549215491585636,21,21,0.6880757384611778,NS
ENSSSCG00000028707,1.25648588848214,1.5371908476776486,0.28070495919550864,0.10204081632653061,0.5799101311411211,21,21,0.794449839978317,NS
ENSSSCG00000034952,1.3292778465706863,0.9429910952573635,-0.3862867513133228,-0.18140589569161003,0.31873986045524616,21,21,0.5866797538832811,NS
ENSSSCG00000015095,2.838058897979091,4.676648167744306,1.8385892697652149,0.5691609977324263,0.0016638937925249964,21,21,0.052600513441112794,NS
ENSSSCG00000004607,2.6604174824717726,1.1282243254605693,-1.5321931570112033,-0.44217687074829937,0.014602649745991061,21,21,0.1374145078012505,NS
ENSSSCG00000006877,4.823350977871816,4.355783434598821,-0.4675675432729953,-0.05668934240362811,0.7627520182258121,21,21,0.9015297803289233,NS
ENSSSCG00000016769,3.1127056788498595,2.276039886546403,-0.8366657923034566,-0.29478458049886624,0.10467259104538994,21,21,0.3388645467538343,NS
ENSSSCG00000037703,0.641457181220537,0.17487916517255128,-0.46657801604798566,-0.2902494331065759,0.032466294467184305,21,21,0.20315497363626772,NS
ENSSSCG00000006369,1.4066769441496445,0.8128806800288637,-0.5937962641207808,-0.09977324263038545,0.5731488757384866,21,21,0.7939824894115545,NS
ENSSSCG00000040728,3.222718181495001,4.59675038705157,1.3740322055565684,0.5510204081632653,0.002335757906125647,21,21,0.06320013387432472,NS
ENSSSCG00000007473,1.0044699934894636,0.501948812407708,-0.5025211810817557,-0.23809523809523814,0.19066012294622992,21,21,0.44742370252398683,NS
ENSSSCG00000007345,3.1429065799638027,2.3682222933725194,-0.7746842865912833,-0.383219954648526,0.03459373504072355,21,21,0.2067186606092017,NS
ENSSSCG00000013363,2.2749634833234205,2.3432999024081607,0.0683364190847402,0.12244897959183676,0.5048376939386108,21,21,0.7421278027073629,NS
ENSSSCG00000026239,1.4877808956264917,1.3620073176618428,-0.12577357796464894,-0.11111111111111116,0.545952927901969,21,21,0.7703997318854171,NS
ENSSSCG00000013508,1.1316433514789392,0.2912264836085267,-0.8404168678704125,-0.528344671201814,0.002945264963624669,21,21,0.0710630867654928,NS
ENSSSCG00000011040,1.986044903884358,1.0157512078625166,-0.9702936960218413,-0.3424036281179139,0.05862758131969179,21,21,0.25790327958396714,NS
ENSSSCG00000004120,0.34546027501887727,0.21844690917446732,-0.12701336584440995,-0.12698412698412698,0.44312233717398275,21,21,0.6968865733639436,NS
ENSSSCG00000026158,3.0792479994684507,2.1635898581690998,-0.915658141299351,-0.34013605442176864,0.06090581570444606,21,21,0.2634387741062421,NS
ENSSSCG00000005122,3.0877202227968117,2.8719320033162954,-0.2157882194805163,-0.02947845804988658,0.8800274316446192,21,21,0.9581000128681301,NS
ENSSSCG00000006079,3.3808073119430175,3.2253762856462354,-0.15543102629678218,0.006802721088435382,0.9799307399921785,21,21,0.9954575561004508,NS
ENSSSCG00000015889,0.7432723424304651,0.9578297287941543,0.21455738636368915,0.2789115646258503,0.11931776403195853,21,21,0.36019029161012867,NS
ENSSSCG00000012613,2.6938139750280774,1.9952801835889253,-0.6985337914391521,-0.26984126984126977,0.13774292601775137,21,21,0.3858781529159893,NS
ENSSSCG00000011307,0.6228280186938634,0.5268371149131914,-0.09599090378067199,0.020408163265306145,0.913419548311581,21,21,0.9725908472022055,NS
ENSSSCG00000037606,1.6617771491494024,1.3380161459857363,-0.3237610031636662,-0.23809523809523814,0.1908219317119737,21,21,0.44742370252398683,NS
ENSSSCG00000013285,3.28057081470542,3.3679424606408577,0.08737164593543767,0.04761904761904767,0.8013831883084928,21,21,0.9213153463710844,NS
ENSSSCG00000004438,1.5030230388788588,1.6407521039963846,0.1377290651175258,-0.006802721088435382,0.9798324698955457,21,21,0.9954575561004508,NS
ENSSSCG00000009801,3.7456823010676548,3.755982957144875,0.010300656077220083,0.08843537414965985,0.632679341784771,21,21,0.8251293316812793,NS
ENSSSCG00000002375,0.6194450103781995,0.23127122824470853,-0.388173782133491,-0.2335600907029478,0.1813908620010245,21,21,0.4396192289203178,NS
ENSSSCG00000022128,1.627219835946038,1.6752385363503868,0.04801870040434886,-0.006802721088435382,0.9799307399921785,21,21,0.9954575561004508,NS
ENSSSCG00000006069,3.769416616212556,2.5780426648374593,-1.191373951375097,-0.3605442176870748,0.046888776900571166,21,21,0.2350491979746632,NS
ENSSSCG00000004466,4.299357601131456,4.0720072943012235,-0.22735030683023272,-0.1020408163265305,0.5799715449870863,21,21,0.794449839978317,NS
ENSSSCG00000030015,1.649948242763066,2.2148005994969178,0.5648523567338517,0.29931972789115646,0.09893425097898859,21,21,0.32882217137396397,NS
ENSSSCG00000006202,3.761219888384252,2.7428142935853166,-1.0184055947989354,-0.3786848072562359,0.03680447117105262,21,21,0.21234539296334817,NS
ENSSSCG00000033833,2.0392827658727533,2.1676955577462302,0.12841279187347698,0.04308390022675734,0.8208819016622845,21,21,0.9318998211511518,NS
ENSSSCG00000006835,0.7808336430979388,0.30611390728265675,-0.47471973581528204,-0.031746031746031855,0.8647456655967225,21,21,0.9534161468970616,NS
ENSSSCG00000010737,2.9057639235287516,2.272944948144539,-0.6328189753842124,-0.21541950113378694,0.2370788366276667,21,21,0.49934320517832165,NS
ENSSSCG00000004934,1.974955472721985,0.7112217759717347,-1.2637336967502502,-0.6054421768707483,0.000816706444562134,21,21,0.04179614971550859,Down (PA<IVF)
ENSSSCG00000015034,1.4189090831701492,0.5466603958621047,-0.8722486873080445,-0.3877551020408163,0.026922483417214687,21,21,0.18468823624209274,NS
ENSSSCG00000029637,0.8935053698350663,0.08220633088926237,-0.811299038945804,-0.7528344671201814,1.844367574315172e-05,21,21,0.00744256562341299,NS
ENSSSCG00000014868,0.3262975716295026,0.6306776817736828,0.30438011014418015,0.09297052154195007,0.613152330069987,21,21,0.8157225327032747,NS
ENSSSCG00000037811,4.632999213733053,4.617030435530482,-0.0159687782025717,0.020408163265306145,0.9198497691906573,21,21,0.9725908472022055,NS
ENSSSCG00000033213,1.7801030200804928,1.3449780351580054,-0.4351249849224874,-0.05895691609977316,0.7528424408925578,21,21,0.8993490772647048,NS
ENSSSCG00000001921,0.9286366873009959,0.7534478518522663,-0.17518883544872965,-0.22448979591836737,0.21706025313613386,21,21,0.47992085027495884,NS
ENSSSCG00000012622,2.3043991932767374,3.393724304814625,1.0893251115378875,0.30612244897959184,0.09190475432879934,21,21,0.3146040991494828,NS
ENSSSCG00000029160,0.8231478438984323,0.28168283869888944,-0.5414650051995429,-0.5147392290249433,0.0032661683994934273,21,21,0.07135641789976087,NS
ENSSSCG00000015789,5.609940411178928,4.867209230849624,-0.7427311803293044,-0.3197278911564625,0.07825502308568134,21,21,0.29484995892048155,NS
ENSSSCG00000016970,3.4918184157649885,3.3943100342006662,-0.09750838156432229,0.015873015873015928,0.9398429773571263,21,21,0.9783494422867809,NS
ENSSSCG00000014112,3.136457111455901,2.4640869349335826,-0.6723701765223185,-0.256235827664399,0.15891754968522953,21,21,0.4089176259717459,NS
ENSSSCG00000011190,2.7522185092703273,2.0743822470549103,-0.677836262215417,-0.2675736961451247,0.1409648820183906,21,21,0.3909587620683742,NS
ENSSSCG00000009793,2.911398947800338,3.5919308661348515,0.6805319183345135,0.17460317460317465,0.33911360013116165,21,21,0.6008056035381634,NS
ENSSSCG00000030130,2.0887520874493575,1.1707392669425616,-0.9180128205067959,-0.3650793650793651,0.04413720675119654,21,21,0.229906559887904,NS
ENSSSCG00000011110,2.829172738007086,2.826066583268646,-0.0031061547384401145,0.024943310657596363,0.89990710207531,21,21,0.965040287671819,NS
ENSSSCG00000034418,1.7761494328608596,0.9069869428236846,-0.8691624900371749,-0.2743764172335601,0.13089831450344894,21,21,0.37835478192585825,NS
ENSSSCG00000010687,2.6053980645815717,1.4595505968404567,-1.145847467741115,-0.308390022675737,0.08949242564035952,21,21,0.3143461545790406,NS
ENSSSCG00000017836,1.590147562742707,1.164956747783605,-0.42519081495910216,-0.24263038548752824,0.18244838844550215,21,21,0.4396192289203178,NS
ENSSSCG00000018027,0.821024378956706,0.6161789893185782,-0.20484538963812782,-0.14965986394557818,0.4134182904198064,21,21,0.6733260855365317,NS
ENSSSCG00000037767,0.590806816941652,0.534058704848594,-0.05674811209305808,0.2290249433106576,0.1979779355537017,21,21,0.4574984559108449,NS
ENSSSCG00000004854,2.971143331235806,2.469609913594038,-0.5015334176417681,-0.26077097505668934,0.15160731211683598,21,21,0.401864822689913,NS
ENSSSCG00000017133,0.6937611939991898,0.6487320011339658,-0.045029192865224,-0.12925170068027203,0.47605178927879377,21,21,0.7218645611079852,NS
ENSSSCG00000000064,0.8646425702585315,0.41760792746144193,-0.4470346427970896,-0.22222222222222232,0.2193372963141792,21,21,0.4833452787392449,NS
ENSSSCG00000027131,3.1739960557261506,3.6671446384855435,0.4931485827593929,0.28798185941043086,0.11300913889451222,21,21,0.3499967010457579,NS
ENSSSCG00000029857,1.5007972313868283,1.2646670197698042,-0.23613021161702408,-0.11337868480725621,0.5371084503061194,21,21,0.766662740598342,NS
ENSSSCG00000015940,1.7802127309433335,1.2255528029631146,-0.5546599279802189,-0.256235827664399,0.15891754968522953,21,21,0.4089176259717459,NS
ENSSSCG00000021210,2.5638678960157546,3.033018289594268,0.4691503935785133,0.11564625850340138,0.5294187787914176,21,21,0.7578908227272798,NS
ENSSSCG00000000559,3.930196313226197,3.4272339110676233,-0.5029624021585737,-0.12471655328798192,0.4970079892453181,21,21,0.7336937392345346,NS
ENSSSCG00000021802,1.5315267518443831,1.0659161268442898,-0.4656106250000933,-0.256235827664399,0.15874868209538184,21,21,0.4089176259717459,NS
ENSSSCG00000032909,1.4821873397767438,1.061744996839855,-0.42044234293688887,-0.20181405895691618,0.2682800977865001,21,21,0.5349996098742043,NS
ENSSSCG00000037463,2.2033772945488663,2.183665042321678,-0.0197122522271882,0.0022675736961451642,1.0,21,21,1.0,NS
ENSSSCG00000021893,4.339550440404054,4.133625691998979,-0.20592474840507435,-0.21541950113378694,0.2370788366276667,21,21,0.49934320517832165,NS
ENSSSCG00000006060,0.7135456333593118,0.6385987208055379,-0.07494691255377384,-0.23809523809523814,0.18786146992590202,21,21,0.4465452819444518,NS
ENSSSCG00000005965,1.5455175315690513,1.9082350604403893,0.362717528871338,0.3537414965986394,0.05043702044545438,21,21,0.24274267487585835,NS
ENSSSCG00000027166,0.5949514541688765,0.7018432966632483,0.10689184249437178,-0.015873015873015817,0.9397062839174498,21,21,0.9783494422867809,NS
ENSSSCG00000009319,3.4700784922288372,1.8309312555880286,-1.6391472366408086,-0.3786848072562359,0.03680447117105262,21,21,0.21234539296334817,NS
ENSSSCG00000004473,0.7313772336264561,0.6411854540047393,-0.09019177962171687,-0.15192743764172345,0.40485649636469323,21,21,0.664517472366019,NS
ENSSSCG00000016945,1.3137090654454695,0.6814203625457745,-0.632288702899695,-0.308390022675737,0.0884145410074606,21,21,0.31194620610365387,NS
ENSSSCG00000029183,2.8265148970460605,3.942163755439194,1.1156488583931337,0.3038548752834467,0.09434215950868445,21,21,0.32054839734005713,NS
ENSSSCG00000011767,2.4017326556966365,2.769162978205904,0.36743032250926744,0.1428571428571429,0.43549215491585636,21,21,0.6880757384611778,NS
ENSSSCG00000009628,0.40523690288639086,0.11234352380526735,-0.2928933790811235,-0.4467120181405895,0.004767866570583392,21,21,0.08343642398977885,NS
ENSSSCG00000016986,2.060891422458692,0.9121066484172492,-1.1487847740414425,-0.32199546485260777,0.07613735945032754,21,21,0.2919520882220497,NS
ENSSSCG00000040408,1.4980907229091514,1.6063799157842162,0.10828919287506489,0.09297052154195007,0.6124970927936086,21,21,0.8157225327032747,NS
ENSSSCG00000022147,2.821393082427958,1.9827151073979574,-0.8386779750300004,-0.17460317460317465,0.33911360013116165,21,21,0.6008056035381634,NS
ENSSSCG00000021205,3.004138662456947,2.1467408119001887,-0.8573978505567581,-0.3786848072562359,0.03680447117105262,21,21,0.21234539296334817,NS
ENSSSCG00000015077,1.4840288052749355,1.3233827825907671,-0.1606460226841684,-0.12698412698412698,0.4861443408140832,21,21,0.7291102269314846,NS
ENSSSCG00000033390,3.213316176568274,2.183313418744957,-1.030002757823317,-0.39682539682539675,0.028629607311712907,21,21,0.18957442679377465,NS
ENSSSCG00000006312,1.2442373538274045,0.9548693661311842,-0.2893679876962203,-0.061224489795918435,0.7407342636797172,21,21,0.8907689783709924,NS
ENSSSCG00000030289,1.6811952605674723,0.24361896554897125,-1.437576295018501,-0.7414965986394557,3.5121760025845385e-05,21,21,0.010475446685969536,Down (PA<IVF)
ENSSSCG00000016768,0.6536648297528466,0.36162062857428295,-0.2920442011785636,-0.23582766439909286,0.15093029371761277,21,21,0.401864822689913,NS
ENSSSCG00000027506,3.76283500816609,2.8414109914403474,-0.9214240167257426,-0.30612244897959173,0.09190475432879934,21,21,0.3146040991494828,NS
ENSSSCG00000004614,2.7309491672705057,3.1898994524628925,0.4589502851923868,0.13832199546485258,0.4504456875848739,21,21,0.6984759079638868,NS
ENSSSCG00000001709,2.3854623394777086,0.8883010558484453,-1.4971612836292634,-0.4693877551020409,0.009556930417867461,21,21,0.1161780757609714,NS
ENSSSCG00000001837,2.1600219580913813,1.5301163028949094,-0.6299056551964719,-0.19047619047619047,0.29648283731478475,21,21,0.5654357142005625,NS
ENSSSCG00000010396,0.7136267722530784,0.7812571976848314,0.06763042543175302,-0.2335600907029478,0.19849070039669336,21,21,0.4574984559108449,NS
ENSSSCG00000002034,0.9926988255079389,0.6156124362527664,-0.37708638925517246,-0.26530612244897966,0.14259961696649998,21,21,0.3936552806399154,NS
ENSSSCG00000005582,0.5150240644959536,0.40280218295576975,-0.11222188154018387,-0.3650793650793651,0.042291478867449835,21,21,0.22642074212794946,NS
ENSSSCG00000023761,1.9820138623937522,1.560992853225271,-0.4210210091684812,-0.19727891156462585,0.2793872631916571,21,21,0.5446243796584893,NS
ENSSSCG00000036028,3.7937979999325373,5.053973473015939,1.260175473083402,0.5374149659863945,0.0029937656086337344,21,21,0.0710630867654928,NS
ENSSSCG00000029790,1.6955852224869674,2.188265391989431,0.4926801695024636,0.1428571428571429,0.43549215491585636,21,21,0.6880757384611778,NS
ENSSSCG00000014247,2.690594014356054,3.3897736913894954,0.6991796770334413,0.20181405895691606,0.2683576760316526,21,21,0.5349996098742043,NS
ENSSSCG00000010688,3.427187975873831,3.8002702788005385,0.3730823029267074,0.10657596371882083,0.5628712368271559,21,21,0.7833833809361512,NS
ENSSSCG00000015882,0.5789178337393013,0.23193435615761246,-0.3469834775816888,-0.3038548752834467,0.08139103531988306,21,21,0.3023991346304046,NS
ENSSSCG00000011199,1.7575080784508692,2.2000681286399364,0.4425600501890672,0.15192743764172334,0.4060793269428138,21,21,0.664517472366019,NS
ENSSSCG00000003712,3.4973948255721994,1.8204387006646403,-1.676956124907559,-0.5510204081632653,0.002335757906125647,21,21,0.06320013387432472,NS
ENSSSCG00000009430,4.100371493905378,2.954874869583011,-1.1454966243223668,-0.3877551020408163,0.032497438559346836,21,21,0.20315497363626772,NS
ENSSSCG00000039562,3.018954421032733,2.2389504092201142,-0.7800040118126188,-0.256235827664399,0.15891754968522953,21,21,0.4089176259717459,NS
ENSSSCG00000008237,0.7578683545309549,0.6022425208113772,-0.15562583371957772,0.020408163265306145,0.9198368205726829,21,21,0.9725908472022055,NS
ENSSSCG00000004908,1.1250378611114324,0.3765068859365772,-0.7485309751748552,-0.4988662131519275,0.005807300167099993,21,21,0.09243667292626241,NS
ENSSSCG00000009818,2.0024402642996764,1.3604257902290204,-0.6420144740706559,-0.23809523809523814,0.1908219317119737,21,21,0.44742370252398683,NS
ENSSSCG00000014887,2.6560415165637323,1.9577807681227772,-0.6982607484409551,-0.12925170068027203,0.48120815818423346,21,21,0.7223387232262236,NS
ENSSSCG00000008372,2.1243248079424832,1.6618858831476924,-0.4624389247947909,-0.19727891156462585,0.2793872631916571,21,21,0.5446243796584893,NS
ENSSSCG00000040220,3.5707010835327293,2.859735260868036,-0.7109658226646931,-0.12471655328798192,0.4970079892453181,21,21,0.7336937392345346,NS
ENSSSCG00000016125,1.5761694410777631,1.3215279369335295,-0.2546415041442336,-0.1383219954648527,0.4503722714184736,21,21,0.6984759079638868,NS
ENSSSCG00000016824,1.312195254529127,0.527815114683927,-0.7843801398452002,-0.3786848072562359,0.029625357065074406,21,21,0.19466470255403295,NS
ENSSSCG00000017509,0.4131440984018705,0.5755235041129247,0.16237940571105425,0.08163265306122447,0.6255163959124089,21,21,0.8251293316812793,NS
ENSSSCG00000005477,2.837310043100859,1.453635685811302,-1.383674357289557,-0.37414965986394555,0.03910264642994955,21,21,0.21879553233212654,NS
ENSSSCG00000016717,2.4286938349958325,1.7709365332431608,-0.6577573017526717,-0.2108843537414966,0.24712872933711605,21,21,0.5117165520743475,NS
ENSSSCG00000037077,0.9976047785543083,1.0627990979278907,0.06519431937358244,0.024943310657596363,0.8980195707971964,21,21,0.965040287671819,NS
ENSSSCG00000003716,2.1399155618590817,1.5811983923007709,-0.5587171695583109,-0.28344671201814053,0.11882628003580122,21,21,0.3593522290120254,NS
ENSSSCG00000022288,2.41466001618445,2.7424831888646914,0.32782317268024164,0.13832199546485258,0.4504456875848739,21,21,0.6984759079638868,NS
ENSSSCG00000033912,3.0515856251257096,1.9177574962840596,-1.13382812884165,-0.33333333333333326,0.06630309624589313,21,21,0.2723588264951059,NS
ENSSSCG00000014291,3.1907820162514815,1.7208898427746133,-1.4698921734768682,-0.4920634920634921,0.006591245565612268,21,21,0.09765862760280812,NS
ENSSSCG00000011036,4.014786262481761,2.150861160444358,-1.8639251020374026,-0.5510204081632653,0.002335757906125647,21,21,0.06320013387432472,NS
ENSSSCG00000008787,1.6311406474104184,0.5832352315382436,-1.0479054158721748,-0.4671201814058956,0.009673591466856379,21,21,0.1164225218642715,NS
ENSSSCG00000008535,2.7022709055007548,3.119684884253825,0.4174139787530704,0.10657596371882083,0.5628712368271559,21,21,0.7833833809361512,NS
ENSSSCG00000005786,1.2059798379775661,0.8957163200358309,-0.31026351794173523,-0.19727891156462585,0.2782941160567475,21,21,0.5446243796584893,NS
ENSSSCG00000036499,2.302832114423192,1.127366573869546,-1.1754655405536458,-0.3605442176870748,0.04687985988252534,21,21,0.2350491979746632,NS
ENSSSCG00000010690,2.8342517025961746,2.0936327402390282,-0.7406189623571464,-0.1768707482993197,0.33277712903296497,21,21,0.6002699906341289,NS
ENSSSCG00000010638,1.3111595196037011,1.2430180990214441,-0.06814142058225703,-0.049886621315192725,0.7913864793433354,21,21,0.9193218203428043,NS
ENSSSCG00000025182,2.9088870618175595,1.4720037248645343,-1.4368833369530252,-0.39682539682539675,0.028629607311712907,21,21,0.18957442679377465,NS
ENSSSCG00000017756,2.125960004948544,1.9386219103418163,-0.18733809460672757,-0.1201814058956916,0.5130800796227113,21,21,0.7460214807570579,NS
ENSSSCG00000006366,0.7229233059524511,0.7100751465785877,-0.01284815937386341,0.013605442176870763,0.9489051264287317,21,21,0.9857774191208913,NS
ENSSSCG00000025598,3.286216758978268,3.6599183378407205,0.3737015788624527,0.1428571428571429,0.43549215491585636,21,21,0.6880757384611778,NS
ENSSSCG00000012148,1.2255878463183016,0.7701166047296111,-0.45547124158869057,-0.3265306122448979,0.0716727184662674,21,21,0.2832228391005728,NS
ENSSSCG00000001164,2.050488597435135,0.8881482778155442,-1.1623403196195907,-0.4467120181405895,0.01367602563250736,21,21,0.1343665870929123,NS
ENSSSCG00000015791,2.7388380230738862,2.860195614475659,0.1213575914017726,-0.0793650793650793,0.6688572405683397,21,21,0.8447545916162275,NS
ENSSSCG00000034942,1.566172944990147,1.733618513216472,0.16744556822632517,0.07029478458049887,0.7059124851909175,21,21,0.8691022220107433,NS
ENSSSCG00000026665,3.519088446833971,3.0957676739352116,-0.4233207728987596,-0.1383219954648527,0.4504456875848739,21,21,0.6984759079638868,NS
ENSSSCG00000014329,3.856634272128068,3.490407142749408,-0.3662271293786601,-0.18140589569161003,0.3203728397848544,21,21,0.5882649038876074,NS
ENSSSCG00000004730,2.8127886190138285,3.2370031525938563,0.4242145335800278,0.06575963718820865,0.7246923023385743,21,21,0.8813087398839223,NS
ENSSSCG00000028620,3.2899931455567315,2.1042377350356936,-1.185755410521038,-0.4467120181405895,0.013691289267922114,21,21,0.1343665870929123,NS
ENSSSCG00000010719,0.8749716069760061,0.6238305388740718,-0.25114106810193426,-0.08390022675736963,0.6393848657189356,21,21,0.8320092618859216,NS
ENSSSCG00000002746,0.9039022570910704,0.37114662566197465,-0.5327556314290958,-0.2925170068027212,0.0910449685807317,21,21,0.3146040991494828,NS
ENSSSCG00000004725,3.1053661862949933,2.6559737414882343,-0.449392444806759,-0.2517006802721089,0.16649147398308384,21,21,0.41913082991704775,NS
ENSSSCG00000012698,2.14084420267908,1.30458489004881,-0.8362593126302702,-0.2290249433106577,0.2082843961553026,21,21,0.46888391299875337,NS
ENSSSCG00000029967,1.4781429319610853,1.5210830354290252,0.04294010346793997,-0.0022675736961450532,1.0,21,21,1.0,NS
ENSSSCG00000005068,0.8399031774714987,1.3833787580345975,0.5434755805630989,0.17460317460317465,0.33344853903158267,21,21,0.6008056035381634,NS
ENSSSCG00000035715,0.8212702683236914,0.6965639960261004,-0.12470627229759101,-0.13378684807256236,0.45527265047154,21,21,0.7046864580854613,NS
ENSSSCG00000023307,1.7333085690706125,1.051126218086564,-0.6821823509840486,-0.383219954648526,0.03456443306999665,21,21,0.2067186606092017,NS
ENSSSCG00000011791,2.511933060950718,2.2374705739283334,-0.27446248702238485,-0.11111111111111116,0.545952927901969,21,21,0.7703997318854171,NS
ENSSSCG00000036924,2.1831129426128406,1.4560128009474138,-0.7271001416654268,-0.2970521541950113,0.10153716275883096,21,21,0.3332759242401978,NS
ENSSSCG00000014600,1.9534234230563259,1.0511662887310833,-0.9022571343252426,-0.30612244897959173,0.09032436587303416,21,21,0.3146040991494828,NS
ENSSSCG00000028748,3.6015151426966865,3.145058719098258,-0.45645642359842853,-0.0793650793650793,0.6689077174430536,21,21,0.8447545916162275,NS
ENSSSCG00000037803,0.7534265858410323,0.9172484549154044,0.16382186907437213,0.01814058956916098,0.9298124690724837,21,21,0.9783494422867809,NS
ENSSSCG00000039327,3.133069140616027,2.771958452899591,-0.3611106877164363,-0.08616780045351469,0.6416449986927135,21,21,0.8328637069123963,NS
ENSSSCG00000010866,2.317386505610826,1.655075658147628,-0.662310847463198,-0.2108843537414966,0.24701377003522285,21,21,0.5117165520743475,NS
ENSSSCG00000026064,0.4097041059662915,0.6943908538000463,0.2846867478337548,0.17006802721088432,0.33224260828700236,21,21,0.600101182951247,NS
ENSSSCG00000028759,3.9239485470462525,3.544269207705033,-0.37967933934121945,-0.06575963718820854,0.7247030031611088,21,21,0.8813087398839223,NS
ENSSSCG00000005350,1.964762479105028,1.698723692069767,-0.26603878703526096,-0.024943310657596474,0.8998909623361547,21,21,0.965040287671819,NS
ENSSSCG00000040603,2.8852658481292353,1.9965494171507996,-0.8887164309784357,-0.22675736961451243,0.21303634379254555,21,21,0.4769677932169917,NS
ENSSSCG00000010863,4.465838384122261,3.1566893981132553,-1.3091489860090055,-0.48752834467120176,0.007109649063322586,21,21,0.09940098455645346,NS
ENSSSCG00000023332,0.7188676236926532,0.41597811316085415,-0.3028895105317991,-0.28798185941043086,0.08304067774304617,21,21,0.3033328271125116,NS
ENSSSCG00000029380,1.3479462479090043,0.5780074214421148,-0.7699388264668895,-0.40816326530612246,0.024300069363702777,21,21,0.17640050352910167,NS
ENSSSCG00000013178,0.42164350908314896,0.28219124593483896,-0.13945226314831,-0.14965986394557818,0.3943908930164285,21,21,0.6565206323932782,NS
ENSSSCG00000010644,3.194441173850597,2.384966873171188,-0.8094743006794087,-0.15192743764172345,0.4064599583160081,21,21,0.664517472366019,NS
ENSSSCG00000010211,4.037827163981785,3.646140658438389,-0.39168650554339557,-0.18367346938775508,0.3143051330541584,21,21,0.5805420605146814,NS
ENSSSCG00000038399,0.7078081631875834,0.5943959289070433,-0.11341223428054015,-0.1882086167800454,0.2886756323838393,21,21,0.5572357098576629,NS
ENSSSCG00000026177,2.095731213071479,1.8202213136107466,-0.27550989946073234,-0.1360544217687074,0.45801196555588264,21,21,0.7071712995078449,NS
ENSSSCG00000005063,4.031531501720377,3.9912381022152914,-0.040293399505086036,-0.006802721088435382,0.9799307399921785,21,21,0.9954575561004508,NS
ENSSSCG00000004979,2.4251674327796993,0.6018978940230844,-1.823269538756615,-0.7052154195011338,9.653505748101829e-05,21,21,0.015767392721899653,Down (PA<IVF)
ENSSSCG00000039889,3.0737919247793135,3.110745916825071,0.036953992045757555,0.015873015873015928,0.9398429773571263,21,21,0.9783494422867809,NS
ENSSSCG00000028201,2.369391043058473,2.1536408252644783,-0.21575021779399473,-0.0975056689342404,0.597311573194272,21,21,0.8062920726419195,NS
ENSSSCG00000000199,3.0745177529912477,1.7118390607758305,-1.3626786922154173,-0.3560090702947847,0.04974528689592373,21,21,0.24014966087687317,NS
ENSSSCG00000004524,0.7696365264698783,0.2725520590885885,-0.49708446738128986,-0.6054421768707483,0.0006516574207565912,21,21,0.0411432311026537,NS
ENSSSCG00000014336,0.581509162754372,0.6209656114574059,0.039456448703033886,-0.05215419501133778,0.7779743823810358,21,21,0.9109394814543041,NS
ENSSSCG00000036115,3.6856079067437157,1.916851059418571,-1.7687568473251447,-0.473922902494331,0.00888876449934741,21,21,0.1127333823513184,NS
ENSSSCG00000005286,2.281794280640849,1.8121224720317801,-0.46967180860906876,-0.2290249433106577,0.2084503600062816,21,21,0.46888391299875337,NS
ENSSSCG00000027646,2.115138327545487,1.2070371251774201,-0.908101202368067,-0.346938775510204,0.05585744907235372,21,21,0.2527717816851408,NS
ENSSSCG00000038076,0.3566228911997574,0.6115856342484944,0.25496274304873706,0.12471655328798181,0.49490296221528673,21,21,0.7336937392345346,NS
ENSSSCG00000023955,2.202665523725789,2.0065091728101954,-0.1961563509155937,-0.1020408163265305,0.5799715449870863,21,21,0.794449839978317,NS
ENSSSCG00000009166,2.726202818537967,3.1630948926092466,0.4368920740712796,0.17460317460317465,0.33911360013116165,21,21,0.6008056035381634,NS
ENSSSCG00000007669,0.2282328955513162,0.2728326428087705,0.0445997472574543,-0.024943310657596474,0.8891008360412462,21,21,0.965040287671819,NS
ENSSSCG00000004795,0.2776312673995982,0.36677386504295934,0.08914259764336113,-0.4512471655328798,0.008946777236688392,21,21,0.1127333823513184,NS
ENSSSCG00000006520,0.9672291469456203,0.5576549549187697,-0.40957419202685064,-0.22448979591836737,0.18764491463426292,21,21,0.4463398454892662,NS
ENSSSCG00000022945,2.209870583268244,3.5041731015921793,1.2943025183239354,0.36734693877551017,0.0427793347567114,21,21,0.22820080593393485,NS
ENSSSCG00000022708,2.6057440796730775,1.8640526246635032,-0.7416914550095743,-0.31065759637188206,0.08715676491040764,21,21,0.3091496418228523,NS
ENSSSCG00000015602,0.904007144516977,0.7965846927263298,-0.10742245179064713,-0.17006802721088432,0.349622958897139,21,21,0.6139228892038759,NS
ENSSSCG00000002704,2.196233015308198,1.6316981114116988,-0.5645349038964993,-0.17460317460317465,0.33911360013116165,21,21,0.6008056035381634,NS
ENSSSCG00000009779,3.44575734005256,2.9735875950053856,-0.47216974504717424,-0.0975056689342404,0.597311573194272,21,21,0.8062920726419195,NS
ENSSSCG00000025768,3.2276852068259747,4.157820625603575,0.9301354187776005,0.3424036281179138,0.059203310186616454,21,21,0.25790327958396714,NS
ENSSSCG00000015044,3.2460775420388837,2.117317725763298,-1.1287598162755859,-0.3378684807256236,0.06267010552721387,21,21,0.26545427392262594,NS
ENSSSCG00000006099,3.3552203830436933,3.312186079769533,-0.04303430327416047,-0.05668934240362811,0.7627520182258121,21,21,0.9015297803289233,NS
ENSSSCG00000004875,2.5625058744325715,2.253785048341088,-0.3087208260914833,-0.1428571428571428,0.43549215491585636,21,21,0.6880757384611778,NS
ENSSSCG00000017592,2.7443502418300625,2.068234037453834,-0.6761162043762283,-0.2925170068027212,0.10740497958129895,21,21,0.34142639477651104,NS
ENSSSCG00000004983,3.077822979632417,2.2714606602239615,-0.8063623194084553,-0.20634920634920628,0.25763094153482324,21,21,0.523503631199315,NS
ENSSSCG00000003583,1.2815950543460741,0.48953458948915485,-0.7920604648569193,-0.3605442176870748,0.03973882075174642,21,21,0.22109352015975706,NS
ENSSSCG00000010541,1.8299113230833572,1.7165227292628469,-0.11338859382051036,0.0975056689342404,0.597311573194272,21,21,0.8062920726419195,NS
ENSSSCG00000040920,1.3862553704056448,0.8957503009734884,-0.49050506943215644,-0.32199546485260777,0.07603029723094056,21,21,0.2919520882220497,NS
ENSSSCG00000009039,0.7084310263461668,0.14243217094363572,-0.5659988554025311,-0.48299319727891166,0.004368198878863263,21,21,0.08012257836631546,NS
ENSSSCG00000010682,1.2377712132638468,0.9454413870037186,-0.29232982626012816,-0.038548752834467015,0.8386511138772481,21,21,0.9396794525202588,NS
ENSSSCG00000037571,3.2011413519876375,4.249395403105098,1.04825405111746,0.41950113378684806,0.020649731723361393,21,21,0.162637381885487,NS
ENSSSCG00000000475,2.283556778952276,1.185393066400034,-1.0981637125522419,-0.3605442176870748,0.04582122143123108,21,21,0.23457729777480987,NS
ENSSSCG00000039714,1.7783101618083614,1.553260073450757,-0.22505008835760454,-0.15192743764172345,0.4064599583160081,21,21,0.664517472366019,NS
ENSSSCG00000010721,0.3122087387434623,0.4564728285922244,0.1442640898487621,0.05668934240362811,0.7340257817540699,21,21,0.8882254648150515,NS
ENSSSCG00000034017,3.4627454284981134,2.31810410689012,-1.1446413216079936,-0.30612244897959173,0.09190475432879934,21,21,0.3146040991494828,NS
ENSSSCG00000030113,1.1645351311502021,0.40781990194684437,-0.7567152292033578,-0.21541950113378694,0.2300804671241775,21,21,0.4957135692436739,NS
ENSSSCG00000035730,0.3370264646852037,0.3411795509996002,0.004153086314396481,0.0022675736961451642,1.0,21,21,1.0,NS
ENSSSCG00000009851,0.6678525280986893,0.6154367073940895,-0.052415820704599825,-0.18140589569161003,0.31130297133441676,21,21,0.5805420605146814,NS
ENSSSCG00000011235,1.9398130147913735,1.2713064395479368,-0.6685065752434367,-0.3242630385487528,0.07407822469958929,21,21,0.287638363555999,NS
ENSSSCG00000022534,3.023958201285132,2.890518019437759,-0.13344018184737294,0.0022675736961451642,1.0,21,21,1.0,NS
ENSSSCG00000005092,1.3068692235394248,1.2813171598307151,-0.02555206370870966,-0.17006802721088432,0.3512925700719107,21,21,0.6139228892038759,NS
ENSSSCG00000005096,4.387886650559297,2.9879598266293894,-1.3999268239299076,-0.47845804988662133,0.008257570114301203,21,21,0.10793689964824967,NS
ENSSSCG00000007878,2.9131044720821313,0.7134692419654589,-2.199635230116672,-0.7097505668934241,8.641094079613408e-05,21,21,0.015767392721899653,Down (PA<IVF)
ENSSSCG00000022442,1.674606959923059,1.041607164536217,-0.632999795386842,-0.32199546485260777,0.07515023537202249,21,21,0.29043978290257705,NS
ENSSSCG00000014364,0.6050482091536022,1.0209001643917213,0.415851955238119,0.3424036281179138,0.058843392435883476,21,21,0.25790327958396714,NS
ENSSSCG00000005166,3.130874751124633,3.2584878026073176,0.12761305148268454,0.05215419501133789,0.7820003799248392,21,21,0.9109394814543041,NS
ENSSSCG00000008168,1.9435790232984718,2.1350715887179468,0.191492565419475,0.07482993197278909,0.6873220903878915,21,21,0.8572780981928975,NS
ENSSSCG00000032490,2.3752878272179836,0.9690939600274682,-1.4061938671905154,-0.46485260770975056,0.01029127938830835,21,21,0.11890408570106216,NS
ENSSSCG00000015840,0.6598738843872484,0.6414920039090246,-0.018381880478223755,-0.06575963718820854,0.7244887494967789,21,21,0.8813087398839223,NS
ENSSSCG00000010994,0.47933238621356444,0.12821122008502917,-0.3511211661285353,-0.4625850340136055,0.0023400632659006525,21,21,0.06320013387432472,NS
ENSSSCG00000022175,2.489942807795548,1.9364582197549602,-0.5534845880405876,-0.21541950113378694,0.2370788366276667,21,21,0.49934320517832165,NS
ENSSSCG00000031572,3.786192424228884,2.5101468725957394,-1.2760455516331444,-0.24263038548752824,0.18244838844550215,21,21,0.4396192289203178,NS
ENSSSCG00000000545,1.0318194520364632,1.7369024391461152,0.705082987109652,0.32879818594104304,0.06874623348215554,21,21,0.27842598868122526,NS
ENSSSCG00000024384,0.49147016087731915,0.5743738564858143,0.08290369560849514,0.14739229024943312,0.4017057648749994,21,21,0.664517472366019,NS
ENSSSCG00000004330,1.1617738940122115,0.3433281225211595,-0.818445771491052,-0.4444444444444444,0.010617422605513484,21,21,0.12111986001817435,NS
ENSSSCG00000002622,1.6848790847269033,1.4537790114103688,-0.23110007331653448,-0.06349206349206349,0.7337924510869359,21,21,0.8882254648150515,NS
ENSSSCG00000026571,3.3540190459792476,1.4996731440335642,-1.8543459019456834,-0.45578231292517013,0.011883872063715774,21,21,0.12484435276736633,NS
ENSSSCG00000024484,1.4903790562409738,1.0058490340093673,-0.48453002223160646,-0.21315192743764166,0.24143634773909928,21,21,0.5071965106770268,NS
ENSSSCG00000039952,0.8978218955870618,0.21341636327181202,-0.6844055323152498,-0.45578231292517013,0.010033640874311866,21,21,0.11846949466054973,NS
ENSSSCG00000003643,1.3937559048555324,1.0342132600161391,-0.35954264483939324,-0.23809523809523814,0.1902102551048095,21,21,0.44742370252398683,NS
ENSSSCG00000010295,1.9989075668714158,0.825546005637821,-1.1733615612335948,-0.4512471655328798,0.011742580433798838,21,21,0.12484435276736633,NS
ENSSSCG00000001868,2.246595072839431,1.4164271427097375,-0.8301679301296936,-0.2993197278911566,0.09940034070235092,21,21,0.3295729034403709,NS
ENSSSCG00000023599,3.52098208647027,1.9143930138711462,-1.6065890725991239,-0.46031746031746024,0.011062138508318366,21,21,0.12200364978627651,NS
ENSSSCG00000031652,2.4655032645088406,2.337084244686632,-0.12841901982220882,-0.024943310657596474,0.89990710207531,21,21,0.965040287671819,NS
ENSSSCG00000016843,3.4329629785112727,3.3530264734242237,-0.07993650508704908,0.015873015873015928,0.9398429773571263,21,21,0.9783494422867809,NS
ENSSSCG00000007289,1.693654318623987,0.8684948363701329,-0.825159482253854,-0.31065759637188206,0.08670864219521052,21,21,0.3091496418228523,NS
ENSSSCG00000015340,3.5810916150766974,2.421386422842545,-1.1597051922341524,-0.3378684807256236,0.06265946533076083,21,21,0.26545427392262594,NS
ENSSSCG00000010083,1.4761802479804031,2.344733371293995,0.8685531233135917,0.2970521541950113,0.10202324211434627,21,21,0.3332759242401978,NS
ENSSSCG00000026486,1.2843127830210084,0.5197355122302432,-0.7645772707907652,-0.31746031746031744,0.0799789162288192,21,21,0.29967009302945025,NS
ENSSSCG00000022661,3.390349009423307,3.189182439850698,-0.20116656957260926,-0.06575963718820854,0.7247030031611088,21,21,0.8813087398839223,NS
ENSSSCG00000023231,1.8108173084455397,1.0083080987629227,-0.802509209682617,-0.32879818594104315,0.07006242316111398,21,21,0.27842598868122526,NS
ENSSSCG00000003732,1.659301921584583,1.0916849844121244,-0.5676169371724586,-0.2517006802721089,0.1663196910481577,21,21,0.41913082991704775,NS
ENSSSCG00000008538,0.6124022042510402,0.13898691433814028,-0.47341528991289994,-0.3015873015873016,0.05272207342813601,21,21,0.24682112491978944,NS
ENSSSCG00000025854,3.636502827934255,3.3253012198766037,-0.3112016080576514,0.006802721088435382,0.9799307399921785,21,21,0.9954575561004508,NS
ENSSSCG00000004290,2.0027333159971508,1.8102240999940784,-0.19250921600307236,0.05442176870748294,0.7723497206715801,21,21,0.9077127092354017,NS
ENSSSCG00000006543,1.358668260935761,1.6867580552171613,0.3280897942814003,0.15873015873015872,0.3847889711335152,21,21,0.6488711368099398,NS
ENSSSCG00000006191,1.8756878053549557,1.0552836178725886,-0.8204041874823671,-0.16099773242630389,0.3762844729467605,21,21,0.6403962425284595,NS
ENSSSCG00000017735,3.4610620682100235,2.233019332476113,-1.2280427357339105,-0.2517006802721089,0.16649147398308384,21,21,0.41913082991704775,NS
ENSSSCG00000034190,3.054310750704148,3.2592643271441917,0.20495357644004386,0.1655328798185941,0.36514408957445854,21,21,0.6272800312138134,NS
ENSSSCG00000012334,0.24375918008255348,0.7147345028933905,0.470975322810837,0.02947845804988658,0.8602089247197302,21,21,0.9490399532059208,NS
ENSSSCG00000014411,1.7831233408731322,1.5140124559138401,-0.26911088495929203,-0.054421768707483054,0.7722689513213868,21,21,0.9077127092354017,NS
ENSSSCG00000035059,3.3494739100899924,3.167002349024407,-0.1824715610655856,-0.12471655328798192,0.4970079892453181,21,21,0.7336937392345346,NS
ENSSSCG00000014414,3.628290078065999,2.863341117381328,-0.7649489606846709,-0.24263038548752824,0.18244838844550215,21,21,0.4396192289203178,NS
ENSSSCG00000014577,1.6727357234084954,1.3698987079584577,-0.3028370154500377,-0.12471655328798192,0.4963967138101678,21,21,0.7336937392345346,NS
ENSSSCG00000006032,2.3587853503944136,2.0327700468271828,-0.32601530356723085,-0.11111111111111116,0.5460180023945915,21,21,0.7703997318854171,NS
ENSSSCG00000010594,1.443778621405427,1.1462142462054175,-0.29756437520000945,-0.21541950113378694,0.2370788366276667,21,21,0.49934320517832165,NS
ENSSSCG00000008753,3.378545252306913,2.832613185604848,-0.5459320667020648,-0.1383219954648527,0.4504456875848739,21,21,0.6984759079638868,NS
ENSSSCG00000039876,2.2711453810384907,1.8217499649052062,-0.4493954161332845,-0.1020408163265305,0.5799101311411211,21,21,0.794449839978317,NS
ENSSSCG00000016659,0.7815162358219071,0.40654510217630097,-0.37497113364560614,-0.26530612244897966,0.13859640790419214,21,21,0.3874373912888175,NS
ENSSSCG00000003863,1.3845364706568932,0.4457812644342809,-0.9387552062226123,-0.43310657596371893,0.016702527178848302,21,21,0.1460154885656336,NS
ENSSSCG00000012250,4.890948010646465,3.6021894258686395,-1.2887585847778253,-0.4285714285714286,0.018047625262461266,21,21,0.14934464330577116,NS
ENSSSCG00000010313,0.4629920307286263,0.4690912504745098,0.006099219745883455,-0.1020408163265305,0.5765534337999284,21,21,0.794449839978317,NS
ENSSSCG00000021075,2.0321776899271917,1.935344277958394,-0.09683341196879769,-0.006802721088435382,0.9799274874348569,21,21,0.9954575561004508,NS
ENSSSCG00000001701,2.7002992063309486,2.9987858822652,0.29848667593425127,0.09297052154195007,0.6148835592723955,21,21,0.8157225327032747,NS
ENSSSCG00000008170,0.5904412510201045,0.31871895733287425,-0.2717222936872302,-0.14739229024943312,0.4185576178041879,21,21,0.6751374148904354,NS
ENSSSCG00000005021,1.8940114491390367,1.0105359359938142,-0.8834755131452225,-0.41496598639455784,0.02142648687572297,21,21,0.16627341625278233,NS
ENSSSCG00000015692,2.858411414640204,2.3207967687256836,-0.5376146459145206,-0.19727891156462585,0.2793872631916571,21,21,0.5446243796584893,NS
ENSSSCG00000020711,1.555448633507841,1.0510614807783756,-0.5043871527294654,-0.23582766439909286,0.19450678716203318,21,21,0.45368917168049533,NS
ENSSSCG00000015424,1.9784471252282176,1.3801218514545366,-0.598325273773681,-0.22222222222222232,0.2222572018711837,21,21,0.4871196181585687,NS
ENSSSCG00000008640,1.9849169819305283,2.389091537237542,0.40417455530701374,0.07936507936507942,0.6689077174430536,21,21,0.8447545916162275,NS
ENSSSCG00000011425,0.9194113614837349,0.8546448162168611,-0.06476654526687387,-0.10430839002267578,0.5713753669322154,21,21,0.7916855215421122,NS
ENSSSCG00000011642,0.6154379584759839,0.22460863410757165,-0.3908293243684123,-0.31065759637188206,0.06455204447051296,21,21,0.2711739283941941,NS
ENSSSCG00000007284,2.7820154078791592,2.016791746999281,-0.7652236608798781,-0.2517006802721089,0.16649147398308384,21,21,0.41913082991704775,NS
ENSSSCG00000012691,1.8543833102387328,2.914826852126598,1.060443541887865,0.4580498866213152,0.011463128170587342,21,21,0.12383788858303806,NS
ENSSSCG00000028840,2.266787063890302,0.5586271915351254,-1.7081598723551763,-0.6825396825396826,0.00015560368274275101,21,21,0.019061451135986996,Down (PA<IVF)
ENSSSCG00000001638,2.5010593220255295,1.0884343485466332,-1.4126249734788963,-0.5215419501133787,0.0038501494945136394,21,21,0.07622036416155069,NS
ENSSSCG00000031483,1.9450825782565635,1.17285135453052,-0.7722312237260436,-0.383219954648526,0.03459373504072355,21,21,0.2067186606092017,NS
ENSSSCG00000002340,2.7347420023720495,1.4295621745870546,-1.3051798277849949,-0.44217687074829937,0.014682920439987845,21,21,0.1374145078012505,NS
ENSSSCG00000017665,2.023671001095443,0.7829447582924581,-1.2407262428029848,-0.6462585034013606,0.00034730600650748745,21,21,0.029624299139231175,Down (PA<IVF)
ENSSSCG00000015407,2.2280859349042674,2.2742451515996316,0.04615921669536416,0.03401360544217691,0.8602230946114309,21,21,0.9490399532059208,NS
ENSSSCG00000009702,2.0253050628602884,1.381811368756996,-0.6434936941032925,-0.23809523809523814,0.1908219317119737,21,21,0.44742370252398683,NS
ENSSSCG00000016678,0.5874630487212325,0.5542319724069562,-0.03323107631427624,-0.006802721088435382,0.9796281195483413,21,21,0.9954575561004508,NS
ENSSSCG00000037592,1.9414435704030615,1.2843902977420965,-0.657053272660965,-0.28798185941043086,0.11295076462440864,21,21,0.3499967010457579,NS
ENSSSCG00000032967,0.39435745911618597,0.3043933400246316,-0.08996411909155438,-0.29478458049886624,0.08584319743580683,21,21,0.3091496418228523,NS
ENSSSCG00000011127,0.537609986864893,0.9249553946335276,0.3873454077686346,0.13378684807256236,0.4635039433200243,21,21,0.7103857207086134,NS
ENSSSCG00000014081,0.8859959306863042,0.04556539141422439,-0.8404305392720799,-0.6303854875283448,0.00016678281346167948,21,21,0.019726381040467606,NS
ENSSSCG00000005356,0.6001348247080441,0.4281977957787572,-0.17193702892928692,-0.32879818594104315,0.03457521701342617,21,21,0.2067186606092017,NS
ENSSSCG00000021828,3.645550734165734,3.377436099002611,-0.26811463516312317,-0.21541950113378694,0.2370788366276667,21,21,0.49934320517832165,NS
ENSSSCG00000002905,0.4555218635552483,0.1987388822562289,-0.25678298129901944,-0.2925170068027212,0.0699653843409053,21,21,0.27842598868122526,NS
ENSSSCG00000016118,3.7151057923764936,2.6248691419880763,-1.0902366503884173,-0.41950113378684817,0.020649731723361393,21,21,0.162637381885487,NS
ENSSSCG00000004232,2.6254521000887614,2.291822430052877,-0.3336296700358843,0.04308390022675734,0.820889035690062,21,21,0.9318998211511518,NS
ENSSSCG00000025005,1.8521419800871368,1.1052827953716924,-0.7468591847154444,-0.2857142857142858,0.11588158073179879,21,21,0.35552220206625207,NS
ENSSSCG00000013029,1.3723502785349209,1.4913470114865044,0.11899673295158353,0.038548752834467126,0.8404999102503055,21,21,0.9396794525202588,NS
ENSSSCG00000017378,1.5790824112753963,0.5741361481633012,-1.0049462631120951,-0.46485260770975056,0.00978850200058774,21,21,0.1173935729441117,NS
ENSSSCG00000015486,1.1774164697471865,0.4866200642875241,-0.6907964054596625,-0.3650793650793651,0.037298228915253,21,21,0.2142386330299703,NS
ENSSSCG00000035790,0.8876845968795705,0.33071964275886623,-0.5569649541207042,-0.3424036281179139,0.05547522070552194,21,21,0.2527717816851408,NS
ENSSSCG00000040977,0.5721609180243216,0.26252086094386595,-0.3096400570804556,0.13832199546485258,0.4148161698618599,21,21,0.6749617944146961,NS
ENSSSCG00000002429,3.8509509588088453,4.290588394554748,0.4396374357459023,0.3242630385487528,0.07408994000050295,21,21,0.287638363555999,NS
ENSSSCG00000038383,4.0740671551449035,2.717987027086373,-1.3560801280585304,-0.22448979591836737,0.2177133653142379,21,21,0.47992085027495884,NS
ENSSSCG00000024813,1.4571935881727167,0.5514398559874687,-0.905753732185248,-0.4240362811791383,0.018508655644139366,21,21,0.15224146009447967,NS
ENSSSCG00000035666,0.4081215795465283,0.23791086587304586,-0.17021071367348242,-0.217687074829932,0.19666023108712394,21,21,0.4570085315913517,NS
ENSSSCG00000016912,2.228604836430554,1.3078177019610797,-0.9207871344694742,-0.3786848072562359,0.036796839436219905,21,21,0.21234539296334817,NS
ENSSSCG00000004057,3.218401731676726,3.6431633883031056,0.42476165662637966,0.02947845804988658,0.8800274316446192,21,21,0.9581000128681301,NS
ENSSSCG00000010900,2.897685018330892,3.0008630321513707,0.10317801382047875,0.12471655328798181,0.4970079892453181,21,21,0.7336937392345346,NS
ENSSSCG00000040904,3.077863119537394,2.5376645450207853,-0.5401985745166087,-0.20634920634920628,0.25763094153482324,21,21,0.523503631199315,NS
ENSSSCG00000009422,1.853501017668921,1.3973770482924324,-0.4561239693764887,-0.3015873015873016,0.09685836811015376,21,21,0.3231631520724199,NS
ENSSSCG00000007735,2.582129761893186,2.33899463429567,-0.2431351275975162,-0.05668934240362811,0.7627520182258121,21,21,0.9015297803289233,NS
ENSSSCG00000006073,0.916395385977231,0.3129170761800807,-0.6034783097971503,-0.34467120181405897,0.04435785424509953,21,21,0.23070119796920605,NS
ENSSSCG00000031897,2.102225389698828,0.8263546363573407,-1.2758707533414873,-0.44897959183673475,0.012907311158926493,21,21,0.13040376222420583,NS
ENSSSCG00000037920,0.9155709484134301,0.5764046928984374,-0.3391662555149927,-0.19274376417233552,0.29052554883792026,21,21,0.5572357098576629,NS
ENSSSCG00000009334,4.387908825564279,2.6868120369335746,-1.701096788630704,-0.44217687074829937,0.014682920439987845,21,21,0.1374145078012505,NS
ENSSSCG00000031723,1.1770428162814253,0.633935650003747,-0.5431071662776783,-0.32879818594104315,0.06242363480093123,21,21,0.26545427392262594,NS
ENSSSCG00000008517,3.3374658717239862,2.6315107189400067,-0.7059551527839796,-0.20181405895691618,0.2683576760316526,21,21,0.5349996098742043,NS
ENSSSCG00000005020,1.248410542980724,0.7156050610489747,-0.5328054819317493,-0.34013605442176864,0.0600381277606537,21,21,0.26100225376304464,NS
ENSSSCG00000013983,0.7615259510005163,0.7487140600037638,-0.012811890996752506,-0.09297052154195007,0.6095591727172163,21,21,0.8157225327032747,NS
ENSSSCG00000022611,2.52057756991492,2.124996363715147,-0.3955812061997728,-0.16780045351473927,0.3585028000187661,21,21,0.6226149893996799,NS
ENSSSCG00000017317,0.6682457877627067,1.0167992323906065,0.34855344462789983,0.0975056689342404,0.5948382972335354,21,21,0.8062920726419195,NS
ENSSSCG00000038417,1.998592785210551,2.163302311351999,0.16470952614144818,0.015873015873015928,0.9398429773571263,21,21,0.9783494422867809,NS
ENSSSCG00000037732,1.8964307540591696,1.7096123530286476,-0.18681840103052205,-0.09523809523809534,0.6060544765839555,21,21,0.8132890667773738,NS
ENSSSCG00000023665,1.4118652174409019,0.8819027620267949,-0.529962455414107,-0.24489795918367352,0.17818073897638986,21,21,0.4352189632210735,NS
ENSSSCG00000029464,3.7808620477162913,2.7640694157809067,-1.0167926319353846,-0.26984126984126977,0.13775887453894567,21,21,0.3858781529159893,NS
ENSSSCG00000009141,3.1800906245219744,2.395234960055426,-0.7848556644665483,-0.47845804988662133,0.008257570114301203,21,21,0.10793689964824967,NS
ENSSSCG00000010699,1.8598092056631523,2.2936908225242982,0.4338816168611459,0.1201814058956916,0.5130800796227113,21,21,0.7460214807570579,NS
ENSSSCG00000005478,1.1081744668537052,0.298507658570916,-0.8096668082827893,-0.45578231292517013,0.01036912729436394,21,21,0.11954993821737249,NS
ENSSSCG00000011438,1.128273514759346,0.3108385010027278,-0.8174350137566181,-0.5464852607709751,0.0017857612786101762,21,21,0.05502388813723013,NS
ENSSSCG00000010428,0.7194468870143124,0.10794959329775967,-0.6114972937165527,-0.30612244897959173,0.05366382161886067,21,21,0.24958224834263334,NS
ENSSSCG00000012621,3.119389126010453,2.3642481377457467,-0.7551409882647064,-0.2108843537414966,0.24720534308664543,21,21,0.5117165520743475,NS
ENSSSCG00000025028,2.632626260385144,2.01034140707597,-0.6222848533091736,-0.18367346938775508,0.3143051330541584,21,21,0.5805420605146814,NS
ENSSSCG00000039950,1.3459196569490606,1.2490580453867322,-0.09686161156232842,-0.07029478458049887,0.7040313859687998,21,21,0.8691022220107433,NS
ENSSSCG00000008641,2.40224708198588,2.260976433621655,-0.14127064836422498,-0.0793650793650793,0.6689077174430536,21,21,0.8447545916162275,NS
ENSSSCG00000010470,4.999938980341471,3.533816007333819,-1.4661229730076522,-0.4013605442176871,0.026849069410328923,21,21,0.18455372360206054,NS
ENSSSCG00000018016,2.2872845917459466,1.9167409855985549,-0.3705436061473917,-0.0975056689342404,0.597311573194272,21,21,0.8062920726419195,NS
ENSSSCG00000008768,3.2644697824208397,2.2727879616416558,-0.991681820779184,-0.3560090702947847,0.04974528689592373,21,21,0.24014966087687317,NS
ENSSSCG00000004544,1.5124412314573943,1.268273552367658,-0.24416767908973624,-0.14739229024943312,0.4206407975109826,21,21,0.6751374148904354,NS
ENSSSCG00000032261,2.9423451897622126,1.9810727679602422,-0.9612724218019704,-0.33333333333333326,0.06630309624589313,21,21,0.2723588264951059,NS
ENSSSCG00000006767,5.786566263499926,5.112668668320153,-0.6738975951797732,-0.39229024943310664,0.0305109151381691,21,21,0.19671511075924816,NS
ENSSSCG00000010513,2.5674253266688476,2.084593806695072,-0.4828315199737756,-0.17006802721088432,0.3519764902680531,21,21,0.6139228892038759,NS
ENSSSCG00000017386,1.2550974858650663,0.7737466305100059,-0.4813508553550604,-0.3310657596371882,0.06807190544272862,21,21,0.2776754167673393,NS
ENSSSCG00000022900,1.9277646668351314,1.3200842476433576,-0.6076804191917737,-0.33333333333333326,0.06629210007834077,21,21,0.2723588264951059,NS
ENSSSCG00000012542,1.4179283075379807,1.14135784206426,-0.27657046547372066,-0.1428571428571428,0.4351198013645786,21,21,0.6880757384611778,NS
ENSSSCG00000016073,0.7254956382953378,0.32597296123044694,-0.39952267706489086,-0.346938775510204,0.046412281569798375,21,21,0.2350491979746632,NS
ENSSSCG00000014943,3.5828946961998116,3.680151413706573,0.09725671750676135,0.0022675736961451642,1.0,21,21,1.0,NS
ENSSSCG00000037583,2.3130410144764544,2.2462242646461568,-0.06681674983029762,-0.02947845804988658,0.8800226074215356,21,21,0.9581000128681301,NS
ENSSSCG00000024563,2.7048764327300026,1.7733913422311736,-0.931485090498829,-0.24263038548752824,0.18244838844550215,21,21,0.4396192289203178,NS
ENSSSCG00000024009,0.1403566750765751,0.31301738587112193,0.17266071079454684,0.17913832199546487,0.2523320352267435,21,21,0.520348425222808,NS
ENSSSCG00000030685,3.160521006448824,2.4028000570931374,-0.7577209493556865,-0.3560090702947847,0.04974528689592373,21,21,0.24014966087687317,NS
ENSSSCG00000038730,3.199450671655442,2.6322928119819258,-0.5671578596735163,-0.2290249433106577,0.2084687951379297,21,21,0.46888391299875337,NS
ENSSSCG00000016877,2.999874900503581,2.244142232811211,-0.7557326676923704,-0.346938775510204,0.05589720011900272,21,21,0.2527717816851408,NS
ENSSSCG00000004364,2.080040178104634,1.7978873449311226,-0.2821528331735115,-0.17006802721088432,0.35189843271642895,21,21,0.6139228892038759,NS
ENSSSCG00000003485,2.270727731779457,2.4590811593692656,0.18835342758980866,0.15192743764172334,0.4064599583160081,21,21,0.664517472366019,NS
ENSSSCG00000028148,2.9347963106025587,1.8476607474194613,-1.0871355631830975,-0.48299319727891166,0.007664367757028096,21,21,0.10556027195516662,NS
ENSSSCG00000004287,2.4965735608511306,3.5581373166575454,1.0615637558064148,0.37414965986394555,0.039126475670169227,21,21,0.21879553233212654,NS
ENSSSCG00000015527,2.533098338968757,1.353105691381037,-1.1799926475877198,-0.39002267573696137,0.031483862091264615,21,21,0.20118654362298347,NS
ENSSSCG00000009959,2.728561600269468,3.9313480189878955,1.2027864187184276,0.33333333333333337,0.06630309624589313,21,21,0.2723588264951059,NS
ENSSSCG00000010669,2.9039258408390043,2.3028940826389133,-0.601031758200091,-0.20634920634920628,0.25763094153482324,21,21,0.523503631199315,NS
ENSSSCG00000007705,3.240889665450675,3.4711593148550173,0.23026964940434214,0.08390022675736963,0.6506903704105349,21,21,0.8344026504702031,NS
ENSSSCG00000032067,1.4964864194562113,1.7139162317258392,0.21742981226962788,0.061224489795918324,0.743548992048439,21,21,0.8907689783709924,NS
ENSSSCG00000007427,1.916665952357724,2.2803623296016164,0.36369637724389237,0.11564625850340138,0.5293520358690783,21,21,0.7578908227272798,NS
ENSSSCG00000033126,2.2807768295419097,2.338694032212403,0.05791720267049305,0.006802721088435382,0.9799307399921785,21,21,0.9954575561004508,NS
ENSSSCG00000029547,2.149465327798952,1.9114478478841483,-0.23801747991480382,-0.0022675736961450532,1.0,21,21,1.0,NS
ENSSSCG00000002755,0.6701487768981877,0.10606508419124451,-0.5640836927069433,-0.8004535147392291,3.3638050096286515e-06,21,21,0.0030109941994472316,NS
ENSSSCG00000004391,1.9801222459054273,1.5699704251156181,-0.41015182078980916,-0.1428571428571428,0.4344477408452442,21,21,0.6880757384611778,NS
ENSSSCG00000003909,3.4116986525472646,3.4507949483974145,0.039096295850149954,0.12925170068027214,0.48120815818423346,21,21,0.7223387232262236,NS
ENSSSCG00000016853,3.5563115853873875,3.3927796254766323,-0.1635319599107552,-0.04761904761904767,0.8013831883084928,21,21,0.9213153463710844,NS
ENSSSCG00000009042,4.0025956015325255,4.5612013580360555,0.5586057565035301,0.12471655328798181,0.4970079892453181,21,21,0.7336937392345346,NS
ENSSSCG00000018029,1.2913989982845973,0.9385329531521863,-0.35286604513241093,-0.06575963718820854,0.7243277307966158,21,21,0.8813087398839223,NS
ENSSSCG00000001571,0.5958089384172233,0.33183206899617296,-0.2639768694210503,-0.30612244897959173,0.08452253212521708,21,21,0.3072732222464172,NS
ENSSSCG00000009658,3.07029595834413,3.214233722121215,0.1439377637770849,-0.0226757369614512,0.9098677007652691,21,21,0.9723776954743334,NS
ENSSSCG00000035992,2.5919687855655877,2.0494074257947723,-0.5425613597708154,-0.17913832199546476,0.32647790350951655,21,21,0.5929529726545689,NS
ENSSSCG00000018049,2.719403364029552,2.271365883384926,-0.4480374806446261,-0.09297052154195007,0.6148835592723955,21,21,0.8157225327032747,NS
ENSSSCG00000032097,2.7189819011656082,3.253959080293789,0.5349771791281808,0.26077097505668934,0.15160731211683598,21,21,0.401864822689913,NS
ENSSSCG00000030697,1.7098692638868551,1.447439355312937,-0.2624299085739181,-0.061224489795918435,0.7436091682859154,21,21,0.8907689783709924,NS
ENSSSCG00000015244,2.771069993230984,2.943116145981937,0.17204615275095314,0.12471655328798181,0.4969382406152195,21,21,0.7336937392345346,NS
ENSSSCG00000003559,1.1914277449748536,1.2985717063147189,0.10714396133986526,-0.015873015873015817,0.9398429773571263,21,21,0.9783494422867809,NS
ENSSSCG00000034859,0.41796743150649734,0.48039431829916496,0.06242688679266761,-0.1383219954648527,0.43987735561177865,21,21,0.6942460948933784,NS
ENSSSCG00000035601,2.6439642446481604,1.857347212495909,-0.7866170321522514,-0.2789115646258504,0.1249066561322159,21,21,0.3688590878463198,NS
ENSSSCG00000014074,1.9325586461517146,1.1810560185032497,-0.7515026276484649,-0.4104308390022675,0.02351670243110578,21,21,0.17258422275325483,NS
ENSSSCG00000026333,2.909969003398877,1.8022364773820359,-1.1077325260168411,-0.43310657596371893,0.01685332118597948,21,21,0.1460154885656336,NS
ENSSSCG00000012270,0.4135625339411086,0.22504342236347621,-0.18851911157763238,-0.18594104308390014,0.28077327799659946,21,21,0.5464126771791978,NS
ENSSSCG00000014076,2.5203300823430324,2.4983756790360294,-0.021954403307002934,0.0113378684807256,0.9598741753513395,21,21,0.9869209896448123,NS
ENSSSCG00000006887,2.944060432982783,2.116122841220004,-0.8279375917627787,-0.28344671201814053,0.11882628003580122,21,21,0.3593522290120254,NS
ENSSSCG00000001871,3.0780564964707535,2.5371675714910293,-0.5408889249797242,-0.17460317460317465,0.33911360013116165,21,21,0.6008056035381634,NS
ENSSSCG00000022073,1.1830595866062323,1.0891891831484175,-0.09387040345781483,-0.03401360544217691,0.8601670126869553,21,21,0.9490399532059208,NS
ENSSSCG00000004106,2.3148409576402087,1.4731014332563779,-0.8417395243838308,-0.383219954648526,0.03459373504072355,21,21,0.2067186606092017,NS
ENSSSCG00000003743,1.1017080099943712,0.7514082407729852,-0.35029976922138606,-0.1882086167800454,0.30126080936104704,21,21,0.5703026187481536,NS
ENSSSCG00000004588,2.4907532759104747,1.268201468900861,-1.2225518070096137,-0.399092970521542,0.02750640157187849,21,21,0.18775513908764818,NS
ENSSSCG00000017025,2.568046946643837,1.7028806179420133,-0.8651663287018236,-0.28344671201814053,0.11882628003580122,21,21,0.3593522290120254,NS
ENSSSCG00000006333,3.0831570893636333,2.6941950586853034,-0.3889620306783299,-0.07029478458049887,0.705923845633216,21,21,0.8691022220107433,NS
ENSSSCG00000009569,1.48129111445456,0.37055742209878617,-1.1107336923557738,-0.5011337868480725,0.004623838577684955,21,21,0.0822639591112725,NS
ENSSSCG00000010360,2.549030931640416,1.82258529753955,-0.726445634100866,-0.32879818594104315,0.07010784129484465,21,21,0.27842598868122526,NS
ENSSSCG00000011446,0.7781911299620468,0.17423613541631522,-0.6039549945457315,-0.5238095238095237,0.003586108498618567,21,21,0.07523151162239564,NS
ENSSSCG00000014283,1.8365952387138904,1.8266019940043252,-0.009993244709565197,-0.020408163265306145,0.9198497691906573,21,21,0.9725908472022055,NS
ENSSSCG00000025830,1.6839268075200178,1.3070704489905132,-0.3768563585295046,-0.18367346938775508,0.31422669522010316,21,21,0.5805420605146814,NS
ENSSSCG00000032284,0.20466316261376769,1.1341738698294637,0.929510707215696,0.2630385487528345,0.1433271240412737,21,21,0.3939827031871146,NS
ENSSSCG00000039591,2.9480322557904435,0.8959630210797818,-2.052069234710662,-0.6462585034013606,0.0003502103084053082,21,21,0.029624299139231175,Down (PA<IVF)
ENSSSCG00000014976,3.977543836435244,2.378067616229232,-1.5994762202060122,-0.5419501133786848,0.002757676109564886,21,21,0.0678052262065058,NS
ENSSSCG00000000700,0.1979587510871436,0.8386737544429433,0.6407150033557998,0.35147392290249435,0.04742395670116869,21,21,0.2366003721042282,NS
ENSSSCG00000017043,2.186498637862129,1.0367976290912444,-1.1497010087708848,-0.37414965986394555,0.039126475670169227,21,21,0.21879553233212654,NS
ENSSSCG00000004393,1.8797876491465606,0.09490651204903193,-1.7848811370975286,-0.7777777777777777,5.263015962126765e-06,21,21,0.004011587722243289,Down (PA<IVF)
ENSSSCG00000007166,0.7856410257656595,0.4378300446505358,-0.3478109811151237,-0.3038548752834467,0.09215205957272914,21,21,0.3149791373537229,NS
ENSSSCG00000009792,2.4288210334990294,1.5359739498874672,-0.8928470836115623,-0.33333333333333326,0.06630309624589313,21,21,0.2723588264951059,NS
ENSSSCG00000039707,3.7917094284320387,3.830880332231203,0.039170903799164325,0.12925170068027214,0.48120815818423346,21,21,0.7223387232262236,NS
ENSSSCG00000037341,0.45957076775706185,0.5309331843154905,0.07136241655842868,-0.1201814058956916,0.4744026417776125,21,21,0.7198412126950723,NS
ENSSSCG00000009369,2.93234153619861,1.5465665539204951,-1.385774982278115,-0.5192743764172336,0.004133963283611035,21,21,0.07727244720864224,NS
ENSSSCG00000013860,0.8550756630638557,0.6930253821845787,-0.1620502808792771,-0.18140589569161003,0.31471889478210724,21,21,0.5809934386989385,NS
ENSSSCG00000010330,0.9327830129965472,0.027355156681432655,-0.9054278563151146,-0.5555555555555556,0.0005515559508049338,21,21,0.03821892750022066,NS
ENSSSCG00000009048,2.6579308696984225,1.8522548485566606,-0.805676021141762,-0.26077097505668934,0.1515907305936452,21,21,0.401864822689913,NS
ENSSSCG00000013397,2.7678833479329827,1.9113004522220896,-0.8565828957108932,-0.43310657596371893,0.01685776486063875,21,21,0.1460154885656336,NS
ENSSSCG00000010502,2.782296779856062,1.2550767573798933,-1.5272200224761687,-0.4240362811791383,0.019305507405182696,21,21,0.15552648422397167,NS
ENSSSCG00000004897,3.4511207588249326,2.419000022637661,-1.0321207361872715,-0.41496598639455784,0.02206934007346684,21,21,0.1674730894955559,NS
ENSSSCG00000040202,2.552558365881763,1.9950940222378097,-0.5574643436439533,-0.18367346938775508,0.3143051330541584,21,21,0.5805420605146814,NS
ENSSSCG00000025806,1.9707272475899837,0.7513018064600504,-1.2194254411299332,-0.46031746031746024,0.010880484359477688,21,21,0.12200364978627651,NS
ENSSSCG00000031881,2.4669539983411535,2.0164921099353488,-0.4504618884058047,-0.3151927437641724,0.08260874319203763,21,21,0.3023991346304046,NS
ENSSSCG00000000382,0.5953090378510194,0.5520434069832217,-0.043265630867797666,-0.0793650793650793,0.6660967829561886,21,21,0.8447545916162275,NS
ENSSSCG00000032626,3.1994755639499806,2.6150467347013957,-0.5844288292485849,-0.16780045351473927,0.3585028000187661,21,21,0.6226149893996799,NS
ENSSSCG00000023738,3.6033743196545758,3.029995818869897,-0.5733785007846786,-0.19727891156462585,0.2793872631916571,21,21,0.5446243796584893,NS
ENSSSCG00000004907,0.33874592966311184,0.33361785035341057,-0.005128079309701272,-0.3197278911564625,0.05091578472058692,21,21,0.24357202453502533,NS
ENSSSCG00000032949,3.6917391774667565,2.450112754491456,-1.2416264229753007,-0.3696145124716552,0.0415884552820841,21,21,0.2244664069512958,NS
ENSSSCG00000007383,1.711020073044824,1.3242950547499264,-0.3867250182948976,-0.14739229024943312,0.4207537970491576,21,21,0.6751374148904354,NS
ENSSSCG00000035771,1.809971017406266,0.9180397283885282,-0.8919312890177378,-0.2789115646258504,0.12306982667582225,21,21,0.36851113531040625,NS
ENSSSCG00000001002,3.0845732761967946,2.0561986459532218,-1.0283746302435728,-0.3786848072562359,0.03680447117105262,21,21,0.21234539296334817,NS
ENSSSCG00000031173,0.44766841967412396,0.2262408302390725,-0.22142758943505148,-0.21541950113378694,0.2106828761297258,21,21,0.4733981428922106,NS
ENSSSCG00000000119,1.190720949883988,0.6928805809757261,-0.4978403689082618,-0.4512471655328798,0.01272307895379618,21,21,0.1298645175359153,NS
ENSSSCG00000015586,1.4213614538209836,1.0171036053952534,-0.4042578484257302,-0.17913832199546476,0.32655631642696226,21,21,0.5929529726545689,NS
ENSSSCG00000004222,0.5076058196402041,0.6788564923160536,0.17125067267584948,0.0022675736961451642,1.0,21,21,1.0,NS
ENSSSCG00000011201,1.8405242010465104,3.3599563563454544,1.519432155298944,0.46031746031746035,0.011062138508318366,21,21,0.12200364978627651,NS
ENSSSCG00000001862,2.2971074803624183,2.586554850039751,0.28944736967733276,-0.0022675736961450532,1.0,21,21,1.0,NS
ENSSSCG00000003806,2.2932374960124813,2.2344746466892795,-0.05876284932320175,-0.024943310657596474,0.8998909623361547,21,21,0.965040287671819,NS
ENSSSCG00000017938,0.6384312063677343,0.5691308468285987,-0.0693003595391356,-0.09977324263038545,0.5779411886867436,21,21,0.794449839978317,NS
ENSSSCG00000031949,0.7199113172000686,0.5115135937277219,-0.20839772347234675,-0.23809523809523814,0.18867631062103085,21,21,0.44742370252398683,NS
ENSSSCG00000007235,2.6392062162888736,2.719640970276273,0.08043475398739952,-0.04761904761904767,0.8013831883084928,21,21,0.9213153463710844,NS
ENSSSCG00000017525,0.7817469115166349,0.2383537422230732,-0.5433931692935616,-0.41496598639455784,0.020141697214881737,21,21,0.1610697219934812,NS
ENSSSCG00000004899,0.8166520636860289,0.39453391345273364,-0.4221181502332953,-0.5374149659863945,0.0022603790529877187,21,21,0.06276668647359508,NS
ENSSSCG00000040657,2.7010703526078617,1.7032689826061276,-0.9978013700017341,-0.2925170068027212,0.10740497958129895,21,21,0.34142639477651104,NS
ENSSSCG00000017058,1.5424800123180524,1.2878446491337507,-0.2546353631843017,-0.04761904761904767,0.8013043542377872,21,21,0.9213153463710844,NS
ENSSSCG00000011961,2.8989449916228116,1.7081570699200923,-1.1907879217027193,-0.3696145124716552,0.0415884552820841,21,21,0.2244664069512958,NS
ENSSSCG00000034630,0.3478105298497681,0.3159575718096992,-0.031852958040068935,-0.20181405895691618,0.24889161959455286,21,21,0.5148964144808904,NS
ENSSSCG00000005273,1.1190831885196761,0.9321404880703982,-0.18694270044927797,-0.1201814058956916,0.5032316635192571,21,21,0.7414452774360188,NS
ENSSSCG00000010741,2.4930968817070447,2.3814955631508075,-0.11160131855623723,-0.015873015873015817,0.9398429773571263,21,21,0.9783494422867809,NS
ENSSSCG00000023680,1.4567449600404043,1.1787516011147325,-0.2779933589256718,-0.006802721088435382,0.9799274874348569,21,21,0.9954575561004508,NS
ENSSSCG00000014173,2.082225744752949,1.7510964435002099,-0.331129301252739,-0.12698412698412698,0.48905610031549984,21,21,0.730602101081082,NS
ENSSSCG00000017273,3.711871729573762,2.783970700735106,-0.9279010288386562,-0.22675736961451243,0.21303634379254555,21,21,0.4769677932169917,NS
ENSSSCG00000010517,1.0835048151178737,1.2441221923150063,0.16061737719713265,0.09977324263038545,0.5815629833869818,21,21,0.795835241578834,NS
ENSSSCG00000034786,2.4028704263964205,2.0166231643057473,-0.38624726209067317,-0.024943310657596474,0.89990710207531,21,21,0.965040287671819,NS
ENSSSCG00000017868,0.7372191351179914,0.46637451562781707,-0.27084461949017435,-0.3560090702947847,0.047717636710729094,21,21,0.2366003721042282,NS
ENSSSCG00000001070,0.8191318544871309,0.35285566620169184,-0.46627618828543904,-0.5555555555555556,0.001494295953268636,21,21,0.0505977886445505,NS
ENSSSCG00000015659,3.2779831199669642,4.060345519605396,0.7823623996384317,0.2789115646258503,0.1249066561322159,21,21,0.3688590878463198,NS
ENSSSCG00000009674,1.7135999251701701,1.6355514552658954,-0.07804846990427472,-0.05668934240362811,0.7627147144382511,21,21,0.9015297803289233,NS
ENSSSCG00000032216,1.6638557917524337,0.7274756061293176,-0.9363801856231161,-0.42630385487528355,0.018269637472904634,21,21,0.15081794592554246,NS
ENSSSCG00000024132,2.0955139036697594,1.871438435668705,-0.22407546800105438,-0.05215419501133778,0.7820003799248392,21,21,0.9109394814543041,NS
ENSSSCG00000017360,0.7437893142196614,0.5578696395914235,-0.18591967462823789,-0.20861678004535156,0.24682975384406058,21,21,0.5117165520743475,NS
ENSSSCG00000035432,1.126971870637109,0.7299742153273843,-0.39699765530972475,-0.1882086167800454,0.299107086874593,21,21,0.5699651710999188,NS
ENSSSCG00000034501,1.583055230125288,1.7014383627136316,0.11838313258834354,0.05668934240362811,0.7627147144382511,21,21,0.9015297803289233,NS
ENSSSCG00000025592,2.375021055716404,1.6226632484324979,-0.7523578072839063,-0.3424036281179139,0.059193022830101784,21,21,0.25790327958396714,NS
ENSSSCG00000012440,0.6116572800220524,1.0143698382420376,0.4027125582199852,0.020408163265306145,0.9194585590850574,21,21,0.9725908472022055,NS
ENSSSCG00000002035,2.965291522754984,2.217116576456431,-0.748174946298553,-0.22448979591836737,0.2177133653142379,21,21,0.47992085027495884,NS
ENSSSCG00000011551,3.486241121697138,3.2098661813753027,-0.2763749403218352,-0.04308390022675734,0.820889035690062,21,21,0.9318998211511518,NS
ENSSSCG00000034624,3.1893930711212612,2.4848291096660704,-0.7045639614551908,-0.14739229024943312,0.4208290941795192,21,21,0.6751374148904354,NS
ENSSSCG00000014204,4.037149355476667,3.9019609911651294,-0.1351883643115377,-0.01133786848072571,0.9598741753513395,21,21,0.9869209896448123,NS
ENSSSCG00000008813,0.6298962289220734,0.47666110319511773,-0.1532351257269557,-0.20181405895691618,0.2612055981849596,21,21,0.529512530599534,NS
ENSSSCG00000039373,1.2659985549559205,0.9036236042805648,-0.36237495067535574,-0.11791383219954654,0.5184068685919472,21,21,0.7521724023986375,NS
ENSSSCG00000016971,1.8058756480733762,2.0112099274510005,0.20533427937762427,0.04761904761904767,0.8013831883084928,21,21,0.9213153463710844,NS
ENSSSCG00000004070,3.0694145486809026,1.746043516806095,-1.3233710318748075,-0.43310657596371893,0.01685776486063875,21,21,0.1460154885656336,NS
ENSSSCG00000006344,2.5032019458145953,2.6169301914073295,0.1137282455927342,0.05668934240362811,0.7627520182258121,21,21,0.9015297803289233,NS
ENSSSCG00000021634,0.9374284096832175,0.644738433207469,-0.29268997647574846,-0.24716553287981857,0.16443154430867823,21,21,0.41913082991704775,NS
ENSSSCG00000016049,2.508848329676896,2.1108793944843374,-0.3979689351925586,-0.09523809523809534,0.6060544765839555,21,21,0.8132890667773738,NS
ENSSSCG00000009831,2.2234740879953185,1.7793646466133421,-0.4441094413819764,-0.17913832199546476,0.32655631642696226,21,21,0.5929529726545689,NS
ENSSSCG00000007031,2.980365973814793,2.942406176488742,-0.03795979732605126,-0.05215419501133778,0.7820003799248392,21,21,0.9109394814543041,NS
ENSSSCG00000008942,1.4816962511071576,0.7727504385243962,-0.7089458125827615,-0.3197278911564625,0.07820671425687437,21,21,0.29484995892048155,NS
ENSSSCG00000016434,3.5959646834602883,2.5263555428469155,-1.0696091406133728,-0.3560090702947847,0.04974528689592373,21,21,0.24014966087687317,NS
ENSSSCG00000007460,0.8158813780504465,0.8789625540265579,0.0630811759761114,0.03401360544217691,0.859908163616203,21,21,0.9490399532059208,NS
ENSSSCG00000027016,1.000075027882125,0.25931033890685784,-0.7407646889752673,-0.46485260770975056,0.007074947436486733,21,21,0.09940098455645346,NS
ENSSSCG00000000233,2.5477517602623143,2.832524133113596,0.28477237285128165,0.13378684807256236,0.46568579971233737,21,21,0.7103857207086134,NS
ENSSSCG00000031324,1.4813992105726261,0.7733245275645141,-0.708074683008112,-0.45351473922902485,0.010758272119724466,21,21,0.12178506062922415,NS
ENSSSCG00000016052,3.1747316912486916,3.3454842887196725,0.17075259747098093,0.015873015873015928,0.9398429773571263,21,21,0.9783494422867809,NS
ENSSSCG00000015769,1.3248114028278732,1.6344125433504633,0.30960114052259,-0.015873015873015817,0.9397062839174498,21,21,0.9783494422867809,NS
ENSSSCG00000032726,1.4366216418844948,0.900258321334012,-0.5363633205504829,-0.24716553287981857,0.1742638101929258,21,21,0.42834123173730454,NS
ENSSSCG00000010002,1.3017938391994819,2.041806091272302,0.7400122520728201,0.1428571428571429,0.4354177419564279,21,21,0.6880757384611778,NS
ENSSSCG00000003917,0.9381233093151315,0.45466124412550457,-0.483462065189627,-0.3197278911564625,0.0755994378190762,21,21,0.2913551367634061,NS
ENSSSCG00000015390,3.3592579457811205,2.767537206777322,-0.5917207390037986,-0.2290249433106577,0.2084687951379297,21,21,0.46888391299875337,NS
ENSSSCG00000034292,2.9498500363465374,2.964035000566839,0.014184964220301577,0.015873015873015928,0.9398429773571263,21,21,0.9783494422867809,NS
ENSSSCG00000008179,2.5666364328274,1.4135283982468476,-1.1531080345805524,-0.5192743764172336,0.004133963283611035,21,21,0.07727244720864224,NS
ENSSSCG00000000160,1.8298409008408854,1.7909935195074762,-0.03884738133340915,-0.031746031746031855,0.8701098647683292,21,21,0.9568697775425999,NS
ENSSSCG00000016045,2.4382363071459245,1.936114696583436,-0.5021216105624886,-0.11564625850340127,0.5294187787914176,21,21,0.7578908227272798,NS
ENSSSCG00000035281,0.7367659531907128,0.11118191444917823,-0.6255840387415346,-0.6349206349206349,0.0002565021149007307,21,21,0.024921052408244767,NS
ENSSSCG00000031686,2.567126817988457,1.4835977570625432,-1.0835290609259138,-0.34467120181405897,0.05752039947454052,21,21,0.256894492444888,NS
ENSSSCG00000027459,2.9339051483319643,2.37982495602153,-0.5540801923104341,-0.32879818594104315,0.07010784129484465,21,21,0.27842598868122526,NS
ENSSSCG00000010486,2.1878628548213337,1.7296642271433451,-0.4581986276779886,-0.21541950113378694,0.2370788366276667,21,21,0.49934320517832165,NS
ENSSSCG00000005446,0.4718290147169899,0.3979116002658715,-0.07391741445111838,-0.020408163265306145,0.9170707629637926,21,21,0.9725908472022055,NS
ENSSSCG00000008509,2.2335943340604874,1.79199123745037,-0.44160309661011743,-0.15192743764172345,0.40644094367684236,21,21,0.664517472366019,NS
ENSSSCG00000014126,3.10696725937192,2.1020551247840658,-1.0049121345878542,-0.26530612244897966,0.14455604430349378,21,21,0.3939827031871146,NS
ENSSSCG00000016111,1.243947671659385,0.902995824919118,-0.3409518467402669,-0.217687074829932,0.23193778772689322,21,21,0.49721663243952735,NS
ENSSSCG00000015775,1.6526713762540486,1.450842736632511,-0.20182863962153763,0.02947845804988658,0.8798582367822811,21,21,0.9581000128681301,NS
ENSSSCG00000039887,2.2394761006908164,1.4598496664220075,-0.7796264342688088,-0.2925170068027212,0.10740497958129895,21,21,0.34142639477651104,NS
ENSSSCG00000008428,2.786489821470789,2.265809767751626,-0.5206800537191634,-0.15646258503401356,0.39238776291674793,21,21,0.6539796048612466,NS
ENSSSCG00000007067,3.5468942211185364,2.731191459211973,-0.8157027619065635,-0.43764172335600904,0.015737324159875152,21,21,0.14112162579966475,NS
ENSSSCG00000009480,2.5425235622821445,2.107185662175754,-0.4353379001063904,-0.05895691609977316,0.753172077097045,21,21,0.8993490772647048,NS
ENSSSCG00000002372,0.6558411066117809,0.6237053293726594,-0.03213577723912142,-0.08843537414965996,0.6319050576373251,21,21,0.8251293316812793,NS
ENSSSCG00000002266,2.436292417785474,2.5789117618056396,0.14261934402016552,0.015873015873015928,0.9398429773571263,21,21,0.9783494422867809,NS
ENSSSCG00000005768,3.287242575941183,2.4087073674163397,-0.8785352085248435,-0.3650793650793651,0.04413720675119654,21,21,0.229906559887904,NS
ENSSSCG00000014056,0.6032889372509407,0.2995095456421469,-0.3037793916087938,-0.3310657596371882,0.060625892556700686,21,21,0.2628910385202065,NS
ENSSSCG00000010327,0.6648291258060021,0.5971073878344494,-0.06772173797155268,-0.015873015873015817,0.9393005427885712,21,21,0.9783494422867809,NS
ENSSSCG00000021644,4.858223834283051,3.5989382759418658,-1.2592855583411855,-0.256235827664399,0.15891754968522953,21,21,0.4089176259717459,NS
ENSSSCG00000008475,0.9078471663728013,0.8764092121193736,-0.03143795425342766,-0.0793650793650793,0.6678428376209172,21,21,0.8447545916162275,NS
ENSSSCG00000003772,1.3515291962669185,1.6027864439560533,0.2512572476891348,-0.015873015873015817,0.9398405445499176,21,21,0.9783494422867809,NS
ENSSSCG00000024564,0.9625920993934143,0.6631482125882252,-0.2994438868051891,-0.16553287981859421,0.36280039449611,21,21,0.6272800312138134,NS
ENSSSCG00000014028,0.5031773090726941,0.4790430679971018,-0.02413424107559231,-0.17233560090702937,0.31794548612069906,21,21,0.5858463698060692,NS
ENSSSCG00000014791,1.764468237407661,2.2423678267935983,0.47789958938593724,0.19274376417233563,0.2906428851632826,21,21,0.5572357098576629,NS
ENSSSCG00000030278,3.1606954100135347,4.5676143939437805,1.4069189839302458,0.45351473922902497,0.012311160134262908,21,21,0.12839256829326903,NS
ENSSSCG00000010801,2.0505280246859923,1.4985771553658673,-0.5519508693201249,-0.1882086167800454,0.3022817852216241,21,21,0.5703026187481536,NS
ENSSSCG00000008378,1.964996345832286,1.7497597823910336,-0.21523656344125253,-0.038548752834467015,0.8404807789798207,21,21,0.9396794525202588,NS
ENSSSCG00000012258,1.8261452138494039,2.249885785574242,0.42374057172483814,0.11111111111111116,0.5460017363773491,21,21,0.7703997318854171,NS
ENSSSCG00000013467,1.1989626935123607,0.6295623870085248,-0.5694003065038359,-0.26530612244897966,0.14259961696649998,21,21,0.3936552806399154,NS
ENSSSCG00000006084,2.6369354472030224,2.578044555357331,-0.05889089184569141,-0.05215419501133778,0.7820003799248392,21,21,0.9109394814543041,NS
ENSSSCG00000040479,1.6011243432405537,1.3126493329722337,-0.28847501026832,-0.21995464852607705,0.22724906376880494,21,21,0.49084652942506357,NS
ENSSSCG00000038861,2.1876615231939893,1.2315059899092387,-0.9561555332847507,-0.3492063492063493,0.054292930407735945,21,21,0.25030208507867513,NS
ENSSSCG00000031664,3.1470592277986444,2.8004090645567024,-0.3466501632419421,-0.24716553287981857,0.1743161781546959,21,21,0.42834123173730454,NS
ENSSSCG00000036673,1.2953393947062761,0.906971286292031,-0.3883681084142451,-0.31746031746031744,0.0799789162288192,21,21,0.29967009302945025,NS
ENSSSCG00000021846,2.0075685392979317,2.557268804585508,0.5497002652875764,0.09297052154195007,0.6148835592723955,21,21,0.8157225327032747,NS
ENSSSCG00000006785,1.8835855300153395,1.8436230885631224,-0.03996244145221706,-0.1020408163265305,0.5799101311411211,21,21,0.794449839978317,NS
ENSSSCG00000023998,1.1284806677562973,0.6908144688545985,-0.4376661989016988,-0.31746031746031744,0.08028536490957536,21,21,0.30046786867413366,NS
ENSSSCG00000029129,2.4298414614557355,1.4504878473690594,-0.9793536140866761,-0.4104308390022675,0.02355053082649022,21,21,0.17258422275325483,NS
ENSSSCG00000010794,2.724709683275335,2.6129822992522067,-0.1117273840231281,0.09297052154195007,0.6148835592723955,21,21,0.8157225327032747,NS
ENSSSCG00000011309,2.8694208904530547,2.187454943425235,-0.6819659470278197,-0.20634920634920628,0.25763094153482324,21,21,0.523503631199315,NS
ENSSSCG00000005959,1.1714298059301853,0.7401270888702706,-0.43130271705991474,-0.21995464852607705,0.2268722390803064,21,21,0.49084652942506357,NS
ENSSSCG00000009850,2.532153865665174,1.111467523307097,-1.420686342358077,-0.510204081632653,0.004840772120689793,21,21,0.08343642398977885,NS
ENSSSCG00000015550,2.0844632171308666,2.587963564190346,0.5035003470594792,0.14739229024943312,0.4206407975109826,21,21,0.6751374148904354,NS
ENSSSCG00000026055,0.7341579841045852,0.48085837385912217,-0.25329961024546305,-0.05668934240362811,0.7583924721164415,21,21,0.9015297803289233,NS
ENSSSCG00000025326,0.5476298811504633,0.5563611549875476,0.008731273837084275,0.19274376417233563,0.28962418169622595,21,21,0.5572357098576629,NS
ENSSSCG00000004653,3.6986451022068203,2.507518481642297,-1.1911266205645235,-0.383219954648526,0.03459373504072355,21,21,0.2067186606092017,NS
ENSSSCG00000000014,1.7877444186994187,1.3286021040616063,-0.4591423146378124,-0.2789115646258504,0.12460091389361477,21,21,0.3688590878463198,NS
ENSSSCG00000001958,3.7345487692285544,3.0344443237563796,-0.7001044454721748,-0.28798185941043086,0.11300913889451222,21,21,0.3499967010457579,NS
ENSSSCG00000040688,3.4728676415018715,1.7827711071703594,-1.6900965343315122,-0.4512471655328798,0.012759283501342113,21,21,0.1298645175359153,NS
ENSSSCG00000034522,1.2938476307091966,1.1553865770605192,-0.13846105364867745,-0.11564625850340127,0.5280112322959517,21,21,0.7578908227272798,NS
ENSSSCG00000015792,3.9588286551707226,3.09802993301749,-0.8607987221532327,-0.3560090702947847,0.04974528689592373,21,21,0.24014966087687317,NS
ENSSSCG00000003531,1.9664285463125637,1.376908349966013,-0.5895201963465506,-0.16099773242630389,0.37861508946133926,21,21,0.6403962425284595,NS
ENSSSCG00000015987,1.7088990718672628,1.2890087733054771,-0.4198902985617856,-0.22448979591836737,0.21752690173333566,21,21,0.47992085027495884,NS
ENSSSCG00000014239,1.1697702345215935,1.000364970488423,-0.16940526403317047,-0.06575963718820854,0.724595938789955,21,21,0.8813087398839223,NS
ENSSSCG00000012474,3.2196112137658934,2.775576574476175,-0.4440346392897183,-0.19727891156462585,0.2793872631916571,21,21,0.5446243796584893,NS
ENSSSCG00000028304,0.6616422428252049,1.1919312551373131,0.5302890123121082,0.17460317460317465,0.331879367701578,21,21,0.600101182951247,NS
ENSSSCG00000006984,2.9243385673372053,2.328139220081103,-0.5961993472561025,-0.05668934240362811,0.7627520182258121,21,21,0.9015297803289233,NS
ENSSSCG00000034415,1.1605941220150204,1.370973746614769,0.21037962459974846,0.08843537414965985,0.6321959862079689,21,21,0.8251293316812793,NS
ENSSSCG00000008192,3.1388460885327696,2.551394805788083,-0.5874512827446865,-0.22448979591836737,0.2177133653142379,21,21,0.47992085027495884,NS
ENSSSCG00000016604,3.9988722267787797,3.685492163130297,-0.3133800636484829,-0.08843537414965996,0.632679341784771,21,21,0.8251293316812793,NS
ENSSSCG00000015695,2.911654867130001,2.040632776807892,-0.8710220903221093,-0.3242630385487528,0.07404307933924871,21,21,0.287638363555999,NS
ENSSSCG00000009123,1.655761753412932,1.4831481767652093,-0.1726135766477228,-0.1020408163265305,0.5799101311411211,21,21,0.794449839978317,NS
ENSSSCG00000024765,3.589077277407116,2.7977675767906214,-0.7913097006164946,-0.1882086167800454,0.3023405606064573,21,21,0.5703026187481536,NS
ENSSSCG00000009611,1.327676931090797,0.604430365895791,-0.723246565195006,-0.31746031746031744,0.08028536490957536,21,21,0.30046786867413366,NS
ENSSSCG00000021024,0.4047639614479361,0.43835919485923197,0.03359523341129589,0.21541950113378683,0.21459524090243465,21,21,0.47926739976382926,NS
ENSSSCG00000006308,2.07694082625403,2.268404419512971,0.1914635932589408,0.049886621315192725,0.791667439309527,21,21,0.9193218203428043,NS
ENSSSCG00000028004,1.393816496098124,0.6752454221523244,-0.7185710739457997,-0.3265306122448979,0.0716727184662674,21,21,0.2832228391005728,NS
ENSSSCG00000007323,1.72833161677469,0.7345736674772535,-0.9937579492974365,-0.3650793650793651,0.041731112462786595,21,21,0.22501282229330896,NS
ENSSSCG00000021890,2.159841489717672,2.233259812847822,0.07341832313014995,0.05442176870748294,0.7723497206715801,21,21,0.9077127092354017,NS
ENSSSCG00000011373,0.6271181768928838,0.4670614150567263,-0.16005676183615752,-0.20181405895691618,0.26602058426591024,21,21,0.5349996098742043,NS
ENSSSCG00000000478,3.513838913084528,3.4953395702172294,-0.018499342867298374,0.02947845804988658,0.8800274316446192,21,21,0.9581000128681301,NS
ENSSSCG00000015206,4.178673834099068,3.471834532512363,-0.7068393015867049,-0.21541950113378694,0.2370788366276667,21,21,0.49934320517832165,NS
ENSSSCG00000009490,1.8616902555035788,1.658625994822803,-0.20306426068077577,-0.16099773242630389,0.37859577185828774,21,21,0.6403962425284595,NS
ENSSSCG00000008969,1.666190063346031,0.820533808462324,-0.8456562548837069,-0.33333333333333326,0.06568757015985041,21,21,0.2723588264951059,NS
ENSSSCG00000026655,2.8422079214362457,2.6738806677282034,-0.16832725370804225,-0.0793650793650793,0.6689077174430536,21,21,0.8447545916162275,NS
ENSSSCG00000008188,3.450100902753346,3.5535759949907906,0.10347509223744478,-0.04308390022675734,0.820889035690062,21,21,0.9318998211511518,NS
ENSSSCG00000028947,2.4043833163026473,1.7578030709295436,-0.6465802453731038,-0.22448979591836737,0.21769472398920264,21,21,0.47992085027495884,NS
ENSSSCG00000039107,2.6303254144671975,2.1461178565172836,-0.4842075579499139,-0.10657596371882083,0.5628712368271559,21,21,0.7833833809361512,NS
ENSSSCG00000004600,0.5395128040734041,0.4925443592693251,-0.04696844480407897,-0.30612244897959173,0.09116737971441535,21,21,0.3146040991494828,NS
ENSSSCG00000012019,3.5299915552101218,3.333927908032539,-0.19606364717758273,-0.05668934240362811,0.7627520182258121,21,21,0.9015297803289233,NS
ENSSSCG00000037705,2.5707196620606467,2.5583418760084498,-0.01237778605219697,-0.04081632653061229,0.8306777146663934,21,21,0.938943668250364,NS
ENSSSCG00000011833,1.7772884123322787,1.1632992665732758,-0.613989145759003,-0.17460317460317465,0.33903531322411284,21,21,0.6008056035381634,NS
ENSSSCG00000020796,1.8291141163382154,0.36509155388312997,-1.4640225624550856,-0.47845804988662133,0.0071145602649006785,21,21,0.09940098455645346,NS
ENSSSCG00000031589,0.7696886303085358,0.7163000262347369,-0.05338860407379897,0.18367346938775508,0.3086324146444973,21,21,0.5777928949887948,NS
ENSSSCG00000010292,0.9107017591305218,0.2074676257166774,-0.7032341334138443,-0.5328798185941044,0.002811667691448435,21,21,0.06888585844048666,NS
ENSSSCG00000017796,1.7269371788898424,1.7260975696044794,-0.0008396092853630854,0.02947845804988658,0.8799791632099798,21,21,0.9581000128681301,NS
ENSSSCG00000004127,2.455999086046969,1.7648011368550234,-0.6911979491919455,-0.26530612244897966,0.14455604430349378,21,21,0.3939827031871146,NS
ENSSSCG00000037954,2.0760091900233677,1.6615264865691768,-0.4144827034541909,0.015873015873015928,0.9398429773571263,21,21,0.9783494422867809,NS
ENSSSCG00000024437,2.2917918697795563,1.3407174061942693,-0.951074463585287,-0.3650793650793651,0.04417155188516873,21,21,0.229906559887904,NS
ENSSSCG00000014097,1.9903477093265642,1.13231395490223,-0.8580337544243342,-0.3378684807256236,0.06265946533076083,21,21,0.26545427392262594,NS
ENSSSCG00000021270,1.3864162927757187,0.7567401702684418,-0.6296761225072769,-0.24716553287981857,0.17415905222232064,21,21,0.42834123173730454,NS
ENSSSCG00000009749,2.3534740217218277,2.025613181752326,-0.32786083996950177,-0.038548752834467015,0.8404807789798207,21,21,0.9396794525202588,NS
ENSSSCG00000011249,0.8229280684634093,0.6941714771447346,-0.12875659131867467,0.006802721088435382,0.9797494660535006,21,21,0.9954575561004508,NS
ENSSSCG00000016981,3.492822904322707,2.9413262154210984,-0.5514966889016084,-0.15192743764172345,0.4064599583160081,21,21,0.664517472366019,NS
ENSSSCG00000006751,0.8945989093926346,1.1568956715729273,0.26229676218029263,0.1882086167800453,0.30126080936104704,21,21,0.5703026187481536,NS
ENSSSCG00000037267,2.545083686257075,1.6521479266515209,-0.8929357596055543,-0.3151927437641724,0.08260874319203763,21,21,0.3023991346304046,NS
ENSSSCG00000006386,1.33311026360731,0.7468293488316933,-0.5862809147756167,-0.44897959183673475,0.013180859921110993,21,21,0.1323875535268249,NS
ENSSSCG00000037719,3.0525986547621433,3.2013805370921324,0.14878188232998912,0.15192743764172334,0.4064599583160081,21,21,0.664517472366019,NS
ENSSSCG00000003779,0.6177026263229032,1.7534322573424048,1.1357296310195015,0.48752834467120176,0.0067315563930659,21,21,0.09930855237942382,NS
ENSSSCG00000014556,1.091027142627161,1.1739880124033248,0.0829608697761639,-0.13378684807256236,0.4635039433200243,21,21,0.7103857207086134,NS
ENSSSCG00000022227,2.961423821089135,2.972038288256156,0.010614467167020969,0.0975056689342404,0.597311573194272,21,21,0.8062920726419195,NS
ENSSSCG00000025287,2.2064889989420315,1.9639170755866675,-0.24257192335536404,-0.009070294784580435,0.9698988589450174,21,21,0.9946937019528808,NS
ENSSSCG00000026018,2.918327269558977,3.5542786378634217,0.6359513683044447,0.2290249433106576,0.2084687951379297,21,21,0.46888391299875337,NS
ENSSSCG00000015823,0.8958592331919084,0.41902011354638835,-0.47683911964552006,-0.4693877551020409,0.008286482619064884,21,21,0.1079727338824602,NS
ENSSSCG00000004820,3.2537372026533755,2.765442032474308,-0.48829517017906765,-0.02947845804988658,0.8800274316446192,21,21,0.9581000128681301,NS
ENSSSCG00000005386,0.5853886763100404,0.43811492282456693,-0.1472737534854735,-0.0975056689342404,0.584617695908763,21,21,0.7996963896179689,NS
ENSSSCG00000033919,1.8935193740437914,1.7810605901980698,-0.11245878384572161,-0.006802721088435382,0.9799307399921785,21,21,0.9954575561004508,NS
ENSSSCG00000010738,2.033539941315399,0.8867351015832027,-1.1468048397321966,-0.47845804988662133,0.008205482463320302,21,21,0.10793689964824967,NS
ENSSSCG00000000862,1.6952763260977948,0.9732703064839745,-0.7220060196138203,-0.19727891156462585,0.279192391280195,21,21,0.5446243796584893,NS
ENSSSCG00000011542,1.6533431009732094,0.6018330721899984,-1.0515100287832109,-0.5056689342403629,0.005081223867256506,21,21,0.0856442155513013,NS
ENSSSCG00000007331,2.062977090495723,0.7383532907190649,-1.3246237997766581,-0.5804988662131518,0.0013335641580322895,21,21,0.04872966243563211,Down (PA<IVF)
ENSSSCG00000017401,1.5992134229817434,0.7314144301348023,-0.8677989928469411,-0.2630385487528344,0.14788531389130594,21,21,0.39949159082478697,NS
ENSSSCG00000009733,2.0149361987169474,2.5938832797064486,0.5789470809895012,0.18594104308390025,0.3082747742377224,21,21,0.5777928949887948,NS
ENSSSCG00000001376,0.8176642998011785,0.958505446803341,0.14084114700216255,0.015873015873015928,0.9397062839174498,21,21,0.9783494422867809,NS
ENSSSCG00000026078,1.8107209648117493,3.5864702252617877,1.7757492604500384,0.48752834467120176,0.007107324725302261,21,21,0.09940098455645346,NS
ENSSSCG00000011028,1.6966263974899827,1.055134443806201,-0.6414919536837818,-0.3378684807256236,0.06256371261072467,21,21,0.26545427392262594,NS
ENSSSCG00000015859,1.2021616100152432,1.5956760444166886,0.3935144344014454,0.14739229024943312,0.42045232121944287,21,21,0.6751374148904354,NS
ENSSSCG00000000927,3.702004610900626,3.3871487388471926,-0.31485587205343357,-0.12925170068027203,0.48120815818423346,21,21,0.7223387232262236,NS
ENSSSCG00000023724,0.8045467722963822,0.2643531017270944,-0.5401936705692878,-0.41950113378684817,0.018812134412467676,21,21,0.15399909554836308,NS
ENSSSCG00000010183,0.4536480882926855,0.2757954066541062,-0.1778526816385793,-0.06575963718820854,0.7001041466273333,21,21,0.8686407028148864,NS
ENSSSCG00000008729,2.301381588528906,2.0718473194365945,-0.22953426909231167,-0.11111111111111116,0.5460180023945915,21,21,0.7703997318854171,NS
ENSSSCG00000017246,3.059167214873839,1.875467721121495,-1.1836994937523442,-0.41496598639455784,0.02206934007346684,21,21,0.1674730894955559,NS
ENSSSCG00000005130,2.935296355749917,2.3131023901744916,-0.6221939655754256,-0.14058956916099774,0.44291436576092413,21,21,0.6968865733639436,NS
ENSSSCG00000017605,1.4224914832438338,0.9959451921082173,-0.4265462911356165,-0.23809523809523814,0.1902102551048095,21,21,0.44742370252398683,NS
ENSSSCG00000015513,3.591406784918865,3.6480553965632985,0.056648611644433355,0.024943310657596363,0.89990710207531,21,21,0.965040287671819,NS
ENSSSCG00000030616,4.179864275671305,3.0886185931520527,-1.091245682519252,-0.43310657596371893,0.01685776486063875,21,21,0.1460154885656336,NS
ENSSSCG00000001092,1.3691325788573203,1.2325614978981296,-0.13657108095919068,0.038548752834467126,0.840282685261023,21,21,0.9396794525202588,NS
ENSSSCG00000036423,3.1691101595840316,2.375263889506728,-0.7938462700773035,-0.3197278911564625,0.07825502308568134,21,21,0.29484995892048155,NS
ENSSSCG00000014820,0.5145809558345369,0.5807398463135568,0.0661588904790199,0.09297052154195007,0.6136741408621387,21,21,0.8157225327032747,NS
ENSSSCG00000040786,2.368126054450995,1.7788731686979824,-0.5892528857530126,-0.23809523809523814,0.1908399057704352,21,21,0.44742370252398683,NS
ENSSSCG00000031990,2.419902248777579,2.7216902629241764,0.3017880141465974,0.11337868480725621,0.537669744171811,21,21,0.766662740598342,NS
ENSSSCG00000004203,1.640544239727104,1.3776259534450308,-0.26291828628207314,-0.12925170068027203,0.4811370743251654,21,21,0.7223387232262236,NS
ENSSSCG00000006303,2.437968891530045,1.331229999613563,-1.106738891916482,-0.3696145124716552,0.0415884552820841,21,21,0.2244664069512958,NS
ENSSSCG00000024999,3.9954273222178034,3.3873245293507646,-0.6081027928670388,-0.37414965986394555,0.0391344195585305,21,21,0.21879553233212654,NS
ENSSSCG00000032929,0.9835609462498078,0.47131183043945685,-0.512249115810351,-0.4625850340136055,0.008621739013886735,21,21,0.11093407031668147,NS
ENSSSCG00000000804,1.1737832361520173,0.8827154889213557,-0.29106774723066164,-0.17006802721088432,0.349622958897139,21,21,0.6139228892038759,NS
ENSSSCG00000000901,0.9763888601832332,0.43243085933614783,-0.5439580008470855,-0.28798185941043086,0.11125592772231963,21,21,0.3499967010457579,NS
ENSSSCG00000007043,3.407063608750776,2.3269212741136958,-1.0801423346370802,-0.3650793650793651,0.04417155188516873,21,21,0.229906559887904,NS
ENSSSCG00000007311,2.7118962757350307,2.5485943794447126,-0.1633018962903181,-0.04308390022675734,0.820889035690062,21,21,0.9318998211511518,NS
ENSSSCG00000027389,1.630304321217582,1.3274119187966045,-0.3028924024209776,-0.12244897959183665,0.5021385258312014,21,21,0.7399936170144021,NS
ENSSSCG00000026596,1.651200920483075,1.310432138030765,-0.34076878245231,-0.1882086167800454,0.30236014932755606,21,21,0.5703026187481536,NS
ENSSSCG00000017832,1.3939564057907627,0.6660876243898797,-0.7278687814008831,-0.43764172335600904,0.01558966459383597,21,21,0.14112162579966475,NS
ENSSSCG00000040157,0.7069029696679724,0.7017687217412943,-0.005134247926678048,0.03628117913832196,0.8501428522549881,21,21,0.9480546773314797,NS
ENSSSCG00000010426,1.2131312318977645,1.6123346320859926,0.3992034001882281,0.17460317460317465,0.3390940308859377,21,21,0.6008056035381634,NS
ENSSSCG00000009807,0.6413165069136726,0.44844081336105834,-0.19287569355261425,-0.03401360544217691,0.8521139179178802,21,21,0.9490399532059208,NS
ENSSSCG00000015401,3.28468333848033,2.298627400843011,-0.9860559376373188,-0.3718820861678005,0.040337515566802144,21,21,0.2229777250509772,NS
ENSSSCG00000021560,2.3946972477440625,2.469757557354584,0.07506030961052135,-0.02947845804988658,0.8800274316446192,21,21,0.9581000128681301,NS
ENSSSCG00000000625,1.2952554657560935,0.9741405793081878,-0.32111488644790576,-0.28344671201814053,0.11882628003580122,21,21,0.3593522290120254,NS
ENSSSCG00000014252,2.6147180929018043,2.465669451988142,-0.1490486409136622,-0.015873015873015817,0.9398429773571263,21,21,0.9783494422867809,NS
ENSSSCG00000026699,1.0751894462652107,0.43490367900286425,-0.6402857672623465,-0.2335600907029478,0.1702637520306285,21,21,0.4261850217527077,NS
ENSSSCG00000000215,1.6979004193862308,1.3546558311691181,-0.3432445882171127,-0.10657596371882083,0.5628079392840412,21,21,0.7833833809361512,NS
ENSSSCG00000038156,2.325755297807667,2.153063023501797,-0.17269227430587009,0.006802721088435382,0.9799274874348569,21,21,0.9954575561004508,NS
ENSSSCG00000010739,1.149377431459221,0.6925190268188036,-0.4568584046404175,-0.2290249433106577,0.2082843961553026,21,21,0.46888391299875337,NS
ENSSSCG00000040912,1.831912934273861,1.58500019604945,-0.24691273822441095,-0.12925170068027203,0.48120815818423346,21,21,0.7223387232262236,NS
ENSSSCG00000003549,1.7309296657251978,1.3422461458373198,-0.38868351988787797,-0.04308390022675734,0.8207461929816553,21,21,0.9318998211511518,NS
ENSSSCG00000030798,0.5873678534068993,0.394156577455617,-0.19321127595128235,-0.256235827664399,0.14935486405774395,21,21,0.401864822689913,NS
ENSSSCG00000021941,0.5094826396808235,0.041929699473145225,-0.4675529402076783,-0.39682539682539675,0.009093079158208004,21,21,0.11382942157902722,NS
ENSSSCG00000015544,4.582047152351269,4.255531917485153,-0.32651523486611556,-0.06575963718820854,0.7247030031611088,21,21,0.8813087398839223,NS
ENSSSCG00000013509,2.9242114180360694,2.0656250382258365,-0.8585863798102329,-0.19274376417233552,0.29072107953069615,21,21,0.5572357098576629,NS
ENSSSCG00000017986,0.5236548810973674,0.6862375889533953,0.1625827078560279,-0.0022675736961450532,1.0,21,21,1.0,NS
ENSSSCG00000009225,0.6736552275410564,0.13195640128661704,-0.5416988262544394,-0.2789115646258504,0.09329171363760193,21,21,0.3177662142770354,NS
ENSSSCG00000004110,3.86882435052696,2.557193155509113,-1.311631195017847,-0.528344671201814,0.0035220994912779705,21,21,0.07500599700466523,NS
ENSSSCG00000011301,0.39501924504916647,0.2463151221339037,-0.14870412291526278,-0.08163265306122458,0.6411763074468282,21,21,0.8328637069123963,NS
ENSSSCG00000026181,2.660758414670135,2.7882694061134323,0.12751099144329725,0.05215419501133789,0.7820003799248392,21,21,0.9109394814543041,NS
ENSSSCG00000008443,2.283348878798382,0.8530841001546079,-1.4302647786437743,-0.5555555555555556,0.001956701674726624,21,21,0.058360754298368,NS
ENSSSCG00000021934,0.6952160112410132,1.267350735593067,0.5721347243520539,0.3378684807256236,0.06262754594620344,21,21,0.26545427392262594,NS
ENSSSCG00000011530,1.6043692386032844,1.6829238680892382,0.07855462948595382,-0.061224489795918435,0.7432978011089524,21,21,0.8907689783709924,NS
ENSSSCG00000009449,1.1564423475990036,0.9279736276336763,-0.22846871996532725,-0.04761904761904767,0.7996268499125092,21,21,0.9213153463710844,NS
ENSSSCG00000021845,1.4049327812186605,1.8553316708983065,0.45039888967964603,0.1315192743764172,0.4733940615873917,21,21,0.7187877960357475,NS
ENSSSCG00000015462,2.2394375301282343,1.6201884341675763,-0.619249095960658,-0.17460317460317465,0.33903531322411284,21,21,0.6008056035381634,NS
ENSSSCG00000014151,1.3996993752953824,1.313447949946632,-0.0862514253487503,0.024943310657596363,0.8997656140713666,21,21,0.965040287671819,NS
ENSSSCG00000001497,3.9106062617667043,2.2431444413135404,-1.667461820453164,-0.6145124716553287,0.0006837213331927875,21,21,0.0411432311026537,Down (PA<IVF)
ENSSSCG00000008512,1.2994018338664826,0.4784629458721175,-0.8209388879943651,-0.15646258503401356,0.38136334568104857,21,21,0.6442138762304834,NS
ENSSSCG00000003818,2.196735211112725,1.471324160865473,-0.7254110502472519,-0.2970521541950113,0.10202324211434627,21,21,0.3332759242401978,NS
ENSSSCG00000035495,2.8662512181154884,4.088266518909161,1.2220153007936725,0.3786848072562359,0.03680447117105262,21,21,0.21234539296334817,NS
ENSSSCG00000005255,2.814530703646953,2.042472203919858,-0.7720584997270952,-0.3151927437641724,0.08260874319203763,21,21,0.3023991346304046,NS
ENSSSCG00000007609,0.6919758254628645,0.4938207238833027,-0.1981551015795618,-0.35147392290249435,0.05159727802401587,21,21,0.2461455683204095,NS
ENSSSCG00000001931,2.4246297400415604,1.8281437530475795,-0.5964859869939809,-0.038548752834467015,0.8404807789798207,21,21,0.9396794525202588,NS
ENSSSCG00000025500,2.1707318854533617,1.549502814355692,-0.6212290710976698,-0.20634920634920628,0.25763094153482324,21,21,0.523503631199315,NS
ENSSSCG00000006194,0.6297274972487013,0.6096176321275892,-0.020109865121112014,-0.09977324263038545,0.5880823834684068,21,21,0.8031545193297374,NS
ENSSSCG00000012757,3.796013490086784,3.767200948180878,-0.028812541905905764,0.0022675736961451642,1.0,21,21,1.0,NS
ENSSSCG00000033178,2.7501612620113276,2.6539243532108565,-0.09623690880047109,0.024943310657596363,0.89990710207531,21,21,0.965040287671819,NS
ENSSSCG00000009858,3.700396810311375,3.4981282829658604,-0.20226852734551448,-0.015873015873015817,0.9398429773571263,21,21,0.9783494422867809,NS
ENSSSCG00000017688,1.7248657106104806,1.3611485496023552,-0.36371716100812534,-0.11111111111111116,0.5458552640171433,21,21,0.7703997318854171,NS
ENSSSCG00000010548,0.48553407340310595,0.3512745236588127,-0.13425954974429327,-0.0748299319727892,0.6770464219968568,21,21,0.8528236505286315,NS
ENSSSCG00000003898,1.6259327325775692,1.1239287336605817,-0.5020039989169875,-0.16099773242630389,0.3784218350363092,21,21,0.6403962425284595,NS
ENSSSCG00000034407,1.1122514174619564,0.11262871869186146,-0.999622698770095,-0.8367346938775511,5.691203113630331e-07,21,21,0.0029068459367547444,NS
ENSSSCG00000032979,1.93475826118087,1.5087506916375943,-0.4260075695432757,-0.10657596371882083,0.5627129416745741,21,21,0.7833833809361512,NS
ENSSSCG00000009834,3.0656201114516404,3.097686929902411,0.03206681845077064,0.05668934240362811,0.7627520182258121,21,21,0.9015297803289233,NS
ENSSSCG00000026851,2.383138307962289,2.8201238954830994,0.4369855875208102,0.1541950113378685,0.3993674708644893,21,21,0.661707359039476,NS
ENSSSCG00000005997,3.6010619918048383,3.799490174886942,0.19842818308210353,-0.0748299319727892,0.6873220903878915,21,21,0.8572780981928975,NS
ENSSSCG00000007023,3.1720950502605936,1.7255551240215201,-1.4465399262390735,-0.5011337868480725,0.005655195276783268,21,21,0.09074844593811734,NS
ENSSSCG00000013395,5.053083378462817,3.7016778874029703,-1.3514054910598463,-0.3424036281179139,0.059203310186616454,21,21,0.25790327958396714,NS
ENSSSCG00000000376,0.395750504595095,0.4131375159937264,0.017387011398631413,-0.17006802721088432,0.2672676547782231,21,21,0.5349996098742043,NS
ENSSSCG00000004518,1.2732332216429971,1.0806495491154042,-0.1925836725275929,-0.12244897959183665,0.5035544933935464,21,21,0.7416023668269061,NS
ENSSSCG00000002684,0.7631518682878875,0.22625483341905817,-0.5368970348688293,-0.41950113378684817,0.016626835774043645,21,21,0.1460154885656336,NS
ENSSSCG00000014157,0.43375590981118173,0.45016329510463454,0.016407385293452814,-0.21315192743764166,0.2155773924016452,21,21,0.47992085027495884,NS
ENSSSCG00000029989,4.226475681105014,3.0696628206951484,-1.1568128604098655,-0.3378684807256236,0.06267010552721387,21,21,0.26545427392262594,NS
ENSSSCG00000032914,3.1877015036116787,3.708216272068487,0.5205147684568083,0.14739229024943312,0.4208290941795192,21,21,0.6751374148904354,NS
ENSSSCG00000004661,2.600614118387214,2.000933624034375,-0.5996804943528389,-0.20181405895691618,0.2683576760316526,21,21,0.5349996098742043,NS
ENSSSCG00000015136,1.7353249772188901,0.9017167300340215,-0.8336082471848686,-0.37414965986394555,0.03910264642994955,21,21,0.21879553233212654,NS
ENSSSCG00000009338,2.2749182533062555,1.1668997823425022,-1.1080184709637533,-0.44217687074829937,0.014682920439987845,21,21,0.1374145078012505,NS
ENSSSCG00000040509,1.1240360274012307,0.8865496849062262,-0.23748634249500444,-0.16553287981859421,0.36191505414895253,21,21,0.6272800312138134,NS
ENSSSCG00000006927,1.3875328766017974,0.293872156891824,-1.0936607197099733,-0.48752834467120176,0.006980102371366419,21,21,0.09940098455645346,NS
ENSSSCG00000040334,0.6417618389584222,0.5540598417375661,-0.08770199722085614,0.038548752834467126,0.8401480727159747,21,21,0.9396794525202588,NS
ENSSSCG00000004668,2.618198633777587,1.6459751114439367,-0.9722235223336502,-0.3696145124716552,0.0415884552820841,21,21,0.2244664069512958,NS
ENSSSCG00000009860,2.433386892459914,1.1780982594563696,-1.2552886330035444,-0.383219954648526,0.03452049317699007,21,21,0.2067186606092017,NS
ENSSSCG00000005604,0.8427540028272886,0.49462333175205736,-0.34813067107523127,-0.21995464852607705,0.22619276685702716,21,21,0.49084652942506357,NS
ENSSSCG00000003766,1.1125788689569198,1.1140419724653152,0.0014631035083954025,-0.054421768707483054,0.7708642977304448,21,21,0.9077127092354017,NS
ENSSSCG00000009839,1.4480165537363676,1.1864718221329391,-0.2615447316034285,-0.20181405895691618,0.2683576760316526,21,21,0.5349996098742043,NS
ENSSSCG00000003072,0.9961534046121118,0.5665931000056288,-0.429560304606483,-0.32879818594104315,0.06495689630889374,21,21,0.2723247296662095,NS
ENSSSCG00000024227,3.0388304772930477,1.9259581150220355,-1.1128723622710122,-0.26984126984126977,0.13775887453894567,21,21,0.3858781529159893,NS
ENSSSCG00000028902,2.297594849509234,1.8074432167528558,-0.4901516327563784,-0.16099773242630389,0.37861508946133926,21,21,0.6403962425284595,NS
ENSSSCG00000038967,1.195100271500418,1.663728468929396,0.4686281974289781,0.2063492063492064,0.25763094153482324,21,21,0.523503631199315,NS
ENSSSCG00000025691,2.3140044092862646,1.502529951896633,-0.8114744573896315,-0.26984126984126977,0.13769507736413775,21,21,0.3858781529159893,NS
ENSSSCG00000012027,0.39895900085967234,0.8244725959113511,0.4255135950516788,0.5011337868480725,0.0054244561465739355,21,21,0.08988350039975168,NS
ENSSSCG00000004561,1.420570051630688,1.291458775867242,-0.12911127576344605,-0.04761904761904767,0.8013831883084928,21,21,0.9213153463710844,NS
ENSSSCG00000013726,2.443967523776751,2.6368191208616696,0.1928515970849185,0.08390022675736963,0.6506903704105349,21,21,0.8344026504702031,NS
ENSSSCG00000015430,1.9890622514696075,1.2145419209676522,-0.7745203305019552,-0.30612244897959173,0.09190475432879934,21,21,0.3146040991494828,NS
ENSSSCG00000002857,1.7506664692372873,1.0898444639459057,-0.6608220052913816,-0.23809523809523814,0.19048024624111626,21,21,0.44742370252398683,NS
ENSSSCG00000005459,1.8644008063743833,1.0592161057051517,-0.8051847006692316,-0.32879818594104315,0.07009648656752486,21,21,0.27842598868122526,NS
ENSSSCG00000003398,1.7015646819581822,1.4772335792776852,-0.22433110268049705,-0.04761904761904767,0.8013831883084928,21,21,0.9213153463710844,NS
ENSSSCG00000009806,1.2636740291937645,0.5612439370830555,-0.702430092110709,-0.473922902494331,0.008294698360941185,21,21,0.1079727338824602,NS
ENSSSCG00000033025,2.7438076950598123,1.7872671784023768,-0.9565405166574354,-0.346938775510204,0.05589720011900272,21,21,0.2527717816851408,NS
ENSSSCG00000016865,0.8696093040797679,1.669395411094257,0.7997861070144892,0.4172335600907029,0.020908981504256574,21,21,0.16355258052360333,NS
ENSSSCG00000012266,1.706053068355359,0.8299936011300424,-0.8760594672253166,-0.3129251700680271,0.08441635166921856,21,21,0.30704993237054046,NS
ENSSSCG00000008634,0.6762225210999486,1.117211098577731,0.4409885774777824,0.19501133786848068,0.2833715597663884,21,21,0.5501707044826598,NS
ENSSSCG00000007727,1.1369711259480142,0.335188918598881,-0.8017822073491332,-0.528344671201814,0.0031523461325985986,21,21,0.07135641789976087,NS
ENSSSCG00000021309,1.1394194757415488,0.6317403954920833,-0.5076790802494655,-0.26530612244897966,0.13859640790419214,21,21,0.3874373912888175,NS
ENSSSCG00000008218,2.4163542573621255,1.9935861963738015,-0.422768060988324,-0.12925170068027203,0.48120815818423346,21,21,0.7223387232262236,NS
ENSSSCG00000000859,1.93585867866353,1.5860670000475399,-0.34979167861599003,-0.10430839002267578,0.5713753669322154,21,21,0.7916855215421122,NS
ENSSSCG00000016147,0.5040535256534175,0.4532199677749545,-0.050833557878463054,-0.05215419501133778,0.7794956460447834,21,21,0.9109394814543041,NS
ENSSSCG00000035876,2.0847865671107564,0.94316989849794,-1.1416166686128164,-0.3605442176870748,0.04657688628129075,21,21,0.2350491979746632,NS
ENSSSCG00000001805,2.1805612244482875,2.0714636726690365,-0.10909755177925096,-0.1020408163265305,0.5799101311411211,21,21,0.794449839978317,NS
ENSSSCG00000006547,1.0391906453101303,0.3168455199884506,-0.7223451253216797,-0.4399092970521541,0.014528583234305475,21,21,0.1374145078012505,NS
ENSSSCG00000017907,0.3859000710900201,0.8950005010867547,0.5091004299967345,0.35147392290249435,0.05159727802401587,21,21,0.2461455683204095,NS
ENSSSCG00000032960,0.49947718729096724,0.19040088353933435,-0.30907630375163286,-0.383219954648526,0.01914853387518418,21,21,0.15552648422397167,NS
ENSSSCG00000015961,2.920823468389767,2.3440617402335713,-0.5767617281561956,-0.16553287981859421,0.365124661446276,21,21,0.6272800312138134,NS
ENSSSCG00000014223,1.1022807020288974,1.4173842361287246,0.31510353409982716,0.12925170068027214,0.48021035107474996,21,21,0.7223387232262236,NS
ENSSSCG00000014293,1.5301060781632552,1.2796158687382992,-0.2504902094249559,-0.09297052154195007,0.6143810126088208,21,21,0.8157225327032747,NS
ENSSSCG00000021203,0.675464148299258,0.36198373548040796,-0.3134804128188501,-0.346938775510204,0.05306616735839964,21,21,0.24797950141595473,NS
ENSSSCG00000025910,2.0073777955705685,0.9911448649797957,-1.016232930590773,-0.41950113378684817,0.020547040364060954,21,21,0.162637381885487,NS
ENSSSCG00000016487,1.910993032313575,2.6465454956317056,0.7355524633181305,0.3151927437641724,0.08259630316137771,21,21,0.3023991346304046,NS
ENSSSCG00000038008,0.7685757036888393,0.9937978436244835,0.22522213993564422,-0.03401360544217691,0.858137160940557,21,21,0.9490399532059208,NS
ENSSSCG00000012731,2.6991547360162556,2.6356117036571582,-0.0635430323590973,0.07029478458049887,0.705923845633216,21,21,0.8691022220107433,NS
ENSSSCG00000026257,0.5232038984831634,0.42065464746202635,-0.10254925102113704,-0.11111111111111116,0.542397088209756,21,21,0.7703997318854171,NS
ENSSSCG00000017506,2.3229016341103397,2.324075862781736,0.0011742286713962713,0.07482993197278909,0.6873220903878915,21,21,0.8572780981928975,NS
ENSSSCG00000036584,0.4236435926120655,0.4849148160326876,0.06127122342062208,-0.0022675736961450532,1.0,21,21,1.0,NS
ENSSSCG00000000801,1.487489891793872,0.4410577735874205,-1.0464321182064515,-0.47165532879818595,0.008430525318167195,21,21,0.10870940541847172,NS
ENSSSCG00000015315,1.5192311202783269,2.0278896960792108,0.5086585758008839,0.2630385487528345,0.14666766382148413,21,21,0.3976838631681348,NS
ENSSSCG00000001209,1.4677651948113621,0.9227646435530613,-0.5450005512583008,-0.3786848072562359,0.03665191650132933,21,21,0.21234539296334817,NS
ENSSSCG00000003670,3.77071277384895,2.0846060154276684,-1.6861067584212814,-0.37414965986394555,0.0391344195585305,21,21,0.21879553233212654,NS
ENSSSCG00000039890,0.46706379702836787,0.4458666573330637,-0.02119713969530418,0.0226757369614512,0.9072922131532729,21,21,0.9717446654537787,NS
ENSSSCG00000024419,3.7426458012398633,2.81239705807752,-0.9302487431623434,-0.26984126984126977,0.13775887453894567,21,21,0.3858781529159893,NS
ENSSSCG00000038533,1.8549895589978138,1.0516191580607068,-0.803370400937107,-0.26077097505668934,0.1515409822194131,21,21,0.401864822689913,NS
ENSSSCG00000007307,0.8161066822108098,0.07988688878727349,-0.7362197934235364,-0.41496598639455784,0.015372399516188762,21,21,0.14112162579966475,NS
ENSSSCG00000004370,3.065748324463281,1.5967310658670741,-1.4690172585962067,-0.5192743764172336,0.004133963283611035,21,21,0.07727244720864224,NS
ENSSSCG00000000841,3.557252051033819,2.2373247836727232,-1.3199272673610958,-0.43310657596371893,0.01685776486063875,21,21,0.1460154885656336,NS
ENSSSCG00000001438,0.3602004461877317,0.22323961388593347,-0.13696083230179826,-0.3242630385487528,0.040880819436223,21,21,0.2244664069512958,NS
ENSSSCG00000003465,1.4541943603143193,2.680442566903752,1.226248206589433,0.43764172335600904,0.015501355209891444,21,21,0.14112162579966475,NS
ENSSSCG00000011500,2.9924860538691447,3.0647317052560314,0.07224565138688677,0.0975056689342404,0.597311573194272,21,21,0.8062920726419195,NS
ENSSSCG00000013656,0.721846664655286,0.5411977572329493,-0.18064890742233675,-0.32879818594104315,0.06686617051783876,21,21,0.274179276600343,NS
ENSSSCG00000021292,3.1783901292523766,2.714838122268926,-0.46355200698345067,-0.20634920634920628,0.25763094153482324,21,21,0.523503631199315,NS
ENSSSCG00000000934,0.8145269400494535,0.6131668584114607,-0.2013600816379928,-0.11111111111111116,0.5384326295205346,21,21,0.7674315060276059,NS
ENSSSCG00000021988,1.5758128803742868,1.6547914876518084,0.0789786072775216,0.0113378684807256,0.9598676764095315,21,21,0.9869209896448123,NS
ENSSSCG00000009093,2.5158607935670325,1.738546382572257,-0.7773144109947756,-0.33333333333333326,0.06630309624589313,21,21,0.2723588264951059,NS
ENSSSCG00000020717,1.6250042509503924,1.2597023805689171,-0.3653018703814752,-0.10657596371882083,0.5628554150047408,21,21,0.7833833809361512,NS
ENSSSCG00000017289,2.1217258264284142,1.574517852937779,-0.5472079734906352,-0.19727891156462585,0.2793872631916571,21,21,0.5446243796584893,NS
ENSSSCG00000029198,3.4279553786647137,2.5841110651275185,-0.8438443135371951,-0.2108843537414966,0.24720534308664543,21,21,0.5117165520743475,NS
ENSSSCG00000008826,2.9642642708549407,1.807300714833598,-1.1569635560213427,-0.4013605442176871,0.026849069410328923,21,21,0.18455372360206054,NS
ENSSSCG00000015563,1.5643837736166628,1.1779793797550835,-0.3864043938615793,-0.05895691609977316,0.753172077097045,21,21,0.8993490772647048,NS
ENSSSCG00000029393,1.5842602893220432,1.2202146785772388,-0.36404561074480446,-0.21315192743764166,0.24191400258404228,21,21,0.5075015467053609,NS
ENSSSCG00000029509,0.9120814460512028,0.14746140330396212,-0.7646200427472407,-0.3786848072562359,0.031718394259287054,21,21,0.2022195024337446,NS
ENSSSCG00000016017,1.6767724730461908,1.6189232303768297,-0.05784924266936109,-0.20181405895691618,0.2683576760316526,21,21,0.5349996098742043,NS
ENSSSCG00000021306,3.3115987746519786,2.4874811739438565,-0.8241176007081221,-0.2743764172335601,0.13121079099148933,21,21,0.37835478192585825,NS
ENSSSCG00000032469,0.3278039033466169,0.8723874019126573,0.5445834985660404,0.41496598639455784,0.020141697214881737,21,21,0.1610697219934812,NS
ENSSSCG00000003795,2.9260201010268867,2.3807160321985994,-0.5453040688282873,-0.24263038548752824,0.18244838844550215,21,21,0.4396192289203178,NS
ENSSSCG00000024598,0.5971214229842781,0.29759876188369544,-0.2995226611005826,-0.1882086167800454,0.2702602950350096,21,21,0.5383233518990028,NS
ENSSSCG00000011134,1.8882411734188675,1.5556782931894182,-0.33256288022944935,-0.1541950113378685,0.3991954845862823,21,21,0.661707359039476,NS
ENSSSCG00000006283,2.867000507016315,1.6773716762017519,-1.1896288308145633,-0.383219954648526,0.03456443306999665,21,21,0.2067186606092017,NS
ENSSSCG00000004639,2.821843656524293,1.8558470604791697,-0.9659965960451233,-0.3650793650793651,0.04417155188516873,21,21,0.229906559887904,NS
ENSSSCG00000011306,0.466810314816041,0.3557247266605824,-0.1110855881554586,-0.02947845804988658,0.8671100267016945,21,21,0.9555622141644377,NS
ENSSSCG00000026044,2.483593547225524,2.317585530914598,-0.1660080163109261,-0.06575963718820854,0.7247030031611088,21,21,0.8813087398839223,NS
ENSSSCG00000025703,2.9241884773191154,2.279780081209369,-0.6444083961097462,-0.23809523809523814,0.1908399057704352,21,21,0.44742370252398683,NS
ENSSSCG00000008186,1.4267838467062635,0.47670708447705384,-0.9500767622292097,-0.44897959183673475,0.013180859921110993,21,21,0.1323875535268249,NS
ENSSSCG00000032632,1.3441895076189592,2.6876868888150134,1.3434973811960542,0.4988662131519275,0.0058752228893289874,21,21,0.0932963634740668,NS
ENSSSCG00000009914,2.821653733739128,2.502208744102671,-0.31944498963645707,-0.14739229024943312,0.4208290941795192,21,21,0.6751374148904354,NS
ENSSSCG00000004782,2.6760053012667333,2.329620426115141,-0.3463848751515921,-0.15192743764172345,0.4064599583160081,21,21,0.664517472366019,NS
ENSSSCG00000027002,2.9409109950624597,2.650454051086427,-0.2904569439760327,-0.1383219954648527,0.4504456875848739,21,21,0.6984759079638868,NS
ENSSSCG00000008498,2.9715608738482735,3.1908318974116745,0.219271023563401,0.020408163265306145,0.9198497691906573,21,21,0.9725908472022055,NS
ENSSSCG00000031147,2.0365884217289842,2.077563098585922,0.0409746768569379,0.02947845804988658,0.8800274316446192,21,21,0.9581000128681301,NS
ENSSSCG00000006236,2.3709245663361993,1.8820409379775775,-0.48888362835862176,-0.23809523809523814,0.1908399057704352,21,21,0.44742370252398683,NS
ENSSSCG00000036445,0.884017447393909,0.46717539845815137,-0.4168420489357576,-0.020408163265306145,0.915884298424998,21,21,0.9725908472022055,NS
ENSSSCG00000002042,1.212874568199346,0.5459124896036642,-0.6669620785956818,-0.3696145124716552,0.04059976297919639,21,21,0.22406627034375481,NS
ENSSSCG00000012329,0.579575033517939,0.6013094341906581,0.021734400672719034,-0.0045351473922903285,0.9898462372291841,21,21,1.0,NS
ENSSSCG00000022687,0.8149609754485813,0.9146288940043541,0.09966791855577284,0.006802721088435382,0.9797952446890908,21,21,0.9954575561004508,NS
ENSSSCG00000005002,1.5062991620841468,0.8014876518840466,-0.7048115102001002,-0.30612244897959173,0.09032436587303416,21,21,0.3146040991494828,NS
ENSSSCG00000004505,1.4146956569816451,0.932973203780784,-0.48172245320086116,-0.2970521541950113,0.10202324211434627,21,21,0.3332759242401978,NS
ENSSSCG00000016835,2.422335257818461,2.120078234948769,-0.30225702286969236,-0.1020408163265305,0.5799101311411211,21,21,0.794449839978317,NS
ENSSSCG00000037325,2.5795660725700533,3.418316143887469,0.8387500713174156,0.26077097505668934,0.15160731211683598,21,21,0.401864822689913,NS
ENSSSCG00000027557,0.5428997887268068,0.6789059804640718,0.13600619173726503,0.05668934240362811,0.7573518526458614,21,21,0.9015297803289233,NS
ENSSSCG00000030150,1.597160834676849,1.602474903328992,0.0053140686521429,0.020408163265306145,0.9196679154140716,21,21,0.9725908472022055,NS
ENSSSCG00000029125,1.2895999415242483,1.1139126797743208,-0.17568726174992744,-0.23129251700680276,0.20377138345719392,21,21,0.4650271758204758,NS
ENSSSCG00000017402,2.5961258402325726,1.6152853608957383,-0.9808404793368344,-0.30612244897959173,0.09190475432879934,21,21,0.3146040991494828,NS
ENSSSCG00000023776,1.6564952560121595,0.591780737044048,-1.0647145189681115,-0.43764172335600904,0.0152335535003173,21,21,0.14112162579966475,NS
ENSSSCG00000027074,1.8679598089578866,1.3138925768818372,-0.5540672320760494,-0.256235827664399,0.15885001098352836,21,21,0.4089176259717459,NS
ENSSSCG00000005229,0.5010535402337138,0.39825168963792407,-0.10280185059578978,-0.14739229024943312,0.409999965810125,21,21,0.6690294399280347,NS
ENSSSCG00000014211,1.1105064773439846,0.07758063716687741,-1.032925840177107,-0.5555555555555556,0.0013882578712354186,21,21,0.04872966243563211,Down (PA<IVF)
ENSSSCG00000037977,2.8463755976484153,2.2470084708294475,-0.5993671268189678,-0.2335600907029478,0.19951213436010184,21,21,0.4574984559108449,NS
ENSSSCG00000016625,1.6309163767286339,0.5974807425632424,-1.0334356341653916,-0.46485260770975056,0.010288195360301912,21,21,0.11890408570106216,NS
ENSSSCG00000017479,3.759609147744167,2.0892200980087305,-1.6703890497354363,-0.3786848072562359,0.03680447117105262,21,21,0.21234539296334817,NS
ENSSSCG00000006994,3.4205960122192285,2.220395989562945,-1.2002000226562837,-0.4104308390022675,0.023573092816297346,21,21,0.17258422275325483,NS
ENSSSCG00000000493,1.0227310477188027,0.6763914972533055,-0.34633955046549725,-0.3492063492063493,0.053483412582025595,21,21,0.2490263953756325,NS
ENSSSCG00000011081,0.28712962005300086,0.6066053081536531,0.31947568810065224,0.5056689342403629,0.004591173894799915,21,21,0.0822639591112725,NS
ENSSSCG00000013256,0.9042314806874668,0.5466384997265007,-0.35759298096096614,-0.3197278911564625,0.07757877498576546,21,21,0.29484995892048155,NS
ENSSSCG00000027251,1.0795987284212323,0.5799927237633237,-0.4996060046579086,-0.18367346938775508,0.3136179441747897,21,21,0.5805420605146814,NS
ENSSSCG00000017278,1.498267523970458,0.437126051964129,-1.0611414720063288,-0.4399092970521541,0.014043210221484904,21,21,0.1364538556931819,NS
ENSSSCG00000005235,2.4223273862917885,2.501304570102338,0.07897718381054952,-0.006802721088435382,0.9799307399921785,21,21,0.9954575561004508,NS
ENSSSCG00000016053,0.9408767531248075,0.5368835901603438,-0.40399316296446364,-0.07029478458049887,0.7026201499687459,21,21,0.8691022220107433,NS
ENSSSCG00000000078,1.7997088687906746,2.1758913273827347,0.3761824585920601,0.09297052154195007,0.6148835592723955,21,21,0.8157225327032747,NS
ENSSSCG00000015368,0.42713249803232695,0.39824197153250857,-0.02889052649981838,-0.2811791383219955,0.11493105408444193,21,21,0.3548276467233446,NS
ENSSSCG00000014292,1.4733281833573844,0.7910659243609462,-0.6822622589964381,-0.3786848072562359,0.03677394675503986,21,21,0.21234539296334817,NS
ENSSSCG00000017678,3.1516212838137214,2.6737808050941987,-0.47784047871952273,-0.1020408163265305,0.5799715449870863,21,21,0.794449839978317,NS
ENSSSCG00000014927,2.142995556699868,1.3896885290923287,-0.7533070276075393,-0.31065759637188206,0.08690070020532059,21,21,0.3091496418228523,NS
ENSSSCG00000011575,1.0609098336839953,0.5256007383492473,-0.535309095334748,-0.3650793650793651,0.042291478867449835,21,21,0.22642074212794946,NS
ENSSSCG00000013984,0.9628674106304925,0.3808822534774681,-0.5819851571530243,-0.21541950113378694,0.22115611758380238,21,21,0.4851713996242035,NS
ENSSSCG00000003861,2.6011779420637233,1.7971947121477203,-0.803983229916003,-0.12471655328798192,0.4970079892453181,21,21,0.7336937392345346,NS
ENSSSCG00000003512,0.4845518539204812,0.5736540293752661,0.08910217545478488,-0.0748299319727892,0.6788294092933174,21,21,0.853357109721854,NS
ENSSSCG00000007237,1.0960741606073756,0.7451995889445966,-0.350874571662779,-0.2902494331065759,0.10967414348024092,21,21,0.3475125285332345,NS
ENSSSCG00000031337,3.6277129046010024,4.8370514899761545,1.2093385853751522,0.47845804988662133,0.008257570114301203,21,21,0.10793689964824967,NS
ENSSSCG00000008385,2.156014928787069,1.466714859258616,-0.6893000695284528,-0.11791383219954654,0.5211995919242245,21,21,0.7533563423093511,NS
ENSSSCG00000022159,1.7565433511758008,2.047172154587618,0.2906288034118172,0.12698412698412698,0.48905610031549984,21,21,0.730602101081082,NS
ENSSSCG00000017000,2.050629076222426,0.610281326297636,-1.4403477499247899,-0.5147392290249433,0.004442469521485899,21,21,0.08099394182188116,NS
ENSSSCG00000036236,3.2621166071631995,2.557504000733487,-0.7046126064297127,-0.17460317460317465,0.33911360013116165,21,21,0.6008056035381634,NS
ENSSSCG00000021761,2.5678991867298566,1.8255606983751536,-0.7423384883547031,-0.23809523809523814,0.19076800390493187,21,21,0.44742370252398683,NS
ENSSSCG00000003672,1.396878693856399,1.0661916221076944,-0.3306870717487047,-0.08843537414965996,0.6310141526271165,21,21,0.8251293316812793,NS
ENSSSCG00000016115,2.8067180131560114,2.112666793468123,-0.6940512196878883,-0.20634920634920628,0.25761165906426453,21,21,0.523503631199315,NS
ENSSSCG00000001493,1.8965226255670462,1.4856145829647096,-0.4109080426023366,-0.16099773242630389,0.3785378085995198,21,21,0.6403962425284595,NS
ENSSSCG00000006544,0.4522695330541283,0.20096889256537093,-0.2513006404887574,-0.19274376417233552,0.234355701500777,21,21,0.49934320517832165,NS
ENSSSCG00000020898,2.50238039651147,0.4924325757420093,-2.0099478207694608,-0.6621315192743764,0.00022881345970632877,21,21,0.024074010215029255,Down (PA<IVF)
ENSSSCG00000038132,0.43344096637190066,0.6502116332005605,0.21677066682865986,0.09523809523809523,0.6018276141618323,21,21,0.8111075507171257,NS
ENSSSCG00000008415,1.7184899827471403,1.2213497712373111,-0.4971402115098291,-0.10884353741496589,0.5543972446915157,21,21,0.7793371103655323,NS
ENSSSCG00000037307,2.7988832493447435,2.2116950223366287,-0.5871882270081148,-0.16099773242630389,0.37859577185828774,21,21,0.6403962425284595,NS
ENSSSCG00000005205,1.2671396918177211,0.7637424580641521,-0.503397233753569,-0.24716553287981857,0.17433363250882716,21,21,0.42834123173730454,NS
ENSSSCG00000012125,2.706167015208837,3.26914173945783,0.5629747242489929,0.14739229024943312,0.4208290941795192,21,21,0.6751374148904354,NS
ENSSSCG00000004457,2.598824571359363,1.7708145784590326,-0.8280099929003304,-0.33333333333333326,0.06629210007834077,21,21,0.2723588264951059,NS
ENSSSCG00000037744,0.5867010498236256,0.8999407860791202,0.3132397362554946,0.13832199546485258,0.4451224143904824,21,21,0.6984759079638868,NS
ENSSSCG00000002869,1.972855095534908,1.4911640948948712,-0.4816910006400368,-0.26077097505668934,0.15160731211683598,21,21,0.401864822689913,NS
ENSSSCG00000014902,1.8299560553118972,1.403843830811473,-0.4261122245004243,-0.20634920634920628,0.25763094153482324,21,21,0.523503631199315,NS
ENSSSCG00000039185,2.098151772106704,2.031506025026095,-0.06664574708060922,0.0022675736961451642,1.0,21,21,1.0,NS
ENSSSCG00000023974,1.276121099868219,0.8135121522836364,-0.4626089475845827,-0.31065759637188206,0.0871055531650067,21,21,0.3091496418228523,NS
ENSSSCG00000006870,1.8487206612761202,2.598588326536744,0.749867665260624,0.16099773242630389,0.37861508946133926,21,21,0.6403962425284595,NS
ENSSSCG00000034291,2.678693212368604,2.4706895279366385,-0.20800368443196549,0.05668934240362811,0.7627520182258121,21,21,0.9015297803289233,NS
ENSSSCG00000006901,1.461412816256648,0.5867332115795005,-0.8746796046771474,-0.43310657596371893,0.01681335009128598,21,21,0.1460154885656336,NS
ENSSSCG00000008621,2.6083176016396172,2.096479602842049,-0.5118379987975681,-0.17460317460317465,0.33911360013116165,21,21,0.6008056035381634,NS
ENSSSCG00000034484,1.3229872401971141,0.3329732099885846,-0.9900140302085295,-0.655328798185941,0.0002724604855128801,21,21,0.024921052408244767,NS
ENSSSCG00000023133,1.7373290053460693,0.8661984827638678,-0.8711305225822015,-0.17913832199546476,0.32545617389483794,21,21,0.5929529726545689,NS
ENSSSCG00000011103,1.0508501018449237,1.3186371899807408,0.2677870881358171,0.19274376417233563,0.2890739695497082,21,21,0.5572357098576629,NS
ENSSSCG00000008395,2.598586303439757,2.964854155620307,0.36626785218055025,0.11564625850340138,0.5294187787914176,21,21,0.7578908227272798,NS
ENSSSCG00000003976,0.9703077716590284,0.8292137807626777,-0.14109399089635066,-0.05215419501133778,0.7816984321199989,21,21,0.9109394814543041,NS
ENSSSCG00000012335,0.45017171043824145,0.4267047133910739,-0.023466997047167537,-0.10657596371882083,0.5537343524938687,21,21,0.7793371103655323,NS
ENSSSCG00000034229,1.5708900847926464,2.208020072077044,0.6371299872843978,0.3151927437641724,0.08259630316137771,21,21,0.3023991346304046,NS
ENSSSCG00000003680,1.9499823958584943,1.349319031355462,-0.6006633645030324,-0.26530612244897966,0.1445397747962371,21,21,0.3939827031871146,NS
ENSSSCG00000033763,1.2498085776064494,1.1683025313460829,-0.0815060462603665,-0.04308390022675734,0.8204882126904668,21,21,0.9318998211511518,NS
ENSSSCG00000023886,0.9446783373521203,0.49386762480676183,-0.4508107125453584,-0.17460317460317465,0.3347681362503476,21,21,0.6008056035381634,NS
ENSSSCG00000027765,1.40546104173683,1.350211305128619,-0.055249736608210975,0.07936507936507942,0.6688951003850363,21,21,0.8447545916162275,NS
ENSSSCG00000040617,2.3117759415192958,1.3861973763287643,-0.9255785651905315,-0.31746031746031744,0.08039569103307671,21,21,0.3007167069176152,NS
ENSSSCG00000017259,1.9032154770356753,1.5550764323768052,-0.34813904465887013,-0.16326530612244894,0.371822386258437,21,21,0.6365614099657793,NS
ENSSSCG00000002406,3.826594826992751,3.8564074961824004,0.0298126691896492,-0.0022675736961450532,1.0,21,21,1.0,NS
ENSSSCG00000031083,1.0442959004749204,0.29672535693044644,-0.7475705435444739,-0.3718820861678005,0.03269937751879818,21,21,0.20392520888995955,NS
ENSSSCG00000004421,0.7401199493917726,0.9902296132744242,0.25010966388265155,0.1882086167800453,0.2999984802185257,21,21,0.5703026187481536,NS
ENSSSCG00000016687,1.6521922165678824,0.8598949979991556,-0.7922972185687268,-0.3945578231292517,0.029326935422182003,21,21,0.19340752401782993,NS
ENSSSCG00000021380,1.533996418739811,0.5219350178986444,-1.0120614008411666,-0.48299319727891166,0.0069767088397178125,21,21,0.09940098455645346,NS
ENSSSCG00000011079,1.0116293747128928,0.45439510106987935,-0.5572342736430135,-0.4126984126984128,0.017710994454604917,21,21,0.14934464330577116,NS
ENSSSCG00000038478,2.6100376437322783,1.0538900625335412,-1.556147581198737,-0.45578231292517013,0.011880436204726548,21,21,0.12484435276736633,NS
ENSSSCG00000035332,3.1375454085993058,1.8797621925324806,-1.2577832160668252,-0.4285714285714286,0.018047625262461266,21,21,0.14934464330577116,NS
ENSSSCG00000016379,0.7830992562682175,0.44696900738656453,-0.336130248881653,-0.3151927437641724,0.08156381541877063,21,21,0.3023991346304046,NS
ENSSSCG00000015565,2.4770568519607266,2.008930424987792,-0.4681264269729346,-0.17913832199546476,0.3265367156250709,21,21,0.5929529726545689,NS
ENSSSCG00000005232,1.952735847906693,1.6778613489663652,-0.2748744989403278,-0.04308390022675734,0.820889035690062,21,21,0.9318998211511518,NS
ENSSSCG00000017272,1.088355384809202,1.161185892985039,0.07283050817583692,0.015873015873015928,0.9398186359948367,21,21,0.9783494422867809,NS
ENSSSCG00000016866,2.966179413351714,2.1567634400499496,-0.8094159733017645,-0.3197278911564625,0.07825502308568134,21,21,0.29484995892048155,NS
ENSSSCG00000004657,2.9384334619066643,2.191605755770911,-0.7468277061357531,-0.22448979591836737,0.2177133653142379,21,21,0.47992085027495884,NS
ENSSSCG00000006622,2.0922880532841694,1.0845341291653612,-1.0077539241188083,-0.4058956916099774,0.025141358192471906,21,21,0.1780582660160118,NS
ENSSSCG00000006088,1.6276563757224412,2.013958244487841,0.38630186876540007,0.14739229024943312,0.4206407975109826,21,21,0.6751374148904354,NS
ENSSSCG00000032740,1.6131599208615315,1.460848047012903,-0.15231187384862843,0.024943310657596363,0.89990710207531,21,21,0.965040287671819,NS
ENSSSCG00000012062,2.021351066577005,0.9974728828313087,-1.0238781837456963,-0.5011337868480725,0.005655195276783268,21,21,0.09074844593811734,NS
ENSSSCG00000011628,3.3519054956984697,3.2534592080793954,-0.09844628761907437,-0.08843537414965996,0.632679341784771,21,21,0.8251293316812793,NS
ENSSSCG00000003400,1.398560686274194,0.6640699172917008,-0.7344907689824931,-0.3650793650793651,0.04314377744252153,21,21,0.22912113696639982,NS
ENSSSCG00000002753,0.32378408208766923,1.4199249118289037,1.0961408297412345,0.2789115646258503,0.12405017703020393,21,21,0.3688590878463198,NS
ENSSSCG00000005247,1.2280984816803713,0.3022634777360557,-0.9258350039443155,-0.4512471655328798,0.012557144852486091,21,21,0.1298645175359153,NS
ENSSSCG00000023934,1.2993215041337207,0.2945052926665954,-1.0048162114671253,-0.5782312925170068,0.0010761286426027316,21,21,0.045569398075646535,Down (PA<IVF)
ENSSSCG00000003738,2.653010926526881,1.7201668389541578,-0.9328440875727233,-0.2630385487528344,0.14803318132312077,21,21,0.39949159082478697,NS
ENSSSCG00000005354,0.41122870579541837,0.7249575532064376,0.31372884741101925,0.19274376417233563,0.28350633241198286,21,21,0.5501707044826598,NS
ENSSSCG00000001702,2.6927072370066663,2.6936137847773147,0.0009065477706484693,-0.0226757369614512,0.9098677007652691,21,21,0.9723776954743334,NS
ENSSSCG00000000275,2.664337882311683,2.3161322035653007,-0.3482056787463823,-0.06575963718820854,0.7247030031611088,21,21,0.8813087398839223,NS
ENSSSCG00000007356,0.6145598404708673,0.5575502808007882,-0.057009559670079146,-0.26984126984126977,0.13743980632204575,21,21,0.3858781529159893,NS
ENSSSCG00000006766,3.316897314625354,2.7962412837893407,-0.5206560308360135,-0.4013605442176871,0.026849069410328923,21,21,0.18455372360206054,NS
ENSSSCG00000040327,1.9155475130758426,1.9935433021809454,0.07799578910510285,0.020408163265306145,0.919817385873418,21,21,0.9725908472022055,NS
ENSSSCG00000024418,0.7615499592875645,0.4314442361859279,-0.3301057231016366,-0.3265306122448979,0.06684149878414847,21,21,0.274179276600343,NS
ENSSSCG00000009520,0.25324909132598694,0.49626247470105267,0.24301338337506573,0.28798185941043086,0.09025977076947275,21,21,0.3146040991494828,NS
ENSSSCG00000023276,2.0787880111209347,2.0138751860552793,-0.06491282506565543,0.006802721088435382,0.9799299270010816,21,21,0.9954575561004508,NS
ENSSSCG00000027161,1.8138783333606934,0.968001635196526,-0.8458766981641673,-0.39002267573696137,0.031250193641552355,21,21,0.20035170876733568,NS
ENSSSCG00000012156,3.122196879032718,1.8737767953578375,-1.2484200836748804,-0.3605442176870748,0.046888776900571166,21,21,0.2350491979746632,NS
ENSSSCG00000008221,2.820161416616011,2.612434379770851,-0.20772703684516003,-0.08390022675736963,0.6506903704105349,21,21,0.8344026504702031,NS
ENSSSCG00000028225,1.4355716593052894,0.92899386311462,-0.5065777961906694,-0.24943310657596363,0.1703614306156218,21,21,0.4261850217527077,NS
ENSSSCG00000010495,1.2920446626532436,1.8798247343093542,0.5877800716561106,0.1315192743764172,0.4732326588311231,21,21,0.7187877960357475,NS
ENSSSCG00000039854,3.0817360717076214,1.7902834845490994,-1.291452587158522,-0.4920634920634921,0.006591245565612268,21,21,0.09765862760280812,NS
ENSSSCG00000031639,2.4006013339141723,2.1261074246024827,-0.2744939093116896,-0.04761904761904767,0.8013831883084928,21,21,0.9213153463710844,NS
ENSSSCG00000015394,1.160684294594066,0.8148493442465353,-0.34583495034753076,-0.23809523809523814,0.18566098598667802,21,21,0.4452517959821363,NS
ENSSSCG00000004636,3.1571868366671847,1.9959429382209803,-1.1612438984462043,-0.3151927437641724,0.08260874319203763,21,21,0.3023991346304046,NS
ENSSSCG00000004508,2.844255604156946,1.9734695151078285,-0.8707860890491173,-0.30612244897959173,0.09185209330968674,21,21,0.3146040991494828,NS
ENSSSCG00000021007,0.7031036944524213,0.21159839206397382,-0.4915053023884475,-0.3310657596371882,0.05350800390432687,21,21,0.2490263953756325,NS
ENSSSCG00000030560,0.6474492908829882,0.2508440065284749,-0.3966052843545133,-0.28344671201814053,0.10860685690986625,21,21,0.34508709513741664,NS
ENSSSCG00000026719,2.57910698908657,1.5512595356487178,-1.027847453437852,-0.36281179138322006,0.045504326848290096,21,21,0.2336524567210105,NS
ENSSSCG00000036781,1.283471158075704,0.8392385125233668,-0.4442326455523373,-0.26077097505668934,0.15127556120910746,21,21,0.401864822689913,NS
ENSSSCG00000017779,1.9352967610676626,1.9375099949006493,0.002213233832986772,-0.015873015873015817,0.9398186359948367,21,21,0.9783494422867809,NS
ENSSSCG00000010351,2.6415182022197596,1.4120146221161554,-1.2295035801036043,-0.43764172335600904,0.015720418656280807,21,21,0.14112162579966475,NS
ENSSSCG00000030535,2.1846167878215166,1.771744112919711,-0.4128726749018057,-0.04308390022675734,0.8208819016622845,21,21,0.9318998211511518,NS
ENSSSCG00000013650,1.3645662861386443,1.3231480347271871,-0.04141825141145716,-0.15646258503401356,0.39238776291674793,21,21,0.6539796048612466,NS
ENSSSCG00000035434,0.2841525373901873,0.5027785439795012,0.21862600658931386,0.1768707482993197,0.26753127221143846,21,21,0.5349996098742043,NS
ENSSSCG00000022828,4.5973987736862725,4.0296469502160805,-0.5677518234701919,-0.17460317460317465,0.33911360013116165,21,21,0.6008056035381634,NS
ENSSSCG00000010368,1.8956928919554474,1.4678372417956045,-0.42785565015984295,-0.24263038548752824,0.18244838844550215,21,21,0.4396192289203178,NS
ENSSSCG00000011959,2.381917800512694,0.9289127739213656,-1.4530050265913284,-0.45578231292517013,0.011849534330945053,21,21,0.12484435276736633,NS
ENSSSCG00000004402,2.387980365772068,1.7490562647143766,-0.6389241010576914,-0.2811791383219955,0.12169328800536469,21,21,0.36598682845979913,NS
ENSSSCG00000027176,1.4916976295394282,1.2151405917030627,-0.27655703783636554,-0.09297052154195007,0.6148262244869211,21,21,0.8157225327032747,NS
ENSSSCG00000004708,1.1699266904662773,0.15547632764701302,-1.0144503628192643,-0.5170068027210883,0.0015490458870756102,21,21,0.0505977886445505,NS
ENSSSCG00000009794,0.7731487530339601,0.24576742476408145,-0.5273813282698787,-0.3038548752834467,0.09053461677604917,21,21,0.3146040991494828,NS
ENSSSCG00000038506,1.0614133752264239,0.5762470754944694,-0.48516629973195446,-0.3696145124716552,0.0408957746104065,21,21,0.2244664069512958,NS
ENSSSCG00000033295,1.2607014394836742,1.1254979749414085,-0.13520346454226573,-0.19727891156462585,0.2793093317664517,21,21,0.5446243796584893,NS
ENSSSCG00000017877,1.751873035184261,1.729116120746038,-0.02275691443822314,-0.02947845804988658,0.8800226074215356,21,21,0.9581000128681301,NS
ENSSSCG00000029860,0.9864769266140488,0.30143263284054567,-0.6850442937735032,-0.4761904761904763,0.008345383520386608,21,21,0.10822179763677152,NS
ENSSSCG00000001471,1.312127161457828,1.323869192389659,0.011742030931831016,-0.020408163265306145,0.9198497691906573,21,21,0.9725908472022055,NS
ENSSSCG00000007465,1.5763373236067992,1.8385377932268483,0.26220046962004906,0.05442176870748294,0.7722689513213868,21,21,0.9077127092354017,NS
ENSSSCG00000037420,1.8844698373183872,2.208713641236929,0.3242438039185416,0.2403628117913832,0.18659145054235982,21,21,0.4452517959821363,NS
ENSSSCG00000015314,2.3338096337758962,0.9002260178121617,-1.4335836159637345,-0.43310657596371893,0.01685776486063875,21,21,0.1460154885656336,NS
ENSSSCG00000035505,3.1506543001511034,2.848886237637044,-0.3017680625140593,-0.0793650793650793,0.6689077174430536,21,21,0.8447545916162275,NS
ENSSSCG00000016893,0.5367987572473345,0.8258358857515922,0.28903712850425767,0.15192743764172334,0.40223337258820047,21,21,0.664517472366019,NS
ENSSSCG00000001810,2.759362211754718,1.0656969020017972,-1.6936653097529208,-0.383219954648526,0.03456443306999665,21,21,0.2067186606092017,NS
ENSSSCG00000024718,1.3618712393967387,1.221172430520677,-0.14069880887606168,-0.0748299319727892,0.6870818374420464,21,21,0.8572780981928975,NS
ENSSSCG00000032621,1.527214523424968,0.9783823764102377,-0.5488321470147304,-0.19727891156462585,0.2782941160567475,21,21,0.5446243796584893,NS
ENSSSCG00000033657,0.9888763426176133,0.8104661590147916,-0.17841018360282168,-0.16099773242630389,0.3754039389397521,21,21,0.6403962425284595,NS
ENSSSCG00000016549,2.0080645368430616,1.7874127138193243,-0.22065182302373731,-0.009070294784580435,0.9698988589450174,21,21,0.9946937019528808,NS
ENSSSCG00000038487,0.9907144512803692,0.49231426148856283,-0.49840018979180634,-0.4467120181405895,0.013653144464500352,21,21,0.1343665870929123,NS
ENSSSCG00000010706,2.729748085050338,3.1306535449481587,0.40090545989782056,0.20181405895691606,0.2683576760316526,21,21,0.5349996098742043,NS
ENSSSCG00000013433,0.3804210396790075,0.7264539557346361,0.34603291605562864,0.16780045351473927,0.3388177478000479,21,21,0.6008056035381634,NS
ENSSSCG00000010621,1.8953873783187687,1.7925817059423401,-0.10280567237642857,0.015873015873015928,0.9398429773571263,21,21,0.9783494422867809,NS
ENSSSCG00000010811,2.879174903116949,2.1573850252151483,-0.7217898779018008,-0.19274376417233552,0.29072107953069615,21,21,0.5572357098576629,NS
ENSSSCG00000009682,0.34275214934407544,0.3906158595180952,0.04786371017401975,-0.11111111111111116,0.5187040358284131,21,21,0.7522853458314829,NS
ENSSSCG00000027105,0.8561778000167033,0.22175130913711044,-0.6344264908795929,-0.49433106575963714,0.0038580655086573466,21,21,0.07622036416155069,NS
ENSSSCG00000031385,2.3973607523002367,1.9960908112370688,-0.40126994106316793,-0.10657596371882083,0.5628712368271559,21,21,0.7833833809361512,NS
ENSSSCG00000004603,0.9235075210788075,0.7254382784952162,-0.19806924258359127,-0.21315192743764166,0.24049784987945655,21,21,0.5059231064621502,NS
ENSSSCG00000017769,0.1470880446214845,1.062779847381055,0.9156918027595705,0.6689342403628118,0.00014227139928271775,21,21,0.01811082976599118,NS
ENSSSCG00000025130,0.35125531324732995,0.3612705254201239,0.010015212172793941,-0.0975056689342404,0.5634195304047296,21,21,0.7835106382680813,NS
ENSSSCG00000014083,1.3599184143514949,1.4439150346864074,0.08399662033491251,0.09297052154195007,0.614078541556252,21,21,0.8157225327032747,NS
ENSSSCG00000030005,0.9420724598620089,1.5008281080764003,0.5587556482143914,0.31065759637188206,0.08670864219521052,21,21,0.3091496418228523,NS
ENSSSCG00000016616,1.4802969661832341,1.7598388158029965,0.27954184961976236,0.06349206349206349,0.7341455372450936,21,21,0.8882254648150515,NS
ENSSSCG00000012484,2.6032046653045207,1.4193548673406686,-1.183849797963852,-0.2630385487528344,0.14803318132312077,21,21,0.39949159082478697,NS
ENSSSCG00000034159,2.6612802500807553,2.794770542175467,0.13349029209471164,0.07936507936507942,0.6689077174430536,21,21,0.8447545916162275,NS
ENSSSCG00000024622,3.8550021380677064,3.2139123630403374,-0.641089775027369,-0.2517006802721089,0.16649147398308384,21,21,0.41913082991704775,NS
ENSSSCG00000035923,0.18150926206440557,0.8356903202419519,0.6541810581775463,0.26077097505668934,0.1378698765010335,21,21,0.3858781529159893,NS
ENSSSCG00000006840,3.1117803200285654,2.2839394021852075,-0.8278409178433579,-0.3151927437641724,0.08260874319203763,21,21,0.3023991346304046,NS
ENSSSCG00000037481,2.1918100840836945,1.912865606196225,-0.27894447788746946,-0.03628117913832196,0.850347001402419,21,21,0.9480546773314797,NS
ENSSSCG00000002474,3.2826509682998064,2.2122693525127257,-1.0703816157870807,-0.2925170068027212,0.10740497958129895,21,21,0.34142639477651104,NS
ENSSSCG00000011768,1.3379626311986443,0.809152942523446,-0.5288096886751983,-0.3265306122448979,0.0701747134737374,21,21,0.27842598868122526,NS
ENSSSCG00000009010,3.890998317929683,2.570550140521784,-1.3204481774078993,-0.39682539682539675,0.028629607311712907,21,21,0.18957442679377465,NS
ENSSSCG00000025856,2.950812981659687,3.0376670524065297,0.08685407074684282,0.08390022675736963,0.6506903704105349,21,21,0.8344026504702031,NS
ENSSSCG00000003630,0.3890997578947535,0.5003332091971107,0.11123345130235718,0.04308390022675734,0.8200268180402539,21,21,0.9318998211511518,NS
ENSSSCG00000000383,0.7107190345593613,0.20455535563924473,-0.5061636789201165,-0.346938775510204,0.05306616735839964,21,21,0.24797950141595473,NS
ENSSSCG00000029920,0.6514181456086562,0.6560372111433141,0.004619065534657962,-0.09523809523809534,0.6018276141618323,21,21,0.8111075507171257,NS
ENSSSCG00000009622,2.113801087951167,1.585027267052975,-0.5287738208981918,-0.0748299319727892,0.6873220903878915,21,21,0.8572780981928975,NS
ENSSSCG00000021363,0.8367368355828629,0.2638542415540191,-0.5728825940288438,-0.6417233560090703,0.0003779296236898939,21,21,0.031236111066417736,NS
ENSSSCG00000015393,1.3967845483986525,1.1131434815997197,-0.28364106679893286,-0.07709750566893425,0.6780785592961398,21,21,0.8528820896170735,NS
ENSSSCG00000021315,0.34336293734593515,0.16908706570104526,-0.1742758716448899,-0.3197278911564625,0.05411693443153561,21,21,0.25016318746653254,NS
ENSSSCG00000030682,2.4256525681113525,1.4209156527281772,-1.0047369153831753,-0.32879818594104315,0.07010784129484465,21,21,0.27842598868122526,NS
ENSSSCG00000025701,1.1723844742160932,1.131899178221694,-0.040485295994399095,0.17233560090702948,0.344821861770654,21,21,0.6093308137361777,NS
ENSSSCG00000025514,1.5174218294958433,1.379988301401173,-0.13743352809467035,-0.04308390022675734,0.820889035690062,21,21,0.9318998211511518,NS
ENSSSCG00000005983,2.309607566111817,1.6853215752706212,-0.624285990841196,-0.256235827664399,0.15891754968522953,21,21,0.4089176259717459,NS
ENSSSCG00000014898,3.24402798166165,2.6528225625856012,-0.591205419076049,-0.08390022675736963,0.6506903704105349,21,21,0.8344026504702031,NS
ENSSSCG00000027898,2.9654502354132948,1.9086287309166594,-1.0568215044966354,-0.3696145124716552,0.0415884552820841,21,21,0.2244664069512958,NS
ENSSSCG00000034835,1.1505905744039784,0.8385129787941265,-0.31207759560985193,-0.18140589569161003,0.32019630420204204,21,21,0.5882649038876074,NS
ENSSSCG00000015570,2.047535155469773,1.809842969939522,-0.23769218553025095,-0.1428571428571428,0.43549215491585636,21,21,0.6880757384611778,NS
ENSSSCG00000015576,1.4791570136573484,1.7251611527182291,0.2460041390608807,0.07936507936507942,0.6689077174430536,21,21,0.8447545916162275,NS
ENSSSCG00000026230,1.0278459362146497,1.3304201654391652,0.3025742292245155,-0.0793650793650793,0.6688951003850363,21,21,0.8447545916162275,NS
ENSSSCG00000034711,3.1584822298391177,2.4918798038494274,-0.6666024259896903,-0.17006802721088432,0.3519764902680531,21,21,0.6139228892038759,NS
ENSSSCG00000004220,1.2451808645361264,0.8252889406531032,-0.4198919238830232,-0.27664399092970515,0.1267290822450834,21,21,0.3731601624052043,NS
ENSSSCG00000005191,1.172772346591599,0.5130185177080036,-0.6597538288835954,-0.3151927437641724,0.08248434319648144,21,21,0.3023991346304046,NS
ENSSSCG00000011158,0.613501652876222,1.0829772831587712,0.46947563028254913,0.2630385487528345,0.14533106167256463,21,21,0.39530970780086966,NS
ENSSSCG00000016959,1.5389986473961303,0.7359905863196923,-0.8030080610764381,-0.3945578231292517,0.02900526174927088,21,21,0.19187665920925576,NS
ENSSSCG00000000072,1.9544275377266787,1.2787019049732478,-0.6757256327534309,-0.2335600907029478,0.19951213436010184,21,21,0.4574984559108449,NS
ENSSSCG00000015509,1.3313418369881993,0.691218402074869,-0.6401234349133303,-0.4693877551020409,0.009539435549557329,21,21,0.1161780757609714,NS
ENSSSCG00000017403,2.7854788913609037,2.2165884278376593,-0.5688904635232443,-0.19274376417233552,0.29072107953069615,21,21,0.5572357098576629,NS
ENSSSCG00000016948,0.6775389529357617,0.2672625690587055,-0.4102763838770562,-0.4761904761904763,0.0035644249305423997,21,21,0.07500599700466523,NS
ENSSSCG00000026900,1.2164613230679675,0.89765004571897,-0.3188112773489975,-0.256235827664399,0.15749690551112283,21,21,0.4089176259717459,NS
ENSSSCG00000022693,1.2734324364102552,0.8203400816673684,-0.4530923547428868,-0.2857142857142858,0.11537929361741532,21,21,0.35552220206625207,NS
ENSSSCG00000032778,2.1557629753972685,1.3415297223859217,-0.8142332530113467,-0.26077097505668934,0.15160731211683598,21,21,0.401864822689913,NS
ENSSSCG00000024722,1.4126274987063359,1.367504912491066,-0.04512258621526977,0.07029478458049887,0.7058783959702486,21,21,0.8691022220107433,NS
ENSSSCG00000038900,1.1726387788543253,0.6226699959317676,-0.5499687829225577,-0.256235827664399,0.1579709972141511,21,21,0.4089176259717459,NS
ENSSSCG00000037355,2.379774950423714,1.9882232892650686,-0.39155166115864515,-0.17460317460317465,0.33911360013116165,21,21,0.6008056035381634,NS
ENSSSCG00000010654,0.5328695080089263,0.07029210768503374,-0.46257740032389255,-0.600907029478458,0.00018583851872102375,21,21,0.020904191224487192,NS
ENSSSCG00000005057,0.5150466421831347,0.1868573660008171,-0.3281892761823176,-0.3378684807256236,0.046611665348763195,21,21,0.2350491979746632,NS
ENSSSCG00000012235,1.5574370224382001,1.647834737384782,0.09039771494658178,0.07482993197278909,0.6870818374420464,21,21,0.8572780981928975,NS
ENSSSCG00000008629,2.199215981855291,2.7021565134177488,0.5029405315624578,0.14739229024943312,0.4208290941795192,21,21,0.6751374148904354,NS
ENSSSCG00000008309,0.20314490242810226,0.6260807397155336,0.42293583728743134,0.15646258503401356,0.36521230971836305,21,21,0.6272800312138134,NS
ENSSSCG00000002739,0.3724931547454042,1.0916953900031683,0.719202235257764,0.5011337868480725,0.004623838577684955,21,21,0.0822639591112725,NS
ENSSSCG00000034730,3.3380222376833353,2.6379181739364648,-0.7001040637468705,-0.2290249433106577,0.2084687951379297,21,21,0.46888391299875337,NS
ENSSSCG00000022679,1.0637919689527737,0.7035460037345056,-0.3602459652182681,-0.21541950113378694,0.2328688724601774,21,21,0.4984338424576652,NS
ENSSSCG00000010540,1.9728425750016787,1.7544442836764476,-0.21839829132523114,0.02947845804988658,0.8800274316446192,21,21,0.9581000128681301,NS
ENSSSCG00000007854,1.0140917322119263,1.508555277644141,0.4944635454322148,0.13832199546485258,0.45007831726258374,21,21,0.6984759079638868,NS
ENSSSCG00000033366,0.7213683064425549,0.5206321350875664,-0.20073617135498845,-0.21541950113378694,0.22624287973915558,21,21,0.49084652942506357,NS
ENSSSCG00000015380,3.1983107791764316,2.3714108851869655,-0.8268998939894661,-0.2743764172335601,0.13121079099148933,21,21,0.37835478192585825,NS
ENSSSCG00000000094,0.3315978559489784,1.0070850144439933,0.675487158495015,0.30612244897959184,0.08973144620211639,21,21,0.3146040991494828,NS
ENSSSCG00000012880,0.8353988516632266,0.5054665998976712,-0.3299322517655554,-0.4965986394557824,0.004000405034710487,21,21,0.07727244720864224,NS
ENSSSCG00000020853,3.653681490120015,2.3446113817891123,-1.3090701083309026,-0.3197278911564625,0.07825502308568134,21,21,0.29484995892048155,NS
ENSSSCG00000016883,1.75768575733583,1.8696480978164742,0.11196234048064424,0.08843537414965985,0.632679341784771,21,21,0.8251293316812793,NS
ENSSSCG00000005598,1.344832048170635,0.027471908484040474,-1.3173601396865946,-0.7551020408163265,9.83078284604385e-06,21,21,0.0061308336658055275,Down (PA<IVF)
ENSSSCG00000005510,2.353726591236776,2.410680427474439,0.05695383623766315,0.0680272108843537,0.7152808524463308,21,21,0.8770020818198087,NS
ENSSSCG00000016554,1.555135226797024,1.703429676939467,0.14829445014244302,0.015873015873015928,0.9398405445499176,21,21,0.9783494422867809,NS
ENSSSCG00000008816,1.349217638774811,0.5388656552341728,-0.8103519835406381,-0.45351473922902485,0.011738869891487065,21,21,0.12484435276736633,NS
ENSSSCG00000034610,1.37710756092043,1.8890801244324453,0.5119725635120154,0.17233560090702948,0.3453113775690234,21,21,0.6093308137361777,NS
ENSSSCG00000004486,2.6287947700685583,2.246843748960872,-0.3819510211076862,-0.1020408163265305,0.5799715449870863,21,21,0.794449839978317,NS
ENSSSCG00000006693,1.7538725784037605,1.2326326638313707,-0.5212399145723898,-0.21995464852607705,0.2268722390803064,21,21,0.49084652942506357,NS
ENSSSCG00000011106,2.2090844752592753,1.230634885487144,-0.9784495897721313,-0.23809523809523814,0.1908399057704352,21,21,0.44742370252398683,NS
ENSSSCG00000006029,2.272175822186359,1.5010415642378558,-0.771134257948503,-0.1950113378684808,0.28499655391390466,21,21,0.5519548393462225,NS
ENSSSCG00000039658,2.8448482062444094,2.648493423876369,-0.1963547823680405,-0.08390022675736963,0.6506903704105349,21,21,0.8344026504702031,NS
ENSSSCG00000025114,0.8110915797120105,1.0808261115799165,0.26973453186790597,0.06349206349206349,0.7337924510869359,21,21,0.8882254648150515,NS
ENSSSCG00000005724,2.4058348702354495,2.7665731557339863,0.3607382854985368,0.1201814058956916,0.5130800796227113,21,21,0.7460214807570579,NS
ENSSSCG00000004626,1.8912479520853243,1.7732000623940982,-0.11804788969122604,-0.038548752834467015,0.8404999102503055,21,21,0.9396794525202588,NS
ENSSSCG00000016543,2.6666290880335564,1.8478292795986457,-0.8187998084349106,-0.33333333333333326,0.06630309624589313,21,21,0.2723588264951059,NS
ENSSSCG00000024520,2.354590036038785,1.699910580745455,-0.6546794552933297,-0.12925170068027203,0.4811370743251654,21,21,0.7223387232262236,NS
ENSSSCG00000004612,2.549703459973422,1.9322327160140533,-0.6174707439593687,-0.28344671201814053,0.11882628003580122,21,21,0.3593522290120254,NS
ENSSSCG00000008854,0.8554871078900911,0.6145912261992847,-0.24089588169080633,-0.4467120181405895,0.012333921647997712,21,21,0.12839256829326903,NS
ENSSSCG00000003730,1.4425548688681988,1.0927432145868412,-0.34981165428135763,-0.20181405895691618,0.2682800977865001,21,21,0.5349996098742043,NS
ENSSSCG00000002747,1.591956680393498,1.0782486261587696,-0.5137080542347283,-0.26077097505668934,0.1502122571047603,21,21,0.401864822689913,NS
ENSSSCG00000017743,3.270768272090825,2.358164418767789,-0.9126038533230361,-0.33333333333333326,0.06630309624589313,21,21,0.2723588264951059,NS
ENSSSCG00000003189,1.7696801159086077,1.8364630638171937,0.06678294790858597,0.03401360544217691,0.8602230946114309,21,21,0.9490399532059208,NS
ENSSSCG00000024904,0.9581919785286885,1.2884628995966847,0.33027092106799616,-0.0045351473922903285,0.9899302492709762,21,21,1.0,NS
ENSSSCG00000015820,1.4894179794523938,2.5197217940764274,1.0303038146240335,0.3378684807256236,0.06267010552721387,21,21,0.26545427392262594,NS
ENSSSCG00000011741,1.134801919199464,0.39024755862834404,-0.74455436057112,-0.47845804988662133,0.0071145602649006785,21,21,0.09940098455645346,NS
ENSSSCG00000017906,0.29678902468123153,0.7781568912300345,0.481367866548803,0.3197278911564626,0.07386319816006391,21,21,0.287638363555999,NS
ENSSSCG00000001100,2.8061846669597594,3.333243253290516,0.5270585863307566,0.2063492063492064,0.25763094153482324,21,21,0.523503631199315,NS
ENSSSCG00000006319,1.5599379889628908,1.3002724709609463,-0.2596655180019445,-0.08390022675736963,0.6506375130102705,21,21,0.8344026504702031,NS
ENSSSCG00000000036,0.9842949035572269,0.6083422201428637,-0.3759526834143633,-0.15873015873015883,0.38384052534535706,21,21,0.6480792527366845,NS
ENSSSCG00000011064,2.981080076872064,1.7262164008431524,-1.2548636760289118,-0.3605442176870748,0.046888776900571166,21,21,0.2350491979746632,NS
ENSSSCG00000008546,1.76426082171856,1.030602573159896,-0.733658248558664,-0.24716553287981857,0.1742638101929258,21,21,0.42834123173730454,NS
ENSSSCG00000031593,1.648172546376776,1.516293182573272,-0.13187936380350407,-0.0793650793650793,0.6689077174430536,21,21,0.8447545916162275,NS
ENSSSCG00000032798,2.799701514857639,2.1646841420800027,-0.6350173727776363,-0.14058956916099774,0.44291436576092413,21,21,0.6968865733639436,NS
ENSSSCG00000024802,1.4004443127353314,1.2250110867289294,-0.175433226006402,-0.08616780045351469,0.64118505953169,21,21,0.8328637069123963,NS
ENSSSCG00000026502,0.9154167426053784,0.6463850562901603,-0.2690316863152181,-0.11564625850340127,0.5151908142953782,21,21,0.7482974774648092,NS
ENSSSCG00000031868,1.3336277664335743,0.4129559881923126,-0.9206717782412617,-0.528344671201814,0.003235515007834011,21,21,0.07135641789976087,NS
ENSSSCG00000002337,1.9303630809069081,0.905409430060281,-1.0249536508466273,-0.3786848072562359,0.036728172758430044,21,21,0.21234539296334817,NS
ENSSSCG00000003877,1.2622315858268536,0.024235010840584558,-1.237996574986269,-0.8208616780045352,2.2440042110201134e-06,21,21,0.0029068459367547444,Down (PA<IVF)
ENSSSCG00000009944,1.9165540776099614,1.598138283174671,-0.31841579443529033,-0.027210884353741527,0.8899541879139963,21,21,0.965040287671819,NS
ENSSSCG00000001792,0.974678966834223,1.5225002113102322,0.5478212444760092,0.21995464852607705,0.22717373649498085,21,21,0.49084652942506357,NS
ENSSSCG00000016809,1.2991924614886936,0.5201339458630871,-0.7790585156256065,-0.5238095238095237,0.003815480891658088,21,21,0.07611618787019973,NS
ENSSSCG00000033692,1.1325216970567493,1.2668364906333007,0.1343147935765514,0.09297052154195007,0.614078541556252,21,21,0.8157225327032747,NS
ENSSSCG00000002041,1.1521220896088842,0.4603019579344691,-0.691820131674415,-0.36734693877551017,0.042157274690966605,21,21,0.22642074212794946,NS
ENSSSCG00000020899,0.8784410622595826,0.593806624461151,-0.28463443779843167,-0.2789115646258504,0.12306982667582225,21,21,0.36851113531040625,NS
ENSSSCG00000032741,1.60145840429172,0.8820917898367991,-0.7193666144549208,-0.4285714285714286,0.018028956728243326,21,21,0.14934464330577116,NS
ENSSSCG00000033860,0.5871766458668082,0.2491187427730383,-0.3380579030937699,-0.3151927437641724,0.07987231524598441,21,21,0.29967009302945025,NS
ENSSSCG00000038617,1.3905199180301897,1.2524030090861655,-0.13811690894402417,-0.04308390022675734,0.8208604944637742,21,21,0.9318998211511518,NS
ENSSSCG00000015379,2.9169795439095956,2.8759096533625508,-0.041069890547044796,-0.16099773242630389,0.37861508946133926,21,21,0.6403962425284595,NS
ENSSSCG00000031776,1.4702654889351474,0.34990649174319255,-1.1203589971919548,-0.6145124716553287,0.0006286150186365158,21,21,0.041069514550919034,Down (PA<IVF)
ENSSSCG00000011776,1.2647918528461735,1.1341450799201382,-0.13064677292603522,-0.12925170068027203,0.4808524501177246,21,21,0.7223387232262236,NS
ENSSSCG00000008437,1.470566639185316,1.4412150197982136,-0.0293516193871024,0.020408163265306145,0.9197849632728528,21,21,0.9725908472022055,NS
ENSSSCG00000034242,2.183437331266316,0.7913635762798057,-1.39207375498651,-0.44217687074829937,0.014204198702936979,21,21,0.13724056774950377,NS
ENSSSCG00000012713,2.958914085527161,2.0958570428101155,-0.8630570427170454,-0.26530612244897966,0.14455604430349378,21,21,0.3939827031871146,NS
ENSSSCG00000011430,1.333761596277907,0.8999127344639226,-0.4338488618139844,-0.17460317460317465,0.33891783321339974,21,21,0.6008056035381634,NS
ENSSSCG00000015581,2.032977573088241,2.112866998109036,0.0798894250207951,0.024943310657596363,0.89990710207531,21,21,0.965040287671819,NS
ENSSSCG00000010251,1.9534857560152337,1.3212812337694277,-0.6322045222458059,-0.346938775510204,0.05588726196132822,21,21,0.2527717816851408,NS
ENSSSCG00000013304,3.1738473006100754,1.9765313258011177,-1.1973159748089577,-0.3605442176870748,0.046888776900571166,21,21,0.2350491979746632,NS
ENSSSCG00000022178,1.2319924638355952,0.7237285829932737,-0.5082638808423215,-0.3151927437641724,0.08235994397058533,21,21,0.3023991346304046,NS
ENSSSCG00000009511,1.4398784170018657,1.363679573205002,-0.0761988437968637,0.05668934240362811,0.7627147144382511,21,21,0.9015297803289233,NS
ENSSSCG00000037292,0.7769752436327948,0.3397907331194575,-0.4371845105133373,-0.26077097505668934,0.1422236071073599,21,21,0.3930918391444355,NS
ENSSSCG00000017310,2.1452702863124764,2.2870649285054663,0.14179464219298987,0.13378684807256236,0.46568579971233737,21,21,0.7103857207086134,NS
ENSSSCG00000012856,0.6029277004061385,0.4460229872045071,-0.1569047132016314,-0.20861678004535156,0.24682975384406058,21,21,0.5117165520743475,NS
ENSSSCG00000009885,1.3739596274281054,0.7382147332070825,-0.6357448942210229,-0.26984126984126977,0.13759936615691196,21,21,0.3858781529159893,NS
ENSSSCG00000012676,1.880074062193405,2.1296684497915077,0.24959438759810282,0.05668934240362811,0.7627147144382511,21,21,0.9015297803289233,NS
ENSSSCG00000022224,0.9219801103552305,0.7939456977685945,-0.12803441258663606,0.07029478458049887,0.7016996650272573,21,21,0.8691022220107433,NS
ENSSSCG00000002285,0.4264148194329826,0.11696434511211115,-0.30945047432087147,-0.5351473922902494,0.0007146524741765923,21,21,0.04179614971550859,NS
ENSSSCG00000009940,1.4689788060714906,0.22737832129623564,-1.2416004847752549,-0.6643990929705215,0.00017058363695867206,21,21,0.019833961856550685,Down (PA<IVF)
ENSSSCG00000030373,2.0043719094665016,1.0904653055645706,-0.913906603901931,-0.3424036281179139,0.05910044713875155,21,21,0.25790327958396714,NS
ENSSSCG00000008387,1.6247752045137236,0.9443012032640706,-0.680474001249653,-0.3696145124716552,0.04142328172418618,21,21,0.2244664069512958,NS
ENSSSCG00000015531,3.135641437000717,1.173530759136548,-1.962110677864169,-0.6235827664399094,0.0005682425027778696,21,21,0.038595480881744415,Down (PA<IVF)
ENSSSCG00000006872,1.018606126279844,0.8770796150595659,-0.14152651122027815,0.020408163265306145,0.9196679154140716,21,21,0.9725908472022055,NS
ENSSSCG00000016370,1.7381020400640321,2.240251207743898,0.5021491676798657,0.13378684807256236,0.46568579971233737,21,21,0.7103857207086134,NS
ENSSSCG00000008577,2.462693705548749,1.4370496635517018,-1.0256440419970472,-0.33333333333333326,0.06625911257207642,21,21,0.2723588264951059,NS
ENSSSCG00000011085,0.8295380089264222,0.011266263590032053,-0.8182717453363901,-0.8049886621315192,3.511363497897646e-06,21,21,0.0030109941994472316,NS
ENSSSCG00000000844,1.1610360924221341,1.359656166687361,0.19862007426522688,0.17460317460317465,0.33911360013116165,21,21,0.6008056035381634,NS
ENSSSCG00000012823,0.7072668581268192,0.8766232177535022,0.16935635962668294,0.08390022675736963,0.6468496175048699,21,21,0.8344026504702031,NS
ENSSSCG00000015507,2.095518414063735,1.4906805150468136,-0.6048378990169214,-0.26530612244897966,0.14455604430349378,21,21,0.3939827031871146,NS
ENSSSCG00000004469,2.5353078265338147,1.61330279518085,-0.9220050313529646,-0.3015873015873016,0.09685836811015376,21,21,0.3231631520724199,NS
ENSSSCG00000000684,0.9315352251181659,0.15020433844102588,-0.78133088667714,-0.49433106575963714,0.005999129660904124,21,21,0.09482495270461358,NS
ENSSSCG00000012152,0.7992768679717344,0.6928664569438767,-0.10641041102785764,-0.04308390022675734,0.8200268180402539,21,21,0.9318998211511518,NS
ENSSSCG00000040550,2.7377788576338786,2.111490279767558,-0.6262885778663208,-0.14739229024943312,0.4208290941795192,21,21,0.6751374148904354,NS
ENSSSCG00000013718,0.624994933138195,0.32484896537915897,-0.300145967759036,-0.41496598639455784,0.02054909635226534,21,21,0.162637381885487,NS
ENSSSCG00000000295,1.7540719281099495,1.41754074017842,-0.3365311879315296,-0.11111111111111116,0.545952927901969,21,21,0.7703997318854171,NS
ENSSSCG00000026863,1.2557032019088559,1.2510411682348639,-0.004662033673991983,-0.020408163265306145,0.9198368205726829,21,21,0.9725908472022055,NS
ENSSSCG00000005631,0.6174191398078439,0.39821495326930173,-0.21920418653854218,-0.21995464852607705,0.22031658042314395,21,21,0.48425880861991905,NS
ENSSSCG00000020912,1.8162023492271029,1.5229617521957954,-0.29324059703130745,-0.20408163265306123,0.26276308862556075,21,21,0.5318867228474966,NS
ENSSSCG00000008386,2.2411892382650405,1.8263186657548762,-0.41487057251016424,-0.09070294784580502,0.6237399407689127,21,21,0.8244423879912796,NS
ENSSSCG00000004658,1.173243850275772,0.6512998543029468,-0.5219439959728253,-0.43083900226757366,0.017398275399777775,21,21,0.14900395660733526,NS
ENSSSCG00000031592,2.0628415840569843,1.4860316584374775,-0.5768099256195067,-0.28344671201814053,0.11884122094676833,21,21,0.3593522290120254,NS
ENSSSCG00000029776,0.28234218923690796,0.20075621710247166,-0.0815859721344363,-0.19274376417233552,0.24147285770716753,21,21,0.5071965106770268,NS
ENSSSCG00000003107,1.3762389373863717,0.6489789712776363,-0.7272599661087354,-0.3650793650793651,0.043691255628211065,21,21,0.229906559887904,NS
ENSSSCG00000009021,1.264191177908243,1.1331791897934163,-0.13101198811482684,-0.19047619047619047,0.296306634684245,21,21,0.5654357142005625,NS
ENSSSCG00000012181,1.2695516175246104,1.0874280310493443,-0.18212358647526616,-0.20634920634920628,0.25755380359606384,21,21,0.523503631199315,NS
ENSSSCG00000023727,2.3864933666022314,2.1806372590622223,-0.20585610754000916,-0.03401360544217691,0.8602230946114309,21,21,0.9490399532059208,NS
ENSSSCG00000037501,1.563124143389165,1.1904726106195394,-0.3726515327696256,-0.07029478458049887,0.7058783959702486,21,21,0.8691022220107433,NS
ENSSSCG00000004963,0.9037255818231194,0.5724315919346256,-0.3312939898884938,-0.3378684807256236,0.05963571410406995,21,21,0.2594172471489663,NS
ENSSSCG00000006247,0.6289209495433316,0.4473938351311445,-0.18152711441218705,-0.20634920634920628,0.24420254717875356,21,21,0.5104294557118371,NS
ENSSSCG00000000401,1.2018087191824782,1.0464119443521283,-0.15539677483034997,-0.015873015873015817,0.9398332443569812,21,21,0.9783494422867809,NS
ENSSSCG00000009440,2.604226320012388,1.0745327046594177,-1.52969361535297,-0.5464852607709751,0.0025346143766499713,21,21,0.06672628532267093,NS
ENSSSCG00000027984,1.3068949909151804,1.520731835089737,0.21383684417455662,0.1768707482993197,0.33260076139418115,21,21,0.6002699906341289,NS
ENSSSCG00000006841,2.9307245447531636,2.6328532322998632,-0.29787131245330034,-0.09297052154195007,0.6148835592723955,21,21,0.8157225327032747,NS
ENSSSCG00000032372,1.61207003387196,0.45039201488814923,-1.1616780189838107,-0.5011337868480725,0.0054244561465739355,21,21,0.08988350039975168,NS
ENSSSCG00000012111,0.9401990193059758,1.1688858797646975,0.22868686045872166,0.11564625850340138,0.5288338210689667,21,21,0.7578908227272798,NS
ENSSSCG00000015052,0.727431795296409,0.2764785172662578,-0.45095327803015123,-0.3378684807256236,0.05247537632974428,21,21,0.24682112491978944,NS
ENSSSCG00000004322,1.2789192880335318,0.5156080955313523,-0.7633111925021795,-0.4467120181405895,0.013372357437444082,21,21,0.1333348430535849,NS
ENSSSCG00000009435,2.6477112182554725,2.5017938155069213,-0.14591740274855125,0.04308390022675734,0.820889035690062,21,21,0.9318998211511518,NS
ENSSSCG00000004622,2.0745390078943218,1.1095624463388045,-0.9649765615555173,-0.36734693877551017,0.04256894585173703,21,21,0.22760948444498522,NS
ENSSSCG00000012995,1.7190418597517059,1.668270414693306,-0.05077144505839981,0.05215419501133789,0.7819917702208496,21,21,0.9109394814543041,NS
ENSSSCG00000024417,2.5171640362603207,1.2156268232624865,-1.3015372129978342,-0.4693877551020409,0.009565683782922767,21,21,0.1161780757609714,NS
ENSSSCG00000008943,2.9017093965587777,2.581320199589094,-0.3203891969696837,-0.06575963718820854,0.7247030031611088,21,21,0.8813087398839223,NS
ENSSSCG00000014406,1.1655728233791962,0.7546705122817785,-0.4109023110974177,-0.256235827664399,0.15832620938372877,21,21,0.4089176259717459,NS
ENSSSCG00000032467,0.6103579289051827,0.3780489153470703,-0.2323090135581124,-0.3424036281179139,0.05454881213674198,21,21,0.25114419547520134,NS
ENSSSCG00000015701,1.8125469907822331,1.6309329456946786,-0.18161404508755452,-0.15192743764172345,0.4063838890756165,21,21,0.664517472366019,NS
ENSSSCG00000017339,0.41817974391947565,0.0999473497799739,-0.3182323941395018,-0.3560090702947847,0.042313613907876274,21,21,0.22642074212794946,NS
ENSSSCG00000016141,1.472778105010322,1.30464055132271,-0.16813755368761196,0.015873015873015928,0.9397942650608898,21,21,0.9783494422867809,NS
ENSSSCG00000010912,1.149062142322173,1.1147567556209315,-0.0343053867012415,-0.024943310657596474,0.8998667380818649,21,21,0.965040287671819,NS
ENSSSCG00000010821,2.1123406673835414,2.4076409146813744,0.295300247297833,0.08843537414965985,0.632679341784771,21,21,0.8251293316812793,NS
ENSSSCG00000003506,0.554762399036545,0.2222889567873345,-0.3324734422492105,-0.33333333333333326,0.057398064835539504,21,21,0.256894492444888,NS
ENSSSCG00000004845,1.0923454942678208,0.07842242546563749,-1.0139230688021832,-0.5464852607709751,0.002004253188794193,21,21,0.059520246212676035,NS
ENSSSCG00000010432,1.9062102210683596,1.9773196728959572,0.07110945182759765,-0.09070294784580502,0.6237399407689127,21,21,0.8244423879912796,NS
ENSSSCG00000016532,0.9564363786797445,0.5185795796870076,-0.4378567989927369,-0.2108843537414966,0.24296077637176272,21,21,0.5090748093800526,NS
ENSSSCG00000001549,1.4708659027175823,1.1823201617083632,-0.28854574100921915,-0.0975056689342404,0.5972521477228574,21,21,0.8062920726419195,NS
ENSSSCG00000028065,1.900673537546303,1.7127549068277905,-0.18791863071851256,-0.06349206349206349,0.7341455372450936,21,21,0.8882254648150515,NS
ENSSSCG00000036756,1.739146162135576,0.6155648605175286,-1.1235813016180474,-0.4580498866213152,0.011433041851371504,21,21,0.1238268307613523,NS
ENSSSCG00000012126,2.334957717920021,1.6033589275466145,-0.7315987903734065,-0.2290249433106577,0.20839504825646094,21,21,0.46888391299875337,NS
ENSSSCG00000010665,1.9387249848369155,1.577872720288162,-0.3608522645487535,-0.1383219954648527,0.45042733625448605,21,21,0.6984759079638868,NS
ENSSSCG00000040706,0.6886688588800299,0.2960509092574834,-0.39261794962254654,-0.35147392290249435,0.05194153554600557,21,21,0.24682112491978944,NS
ENSSSCG00000031882,1.7915509253121928,1.7463883161670748,-0.04516260914511805,-0.04761904761904767,0.8012254262382065,21,21,0.9213153463710844,NS
ENSSSCG00000021738,0.5164371255220456,0.8638233325572034,0.3473862070351579,0.07029478458049887,0.7016996650272573,21,21,0.8691022220107433,NS
ENSSSCG00000024694,0.6148448359868188,0.2400440919853161,-0.37480074400150276,-0.2789115646258504,0.11791273038672859,21,21,0.3593522290120254,NS
ENSSSCG00000038853,2.0098090767923678,1.9165509714716824,-0.09325810532068535,-0.038548752834467015,0.8404807789798207,21,21,0.9396794525202588,NS
ENSSSCG00000038632,2.2561996035735254,1.0338528125805828,-1.2223467909929426,-0.3764172335600906,0.037876390010262315,21,21,0.21598672940182834,NS
ENSSSCG00000015129,0.4278538215471753,0.344165605894041,-0.08368821565313428,-0.26530612244897966,0.14259961696649998,21,21,0.3936552806399154,NS
ENSSSCG00000029578,0.3702643261398307,0.5383838432888085,0.16811951714897783,-0.12244897959183665,0.5035544933935464,21,21,0.7416023668269061,NS
ENSSSCG00000028655,0.787626170029058,0.900984489130296,0.11335831910123806,0.03401360544217691,0.8601108632068536,21,21,0.9490399532059208,NS
ENSSSCG00000001918,0.5158007165364223,0.19731670972276513,-0.3184840068136572,-0.3015873015873016,0.09387962322723716,21,21,0.31945149570379305,NS
ENSSSCG00000037343,0.5946369087612178,0.726149035928046,0.13151212716682825,-0.24489795918367352,0.1777405390006368,21,21,0.4352189632210735,NS
ENSSSCG00000031736,0.987337574218297,0.7045394638063609,-0.28279811041193614,-0.22222222222222232,0.2137992566352407,21,21,0.4780517928675851,NS
ENSSSCG00000013107,0.6451797543407162,0.3810980186728545,-0.2640817356678617,-0.23582766439909286,0.19214186679781042,21,21,0.4495542995337583,NS
ENSSSCG00000032946,1.4264434248118556,2.0199300624797996,0.593486637667944,0.2789115646258503,0.12484552045160012,21,21,0.3688590878463198,NS
ENSSSCG00000010174,0.2881641006184353,0.5912518407839533,0.30308774016551804,0.13832199546485258,0.43987735561177865,21,21,0.6942460948933784,NS
ENSSSCG00000009128,1.9163556606506382,1.5829424923383315,-0.3334131683123067,-0.1882086167800454,0.3022817852216241,21,21,0.5703026187481536,NS
ENSSSCG00000036520,1.7818518817670466,3.0138190738060824,1.2319671920390358,0.35600907029478457,0.04974528689592373,21,21,0.24014966087687317,NS
ENSSSCG00000012400,3.0008591870038366,1.6658709886916596,-1.334988198312177,-0.46031746031746024,0.011049115710647095,21,21,0.12200364978627651,NS
ENSSSCG00000014079,0.839279669678868,0.7669188438666539,-0.07236082581221415,-0.3038548752834467,0.09053461677604917,21,21,0.3146040991494828,NS
ENSSSCG00000013592,1.7151561495948076,1.1449110014024453,-0.5702451481923623,-0.32199546485260777,0.07573293276327034,21,21,0.2915420419506367,NS
ENSSSCG00000029741,2.7086179558659262,2.231892171465646,-0.47672578440028035,-0.16099773242630389,0.37861508946133926,21,21,0.6403962425284595,NS
ENSSSCG00000010836,1.8486094083637798,1.3084343450183722,-0.5401750633454077,-0.31065759637188206,0.08715676491040764,21,21,0.3091496418228523,NS
ENSSSCG00000028561,1.2159367148319233,1.0617084693087062,-0.15422824552321712,0.027210884353741527,0.8898032400525023,21,21,0.965040287671819,NS
ENSSSCG00000002935,1.6529282181167244,1.8027653689553786,0.14983715083865423,0.07709750566893425,0.6780785592961398,21,21,0.8528820896170735,NS
ENSSSCG00000009833,0.8867952800931801,0.657989498304877,-0.22880578178830313,-0.20634920634920628,0.24871684457560017,21,21,0.514690061474696,NS
ENSSSCG00000017551,0.5627853064505454,0.3589111215571332,-0.2038741848934122,-0.17460317460317465,0.31934139575039944,21,21,0.5873142023720482,NS
ENSSSCG00000010835,3.282974958801116,1.9774785628046287,-1.3054963959964874,-0.3786848072562359,0.036796839436219905,21,21,0.21234539296334817,NS
ENSSSCG00000009823,1.8447888151322493,1.688420141220666,-0.15636867391158327,-0.06349206349206349,0.7340522099257076,21,21,0.8882254648150515,NS
ENSSSCG00000030253,0.7800205299268805,0.388424914975567,-0.3915956149513135,-0.3265306122448979,0.06426524611403499,21,21,0.2704660051179632,NS
ENSSSCG00000026781,1.7441228121730674,1.0878024005963005,-0.6563204115767669,-0.3015873015873016,0.09680426312115811,21,21,0.3231631520724199,NS
ENSSSCG00000023266,2.7242709926062196,2.148768692466182,-0.5755023001400374,-0.1882086167800454,0.30236014932755606,21,21,0.5703026187481536,NS
ENSSSCG00000006621,0.7856353887224291,0.4471503741833598,-0.3384850145390693,-0.308390022675737,0.08578991757290316,21,21,0.3091496418228523,NS
ENSSSCG00000011485,0.8834154205409142,0.8333845788623255,-0.05003084167858862,-0.12698412698412698,0.48845646238030205,21,21,0.730602101081082,NS
ENSSSCG00000013335,2.048846440084788,1.3464313431628685,-0.7024150969219194,-0.28798185941043086,0.112994545759876,21,21,0.3499967010457579,NS
ENSSSCG00000014207,1.4509731421750334,1.3332212287887988,-0.11775191338623459,-0.0975056689342404,0.597311573194272,21,21,0.8062920726419195,NS
ENSSSCG00000038724,1.6344293137012742,1.125500066396403,-0.5089292473048712,-0.2517006802721089,0.16642276987431004,21,21,0.41913082991704775,NS
ENSSSCG00000031940,1.337411823458441,0.7926050873992979,-0.544806736059143,-0.3492063492063493,0.053483412582025595,21,21,0.2490263953756325,NS
ENSSSCG00000023320,1.0142357323868991,0.6609946922669886,-0.35324104011991053,-0.217687074829932,0.23146418477522368,21,21,0.4967903383554941,NS
ENSSSCG00000009090,2.4049481691454373,1.8451355346398335,-0.5598126345056038,-0.21995464852607705,0.22724906376880494,21,21,0.49084652942506357,NS
ENSSSCG00000032710,0.2350207982841467,0.30390495885034796,0.06888416056620125,0.16099773242630389,0.293989222139592,21,21,0.5627137455015627,NS
ENSSSCG00000004334,1.4574618861680266,1.0039239715116344,-0.45353791465639226,-0.31065759637188206,0.08702873441400347,21,21,0.3091496418228523,NS
ENSSSCG00000018031,2.262006223269298,2.5860872801155628,0.32408105684626465,0.1428571428571429,0.43549215491585636,21,21,0.6880757384611778,NS
ENSSSCG00000033528,2.026578789068243,1.7527480821789105,-0.2738307068893324,-0.06575963718820854,0.7247030031611088,21,21,0.8813087398839223,NS
ENSSSCG00000004919,1.9432689577443292,1.1832111795390463,-0.7600577782052829,-0.35147392290249435,0.05273672895372581,21,21,0.24682112491978944,NS
ENSSSCG00000008352,0.2991225634369214,0.25970080837335857,-0.039421755063562824,-0.06575963718820854,0.7001041466273333,21,21,0.8686407028148864,NS
ENSSSCG00000035956,1.2678540013018895,1.1950818323919141,-0.0727721689099754,0.07936507936507942,0.6678428376209172,21,21,0.8447545916162275,NS
ENSSSCG00000003368,0.9269191152963746,0.4560703425141639,-0.4708487727822107,-0.3197278911564625,0.0755994378190762,21,21,0.2913551367634061,NS
ENSSSCG00000000488,1.073635920261177,0.5511068132017376,-0.5225291070594393,-0.28798185941043086,0.11178231811413292,21,21,0.3499967010457579,NS
ENSSSCG00000004886,1.6590157561484729,1.324056676997348,-0.3349590791511248,-0.17460317460317465,0.3387219006802865,21,21,0.6008056035381634,NS
ENSSSCG00000027872,2.830971801340453,2.166140631393953,-0.6648311699464999,-0.23809523809523814,0.1908399057704352,21,21,0.44742370252398683,NS
ENSSSCG00000003949,1.1868183179247307,1.358467399889133,0.17164908196440232,-0.01133786848072571,0.9598676764095315,21,21,0.9869209896448123,NS
ENSSSCG00000022545,0.4842846056457435,0.3495995934690847,-0.1346850121766588,-0.12925170068027203,0.4597029365438131,21,21,0.7093032264261263,NS
ENSSSCG00000006481,0.4963062020528654,0.21761817149933244,-0.278688030553533,-0.4013605442176871,0.020145455024840653,21,21,0.1610697219934812,NS
ENSSSCG00000027457,2.4140752856003598,1.7915384663001066,-0.6225368193002532,-0.3424036281179139,0.059203310186616454,21,21,0.25790327958396714,NS
ENSSSCG00000009924,2.1013139272117494,2.2971915715159548,0.1958776443042054,0.07936507936507942,0.6689077174430536,21,21,0.8447545916162275,NS
ENSSSCG00000040355,2.867348754897912,2.0612888745200357,-0.8060598803778762,-0.32879818594104315,0.07010784129484465,21,21,0.27842598868122526,NS
ENSSSCG00000016949,1.3661530908032458,1.5899669715591405,0.2238138807558947,0.14739229024943312,0.42016926938280663,21,21,0.6751374148904354,NS
ENSSSCG00000035600,1.3610019903622965,1.0362460886148979,-0.32475590174739866,-0.12925170068027203,0.4811370743251654,21,21,0.7223387232262236,NS
ENSSSCG00000003577,0.6427985882084959,0.6149176125357672,-0.027880975672728736,-0.14739229024943312,0.42016926938280663,21,21,0.6751374148904354,NS
ENSSSCG00000013399,2.6336809419835867,2.2607487521564824,-0.3729321898271043,-0.054421768707483054,0.7723497206715801,21,21,0.9077127092354017,NS
ENSSSCG00000007146,0.5682281293340219,0.15596590664468457,-0.4122622226893373,-0.36281179138322006,0.0342411658106057,21,21,0.2067186606092017,NS
ENSSSCG00000002815,0.5342383432750828,0.5315313288383406,-0.00270701443674215,-0.024943310657596474,0.898733051672133,21,21,0.965040287671819,NS
ENSSSCG00000030044,1.3835454700281058,0.9957047867345372,-0.3878406832935686,-0.308390022675737,0.0884145410074606,21,21,0.31194620610365387,NS
ENSSSCG00000033107,1.5052408575548932,1.6198159442737068,0.11457508671881356,0.11337868480725621,0.5375213636938592,21,21,0.766662740598342,NS
ENSSSCG00000022112,0.5542948674122561,0.8199419501024394,0.26564708269018333,0.13378684807256236,0.4641612630874664,21,21,0.7103857207086134,NS
ENSSSCG00000000722,2.1793858702407864,0.9377178951126579,-1.2416679751281285,-0.47845804988662133,0.008257570114301203,21,21,0.10793689964824967,NS
ENSSSCG00000002446,1.2913210782248503,1.3779292905025944,0.08660821227774407,0.05668934240362811,0.7627147144382511,21,21,0.9015297803289233,NS
ENSSSCG00000000515,0.4504620114398617,0.4210509183730392,-0.02941109306682249,0.08843537414965985,0.6275574136320947,21,21,0.8251293316812793,NS
ENSSSCG00000011399,0.4150077740550646,0.48784685924467264,0.07283908518960802,-0.1995464852607709,0.27315329589335635,21,21,0.5423535773743631,NS
ENSSSCG00000002447,2.166229914273895,1.3545045472193022,-0.811725367054593,-0.28798185941043086,0.11300913889451222,21,21,0.3499967010457579,NS
ENSSSCG00000021038,0.5590944032736678,0.4222706854876296,-0.1368237177860382,-0.2108843537414966,0.21612047105591858,21,21,0.47992085027495884,NS
ENSSSCG00000035366,1.4600599314103415,1.1585227294242302,-0.30153720198611134,-0.16099773242630389,0.3784218350363092,21,21,0.6403962425284595,NS
ENSSSCG00000009071,1.379729011877697,0.7178136725260329,-0.6619153393516641,-0.24716553287981857,0.1714426178327233,21,21,0.42829437666878434,NS
ENSSSCG00000006571,1.1123735543789648,1.7535741906318416,0.6412006362528768,0.17460317460317465,0.3390940308859377,21,21,0.6008056035381634,NS
ENSSSCG00000004037,1.4915830108023491,1.292095112758919,-0.19948789804343003,0.015873015873015928,0.9397942650608898,21,21,0.9783494422867809,NS
ENSSSCG00000005076,1.637369420138781,1.1555436193576387,-0.48182580078114223,-0.14058956916099774,0.44291436576092413,21,21,0.6968865733639436,NS
ENSSSCG00000016518,2.444153086293887,0.6443309848883066,-1.7998221014055806,-0.6281179138321995,0.0005164907466226409,21,21,0.03660372051806287,Down (PA<IVF)
ENSSSCG00000027875,0.821621195180775,0.8681915473117344,0.04657035213095939,-0.006802721088435382,0.9799144613736793,21,21,0.9954575561004508,NS
ENSSSCG00000032323,1.6610577982519144,1.2075595825680594,-0.45349821568385495,-0.3015873015873016,0.09685836811015376,21,21,0.3231631520724199,NS
ENSSSCG00000010531,1.1484070082851254,0.6562029395108683,-0.49220406877425715,-0.3242630385487528,0.07268478537548459,21,21,0.28508726568086007,NS
ENSSSCG00000012581,2.6161565833287383,2.5551765928198735,-0.06097999050886482,0.0975056689342404,0.597311573194272,21,21,0.8062920726419195,NS
ENSSSCG00000033176,1.4758305001458725,0.8559062854011531,-0.6199242147447194,-0.2517006802721089,0.1663196910481577,21,21,0.41913082991704775,NS
ENSSSCG00000038907,2.9447171530258216,2.2452390975703387,-0.6994780554554829,-0.22448979591836737,0.2177133653142379,21,21,0.47992085027495884,NS
ENSSSCG00000032505,0.5132753233592131,0.7531110240861756,0.23983570072696248,0.1496598639455783,0.4048092765698632,21,21,0.664517472366019,NS
ENSSSCG00000014019,3.3678116376029137,3.283705447167607,-0.08410619043530687,-0.0975056689342404,0.597311573194272,21,21,0.8062920726419195,NS
ENSSSCG00000010081,0.6830949080823993,0.5040373859802976,-0.17905752210210168,-0.11337868480725621,0.5349434592751977,21,21,0.764364118022882,NS
ENSSSCG00000003888,1.9373254512142228,1.0648052989072352,-0.8725201523069877,-0.41950113378684817,0.020644592489074156,21,21,0.162637381885487,NS
ENSSSCG00000011467,1.353549405944965,0.7093570555373303,-0.6441923504076348,-0.3151927437641724,0.08111602155755147,21,21,0.3023991346304046,NS
ENSSSCG00000023784,0.44677414475058586,0.6606706103688723,0.21389646561828646,0.23809523809523814,0.18062691841639456,21,21,0.439397397282435,NS
ENSSSCG00000011090,1.1295052834163524,1.0532676691143605,-0.07623761430199183,0.11111111111111116,0.545952927901969,21,21,0.7703997318854171,NS
ENSSSCG00000015965,0.722559831125438,0.37394020496964153,-0.34861962615579645,-0.020408163265306145,0.9165167844724043,21,21,0.9725908472022055,NS
ENSSSCG00000009766,1.8284353693499686,1.1954945724704023,-0.6329407968795664,-0.28798185941043086,0.11295076462440864,21,21,0.3499967010457579,NS
ENSSSCG00000030197,4.587425040321814,3.845562846139682,-0.741862194182132,-0.26530612244897966,0.14455604430349378,21,21,0.3939827031871146,NS
ENSSSCG00000007733,1.2502758463064039,0.5456788643495196,-0.7045969819568842,-0.5895691609977325,0.0010392974785297117,21,21,0.045411342055502055,NS
ENSSSCG00000039769,2.8121614172184732,1.1412112803093504,-1.6709501369091229,-0.5555555555555556,0.0021468699384335254,21,21,0.06164710990033811,NS
ENSSSCG00000032171,1.6694216364898038,1.1943963362114256,-0.4750253002783782,-0.1360544217687074,0.4578479388429678,21,21,0.7071712995078449,NS
ENSSSCG00000026180,1.9353689086692436,2.115475451434469,0.1801065427652253,0.11337868480725621,0.537669744171811,21,21,0.766662740598342,NS
ENSSSCG00000030820,3.0337785576059098,1.2168781942901332,-1.8169003633157765,-0.5011337868480725,0.00565325059492362,21,21,0.09074844593811734,NS
ENSSSCG00000040608,0.8275675894809134,0.62090074614925,-0.2066668433316634,-0.10657596371882083,0.561982574865466,21,21,0.7833833809361512,NS
ENSSSCG00000037670,2.1481761817012046,3.006454358791654,0.8582781770904493,0.28798185941043086,0.11300913889451222,21,21,0.3499967010457579,NS
ENSSSCG00000026722,1.6279417116487478,1.6704292474755196,0.04248753582677178,-0.015873015873015817,0.9398332443569812,21,21,0.9783494422867809,NS
ENSSSCG00000000906,1.5907472923375932,0.7263974752038889,-0.8643498171337043,-0.4240362811791383,0.019212506160017174,21,21,0.15552648422397167,NS
ENSSSCG00000000837,2.0528647046585866,2.2718397135273696,0.21897500886878296,0.14739229024943312,0.42081027258781667,21,21,0.6751374148904354,NS
ENSSSCG00000039793,2.1786577002765117,2.189590393860136,0.010932693583624253,0.04308390022675734,0.820889035690062,21,21,0.9318998211511518,NS
ENSSSCG00000026947,0.36320385775922015,0.3214892154882551,-0.04171464227096505,-0.061224489795918435,0.7350589515443476,21,21,0.8887036319341249,NS
ENSSSCG00000011632,1.4153209632187174,1.2203342149115322,-0.1949867483071852,0.07029478458049887,0.7059124851909175,21,21,0.8691022220107433,NS
ENSSSCG00000013295,0.4334515676123768,0.1861496514377777,-0.2473019161745991,-0.473922902494331,0.004218593330268827,21,21,0.07864008218925041,NS
ENSSSCG00000002257,0.37062486126043287,0.1056022203488546,-0.2650226409115783,-0.22222222222222232,0.16248672106584772,21,21,0.41595385568636106,NS
ENSSSCG00000035254,0.5166705268116447,0.5624720147962725,0.0458014879846278,0.07482993197278909,0.6803783839911223,21,21,0.8549909716393294,NS
ENSSSCG00000014280,1.8003457074295348,1.3525586192081906,-0.44778708822134417,-0.2789115646258504,0.1249066561322159,21,21,0.3688590878463198,NS
ENSSSCG00000036832,1.3844975785575917,0.7658085007663731,-0.6186890777912186,-0.26984126984126977,0.13775887453894567,21,21,0.3858781529159893,NS
ENSSSCG00000028856,0.15368931611797812,0.35276916118772045,0.19907984506974233,0.1428571428571429,0.34110184028711243,21,21,0.6040161652993266,NS
ENSSSCG00000015603,2.617689517782842,2.4263500456652642,-0.19133947211757762,-0.02947845804988658,0.8800274316446192,21,21,0.9581000128681301,NS
ENSSSCG00000034066,0.4701039732003264,0.5011861073304626,0.031082134130136274,-0.0975056689342404,0.5960581069557325,21,21,0.8062920726419195,NS
ENSSSCG00000011943,0.8712212494851909,0.3140453924334188,-0.5571758570517721,-0.5963718820861679,0.000698608349007899,21,21,0.04167350673212336,NS
ENSSSCG00000016061,2.8096111629497242,2.0931021755540264,-0.7165089873956978,-0.2517006802721089,0.16649147398308384,21,21,0.41913082991704775,NS
ENSSSCG00000004952,0.6253415162925179,0.3216190387216886,-0.30372247757082926,-0.2743764172335601,0.10666610941199489,21,21,0.34142639477651104,NS
ENSSSCG00000006137,1.7335710394125774,0.8055447795488316,-0.9280262598637458,-0.39682539682539675,0.028269080934171055,21,21,0.18957442679377465,NS
ENSSSCG00000033167,1.7033122232160904,1.3429577264265118,-0.36035449678957865,-0.19727891156462585,0.2793093317664517,21,21,0.5446243796584893,NS
ENSSSCG00000003728,2.527323236659506,1.05839893732634,-1.4689242993331662,-0.5419501133786848,0.002756580179810145,21,21,0.0678052262065058,NS
ENSSSCG00000037701,1.3471640129145486,0.9345243073199382,-0.4126397055946104,-0.28344671201814053,0.11869179639302878,21,21,0.3593522290120254,NS
ENSSSCG00000012202,0.8107333557392505,0.32475751230855565,-0.4859758434306949,-0.5963718820861679,0.0006494656085990493,21,21,0.0411432311026537,NS
ENSSSCG00000030408,2.0182907606631013,1.6255984547900808,-0.3926923058730205,-0.11111111111111116,0.5460180023945915,21,21,0.7703997318854171,NS
ENSSSCG00000001076,2.2660858722848696,1.894038110787651,-0.37204776149721863,-0.10657596371882083,0.5628712368271559,21,21,0.7833833809361512,NS
ENSSSCG00000007812,1.592549279222309,1.448889025157851,-0.14366025406445804,-0.11791383219954654,0.5211995919242245,21,21,0.7533563423093511,NS
ENSSSCG00000001074,2.2226048427240395,1.9090472911343135,-0.313557551589726,-0.11111111111111116,0.5460017363773491,21,21,0.7703997318854171,NS
ENSSSCG00000017604,0.7876620685202156,0.44360813858858755,-0.34405392993162803,-0.20181405895691618,0.2651389500737582,21,21,0.5349568227958769,NS
ENSSSCG00000038760,1.6654628497534485,1.5445475087967142,-0.12091534095673429,0.02947845804988658,0.8800274316446192,21,21,0.9581000128681301,NS
ENSSSCG00000030217,1.623124427936329,1.7600547041656913,0.13693027622936227,0.02947845804988658,0.8800274316446192,21,21,0.9581000128681301,NS
ENSSSCG00000015328,0.3640737942907438,0.27318885801155224,-0.09088493627919159,-0.17006802721088432,0.33224260828700236,21,21,0.600101182951247,NS
ENSSSCG00000033314,0.49353680687544044,1.504108850665109,1.0105720437896686,0.5963718820861679,0.0009734995421504415,21,21,0.04417827813527798,Up (PA>IVF)
ENSSSCG00000007317,0.8055766820868092,0.6851834598681348,-0.12039322221867443,-0.21541950113378694,0.23159409651033092,21,21,0.4967903383554941,NS
ENSSSCG00000023324,1.837644250166072,1.7939696701435905,-0.04367458002248137,-0.015873015873015817,0.9398429773571263,21,21,0.9783494422867809,NS
ENSSSCG00000037451,2.859571976353661,1.6105524534220994,-1.2490195229315615,-0.43764172335600904,0.015737324159875152,21,21,0.14112162579966475,NS
ENSSSCG00000033849,1.0708620110933744,0.5716108899265345,-0.4992511211668399,-0.41496598639455784,0.021618594516240843,21,21,0.16738550607382865,NS
ENSSSCG00000022240,1.650166726104063,1.2975523189205527,-0.3526144071835102,-0.17460317460317465,0.33911360013116165,21,21,0.6008056035381634,NS
ENSSSCG00000012512,0.3815073495012874,0.3147718459842999,-0.06673550351698748,0.19274376417233563,0.27426016714054935,21,21,0.542979724843916,NS
ENSSSCG00000013507,0.7325163598565926,0.1431151742387471,-0.5894011856178455,-0.3696145124716552,0.03787092914251782,21,21,0.21598672940182834,NS
ENSSSCG00000001970,1.654639438382203,0.7154962705462486,-0.9391431678359543,-0.44217687074829937,0.014602649745991061,21,21,0.1374145078012505,NS
ENSSSCG00000022521,1.039040948481162,0.151417830072153,-0.887623118409009,-0.5079365079365079,0.003908075758810541,21,21,0.0765982848726866,NS
ENSSSCG00000036758,0.8871370132646261,1.9017490062745606,1.0146119930099344,0.4058956916099773,0.025046988844126813,21,21,0.1780582660160118,NS
ENSSSCG00000025315,1.9204475889925312,1.5091573458439338,-0.4112902431485974,-0.1428571428571428,0.43549215491585636,21,21,0.6880757384611778,NS
ENSSSCG00000036178,0.5944212580543339,0.45797530582037027,-0.1364459522339636,0.015873015873015928,0.938937445883249,21,21,0.9783494422867809,NS
ENSSSCG00000032723,1.8100522517771178,1.3818422108700077,-0.4282100409071101,-0.1882086167800454,0.30236014932755606,21,21,0.5703026187481536,NS
ENSSSCG00000004747,1.3601957521671015,1.0064312066771117,-0.3537645454899898,-0.006802721088435382,0.9799274874348569,21,21,0.9954575561004508,NS
ENSSSCG00000007924,2.4534435403087396,1.2466935670022081,-1.2067499733065314,-0.44217687074829937,0.01467890233232348,21,21,0.1374145078012505,NS
ENSSSCG00000005198,0.4384032200883038,0.07404453826693576,-0.36435868182136805,-0.3378684807256236,0.05070598573122091,21,21,0.2432197953867939,NS
ENSSSCG00000036828,0.7474465025981576,0.4309835753429262,-0.3164629272552314,-0.17913832199546476,0.3193130801902503,21,21,0.5873142023720482,NS
ENSSSCG00000015818,3.0978131880585265,1.7070853596662439,-1.3907278283922826,-0.4693877551020409,0.009556930417867461,21,21,0.1161780757609714,NS
ENSSSCG00000007786,0.43707907536552526,0.267715778007066,-0.16936329735845929,-0.28344671201814053,0.10654357418375693,21,21,0.34142639477651104,NS
ENSSSCG00000033228,1.342628893255898,1.355395325498513,0.012766432242614867,-0.01133786848072571,0.9598741753513395,21,21,0.9869209896448123,NS
ENSSSCG00000004635,2.398535986067742,1.6937985546987118,-0.7047374313690302,-0.20634920634920628,0.25755380359606384,21,21,0.523503631199315,NS
ENSSSCG00000032007,0.9522725467831459,1.1514407387659595,0.19916819198281366,0.02947845804988658,0.8800081312598497,21,21,0.9581000128681301,NS
ENSSSCG00000014933,1.2600548039102253,1.192668178717857,-0.06738662519236827,0.0022675736961451642,1.0,21,21,1.0,NS
ENSSSCG00000005427,2.6260307769623052,1.784346326125407,-0.8416844508368984,-0.33333333333333326,0.06629210007834077,21,21,0.2723588264951059,NS
ENSSSCG00000001934,2.113345366902133,2.6770545164208466,0.5637091495187136,0.1655328798185941,0.36514408957445854,21,21,0.6272800312138134,NS
ENSSSCG00000004103,1.1689115319860186,0.5061117414460986,-0.66279979053992,-0.41496598639455784,0.021768456493182594,21,21,0.1674730894955559,NS
ENSSSCG00000009868,0.8807450061703225,0.3478540994486786,-0.5328909067216439,-0.3038548752834467,0.08827375798345061,21,21,0.31194620610365387,NS
ENSSSCG00000022478,0.6878676812628236,0.2927953745912117,-0.3950723066716119,-0.4512471655328798,0.009964042025290037,21,21,0.11805410758806503,NS
ENSSSCG00000000985,0.24796286140204415,0.6403101320567056,0.39234727065466146,0.19047619047619047,0.2908428552596588,21,21,0.5573134042126423,NS
ENSSSCG00000028293,0.4878896009088238,0.27470030251638766,-0.2131892983924361,-0.5011337868480725,0.004623838577684955,21,21,0.0822639591112725,NS
ENSSSCG00000006857,0.9674403645856754,0.6424706016478448,-0.32496976293783064,-0.21995464852607705,0.22498103547647075,21,21,0.49084652942506357,NS
ENSSSCG00000005180,2.1936974985705144,1.1551650078199909,-1.0385324907505236,-0.4920634920634921,0.006582480835446237,21,21,0.09765862760280812,NS
ENSSSCG00000010319,0.9752176799830939,0.8995513420247212,-0.07566633795837274,-0.038548752834467015,0.8397357162135455,21,21,0.9396794525202588,NS
ENSSSCG00000029954,1.8308172546894785,1.5333196246441496,-0.2974976300453289,-0.1882086167800454,0.30236014932755606,21,21,0.5703026187481536,NS
ENSSSCG00000004368,1.0654849583316848,0.8082577075423548,-0.25722725078932995,-0.19274376417233552,0.29003606841006546,21,21,0.5572357098576629,NS
ENSSSCG00000000265,0.6799669524007543,0.6939822442633681,0.014015291862613743,0.0975056689342404,0.5967907099140859,21,21,0.8062920726419195,NS
ENSSSCG00000010628,1.4880003934436612,0.7093151533108978,-0.7786852401327634,-0.38095238095238093,0.035423024062649924,21,21,0.210209295043061,NS
ENSSSCG00000037617,1.60194784939205,1.3645838576242408,-0.2373639917678092,-0.19274376417233552,0.2907015331768207,21,21,0.5572357098576629,NS
ENSSSCG00000004577,2.091091342696166,1.0276554313551753,-1.0634359113409908,-0.36281179138322006,0.045504326848290096,21,21,0.2336524567210105,NS
ENSSSCG00000030467,1.3724560450607686,0.6731932394706087,-0.6992628055901599,-0.4693877551020409,0.009556930417867461,21,21,0.1161780757609714,NS
ENSSSCG00000008096,0.5552194542870456,0.4128269568968421,-0.14239249739020343,-0.19274376417233552,0.286384655288089,21,21,0.553564027973032,NS
ENSSSCG00000038958,1.3264768879621835,0.32693806394756864,-0.9995388240146149,-0.5328798185941044,0.0031785398774441436,21,21,0.07135641789976087,NS
ENSSSCG00000011620,0.6798638710385992,0.7692378634660914,0.08937399242749211,-0.12244897959183665,0.4969689283338278,21,21,0.7336937392345346,NS
ENSSSCG00000014394,2.2370846754957436,1.269797823106732,-0.9672868523890117,-0.3605442176870748,0.04687985988252534,21,21,0.2350491979746632,NS
ENSSSCG00000015310,3.646450901133295,4.092921271350834,0.446470370217539,0.21995464852607705,0.22724906376880494,21,21,0.49084652942506357,NS
ENSSSCG00000010834,2.342510926314012,1.3390611515899715,-1.0034497747240405,-0.22448979591836737,0.2177133653142379,21,21,0.47992085027495884,NS
ENSSSCG00000008346,1.8164524347884945,0.9733908466377412,-0.8430615881507533,-0.20181405895691618,0.2683576760316526,21,21,0.5349996098742043,NS
ENSSSCG00000014088,1.7894166450040847,2.270823244769452,0.48140659976536715,0.17006802721088432,0.3519764902680531,21,21,0.6139228892038759,NS
ENSSSCG00000006136,0.6549417874632594,0.2376927794643646,-0.41724900799889475,-0.256235827664399,0.14491243881455163,21,21,0.39448386121739054,NS
ENSSSCG00000034714,1.264376632086141,0.927602416840516,-0.3367742152456249,-0.16099773242630389,0.3779379355681981,21,21,0.6403962425284595,NS
ENSSSCG00000000402,3.504856168605869,3.062749475019845,-0.44210669358602406,-0.24263038548752824,0.18244838844550215,21,21,0.4396192289203178,NS
ENSSSCG00000009758,0.39516618762791805,0.5818761360076853,0.18670994837976723,-0.10430839002267578,0.5668621217905436,21,21,0.7873403837787263,NS
ENSSSCG00000009384,1.526392668662482,1.0935299466465505,-0.43286272201593157,-0.11564625850340127,0.5294187787914176,21,21,0.7578908227272798,NS
ENSSSCG00000032861,0.9042263002376382,0.434299284529118,-0.4699270157085202,-0.24489795918367352,0.17544296178430363,21,21,0.43075830989274266,NS
ENSSSCG00000009148,1.1656980067826974,0.8500983663482768,-0.31559964043442057,-0.256235827664399,0.15832620938372877,21,21,0.4089176259717459,NS
ENSSSCG00000032332,2.8928415050833722,2.057610913325136,-0.8352305917582363,-0.21995464852607705,0.22724906376880494,21,21,0.49084652942506357,NS
ENSSSCG00000006475,0.8894722296182591,1.057290368017358,0.16781813839909887,-0.03401360544217691,0.8601108632068536,21,21,0.9490399532059208,NS
ENSSSCG00000040265,1.965680093179449,1.6484497601868948,-0.3172303329925541,-0.054421768707483054,0.7723497206715801,21,21,0.9077127092354017,NS
ENSSSCG00000013227,0.9601010291750575,0.7654753924456178,-0.19462563672943967,-0.03628117913832196,0.8501428522549881,21,21,0.9480546773314797,NS
ENSSSCG00000027230,2.3526427507275547,2.3154704347364934,-0.0371723159910613,-0.03401360544217691,0.8602230946114309,21,21,0.9490399532059208,NS
ENSSSCG00000000040,0.7093348958375131,0.7256819085494578,0.01634701271194472,-0.020408163265306145,0.9189078186726797,21,21,0.9725908472022055,NS
ENSSSCG00000011243,1.7943581402182631,1.4310558184459128,-0.36330232177235033,-0.19274376417233552,0.2903298688106136,21,21,0.5572357098576629,NS
ENSSSCG00000010186,0.47212756490588825,0.7607767119260794,0.2886491470201912,-0.01133786848072571,0.9595119745627091,21,21,0.9869209896448123,NS
ENSSSCG00000025221,0.4644650538084904,0.2538612296841621,-0.21060382412432832,-0.3015873015873016,0.08370738406545528,21,21,0.3051183074861972,NS
ENSSSCG00000034280,2.209525686276773,1.7046549839571277,-0.5048707023196453,-0.21541950113378694,0.2370788366276667,21,21,0.49934320517832165,NS
ENSSSCG00000021285,2.550129627447314,0.8279652182927814,-1.7221644091545327,-0.46485260770975056,0.01029127938830835,21,21,0.11890408570106216,NS
ENSSSCG00000011881,2.4094457567755665,1.611334835840662,-0.7981109209349044,-0.3786848072562359,0.03677394675503986,21,21,0.21234539296334817,NS
ENSSSCG00000010652,1.1771616131381129,0.9610551952358983,-0.21610641790221452,-0.08616780045351469,0.64118505953169,21,21,0.8328637069123963,NS
ENSSSCG00000028677,0.4720312574132077,0.44427315425829644,-0.027758103154911284,-0.08843537414965996,0.6208894986456939,21,21,0.8222590657740271,NS
ENSSSCG00000011600,0.5559980216863332,0.24657414750492532,-0.3094238741814078,-0.1882086167800454,0.2858484173140572,21,21,0.552839059141368,NS
ENSSSCG00000008363,3.8521188071795467,2.6878433612726735,-1.1642754459068732,-0.3696145124716552,0.0415884552820841,21,21,0.2244664069512958,NS
ENSSSCG00000024648,1.4732065846374405,0.3359050535439258,-1.1373015310935146,-0.5691609977324263,0.0015470943554653316,21,21,0.0505977886445505,NS
ENSSSCG00000015667,1.2691758511286306,0.4624838574576433,-0.8066919936709873,-0.5487528344671202,0.002162089461055192,21,21,0.061799723761827574,NS
ENSSSCG00000002818,1.8866259498130233,1.1530228236304556,-0.7336031261825677,-0.27210884353741505,0.13429614391631503,21,21,0.3837032683323287,NS
ENSSSCG00000035196,0.8069917487010672,0.7456021420178827,-0.061389606683184494,-0.22675736961451243,0.20770774945179893,21,21,0.46888391299875337,NS
ENSSSCG00000036049,2.4272860663237625,1.3820350900494562,-1.0452509762743063,-0.3605442176870748,0.046888776900571166,21,21,0.2350491979746632,NS
ENSSSCG00000011238,0.6673305209713333,0.947817679002562,0.2804871580312287,0.2335600907029478,0.19849070039669336,21,21,0.4574984559108449,NS
ENSSSCG00000002370,0.6432631805415792,0.7542351109890247,0.11097193044744558,0.04761904761904767,0.8004309388355547,21,21,0.9213153463710844,NS
ENSSSCG00000023908,1.9764970981108054,2.0427827259194293,0.0662856278086239,0.04761904761904767,0.8013831883084928,21,21,0.9213153463710844,NS
ENSSSCG00000038394,2.010410931430053,2.247016436977494,0.2366055055474412,0.10657596371882083,0.5628712368271559,21,21,0.7833833809361512,NS
ENSSSCG00000015668,1.687638072109807,1.0750471220940732,-0.6125909500157338,-0.2743764172335601,0.13114831029505128,21,21,0.37835478192585825,NS
ENSSSCG00000030294,3.0012056581386273,2.9145595601902614,-0.08664609794836586,0.015873015873015928,0.9398429773571263,21,21,0.9783494422867809,NS
ENSSSCG00000026382,2.365139225908647,1.0820963505217571,-1.2830428753868899,-0.510204081632653,0.004839051599764724,21,21,0.08343642398977885,NS
ENSSSCG00000032404,2.8577154550350543,2.7204629543563588,-0.13725250067869554,0.015873015873015928,0.9398429773571263,21,21,0.9783494422867809,NS
ENSSSCG00000032702,1.1679531647931387,1.620291337464123,0.4523381726709843,0.20181405895691606,0.2682800977865001,21,21,0.5349996098742043,NS
ENSSSCG00000027098,0.5938216993647975,0.6817685062475586,0.08794680688276113,0.13378684807256236,0.4626789331490305,21,21,0.7103857207086134,NS
ENSSSCG00000040615,1.3301873317652386,0.825918632904679,-0.5042686988605596,-0.25396825396825395,0.16250092321274745,21,21,0.41595385568636106,NS
ENSSSCG00000008812,1.8571744740432938,1.608825372516574,-0.24834910152671985,-0.1428571428571428,0.43549215491585636,21,21,0.6880757384611778,NS
ENSSSCG00000000940,1.989940266462436,2.2160779957558563,0.22613772929342035,0.06575963718820865,0.7246601923877695,21,21,0.8813087398839223,NS
ENSSSCG00000009748,1.1958115618399947,0.5028546476860618,-0.6929569141539329,-0.2857142857142858,0.1134554797078381,21,21,0.3507456470463134,NS
ENSSSCG00000010357,4.2290107479526275,3.59617933082214,-0.6328314171304874,-0.4104308390022675,0.023573092816297346,21,21,0.17258422275325483,NS
ENSSSCG00000014269,2.2786687140465536,1.6887791499020597,-0.5898895641444939,-0.13378684807256236,0.46568579971233737,21,21,0.7103857207086134,NS
ENSSSCG00000016943,0.7520644580554291,0.27955373793769,-0.4725107201177391,-0.3378684807256236,0.05070598573122091,21,21,0.2432197953867939,NS
ENSSSCG00000017477,2.4689743484704025,1.7616948713216265,-0.707279477148776,-0.15646258503401356,0.39238776291674793,21,21,0.6539796048612466,NS
ENSSSCG00000028475,0.9523420706411299,1.070966455092589,0.11862438445145917,-0.020408163265306145,0.9198368205726829,21,21,0.9725908472022055,NS
ENSSSCG00000010645,1.3263243047516766,0.7137645462147484,-0.6125597585369282,-0.40362811791383213,0.02593487606038609,21,21,0.1819153883172276,NS
ENSSSCG00000036431,1.619395055544827,0.9376761951326639,-0.6817188604121632,-0.24716553287981857,0.17433363250882716,21,21,0.42834123173730454,NS
ENSSSCG00000027063,0.5199351039535783,0.19664011922064611,-0.3232949847329322,-0.473922902494331,0.0064227365207033755,21,21,0.09765862760280812,NS
ENSSSCG00000004621,2.0039714090449543,1.7702968635801453,-0.23367454546480904,-0.0793650793650793,0.6689077174430536,21,21,0.8447545916162275,NS
ENSSSCG00000035114,2.1945590451337047,1.8076497275481556,-0.38690931758554914,-0.12471655328798192,0.4970079892453181,21,21,0.7336937392345346,NS
ENSSSCG00000030424,1.4882945204054732,1.9721874369177013,0.4838929165122281,0.19727891156462585,0.2793872631916571,21,21,0.5446243796584893,NS
ENSSSCG00000029408,1.7156569386788578,1.2624126292551605,-0.4532443094236973,-0.18367346938775508,0.3142855259642964,21,21,0.5805420605146814,NS
ENSSSCG00000011405,1.0674117408528052,0.9551315376280821,-0.1122802032247231,-0.1950113378684808,0.2843321219602609,21,21,0.551461226080687,NS
ENSSSCG00000035038,1.1983382074999054,0.8503179710474691,-0.3480202364524363,-0.08843537414965996,0.6325414341971227,21,21,0.8251293316812793,NS
ENSSSCG00000015498,1.743305661545942,1.110809428225879,-0.632496233320063,-0.20181405895691618,0.26833828356239,21,21,0.5349996098742043,NS
ENSSSCG00000027675,1.6170980919803424,0.7400792434971506,-0.8770188484831918,-0.5056689342403629,0.005226371479501326,21,21,0.08723335364812433,NS
ENSSSCG00000030469,0.9747159191596776,1.0505523976365005,0.07583647847682295,0.10430839002267578,0.5708443083168177,21,21,0.7915892369220475,NS
ENSSSCG00000023334,0.9338492635782183,1.3056630715842528,0.3718138080060345,0.2403628117913832,0.185984032768456,21,21,0.4452517959821363,NS
ENSSSCG00000034733,2.2951596958097324,2.082500602914012,-0.21265909289572038,-0.15646258503401356,0.39238776291674793,21,21,0.6539796048612466,NS
ENSSSCG00000031701,1.793798089334965,1.2694769644146888,-0.5243211249202762,-0.27210884353741505,0.13443823035165864,21,21,0.3837895381657837,NS
ENSSSCG00000030680,1.0062459629255915,1.1606520690553148,0.15440610612972328,0.0045351473922902175,0.9899641696611663,21,21,1.0,NS
ENSSSCG00000015898,2.190172989174652,1.3310445602907042,-0.8591284288839478,-0.346938775510204,0.05588726196132822,21,21,0.2527717816851408,NS
ENSSSCG00000031967,0.6739238249537096,0.306035157472561,-0.3678886674811486,-0.44217687074829937,0.014458648819110692,21,21,0.1374145078012505,NS
ENSSSCG00000000936,1.3241647921330437,0.7407847394192759,-0.5833800527137678,-0.35147392290249435,0.05220956368478746,21,21,0.24682112491978944,NS
ENSSSCG00000016553,1.8364494319826363,1.166651591936176,-0.6697978400464604,-0.3151927437641724,0.08260874319203763,21,21,0.3023991346304046,NS
ENSSSCG00000022948,0.7901039017057323,0.2762420296980739,-0.5138618720076584,-0.346938775510204,0.04920743648307847,21,21,0.24014966087687317,NS
ENSSSCG00000015427,1.6912090949896208,1.5588213041165933,-0.13238779087302754,0.0113378684807256,0.9598741753513395,21,21,0.9869209896448123,NS
ENSSSCG00000005015,3.735189462432357,2.4218546816829,-1.3133347807494569,-0.3605442176870748,0.046888776900571166,21,21,0.2350491979746632,NS
ENSSSCG00000015378,0.2377276077877057,0.39145848201089856,0.15373087422319284,0.19727891156462585,0.25981007828999425,21,21,0.5271508834869448,NS
ENSSSCG00000017288,1.8765686874975889,1.2610699675384371,-0.6154987199591517,-0.2857142857142858,0.11574865777148378,21,21,0.35552220206625207,NS
ENSSSCG00000010604,2.0678351037724005,1.2040622753986574,-0.8637728283737431,-0.3786848072562359,0.03680447117105262,21,21,0.21234539296334817,NS
ENSSSCG00000038917,2.055574386287504,1.1476380241745037,-0.9079363621130006,-0.3197278911564625,0.07825502308568134,21,21,0.29484995892048155,NS
ENSSSCG00000033149,0.6270211681942504,0.16976354471139535,-0.45725762348285504,-0.37414965986394555,0.024067274452501484,21,21,0.17526698805112545,NS
ENSSSCG00000018039,2.7698573590099964,1.7764512061559097,-0.9934061528540867,-0.2970521541950113,0.10202324211434627,21,21,0.3332759242401978,NS
ENSSSCG00000008079,1.151214389971022,0.6443010048358462,-0.5069133851351759,-0.2902494331065759,0.10967414348024092,21,21,0.3475125285332345,NS
ENSSSCG00000028078,0.45160113458138984,0.2940628932301267,-0.15753824135126315,-0.22675736961451243,0.19457048733003168,21,21,0.45368917168049533,NS
ENSSSCG00000012118,1.909224713941551,1.4256953469622904,-0.48352936697926063,-0.10884353741496589,0.5543972446915157,21,21,0.7793371103655323,NS
ENSSSCG00000001869,2.113923614949867,1.97650881747797,-0.1374147974718969,-0.049886621315192725,0.791667439309527,21,21,0.9193218203428043,NS
ENSSSCG00000014321,0.7073151898821968,0.13530432370081477,-0.572010866181382,-0.46485260770975056,0.009198578068677875,21,21,0.11398115809122336,NS
ENSSSCG00000036554,1.5233564673206552,1.5310526564230653,0.0076961891024101,0.02947845804988658,0.8800274316446192,21,21,0.9581000128681301,NS
ENSSSCG00000014907,0.4646305447725049,0.7632973067491724,0.29866676197666747,0.020408163265306145,0.9189078186726797,21,21,0.9725908472022055,NS
ENSSSCG00000040989,0.5509967713563109,0.2017941835941696,-0.3492025877621413,-0.26984126984126977,0.11263236690688205,21,21,0.3499967010457579,NS
ENSSSCG00000004630,0.7906585575937884,0.3355890405884028,-0.45506951700538567,-0.399092970521542,0.02490574358330942,21,21,0.1780582660160118,NS
ENSSSCG00000006813,1.4311870860263067,0.737879613514184,-0.6933074725121228,-0.25396825396825395,0.16250092321274745,21,21,0.41595385568636106,NS
ENSSSCG00000008138,2.5702829759847825,1.3314555564809318,-1.2388274195038507,-0.39682539682539675,0.028629607311712907,21,21,0.18957442679377465,NS
ENSSSCG00000010429,1.0962841580425706,0.9325068715846162,-0.16377728645795442,-0.07029478458049887,0.7052856280004758,21,21,0.8691022220107433,NS
ENSSSCG00000001752,0.7821598089541789,0.5346865170309358,-0.24747329192324308,-0.09523809523809534,0.6036386723345122,21,21,0.8122717324862208,NS
ENSSSCG00000015396,3.60876405386416,3.2138460580313026,-0.39491799583285747,-0.24716553287981857,0.17433363250882716,21,21,0.42834123173730454,NS
ENSSSCG00000009193,1.7424467321207253,1.2541851610183303,-0.488261571102395,-0.16099773242630389,0.37859577185828774,21,21,0.6403962425284595,NS
ENSSSCG00000011121,1.1114828693373089,1.6950353185130735,0.5835524491757647,0.2562358276643991,0.15885001098352836,21,21,0.4089176259717459,NS
ENSSSCG00000006135,0.898571362139313,0.8472648334021562,-0.0513065287371568,0.19727891156462585,0.279192391280195,21,21,0.5446243796584893,NS
ENSSSCG00000017869,1.3851718981923369,0.9893681188430189,-0.395803779349318,-0.1995464852607709,0.2738150795294414,21,21,0.5427250637307044,NS
ENSSSCG00000024770,1.2588391173442275,0.9502925650806168,-0.3085465522636107,-0.2335600907029478,0.19932996542039527,21,21,0.4574984559108449,NS
ENSSSCG00000005502,1.1770838865813384,1.1341767721941505,-0.04290711438718797,0.061224489795918324,0.7434486041422343,21,21,0.8907689783709924,NS
ENSSSCG00000024152,0.6635748340795644,0.4925543797695377,-0.17102045431002671,-0.2108843537414966,0.24613087105253972,21,21,0.5117165520743475,NS
ENSSSCG00000012700,1.2959756013518027,1.1914824669024935,-0.10449313444930919,-0.015873015873015817,0.9398332443569812,21,21,0.9783494422867809,NS
ENSSSCG00000024556,1.7235525104068283,1.4071543177493895,-0.31639819265743885,-0.04308390022675734,0.8208604944637742,21,21,0.9318998211511518,NS
ENSSSCG00000024970,0.34622532614037427,0.8583506945001179,0.5121253683597436,0.23809523809523814,0.18566098598667802,21,21,0.4452517959821363,NS
ENSSSCG00000016918,1.1445007377655174,0.8653343597930562,-0.27916637797246124,0.11564625850340138,0.5293520358690783,21,21,0.7578908227272798,NS
ENSSSCG00000011929,1.560101976834737,0.8284612167065172,-0.7316407601282199,-0.48752834467120176,0.007107324725302261,21,21,0.09940098455645346,NS
ENSSSCG00000022283,2.2437241523433116,1.6834191284159674,-0.5603050239273442,-0.18367346938775508,0.3143051330541584,21,21,0.5805420605146814,NS
ENSSSCG00000024257,0.27273438169191533,0.20101799110373564,-0.07171639058817969,-0.2789115646258504,0.10992270492095922,21,21,0.34813931475428456,NS
ENSSSCG00000022993,1.8532639353969866,1.6355024329897585,-0.21776150240722814,-0.08390022675736963,0.6506903704105349,21,21,0.8344026504702031,NS
ENSSSCG00000040087,1.7833201566671713,1.150064412976476,-0.6332557436906951,-0.12925170068027203,0.48120815818423346,21,21,0.7223387232262236,NS
ENSSSCG00000016074,1.7558141891992258,0.7549537982582121,-1.0008603909410136,-0.45351473922902485,0.012191475885790616,21,21,0.12768477034583758,NS
ENSSSCG00000038646,2.010726113209572,1.9610962090571378,-0.04962990415243418,-0.02947845804988658,0.8800274316446192,21,21,0.9581000128681301,NS
ENSSSCG00000013388,0.4924333950294454,0.07770687306758395,-0.41472652196186144,-0.40816326530612246,0.014984564918465674,21,21,0.13985593923901296,NS
ENSSSCG00000014307,0.4068601992925432,0.15954660126735454,-0.24731359802518865,-0.3605442176870748,0.03973882075174642,21,21,0.22109352015975706,NS
ENSSSCG00000025408,1.077600572646936,1.0397909585384577,-0.03780961410847827,0.0045351473922902175,0.9899605081076394,21,21,1.0,NS
ENSSSCG00000026110,1.4793717543944174,0.9671132096404917,-0.5122585447539256,-0.24263038548752824,0.18209380047055468,21,21,0.4396192289203178,NS
ENSSSCG00000011788,1.7421078675651205,0.8403109502166645,-0.901796917348456,-0.4240362811791383,0.019290811198662057,21,21,0.15552648422397167,NS
ENSSSCG00000027860,0.2881433832031433,0.4659153779607325,0.1777719947575892,0.17233560090702948,0.3257504734178577,21,21,0.5929529726545689,NS
ENSSSCG00000008750,0.8883519507497623,0.20113450654060014,-0.6872174442091621,-0.4988662131519275,0.004111063764558245,21,21,0.07727244720864224,NS
ENSSSCG00000003532,1.538470244349904,1.74058428122873,0.2021140368788259,0.08843537414965985,0.632679341784771,21,21,0.8251293316812793,NS
ENSSSCG00000011802,1.0875019658796445,0.479283036144925,-0.6082189297347196,-0.37414965986394555,0.03687941590627832,21,21,0.21259898581266326,NS
ENSSSCG00000004023,1.487563749181616,0.9208273478797779,-0.5667364013018381,-0.2789115646258504,0.12437150269040166,21,21,0.3688590878463198,NS
ENSSSCG00000012591,1.2320924225129541,0.5841099109912461,-0.647982511521708,-0.5011337868480725,0.00563576497286339,21,21,0.09074844593811734,NS
ENSSSCG00000032941,0.5596942848891876,0.22182656789476402,-0.3378677169944236,-0.16553287981859421,0.3486978294548888,21,21,0.6139228892038759,NS
ENSSSCG00000002502,2.721701239335457,1.9964568394762385,-0.7252443998592186,-0.24716553287981857,0.17433363250882716,21,21,0.42834123173730454,NS
ENSSSCG00000012743,1.1881638710430764,0.780384850648694,-0.4077790203943824,-0.32879818594104315,0.06947217914169974,21,21,0.27842598868122526,NS
ENSSSCG00000009943,1.4087135641928594,3.730809004239615,2.3220954400467555,0.6145124716553287,0.0006837213331927875,21,21,0.0411432311026537,Up (PA>IVF)
ENSSSCG00000016109,1.7428399301736661,1.3591198196717964,-0.3837201105018697,-0.12698412698412698,0.48905610031549984,21,21,0.730602101081082,NS
ENSSSCG00000034611,1.665268894587065,1.5262531446490193,-0.13901574993804577,-0.015873015873015817,0.9398429773571263,21,21,0.9783494422867809,NS
ENSSSCG00000034386,2.388343340628677,2.19557895707838,-0.19276438355029724,-0.11111111111111116,0.5460180023945915,21,21,0.7703997318854171,NS
ENSSSCG00000011765,1.7392055843576286,0.5343096056217076,-1.204895978735921,-0.5419501133786848,0.0027358077981309795,21,21,0.0678052262065058,NS
ENSSSCG00000004973,1.4216749584450203,1.3018397240410655,-0.11983523440395483,0.1201814058956916,0.5130630069523204,21,21,0.7460214807570579,NS
ENSSSCG00000005170,3.9142620763369544,2.923217805627569,-0.9910442707093856,-0.32879818594104315,0.07010784129484465,21,21,0.27842598868122526,NS
ENSSSCG00000015976,0.48107757957440367,0.39918675024398853,-0.08189082933041514,-0.16326530612244894,0.3582535992610669,21,21,0.6226149893996799,NS
ENSSSCG00000011194,1.4285174466372537,0.8568113333962705,-0.5717061132409832,-0.2403628117913832,0.18643076568100103,21,21,0.4452517959821363,NS
ENSSSCG00000012650,0.9547328681234794,0.37910897626575185,-0.5756238918577274,-0.35147392290249435,0.04742395670116869,21,21,0.2366003721042282,NS
ENSSSCG00000037647,0.6858537987036433,0.34251307238821754,-0.3433407263154257,-0.3378684807256236,0.06139475282554807,21,21,0.2648855373479621,NS
ENSSSCG00000005082,2.013874352622859,1.9535950598272172,-0.060279292795641704,-0.09297052154195007,0.6148835592723955,21,21,0.8157225327032747,NS
ENSSSCG00000040434,0.5633004041559007,0.2901323462954988,-0.2731680578604019,-0.3877551020408163,0.02996997671630626,21,21,0.19561920810056366,NS
ENSSSCG00000020663,2.5339478168177165,1.5024852975819045,-1.031462519235812,-0.44217687074829937,0.014682920439987845,21,21,0.1374145078012505,NS
ENSSSCG00000015405,2.0318923222575407,1.3758257946626147,-0.656066527594926,-0.28344671201814053,0.11884122094676833,21,21,0.3593522290120254,NS
ENSSSCG00000013124,2.079431504114216,1.2006927080398615,-0.8787387960743547,-0.39682539682539675,0.02862315642140837,21,21,0.18957442679377465,NS
ENSSSCG00000003872,1.9305296563854992,1.4712942853656947,-0.4592353710198045,-0.20181405895691618,0.26833828356239,21,21,0.5349996098742043,NS
ENSSSCG00000015555,0.8328039907540357,0.8551882642054093,0.022384273451373615,-0.04308390022675734,0.8208176570331688,21,21,0.9318998211511518,NS
ENSSSCG00000035357,2.6609087713806225,1.717413287415599,-0.9434954839650236,-0.3015873015873016,0.09685836811015376,21,21,0.3231631520724199,NS
ENSSSCG00000011524,2.770181795400525,2.0040761965593945,-0.7661055988411305,-0.28798185941043086,0.11300913889451222,21,21,0.3499967010457579,NS
ENSSSCG00000010606,0.5227184417779401,0.7612492612610081,0.23853081948306798,-0.01133786848072571,0.9595119745627091,21,21,0.9869209896448123,NS
ENSSSCG00000021946,1.0863976974793321,0.2881298090120876,-0.7982678884672445,-0.4920634920634921,0.006118456498248131,21,21,0.0951759899727487,NS
ENSSSCG00000004617,2.4484451879109304,1.90191249551722,-0.5465326923937104,-0.1882086167800454,0.30236014932755606,21,21,0.5703026187481536,NS
ENSSSCG00000008983,0.5511336288138414,0.18327059298871,-0.3678630358251314,-0.3310657596371882,0.05350800390432687,21,21,0.2490263953756325,NS
ENSSSCG00000009732,0.6690168257651241,0.6003960659829234,-0.06862075978220072,-0.0793650793650793,0.6660967829561886,21,21,0.8447545916162275,NS
ENSSSCG00000004921,1.1268129284097086,0.4072868937011346,-0.719526034708574,-0.6235827664399094,0.00048851111406488,21,21,0.035650917473245496,NS
ENSSSCG00000012308,1.1804101098500301,0.48464966255373054,-0.6957604472962996,-0.4467120181405895,0.013236708444662796,21,21,0.1325113206542258,NS
ENSSSCG00000017018,0.851225474296347,0.4789733195654723,-0.3722521547308747,-0.2517006802721089,0.1636474056371905,21,21,0.41826423348402636,NS
ENSSSCG00000015777,1.286293191835591,0.6406592821135972,-0.6456339097219939,-0.30612244897959173,0.09116737971441535,21,21,0.3146040991494828,NS
ENSSSCG00000013409,0.8680463897850691,0.31811603985837805,-0.549930349926691,-0.24716553287981857,0.1704740087010831,21,21,0.4261850217527077,NS
ENSSSCG00000008591,2.669730812902265,2.114861512904529,-0.554869299997736,-0.16099773242630389,0.37861508946133926,21,21,0.6403962425284595,NS
ENSSSCG00000000766,1.9426428478813862,2.294829470600434,0.352186622719048,0.14739229024943312,0.4208290941795192,21,21,0.6751374148904354,NS
ENSSSCG00000014538,2.0651802887980204,2.55807304427662,0.49289275547859956,0.26077097505668934,0.15160731211683598,21,21,0.401864822689913,NS
ENSSSCG00000012150,0.4032629398545349,0.3950073408077107,-0.008255599046824158,0.217687074829932,0.22666714685984002,21,21,0.49084652942506357,NS
ENSSSCG00000004753,1.1097171439738704,0.7675147879038345,-0.3422023560700359,-0.2335600907029478,0.19914769653271758,21,21,0.4574984559108449,NS
ENSSSCG00000010433,0.9062678000955254,0.29455873808530864,-0.6117090620102168,-0.31065759637188206,0.08433942484010065,21,21,0.3069328670573424,NS
ENSSSCG00000014838,3.5222159572585086,2.850829632605954,-0.6713863246525547,-0.21541950113378694,0.2370788366276667,21,21,0.49934320517832165,NS
ENSSSCG00000007477,0.7655987615148805,0.6683104009534802,-0.09728836056140033,-0.21995464852607705,0.2268722390803064,21,21,0.49084652942506357,NS
ENSSSCG00000024204,1.012754227661998,0.31818218336225973,-0.6945720442997383,-0.510204081632653,0.0037503932457463355,21,21,0.07611618787019973,NS
ENSSSCG00000010325,0.9388333676593991,1.0263675560999772,0.08753418844057814,-0.020408163265306145,0.9198368205726829,21,21,0.9725908472022055,NS
ENSSSCG00000008496,2.0299385513392836,1.616977446391451,-0.41296110494783256,-0.09070294784580502,0.6237399407689127,21,21,0.8244423879912796,NS
ENSSSCG00000033591,0.3205037650023696,0.4702668109793482,0.1497630459769786,0.0022675736961451642,1.0,21,21,1.0,NS
ENSSSCG00000011495,1.979503261157984,1.920883405472008,-0.05861985568597583,0.04308390022675734,0.8208604944637742,21,21,0.9318998211511518,NS
ENSSSCG00000024088,0.5769823204709904,0.20996457100989435,-0.36701774946109605,-0.5328798185941044,0.0031000766984966817,21,21,0.07135641789976087,NS
ENSSSCG00000004113,1.415890102669644,0.4174431297626594,-0.9984469729069846,-0.6031746031746033,0.0007918052241957929,21,21,0.04179614971550859,NS
ENSSSCG00000008614,2.212764203683774,2.4599143479259515,0.24715014424217774,0.0975056689342404,0.597311573194272,21,21,0.8062920726419195,NS
ENSSSCG00000037254,2.5701093952658822,2.1748457195563766,-0.3952636757095056,-0.256235827664399,0.15891754968522953,21,21,0.4089176259717459,NS
ENSSSCG00000012307,1.095690667559925,0.7048334329523941,-0.39085723460753086,-0.2403628117913832,0.18643076568100103,21,21,0.4452517959821363,NS
ENSSSCG00000014267,1.9036979253248896,2.1146248852031357,0.21092695987824617,0.006802721088435382,0.9799307399921785,21,21,0.9954575561004508,NS
ENSSSCG00000005654,0.7701867799603903,0.5845394387533984,-0.1856473412069919,-0.09977324263038545,0.5880823834684068,21,21,0.8031545193297374,NS
ENSSSCG00000015144,1.0081737830950674,0.7374181886306556,-0.2707555944644119,-0.1020408163265305,0.5791093030988408,21,21,0.794449839978317,NS
ENSSSCG00000028905,0.7438927400758808,0.6294038209033352,-0.11448891917254556,-0.11564625850340127,0.5232273147990045,21,21,0.7561279501835203,NS
ENSSSCG00000031775,1.191659249827421,0.73713751923037,-0.45452173059705103,-0.2925170068027212,0.10712011804030218,21,21,0.34142639477651104,NS
ENSSSCG00000010823,2.7859043669699757,2.468954095110014,-0.3169502718599615,-0.20181405895691618,0.2683576760316526,21,21,0.5349996098742043,NS
ENSSSCG00000006231,0.6156888956984694,0.5704693737574237,-0.045219521941045726,-0.04308390022675734,0.8207461929816553,21,21,0.9318998211511518,NS
ENSSSCG00000010941,1.5139616051660925,0.881382982727404,-0.6325786224386885,-0.26530612244897966,0.14449096282932025,21,21,0.3939827031871146,NS
ENSSSCG00000029815,0.6366309041852647,0.29946253579317816,-0.3371683683920865,-0.3696145124716552,0.03787092914251782,21,21,0.21598672940182834,NS
ENSSSCG00000005955,2.1676421289331365,1.706795797664773,-0.4608463312683635,-0.13378684807256236,0.46568579971233737,21,21,0.7103857207086134,NS
ENSSSCG00000013262,0.16640855768569052,0.6210131137466061,0.45460455606091554,0.34693877551020413,0.050377160521982156,21,21,0.24274267487585835,NS
ENSSSCG00000015273,1.2007143607995705,0.21719767827089753,-0.983516682528673,-0.7777777777777777,1.2624807296685428e-05,21,21,0.00721718150460517,NS
ENSSSCG00000015880,1.2497851522823495,0.7003308750495395,-0.54945427723281,-0.35147392290249435,0.05273672895372581,21,21,0.24682112491978944,NS
ENSSSCG00000009045,2.27857519676411,1.3549755597179278,-0.9235996370461821,-0.31065759637188206,0.08715676491040764,21,21,0.3091496418228523,NS
ENSSSCG00000029697,0.5858744689779085,0.29090429742713375,-0.29497017155077476,-0.3605442176870748,0.04582122143123108,21,21,0.23457729777480987,NS
ENSSSCG00000003981,1.7548524012741296,1.4747703691806788,-0.28008203209345073,-0.12471655328798192,0.4970079892453181,21,21,0.7336937392345346,NS
ENSSSCG00000010896,2.6832611650441494,1.6638517792058347,-1.0194093858383146,-0.28798185941043086,0.11300913889451222,21,21,0.3499967010457579,NS
ENSSSCG00000038933,0.33950006045071157,0.4299241131000973,0.09042405264938574,0.12925170068027214,0.47293260232701895,21,21,0.7187877960357475,NS
ENSSSCG00000026898,1.4328860169094917,0.9076161901270706,-0.5252698267824211,-0.26077097505668934,0.1515409822194131,21,21,0.401864822689913,NS
ENSSSCG00000016024,1.2513911071418455,1.2009748604542887,-0.05041624668755684,-0.05668934240362811,0.7627520182258121,21,21,0.9015297803289233,NS
ENSSSCG00000021640,0.7491388119725877,0.5543982740655639,-0.19474053790702384,0.024943310657596363,0.8990076509400781,21,21,0.965040287671819,NS
ENSSSCG00000003770,0.8853348623501036,0.3153607843839877,-0.569974077966116,-0.510204081632653,0.004237268631325456,21,21,0.07877415395905861,NS
ENSSSCG00000013249,2.5409901400786077,1.0191235649849772,-1.5218665750936304,-0.5691609977324263,0.0016631694155038114,21,21,0.052600513441112794,NS
ENSSSCG00000006388,1.1735473148857563,0.7131402787605062,-0.46040703612525,-0.26077097505668934,0.15127556120910746,21,21,0.401864822689913,NS
ENSSSCG00000016682,0.4905215531677034,0.3513315079631347,-0.13919004520456868,-0.20181405895691618,0.2640574994951632,21,21,0.5334023694160247,NS
ENSSSCG00000017198,1.8239742145751094,1.9512370761581423,0.1272628615830329,0.020408163265306145,0.9198497691906573,21,21,0.9725908472022055,NS
ENSSSCG00000005110,1.023758844499628,1.0499297867873985,0.026170942287770504,-0.1315192743764173,0.4733940615873917,21,21,0.7187877960357475,NS
ENSSSCG00000014909,1.892221101587528,2.6627173810492377,0.7704962794617096,0.21541950113378683,0.2370788366276667,21,21,0.49934320517832165,NS
ENSSSCG00000003413,0.2589351179369537,0.41384922964359266,0.154914111706639,0.07029478458049887,0.6993484297590173,21,21,0.8683685140284909,NS
ENSSSCG00000016494,2.0440622263832853,2.2254998563177755,0.1814376299344902,0.12925170068027214,0.48120815818423346,21,21,0.7223387232262236,NS
ENSSSCG00000031031,1.9349215809053235,0.9288311012263251,-1.0060904796789985,-0.473922902494331,0.008863942373379289,21,21,0.1127333823513184,NS
ENSSSCG00000000806,1.923720050027023,1.8169307129528993,-0.10678933707412375,-0.09297052154195007,0.6148835592723955,21,21,0.8157225327032747,NS
ENSSSCG00000040184,1.6837088722416906,1.2358682742829528,-0.4478405979587379,-0.10657596371882083,0.5628712368271559,21,21,0.7833833809361512,NS
ENSSSCG00000002330,3.6272738937141624,2.76679913574928,-0.8604747579648824,-0.3242630385487528,0.07408994000050295,21,21,0.287638363555999,NS
ENSSSCG00000000753,1.4667323302527262,1.1912898823980813,-0.2754424478546449,-0.09070294784580502,0.6237399407689127,21,21,0.8244423879912796,NS
ENSSSCG00000032814,1.4642254779051793,0.7505388283157063,-0.713686649589473,-0.38548752834467126,0.03345983707284211,21,21,0.2067186606092017,NS
ENSSSCG00000002752,0.6273221972427148,0.3200457764841423,-0.3072764207585725,-0.41950113378684817,0.018812134412467676,21,21,0.15399909554836308,NS
ENSSSCG00000004123,0.9454343723210104,0.5759865305014805,-0.36944784181952983,-0.35147392290249435,0.052650404432137074,21,21,0.24682112491978944,NS
ENSSSCG00000017357,1.1354155321293806,0.9315291185197684,-0.20388641360961224,-0.1768707482993197,0.33277712903296497,21,21,0.6002699906341289,NS
ENSSSCG00000021042,2.7385807420358934,1.8181342067635025,-0.920446535272391,-0.3605442176870748,0.046888776900571166,21,21,0.2350491979746632,NS
ENSSSCG00000016057,1.7917742213194237,1.2548932104454107,-0.536881010874013,-0.2290249433106577,0.2084687951379297,21,21,0.46888391299875337,NS
ENSSSCG00000026960,0.693703130536876,0.3096892656860874,-0.38401386485078864,-0.37414965986394555,0.036270535744249974,21,21,0.21234539296334817,NS
ENSSSCG00000003654,1.264300739403644,0.17859934941713032,-1.0857013899865138,-0.6507936507936507,0.0002928289458455974,21,21,0.026088396993516862,Down (PA<IVF)
ENSSSCG00000007000,1.9986861452023872,1.3404437654341606,-0.6582423797682266,-0.26077097505668934,0.15160731211683598,21,21,0.401864822689913,NS
ENSSSCG00000007606,1.2690393013227474,0.5871929009179833,-0.6818464004047642,-0.32879818594104315,0.07009648656752486,21,21,0.27842598868122526,NS
ENSSSCG00000009473,0.8786673454532126,0.7787900994045219,-0.09987724604869064,-0.2335600907029478,0.19932996542039527,21,21,0.4574984559108449,NS
ENSSSCG00000036877,0.8443483517940952,0.36592989499197204,-0.47841845680212314,-0.10884353741496589,0.5538506095439935,21,21,0.7793371103655323,NS
ENSSSCG00000001499,1.8101805941879185,1.605363969993181,-0.20481662419473756,-0.1201814058956916,0.5130800796227113,21,21,0.7460214807570579,NS
ENSSSCG00000018796,1.1923471583442609,1.1532879063167258,-0.03905925202753502,-0.07029478458049887,0.6360435658658492,21,21,0.8292016081033305,NS
ENSSSCG00000033499,1.5141556621668062,1.9931792375706392,0.479023575403833,-0.01133786848072571,0.9571114809274762,21,21,0.9869209896448123,NS
ENSSSCG00000011112,2.6498258033376136,1.520947794034281,-1.1288780093033326,-0.33560090702947853,0.06355743568787052,21,21,0.26831015927310264,NS
ENSSSCG00000009389,1.2505343191826792,0.589490196573794,-0.6610441226088852,-0.4285714285714286,0.015975528729754652,21,21,0.1423274377741778,NS
ENSSSCG00000036045,1.0585238601528266,0.09578502321546901,-0.9627388369373576,-0.3038548752834467,0.02511305249663413,21,21,0.1780582660160118,NS
ENSSSCG00000031521,1.4505088278271987,1.0205889972796238,-0.4299198305475749,-0.12471655328798192,0.45757436649704897,21,21,0.7071712995078449,NS
ENSSSCG00000017507,2.178937114874665,2.2279595082185093,0.049022393343844506,0.03401360544217691,0.8601108632068536,21,21,0.9490399532059208,NS
ENSSSCG00000031294,1.6165613621662482,0.735550422253532,-0.8810109399127163,-0.22675736961451243,0.1539965746680007,21,21,0.4064245299817456,NS
ENSSSCG00000032272,1.392276143409809,1.3086837358840597,-0.08359240752574926,0.06575963718820865,0.7116298422432767,21,21,0.8745576348600642,NS
ENSSSCG00000015707,0.5844652730827321,1.2690507625642884,0.6845854894815563,0.41496598639455784,0.014407850229571107,21,21,0.1374145078012505,NS
ENSSSCG00000039334,1.1170021820739453,1.6158157170672005,0.4988135349932552,0.24263038548752835,0.1269220313155852,21,21,0.3733641229952463,NS
ENSSSCG00000022194,2.0359187398875185,1.5680778097124441,-0.46784093017507433,-0.08843537414965996,0.6262431895957385,21,21,0.8251293316812793,NS
ENSSSCG00000024443,1.427613425532974,1.7367934394579705,0.3091800139249965,0.12925170068027214,0.47970931131499583,21,21,0.7223387232262236,NS
ENSSSCG00000036821,1.70138331867002,1.257484317929126,-0.44389900074089406,-0.08163265306122458,0.6537402117552633,21,21,0.836916362254463,NS
ENSSSCG00000014415,1.9958999362146557,2.7722196088180593,0.7763196726034036,0.2675736961451247,0.13977086758040522,21,21,0.39008468332041485,NS
ENSSSCG00000036057,1.1072421602457672,1.0203702802472945,-0.08687187999847268,-0.08390022675736963,0.6371405649545197,21,21,0.8301584569018052,NS
ENSSSCG00000002455,1.1952102225306112,1.3411410474134042,0.14593082488279308,0.10204081632653061,0.5794332628609544,21,21,0.794449839978317,NS
ENSSSCG00000040834,0.5654482702931933,0.2888260315072547,-0.2766222387859386,-0.20861678004535156,0.15114812773364422,21,21,0.401864822689913,NS
ENSSSCG00000033827,1.0279353359274754,1.40073670064477,0.3728013647172945,0.04761904761904767,0.7880116440602949,21,21,0.9173188322168034,NS
ENSSSCG00000013471,2.022823660548417,1.4701040237584513,-0.5527196367899658,-0.06575963718820854,0.723409932078233,21,21,0.8813087398839223,NS
ENSSSCG00000010656,0.7350430021887935,0.4537933037033429,-0.28124969848545056,-0.1383219954648527,0.3291467518735991,21,21,0.596866697819955,NS
ENSSSCG00000025616,1.8181913503066307,2.20826931884737,0.3900779685407392,0.2562358276643991,0.1579709972141511,21,21,0.4089176259717459,NS
ENSSSCG00000032518,1.7668114376145083,1.9290120526387986,0.16220061502429028,0.06575963718820865,0.7092646983593022,21,21,0.872119704381576,NS
ENSSSCG00000012504,1.1913214954921183,1.5181831253933333,0.32686162990121503,0.1882086167800453,0.2951269009434826,21,21,0.5642615776121211,NS
ENSSSCG00000017380,0.8180338943016385,0.1949216352328114,-0.6231122590688272,-0.2630385487528344,0.11806643587036511,21,21,0.3593522290120254,NS
ENSSSCG00000036773,0.8051280018266183,0.981487404034676,0.1763594022080578,0.04761904761904767,0.7832175256041346,21,21,0.9122024152197561,NS
ENSSSCG00000027072,1.4865484797417734,1.4031432659594456,-0.08340521378232779,-0.03401360544217691,0.858137160940557,21,21,0.9490399532059208,NS
ENSSSCG00000031929,0.9496733165750827,0.37458275127439056,-0.5750905653006921,-0.19274376417233552,0.15720879923383885,21,21,0.4089176259717459,NS
ENSSSCG00000037303,1.426993102007113,0.44138314986247595,-0.985609952144637,-0.37414965986394555,0.024067274452501484,21,21,0.17526698805112545,NS
ENSSSCG00000018009,1.4558664080488346,0.10373581900168291,-1.3521305890471518,-0.41950113378684817,0.009188937240452687,21,21,0.11398115809122336,NS
ENSSSCG00000023264,1.1272931457017075,0.9734584989508681,-0.15383464675083935,-0.05668934240362811,0.7606738127793201,21,21,0.9015297803289233,NS
ENSSSCG00000017883,0.8551561854042453,0.5405553916527188,-0.3146007937515265,-0.038548752834467015,0.8381338197817959,21,21,0.9396794525202588,NS
ENSSSCG00000010973,0.6843187258766987,0.36513877983660964,-0.3191799460400891,-0.11111111111111116,0.44894178791956973,21,21,0.6984759079638868,NS
ENSSSCG00000032255,0.35941900892207207,0.9940007773010134,0.6345817683789414,0.4104308390022676,0.008250977528331661,21,21,0.10793689964824967,NS
ENSSSCG00000001422,0.27767716691095756,0.4281256629497219,0.1504484960387643,0.18140589569161003,0.21269364001912938,21,21,0.4769677932169917,NS
ENSSSCG00000017803,0.6877794747474141,0.2733529276518987,-0.41442654709551535,-0.1541950113378685,0.3151686131168262,21,21,0.5816671202532763,NS
ENSSSCG00000032396,1.5346763656509386,1.677717927616678,0.14304156196573947,0.26530612244897955,0.12565033364621211,21,21,0.37041739957585523,NS
ENSSSCG00000005982,1.7942210538610412,1.5919285884260328,-0.20229246543500845,-0.061224489795918435,0.7434486041422343,21,21,0.8907689783709924,NS
ENSSSCG00000003652,2.693042512391806,1.1221957188159304,-1.5708467935758756,-0.48752834467120176,0.00562229125978763,21,21,0.09074844593811734,NS
ENSSSCG00000012003,1.3370238245013817,1.4316199208571148,0.09459609635573307,0.26530612244897955,0.13109412596550418,21,21,0.37835478192585825,NS
ENSSSCG00000024377,0.5215681982960115,0.5482986450675523,0.026730446771540795,0.015873015873015928,0.935705947934793,21,21,0.9783494422867809,NS
ENSSSCG00000010308,1.133316843035922,1.3068677163649716,0.17355087332904962,0.1428571428571429,0.42241226140400634,21,21,0.6773604752761766,NS
ENSSSCG00000026063,0.9475020375757419,0.7561230354410453,-0.1913790021346966,-0.01133786848072571,0.9595119745627091,21,21,0.9869209896448123,NS
ENSSSCG00000016679,0.6747160784783339,0.18365060476887277,-0.4910654737094612,-0.12925170068027203,0.3770325380816021,21,21,0.6403962425284595,NS
ENSSSCG00000001808,1.7400711766650763,1.9130392349665832,0.17296805830150697,0.08390022675736963,0.6499481803332365,21,21,0.8344026504702031,NS
ENSSSCG00000037572,1.5532288720660645,0.7940908820911949,-0.7591379899748696,-0.3696145124716552,0.03787092914251782,21,21,0.21598672940182834,NS
ENSSSCG00000034230,1.455576626638337,0.848688505529025,-0.606888121109312,-0.19274376417233552,0.27953679894716343,21,21,0.5446243796584893,NS
ENSSSCG00000007602,1.2773594649121303,0.7460954942096698,-0.5312639707024605,-0.14739229024943312,0.409999965810125,21,21,0.6690294399280347,NS
ENSSSCG00000016963,1.7063631917857471,1.0361300513189142,-0.6702331404668329,-0.09297052154195007,0.6136741408621387,21,21,0.8157225327032747,NS
ENSSSCG00000004366,0.8126918246107616,0.2032464324407156,-0.609445392170046,-0.346938775510204,0.04477422241585497,21,21,0.23166324900564428,NS
ENSSSCG00000006997,0.9478548982882051,0.9409126305590412,-0.006942267729163953,0.17460317460317465,0.3225749934550446,21,21,0.5908850347400817,NS
ENSSSCG00000005212,0.5323242829758864,0.15741840040043117,-0.3749058825754552,-0.19047619047619047,0.1276742444219918,21,21,0.3750943540620401,NS
ENSSSCG00000021957,0.8940798232133874,0.922327351691347,0.028247528477959638,-0.0045351473922903285,0.9874142187419138,21,21,1.0,NS
ENSSSCG00000010478,0.5359331008719456,0.8371038547866622,0.3011707539147166,0.1768707482993197,0.26753127221143846,21,21,0.5349996098742043,NS
ENSSSCG00000037971,1.2989447511737502,1.0019190891276875,-0.29702566204606273,-0.2630385487528344,0.14533106167256463,21,21,0.39530970780086966,NS
ENSSSCG00000015607,0.8152727631414691,0.25866566254955703,-0.5566071005919121,-0.4399092970521541,0.011444054038294075,21,21,0.1238268307613523,NS
ENSSSCG00000014198,1.5956234564384335,0.27311800175725526,-1.3225054546811783,-0.5147392290249433,0.0011367244172532673,21,21,0.046253484783025635,Down (PA<IVF)
ENSSSCG00000031382,1.7052267981581142,0.9503802337122073,-0.7548465644459069,-0.2335600907029478,0.17809366337988086,21,21,0.4352189632210735,NS
ENSSSCG00000014356,0.6718104032867593,0.3296035270331745,-0.3422068762535848,-0.0793650793650793,0.6507367609352167,21,21,0.8344026504702031,NS
ENSSSCG00000009516,1.0261755033341726,1.7402403872023795,0.7140648838682069,0.32879818594104304,0.06761314644135331,21,21,0.2764160813990964,NS
ENSSSCG00000009300,1.3468521453215652,1.6550423193277166,0.30819017400615145,0.14739229024943312,0.41664464368168985,21,21,0.6751374148904354,NS
ENSSSCG00000038540,1.1133705730558685,0.5284858082587933,-0.5848847647970752,-0.26984126984126977,0.12679830008258472,21,21,0.3731601624052043,NS
ENSSSCG00000032340,1.0917798783647528,0.5580448003785414,-0.5337350779862113,-0.17460317460317465,0.33586213394808073,21,21,0.6008056035381634,NS
ENSSSCG00000000365,0.4433098180658271,1.281805797004551,0.8384959789387241,0.4920634920634921,0.0036836964361737557,21,21,0.07543330612582676,NS
ENSSSCG00000022383,0.7103774561777634,0.7774340831378561,0.06705662696009274,0.07936507936507942,0.6660967829561886,21,21,0.8447545916162275,NS
ENSSSCG00000034144,0.9590550048862335,0.9795083003898876,0.020453295503654045,0.07029478458049887,0.6942576125713755,21,21,0.8646708827595563,NS
ENSSSCG00000037972,0.9683690336499412,1.2282741100047097,0.25990507635476845,0.11337868480725621,0.5140937260233265,21,21,0.7472897702316813,NS
ENSSSCG00000011675,1.1806536609956602,1.1064164774693632,-0.07423718352629693,0.03401360544217691,0.859908163616203,21,21,0.9490399532059208,NS
ENSSSCG00000033647,1.9791340764372325,1.2156592898810226,-0.7634747865562099,-0.17006802721088432,0.349622958897139,21,21,0.6139228892038759,NS
ENSSSCG00000015298,0.6626783814076478,0.987875936193163,0.32519755478551526,0.10430839002267578,0.5603825880374629,21,21,0.7833833809361512,NS
ENSSSCG00000014165,0.48521462883770844,0.18407610178808156,-0.30113852704962685,-0.21995464852607705,0.1741145757589777,21,21,0.42834123173730454,NS
ENSSSCG00000024933,0.5884754328460476,0.6469348556682604,0.058459422822212725,0.12244897959183676,0.4713329108065052,21,21,0.7172457338359861,NS
ENSSSCG00000007063,0.8891206409072263,0.293285836290759,-0.5958348046164673,-0.4399092970521541,0.011444054038294075,21,21,0.1238268307613523,NS
ENSSSCG00000009162,0.8838913767156891,0.7854320718099689,-0.09845930490572019,0.08390022675736963,0.6413453054757903,21,21,0.8328637069123963,NS
ENSSSCG00000009231,0.7689809333860305,0.5637066002147578,-0.20527433317127264,-0.0793650793650793,0.6599806742195227,21,21,0.8426330588397404,NS
ENSSSCG00000006834,1.2675792248703524,1.617774534651721,0.3501953097813686,0.24263038548752835,0.17852859511721586,21,21,0.4352189632210735,NS
ENSSSCG00000035639,0.5728644077597677,0.4674005932824229,-0.10546381447734476,-0.10884353741496589,0.5430865719192037,21,21,0.7703997318854171,NS
ENSSSCG00000031804,0.9718467731912894,0.5627838995465682,-0.40906287364472127,-0.17913832199546476,0.1890197820485252,21,21,0.44742370252398683,NS
ENSSSCG00000039823,1.2159761810801308,0.7446275447429493,-0.4713486363371815,-0.17006802721088432,0.33224260828700236,21,21,0.600101182951247,NS
ENSSSCG00000034743,0.5623783785712673,0.9797398573421958,0.41736147877092855,0.17006802721088432,0.3086896443343926,21,21,0.5777928949887948,NS
ENSSSCG00000020990,0.9973160096146519,0.6310516512564444,-0.3662643583582076,-0.1020408163265305,0.5786761952943575,21,21,0.794449839978317,NS
ENSSSCG00000039613,1.0972156888685158,0.6171826340629808,-0.48003305480553504,-0.20861678004535156,0.24682975384406058,21,21,0.5117165520743475,NS
ENSSSCG00000035798,0.5442845191708688,0.1100037446819021,-0.43428077448896674,-0.2789115646258504,0.047234025250345445,21,21,0.23607275995124388,NS
ENSSSCG00000003070,0.46352535760410596,0.981753650950178,0.518228293346072,0.46485260770975056,0.009198578068677875,21,21,0.11398115809122336,NS
ENSSSCG00000013410,0.9110720570329439,0.6139934169101122,-0.2970786401228317,-0.10884353741496589,0.5469288518704486,21,21,0.7713675830245225,NS
ENSSSCG00000031214,0.46555550215178887,0.1976119191270666,-0.26794358302472226,-0.020408163265306145,0.8686797552710673,21,21,0.9568697775425999,NS
ENSSSCG00000022466,0.8517441269181385,0.15414760488300086,-0.6975965220351377,-0.33560090702947853,0.027541081008563825,21,21,0.1878049858039243,NS
ENSSSCG00000027790,1.2750105567091772,0.9641287823807122,-0.310881774328465,-0.14058956916099774,0.43757301005028926,21,21,0.6910107847479245,NS
ENSSSCG00000006121,1.1918410649892028,0.7532640956818734,-0.4385769693073295,-0.08163265306122458,0.6506356895420818,21,21,0.8344026504702031,NS
ENSSSCG00000024302,0.7224767316823881,0.3420187238760584,-0.3804580078063297,-0.22448979591836737,0.11096691639144668,21,21,0.3499967010457579,NS
ENSSSCG00000016665,1.0462629198069207,1.344435928504619,0.29817300869769836,0.19727891156462585,0.279192391280195,21,21,0.5446243796584893,NS
ENSSSCG00000008516,1.7579321087651043,2.038211154558651,0.2802790457935469,0.108843537414966,0.553059282687351,21,21,0.7790527062084658,NS
ENSSSCG00000032134,0.8888977534296572,0.6640153960398992,-0.22488235738975793,-0.16099773242630389,0.3762844729467605,21,21,0.6403962425284595,NS
ENSSSCG00000015487,1.1701871927445402,0.4472466028301828,-0.7229405899143574,-0.18140589569161003,0.27063896051098635,21,21,0.5387647327641806,NS
ENSSSCG00000016834,2.146912125372277,0.9987522042956991,-1.1481599210765778,-0.47845804988662133,0.008112149009823173,21,21,0.10793689964824967,NS
ENSSSCG00000034074,1.0323680058878737,0.30482062784901326,-0.7275473780388604,-0.35147392290249435,0.023817808639764116,21,21,0.1741899437833495,NS
ENSSSCG00000039437,2.495613951060254,2.6569124171349032,0.16129846607464904,0.11791383219954643,0.5184068685919472,21,21,0.7521724023986375,NS
ENSSSCG00000012456,0.4754373842342581,0.17679410227813325,-0.29864328195612483,-0.1882086167800454,0.16732737743093962,21,21,0.4210806343273095,NS
ENSSSCG00000010239,0.46621678904312575,0.14702013265295225,-0.31919665639017347,-0.28344671201814053,0.05045933737215365,21,21,0.24274267487585835,NS
ENSSSCG00000005177,0.8655063677927783,0.6854742648931444,-0.1800321028996339,-0.09070294784580502,0.6196674448593833,21,21,0.821592321556894,NS
ENSSSCG00000004388,0.5170099841458277,0.491582544820345,-0.025427439325482637,0.04081632653061229,0.820914084433879,21,21,0.9318998211511518,NS
ENSSSCG00000015969,1.4211371624809597,1.057719323429834,-0.36341783905112557,-0.12698412698412698,0.4861443408140832,21,21,0.7291102269314846,NS
ENSSSCG00000011570,1.4979360557680477,1.1835643628058807,-0.31437169296216694,-0.03401360544217691,0.859908163616203,21,21,0.9490399532059208,NS
ENSSSCG00000005236,0.520710483166494,0.6906186259444281,0.1699081427779341,0.020408163265306145,0.9165167844724043,21,21,0.9725908472022055,NS
ENSSSCG00000009808,0.3438698009216546,0.2568680975411384,-0.08700170338051622,0.09297052154195007,0.6026307143369367,21,21,0.8117115060576057,NS
ENSSSCG00000032826,1.2560683358810572,0.9306135582273715,-0.3254547776536857,-0.217687074829932,0.22898924886026928,21,21,0.4936726106792732,NS
ENSSSCG00000013340,0.7856565611890703,0.41140877826532235,-0.374247782923748,-0.26077097505668934,0.1455300578578195,21,21,0.3955373204851988,NS
ENSSSCG00000011578,1.2828125049203651,0.9901284167232537,-0.29268408819711145,-0.10430839002267578,0.5641179252918223,21,21,0.7841639245191289,NS
ENSSSCG00000015935,1.393565654779914,0.5177687548509619,-0.8757968999289522,-0.1950113378684808,0.2713976486033677,21,21,0.5393359992523472,NS
ENSSSCG00000033800,0.5125614140979449,0.22870521847793807,-0.2838561956200068,-0.14058956916099774,0.36046137161503566,21,21,0.6254513763825124,NS
ENSSSCG00000037781,1.2493581941284024,0.2656007715807205,-0.983757422547682,-0.2108843537414966,0.1213245219192189,21,21,0.36503781594993057,NS
ENSSSCG00000010822,0.9738650862742324,0.5181615768199249,-0.4557035094543075,-0.2970521541950113,0.09695788689624903,21,21,0.3231631520724199,NS
ENSSSCG00000012744,1.2189280668915488,0.9117708899447509,-0.3071571769467979,-0.20634920634920628,0.2553074243261012,21,21,0.523503631199315,NS
ENSSSCG00000031789,0.5629994824717011,0.5330986679894706,-0.029900814482230476,-0.20634920634920628,0.24420254717875356,21,21,0.5104294557118371,NS
ENSSSCG00000009650,0.8031424341675139,0.9436522231215502,0.14050978895403632,0.18140589569161003,0.31873986045524616,21,21,0.5866797538832811,NS
ENSSSCG00000012943,1.088926629994609,1.8518536308914864,0.7629270008968774,0.31065759637188206,0.08433942484010065,21,21,0.3069328670573424,NS
ENSSSCG00000006982,1.0170338571568693,0.5039340408205346,-0.5130998163363347,-0.3015873015873016,0.08370738406545528,21,21,0.3051183074861972,NS
ENSSSCG00000015482,0.6329513661371611,0.15715721483399808,-0.475794151303163,-0.08390022675736963,0.6246515934514554,21,21,0.8249290608666039,NS
ENSSSCG00000006682,1.306947812662737,0.9831313763322469,-0.32381643633049007,-0.0793650793650793,0.6535163276272136,21,21,0.836916362254463,NS
ENSSSCG00000000848,1.3473572706739296,0.624697826120674,-0.7226594445532556,-0.2925170068027212,0.10426650063496766,21,21,0.3381882715630629,NS
ENSSSCG00000038248,1.085252187036777,0.7270021826283118,-0.3582500044084652,-0.18367346938775508,0.26462058670755495,21,21,0.5342274741898101,NS
ENSSSCG00000031953,1.5124825275586251,1.8078189109074618,0.2953363833488367,0.024943310657596363,0.8891008360412462,21,21,0.965040287671819,NS
ENSSSCG00000011977,0.9786088330484505,0.21182623590550667,-0.7667825971429438,-0.35147392290249435,0.03635075502504552,21,21,0.21234539296334817,NS
ENSSSCG00000011298,1.4324433760258815,0.8710020402091438,-0.5614413358167376,-0.26530612244897966,0.14364406890917644,21,21,0.3939827031871146,NS
ENSSSCG00000033444,0.4835569154641184,0.08198710722335065,-0.4015698082407677,-0.26984126984126977,0.05496660262044099,21,21,0.2527717816851408,NS
ENSSSCG00000008440,0.5636737333765867,0.22832375594083706,-0.33534997743574957,-0.1201814058956916,0.4744026417776125,21,21,0.7198412126950723,NS
ENSSSCG00000034759,0.9580080040989727,0.23523201972252772,-0.722775984376445,-0.3764172335600906,0.00924638160850029,21,21,0.1140830536588345,NS
ENSSSCG00000011329,0.4988328635035378,0.48100633364728684,-0.01782652985625094,0.0113378684807256,0.9582010747439688,21,21,0.9869209896448123,NS
ENSSSCG00000006107,0.5524284331582595,0.21298605746330312,-0.3394423756949564,-0.23809523809523814,0.16203915765189347,21,21,0.41545489023467813,NS
ENSSSCG00000022788,0.3700633541462659,0.5274545748780446,0.1573912207317787,-0.0022675736961450532,1.0,21,21,1.0,NS
ENSSSCG00000017382,0.7398551191707753,0.34550541770234755,-0.39434970146842774,-0.1768707482993197,0.28295542169455545,21,21,0.5500351920727261,NS
ENSSSCG00000015040,0.657575235730732,0.729577427912068,0.07200219218133608,0.038548752834467126,0.832700869973203,21,21,0.9396794525202588,NS
ENSSSCG00000010275,1.3931158909648338,1.0561678124116527,-0.3369480785531811,-0.12471655328798192,0.4931286644794587,21,21,0.7336937392345346,NS
ENSSSCG00000008838,1.0654107100999262,0.6324371615563666,-0.4329735485435595,-0.03401360544217691,0.858137160940557,21,21,0.9490399532059208,NS
ENSSSCG00000009229,0.2790403838865658,0.25859609040333204,-0.02044429348323379,0.07936507936507942,0.6244276968578805,21,21,0.8249290608666039,NS
ENSSSCG00000004410,0.9062341506534485,0.27171930218504925,-0.6345148484683992,-0.21541950113378694,0.1832592950961116,21,21,0.44079900573608893,NS
ENSSSCG00000014117,0.7409589149028728,0.6914244924503116,-0.04953442245256123,-0.027210884353741527,0.8878858455734857,21,21,0.965040287671819,NS
ENSSSCG00000012717,0.6940911508041577,0.36908314690796934,-0.3250080038961884,-0.11111111111111116,0.44894178791956973,21,21,0.6984759079638868,NS
ENSSSCG00000035240,1.0410719770796173,1.1340639244450403,0.09299194736542304,0.14512471655328796,0.42501163942345876,21,21,0.6805741938480222,NS
ENSSSCG00000036426,0.6947923387136247,0.6036011010980702,-0.09119123761555448,0.05668934240362811,0.7049921987305146,21,21,0.8691022220107433,NS
ENSSSCG00000016313,0.35132090891837897,0.41734711454965484,0.06602620563127587,0.0113378684807256,0.9578835160105609,21,21,0.9869209896448123,NS
ENSSSCG00000008470,0.3794759595583101,0.3819501909031292,0.002474231344819111,0.2290249433106576,0.1829965912392798,21,21,0.4404760055794595,NS
ENSSSCG00000016677,0.40533985734820926,0.29551768224272595,-0.10982217510548331,-0.05215419501133778,0.7590165131069838,21,21,0.9015297803289233,NS
ENSSSCG00000005501,0.35030025639249757,0.6208126776024372,0.2705124212099396,0.061224489795918324,0.7333500690279191,21,21,0.8882254648150515,NS
ENSSSCG00000004521,0.6365756726421555,0.20075120346925035,-0.4358244691729052,-0.16553287981859421,0.29984402753963735,21,21,0.5703026187481536,NS
ENSSSCG00000000366,0.9090444202352879,0.6558307485521531,-0.2532136716831348,0.07256235827664403,0.6956140970307982,21,21,0.8662030687295836,NS
ENSSSCG00000024205,1.0241562610329404,0.7059968363967672,-0.3181594246361732,-0.07029478458049887,0.7045511283772418,21,21,0.8691022220107433,NS
ENSSSCG00000022384,1.508058737799787,0.6390998314681168,-0.8689589063316702,-0.4172335600907029,0.017888812740324195,21,21,0.14934464330577116,NS
ENSSSCG00000004752,1.1425299005374274,0.21678504478839183,-0.9257448557490355,-0.48299319727891166,0.003541393785044036,21,21,0.07500599700466523,NS
ENSSSCG00000011163,0.7875076138346613,0.8312132606289167,0.04370564679425537,0.10657596371882083,0.5582753570203433,21,21,0.7833833809361512,NS
ENSSSCG00000028804,0.6824489513097756,0.48697325943750547,-0.1954756918722701,-0.01133786848072571,0.9555195972067729,21,21,0.9869209896448123,NS
ENSSSCG00000037912,0.6078614406654355,0.0377356177821261,-0.5701258228833094,-0.4467120181405895,0.004021960032494449,21,21,0.07727244720864224,NS
ENSSSCG00000006064,0.7782532586856434,0.31113198138400955,-0.4671212773016339,-0.0748299319727892,0.6770464219968568,21,21,0.8528236505286315,NS
ENSSSCG00000022083,1.3102008565349048,0.3628366003972578,-0.947364256137647,-0.2925170068027212,0.10090269795890722,21,21,0.3331051530308487,NS
ENSSSCG00000009534,0.509600094173449,1.2367153426895008,0.7271152485160518,0.3877551020408163,0.031657385566213996,21,21,0.2020182930085842,NS
ENSSSCG00000008423,1.3895534439994184,0.9165702388355137,-0.4729832051639047,-0.07029478458049887,0.7016996650272573,21,21,0.8691022220107433,NS
ENSSSCG00000035002,1.802281619626284,1.4367890521626572,-0.3654925674636269,-0.09297052154195007,0.5974318666528975,21,21,0.8062920726419195,NS
ENSSSCG00000007456,0.37972704246814937,0.19643053987408904,-0.18329650259406033,-0.1428571428571428,0.3937156975016509,21,21,0.6555557487527489,NS
ENSSSCG00000003995,0.5919886149448702,0.8441510764054808,0.2521624614606106,0.19274376417233563,0.2850693871433916,21,21,0.5519548393462225,NS
ENSSSCG00000011366,0.6489735285147167,0.9298057899864619,0.2808322614717452,0.23809523809523814,0.1868629621913368,21,21,0.4452517959821363,NS
ENSSSCG00000025209,2.2497275429042256,1.2108523589500972,-1.0388751839541284,-0.26984126984126977,0.13423789589565174,21,21,0.3837032683323287,NS
ENSSSCG00000012521,0.6598074871954667,0.22042426647784705,-0.4393832207176196,-0.38095238095238093,0.01618461304927492,21,21,0.1440031718781141,NS
ENSSSCG00000001205,0.9029993701012994,1.501349331213964,0.5983499611126647,0.2698412698412699,0.1304500585311504,21,21,0.37835478192585825,NS
ENSSSCG00000035873,0.67958262669057,0.6218408056883861,-0.057741821002183946,-0.04308390022675734,0.8188132954281313,21,21,0.9318998211511518,NS
ENSSSCG00000006127,0.5079216418330667,0.3965364809619765,-0.11138516087109013,-0.08843537414965996,0.5905925877708699,21,21,0.8059601117248346,NS
ENSSSCG00000030112,0.9166043905251968,1.2302139783362498,0.31360958781105297,-0.0045351473922903285,0.9893758027061461,21,21,1.0,NS
ENSSSCG00000009177,0.37701556930701885,0.1337941979786028,-0.24322137132841604,-0.2108843537414966,0.19275514418943585,21,21,0.4505181836240436,NS
ENSSSCG00000001952,0.17999507904936723,0.32475398385974025,0.144758904810373,0.020408163265306145,0.8928361485159606,21,21,0.965040287671819,NS
ENSSSCG00000034124,1.1316641181881641,1.0388106546559956,-0.0928534635321685,-0.024943310657596474,0.8975686145095042,21,21,0.965040287671819,NS
ENSSSCG00000033941,1.3553620372148518,0.9265658590674372,-0.42879617814741466,-0.2290249433106577,0.20541263168782753,21,21,0.4676835889075661,NS
ENSSSCG00000011965,0.5252192092494022,0.42033920835219635,-0.1048800008972059,0.04761904761904767,0.7917424656829866,21,21,0.9193218203428043,NS
ENSSSCG00000026710,0.6610280148761143,0.7572731077831594,0.09624509290704508,0.16780045351473927,0.35528597713808996,21,21,0.6189085330541638,NS
ENSSSCG00000040888,0.34558314593017386,0.34676613141394297,0.0011829854837691056,-0.0226757369614512,0.9026478628816957,21,21,0.967676877538433,NS
ENSSSCG00000003789,0.49113469605999266,0.3358432793461549,-0.15529141671383778,-0.24716553287981857,0.08844538933988437,21,21,0.31194620610365387,NS
ENSSSCG00000002781,0.34004049207275894,0.4472440664348596,0.10720357436210065,0.2063492063492064,0.18656417897530664,21,21,0.4452517959821363,NS
ENSSSCG00000007472,1.3284285111929104,1.0649259947926744,-0.26350251640023603,-0.1020408163265305,0.5765534337999284,21,21,0.794449839978317,NS
ENSSSCG00000011245,0.49504863154101647,0.5291904026104999,0.034141771069483406,-0.08843537414965996,0.6275574136320947,21,21,0.8251293316812793,NS
ENSSSCG00000016567,1.2147296647920318,1.351692261671951,0.13696259687991907,0.038548752834467126,0.8403786291520768,21,21,0.9396794525202588,NS
ENSSSCG00000023662,0.8639327741390249,0.9174423750786153,0.05350960093959034,-0.02947845804988658,0.8798582367822811,21,21,0.9581000128681301,NS
ENSSSCG00000040120,1.410261490005051,1.7913824328053978,0.3811209428003468,0.16326530612244894,0.3522166834349436,21,21,0.6140295929768013,NS
ENSSSCG00000002367,0.4993444734442751,0.8468981675793124,0.3475536941350372,0.2517006802721088,0.1349177843366413,21,21,0.38467830446773044,NS
ENSSSCG00000021371,1.310058621539628,1.053709997011251,-0.25634862452837703,-0.05895691609977316,0.7515697841157951,21,21,0.898687244035969,NS
ENSSSCG00000006282,1.1310209401901492,1.209195322964756,0.07817438277460687,0.061224489795918324,0.7434486041422343,21,21,0.8907689783709924,NS
ENSSSCG00000034964,0.48191085952385715,0.6037930186685493,0.12188215914469214,0.07029478458049887,0.6978811908551547,21,21,0.8677659904416097,NS
ENSSSCG00000025286,0.4105587749731035,0.45886558126164395,0.04830680628854045,-0.015873015873015817,0.9368619465861149,21,21,0.9783494422867809,NS
ENSSSCG00000038186,0.5906745309170005,0.4801915563980172,-0.11048297451898331,0.01814058956916098,0.925735974502889,21,21,0.9783494422867809,NS
ENSSSCG00000014212,0.5363333282944799,0.1334436547910284,-0.4028896735034515,-0.22448979591836737,0.05759899723093131,21,21,0.2570781528979758,NS
ENSSSCG00000005124,0.6925206041786434,0.6853459607593502,-0.007174643419293192,-0.020408163265306145,0.9151643920091257,21,21,0.9725908472022055,NS
ENSSSCG00000006865,1.6461753859672155,1.2983593199683945,-0.347816065998821,-0.1428571428571428,0.4323984653308883,21,21,0.6880757384611778,NS
ENSSSCG00000004193,0.6367251014821418,0.22016237443158493,-0.41656272705055686,-0.2335600907029478,0.17809366337988086,21,21,0.4352189632210735,NS
ENSSSCG00000036951,0.8794848436694845,0.6881404165164042,-0.1913444271530803,-0.038548752834467015,0.823451997120543,21,21,0.9344715798588792,NS
ENSSSCG00000018034,1.1371508949600315,1.5849947176367218,0.4478438226766903,0.18367346938775508,0.30706230368800524,21,21,0.5772670329678585,NS
ENSSSCG00000014893,0.599912916165437,0.5667027072029744,-0.03321020896246252,-0.049886621315192725,0.7753326163411621,21,21,0.9109394814543041,NS
ENSSSCG00000009097,0.9095799516764099,0.645537655106496,-0.26404229656991396,-0.2517006802721089,0.16269482429285365,21,21,0.4159845302456116,NS
ENSSSCG00000015522,0.3081437746599372,0.4149473972654965,0.10680362260555931,-0.06575963718820854,0.7155333503328106,21,21,0.877154893367241,NS
ENSSSCG00000008292,0.6700004599926481,0.41337107009166796,-0.25662938990098016,-0.256235827664399,0.14491243881455163,21,21,0.39448386121739054,NS
ENSSSCG00000037545,0.5284459943760256,0.11407509868252291,-0.41437089569350266,-0.20861678004535156,0.15114812773364422,21,21,0.401864822689913,NS
ENSSSCG00000013344,0.3637654669559594,0.28849738641357553,-0.07526808054238388,-0.018140589569161092,0.9197117024046488,21,21,0.9725908472022055,NS
ENSSSCG00000036286,0.41721837571771225,0.2070827086653813,-0.21013566705233094,-0.21541950113378694,0.1899404197038782,21,21,0.44742370252398683,NS
ENSSSCG00000034924,0.6343261179531949,0.14318698585339218,-0.49113913209980276,-0.26530612244897966,0.10576437316914299,21,21,0.341182200877206,NS
ENSSSCG00000039676,1.0718907076734128,0.648007558330997,-0.4238831493424158,-0.14739229024943312,0.3257552147663515,21,21,0.5929529726545689,NS
ENSSSCG00000024065,0.5823219483809418,0.289215490058319,-0.2931064583226228,-0.2675736961451247,0.1027907359512696,21,21,0.33482642384886485,NS
ENSSSCG00000031631,0.47750592734345304,0.5050019568010192,0.027496029457566185,0.217687074829932,0.22666714685984002,21,21,0.49084652942506357,NS
ENSSSCG00000003845,0.621851893178851,0.6544343692100627,0.03258247603121167,0.05442176870748294,0.7594032252707219,21,21,0.9015297803289233,NS
ENSSSCG00000011942,0.43893904803003586,0.18767706975415094,-0.2512619782758849,-0.4013605442176871,0.015472313440360333,21,21,0.14112162579966475,NS
ENSSSCG00000015362,0.4413082265031332,0.5735024515623266,0.13219422505919337,0.12925170068027214,0.45150893731445263,21,21,0.6999663977349481,NS
ENSSSCG00000012233,1.5343858999794502,1.0524115710865898,-0.4819743288928604,-0.10884353741496589,0.5542527415397288,21,21,0.7793371103655323,NS
ENSSSCG00000002408,0.5251205062502822,0.2161980279455206,-0.3089224783047616,0.0113378684807256,0.954068669129973,21,21,0.9869209896448123,NS
ENSSSCG00000015293,0.751139529677762,0.4797640786955424,-0.2713754509822196,-0.0045351473922903285,0.9893758027061461,21,21,1.0,NS
ENSSSCG00000011821,0.4023078124767995,0.16066039809544624,-0.24164741438135323,-0.3151927437641724,0.024805512241650965,21,21,0.1780582660160118,NS
ENSSSCG00000006995,1.2579066604338305,1.524991616799217,0.26708495636538654,0.10657596371882083,0.5625544753760519,21,21,0.7833833809361512,NS
ENSSSCG00000011157,0.6149660165295713,0.7672953982951908,0.1523293817656195,0.0975056689342404,0.5940037286823465,21,21,0.8062920726419195,NS
ENSSSCG00000003557,0.4804637005705403,0.24646706308391536,-0.23399663748662491,-0.1315192743764173,0.39281693911028437,21,21,0.6545358761954215,NS
ENSSSCG00000009393,1.6769865332785243,0.9226802068578165,-0.7543063264207078,-0.3560090702947847,0.04461770184729914,21,21,0.23150263556155798,NS
ENSSSCG00000036219,0.565833300432727,0.674089365614058,0.10825606518133102,0.15646258503401356,0.38136334568104857,21,21,0.6442138762304834,NS
ENSSSCG00000027275,0.6499419645519205,0.21938545316833077,-0.43055651138358975,-0.2403628117913832,0.1783938233553658,21,21,0.4352189632210735,NS
ENSSSCG00000001433,0.9797303753340223,1.1916819628808077,0.21195158754678545,-0.015873015873015817,0.9396375868382534,21,21,0.9783494422867809,NS
ENSSSCG00000008300,0.6831770852972182,1.0111812326277771,0.32800414733055894,0.3378684807256236,0.05674704113571485,21,21,0.2554361562933096,NS
ENSSSCG00000026271,0.7492394141265926,0.23435734227945043,-0.5148820718471421,-0.12925170068027203,0.3770325380816021,21,21,0.6403962425284595,NS
ENSSSCG00000004728,0.5144147078964217,0.13052236296977013,-0.3838923449266516,-0.2108843537414966,0.19275514418943585,21,21,0.4505181836240436,NS
ENSSSCG00000029855,0.8491925535748484,0.6761376032196832,-0.17305495035516516,-0.12698412698412698,0.4639416910963562,21,21,0.7103857207086134,NS
ENSSSCG00000030362,0.47692544296879835,0.35488164710614456,-0.12204379586265379,-0.0793650793650793,0.6507367609352167,21,21,0.8344026504702031,NS
ENSSSCG00000013771,0.587886817248988,1.2768028067254267,0.6889159894764387,0.32879818594104304,0.06761314644135331,21,21,0.2764160813990964,NS
ENSSSCG00000009015,0.4507782527961696,0.5642318436781109,0.11345359088194124,-0.03401360544217691,0.847280122922953,21,21,0.9461731472003023,NS
ENSSSCG00000033398,0.5403733492434436,0.35297834595536853,-0.18739500328807507,-0.1428571428571428,0.31328082353278197,21,21,0.5805420605146814,NS
ENSSSCG00000011867,0.28332764132623234,0.5205393438630588,0.23721170253682644,0.1201814058956916,0.4956530906343688,21,21,0.7336937392345346,NS
ENSSSCG00000016794,1.059605373883622,1.0561281996472958,-0.003477174236326208,0.038548752834467126,0.8403786291520768,21,21,0.9396794525202588,NS
ENSSSCG00000036783,0.41865862267680093,0.8943941708221297,0.47573554814532876,0.31065759637188206,0.07998483095290429,21,21,0.29967009302945025,NS
ENSSSCG00000032016,1.4648904084768861,1.0770682127904112,-0.3878221956864749,-0.1950113378684808,0.2843321219602609,21,21,0.551461226080687,NS
ENSSSCG00000002743,0.7668581152337618,0.518202722855032,-0.2486553923787298,-0.20181405895691618,0.2572756438252094,21,21,0.523503631199315,NS
ENSSSCG00000040305,1.0579523297982327,0.8427557200185721,-0.2151966097796606,-0.07256235827664392,0.6421184181652578,21,21,0.8331629182170737,NS
ENSSSCG00000006731,0.2731733395025525,0.3027034279624439,0.029530088459891413,0.0975056689342404,0.4945539083604804,21,21,0.7336937392345346,NS
ENSSSCG00000037204,0.6204594831889002,0.8717144774524408,0.2512549942635406,0.2698412698412699,0.13423789589565174,21,21,0.3837032683323287,NS
ENSSSCG00000010626,0.6986629092779459,0.06010774606055137,-0.6385551632173946,-0.3151927437641724,0.042842263487087175,21,21,0.2282501624572263,NS
ENSSSCG00000015876,0.9349821349450932,0.7563047987728813,-0.17867733617221193,-0.05668934240362811,0.7561459553971344,21,21,0.9015297803289233,NS
ENSSSCG00000011601,0.8573381668343039,0.9522066601077371,0.09486849327343327,0.0045351473922902175,0.9896761347808749,21,21,1.0,NS
ENSSSCG00000039398,0.4893677521952168,0.3714122527976021,-0.11795549939761468,-0.05668934240362811,0.7124911853760707,21,21,0.8753025665615768,NS
ENSSSCG00000034129,0.8398586340084716,0.3620314856847654,-0.4778271483237062,-0.01133786848072571,0.9510257307266673,21,21,0.9868456379949988,NS
ENSSSCG00000006689,0.6283531228736339,1.0448762518385002,0.4165231289648663,0.1496598639455783,0.41046113377130167,21,21,0.6694634754329837,NS
ENSSSCG00000003854,0.3499128451562741,0.184922536969597,-0.16499030818667706,-0.26077097505668934,0.1253515361620314,21,21,0.3698544249770045,NS
ENSSSCG00000025993,0.33185718104759976,0.9097732326909101,0.5779160516433104,0.4512471655328798,0.010407052625551586,21,21,0.1197858741800065,NS
ENSSSCG00000010614,0.6753316220316093,0.7272264838188823,0.05189486178727298,0.06349206349206349,0.7324293343927097,21,21,0.8882254648150515,NS
ENSSSCG00000015139,0.637687340868286,0.3542767757686744,-0.28341056509961166,-0.25396825396825395,0.0960993924489199,21,21,0.3231631520724199,NS
ENSSSCG00000038536,0.503152056197101,0.43491229475921434,-0.06823976143788668,0.0113378684807256,0.95926951739588,21,21,0.9869209896448123,NS
ENSSSCG00000016153,0.5387210703256115,1.079806245758586,0.5410851754329745,0.3242630385487528,0.07385565128951634,21,21,0.287638363555999,NS
ENSSSCG00000009705,0.5122045438448142,0.11914515671217756,-0.3930593871326366,-0.3151927437641724,0.0607199303120711,21,21,0.2631324838539531,NS
ENSSSCG00000005277,0.6249239362776344,1.220260302019085,0.5953363657414505,0.21995464852607705,0.22031658042314395,21,21,0.48425880861991905,NS
ENSSSCG00000035154,0.4922640638634333,1.6106754901971319,1.1184114263336986,0.19274376417233563,0.25360926891477675,21,21,0.5219800734339539,NS
ENSSSCG00000015648,0.5052960021164828,0.26091204070089297,-0.24438396141558988,-0.346938775510204,0.025700736146801368,21,21,0.1806424692285424,NS
ENSSSCG00000021440,0.3389074469148663,0.566534281852828,0.22762683493796165,0.32879818594104304,0.06598432826565541,21,21,0.2723588264951059,NS
ENSSSCG00000022196,0.5185106992959336,0.4999676760423192,-0.018543023253614455,-0.1428571428571428,0.4045234326847196,21,21,0.664517472366019,NS
ENSSSCG00000003150,0.19245836667664404,0.7944671995210297,0.6020088328443857,0.41950113378684806,0.017850998360770667,21,21,0.14934464330577116,NS
ENSSSCG00000004160,0.3267655039180041,0.38995736163586286,0.06319185771785879,-0.024943310657596474,0.8833239457764609,21,21,0.9613838280226118,NS
ENSSSCG00000002346,0.4554865374280431,0.626827713236878,0.1713411758088349,-0.02947845804988658,0.8538124647624143,21,21,0.9490399532059208,NS
ENSSSCG00000036162,0.6942684076351946,0.5333681909412823,-0.1609002166939123,-0.09977324263038545,0.4690041227050532,21,21,0.7144943996794726,NS
ENSSSCG00000006972,0.31125117160945576,0.21192868736913878,-0.09932248424031698,-0.0975056689342404,0.4407984705276796,21,21,0.6953040946930058,NS
ENSSSCG00000009676,0.5255136510306909,0.22213966411472927,-0.3033739869159616,-0.19274376417233552,0.27426016714054935,21,21,0.542979724843916,NS
ENSSSCG00000035264,0.6671011719817044,0.5187657560039387,-0.14833541597776567,-0.1882086167800454,0.2951269009434826,21,21,0.5642615776121211,NS
ENSSSCG00000012679,0.9462432421764964,0.5200192076453826,-0.4262240345311138,-0.19274376417233552,0.27953679894716343,21,21,0.5446243796584893,NS
ENSSSCG00000030274,0.6046799140438038,0.6301313005572733,0.025451386513469454,0.04081632653061229,0.820914084433879,21,21,0.9318998211511518,NS
ENSSSCG00000038232,1.3117643754629262,0.8238846873292697,-0.48787968813365656,-0.0793650793650793,0.6354264507904486,21,21,0.8285545433230331,NS
ENSSSCG00000009477,0.358366694299902,0.6907204227087573,0.33235372840885535,0.21541950113378683,0.21459524090243465,21,21,0.47926739976382926,NS
ENSSSCG00000039695,0.25874271889128064,0.7940699441525412,0.5353272252612605,0.39229024943310653,0.02860366965563831,21,21,0.18957442679377465,NS
ENSSSCG00000036922,0.4205860836622885,0.4187829696618384,-0.001803114000450079,0.08390022675736963,0.5701128515377344,21,21,0.7912146796578713,NS
ENSSSCG00000013351,0.3997892611862224,0.2963539543360274,-0.10343530685019497,-0.1383219954648527,0.4348426537433223,21,21,0.6880757384611778,NS
ENSSSCG00000035582,0.7479780766467778,0.8743115752055102,0.12633349855873233,0.12244897959183676,0.48740130700694906,21,21,0.730602101081082,NS
ENSSSCG00000000204,0.5136030289438077,0.8322932131470641,0.31869018420325634,0.0113378684807256,0.9597370308018924,21,21,0.9869209896448123,NS
ENSSSCG00000010160,0.591915329962423,0.27510806968406837,-0.31680726027835465,-0.48979591836734704,0.002717538024303566,21,21,0.0678052262065058,NS
ENSSSCG00000036560,0.9018742489916256,1.1382033245632,0.23632907557157434,0.12471655328798181,0.4721064723334718,21,21,0.7181043015981412,NS
ENSSSCG00000001078,0.6778976221529268,0.7181419294434372,0.04024430729051043,0.07936507936507942,0.6535163276272136,21,21,0.836916362254463,NS
ENSSSCG00000013589,0.48517400200149,0.5510854258692778,0.06591142386778776,-0.013605442176870763,0.945822281442314,21,21,0.9839764711395623,NS
ENSSSCG00000032942,0.4394754397245836,0.08580539861318444,-0.35367004111139916,-0.2970521541950113,0.04029647006692412,21,21,0.2229777250509772,NS
ENSSSCG00000007815,0.6942463820963745,0.16214388461251267,-0.5321024974838617,-0.39682539682539675,0.024356615731734872,21,21,0.17662408448171377,NS
ENSSSCG00000009083,0.7237187827495869,0.2952995981659461,-0.4284191845836408,-0.32199546485260777,0.0646756191044034,21,21,0.271526772984215,NS
ENSSSCG00000010464,0.5380460627282735,0.22316585977021614,-0.31488020295805735,-0.2970521541950113,0.07726121820591766,21,21,0.29484995892048155,NS
ENSSSCG00000009106,0.5487094038544255,0.8779801441973794,0.3292707403429539,0.13832199546485258,0.44636434350424403,21,21,0.6984759079638868,NS
ENSSSCG00000021874,1.3345838875628881,0.9073059165355319,-0.4272779710273562,-0.19274376417233552,0.286384655288089,21,21,0.553564027973032,NS
ENSSSCG00000008482,0.7424899242354569,0.3671009902325628,-0.3753889340028941,-0.22222222222222232,0.2137992566352407,21,21,0.4780517928675851,NS
ENSSSCG00000011538,0.3475834795122915,0.3674209986021946,0.01983751908990311,-0.018140589569161092,0.9242071623356182,21,21,0.97689693892486,NS
ENSSSCG00000009134,0.41840685323090365,0.11765505657115828,-0.3007517966597454,-0.4104308390022675,0.010824485709012352,21,21,0.12193098844634605,NS
ENSSSCG00000008473,0.6524475748925745,0.47745699839835154,-0.174990576494223,-0.1995464852607709,0.23704743470418477,21,21,0.49934320517832165,NS
ENSSSCG00000009786,0.4207932673783875,0.24555195884530281,-0.1752413085330847,-0.15646258503401356,0.3495632089391687,21,21,0.6139228892038759,NS
ENSSSCG00000007435,0.41208343880776543,0.9480835581465089,0.5360001193387435,0.26530612244897955,0.1333629988861458,21,21,0.3827908670957993,NS
ENSSSCG00000037698,0.3421116738797959,0.025167885708885576,-0.31694378817091035,-0.3696145124716552,0.012865934048381553,21,21,0.13040376222420583,NS
ENSSSCG00000004285,1.2201520162927422,1.043215148508558,-0.17693686778418427,-0.19274376417233552,0.26334009760515,21,21,0.5324235395140964,NS
ENSSSCG00000001010,0.5505458780325119,0.7431448031814262,0.1925989251489143,0.0022675736961451642,1.0,21,21,1.0,NS
ENSSSCG00000033810,1.7217957737688638,0.8315930566268138,-0.89020271714205,-0.37414965986394555,0.03739671556667503,21,21,0.21449955584229993,NS
ENSSSCG00000003814,0.6065968818965852,0.5355649492428718,-0.07103193265371344,-0.027210884353741527,0.8853972509904636,21,21,0.9633346775249136,NS
ENSSSCG00000015612,0.46140970296136646,0.6148833713275683,0.15347366836620185,0.16780045351473927,0.34948243123147604,21,21,0.6139228892038759,NS
ENSSSCG00000028889,0.6294746308016615,0.25879165878693045,-0.3706829720147311,-0.2517006802721089,0.15675580671477465,21,21,0.4089176259717459,NS
ENSSSCG00000010686,0.7320880844784595,1.3056475946692185,0.573559510190759,0.30612244897959184,0.09032436587303416,21,21,0.3146040991494828,NS
ENSSSCG00000016825,0.9249948378618769,0.5815060068088905,-0.34348883105298633,-0.21315192743764166,0.2155773924016452,21,21,0.47992085027495884,NS
ENSSSCG00000012705,0.1326275151547397,0.3489205197752251,0.2162930046204854,0.23129251700680276,0.14584790778321652,21,21,0.3961928598747425,NS
ENSSSCG00000015303,0.47492363550205224,0.4324661805078576,-0.04245745499419462,-0.013605442176870763,0.9426036805171034,21,21,0.9807767705668632,NS
ENSSSCG00000011076,0.36492898180977906,1.0854079994620334,0.7204790176522543,0.36734693877551017,0.032044757151532495,21,21,0.20315497363626772,NS
ENSSSCG00000012965,0.4722044945259172,0.9901544470203196,0.5179499524944025,0.2108843537414966,0.22055328718353528,21,21,0.4846238148875887,NS
ENSSSCG00000007306,0.6849370349553202,0.5660915101894817,-0.11884552476583854,-0.16780045351473927,0.34948243123147604,21,21,0.6139228892038759,NS
ENSSSCG00000002283,0.4290770662645894,0.1793874762535702,-0.2496895900110192,-0.05668934240362811,0.7189982813248303,21,21,0.8807728946229172,NS
ENSSSCG00000034900,0.1940457060285118,0.6234871284318262,0.4294414224033144,0.13378684807256236,0.34552432440724945,21,21,0.6093308137361777,NS
ENSSSCG00000011082,0.4532700893770552,0.16872179023653852,-0.2845482991405167,-0.26984126984126977,0.0626874524423694,21,21,0.26545427392262594,NS
ENSSSCG00000003049,0.32349793833527435,0.29894178661359927,-0.02455615172167508,-0.16326530612244894,0.192541958704313,21,21,0.45033680078813065,NS
ENSSSCG00000022998,0.19024628405699223,0.857102375706831,0.6668560916498387,0.3038548752834467,0.0636563078432842,21,21,0.26856228278285954,NS
ENSSSCG00000038554,0.8021925861526236,0.4856597135691901,-0.3165328725834335,-0.049886621315192725,0.7903016451291253,21,21,0.9193218203428043,NS
ENSSSCG00000004733,0.4477049637749918,0.23066705587057573,-0.21703790790441607,-0.02947845804988658,0.8572319035197487,21,21,0.9490399532059208,NS
ENSSSCG00000011357,1.0174928311332356,0.8261956919168393,-0.19129713921639635,-0.11337868480725621,0.5260606191301914,21,21,0.7578908227272798,NS
ENSSSCG00000008902,0.9379912081281128,0.645420881935212,-0.2925703261929008,-0.05668934240362811,0.7622281589787179,21,21,0.9015297803289233,NS
ENSSSCG00000008571,0.5095614007848462,0.38008030706807705,-0.1294810937167692,-0.05668934240362811,0.7592835988758233,21,21,0.9015297803289233,NS
ENSSSCG00000038442,0.3842875499983874,0.2762093445753808,-0.10807820542300656,-0.2857142857142858,0.10145319024215775,21,21,0.3332759242401978,NS
ENSSSCG00000015913,0.5733763264001832,0.2702131847471482,-0.303163141653035,-0.23809523809523814,0.18256443182818793,21,21,0.4397443828445819,NS
ENSSSCG00000007240,0.44820776528143214,0.5711372123995128,0.12292944711808063,0.1655328798185941,0.33303609101362897,21,21,0.6002699906341289,NS
ENSSSCG00000014985,0.5777980936784305,0.4326146929569621,-0.1451834007214684,-0.08843537414965996,0.6247093981344034,21,21,0.8249290608666039,NS
ENSSSCG00000005083,0.5418705042638867,0.25344471780133987,-0.28842578646254685,-0.24263038548752824,0.13938479799252357,21,21,0.38918532926597665,NS
ENSSSCG00000033573,0.6256596323847168,0.196878311397235,-0.4287813209874818,-0.2743764172335601,0.02763594199771041,21,21,0.18826470914031126,NS
ENSSSCG00000004578,0.38494816625823897,0.323483528126354,-0.06146463813188496,-0.0453514739229024,0.80026732210506,21,21,0.9213153463710844,NS
ENSSSCG00000023306,0.36067530840849016,0.24167855081885406,-0.1189967575896361,-0.006802721088435382,0.9789344173535194,21,21,0.9954575561004508,NS
ENSSSCG00000015816,0.33997019756350433,0.7260026977556346,0.3860325001921303,0.21995464852607705,0.21651784407666097,21,21,0.47992085027495884,NS
ENSSSCG00000027207,0.5020404182432836,0.604395630297517,0.10235521205423337,0.08390022675736963,0.6457800062637267,21,21,0.8344026504702031,NS
ENSSSCG00000024043,0.22169419932798712,0.11169435393815443,-0.10999984538983269,-0.10884353741496589,0.42867646393291214,21,21,0.68468464320833,NS
ENSSSCG00000016018,0.48981564651415,0.19749208197822157,-0.29232356453592845,-0.2585034013605443,0.12459735845417552,21,21,0.3688590878463198,NS
ENSSSCG00000023709,0.4651261517981443,0.5021625188608493,0.03703636706270497,0.11111111111111116,0.5366278980084417,21,21,0.7662921274641777,NS
ENSSSCG00000012518,0.4922245761784089,0.19297832944741683,-0.2992462467309921,-0.3151927437641724,0.05764517786495229,21,21,0.25711698319478066,NS
ENSSSCG00000006696,0.3017080466680798,0.24163994685339626,-0.060068099814683557,-0.1383219954648527,0.3291467518735991,21,21,0.596866697819955,NS
ENSSSCG00000024396,0.21559982725078589,0.6313534554663717,0.4157536282155858,0.43764172335600904,0.013865098336366411,21,21,0.13510592981175223,NS
ENSSSCG00000015718,0.5438490988079915,0.11334678169539746,-0.430502317112594,-0.3877551020408163,0.010816607725345302,21,21,0.12193098844634605,NS
ENSSSCG00000031706,0.6494197994963824,0.21835266934163344,-0.43106713015474896,-0.3378684807256236,0.046611665348763195,21,21,0.2350491979746632,NS
ENSSSCG00000032877,0.8652809733978343,0.3887069781758542,-0.4765739952219801,-0.20181405895691618,0.2612055981849596,21,21,0.529512530599534,NS
ENSSSCG00000036169,1.0170819595185208,0.7869420334812547,-0.23013992603726607,-0.061224489795918435,0.7389643385344363,21,21,0.8907689783709924,NS
ENSSSCG00000037499,0.299925771620572,0.29130129516301906,-0.008624476457552932,-0.05668934240362811,0.7573518526458614,21,21,0.9015297803289233,NS
ENSSSCG00000000517,1.4305161725566458,0.40364911487837346,-1.0268670576782724,-0.41496598639455784,0.01626820088838518,21,21,0.1445192278455265,NS
ENSSSCG00000034035,0.7018229230971423,1.0967371452369268,0.39491422213978444,0.12471655328798181,0.4919474495866534,21,21,0.7336937392345346,NS
ENSSSCG00000007153,0.3091319837701575,0.20704671357762597,-0.10208527019253152,-0.3537414965986394,0.025619527062854395,21,21,0.18049495780144287,NS
ENSSSCG00000035322,0.9408192761063743,0.4278661034723651,-0.5129531726340092,-0.21995464852607705,0.1588748702703321,21,21,0.4089176259717459,NS
ENSSSCG00000005706,1.1765503839894693,1.3774841201522074,0.20093373616273813,0.03401360544217691,0.8601670126869553,21,21,0.9490399532059208,NS
ENSSSCG00000031963,0.22100173531195383,0.19886471031781705,-0.022137024994136778,0.061224489795918324,0.6817037019089198,21,21,0.8563426835918677,NS
ENSSSCG00000022398,0.5150510866426923,0.7899263164695302,0.2748752298268379,0.21541950113378683,0.23159409651033092,21,21,0.4967903383554941,NS
ENSSSCG00000031073,0.20578386107594843,0.678844023367113,0.4730601622911646,0.28344671201814053,0.09548663762348054,21,21,0.3230024046631035,NS
ENSSSCG00000020984,1.5839452060812862,1.721450825825351,0.13750561974406472,0.08843537414965985,0.630383857519912,21,21,0.8251293316812793,NS
ENSSSCG00000008692,0.34204835980496817,0.15356016298893457,-0.1884881968160336,-0.17006802721088432,0.25585335980719504,21,21,0.523503631199315,NS
ENSSSCG00000026141,0.2912287480484284,0.378627509229434,0.08739876118100559,0.12698412698412698,0.44312233717398275,21,21,0.6968865733639436,NS
ENSSSCG00000008117,0.6758707004201531,0.4809278253404692,-0.19494287507968389,0.06575963718820865,0.718508032117787,21,21,0.8803295410480477,NS
ENSSSCG00000023812,1.2583160619744203,1.4338099587141577,0.17549389673973748,0.20181405895691606,0.2667238341552187,21,21,0.5349996098742043,NS
ENSSSCG00000016916,0.7726690101552872,1.0391730980203688,0.2665040878650816,0.19727891156462585,0.277745835839739,21,21,0.5446243796584893,NS
ENSSSCG00000000093,0.16990163254619645,0.4368917350254894,0.26699010247929295,0.16780045351473927,0.35288263469025094,21,21,0.6150342667619719,NS
ENSSSCG00000010381,0.7794333877885613,0.7817249350502277,0.00229154726166636,0.07482993197278909,0.6750046772852833,21,21,0.851513807682428,NS
ENSSSCG00000029199,0.32487430135883605,0.22994038922607582,-0.09493391213276023,0.0,1.0,21,21,1.0,NS
ENSSSCG00000009062,0.5718941630075323,0.7428977146370668,0.1710035516295345,0.11564625850340138,0.5151908142953782,21,21,0.7482974774648092,NS
ENSSSCG00000036065,0.9034472214400855,0.21580653925887935,-0.6876406821812061,-0.24489795918367352,0.12337707486349869,21,21,0.3688590878463198,NS
ENSSSCG00000025430,0.5140998054464364,0.6071236891824446,0.09302388373600823,0.07936507936507942,0.6581071908788809,21,21,0.8414940036214582,NS
ENSSSCG00000011482,1.2448314217196952,0.601583854352216,-0.6432475673674792,-0.26984126984126977,0.13423789589565174,21,21,0.3837032683323287,NS
ENSSSCG00000001080,0.6934007149110987,0.7040482590464064,0.010647544135307774,-0.04761904761904767,0.8004309388355547,21,21,0.9213153463710844,NS
ENSSSCG00000010035,0.6530402354959884,1.4669532197205022,0.8139129842245137,0.20408163265306123,0.2622788313581237,21,21,0.5313741237793055,NS
ENSSSCG00000001947,1.1112815201247317,1.2663953781986006,0.1551138580738689,0.19727891156462585,0.2782941160567475,21,21,0.5446243796584893,NS
ENSSSCG00000022705,0.5043125823075965,0.5399635829756714,0.03565100066807492,-0.027210884353741527,0.8886693315770071,21,21,0.965040287671819,NS
ENSSSCG00000017759,0.40886026431776157,0.13019054817183445,-0.2786697161459271,-0.3265306122448979,0.04614970584723727,21,21,0.2350491979746632,NS
ENSSSCG00000010427,0.7989394767138529,0.8521986973522241,0.053259220638371185,0.02947845804988658,0.8688833029558571,21,21,0.9568697775425999,NS
ENSSSCG00000014082,0.3362989162571348,0.15142469556893426,-0.18487422068820056,-0.2108843537414966,0.20565953394532732,21,21,0.4679351253283401,NS
ENSSSCG00000009523,1.2119298143675021,1.0618002478673592,-0.15012956650014297,-0.024943310657596474,0.894965069233469,21,21,0.965040287671819,NS
ENSSSCG00000022250,0.15241808236352128,0.4621079043367872,0.30968982197326594,0.07029478458049887,0.6256086461222392,21,21,0.8251293316812793,NS
ENSSSCG00000012114,1.495913547060875,0.6130462472394731,-0.882867299821402,-0.3718820861678005,0.03493393251560858,21,21,0.20802671619537746,NS
ENSSSCG00000004065,0.5024829614730002,1.0594067772126874,0.5569238157396872,0.24263038548752835,0.17429452840157578,21,21,0.42834123173730454,NS
ENSSSCG00000034810,0.2743908247734194,0.32430085726581476,0.04991003249239534,0.1655328798185941,0.3219480820302102,21,21,0.5903645647051428,NS
ENSSSCG00000003601,0.28254543423307144,0.26138658267172526,-0.02115885156134617,0.08843537414965985,0.6094227354245718,21,21,0.8157225327032747,NS
ENSSSCG00000010861,0.570876574008023,0.9167561676188674,0.3458795936108443,0.26530612244897955,0.13109412596550418,21,21,0.37835478192585825,NS
ENSSSCG00000013386,0.720619034127156,0.16532757434244857,-0.5552914597847074,-0.346938775510204,0.040994013553738516,21,21,0.2244664069512958,NS
ENSSSCG00000004498,0.8909990311579344,0.5070309759396648,-0.3839680552182696,-0.24263038548752824,0.16769565402979636,21,21,0.4216980156321125,NS
ENSSSCG00000009925,0.6914506895436995,0.6773445050364525,-0.014106184507246988,0.05442176870748294,0.7708642977304448,21,21,0.9077127092354017,NS
ENSSSCG00000000393,0.5327590625619046,0.18233701391878265,-0.350422048643122,-0.1428571428571428,0.4247851822338493,21,21,0.6805292737328833,NS
ENSSSCG00000022815,0.5027609425307158,0.30032142480877333,-0.20243951772194246,-0.20408163265306123,0.24948250123785853,21,21,0.5156522924048537,NS
ENSSSCG00000030668,0.3821128866062628,0.18687345406231506,-0.19523943254394774,-0.11337868480725621,0.4625908392784629,21,21,0.7103857207086134,NS
ENSSSCG00000038307,1.0412721744100113,1.0667543915169477,0.025482217106936433,0.038548752834467126,0.8381338197817959,21,21,0.9396794525202588,NS
ENSSSCG00000016708,0.5273784906759007,0.2614976637192638,-0.2658808269566369,-0.11791383219954654,0.4882277048888899,21,21,0.730602101081082,NS
ENSSSCG00000011197,0.42860494355625905,0.423659459047506,-0.00494548450875304,-0.0022675736961450532,1.0,21,21,1.0,NS
ENSSSCG00000039899,0.593644403026355,0.5058218228543212,-0.08782258017203382,0.02947845804988658,0.8650985102858311,21,21,0.953651901102491,NS
ENSSSCG00000003253,0.5158642194520519,0.8973563279736089,0.381492108521557,-0.006802721088435382,0.9796941187669785,21,21,0.9954575561004508,NS
ENSSSCG00000001817,0.31448783217521037,0.2275806485357427,-0.08690718363946767,-0.04308390022675734,0.8135488656920553,21,21,0.9318998211511518,NS
ENSSSCG00000013281,0.8951507908273322,0.6306422163160628,-0.2645085745112694,-0.06349206349206349,0.7293115288516626,21,21,0.8856571230168889,NS
ENSSSCG00000007463,0.681664178349199,0.9022811391897415,0.2206169608405425,0.07709750566893425,0.6760402625314199,21,21,0.8526633941837729,NS
ENSSSCG00000032364,0.5136403143700945,0.15545692312361176,-0.35818339124648274,-0.21995464852607705,0.1741145757589777,21,21,0.42834123173730454,NS
ENSSSCG00000007589,0.6692354861442654,0.7674297810650612,0.09819429492079579,0.25396825396825395,0.15484778065211924,21,21,0.4076192537503983,NS
ENSSSCG00000025238,0.4599702468950997,0.8511054985966149,0.3911352517015152,0.2562358276643991,0.1321176082347814,21,21,0.38048983731763236,NS
ENSSSCG00000025542,0.37247095126945007,0.2436178566870925,-0.12885309458235758,-0.16780045351473927,0.2931816766302777,21,21,0.5614605717632968,NS
ENSSSCG00000009380,0.3428473794412724,0.28887578241819334,-0.053971597023079076,-0.06575963718820854,0.6672457198085979,21,21,0.8447545916162275,NS
ENSSSCG00000029425,0.23106920561313612,0.8379812421603167,0.6069120365471805,0.1428571428571429,0.4130428177036224,21,21,0.6728743123834836,NS
ENSSSCG00000011114,0.4376501247454826,0.2491205279975976,-0.188529596747885,-0.20408163265306123,0.2435544059071808,21,21,0.5096959196227152,NS
ENSSSCG00000010698,0.23701365304200978,0.47038734059809634,0.23337368755608656,-0.02947845804988658,0.8741186350294324,21,21,0.9581000128681301,NS
ENSSSCG00000014361,1.0939973084689238,1.5309905229132974,0.43699321444437356,0.17233560090702948,0.33181947251948896,21,21,0.600101182951247,NS
ENSSSCG00000009802,0.3831658811847284,1.1280142980184495,0.7448484168337212,0.39682539682539686,0.02574444208827815,21,21,0.18076445519507484,NS
ENSSSCG00000010798,0.6226495257705965,0.38911807529588593,-0.23353145047471058,-0.26984126984126977,0.12207329878742236,21,21,0.3666474735909446,NS
ENSSSCG00000037782,0.34839203873084,0.1278849014129794,-0.22050713731786062,-0.10884353741496589,0.4810565834563021,21,21,0.7223387232262236,NS
ENSSSCG00000033422,0.4611563301445932,0.16606139074271734,-0.2950949394018758,-0.17006802721088432,0.31455092549965025,21,21,0.5808396632375776,NS
ENSSSCG00000004033,0.5340301275133785,1.0893332842710373,0.5553031567576587,0.28798185941043086,0.10479463318426285,21,21,0.33893973769167524,NS
ENSSSCG00000014377,0.36862574799246073,0.7347873369173568,0.36616158892489603,0.19274376417233563,0.26742839487867,21,21,0.5349996098742043,NS
ENSSSCG00000007282,0.9098366066915473,1.1743484876080506,0.26451188091650324,0.05215419501133789,0.7787974204784971,21,21,0.9109394814543041,NS
ENSSSCG00000023393,0.3389445448536524,0.39823616649511645,0.059291621641464065,-0.07256235827664392,0.6421184181652578,21,21,0.8331629182170737,NS
ENSSSCG00000005893,0.7388333854461672,0.3509363203401718,-0.38789706510599536,-0.1950113378684808,0.17997230841403666,21,21,0.43842685927567165,NS
ENSSSCG00000032328,0.5935443853305297,0.6859897244324729,0.09244533910194319,-0.024943310657596474,0.8992347852071954,21,21,0.965040287671819,NS
ENSSSCG00000010122,0.4388926533035034,0.8318058454654901,0.39291319216198667,0.08843537414965985,0.6310141526271165,21,21,0.8251293316812793,NS
ENSSSCG00000004762,0.4661929619362106,0.4296451045222155,-0.03654785741399513,-0.03401360544217691,0.8554121170113644,21,21,0.9490399532059208,NS
ENSSSCG00000001068,0.20103901333532187,1.0095769083525106,0.8085378950171886,0.3877551020408163,0.024805831478852177,21,21,0.1780582660160118,NS
ENSSSCG00000023814,0.3613776016844771,0.32292033504880185,-0.038457266635675225,-0.09297052154195007,0.5974318666528975,21,21,0.8062920726419195,NS
ENSSSCG00000036168,0.3504404174731331,0.20569731230443486,-0.14474310516869823,-0.18367346938775508,0.2403730815349241,21,21,0.5059231064621502,NS
ENSSSCG00000035379,0.723200670146162,0.06690307480950344,-0.6562975953366585,-0.43764172335600904,0.008260477013896659,21,21,0.10793689964824967,NS
ENSSSCG00000037213,0.3407581602805721,0.8952273580925227,0.5544691978119507,0.3038548752834467,0.09053461677604917,21,21,0.3146040991494828,NS
ENSSSCG00000033708,0.4525011047618175,0.1836631822110967,-0.2688379225507208,-0.473922902494331,0.003232481924596835,21,21,0.07135641789976087,NS
ENSSSCG00000015335,0.30418893852755935,0.7498340812915053,0.44564514276394596,0.2290249433106576,0.18675389060308512,21,21,0.4452517959821363,NS
ENSSSCG00000034145,0.32607454650432655,0.5277747389889333,0.2017001924846068,-0.024943310657596474,0.8463726373193105,21,21,0.9456215459300439,NS
ENSSSCG00000013511,0.08411229001388147,0.8604018009928988,0.7762895109790173,0.3242630385487528,0.04439553933151159,21,21,0.23072227258649203,NS
ENSSSCG00000006205,0.46707815834366473,0.7854835889315681,0.3184054305879034,0.02947845804988658,0.8688833029558571,21,21,0.9568697775425999,NS
ENSSSCG00000001900,0.4176452429856828,0.7044600105155234,0.28681476752984064,0.0680272108843537,0.707479893510411,21,21,0.8702370574648411,NS
ENSSSCG00000027374,0.7738654587335237,0.3253316262145532,-0.44853383251897055,-0.3015873015873016,0.09298492242811,21,21,0.3175094912179366,NS
ENSSSCG00000033770,0.86133830498037,0.5460292442406365,-0.3153090607397335,-0.25396825396825395,0.15484778065211924,21,21,0.4076192537503983,NS
ENSSSCG00000003777,0.9273729052184533,0.7188347630407649,-0.2085381421776884,0.0113378684807256,0.9595119745627091,21,21,0.9869209896448123,NS
ENSSSCG00000006274,0.43791315179575563,0.23306601059963694,-0.2048471411961187,-0.17233560090702937,0.3257504734178577,21,21,0.5929529726545689,NS
ENSSSCG00000035181,0.7083117116878955,0.44538519510137287,-0.26292651658652266,-0.1201814058956916,0.45399172453648207,21,21,0.7034974543303065,NS
ENSSSCG00000021956,0.39354308045990927,0.3928676998269638,-0.000675380632945477,0.0680272108843537,0.699378431487961,21,21,0.8683685140284909,NS
ENSSSCG00000004374,0.6632072653255979,0.49717077228015033,-0.1660364930454476,-0.08390022675736963,0.6393848657189356,21,21,0.8320092618859216,NS
ENSSSCG00000000162,0.3730097860488355,0.34354642867673435,-0.02946335737210115,-0.038548752834467015,0.8312851534647557,21,21,0.9393207301545419,NS
ENSSSCG00000038895,0.7086757286653365,0.34657378296852315,-0.3621019456968133,-0.24489795918367352,0.16620033480313656,21,21,0.41913082991704775,NS
ENSSSCG00000037127,0.2940004469349631,0.39177491546114024,0.09777446852617716,-0.04761904761904767,0.7770648837260093,21,21,0.9109394814543041,NS
ENSSSCG00000017333,0.2675513619269043,0.2667858034299858,-0.0007655584969185059,0.015873015873015928,0.9323060586877197,21,21,0.9783494422867809,NS
ENSSSCG00000003211,0.42742073280398063,0.6235308481951185,0.19611011539113787,0.09297052154195007,0.6002008579834619,21,21,0.8092330750327337,NS
ENSSSCG00000039645,0.7896619158971865,0.24905386101613974,-0.5406080548810468,-0.04308390022675734,0.7872768723368732,21,21,0.9166190333046419,NS
ENSSSCG00000002344,0.33479094055262976,0.34549392799219464,0.010702987439564882,0.038548752834467126,0.827855578376314,21,21,0.9385373108017706,NS
ENSSSCG00000036247,0.8816466963280186,0.7945505636271348,-0.08709613270088379,-0.038548752834467015,0.8368116718359639,21,21,0.9396794525202588,NS
ENSSSCG00000001964,0.3620538929464289,0.14808434544701457,-0.21396954749941435,-0.11111111111111116,0.4611072427820012,21,21,0.7103857207086134,NS
ENSSSCG00000005941,0.8158008151791728,0.6168366071423838,-0.19896420803678905,-0.1020408163265305,0.5668591721737525,21,21,0.7873403837787263,NS
ENSSSCG00000013499,0.7460621965639594,0.8343792291895259,0.08831703262556645,0.2063492063492064,0.25335624060685336,21,21,0.5216157894846981,NS
ENSSSCG00000023176,1.2606750651704632,0.8968741196552105,-0.36380094551525277,-0.19047619047619047,0.29325265723438665,21,21,0.5614605717632968,NS
ENSSSCG00000005241,0.5294372627845141,0.25240716748170244,-0.27703009530281164,-0.1950113378684808,0.26539188440414985,21,21,0.5349996098742043,NS
ENSSSCG00000012305,0.645339469828083,1.4792802590043996,0.8339407891763166,0.5011337868480725,0.004808393828910757,21,21,0.08343642398977885,NS
ENSSSCG00000016690,0.48365948266085773,0.41012107009212556,-0.07353841256873217,-0.024943310657596474,0.8930493185856647,21,21,0.965040287671819,NS
ENSSSCG00000000095,0.16781213310224216,0.5828713998081436,0.41505926670590143,0.12244897959183676,0.49284643465644695,21,21,0.7336937392345346,NS
ENSSSCG00000020926,1.1699399426111121,1.2789355641342628,0.10899562152315068,0.1882086167800453,0.30126080936104704,21,21,0.5703026187481536,NS
ENSSSCG00000034189,0.8048848146346954,0.9420683475473246,0.1371835329126292,0.038548752834467126,0.8390849723098348,21,21,0.9396794525202588,NS
ENSSSCG00000028581,0.6924641685444436,0.6149775993911852,-0.07748656915325836,0.03628117913832196,0.8343209222385081,21,21,0.9396794525202588,NS
ENSSSCG00000006821,0.6670784878367675,0.6451417507483977,-0.02193673708836974,-0.0793650793650793,0.6616084652806157,21,21,0.8440829592384272,NS
ENSSSCG00000004067,0.6433572851842678,0.11886285726951382,-0.524494427914754,-0.23809523809523814,0.043906038035611,21,21,0.229906559887904,NS
ENSSSCG00000010401,0.7646321395393614,0.6836153890734968,-0.08101675046586454,0.11564625850340138,0.5197914285900349,21,21,0.7527495801414957,NS
ENSSSCG00000010212,0.5527080890113625,0.08653935200148642,-0.46616873700987604,-0.5238095238095237,0.0015562876682215971,21,21,0.0505977886445505,NS
ENSSSCG00000010114,0.2705510381859776,0.5446798716489211,0.2741288334629435,0.10657596371882083,0.5436440139029455,21,21,0.7703997318854171,NS
ENSSSCG00000028054,0.6372553230951967,0.39600799248724317,-0.24124733060795356,-0.11111111111111116,0.5399799094247706,21,21,0.7689977535092227,NS
ENSSSCG00000013736,0.8799541217180663,0.9154223502277018,0.03546822850963549,0.09297052154195007,0.613152330069987,21,21,0.8157225327032747,NS
ENSSSCG00000037256,1.0053242276270364,1.2337664126399248,0.22844218501288838,0.09070294784580502,0.6035388940639381,21,21,0.8122717324862208,NS
ENSSSCG00000039258,0.8627213269170829,0.4825914324820253,-0.3801298944350576,-0.05668934240362811,0.7573518526458614,21,21,0.9015297803289233,NS
ENSSSCG00000008293,0.28743368095565236,0.4793224026191877,0.19188872166353532,-0.024943310657596474,0.8874172758423389,21,21,0.965040287671819,NS
ENSSSCG00000036839,0.4410878459030358,0.2051651912805894,-0.23592265462244638,-0.24489795918367352,0.1542161882714991,21,21,0.4064245299817456,NS
ENSSSCG00000007917,0.6933097366439096,0.7429190495213911,0.04960931287748149,0.03401360544217691,0.8601108632068536,21,21,0.9490399532059208,NS
ENSSSCG00000034540,0.17230208993279125,0.6942881204389929,0.5219860305062016,0.2698412698412699,0.12679830008258472,21,21,0.3731601624052043,NS
ENSSSCG00000003035,0.6167208925710637,0.3937965202607588,-0.22292437231030487,-0.06575963718820854,0.7223183509843947,21,21,0.8813087398839223,NS
ENSSSCG00000032213,0.3791741415233454,1.1076233378499456,0.7284491963266002,0.2789115646258503,0.11231019724552198,21,21,0.3499967010457579,NS
ENSSSCG00000014606,0.3514390902140403,0.5114450856334335,0.1600059954193932,0.10204081632653061,0.5333362358751486,21,21,0.7623852006883766,NS
ENSSSCG00000034997,0.5163107866431156,0.543430369625692,0.02711958298257644,0.03401360544217691,0.8198836776928862,21,21,0.9318998211511518,NS
ENSSSCG00000035938,0.4529416892202734,0.7404813043775051,0.28753961515723175,0.11337868480725621,0.5260606191301914,21,21,0.7578908227272798,NS
ENSSSCG00000031892,0.7748347020896181,0.4959371667064299,-0.27889753538318823,-0.16099773242630389,0.37146641407552783,21,21,0.6364284716678623,NS
ENSSSCG00000040272,0.4691573583969274,0.43091027701532675,-0.038247081381600656,0.020408163265306145,0.9082894234955566,21,21,0.9723776954743334,NS
ENSSSCG00000036086,0.4832774666438097,0.15325421456818036,-0.3300232520756293,-0.15646258503401356,0.360591864955224,21,21,0.6254513763825124,NS
ENSSSCG00000007291,0.891404030263927,0.7057075559284511,-0.18569647433547587,-0.06575963718820854,0.7229203150908674,21,21,0.8813087398839223,NS
ENSSSCG00000015534,1.1010610169229875,0.3416547656100744,-0.7594062513129132,-0.45578231292517013,0.005936199447882978,21,21,0.09404694737292663,NS
ENSSSCG00000037514,0.13599032506676637,0.39677066522843,0.2607803401616636,0.07482993197278909,0.5749355166114863,21,21,0.794449839978317,NS
ENSSSCG00000005036,0.615279175564296,0.31089132254277246,-0.30438785302152355,-0.24263038548752824,0.14969092977595583,21,21,0.401864822689913,NS
ENSSSCG00000023105,1.021491124151311,0.8678924626807634,-0.15359866147054757,-0.06802721088435382,0.7120831966867687,21,21,0.8749580385583438,NS
ENSSSCG00000040838,0.5254337048333826,0.2765034226094016,-0.248930282223981,-0.2403628117913832,0.16206374435393567,21,21,0.41545489023467813,NS
ENSSSCG00000038763,0.2905875692494622,0.8537353683123386,0.5631477990628764,0.2290249433106576,0.20168804191296774,21,21,0.4618090679315616,NS
ENSSSCG00000025252,0.39007027592626176,0.38521732842461426,-0.004852947501647498,-0.256235827664399,0.13586301062659722,21,21,0.3858781529159893,NS
ENSSSCG00000002281,0.8867430899302684,1.1918029537182502,0.3050598637879818,0.17233560090702948,0.34225938962050806,21,21,0.605753202475925,NS
ENSSSCG00000006885,0.6397783143724484,0.8454155634075237,0.2056372490350753,0.08843537414965985,0.6319050576373251,21,21,0.8251293316812793,NS
ENSSSCG00000011257,0.7602535920657012,1.2977212116533283,0.5374676195876271,0.2063492063492064,0.2553074243261012,21,21,0.523503631199315,NS
ENSSSCG00000038483,1.2035432722207462,0.9854347853567488,-0.21810848686399742,-0.07256235827664392,0.6735253902656408,21,21,0.849960297502262,NS
ENSSSCG00000004729,0.20121950022180793,0.46846851881578244,0.26724901859397454,0.3015873015873016,0.08138239732236073,21,21,0.3023991346304046,NS
ENSSSCG00000003781,0.558096068257804,0.22435652638728273,-0.33373954187052124,-0.1541950113378685,0.3501688547963022,21,21,0.6139228892038759,NS
ENSSSCG00000011168,0.8122789429842401,1.1144906124573006,0.30221166947306055,0.061224489795918324,0.7350589515443476,21,21,0.8887036319341249,NS
ENSSSCG00000002926,0.3947706834008616,0.547053839900743,0.1522831564998814,0.09070294784580502,0.6035388940639381,21,21,0.8122717324862208,NS
ENSSSCG00000030065,0.37356406002260484,0.630976137716214,0.25741207769360913,0.24489795918367352,0.1542161882714991,21,21,0.4064245299817456,NS
ENSSSCG00000012203,0.5299390267630869,0.5088887721503289,-0.021050254612758,-0.1020408163265305,0.5774157429231546,21,21,0.794449839978317,NS
ENSSSCG00000001804,0.6925615061764162,0.531819544177881,-0.1607419619985352,-0.16099773242630389,0.3675172240621074,21,21,0.6306073429379832,NS
ENSSSCG00000014900,0.6391292519479483,0.746068859590332,0.10693960764238364,-0.05668934240362811,0.7469435139524357,21,21,0.8942465105957608,NS
ENSSSCG00000040188,0.7969772443422698,0.6204407223684802,-0.17653652197378955,-0.04308390022675734,0.8182345456800016,21,21,0.9318998211511518,NS
ENSSSCG00000017692,0.6219294608923223,0.2531345103404031,-0.3687949505519192,-0.12698412698412698,0.44312233717398275,21,21,0.6968865733639436,NS
ENSSSCG00000008126,0.9753390098071337,1.1704792474578118,0.19514023765067812,0.08843537414965985,0.6275574136320947,21,21,0.8251293316812793,NS
ENSSSCG00000014251,0.512496261544683,0.4955575914808639,-0.01693867006381905,0.05215419501133789,0.751402801454671,21,21,0.898687244035969,NS
ENSSSCG00000007765,0.1676643587474102,0.7515370264200696,0.5838726676726593,0.09297052154195007,0.5866949363830434,21,21,0.8020580437599996,NS
ENSSSCG00000016888,1.3443278121899134,1.0262144586093758,-0.3181133535805376,-0.01133786848072571,0.9594013872106937,21,21,0.9869209896448123,NS
ENSSSCG00000009152,0.9124626616568186,1.4429433521124229,0.5304806904556043,0.2335600907029478,0.19932996542039527,21,21,0.4574984559108449,NS
ENSSSCG00000017713,0.7684980030226187,0.18564428978029368,-0.582853713242325,-0.26984126984126977,0.12207329878742236,21,21,0.3666474735909446,NS
ENSSSCG00000001956,0.49087262578315893,0.3751100947051451,-0.11576253107801382,-0.21995464852607705,0.19681162067712643,21,21,0.4572054581256645,NS
ENSSSCG00000028827,0.5782444429165706,0.22875057640477137,-0.34949386651179926,-0.3197278911564625,0.057078269200239236,21,21,0.2560869370265802,NS
ENSSSCG00000011631,0.5771350694450275,0.8049160704385381,0.22778100099351062,0.12698412698412698,0.4839642221531637,21,21,0.7261580411134521,NS
ENSSSCG00000015320,0.4154259456213952,0.518287737467458,0.10286179184606287,-0.03401360544217691,0.8506999263799557,21,21,0.9482940355811661,NS
ENSSSCG00000010568,0.5829281335461484,0.42129052429786296,-0.1616376092482854,-0.14058956916099774,0.41663852208221597,21,21,0.6751374148904354,NS
ENSSSCG00000010680,1.4403517102211976,1.0194281503135905,-0.4209235599076071,-0.19727891156462585,0.277745835839739,21,21,0.5446243796584893,NS
ENSSSCG00000024488,0.9626425324108016,0.3919941454726031,-0.5706483869381984,-0.1882086167800454,0.2911446976455959,21,21,0.5577360027502899,NS
ENSSSCG00000026579,0.3581535131936143,0.6432050861706284,0.2850515729770141,0.11111111111111116,0.48116324048942405,21,21,0.7223387232262236,NS
ENSSSCG00000031869,0.3834194016413778,0.678505329324057,0.29508592768267927,0.2063492063492064,0.24420254717875356,21,21,0.5104294557118371,NS
ENSSSCG00000007580,0.21173043341809153,0.8917796682261026,0.680049234808011,0.3038548752834467,0.09053461677604917,21,21,0.3146040991494828,NS
ENSSSCG00000021287,1.1042376020037037,0.24620574299290818,-0.8580318590107955,-0.4444444444444444,0.008044304607235339,21,21,0.10768263386919406,NS
ENSSSCG00000011550,0.5279666572148282,0.20813172416760523,-0.31983493304722294,-0.14739229024943312,0.38953597612082624,21,21,0.6539796048612466,NS
ENSSSCG00000016907,0.8548287038252932,0.3274779120800294,-0.5273507917452638,-0.27664399092970515,0.12547319857041825,21,21,0.3700542313813711,NS
ENSSSCG00000007422,0.156709427953188,0.6062005246940521,0.44949109674086407,0.3197278911564626,0.05411693443153561,21,21,0.25016318746653254,NS
ENSSSCG00000006263,0.7021293930691657,1.0387034704847042,0.3365740774155386,0.2108843537414966,0.23113952620919798,21,21,0.4967903383554941,NS
ENSSSCG00000040872,0.7185161321211481,0.3997309758484332,-0.31878515627271486,-0.020408163265306145,0.904536516064016,21,21,0.9690208415960273,NS
ENSSSCG00000010544,0.39699954733051906,0.43759629492695884,0.040596747596439775,-0.01133786848072571,0.9578835160105609,21,21,0.9869209896448123,NS
ENSSSCG00000007098,0.5957963799822865,0.24392159501922764,-0.3518747849630589,-0.24263038548752824,0.1197978629912809,21,21,0.36139548817950173,NS
ENSSSCG00000016562,0.34541630432673637,0.3722272916861633,0.02681098735942694,-0.0226757369614512,0.8968860755715193,21,21,0.965040287671819,NS
ENSSSCG00000015356,0.4155156893989336,0.5964575100882739,0.18094182068934028,-0.10430839002267578,0.555441650211415,21,21,0.7803947792726859,NS
ENSSSCG00000009395,0.6514568817817048,0.4845761611618224,-0.1668807206198824,-0.20181405895691618,0.26275406916827526,21,21,0.5318867228474966,NS
ENSSSCG00000010681,0.6953197498762246,0.8090639636319112,0.11374421375568666,-0.024943310657596474,0.8990076509400781,21,21,0.965040287671819,NS
ENSSSCG00000023904,0.29324922085852706,0.29187039187108077,-0.00137882898744629,-0.04308390022675734,0.7988532883605102,21,21,0.9213153463710844,NS
ENSSSCG00000000745,0.5951651526174563,0.20583321207142116,-0.38933194054603515,-0.20861678004535156,0.216175404024326,21,21,0.47992085027495884,NS
ENSSSCG00000008972,0.36209000806745834,0.37265364968521075,0.010563641617752417,0.03401360544217691,0.8490967008398763,21,21,0.9480266707107646,NS
ENSSSCG00000006904,0.4792534233356222,0.2904571300087466,-0.18879629332687559,-0.17913832199546476,0.24226540788001505,21,21,0.5079280862032101,NS
ENSSSCG00000021704,0.5771688921537139,0.08749153452626304,-0.4896773576274509,-0.383219954648526,0.017386688287966693,21,21,0.14900395660733526,NS
ENSSSCG00000012110,1.175894783069626,2.4672639203106956,1.2913691372410696,0.4467120181405896,0.01361504730764377,21,21,0.1343665870929123,NS
ENSSSCG00000025306,0.8395293297125053,1.016886490906662,0.17735716119415668,0.0022675736961451642,1.0,21,21,1.0,NS
ENSSSCG00000036026,0.22266368897604427,0.32633353471743876,0.10366984574139448,-0.038548752834467015,0.7946922344572391,21,21,0.9213153463710844,NS
ENSSSCG00000035728,0.5364639174089859,0.4744802139072565,-0.06198370350172944,0.10204081632653061,0.5579444597513791,21,21,0.7833833809361512,NS
ENSSSCG00000013848,0.5768027414274146,0.14611814639394968,-0.4306845950334649,-0.4988662131519275,0.0022597685375173255,21,21,0.06276668647359508,NS
ENSSSCG00000010340,0.17325461233335965,0.5136359483572399,0.34038133602388027,0.3015873015873016,0.08138239732236073,21,21,0.3023991346304046,NS
ENSSSCG00000006777,0.3972032830422758,0.7917842477365552,0.3945809646942794,0.0,1.0,21,21,1.0,NS
ENSSSCG00000002497,0.8483971143241985,0.5975654808772655,-0.25083163344693304,-0.0793650793650793,0.6535163276272136,21,21,0.836916362254463,NS
ENSSSCG00000001101,0.4977959094299037,0.10100149564518078,-0.3967944137847229,-0.39229024943310664,0.009921549675475726,21,21,0.11778791333037791,NS
ENSSSCG00000013600,0.4076310695171967,0.8015632070395322,0.3939321375223355,0.15192743764172334,0.3639183711389784,21,21,0.6272800312138134,NS
ENSSSCG00000010085,0.671990140210669,1.641524474536033,0.9695343343253638,0.2925170068027211,0.0910449685807317,21,21,0.3146040991494828,NS
ENSSSCG00000009551,0.3069155672441854,0.46808550952480055,0.16116994228061515,0.15192743764172334,0.39941882743682133,21,21,0.661707359039476,NS
ENSSSCG00000007543,0.4411590987730112,0.23803430214258267,-0.2031247966304285,-0.15646258503401356,0.3183052684024743,21,21,0.5863518102150843,NS
ENSSSCG00000023331,0.24033598919241128,1.0078348915910156,0.7674989023986043,0.5192743764172336,0.003887861406924698,21,21,0.07642042765473762,NS
ENSSSCG00000009241,0.556230074823237,0.6463150458312631,0.09008497100802604,-0.04761904761904767,0.7957987046374596,21,21,0.9213153463710844,NS
ENSSSCG00000036817,0.4233832119238146,0.7328807355048144,0.30949752358099974,0.1428571428571429,0.41657756525497913,21,21,0.6751374148904354,NS
ENSSSCG00000001490,0.37675793414179204,0.2815786999944829,-0.09517923414730917,0.12244897959183676,0.4453582080390025,21,21,0.6984759079638868,NS
ENSSSCG00000027153,0.5604724688489279,0.7561929617214134,0.1957204928724855,0.11111111111111116,0.5399799094247706,21,21,0.7689977535092227,NS
ENSSSCG00000036564,0.34779718800743364,0.21735737441878847,-0.13043981358864518,-0.06802721088435382,0.699378431487961,21,21,0.8683685140284909,NS
ENSSSCG00000007246,0.431282036460133,0.20869932451766562,-0.2225827119424674,-0.24716553287981857,0.11297225013572781,21,21,0.3499967010457579,NS
ENSSSCG00000029600,0.7707345063459947,1.081509197079407,0.31077469073341235,0.07029478458049887,0.6993484297590173,21,21,0.8683685140284909,NS
ENSSSCG00000016478,0.4861123620796104,0.44661820694896126,-0.03949415513064913,-0.020408163265306145,0.904536516064016,21,21,0.9690208415960273,NS
ENSSSCG00000000783,0.5141004132025182,0.536706292677001,0.022605879474482782,0.020408163265306145,0.9191281376836065,21,21,0.9725908472022055,NS
ENSSSCG00000000075,0.1370824733188295,0.4715471597616676,0.3344646864428381,0.4399092970521542,0.010171052773436348,21,21,0.11890408570106216,NS
ENSSSCG00000008534,0.3871906979862545,0.5241601572162145,0.13696945922995996,0.07936507936507942,0.6581071908788809,21,21,0.8414940036214582,NS
ENSSSCG00000034090,0.43254869333345497,0.7209889854769709,0.2884402921435159,0.0022675736961451642,1.0,21,21,1.0,NS
ENSSSCG00000040974,0.5529647259400693,0.15928822217358043,-0.3936765037664889,-0.09297052154195007,0.6095591727172163,21,21,0.8157225327032747,NS
ENSSSCG00000002762,0.6049831439025133,0.6952952906936898,0.0903121467911765,-0.02947845804988658,0.8777704136647931,21,21,0.9581000128681301,NS
ENSSSCG00000008892,0.4817326470147151,0.10574612085448223,-0.37598652616023287,-0.17913832199546476,0.3031088021348173,21,21,0.5714004898721755,NS
ENSSSCG00000016643,1.19997809765767,0.40705427346437933,-0.7929238241932905,-0.34013605442176864,0.04724896492901718,21,21,0.23607275995124388,NS
ENSSSCG00000023026,0.2800859292992489,0.4396324004997583,0.1595464712005094,0.10657596371882083,0.5362754291815679,21,21,0.7659775517932715,NS
ENSSSCG00000039962,0.4998968188246023,2.2454608563612344,1.7455640375366321,0.41496598639455784,0.020896264056342474,21,21,0.16355258052360333,NS
ENSSSCG00000040418,0.9594747465521399,1.0480795998166619,0.08860485326452194,0.05215419501133789,0.7800813176978021,21,21,0.9109394814543041,NS
ENSSSCG00000009030,0.31885463301589984,0.3511662141491221,0.032311581133222245,-0.09297052154195007,0.6002008579834619,21,21,0.8092330750327337,NS
ENSSSCG00000035671,0.3802199734433006,0.5046056946483214,0.12438572120502078,0.13832199546485258,0.4436440440374648,21,21,0.6975471331874877,NS
ENSSSCG00000011120,0.6987865375618684,0.3885543810956224,-0.31023215646624597,-0.2403628117913832,0.1783938233553658,21,21,0.4352189632210735,NS
ENSSSCG00000012133,0.8920837689774053,1.3130712957385013,0.4209875267610961,0.07936507936507942,0.6673833096047879,21,21,0.8447545916162275,NS
ENSSSCG00000012489,0.7843667390723263,0.07776486451860645,-0.7066018745537199,-0.43764172335600904,0.0031973427449407243,21,21,0.07135641789976087,NS
ENSSSCG00000036751,0.5304916947255973,0.18068857082429485,-0.34980312390130247,-0.20181405895691618,0.2520573589810172,21,21,0.520348425222808,NS
ENSSSCG00000006305,0.6399152303022609,0.2662534247171252,-0.37366180558513573,-0.39682539682539675,0.019316117282627387,21,21,0.15552648422397167,NS
ENSSSCG00000021973,0.6454202420248676,0.22353632045052108,-0.4218839215743465,-0.2743764172335601,0.0782244944974317,21,21,0.29484995892048155,NS
ENSSSCG00000010278,0.36763369924439554,0.34145722406598533,-0.026176475178410208,0.006802721088435382,0.979459392659299,21,21,0.9954575561004508,NS
ENSSSCG00000015694,0.44591598904674584,0.7283011894109636,0.2823852003642177,0.08390022675736963,0.6430488687559992,21,21,0.8337394140363172,NS
ENSSSCG00000003905,0.4047774129655992,0.09905246555762234,-0.30572494740797684,-0.3877551020408163,0.022277980824055826,21,21,0.16868316606293926,NS
ENSSSCG00000012663,0.5981573531531483,0.508002872227023,-0.09015448092612532,-0.19727891156462585,0.2657990491405863,21,21,0.5349996098742043,NS
ENSSSCG00000032048,0.4208183803142105,0.010140267943517049,-0.41067811237069346,-0.47845804988662133,0.0009241183787922141,21,21,0.04417827813527798,NS
ENSSSCG00000037584,0.259212581991057,0.46611180410403547,0.20689922211297845,0.02947845804988658,0.8688833029558571,21,21,0.9568697775425999,NS
ENSSSCG00000010222,0.07419563366886366,0.4304030464223905,0.35620741275352685,0.23129251700680276,0.11110775824631243,21,21,0.3499967010457579,NS
ENSSSCG00000002444,0.5343541661171565,0.2513994537288729,-0.28295471238828357,-0.1020408163265305,0.5333362358751486,21,21,0.7623852006883766,NS
ENSSSCG00000010331,0.5554071760203659,0.12488616734804918,-0.43052100867231674,-0.2970521541950113,0.07372194861596137,21,21,0.287638363555999,NS
ENSSSCG00000025007,0.5961469778101255,0.5339577882139643,-0.062189189596161154,0.006802721088435382,0.9785479884334713,21,21,0.9954575561004508,NS
ENSSSCG00000005663,0.22634711755497716,0.5595394189893532,0.33319230143437606,0.11111111111111116,0.49678911117466173,21,21,0.7336937392345346,NS
ENSSSCG00000030565,0.5569804979554063,0.33511270973089213,-0.22186778822451414,-0.2517006802721089,0.16269482429285365,21,21,0.4159845302456116,NS
ENSSSCG00000008175,0.5348026114052995,0.46251523677491296,-0.07228737463038654,-0.2108843537414966,0.22802697160466723,21,21,0.4923717422751077,NS
ENSSSCG00000005224,1.114796404707634,1.0742597388683224,-0.04053666583931159,0.05668934240362811,0.7619649251891545,21,21,0.9015297803289233,NS
ENSSSCG00000029985,0.39897891942212266,0.3776769233789639,-0.021301996043158744,-0.04308390022675734,0.7916548388191704,21,21,0.9193218203428043,NS
ENSSSCG00000034350,0.39777950273172474,0.24776399282466172,-0.15001550990706303,-0.16553287981859421,0.33303609101362897,21,21,0.6002699906341289,NS
ENSSSCG00000022536,0.3290006172552121,0.41775268507631985,0.08875206782110773,0.03401360544217691,0.847280122922953,21,21,0.9461731472003023,NS
ENSSSCG00000011499,0.34278070641567215,0.2787813929771798,-0.06399931343849236,-0.33333333333333326,0.04459677227806774,21,21,0.23150263556155798,NS
ENSSSCG00000031787,1.1318017512777683,0.3020659675913399,-0.8297357836864283,-0.41950113378684817,0.01591260988630003,21,21,0.14226185540064334,NS
ENSSSCG00000013302,0.7154658295352687,0.7072098190849199,-0.00825601045034885,0.10204081632653061,0.5765534337999284,21,21,0.794449839978317,NS
ENSSSCG00000026653,0.15868953945093867,0.4690330984663931,0.3103435590154544,0.14512471655328796,0.3449298006310286,21,21,0.6093308137361777,NS
ENSSSCG00000027124,0.2356436101141126,0.32272593876102346,0.08708232864691084,-0.06575963718820854,0.691806670672712,21,21,0.8620794501157952,NS
ENSSSCG00000027487,0.2480474036459667,0.6800809366961102,0.4320335330501436,0.14739229024943312,0.3981356644311024,21,21,0.6611500019359385,NS
ENSSSCG00000002690,0.47968331085838645,0.24889581706996827,-0.23078749378841817,-0.24263038548752824,0.16769565402979636,21,21,0.4216980156321125,NS
ENSSSCG00000034632,0.25262674829087683,0.5555888457011106,0.3029620974102337,0.07029478458049887,0.6920512437008286,21,21,0.8620794501157952,NS
ENSSSCG00000009933,0.3377625422932447,0.21821746382088772,-0.11954507847235699,-0.024943310657596474,0.8905848159686554,21,21,0.965040287671819,NS
ENSSSCG00000037513,0.49413996233177276,0.23680297096876662,-0.25733699136300614,-0.256235827664399,0.1233850608662642,21,21,0.3688590878463198,NS
ENSSSCG00000036494,0.29833902014651575,0.5722604883780101,0.2739214682314944,0.23129251700680276,0.1857083686026645,21,21,0.4452517959821363,NS
ENSSSCG00000010274,0.656083623601081,0.523938196921336,-0.13214542667974494,-0.19274376417233552,0.27953679894716343,21,21,0.5446243796584893,NS
ENSSSCG00000023520,0.19779543736182953,0.5483225507370625,0.35052711337523296,0.1655328798185941,0.3608281411182226,21,21,0.6257029949623375,NS
ENSSSCG00000020678,0.8828562214815561,0.23001501014892115,-0.652841211332635,-0.39002267573696137,0.013803997279432252,21,21,0.1350861930626323,NS
ENSSSCG00000010273,0.19783931057334614,0.49200025591692487,0.29416094534357873,0.07029478458049887,0.5990634761326881,21,21,0.8083350602419828,NS
ENSSSCG00000012997,0.490722338829742,0.17415980381932672,-0.31656253501041526,-0.1950113378684808,0.2209665127326017,21,21,0.48491051738504404,NS
ENSSSCG00000040533,0.6655742470789946,0.5103441652421765,-0.15523008183681808,0.1315192743764172,0.4704297751796067,21,21,0.7165071620186727,NS
ENSSSCG00000006467,0.3500777114130595,0.3345474900502368,-0.015530221362822672,0.06575963718820865,0.7116298422432767,21,21,0.8745576348600642,NS
ENSSSCG00000036326,0.26368110942994916,0.38547507829040967,0.12179396886046051,0.14058956916099774,0.42993443999580416,21,21,0.6861560578406583,NS
ENSSSCG00000012121,1.0143711502157657,0.46256038644535014,-0.5518107637704156,-0.18140589569161003,0.30061259862706724,21,21,0.5703026187481536,NS
ENSSSCG00000016151,0.34898155027316025,0.4568045821286919,0.10782303185553166,-0.013605442176870763,0.9489051264287317,21,21,0.9857774191208913,NS
ENSSSCG00000000856,1.111618099794103,0.6267498523824172,-0.48486824741168577,-0.13378684807256236,0.43551382746332856,21,21,0.6880757384611778,NS
ENSSSCG00000039461,0.1632356777354685,0.8617286297844279,0.6984929520489593,0.2063492063492064,0.18656417897530664,21,21,0.4452517959821363,NS
ENSSSCG00000014370,1.0864527086854225,1.141307498995646,0.054854790310223445,-0.031746031746031855,0.8700628932270996,21,21,0.9568697775425999,NS
ENSSSCG00000017928,0.4228653800512627,1.5110779237300656,1.0882125436788028,0.39682539682539686,0.026313243421203072,21,21,0.1843251102353906,NS
ENSSSCG00000007029,0.5646797042224261,0.5897571079609769,0.02507740373855083,0.1201814058956916,0.3977074193541428,21,21,0.6607587543641122,NS
ENSSSCG00000013252,1.6075760806356552,1.7941345982591324,0.1865585176234772,0.09523809523809523,0.6055572565509773,21,21,0.8132890667773738,NS
ENSSSCG00000009911,0.6509737308457878,0.8545378891400081,0.20356415829422025,0.3877551020408163,0.024805831478852177,21,21,0.1780582660160118,NS
ENSSSCG00000001512,0.8256844832943072,0.49247392619693015,-0.33321055709737707,-0.30612244897959173,0.05781757512859126,21,21,0.25755101648190654,NS
ENSSSCG00000015879,0.7937852543309638,0.4567884144621663,-0.3369968398687975,-0.14739229024943312,0.38953597612082624,21,21,0.6539796048612466,NS
ENSSSCG00000006480,0.553211075096314,0.25646329016595676,-0.2967477849303572,-0.2108843537414966,0.20565953394532732,21,21,0.4679351253283401,NS
ENSSSCG00000026943,0.608983986648665,0.3754755459823289,-0.23350844066633614,-0.32879818594104315,0.06377338844467255,21,21,0.26872570315138433,NS
ENSSSCG00000003104,0.3170803908299739,0.4234542483004443,0.1063738574704704,0.08843537414965985,0.6094227354245718,21,21,0.8157225327032747,NS
ENSSSCG00000031033,0.4260102272461602,1.1127849828879977,0.6867747556418374,0.35600907029478457,0.035960901024666946,21,21,0.21234539296334817,NS
ENSSSCG00000000458,0.4873167894910195,0.6510834787857123,0.1637666892946928,0.08390022675736963,0.6499481803332365,21,21,0.8344026504702031,NS
ENSSSCG00000003477,0.7608320050072352,0.22257910848275028,-0.5382528965244849,-0.2403628117913832,0.1305457628148915,21,21,0.37835478192585825,NS
ENSSSCG00000010826,0.27397487739835125,0.2695419156546456,-0.004432961743705666,-0.1020408163265305,0.5263546965316995,21,21,0.7578908227272798,NS
ENSSSCG00000002457,0.6563088789612668,1.30344991287302,0.6471410339117531,0.435374149659864,0.01592669168333733,21,21,0.14226185540064334,NS
ENSSSCG00000006360,0.23011328894527328,0.5416310595441711,0.31151777059889785,0.08390022675736963,0.6457800062637267,21,21,0.8344026504702031,NS
ENSSSCG00000029803,0.359912590191992,0.6744641292176611,0.31455153902566907,0.24716553287981857,0.17286462040787443,21,21,0.42834123173730454,NS
ENSSSCG00000021519,0.7874440834118444,0.790934872522417,0.0034907891105726563,-0.05668934240362811,0.7616251940733024,21,21,0.9015297803289233,NS
ENSSSCG00000025906,0.36255082945521877,0.5892803192117059,0.2267294897564871,-0.020408163265306145,0.9098256816066934,21,21,0.9723776954743334,NS
ENSSSCG00000039295,0.2534773225784088,0.5814154743965836,0.32793815181817476,0.22448979591836737,0.1717719777703639,21,21,0.42834123173730454,NS
ENSSSCG00000016329,0.6685780650224907,0.8690510711938312,0.20047300617134045,-0.006802721088435382,0.9790933616111513,21,21,0.9954575561004508,NS
ENSSSCG00000003810,0.7869645938877938,0.25035030167117434,-0.5366142922166195,-0.26984126984126977,0.0833215020554654,21,21,0.3041966493350147,NS
ENSSSCG00000031627,0.34470196772220296,0.592265871891873,0.24756390416967,0.22675736961451243,0.17846754081082328,21,21,0.4352189632210735,NS
ENSSSCG00000001924,0.16889386610188106,0.5555230167553025,0.3866291506534214,0.32879818594104304,0.04464693685830047,21,21,0.23150263556155798,NS
ENSSSCG00000035618,0.480413327940777,1.0455678981355845,0.5651545701948075,0.2789115646258503,0.12237955952926342,21,21,0.36712993833373797,NS
ENSSSCG00000007736,1.0675991692743256,1.2454469203625318,0.17784775108820616,0.16099773242630389,0.3779379355681981,21,21,0.6403962425284595,NS
ENSSSCG00000035132,0.46849372549851526,0.18998664722391828,-0.278507078274597,-0.20181405895691618,0.18708256328125084,21,21,0.4456202722602016,NS
ENSSSCG00000011770,0.17924820100697683,0.504547747267007,0.3252995462600302,0.08390022675736963,0.5804218510293815,21,21,0.794590680116056,NS
ENSSSCG00000003384,0.3251276842277507,0.16925949634979492,-0.15586818787795576,-0.217687074829932,0.17132532390826272,21,21,0.4281572757780263,NS
ENSSSCG00000035430,0.45858750341149446,0.8397048087203578,0.38111730530886334,0.12698412698412698,0.4711226829204247,21,21,0.7170848912434243,NS
ENSSSCG00000032456,0.5931617087847629,0.13433892513870407,-0.4588227836460589,-0.28798185941043086,0.07445290156158205,21,21,0.2882318875352443,NS
ENSSSCG00000015300,0.5208945459114249,0.5962722341832697,0.07537768827184477,0.06349206349206349,0.7268160588006493,21,21,0.8832521104291327,NS
ENSSSCG00000031011,0.2508708545468692,0.3085829464046193,0.057712091857750114,-0.02947845804988658,0.8452623750026016,21,21,0.9445349230359744,NS
ENSSSCG00000014570,0.7863489431366949,0.7590338291287173,-0.027315114007977592,-0.01133786848072571,0.95926951739588,21,21,0.9869209896448123,NS
ENSSSCG00000036158,0.6174205361388685,0.3199511731982175,-0.297469362940651,-0.3015873015873016,0.08578753439929127,21,21,0.3091496418228523,NS
ENSSSCG00000035195,0.02353947865683315,0.6324689834439106,0.6089295047870774,0.41950113378684806,0.010295776516972438,21,21,0.11890408570106216,NS
ENSSSCG00000001436,0.6170439515727758,0.22201646049042043,-0.39502749108235535,-0.12925170068027203,0.4410865126667589,21,21,0.6955985004353945,NS
ENSSSCG00000033298,0.33339017699187856,0.5728407020556358,0.2394505250637572,0.0113378684807256,0.9578835160105609,21,21,0.9869209896448123,NS
ENSSSCG00000013311,0.20190041109064455,0.3452190261331412,0.14331861504249666,-0.013605442176870763,0.9426036805171034,21,21,0.9807767705668632,NS
ENSSSCG00000038071,0.4105049796628709,0.10019225056821143,-0.31031272909465946,-0.346938775510204,0.03884732219302406,21,21,0.21879553233212654,NS
ENSSSCG00000022609,0.1812779519882491,0.4214414780247274,0.24016352603647834,-0.013605442176870763,0.9477647907082186,21,21,0.9852502597754781,NS
ENSSSCG00000010525,0.5276520388034983,0.4399062702347993,-0.08774576856869903,-0.17006802721088432,0.3021324303784907,21,21,0.5703026187481536,NS
ENSSSCG00000008303,0.6042732344501954,0.4884181069332228,-0.11585512751697263,-0.15192743764172345,0.4009481608601154,21,21,0.6640522413086412,NS
ENSSSCG00000020910,0.6572935501396732,0.6652828592370655,0.007989309097392372,0.06349206349206349,0.706549996029159,21,21,0.8696000334771049,NS
ENSSSCG00000017156,0.47540000572053076,0.252207194128762,-0.22319281159176874,-0.24716553287981857,0.15390804468263752,21,21,0.4064245299817456,NS
ENSSSCG00000040889,0.6727826100604546,1.0374171938389734,0.36463458377851876,0.24263038548752835,0.1759398683457818,21,21,0.4316693479442286,NS
ENSSSCG00000022131,0.24979206164795892,0.266238797863659,0.016446736215700086,-0.01133786848072571,0.9548405659127792,21,21,0.9869209896448123,NS
ENSSSCG00000026407,0.5537629516216512,0.32245455779357524,-0.231308393828076,-0.16099773242630389,0.3355727624474676,21,21,0.6008056035381634,NS
ENSSSCG00000027525,0.33318895287053973,0.3165316359732073,-0.016657316897332408,0.05668934240362811,0.7469435139524357,21,21,0.8942465105957608,NS
ENSSSCG00000006853,0.643375073563384,0.275825610237021,-0.36754946332636296,-0.1882086167800454,0.24568305754315312,21,21,0.5117165520743475,NS
ENSSSCG00000008310,0.5913361137309789,0.2353270031297418,-0.35600911060123713,-0.31065759637188206,0.045945555738738056,21,21,0.23503841339876438,NS
ENSSSCG00000029385,0.7171328690626944,1.1502537475078296,0.43312087844513525,0.11564625850340138,0.5123778696401549,21,21,0.7460214807570579,NS
ENSSSCG00000013086,0.3210354910488814,0.5678496426958822,0.24681415164700082,0.08390022675736963,0.6371405649545197,21,21,0.8301584569018052,NS
ENSSSCG00000008447,0.4049001183106236,0.23569142727846706,-0.16920869103215655,-0.0975056689342404,0.5634195304047296,21,21,0.7835106382680813,NS
ENSSSCG00000015071,0.3834569070380194,0.4537366975033216,0.0702797904653022,-0.02947845804988658,0.8741186350294324,21,21,0.9581000128681301,NS
ENSSSCG00000031426,0.4763604130380753,0.3591505787750157,-0.11720983426305959,-0.11564625850340127,0.4715387102651949,21,21,0.717399767668937,NS
ENSSSCG00000012054,0.34340952575681066,0.5174033837646207,0.17399385800781003,0.12698412698412698,0.4711226829204247,21,21,0.7170848912434243,NS
ENSSSCG00000024977,0.5118499187410764,0.8983283861345649,0.38647846739348846,0.2698412698412699,0.1192600915277831,21,21,0.36019029161012867,NS
ENSSSCG00000006912,1.1205511938788868,1.0341524598907585,-0.08639873398812825,0.10204081632653061,0.5794332628609544,21,21,0.794449839978317,NS
ENSSSCG00000002768,0.1759040271630489,0.6781117185539168,0.502207691390868,0.20861678004535145,0.19007426122244486,21,21,0.44742370252398683,NS
ENSSSCG00000029902,0.3485433478180505,0.21117292571588378,-0.13737042210216674,-0.0748299319727892,0.6231789963406529,21,21,0.8244423879912796,NS
ENSSSCG00000006192,0.31671481359189135,0.4750162253470647,0.15830141175517337,-0.1360544217687074,0.4320812599012327,21,21,0.6880757384611778,NS
ENSSSCG00000003552,1.0580864556145222,1.7935870717724665,0.7355006161579443,0.41496598639455784,0.02142648687572297,21,21,0.16627341625278233,NS
ENSSSCG00000003464,0.30949739121310543,0.4724479057614702,0.1629505145483648,-0.0045351473922903285,0.9895457834889538,21,21,1.0,NS
ENSSSCG00000028010,0.08630011946421176,0.6670971884939333,0.5807970690297215,0.24716553287981857,0.14649469157883127,21,21,0.39737191942696026,NS
ENSSSCG00000037264,0.43380195491179596,0.37681681561603636,-0.0569851392957596,0.07482993197278909,0.6597882181507443,21,21,0.8425441505052319,NS
ENSSSCG00000008533,0.5542189760865265,0.4293421358212367,-0.12487684026528978,-0.17006802721088432,0.3086896443343926,21,21,0.5777928949887948,NS
ENSSSCG00000035161,0.4299581356682798,0.2792936793264572,-0.15066445634182257,-0.12698412698412698,0.409634597370537,21,21,0.668910577948556,NS
ENSSSCG00000017617,0.5189621642087457,0.805053957533014,0.28609179332426826,0.2517006802721088,0.1349177843366413,21,21,0.38467830446773044,NS
ENSSSCG00000035523,0.5039264464017156,0.07259034581222139,-0.4313361005894942,-0.28798185941043086,0.06443813537790946,21,21,0.27093074942579953,NS
ENSSSCG00000015256,0.917108098235706,0.7336521251731134,-0.18345597306259265,-0.038548752834467015,0.839968058768159,21,21,0.9396794525202588,NS
ENSSSCG00000000694,0.47833979047817105,0.3017077747415181,-0.17663201573665294,-0.26530612244897966,0.14096300533558292,21,21,0.3909587620683742,NS
ENSSSCG00000025902,0.38045791824043207,0.41064178600957696,0.03018386776914489,0.03401360544217691,0.8554121170113644,21,21,0.9490399532059208,NS
ENSSSCG00000003062,0.6002083417361173,0.20488387361902824,-0.395324468117089,-0.3605442176870748,0.03364852562795833,21,21,0.2067186606092017,NS
ENSSSCG00000034898,0.7138168431029777,0.4162632823282517,-0.29755356077472594,-0.08843537414965996,0.6275574136320947,21,21,0.8251293316812793,NS
ENSSSCG00000007089,0.7289472477912646,0.7219967525780128,-0.006950495213251862,0.020408163265306145,0.9098256816066934,21,21,0.9723776954743334,NS
ENSSSCG00000014012,0.8045616371551367,0.1495713577319489,-0.6549902794231879,-0.3945578231292517,0.023403481404416653,21,21,0.17258422275325483,NS
ENSSSCG00000035454,0.43832252907991665,0.19468791750026135,-0.2436346115796553,-0.20181405895691618,0.21978871000731404,21,21,0.4837184955566809,NS
ENSSSCG00000003385,0.40563220613795165,0.8934570558784155,0.48782484974046386,0.06349206349206349,0.7293115288516626,21,21,0.8856571230168889,NS
ENSSSCG00000004651,0.380039007775214,0.5835544965015501,0.20351548872633612,0.16099773242630389,0.3675172240621074,21,21,0.6306073429379832,NS
ENSSSCG00000004064,0.293638538379333,0.34615565487576855,0.052517116496435534,0.0022675736961451642,1.0,21,21,1.0,NS
ENSSSCG00000009140,1.243958974884556,0.682195940914371,-0.5617630339701851,-0.2789115646258504,0.11231019724552198,21,21,0.3499967010457579,NS
ENSSSCG00000011409,0.277891923412697,0.5512677868499435,0.2733758634372465,0.061224489795918324,0.7266677774732745,21,21,0.8832521104291327,NS
ENSSSCG00000012847,0.698143580019587,0.44969887726278224,-0.24844470275680475,-0.17006802721088432,0.3447608904145335,21,21,0.6093308137361777,NS
ENSSSCG00000003493,0.5027695928366954,0.48956651830521253,-0.013203074531482895,0.05668934240362811,0.7531663654868327,21,21,0.8993490772647048,NS
ENSSSCG00000033570,0.37619803121972534,0.3264355024685971,-0.04976252875112824,-0.03628117913832196,0.8384614269432262,21,21,0.9396794525202588,NS
ENSSSCG00000028720,0.4353262873328371,0.14629321000173587,-0.2890330773311013,-0.24263038548752824,0.08471265746127606,21,21,0.3075454024280007,NS
ENSSSCG00000001509,0.4362908871958973,0.6234243795755822,0.18713349237968485,0.1882086167800453,0.282630466214565,21,21,0.5497150547864803,NS
ENSSSCG00000017978,0.20482030163346165,0.43504141263641066,0.230221111002949,0.24716553287981857,0.14215703357510037,21,21,0.3930918391444355,NS
ENSSSCG00000008858,0.2119237239140612,0.4170145100877873,0.2050907861737261,0.2517006802721088,0.15675580671477465,21,21,0.4089176259717459,NS
ENSSSCG00000017861,0.5994646532115149,0.5212521747368912,-0.07821247847462365,-0.006802721088435382,0.9792325666254695,21,21,0.9954575561004508,NS
ENSSSCG00000011410,0.2620686871481172,0.45682525213974884,0.19475656499163163,-0.0748299319727892,0.6597882181507443,21,21,0.8425441505052319,NS
ENSSSCG00000025661,0.5753671358812594,0.692117663902537,0.11675052802127761,0.09297052154195007,0.6116917218547059,21,21,0.8157225327032747,NS
ENSSSCG00000028944,0.4314319905411911,0.1275933903096101,-0.303838600231581,-0.473922902494331,0.0027434828017538814,21,21,0.0678052262065058,NS
ENSSSCG00000014539,0.38898624787262825,0.28703959738828727,-0.10194665048434098,-0.26077097505668934,0.10068346003509321,21,21,0.33254142312986973,NS
ENSSSCG00000002714,0.3466605198269769,0.7556655075694096,0.40900498774243277,0.16099773242630389,0.3622495309936703,21,21,0.6272800312138134,NS
ENSSSCG00000005617,0.22280145920375696,0.47618140996448555,0.2533799507607286,0.1655328798185941,0.30804833162332557,21,21,0.5777928949887948,NS
ENSSSCG00000034146,0.6061608997418809,0.4515258810699059,-0.15463501867197504,-0.17913832199546476,0.31000514469052676,21,21,0.5794646573779328,NS
ENSSSCG00000025492,0.7331042826327444,0.3633962746079631,-0.3697080080247813,-0.3151927437641724,0.07057766076238356,21,21,0.27986286290748624,NS
ENSSSCG00000012314,0.18566067035952477,0.341770840396985,0.15611017003746025,0.09070294784580502,0.5587685732041168,21,21,0.7833833809361512,NS
ENSSSCG00000009446,0.23590313079648814,0.8748934509836452,0.6389903201871571,0.3151927437641724,0.07987231524598441,21,21,0.29967009302945025,NS
ENSSSCG00000033497,0.4027564260834156,0.32709655838763296,-0.07565986769578265,-0.061224489795918435,0.7314004726694149,21,21,0.8878795332706045,NS
ENSSSCG00000006260,0.8411821227101515,0.31005964190647184,-0.5311224808036796,-0.3492063492063493,0.047733952622777236,21,21,0.2366003721042282,NS
ENSSSCG00000002988,0.2983327457114718,0.52124699236832,0.22291424665684817,0.1882086167800453,0.2528622143360394,21,21,0.5210678252764284,NS
ENSSSCG00000001011,0.09235375198050387,0.7716540574601105,0.6793003054796066,0.3310657596371882,0.057445603820803395,21,21,0.256894492444888,NS
ENSSSCG00000014080,0.6611875454360029,0.23637906646848755,-0.42480847896751533,-0.3197278911564625,0.06229095298775749,21,21,0.26545427392262594,NS
ENSSSCG00000013893,0.2244138823144465,0.4640344247090012,0.2396205423945547,0.3718820861678005,0.029970231445144664,21,21,0.19561920810056366,NS
ENSSSCG00000000693,0.2071688044427938,0.7972879526634943,0.5901191482207004,0.3424036281179138,0.05454881213674198,21,21,0.25114419547520134,NS
ENSSSCG00000000373,0.3528975389211018,0.2605682822281832,-0.09232925669291864,-0.16326530612244894,0.3066065850601518,21,21,0.5771103373867337,NS
ENSSSCG00000040323,0.40963801366940605,0.279440010615535,-0.13019800305387108,-0.2290249433106577,0.19306928013921598,21,21,0.45095514530303765,NS
ENSSSCG00000040751,0.20512002078901306,0.6156932312760007,0.4105732104869877,0.2108843537414966,0.21612047105591858,21,21,0.47992085027495884,NS
ENSSSCG00000031290,0.20019277050563455,0.11763683519392565,-0.0825559353117089,-0.06575963718820854,0.6672457198085979,21,21,0.8447545916162275,NS
ENSSSCG00000004918,0.41116501593095367,0.6295287625833306,0.2183637466523769,-0.018140589569161092,0.9278296211149779,21,21,0.9783494422867809,NS
ENSSSCG00000017764,0.3491402481485124,0.5888842364731662,0.23974398832465382,0.20408163265306123,0.24948250123785853,21,21,0.5156522924048537,NS
ENSSSCG00000004485,0.7377840622061447,0.1365753978734895,-0.6012086643326552,-0.4240362811791383,0.013258542909207794,21,21,0.1325113206542258,NS
ENSSSCG00000034696,0.5811892257481593,0.5242092396323306,-0.056979986115828773,-0.038548752834467015,0.8059338671793638,21,21,0.926371469746849,NS
ENSSSCG00000037658,1.1640233117022136,0.5041051031046851,-0.6599182085975285,-0.13378684807256236,0.3602303100862586,21,21,0.6252985645728072,NS
ENSSSCG00000013293,0.8987576609744029,0.5322807041700538,-0.3664769568043491,-0.015873015873015817,0.9298336703109109,21,21,0.9783494422867809,NS
ENSSSCG00000038167,0.7897173258005158,1.1841859303402742,0.3944686045397584,0.20181405895691606,0.19654412456991477,21,21,0.4568934918839767,NS
ENSSSCG00000036843,0.5576974293212925,0.5378224275095393,-0.019875001811753168,0.0,1.0,21,21,1.0,NS
ENSSSCG00000007009,0.33162581604823416,0.6180773553510038,0.2864515393027697,0.3242630385487528,0.056243543295972406,21,21,0.2536691038858453,NS
ENSSSCG00000032993,1.2094532548063766,0.008189014058561182,-1.2012642407478153,-0.35147392290249435,0.006958193533825603,21,21,0.09940098455645346,NS
ENSSSCG00000038329,0.7384229750905346,0.24027365095685407,-0.4981493241336805,-0.4625850340136055,0.004645005758254664,21,21,0.0822639591112725,NS
ENSSSCG00000014769,0.40864995571818746,0.39912528086682275,-0.009524674851364712,-0.01133786848072571,0.9462965665110528,21,21,0.9840221989185723,NS
ENSSSCG00000040422,0.9493192119093072,0.6385666432964537,-0.3107525686128535,0.020408163265306145,0.9143467928140785,21,21,0.9725908472022055,NS
ENSSSCG00000005055,1.333698887749856,2.3069470463814556,0.9732481586315997,0.3242630385487528,0.07074355428597161,21,21,0.28004402781226817,NS
ENSSSCG00000038593,0.9179120982876972,0.5945097130783904,-0.32340238520930675,-0.09977324263038545,0.4690041227050532,21,21,0.7144943996794726,NS
ENSSSCG00000006679,0.24504700775388413,0.26935900053537815,0.024311992781494013,0.038548752834467126,0.7946922344572391,21,21,0.9213153463710844,NS
ENSSSCG00000032573,0.7697426581216366,0.3791643080626226,-0.390578350059014,-0.12698412698412698,0.409634597370537,21,21,0.668910577948556,NS
ENSSSCG00000000455,0.8263197426858743,0.8047377919812168,-0.021581950704657515,-0.013605442176870763,0.9495164429320102,21,21,0.9857774191208913,NS
ENSSSCG00000034690,0.7799896503727833,0.40810723404570953,-0.3718824163270738,-0.061224489795918435,0.6966984595678367,21,21,0.8664523989549239,NS
ENSSSCG00000009532,0.2713423970379425,0.9003839666626505,0.629041569624708,0.5102040816326531,0.003103013374289833,21,21,0.07135641789976087,NS
ENSSSCG00000005164,0.38970483933452826,0.643677346450605,0.2539725071160768,0.4126984126984127,0.011606049958843578,21,21,0.12484435276736633,NS
ENSSSCG00000027530,1.174327763693281,1.2375009489331716,0.06317318523989068,0.07029478458049887,0.7026201499687459,21,21,0.8691022220107433,NS
ENSSSCG00000013717,0.9196563158176115,0.3131566188335008,-0.6064996969841108,-0.32199546485260777,0.0492832401644845,21,21,0.24014966087687317,NS
ENSSSCG00000001435,1.1484834329067026,1.3108189437358146,0.16233551082911202,-0.024943310657596474,0.8970458373792104,21,21,0.965040287671819,NS
ENSSSCG00000030515,0.43404282182102516,0.4435180192994941,0.009475197478468922,0.3900226757369615,0.028408680341480454,21,21,0.18957442679377465,NS
ENSSSCG00000008840,0.9103691432106099,0.5649711713091611,-0.34539797190144883,-0.09297052154195007,0.5711952320396749,21,21,0.7916855215421122,NS
ENSSSCG00000013547,0.3961655650602663,0.27700812164051763,-0.11915744341974865,-0.12925170068027203,0.3263975884458885,21,21,0.5929529726545689,NS
ENSSSCG00000003402,0.9002767932202489,1.1994431054222179,0.299166312201969,0.061224489795918324,0.7333500690279191,21,21,0.8882254648150515,NS
ENSSSCG00000032574,1.277537015812387,0.7046730663034737,-0.5728639495089134,-0.17006802721088432,0.3512925700719107,21,21,0.6139228892038759,NS
ENSSSCG00000038818,0.6818676711149815,0.866168105995249,0.18430043488026748,0.1655328798185941,0.3153868804844332,21,21,0.5817569239374056,NS
ENSSSCG00000004869,0.2328681548686799,0.41609827937271976,0.18323012450403986,0.13832199546485258,0.3291467518735991,21,21,0.596866697819955,NS
ENSSSCG00000038572,0.33440143729389665,0.6669295564595885,0.33252811916569186,0.10204081632653061,0.41934823700243684,21,21,0.6751374148904354,NS
ENSSSCG00000034667,0.6492774678725446,0.1453850091341608,-0.5038924587383837,-0.15192743764172345,0.20098806961044768,21,21,0.4603599858189219,NS
ENSSSCG00000033151,0.45093642206463713,0.3509018720742136,-0.10003454999042355,-0.10430839002267578,0.44858302783267634,21,21,0.6984759079638868,NS
ENSSSCG00000025355,0.6885577364067119,0.4695325519413787,-0.2190251844653332,-0.16553287981859421,0.30804833162332557,21,21,0.5777928949887948,NS
ENSSSCG00000022361,0.6219207015613064,0.358357695730259,-0.2635630058310474,-0.0022675736961450532,1.0,21,21,1.0,NS
ENSSSCG00000031960,0.6160182404924953,0.1592165814952923,-0.45680165899720304,-0.2789115646258504,0.07338424072961207,21,21,0.2875019368390284,NS
ENSSSCG00000007763,1.0832879151363504,0.6880715654424436,-0.39521634969390673,-0.17006802721088432,0.3354726927102596,21,21,0.6008056035381634,NS
ENSSSCG00000023376,0.5247191988669433,0.3473507667378795,-0.17736843212906378,-0.020408163265306145,0.9098256816066934,21,21,0.9723776954743334,NS
ENSSSCG00000002351,0.39936345276904706,0.28117391293118227,-0.11818953983786479,-0.08390022675736963,0.6204368741071532,21,21,0.8222590657740271,NS
ENSSSCG00000035426,1.3354596183875322,0.5019373764211004,-0.8335222419664319,-0.24716553287981857,0.07900287844286405,21,21,0.29712705379278914,NS
ENSSSCG00000010475,0.5216007290525593,0.2124791440526342,-0.30912158499992504,-0.1882086167800454,0.2528622143360394,21,21,0.5210678252764284,NS
ENSSSCG00000022226,0.758330578232106,0.013597506075216214,-0.7447330721568898,-0.399092970521542,0.005770349534952388,21,21,0.09227178976637153,NS
ENSSSCG00000024290,0.7820580602668266,0.249100708072054,-0.5329573521947726,-0.3378684807256236,0.029855560591614802,21,21,0.19542857410160072,NS
ENSSSCG00000031433,0.536578627716535,1.3086114710805081,0.7720328433639732,0.4217687074829932,0.017738827720429323,21,21,0.14934464330577116,NS
ENSSSCG00000008241,0.397993123899069,0.31988405470853093,-0.07810906919053806,0.020408163265306145,0.9123686149543143,21,21,0.9725908472022055,NS
ENSSSCG00000029886,0.13913836980854982,0.46420341176500673,0.3250650419564569,0.4058956916099773,0.011735489070435682,21,21,0.12484435276736633,NS
ENSSSCG00000034450,0.9061847872607561,0.130785814854927,-0.7753989724058291,-0.4217687074829932,0.013761388863739624,21,21,0.13486161086464832,NS
ENSSSCG00000008306,0.6890052525896337,0.5458165828286046,-0.14318866976102917,0.08390022675736963,0.6316750007292782,21,21,0.8251293316812793,NS
ENSSSCG00000028472,0.4701649343789244,0.47966036636225035,0.00949543198332592,-0.013605442176870763,0.9371336719120233,21,21,0.9783494422867809,NS
ENSSSCG00000002933,0.4750581392038055,0.6088856994975843,0.1338275602937788,0.22448979591836737,0.19572132637521278,21,21,0.45559833693042406,NS
ENSSSCG00000032541,0.1539151876149173,0.43941204983877585,0.28549686222385856,0.1428571428571429,0.31328082353278197,21,21,0.5805420605146814,NS
ENSSSCG00000004262,0.4447396928207463,0.45717424157344616,0.012434548752699837,0.07709750566893425,0.6654564264731249,21,21,0.8447545916162275,NS
ENSSSCG00000009814,0.5096442708948669,0.06193252986029442,-0.44771174103457245,-0.20408163265306123,0.10237260677070112,21,21,0.3336228420175818,NS
ENSSSCG00000035034,0.5740998758058906,0.4362520790158022,-0.1378477967900884,-0.16326530612244894,0.3066065850601518,21,21,0.5771103373867337,NS
ENSSSCG00000040459,0.5472296766515568,0.270416163385342,-0.27681351326621473,-0.006802721088435382,0.9765843574464226,21,21,0.9954575561004508,NS
ENSSSCG00000008353,0.8405780307923367,0.6235142557378217,-0.21706377505451502,-0.0748299319727892,0.6726763242803038,21,21,0.8490450017595003,NS
ENSSSCG00000004133,0.29635285380464016,0.7527845686361709,0.4564317148315308,0.33333333333333337,0.049655179608193115,21,21,0.24014966087687317,NS
ENSSSCG00000037609,0.3823702152503913,0.3744505822190997,-0.007919633031291562,0.09523809523809523,0.5675167945744476,21,21,0.7880901236398199,NS
ENSSSCG00000024062,0.42645120146952337,0.44207159898640436,0.01562039751688099,-0.04761904761904767,0.744970689416472,21,21,0.8921960421433307,NS
ENSSSCG00000009374,0.8485459644676359,1.043073524516993,0.19452756004935723,0.12471655328798181,0.4758883101256811,21,21,0.7217762121295982,NS
ENSSSCG00000040438,0.36261963328833474,0.4315513186335974,0.06893168534526267,0.08390022675736963,0.5087888308847814,21,21,0.7460214807570579,NS
ENSSSCG00000036113,0.5739347891695459,0.35573499769644445,-0.21819979147310142,-0.1201814058956916,0.3977074193541428,21,21,0.6607587543641122,NS
ENSSSCG00000014984,0.3323821017921749,0.6552626905994146,0.32288058880723963,0.2925170068027211,0.0699653843409053,21,21,0.27842598868122526,NS
ENSSSCG00000008349,0.1943879855801591,0.524935095898058,0.33054711031789885,0.07482993197278909,0.6449523305540205,21,21,0.8344026504702031,NS
ENSSSCG00000005243,0.5380430257795541,0.32269644723237245,-0.21534657854718164,-0.038548752834467015,0.8296778193218242,21,21,0.938943668250364,NS
ENSSSCG00000022058,0.33646616102909604,0.2401559176557535,-0.09631024337334254,-0.16553287981859421,0.22534127421703554,21,21,0.49084652942506357,NS
ENSSSCG00000015110,0.3934270707580445,0.22386852258266718,-0.16955854817537733,-0.11337868480725621,0.4625908392784629,21,21,0.7103857207086134,NS
ENSSSCG00000025711,0.36637152596424255,0.11834234209592885,-0.24802918386831369,-0.22448979591836737,0.14178540608185905,21,21,0.3926717342436629,NS
ENSSSCG00000010377,0.6566259258943645,1.1747058569464592,0.5180799310520947,0.20181405895691606,0.21978871000731404,21,21,0.4837184955566809,NS
ENSSSCG00000017812,0.4180118226512269,0.5889382474595928,0.1709264248083659,0.2063492063492064,0.234747248620913,21,21,0.49934320517832165,NS
ENSSSCG00000032989,0.7683234032146125,0.3498558882701297,-0.41846751494448275,-0.08390022675736963,0.5804218510293815,21,21,0.794590680116056,NS
ENSSSCG00000015009,0.5209214589602057,0.1984551246963677,-0.322466334263838,-0.11791383219954654,0.47698848925447646,21,21,0.7223387232262236,NS
ENSSSCG00000008316,0.3489688115241342,0.2900672285873234,-0.058901582936810803,-0.0748299319727892,0.6386251646761989,21,21,0.8319347948497389,NS
ENSSSCG00000026167,0.5520993850251271,1.0115822613865226,0.4594828763613955,0.12925170068027214,0.4200266272373918,21,21,0.6751374148904354,NS
ENSSSCG00000021129,0.3246971739569503,0.3257772123355012,0.0010800383785509182,-0.09297052154195007,0.6002008579834619,21,21,0.8092330750327337,NS
ENSSSCG00000023162,0.2890350211654482,0.5223443064440412,0.23330928527859296,0.27664399092970526,0.10007587170951884,21,21,0.3313322779571907,NS
ENSSSCG00000018023,0.54609378141984,0.1796067712487589,-0.3664870101710811,-0.20634920634920628,0.20948654266371636,21,21,0.47101857839170574,NS
ENSSSCG00000028506,0.24172573565488212,0.2243978396910128,-0.017327895963869328,-0.0045351473922903285,0.9874142187419138,21,21,1.0,NS
ENSSSCG00000004761,0.33125158359162454,0.5287378060838516,0.19748622249222703,0.27664399092970526,0.11286688415317726,21,21,0.3499967010457579,NS
ENSSSCG00000010566,0.4677632545248048,0.41530164718596313,-0.05246160733884164,0.0113378684807256,0.9571114809274762,21,21,0.9869209896448123,NS
ENSSSCG00000001852,0.4128071142027521,0.28683347084067773,-0.1259736433620744,-0.09977324263038545,0.5589484791216928,21,21,0.7833833809361512,NS
ENSSSCG00000012416,0.3455083145329767,0.5651121491732526,0.21960383464027589,0.45578231292517,0.009656820687703817,21,21,0.1164225218642715,NS
ENSSSCG00000009729,0.4283064043135118,0.5114731041778,0.08316669986428821,-0.0975056689342404,0.584617695908763,21,21,0.7996963896179689,NS
ENSSSCG00000006108,0.2142653729542349,0.4782085678150458,0.26394319486081086,0.46485260770975056,0.008635392645642552,21,21,0.11093407031668147,NS
ENSSSCG00000003833,0.08798583828366177,0.6525932521947042,0.5646074139110424,0.37414965986394555,0.022204590234240526,21,21,0.1683132475214254,NS
ENSSSCG00000032056,0.08040052649254714,0.6556634174781545,0.5752628909856073,0.546485260770975,0.0008180636357814825,21,21,0.04179614971550859,NS
ENSSSCG00000012192,0.5236984861941834,0.2598541476893238,-0.26384433850485955,-0.19274376417233552,0.20792465988883924,21,21,0.46888391299875337,NS
ENSSSCG00000006836,0.29163333455949203,0.2392808256065042,-0.05235250895298782,0.0226757369614512,0.9046077943995567,21,21,0.9690208415960273,NS
ENSSSCG00000015175,0.6131255032172162,0.22762103241523493,-0.38550447080198125,-0.23809523809523814,0.16203915765189347,21,21,0.41545489023467813,NS
ENSSSCG00000037125,0.17123659950688042,0.4797351843148617,0.30849858480798126,0.3832199546485261,0.017386688287966693,21,21,0.14900395660733526,NS
ENSSSCG00000004385,0.29261160303673445,1.0983185033458003,0.8057069003090658,0.16099773242630389,0.3696417507543194,21,21,0.6339356025436577,NS
ENSSSCG00000038733,0.23330548321489378,0.5569421645746737,0.32363668135977997,0.15873015873015872,0.27639789594380726,21,21,0.5446243796584893,NS
ENSSSCG00000024780,0.3699213182168758,0.4442164426031976,0.0742951243863218,0.10430839002267578,0.5303385605054373,21,21,0.7588908062301417,NS
ENSSSCG00000016168,0.37798504064569066,0.727265909642914,0.3492808689972234,0.038548752834467126,0.8104347133002081,21,21,0.9306308193686857,NS
ENSSSCG00000013299,0.8650569870289608,0.6419813096781718,-0.22307567735078904,-0.01133786848072571,0.9571114809274762,21,21,0.9869209896448123,NS
ENSSSCG00000010923,0.4576994921063521,0.4205727137790382,-0.03712677832731387,-0.03401360544217691,0.8562485034507414,21,21,0.9490399532059208,NS
ENSSSCG00000009862,0.3529809100809532,0.4666042583861619,0.11362334830520865,0.0,1.0,21,21,1.0,NS
ENSSSCG00000013429,0.8819434754906889,1.664126816096205,0.7821833406055162,0.3877551020408163,0.02996997671630626,21,21,0.19561920810056366,NS
ENSSSCG00000005287,0.42270306017565007,0.814406610769773,0.391703550594123,0.2857142857142857,0.08132911179315883,21,21,0.3023991346304046,NS
ENSSSCG00000006051,0.5302788013670229,0.1590646324164039,-0.371214168950619,-0.44897959183673475,0.0031435448903858678,21,21,0.07135641789976087,NS
ENSSSCG00000022664,0.4775640907391623,0.5260528467939302,0.04848875605476788,0.22448979591836737,0.18289381291673068,21,21,0.44038313675281593,NS
ENSSSCG00000021472,1.0193149942203585,1.9325693947770906,0.913254400556732,0.28344671201814053,0.11554609774413954,21,21,0.35552220206625207,NS
ENSSSCG00000033420,0.5713786790778524,0.9969482981775108,0.4255696190996584,0.4104308390022676,0.02049278483948468,21,21,0.162637381885487,NS
ENSSSCG00000022176,0.5191963108511283,0.5355405462128898,0.01634423536176155,-0.03401360544217691,0.8452215935669852,21,21,0.9445349230359744,NS
ENSSSCG00000032834,0.24829553344227473,0.47318033657845343,0.2248848031361787,0.17006802721088432,0.2948043261920139,21,21,0.5639591962290059,NS
ENSSSCG00000002859,0.46451419248429554,0.1512990245797074,-0.31321516790458814,-0.2925170068027212,0.0782684803490083,21,21,0.29484995892048155,NS
ENSSSCG00000040687,0.419089431361324,0.49104699480632097,0.07195756344499699,0.11564625850340138,0.5014349085493686,21,21,0.7394332486347095,NS
ENSSSCG00000012459,0.3124422220451525,0.5312270876993922,0.2187848656542397,0.12471655328798181,0.42807677970580926,21,21,0.6842504361027684,NS
ENSSSCG00000006867,0.7106736128792127,0.15251088376585004,-0.5581627291133626,-0.3605442176870748,0.015264583400519137,21,21,0.14112162579966475,NS
ENSSSCG00000017264,0.4050012671355435,0.07707594154414006,-0.32792532559140347,-0.3945578231292517,0.012734005281383354,21,21,0.1298645175359153,NS
ENSSSCG00000006218,0.6036527763097679,0.2802341558836909,-0.323418620426077,-0.09297052154195007,0.5974318666528975,21,21,0.8062920726419195,NS
ENSSSCG00000014401,0.23757641070520522,0.6600696542203203,0.4224932435151151,0.2675736961451247,0.13649654381589588,21,21,0.3858781529159893,NS
ENSSSCG00000001049,0.7063578960921917,0.3175877866942904,-0.3887701093979013,-0.256235827664399,0.14491243881455163,21,21,0.39448386121739054,NS
ENSSSCG00000029879,0.2719522635517288,0.12402708096800047,-0.14792518258372833,0.038548752834467126,0.8007369482344711,21,21,0.9213153463710844,NS
ENSSSCG00000005474,0.18811957423367362,0.8999402618567565,0.7118206876230828,0.07936507936507942,0.5802821873978001,21,21,0.794590680116056,NS
ENSSSCG00000005465,0.26234507050199757,0.4720597482299759,0.2097146777279783,0.13832199546485258,0.3569037111358372,21,21,0.6214110300486911,NS
ENSSSCG00000005666,0.17498679043973792,1.1089067301434397,0.9339199397037017,0.41950113378684806,0.012394607715201046,21,21,0.1288288014034533,NS
ENSSSCG00000026547,0.1614321751391301,0.5290795918667234,0.36764741672759327,0.07482993197278909,0.6027536062206695,21,21,0.8117176558056131,NS
ENSSSCG00000008576,0.33053095271879657,0.39839076783319594,0.06785981511439937,0.1882086167800453,0.2858484173140572,21,21,0.552839059141368,NS
ENSSSCG00000028861,1.267713169577352,1.4001825161161006,0.13246934653874853,0.26530612244897955,0.13535676191590937,21,21,0.3854493095654372,NS
ENSSSCG00000035750,0.8405883880458573,0.599945473146113,-0.24064291489974432,-0.12471655328798192,0.4368190476692152,21,21,0.6899789700692647,NS
ENSSSCG00000007952,0.716668798025908,0.27345170081265124,-0.44321709721325675,-0.32879818594104315,0.06377338844467255,21,21,0.26872570315138433,NS
ENSSSCG00000037268,0.49695047524299546,0.20664334797832196,-0.2903071272646735,-0.1360544217687074,0.37642466499514515,21,21,0.6403962425284595,NS
ENSSSCG00000004968,0.09066719017329836,0.40324191210472876,0.31257472193143043,0.11791383219954643,0.39044164820482974,21,21,0.6539796048612466,NS
ENSSSCG00000012182,0.3785258013444847,0.4586103913031296,0.08008458995864487,-0.0453514739229024,0.7962332179309624,21,21,0.9213153463710844,NS
ENSSSCG00000020895,0.17416224133479505,0.3179306489404043,0.14376840760560924,0.13832199546485258,0.3569037111358372,21,21,0.6214110300486911,NS
ENSSSCG00000007943,0.020166337216823656,0.6095748649229646,0.5894085277061409,0.3945578231292517,0.006352586074560187,21,21,0.0970573284442826,NS
ENSSSCG00000001858,0.9256681850622266,0.8172006372723603,-0.10846754778986634,-0.024943310657596474,0.8964435694302847,21,21,0.965040287671819,NS
ENSSSCG00000008061,0.5303142143408437,0.18086909166538553,-0.34944512267545813,-0.2675736961451247,0.04881241029871474,21,21,0.24014966087687317,NS
ENSSSCG00000023315,0.16760792346863898,0.31999811904999553,0.15239019558135655,0.15192743764172334,0.3574068083125923,21,21,0.621971259519123,NS
ENSSSCG00000034917,0.8394936246774692,0.8267285919339378,-0.012765032743531468,-0.05215419501133778,0.7554504504680966,21,21,0.9015297803289233,NS
ENSSSCG00000008845,0.42342014321501004,0.4306198379895515,0.007199694774541465,0.17460317460317465,0.26469958961678786,21,21,0.5342274741898101,NS
ENSSSCG00000010809,0.5184811592041908,0.3988658667534417,-0.11961529245074909,0.006802721088435382,0.9789344173535194,21,21,0.9954575561004508,NS
ENSSSCG00000036731,0.27399345292272437,0.8121823524057131,0.5381888994829888,0.3242630385487528,0.04769484503488011,21,21,0.2366003721042282,NS
ENSSSCG00000004221,0.4836701961414357,0.25092125200398313,-0.23274894413745256,-0.17460317460317465,0.2892539469589105,21,21,0.5572357098576629,NS
ENSSSCG00000020986,0.09467278080145886,0.3995982663982719,0.30492548559681304,0.22448979591836737,0.13238603500813326,21,21,0.38067399399401386,NS
ENSSSCG00000017214,0.19577832191180794,0.18086395726590226,-0.014914364645905676,-0.038548752834467015,0.7791715540090756,21,21,0.9109394814543041,NS
ENSSSCG00000039606,0.4334382949691515,0.2964113017866435,-0.137026993182508,-0.0975056689342404,0.4407984705276796,21,21,0.6953040946930058,NS
ENSSSCG00000010485,0.3903836011425374,0.7087537269423432,0.3183701257998058,0.14512471655328796,0.419418696713477,21,21,0.6751374148904354,NS
ENSSSCG00000030086,0.3838322562842432,0.5840076568610499,0.20017540057680672,0.13378684807256236,0.3845673840473566,21,21,0.6488711368099398,NS
ENSSSCG00000011025,0.5186312825424684,0.2639007709330629,-0.25473051160940546,-0.08843537414965996,0.5770656326647308,21,21,0.794449839978317,NS
ENSSSCG00000013863,0.4217303230728401,0.6691751373278275,0.24744481425498743,0.09297052154195007,0.5942869569112501,21,21,0.8062920726419195,NS
ENSSSCG00000000807,0.2645128985455161,0.3868101366671688,0.12229723812165272,0.07709750566893425,0.6207963002986803,21,21,0.8222590657740271,NS
ENSSSCG00000012397,0.01162716627747945,0.7551779090590648,0.7435507427815853,0.6689342403628118,6.45052688377972e-05,21,21,0.014274391749267382,NS
ENSSSCG00000037461,0.4256281371656095,0.7300261383026347,0.30439800113702525,0.17913832199546487,0.24226540788001505,21,21,0.5079280862032101,NS
ENSSSCG00000036746,0.4389353980709092,0.24445810398747514,-0.19447729408343406,-0.16099773242630389,0.3216801263000326,21,21,0.5903492954569888,NS
ENSSSCG00000032623,0.3504382263559315,0.7853047495190596,0.43486652316312807,0.06575963718820865,0.6672457198085979,21,21,0.8447545916162275,NS
ENSSSCG00000007066,0.7453890371156164,0.32032338478045647,-0.42506565233515997,-0.26530612244897966,0.11885863084960432,21,21,0.3593522290120254,NS
ENSSSCG00000009774,0.26028692395622055,0.34174258986631956,0.081455665910099,-0.04761904761904767,0.7691295317282445,21,21,0.9076601733452189,NS
ENSSSCG00000011798,0.649471712841529,0.24362632117513336,-0.40584539166639566,-0.3605442176870748,0.029741573980847695,21,21,0.19505468213060725,NS
ENSSSCG00000003717,0.7305175396140281,1.1293043975394714,0.3987868579254433,0.2222222222222222,0.19648272283390245,21,21,0.4568934918839767,NS
ENSSSCG00000002292,0.3363727077555654,0.7568323523700455,0.42045964461448015,0.36734693877551017,0.037228936024906685,21,21,0.21407418368051956,NS
ENSSSCG00000026153,0.4814678495900884,0.5062522090592696,0.024784359469181172,0.0,1.0,21,21,1.0,NS
ENSSSCG00000039738,0.38351524239518525,0.3312787142139989,-0.05223652818118635,-0.12471655328798192,0.34397215574851825,21,21,0.6086275440894597,NS
ENSSSCG00000015650,0.34017845493772714,0.5112931423761428,0.17111468743841562,0.04308390022675734,0.7954871179047582,21,21,0.9213153463710844,NS
ENSSSCG00000000361,0.8083933619637362,0.189087469690647,-0.6193058922730892,-0.32879818594104315,0.047599672304079625,21,21,0.2366003721042282,NS
ENSSSCG00000017172,0.026008910283908324,0.43941239366332463,0.4134034833794163,0.4126984126984127,0.013896277195046115,21,21,0.1352176759688175,NS
ENSSSCG00000003132,0.4957176574141222,0.17859667245416824,-0.317120984959954,-0.3197278911564625,0.03991805415140715,21,21,0.22191073863748223,NS
ENSSSCG00000022925,0.7866202686238575,0.6540815269983806,-0.13253874162547685,-0.031746031746031855,0.8664162689142973,21,21,0.954951093308496,NS
ENSSSCG00000009968,0.24802115109465128,0.3767673042055755,0.12874615311092424,0.038548752834467126,0.823451997120543,21,21,0.9344715798588792,NS
ENSSSCG00000026590,0.2590717480544522,0.14642396184498876,-0.11264778620946345,-0.06575963718820854,0.6488292764938111,21,21,0.8344026504702031,NS
ENSSSCG00000000721,0.6433280002000074,0.5820917088126214,-0.061236291387385955,0.1655328798185941,0.3219480820302102,21,21,0.5903645647051428,NS
ENSSSCG00000002657,0.4349659314941384,0.5829984461897,0.14803251469556156,0.18140589569161003,0.21269364001912938,21,21,0.4769677932169917,NS
ENSSSCG00000003229,0.22700886351573848,0.36147542329930743,0.13446655978356895,0.05668934240362811,0.6740485032253809,21,21,0.8504639934018968,NS
ENSSSCG00000005314,0.10692971085636421,0.5281433110124171,0.42121360015605286,0.41496598639455784,0.005197159745582331,21,21,0.0871699654149017,NS
ENSSSCG00000006125,0.45637626907146156,0.07805757194977836,-0.3783186971216832,-0.217687074829932,0.13398101014736646,21,21,0.3837032683323287,NS
ENSSSCG00000006358,0.4983439771982,0.3842761111998299,-0.1140678659983701,0.006802721088435382,0.9783149030468007,21,21,0.9954575561004508,NS
ENSSSCG00000007652,0.47290800277775535,0.4924860929878263,0.019578090210070953,-0.061224489795918435,0.7314004726694149,21,21,0.8878795332706045,NS
ENSSSCG00000009931,0.3045891780804977,0.31724294627967164,0.012653768199173965,0.1496598639455783,0.305198795255617,21,21,0.5751823449048166,NS
ENSSSCG00000011304,0.028613405547730793,0.4874065840918024,0.4587931785440716,0.39229024943310653,0.009921549675475726,21,21,0.11778791333037791,NS
ENSSSCG00000011862,0.5708306824377479,0.6086272291544236,0.03779654671667565,-0.1020408163265305,0.5333362358751486,21,21,0.7623852006883766,NS
ENSSSCG00000012415,0.04769763235231554,0.7599405247171451,0.7122428923648296,0.28798185941043086,0.020748124113577397,21,21,0.16322492135222585,NS
ENSSSCG00000014002,0.2018034079637405,0.34837932861919574,0.14657592065545524,0.13378684807256236,0.30941720841280307,21,21,0.5789967402378148,NS
ENSSSCG00000016000,0.28635876186826925,0.5822744153400832,0.2959156534718139,0.0113378684807256,0.9462965665110528,21,21,0.9840221989185723,NS
ENSSSCG00000018060,0.7267671151143981,0.0,-0.7267671151143981,-0.2857142857142858,0.009784021149569874,21,21,0.1173935729441117,NS
ENSSSCG00000022689,0.1911185038729556,0.6160401770804484,0.42492167320749286,0.1428571428571429,0.31328082353278197,21,21,0.5805420605146814,NS
ENSSSCG00000025248,0.39954641982740313,0.8134638933160827,0.4139174734886796,0.23809523809523814,0.13424925190452153,21,21,0.3837032683323287,NS
ENSSSCG00000032616,0.29357565038133615,1.0250611044791207,0.7314854540977845,0.5918367346938775,0.00013580948045713415,21,21,0.01811082976599118,NS
ENSSSCG00000033017,1.0332295768567208,0.1096385125483981,-0.9235910643083227,-0.14739229024943312,0.2149784114174096,21,21,0.47990624872223553,NS
ENSSSCG00000033977,0.2863021181123287,1.1890051802793107,0.902703062166982,0.19274376417233563,0.08255942739535756,21,21,0.3023991346304046,NS
ENSSSCG00000034899,0.19591537235033063,0.4435957849844358,0.24768041263410517,0.09523809523809523,0.3968025728387402,21,21,0.6595749090559142,NS
ENSSSCG00000034949,0.8347425977375568,0.21008319977716042,-0.6246593979603964,-0.1428571428571428,0.22965730390319916,21,21,0.4949573059302376,NS
ENSSSCG00000035287,0.7565748607960049,0.7052736456337103,-0.05130121516229458,-0.04761904761904767,0.6983879717938177,21,21,0.8682387615994183,NS
ENSSSCG00000036080,0.31672994002067884,0.5400243466961653,0.22329440667548645,0.12925170068027214,0.3263975884458885,21,21,0.5929529726545689,NS
ENSSSCG00000037567,0.6963863530039112,2.6086573851370085,1.9122710321330973,0.4444444444444444,0.011629739191321705,21,21,0.12484435276736633,NS
ENSSSCG00000038406,0.33569329129285663,0.3707879482781453,0.035094656985288686,0.0,1.0,21,21,1.0,NS
ENSSSCG00000040043,0.06929867847723996,0.5995208867604435,0.5302222082832035,0.4240362811791383,0.0024856302927980423,21,21,0.06583561316059679,NS
ENSSSCG00000040303,0.8757418787341924,0.4805499507316289,-0.3951919280025635,-0.09977324263038545,0.37417539119153764,21,21,0.6402701879705532,NS
ENSSSCG00000026098,0.35042223618882684,0.12028600938235545,-0.2301362268064714,-0.346938775510204,0.03404660038920286,21,21,0.2067186606092017,NS
ENSSSCG00000017890,0.7688804538619325,0.5728150000752905,-0.19606545378664197,-0.12925170068027203,0.48021035107474996,21,21,0.7223387232262236,NS
ENSSSCG00000012604,0.6216219368621385,0.5613881224054722,-0.06023381445666631,-0.02947845804988658,0.8796201568579725,21,21,0.9581000128681301,NS
ENSSSCG00000040088,0.647012754766289,0.3652790219426632,-0.28173373282362585,-0.17913832199546476,0.3222048003288709,21,21,0.5903645647051428,NS
ENSSSCG00000020858,0.7303689597795598,0.4202288936169199,-0.31014006616263995,-0.23582766439909286,0.19450678716203318,21,21,0.45368917168049533,NS
ENSSSCG00000013314,0.784650250458037,0.736809214966234,-0.047841035491803074,-0.0226757369614512,0.9097438060076168,21,21,0.9723776954743334,NS
ENSSSCG00000016043,0.5334034917888821,0.3873707802830372,-0.14603271150584496,-0.1201814058956916,0.5121212612563548,21,21,0.7460214807570579,NS
ENSSSCG00000029285,0.5977343057921074,0.627700317873594,0.029966012081486637,-0.12698412698412698,0.48758859663562926,21,21,0.730602101081082,NS
ENSSSCG00000005305,0.375615194425199,1.0013686787853255,0.6257534843601266,0.3038548752834467,0.09215205957272914,21,21,0.3149791373537229,NS
ENSSSCG00000027324,0.5477848330467118,0.06763833989126794,-0.48014649315544383,-0.6734693877551021,6.902443631542266e-05,21,21,0.014797113535118733,NS
ENSSSCG00000006510,0.9087073902535207,0.36250827215239073,-0.5461991181011299,-0.4693877551020409,0.009221507688138333,21,21,0.11398115809122336,NS
ENSSSCG00000016816,0.7003883358159898,0.29723093401551853,-0.40315740180047127,-0.3786848072562359,0.03337736703262667,21,21,0.2067186606092017,NS
ENSSSCG00000015329,0.7483435345953288,0.41848766893480666,-0.3298558656605221,-0.41950113378684817,0.018363364768417625,21,21,0.15140947393190493,NS
ENSSSCG00000023437,0.6077471488315699,0.48117952763765653,-0.12656762119391335,-0.17460317460317465,0.331879367701578,21,21,0.600101182951247,NS
ENSSSCG00000006979,0.36684388622891523,0.05428396511265705,-0.3125599211162582,-0.4988662131519275,0.0022597685375173255,21,21,0.06276668647359508,NS
ENSSSCG00000013715,1.2944079307941296,0.7028348448353523,-0.5915730859587773,-0.33333333333333326,0.06608320458195181,21,21,0.2723588264951059,NS
ENSSSCG00000004279,0.5777232094854649,0.5258859721221221,-0.05183723736334278,-0.020408163265306145,0.9193103714989207,21,21,0.9725908472022055,NS
ENSSSCG00000017277,0.3143715676686324,0.5077198033910607,0.19334823572242832,0.0113378684807256,0.9587218172962806,21,21,0.9869209896448123,NS
ENSSSCG00000002872,0.6071561726460304,0.33657783526659674,-0.27057833737943365,-0.2403628117913832,0.18510678846351214,21,21,0.44446362228200675,NS
ENSSSCG00000035595,0.45629621916127305,0.286079042800413,-0.17021717636086003,-0.20408163265306123,0.254013392796098,21,21,0.5226550313680961,NS
ENSSSCG00000008682,0.49695533932922376,0.6331774544278671,0.13622211509864335,-0.11564625850340127,0.5257055409060153,21,21,0.7578908227272798,NS
ENSSSCG00000011602,0.7626802219587254,0.48494313636710307,-0.27773708559162236,-0.3424036281179139,0.057509153123404634,21,21,0.256894492444888,NS
ENSSSCG00000011218,0.6629769411248709,0.11805731978359046,-0.5449196213412805,-0.38548752834467126,0.0314977183456391,21,21,0.20118654362298347,NS
ENSSSCG00000000146,0.5659378962716468,0.5425205803589092,-0.023417315912737657,-0.006802721088435382,0.9792325666254695,21,21,0.9954575561004508,NS
ENSSSCG00000021814,0.7824081563406369,0.356407415492066,-0.42600074084857087,-0.3786848072562359,0.034055269911071974,21,21,0.2067186606092017,NS
ENSSSCG00000011916,1.0710125920440356,0.5964622179975603,-0.4745503740464754,-0.2517006802721089,0.16552851686237324,21,21,0.41913082991704775,NS
ENSSSCG00000003045,0.5106301219484921,0.4292870471001943,-0.08134307484829784,-0.20408163265306123,0.2435544059071808,21,21,0.5096959196227152,NS
ENSSSCG00000014055,0.5933275931902857,0.4212234413608801,-0.17210415182940564,-0.1995464852607709,0.2706077114839145,21,21,0.5387647327641806,NS
ENSSSCG00000002989,0.8412562649601076,0.47290970893417894,-0.3683465560259287,-0.2290249433106577,0.20438746458889478,21,21,0.4659680980657422,NS
ENSSSCG00000038374,0.521046507175308,0.5660049784751164,0.044958471299808456,0.020408163265306145,0.9186451055185145,21,21,0.9725908472022055,NS
ENSSSCG00000015399,0.5370519795161199,0.1626023614256132,-0.3744496180905067,-0.39682539682539675,0.02722186857686053,21,21,0.18636927987750823,NS
ENSSSCG00000036201,0.545046807891884,0.4747391024984539,-0.07030770539343006,-0.12925170068027203,0.4686932809159706,21,21,0.7143381264349163,NS
ENSSSCG00000012315,0.7950587083056773,0.48514840165911594,-0.30991030664656133,-0.22448979591836737,0.21085353586613498,21,21,0.47362647545569286,NS
ENSSSCG00000017593,1.194213563566601,0.40454967148098525,-0.7896638920856156,-0.36734693877551017,0.04147879904911104,21,21,0.2244664069512958,NS
ENSSSCG00000012309,0.28915089832184193,0.3898007569327489,0.10064985861090697,0.3310657596371882,0.06311634719897698,21,21,0.26710557790560274,NS
ENSSSCG00000006209,1.3863017421333808,1.3773324482169675,-0.008969293916413212,0.09297052154195007,0.6145966297909777,21,21,0.8157225327032747,NS
ENSSSCG00000000907,0.3864103166799498,0.09609791068903639,-0.2903124059909134,-0.5011337868480725,0.002474737255055583,21,21,0.06580115337085775,NS
ENSSSCG00000027477,0.4721123269308354,0.33674450258229216,-0.13536782434854322,-0.2585034013605443,0.13240352036001707,21,21,0.38067399399401386,NS
ENSSSCG00000006917,0.9194268021070704,1.3119338624101744,0.392507060303104,0.2517006802721088,0.16642276987431004,21,21,0.41913082991704775,NS
ENSSSCG00000026718,0.5703064080151797,0.755786824123509,0.18548041610832922,0.07936507936507942,0.6616084652806157,21,21,0.8440829592384272,NS
ENSSSCG00000031159,0.2679814684496287,0.7743539417963807,0.5063724733467521,0.2925170068027211,0.10220657919283563,21,21,0.33339854173221706,NS
ENSSSCG00000009320,0.7618581007305296,0.559428174041838,-0.20242992668869164,-0.18367346938775508,0.3086324146444973,21,21,0.5777928949887948,NS
ENSSSCG00000005506,0.9434526333780707,0.8064631051298201,-0.1369895282482506,-0.20861678004535156,0.25170715230076857,21,21,0.520093694211829,NS
ENSSSCG00000038960,0.8345762860823408,0.2601081533968205,-0.5744681326855203,-0.3696145124716552,0.039241635502658107,21,21,0.2190379329115009,NS
ENSSSCG00000012063,0.4577066969396067,0.18552728339591293,-0.2721794135436938,-0.3786848072562359,0.03260008526729093,21,21,0.20349097810156122,NS
ENSSSCG00000029711,0.6576802009466887,0.5183841426883886,-0.13929605825830005,-0.06575963718820854,0.723409932078233,21,21,0.8813087398839223,NS
ENSSSCG00000038826,0.3161431189954013,0.47352382058927084,0.15738070159386952,0.19727891156462585,0.26299705013100705,21,21,0.5318867228474966,NS
ENSSSCG00000032269,0.8723759955925432,1.07288866529217,0.2005126696996269,0.17460317460317465,0.3347681362503476,21,21,0.6008056035381634,NS
ENSSSCG00000006776,0.3467042075462531,0.47711920724124535,0.13041499969499226,-0.3378684807256236,0.05881142398677025,21,21,0.25790327958396714,NS
ENSSSCG00000032648,0.8232028758491403,0.998639831289762,0.17543695544062166,0.038548752834467126,0.8394438600192897,21,21,0.9396794525202588,NS
ENSSSCG00000004415,1.1529899400019863,0.3462187859562764,-0.8067711540457099,-0.46485260770975056,0.009623647872116399,21,21,0.1164225218642715,NS
ENSSSCG00000009720,0.733194249640402,0.22876196680921992,-0.5044322828311821,-0.3696145124716552,0.030992598102706628,21,21,0.19907230616532534,NS
ENSSSCG00000009679,1.23690240334472,0.6319234211624296,-0.6049789821822904,-0.2925170068027212,0.10569442575685203,21,21,0.341182200877206,NS
ENSSSCG00000008383,1.3338090352941263,1.833329763668944,0.49952072837481776,0.22448979591836737,0.2173403262658451,21,21,0.47992085027495884,NS
ENSSSCG00000016715,0.4481491432257999,0.40114477610362814,-0.047004367122171764,-0.1428571428571428,0.42241226140400634,21,21,0.6773604752761766,NS
ENSSSCG00000009023,0.6782734785906028,0.4705185089429832,-0.20775496964761964,-0.15646258503401356,0.3881252605171551,21,21,0.6530633522559931,NS
ENSSSCG00000008637,0.35946024947628674,0.3508844116482368,-0.008575837828049937,-0.17913832199546476,0.31000514469052676,21,21,0.5794646573779328,NS
ENSSSCG00000011594,0.9072582295564766,0.6352396898195599,-0.2720185397369167,-0.2925170068027212,0.10660713250149167,21,21,0.34142639477651104,NS
ENSSSCG00000006294,1.5374153730786186,0.8108057153636797,-0.7266096577149389,-0.3718820861678005,0.040337515566802144,21,21,0.2229777250509772,NS
ENSSSCG00000017471,1.3116138333124827,0.9622287499130486,-0.3493850833994341,-0.061224489795918435,0.7432978011089524,21,21,0.8907689783709924,NS
ENSSSCG00000004090,0.8643043181515191,0.2581251278655366,-0.6061791902859825,-0.35147392290249435,0.05064312434850662,21,21,0.2432197953867939,NS
ENSSSCG00000003471,0.350878538752284,0.5174041038852095,0.16652556513292555,0.14058956916099774,0.4241336802658038,21,21,0.6796442528903093,NS
ENSSSCG00000023174,2.6841252216644667,2.7003309567526785,0.01620573508821188,0.027210884353741527,0.8899541879139963,21,21,0.965040287671819,NS
ENSSSCG00000007782,0.5234632871557101,0.29802315204372143,-0.22544013511198868,-0.256235827664399,0.1540606276825656,21,21,0.4064245299817456,NS
ENSSSCG00000001760,1.481970391526863,1.5623993606102413,0.08042896908337838,0.1201814058956916,0.5130630069523204,21,21,0.7460214807570579,NS
ENSSSCG00000015355,1.0848195825243687,1.0597601949040083,-0.025059387620360418,0.024943310657596363,0.8998263252173547,21,21,0.965040287671819,NS
ENSSSCG00000039198,0.4104384857871241,0.5109527516171222,0.10051426582999806,-0.07029478458049887,0.7049649584872852,21,21,0.8691022220107433,NS
ENSSSCG00000039896,0.472137663235542,0.10062039226459142,-0.3715172709709506,-0.46031746031746024,0.003629233289705635,21,21,0.07543330612582676,NS
ENSSSCG00000028481,0.7304480352658077,0.18715938270311694,-0.5432886525626908,-0.35147392290249435,0.03840742639829032,21,21,0.21805474601072172,NS
ENSSSCG00000003780,1.5797088893800275,0.6467204771213879,-0.9329884122586396,-0.44217687074829937,0.014602649745991061,21,21,0.1374145078012505,NS
ENSSSCG00000002378,0.8284692555440051,0.7358308494268344,-0.09263840611717067,0.04308390022675734,0.8207461929816553,21,21,0.9318998211511518,NS
ENSSSCG00000015714,0.4481579485304715,0.27205022194110806,-0.1761077265893634,-0.08843537414965996,0.6247093981344034,21,21,0.8249290608666039,NS
ENSSSCG00000034357,0.6268129309998826,0.8489583879538304,0.22214545695394783,0.10204081632653061,0.5794332628609544,21,21,0.794449839978317,NS
ENSSSCG00000034105,0.8748877278184212,0.07492441271270145,-0.7999633151057197,-0.5464852607709751,0.0018998476003536122,21,21,0.057162081308885,NS
ENSSSCG00000003570,0.31175099976105114,0.4542918213573407,0.14254082159628956,-0.01133786848072571,0.9575220408288536,21,21,0.9869209896448123,NS
ENSSSCG00000005095,1.2787123750035783,1.5574162070134345,0.27870383200985627,0.199546485260771,0.27364006146241726,21,21,0.5427250637307044,NS
ENSSSCG00000028995,0.22709734425467468,0.7174936652850911,0.4903963210304164,0.26077097505668934,0.1422236071073599,21,21,0.3930918391444355,NS
ENSSSCG00000008422,0.5348599937563198,0.5581037307090629,0.023243736952743177,-0.006802721088435382,0.9789344173535194,21,21,0.9954575561004508,NS
ENSSSCG00000008388,0.9735377358187081,0.2718862011968889,-0.7016515346218192,-0.42630385487528355,0.015534633323711373,21,21,0.14112162579966475,NS
ENSSSCG00000002937,0.4283912414486847,0.235369324031185,-0.1930219174174997,-0.24943310657596363,0.13850097316034435,21,21,0.3874373912888175,NS
ENSSSCG00000040768,0.4848375403126254,0.4313661567145269,-0.0534713835980985,0.05215419501133789,0.7714693457744792,21,21,0.9077127092354017,NS
ENSSSCG00000038401,0.6741366087203486,0.8737469521776756,0.19961034345732698,-0.05668934240362811,0.7622281589787179,21,21,0.9015297803289233,NS
ENSSSCG00000017186,0.9321516384026444,1.5591128884662442,0.6269612500635998,0.326530612244898,0.07196102711742085,21,21,0.2838715618318039,NS
ENSSSCG00000008504,1.1077777200022842,1.0272998657006105,-0.08047785430167376,-0.10657596371882083,0.5625544753760519,21,21,0.7833833809361512,NS
ENSSSCG00000011069,0.7244310192132964,0.817381161283509,0.09295014207021257,0.2562358276643991,0.15688656146587815,21,21,0.4089176259717459,NS
ENSSSCG00000013362,1.0312301032459488,0.5846624165633321,-0.4465676866826167,-0.1315192743764173,0.4727835486454983,21,21,0.7187877960357475,NS
ENSSSCG00000016432,0.5277193734407605,0.7396253017582428,0.21190592831748234,0.02947845804988658,0.8798582367822811,21,21,0.9581000128681301,NS
ENSSSCG00000032532,0.9683849004815298,0.2376154791614633,-0.7307694213200665,-0.4512471655328798,0.008946777236688392,21,21,0.1127333823513184,NS
ENSSSCG00000008201,0.8293283198624315,0.46823672432691116,-0.36109159553552034,-0.1201814058956916,0.510238786393281,21,21,0.7460214807570579,NS
ENSSSCG00000038017,0.6802029718307139,0.3334846151357259,-0.34671835669498796,-0.23582766439909286,0.18992588760950335,21,21,0.44742370252398683,NS
ENSSSCG00000010554,0.34894838601846206,0.20584249317386163,-0.14310589284460043,0.10204081632653061,0.5449911918939015,21,21,0.7703997318854171,NS
ENSSSCG00000002259,1.1967063246703475,0.504134572745843,-0.6925717519245046,-0.46485260770975056,0.01011926457871566,21,21,0.11890408570106216,NS
ENSSSCG00000005186,0.44378413607910056,0.510566588763959,0.06678245268485844,-0.04308390022675734,0.816755418345724,21,21,0.9318998211511518,NS
ENSSSCG00000033842,0.4994105798163971,0.8301822324092437,0.33077165259284663,0.12925170068027214,0.4790630106998497,21,21,0.7223387232262236,NS
ENSSSCG00000033367,0.7689231501320352,0.8042268516171034,0.03530370148506823,0.027210884353741527,0.8898032400525023,21,21,0.965040287671819,NS
ENSSSCG00000025240,1.3004334060884086,0.43178454938399585,-0.8686488567044128,-0.48299319727891166,0.006349822773481608,21,21,0.0970573284442826,NS
ENSSSCG00000027806,0.7217441561010304,0.7241047299637072,0.0023605738626768513,-0.19727891156462585,0.2770392253978238,21,21,0.5446243796584893,NS
ENSSSCG00000026618,0.3175317018068026,0.7164799270920481,0.3989482252852455,0.3356009070294784,0.054090582552980375,21,21,0.25016318746653254,NS
ENSSSCG00000005178,1.0451120377333851,0.8209137560907225,-0.22419828164266264,-0.04761904761904767,0.8004309388355547,21,21,0.9213153463710844,NS
ENSSSCG00000035488,0.8996939050824133,0.5407261070579376,-0.35896779802447576,-0.21541950113378694,0.23159409651033092,21,21,0.4967903383554941,NS
ENSSSCG00000038562,0.40590701257359685,0.3985244065900086,-0.007382605983588253,-0.09297052154195007,0.5907241168735377,21,21,0.8059601117248346,NS
ENSSSCG00000038305,0.4058896167042703,0.1519746390689867,-0.2539149776352836,-0.2925170068027212,0.0819255081505726,21,21,0.3023991346304046,NS
ENSSSCG00000025651,0.38741025796621903,0.46900715792998393,0.0815968999637649,-0.061224489795918435,0.7414157716606136,21,21,0.8907689783709924,NS
ENSSSCG00000013393,0.9574290951419638,0.8596330778181812,-0.09779601732378262,-0.0793650793650793,0.6673833096047879,21,21,0.8447545916162275,NS
ENSSSCG00000025293,1.1688069248696487,0.8276550944662124,-0.3411518304034362,-0.17460317460317465,0.33891783321339974,21,21,0.6008056035381634,NS
ENSSSCG00000016851,0.4731866329315255,0.37853102855030585,-0.09465560438121967,-0.09070294784580502,0.5960835638324848,21,21,0.8062920726419195,NS
ENSSSCG00000038521,0.5948071075676378,0.44569059887518914,-0.14911650869244863,-0.05215419501133778,0.7779743823810358,21,21,0.9109394814543041,NS
ENSSSCG00000037591,0.6204031667694463,0.795442341401804,0.17503917463235774,0.0680272108843537,0.707479893510411,21,21,0.8702370574648411,NS
ENSSSCG00000033113,0.7342427275726291,0.3653469409265621,-0.368895786646067,-0.2108843537414966,0.23113952620919798,21,21,0.4967903383554941,NS
ENSSSCG00000024591,0.9405953531420531,0.35818365500437543,-0.5824116981376777,-0.41496598639455784,0.020141697214881737,21,21,0.1610697219934812,NS
ENSSSCG00000032905,0.8965938738555546,0.33355017726036545,-0.563043696595189,-0.346938775510204,0.04788806807216256,21,21,0.23702175106423892,NS
ENSSSCG00000037612,0.7950350791962373,0.4014534075552991,-0.39358167164093816,-0.30612244897959173,0.08710799169752695,21,21,0.3091496418228523,NS
ENSSSCG00000026780,0.6894507411165329,0.14494839273753457,-0.5445023483789984,-0.4240362811791383,0.013258542909207794,21,21,0.1325113206542258,NS
ENSSSCG00000008068,0.8034158521066914,0.27006011208997066,-0.5333557400167208,-0.28344671201814053,0.10654357418375693,21,21,0.34142639477651104,NS
ENSSSCG00000015311,0.8781206172893063,0.2515212074228797,-0.6265994098664267,-0.43310657596371893,0.014447728785270429,21,21,0.1374145078012505,NS
ENSSSCG00000026954,0.5785568657227519,0.34344824001297414,-0.23510862570977775,-0.10884353741496589,0.5430865719192037,21,21,0.7703997318854171,NS
ENSSSCG00000013313,0.6623118800200083,0.7591209943558015,0.0968091143357932,-0.02947845804988658,0.8782320071227203,21,21,0.9581000128681301,NS
ENSSSCG00000003710,0.9552044652530214,0.946818816408194,-0.008385648844827398,0.0022675736961451642,1.0,21,21,1.0,NS
ENSSSCG00000032344,0.36349037627145747,0.6376431440986488,0.2741527678271913,0.03401360544217691,0.8589734750659063,21,21,0.9490399532059208,NS
ENSSSCG00000006506,0.7040654453945827,0.43111944327643603,-0.2729460021181467,-0.04081632653061229,0.8258945782211938,21,21,0.9364688936524611,NS
ENSSSCG00000031424,0.8923812657922829,0.2923749466439014,-0.6000063191483815,-0.44217687074829937,0.01290528992013766,21,21,0.13040376222420583,NS
ENSSSCG00000004244,0.6256223995289841,0.23123369059853252,-0.39438870893045164,-0.34013605442176864,0.04724896492901718,21,21,0.23607275995124388,NS
ENSSSCG00000001683,0.6959212325761647,0.1793274447037628,-0.5165937878724018,-0.2743764172335601,0.11312736911203236,21,21,0.350204761781833,NS
ENSSSCG00000011390,0.3537019737797703,0.5063640616761484,0.15266208789637814,-0.0045351473922903285,0.9891564501771741,21,21,1.0,NS
ENSSSCG00000004529,0.8521954372811368,0.3439982282615491,-0.5081972090195876,-0.27664399092970515,0.11286688415317726,21,21,0.3499967010457579,NS
ENSSSCG00000024513,1.2609142416511123,1.332374467224088,0.07146022557297571,0.217687074829932,0.23146418477522368,21,21,0.4967903383554941,NS
ENSSSCG00000015267,0.366951368508203,0.15904632277888256,-0.20790504572932042,-0.19274376417233552,0.15720879923383885,21,21,0.4089176259717459,NS
ENSSSCG00000016140,0.9050192508328225,0.5346042459042918,-0.37041500492853074,-0.1383219954648527,0.44190452783278056,21,21,0.6965682584864142,NS
ENSSSCG00000003709,0.7432456255155293,0.18580852800259,-0.5574370975129392,-0.4240362811791383,0.017132983326938987,21,21,0.1478393278274232,NS
ENSSSCG00000040178,1.7771490876535059,2.2299734551365873,0.4528243674830814,0.08843537414965985,0.6325414341971227,21,21,0.8251293316812793,NS
ENSSSCG00000006936,0.9636684069073033,0.9340086112261075,-0.02965979568119581,0.024943310657596363,0.8990076509400781,21,21,0.965040287671819,NS
ENSSSCG00000034284,0.30753447839779346,0.5730387395356096,0.2655042611378161,0.36961451247165533,0.039241635502658107,21,21,0.2190379329115009,NS
ENSSSCG00000007541,0.39774048039633964,0.6322021930280415,0.23446171263170185,0.04308390022675734,0.8175522776747932,21,21,0.9318998211511518,NS
ENSSSCG00000021208,0.9567140814735233,0.44988495645101667,-0.5068291250225067,-0.39682539682539675,0.027858870922645003,21,21,0.1894071898209561,NS
ENSSSCG00000024938,1.3904201551584314,1.7310552340851473,0.34063507892671585,0.2290249433106576,0.20809989121573869,21,21,0.46888391299875337,NS
ENSSSCG00000001156,0.458963240551106,0.26561300121423664,-0.19335023933686935,-0.09297052154195007,0.5907241168735377,21,21,0.8059601117248346,NS
ENSSSCG00000026506,0.7995148633536021,0.7689022621480452,-0.030612601205556866,-0.04081632653061229,0.830447515680318,21,21,0.938943668250364,NS
ENSSSCG00000011710,0.9908169176690397,0.5575748135177366,-0.43324210415130304,-0.17913832199546476,0.3241926092178574,21,21,0.5929529726545689,NS
ENSSSCG00000016067,0.41224311488457765,0.16312329164879094,-0.2491198232357867,-0.3424036281179139,0.027711062896320755,21,21,0.18858917804440511,NS
ENSSSCG00000028536,0.5975407797927242,0.4637631956831149,-0.13377758410960933,-0.2675736961451247,0.13649654381589588,21,21,0.3858781529159893,NS
ENSSSCG00000022849,0.4329531524317665,0.5877402384102598,0.15478708597849328,0.08390022675736963,0.6371405649545197,21,21,0.8301584569018052,NS
ENSSSCG00000005472,1.9896088612403529,1.4865169918216552,-0.5030918694186977,-0.08843537414965996,0.6326241973383271,21,21,0.8251293316812793,NS
ENSSSCG00000009827,0.5468529673130103,0.9101511957794189,0.3632982284664087,0.23809523809523814,0.18423516391912942,21,21,0.4428357478925115,NS
ENSSSCG00000016243,1.155652637151929,0.7935060568914781,-0.36214658026045077,-0.2925170068027212,0.10690641056525081,21,21,0.34142639477651104,NS
ENSSSCG00000021036,1.2840931850110724,0.5400958615918361,-0.7439973234192363,-0.18594104308390014,0.3066424460312892,21,21,0.5771103373867337,NS
ENSSSCG00000014203,0.2966034079689108,0.3727767600133325,0.07617335204442166,-0.018140589569161092,0.926920867532836,21,21,0.9783494422867809,NS
ENSSSCG00000029249,1.618938012107463,1.9434131179153211,0.3244751058078581,0.15873015873015872,0.38544458928578784,21,21,0.6488711368099398,NS
ENSSSCG00000000553,0.694150615797235,0.09176035104528352,-0.6023902647519515,-0.2925170068027212,0.04347186542615792,21,21,0.229906559887904,NS
ENSSSCG00000010142,1.0133121647080263,0.35520487307734466,-0.6581072916306816,-0.5532879818594105,0.0020905187437689674,21,21,0.06098622456960774,NS
ENSSSCG00000029196,0.3569138613459054,0.9680704907635649,0.6111566294176595,0.2743764172335601,0.10666610941199489,21,21,0.34142639477651104,NS
ENSSSCG00000013032,0.22270489635328503,0.2303845229923956,0.007679626639110565,-0.12471655328798192,0.4070178665842884,21,21,0.6652710423560206,NS
ENSSSCG00000008043,0.45138015856864505,0.20659899992361966,-0.2447811586450254,-0.1882086167800454,0.2748771836401852,21,21,0.5439480744688819,NS
ENSSSCG00000009181,0.315544973603146,0.5130129111446902,0.19746793754154418,0.08843537414965985,0.6094227354245718,21,21,0.8157225327032747,NS
ENSSSCG00000017158,0.6537685119112451,0.6379182691116632,-0.015850242799581915,0.061224489795918324,0.7399218595510264,21,21,0.8907689783709924,NS
ENSSSCG00000040296,1.0650628202463357,0.4526212323398695,-0.6124415879064662,-0.39229024943310664,0.025177334990602252,21,21,0.1780582660160118,NS
ENSSSCG00000011811,0.8362159374894825,0.8451859102895136,0.00896997280003109,-0.11337868480725621,0.5329010189056911,21,21,0.7622395724964639,NS
ENSSSCG00000021132,0.6145980768149232,0.37089129237052987,-0.2437067844443933,-0.3151927437641724,0.06612323825903527,21,21,0.2723588264951059,NS
ENSSSCG00000003569,0.36107119483644634,0.3926191814557858,0.03154798661933944,0.05215419501133789,0.7673959264561235,21,21,0.9063939489478319,NS
ENSSSCG00000015784,1.1039882905085303,0.762796375018372,-0.34119191549015826,-0.14058956916099774,0.442284988009396,21,21,0.6968865733639436,NS
ENSSSCG00000004710,0.3283176881901921,0.5465453334388101,0.21822764524861799,0.038548752834467126,0.8312851534647557,21,21,0.9393207301545419,NS
ENSSSCG00000005240,0.883338483921682,0.46526449513799467,-0.41807398878368734,-0.20634920634920628,0.25335624060685336,21,21,0.5216157894846981,NS
ENSSSCG00000001942,0.6939606009219589,0.2335261836038829,-0.460434417318076,-0.43310657596371893,0.008956223524995413,21,21,0.1127333823513184,NS
ENSSSCG00000025826,0.9909252204321829,0.49967116084951196,-0.49125405958267093,-0.2585034013605443,0.14754777553937112,21,21,0.39949159082478697,NS
ENSSSCG00000007540,0.7995631863749315,0.6098637300811348,-0.1896994562937967,-0.006802721088435382,0.9799274874348569,21,21,0.9954575561004508,NS
ENSSSCG00000029865,0.4493751942603861,0.39373717775612266,-0.05563801650426342,-0.08390022675736963,0.6246515934514554,21,21,0.8249290608666039,NS
ENSSSCG00000016158,1.0309441058515556,1.3375718006652428,0.30662769481368723,0.17913832199546487,0.3241926092178574,21,21,0.5929529726545689,NS
ENSSSCG00000011918,0.7329287571145521,0.3007438511335203,-0.43218490598103176,-0.3537414965986394,0.04697400375762717,21,21,0.23521289472797255,NS
ENSSSCG00000001882,0.5914198312132625,0.5042227984112325,-0.08719703280202995,-0.15192743764172345,0.39552506113999064,21,21,0.6579296603832046,NS
ENSSSCG00000016668,0.5667398336454232,0.2537705825581277,-0.31296925108729556,-0.26077097505668934,0.1323042684183653,21,21,0.38067399399401386,NS
ENSSSCG00000028149,0.9190912142137796,0.6404960174774681,-0.2785951967363115,-0.21995464852607705,0.22566323068753624,21,21,0.49084652942506357,NS
ENSSSCG00000017601,0.7660990884616545,1.932831383484592,1.1667322950229375,0.3786848072562359,0.036377744886487165,21,21,0.21234539296334817,NS
ENSSSCG00000005278,0.49322338898555806,0.2450077001623502,-0.24821568882320785,-0.02947845804988658,0.8718286950490708,21,21,0.9581000128681301,NS
ENSSSCG00000013337,1.842495021542424,1.818198535856154,-0.024296485686269964,0.11791383219954643,0.5210475801819703,21,21,0.7533563423093511,NS
ENSSSCG00000032552,1.628540273299056,2.070585482912114,0.44204520961305827,0.22448979591836737,0.21752690173333566,21,21,0.47992085027495884,NS
ENSSSCG00000006878,0.5274194820837843,0.09685496130406383,-0.43056452077972046,-0.3197278911564625,0.05411693443153561,21,21,0.25016318746653254,NS
ENSSSCG00000035118,0.44399385375257916,0.07369276922850398,-0.3703010845240752,-0.17006802721088432,0.2287718489686309,21,21,0.4936506757558805,NS
ENSSSCG00000031465,1.0395303330060706,0.8557703169157422,-0.18376001609032833,0.020408163265306145,0.9191281376836065,21,21,0.9725908472022055,NS
ENSSSCG00000033112,0.36801821479224356,0.2396775422971292,-0.12834067249511436,-0.27664399092970515,0.10713224422060397,21,21,0.34142639477651104,NS
ENSSSCG00000009978,0.9503557922555124,0.9614972734905453,0.01114148123503289,0.04308390022675734,0.8200268180402539,21,21,0.9318998211511518,NS
ENSSSCG00000011217,0.21849086162099185,0.3015645291679736,0.08307366754698176,-0.1428571428571428,0.3937156975016509,21,21,0.6555557487527489,NS
ENSSSCG00000025085,1.3843485799917419,0.8674663169969072,-0.5168822629948346,-0.18140589569161003,0.31873986045524616,21,21,0.5866797538832811,NS
ENSSSCG00000035973,0.6309333127843123,0.20681286280890226,-0.42412044997541004,-0.3310657596371882,0.04318566036407507,21,21,0.22912113696639982,NS
ENSSSCG00000006754,0.13845588214581184,0.688801765496822,0.5503458833510102,0.48752834467120176,0.005047328961914169,21,21,0.08528245487372217,NS
ENSSSCG00000008842,1.038122315996407,1.2001053557283559,0.16198303973194883,0.013605442176870763,0.9496833068978464,21,21,0.9857774191208913,NS
ENSSSCG00000015589,0.8653394169659455,0.5379495605085584,-0.32738985645738716,-0.18367346938775508,0.29776311042675463,21,21,0.567719549062684,NS
ENSSSCG00000012699,0.34177858239762365,1.0586884633157805,0.7169098809181569,0.37414965986394555,0.03818407272291203,21,21,0.21701966767123157,NS
ENSSSCG00000014285,1.0453102448876395,0.9754465703477935,-0.06986367453984599,-0.1201814058956916,0.5127382877741721,21,21,0.7460214807570579,NS
ENSSSCG00000029348,0.6274728861219826,0.11303698555440851,-0.514435900567574,-0.4013605442176871,0.008326931434188297,21,21,0.10818702583055251,NS
ENSSSCG00000012053,0.7941146309064777,0.5686068061939001,-0.22550782471257758,-0.10430839002267578,0.5641179252918223,21,21,0.7841639245191289,NS
ENSSSCG00000038712,0.7731841832822236,0.34005275581830563,-0.433131427463918,-0.43083900226757366,0.013270448584468386,21,21,0.1325113206542258,NS
ENSSSCG00000004628,0.754602097084687,0.35633441165887314,-0.3982676854258138,-0.383219954648526,0.03195670077334747,21,21,0.2029842289862626,NS
ENSSSCG00000033791,1.5571632617104945,1.003804974227958,-0.5533582874825365,-0.17460317460317465,0.3380151689298284,21,21,0.6008056035381634,NS
ENSSSCG00000001800,1.0430382479913385,0.5090433145916756,-0.5339949333996629,-0.1882086167800454,0.2858484173140572,21,21,0.552839059141368,NS
ENSSSCG00000002867,0.2801298448752846,0.24780500546412934,-0.03232483941115524,-0.2970521541950113,0.05641202457041208,21,21,0.2540948710131496,NS
ENSSSCG00000000873,0.8098611850329472,0.22942144480021623,-0.580439740232731,-0.3151927437641724,0.0805563192658582,21,21,0.3011533243399386,NS
ENSSSCG00000015851,1.386036348941164,1.3387972665934262,-0.04723908234773777,-0.024943310657596474,0.8998909623361547,21,21,0.965040287671819,NS
ENSSSCG00000008445,1.6191743343180527,1.1658551034983715,-0.4533192308196812,-0.11564625850340127,0.5294020957021088,21,21,0.7578908227272798,NS
ENSSSCG00000036381,0.670978795600651,0.3322944644726739,-0.3386843311279771,-0.17913832199546476,0.3222048003288709,21,21,0.5903645647051428,NS
ENSSSCG00000030155,0.7036968439512522,0.5454783812272955,-0.15821846272395668,-0.0226757369614512,0.9092653355812991,21,21,0.9723776954743334,NS
ENSSSCG00000017493,0.3902457448760981,0.6360808981433208,0.24583515326722272,0.0022675736961451642,1.0,21,21,1.0,NS
ENSSSCG00000029029,0.7460322027843493,0.4991662425024902,-0.24686596028185914,-0.19727891156462585,0.2721996677789932,21,21,0.5407731598505338,NS
ENSSSCG00000002431,1.0001633970762784,0.8065489581949246,-0.19361443888135388,0.03401360544217691,0.859749897783164,21,21,0.9490399532059208,NS
ENSSSCG00000012382,1.0805341504000712,0.05876290936445154,-1.0217712410356197,-0.44217687074829937,0.010428982826485005,21,21,0.11983722309830341,NS
ENSSSCG00000031261,1.2196804694224852,1.1940726597222242,-0.025607809700260997,0.10430839002267578,0.5700754926720459,21,21,0.7912146796578713,NS
ENSSSCG00000022550,0.20512786552297224,0.6696427167804275,0.4645148512574553,0.07482993197278909,0.6670286396963463,21,21,0.8447545916162275,NS
ENSSSCG00000031876,1.2872156978498315,1.2827643092263006,-0.004451388623530894,0.009070294784580546,0.9698878812365527,21,21,0.9946937019528808,NS
ENSSSCG00000008877,0.5516350598001745,0.30720211242376283,-0.24443294737641164,-0.10430839002267578,0.549030683174486,21,21,0.7740136634971175,NS
ENSSSCG00000002722,0.5376500107162194,0.5009879140351804,-0.036662096681039036,-0.3015873015873016,0.08926630035883583,21,21,0.31428376650402706,NS
ENSSSCG00000005651,0.6435562625444873,0.22029798610539603,-0.42325827643909125,-0.4693877551020409,0.008003839072234929,21,21,0.10744879850397575,NS
ENSSSCG00000008713,1.263736126799937,0.9586256491805871,-0.30511047761934984,-0.24716553287981857,0.17335493121839907,21,21,0.42834123173730454,NS
ENSSSCG00000022091,0.7548835201954421,0.6017372823337693,-0.1531462378616728,0.07482993197278909,0.6803783839911223,21,21,0.8549909716393294,NS
ENSSSCG00000021767,1.7583845391956685,1.5291905074493701,-0.22919403174629838,-0.05668934240362811,0.7626587257614177,21,21,0.9015297803289233,NS
ENSSSCG00000024346,0.11092349039760747,0.8507847991965091,0.7398613087989016,0.47619047619047616,0.006844101917843674,21,21,0.09940098455645346,NS
ENSSSCG00000001840,1.55376082099375,1.5988461819886193,0.04508536099486937,0.020408163265306145,0.9198497691906573,21,21,0.9725908472022055,NS
ENSSSCG00000008332,0.9394909183799114,0.641143919783079,-0.29834699859683234,-0.038548752834467015,0.8390849723098348,21,21,0.9396794525202588,NS
ENSSSCG00000027571,0.4127087239882317,0.4777338715383844,0.0650251475501527,-0.13378684807256236,0.4115759025420447,21,21,0.6709626167866983,NS
ENSSSCG00000010746,0.7763777816097953,0.32452687995931995,-0.45185090165047537,-0.29478458049886624,0.10065643534299777,21,21,0.33254142312986973,NS
ENSSSCG00000040498,1.9339184825849802,1.8192567510939468,-0.11466173149103343,-0.006802721088435382,0.9799274874348569,21,21,0.9954575561004508,NS
ENSSSCG00000026268,1.1963258021961969,1.1271285291064732,-0.06919727308972368,0.006802721088435382,0.9799226056324006,21,21,0.9954575561004508,NS
ENSSSCG00000014186,0.7629692232561596,0.15382570022913217,-0.6091435230270275,-0.47845804988662133,0.004316350037499954,21,21,0.07959720768077871,NS
ENSSSCG00000005364,1.11790800482399,1.082285018196237,-0.035622986627753095,0.09977324263038545,0.5880823834684068,21,21,0.8031545193297374,NS
ENSSSCG00000003713,0.5123671641286247,0.6159603844901012,0.10359322036147645,-0.03401360544217691,0.847280122922953,21,21,0.9461731472003023,NS
ENSSSCG00000038558,1.1874018643175954,0.4054240127009879,-0.7819778516166076,-0.346938775510204,0.04788806807216256,21,21,0.23702175106423892,NS
ENSSSCG00000009040,0.6421936216429709,0.2650737990699192,-0.3771198225730517,-0.2585034013605443,0.12459735845417552,21,21,0.3688590878463198,NS
ENSSSCG00000000540,0.5227308321325997,0.2868774691783589,-0.23585336295424086,-0.2290249433106577,0.1787972695816442,21,21,0.4357191010053567,NS
ENSSSCG00000012059,0.7448910331438908,0.6489571140558587,-0.09593391908803217,-0.015873015873015817,0.9397062839174498,21,21,0.9783494422867809,NS
ENSSSCG00000017054,1.0776973645725392,0.7973802640472204,-0.2803171005253188,-0.08616780045351469,0.6415234218582462,21,21,0.8328637069123963,NS
ENSSSCG00000016332,1.114945877650722,0.05300915958057885,-1.0619367180701431,-0.5555555555555556,0.0010362303672145578,21,21,0.045411342055502055,Down (PA<IVF)
ENSSSCG00000000487,0.7794151856176728,1.542647041420518,0.7632318558028452,0.4240362811791383,0.018508655644139366,21,21,0.15224146009447967,NS
ENSSSCG00000039426,0.6729369132839735,0.46224820275004413,-0.2106887105339294,-0.28798185941043086,0.11125592772231963,21,21,0.3499967010457579,NS
ENSSSCG00000003679,1.2442211205865188,0.8241934019024861,-0.42002771868403266,-0.1428571428571428,0.4344477408452442,21,21,0.6880757384611778,NS
ENSSSCG00000004207,0.3307577370031237,0.6663592149067797,0.335601477903656,0.3492063492063492,0.037581401447927314,21,21,0.21537879192379394,NS
ENSSSCG00000009259,0.39997244291235984,0.6451088667242378,0.245136423811878,-0.08390022675736963,0.6393848657189356,21,21,0.8320092618859216,NS
ENSSSCG00000022504,0.7175493548787479,0.3773251636769862,-0.3402241912017617,-0.15646258503401356,0.3761264552239846,21,21,0.6403962425284595,NS
ENSSSCG00000002841,0.7456810972271678,0.13414311849563623,-0.6115379787315316,-0.5963718820861679,0.00042748935676929816,21,21,0.03258418874930428,NS
ENSSSCG00000028295,0.6201382205742105,0.35711907454990016,-0.26301914602431037,-0.17006802721088432,0.3086896443343926,21,21,0.5777928949887948,NS
ENSSSCG00000017170,1.3850834425913507,1.4425159857249237,0.05743254313357293,0.009070294784580546,0.9698573244695138,21,21,0.9946937019528808,NS
ENSSSCG00000040317,0.9317125942262443,0.9746804979454441,0.042967903719199785,-0.024943310657596474,0.8992347852071954,21,21,0.965040287671819,NS
ENSSSCG00000009556,0.8740189431198212,0.11594056830247974,-0.7580783748173414,-0.5170068027210883,0.0015490458870756102,21,21,0.0505977886445505,NS
ENSSSCG00000016685,0.7404262073802784,0.20252941371653757,-0.5378967936637409,-0.4013605442176871,0.023469288916429708,21,21,0.17258422275325483,NS
ENSSSCG00000002298,0.12746389473335124,0.30591222255496014,0.1784483278216089,0.09977324263038545,0.5487722684041073,21,21,0.773808378469101,NS
ENSSSCG00000009855,0.553710083371225,0.31406960237042947,-0.2396404810007955,-0.256235827664399,0.1321176082347814,21,21,0.38048983731763236,NS
ENSSSCG00000012602,0.7141643014976283,0.3794655831667635,-0.33469871833086484,-0.44217687074829937,0.012064741845485049,21,21,0.12655065605508783,NS
ENSSSCG00000007955,0.9006595950207942,0.9378368990962808,0.037177304075486584,0.024943310657596363,0.8992347852071954,21,21,0.965040287671819,NS
ENSSSCG00000036001,0.40814871561301913,0.8803808777972499,0.4722321621842308,0.33333333333333337,0.0588712681693681,21,21,0.25790327958396714,NS
ENSSSCG00000001667,0.9932222720895548,0.661807378332995,-0.33141489375655986,-0.08390022675736963,0.6495753103769331,21,21,0.8344026504702031,NS
ENSSSCG00000009826,0.8144906236329825,0.9216655486451308,0.10717492501214831,0.24263038548752835,0.18145465716403986,21,21,0.4396192289203178,NS
ENSSSCG00000015090,0.36673474522495764,0.32665445211893995,-0.040080293106017684,-0.03628117913832196,0.8289929564228825,21,21,0.938943668250364,NS
ENSSSCG00000004738,0.6088778028523882,1.1234211328796424,0.5145433300272542,0.13378684807256236,0.4650521357360038,21,21,0.7103857207086134,NS
ENSSSCG00000006310,0.7320366493055365,1.0934783131912102,0.3614416638856738,0.15192743764172334,0.4060793269428138,21,21,0.664517472366019,NS
ENSSSCG00000009747,0.5636560109243253,0.49860074342722266,-0.06505526749710261,-0.020408163265306145,0.9179735177058354,21,21,0.9725908472022055,NS
ENSSSCG00000017987,0.5549012744459574,0.9742798945160783,0.41937862007012094,0.24716553287981857,0.17223328037062002,21,21,0.42834123173730454,NS
ENSSSCG00000039940,0.9689892613857057,0.7174091505438684,-0.2515801108418373,-0.1428571428571428,0.42860015546208396,21,21,0.68468464320833,NS
ENSSSCG00000009681,0.5959812214307924,0.5787258786855629,-0.01725534274522944,0.1768707482993197,0.32954236332445497,21,21,0.5974261660691758,NS
ENSSSCG00000023630,0.8902131210591429,0.6907423096801345,-0.19947081137900835,-0.061224489795918435,0.7424382011154036,21,21,0.8907689783709924,NS
ENSSSCG00000031719,0.26097617629802033,0.31149102994377664,0.05051485364575631,-0.18367346938775508,0.2867546633592204,21,21,0.5541230959561273,NS
ENSSSCG00000032221,1.2955081016759087,0.5053926272566225,-0.7901154744192862,-0.2993197278911566,0.09316333277175946,21,21,0.3177662142770354,NS
ENSSSCG00000011611,1.2773307227014634,0.9012099113289961,-0.37612081137246733,-0.024943310657596474,0.8992347852071954,21,21,0.965040287671819,NS
ENSSSCG00000011946,0.6906255189827754,0.5567133373981865,-0.13391218158458884,-0.17913832199546476,0.3222048003288709,21,21,0.5903645647051428,NS
ENSSSCG00000012685,1.4717893063120753,1.1632273365194148,-0.3085619697926605,-0.12698412698412698,0.48758859663562926,21,21,0.730602101081082,NS
ENSSSCG00000017290,0.3143966254417852,0.8401393146484479,0.5257426892066628,0.4126984126984127,0.0219074939427222,21,21,0.1674730894955559,NS
ENSSSCG00000010250,1.5847396388691972,0.9390795931713255,-0.6456600456978717,-0.217687074829932,0.23053373166579993,21,21,0.49637834250702684,NS
ENSSSCG00000030421,0.8991326966744853,0.5663318936801176,-0.33280080299436765,-0.2517006802721089,0.16019003089382655,21,21,0.4118829130178599,NS
ENSSSCG00000016417,0.741725526967626,0.4506389359259888,-0.29108659104163714,-0.3424036281179139,0.05547522070552194,21,21,0.2527717816851408,NS
ENSSSCG00000001887,1.080139989628616,1.079599750681624,-0.0005402389469919555,0.027210884353741527,0.8886693315770071,21,21,0.965040287671819,NS
ENSSSCG00000032311,0.8544941592116965,0.4761213955454324,-0.37837276366626404,-0.2993197278911566,0.09715053375828937,21,21,0.323363736817984,NS
ENSSSCG00000002620,1.0135726842160375,0.35124957428188064,-0.6623231099341569,-0.2517006802721089,0.15222736116576577,21,21,0.4031967944390553,NS
ENSSSCG00000007650,0.9442965498039035,0.4877669201520529,-0.4565296296518506,-0.346938775510204,0.04477422241585497,21,21,0.23166324900564428,NS
ENSSSCG00000007528,1.6756306070983427,1.437605839807366,-0.23802476729097677,0.04308390022675734,0.8204882126904668,21,21,0.9318998211511518,NS
ENSSSCG00000022168,0.8767211776622423,0.6363853622475567,-0.24033581541468563,-0.14512471655328807,0.42746800722907363,21,21,0.6837096128681384,NS
ENSSSCG00000011950,0.4344170494246946,0.620387170645573,0.18597012122087841,0.1315192743764172,0.4551485811096415,21,21,0.7046864580854613,NS
ENSSSCG00000008176,1.1185385982185552,0.9073359912200741,-0.21120260699848104,-0.11111111111111116,0.5456923516561308,21,21,0.7703997318854171,NS
ENSSSCG00000039508,0.44229501641397756,0.45819518958990163,0.01590017317592407,0.05215419501133789,0.7770132139738273,21,21,0.9109394814543041,NS
ENSSSCG00000035702,0.7596734016887723,1.0582665110021898,0.29859310931341754,0.11111111111111116,0.5384326295205346,21,21,0.7674315060276059,NS
ENSSSCG00000000882,1.4430125122946091,1.0140776391270012,-0.4289348731676079,0.020408163265306145,0.9195765231095747,21,21,0.9725908472022055,NS
ENSSSCG00000009956,0.5508931998647455,0.7445748610684064,0.19368166120366093,0.19727891156462585,0.2750664534012466,21,21,0.5439480744688819,NS
ENSSSCG00000001950,0.9777105626048507,0.754727799356817,-0.22298276324803368,0.024943310657596363,0.8998909623361547,21,21,0.965040287671819,NS
ENSSSCG00000003736,0.5030784598238002,0.38431408198919764,-0.11876437783460253,-0.3038548752834467,0.08827375798345061,21,21,0.31194620610365387,NS
ENSSSCG00000015933,1.3037471052616207,0.849261140756349,-0.4544859645052718,-0.256235827664399,0.1540606276825656,21,21,0.4064245299817456,NS
ENSSSCG00000009717,0.7815483326245003,0.5527379024219358,-0.22881043020256453,-0.20634920634920628,0.24661906406501422,21,21,0.5117165520743475,NS
ENSSSCG00000027410,1.8239265977449868,1.602688335133691,-0.22123826261129587,-0.03401360544217691,0.8602006699396448,21,21,0.9490399532059208,NS
ENSSSCG00000013300,1.5652262780323187,1.1548003112249867,-0.410425966807332,-0.16099773242630389,0.3784218350363092,21,21,0.6403962425284595,NS
ENSSSCG00000015489,0.5065620065315828,0.5255808841174815,0.019018877585898708,0.05895691609977327,0.7432369543161359,21,21,0.8907689783709924,NS
ENSSSCG00000028976,0.5820383331453244,0.44641982269265684,-0.13561851045266754,-0.0975056689342404,0.5792352885037704,21,21,0.794449839978317,NS
ENSSSCG00000016521,1.1860405542876444,0.8067556387024529,-0.3792849155851915,-0.16099773242630389,0.37698631634861335,21,21,0.6403962425284595,NS
ENSSSCG00000027857,1.293955746594508,1.5469137073975936,0.25295796080308564,0.12698412698412698,0.48905610031549984,21,21,0.730602101081082,NS
ENSSSCG00000028066,0.6969051297695019,0.9345094056815659,0.237604275912064,0.015873015873015928,0.9391349294670047,21,21,0.9783494422867809,NS
ENSSSCG00000004717,0.8496015697233281,0.7784278182011664,-0.07117375152216177,-0.1882086167800454,0.3016736285326378,21,21,0.5703026187481536,NS
ENSSSCG00000021688,1.0804012897432527,0.7078822268329421,-0.37251906291031056,-0.10657596371882083,0.560237290376817,21,21,0.7833833809361512,NS
ENSSSCG00000021018,1.3363080432830177,1.0202254380510973,-0.31608260523192033,-0.10657596371882083,0.5593487308378113,21,21,0.7833833809361512,NS
ENSSSCG00000033518,0.5013933919243071,0.3292610820852434,-0.1721323098390637,-0.1383219954648527,0.43176934267058587,21,21,0.6880757384611778,NS
ENSSSCG00000037766,1.4239667096548718,1.2278839715907326,-0.19608273806413923,-0.06349206349206349,0.7341455372450936,21,21,0.8882254648150515,NS
ENSSSCG00000004896,1.026585363706664,1.0739601947123565,0.04737483100569251,0.0022675736961451642,1.0,21,21,1.0,NS
ENSSSCG00000032566,0.564491893285726,0.37725665846082124,-0.18723523482490478,-0.11111111111111116,0.5187040358284131,21,21,0.7522853458314829,NS
ENSSSCG00000002921,0.4457312689082263,0.4685767492270867,0.02284548031886041,-0.02947845804988658,0.8758861402833871,21,21,0.9581000128681301,NS
ENSSSCG00000037288,1.7028744765537027,2.9311237629891074,1.2282492864354047,0.37414965986394555,0.03910264642994955,21,21,0.21879553233212654,NS
ENSSSCG00000003851,0.2540482756123475,0.409799078032668,0.15575080242032052,0.10430839002267578,0.49991655985216854,21,21,0.737352741471915,NS
ENSSSCG00000032343,1.1104572263189936,0.9542722080743671,-0.1561850182446265,-0.07029478458049887,0.7045511283772418,21,21,0.8691022220107433,NS
ENSSSCG00000032043,1.0051734168877855,0.988487266735617,-0.016686150152168455,-0.0975056689342404,0.595517325922793,21,21,0.8062920726419195,NS
ENSSSCG00000004419,1.4765858779896752,0.7995429561400881,-0.6770429218495871,-0.346938775510204,0.05585744907235372,21,21,0.2527717816851408,NS
ENSSSCG00000015030,1.0952895637252003,0.46949262811867243,-0.6257969356065278,-0.3605442176870748,0.04582122143123108,21,21,0.23457729777480987,NS
ENSSSCG00000008144,1.0367482829175672,1.4796514884939396,0.4429032055763724,0.1201814058956916,0.5121212612563548,21,21,0.7460214807570579,NS
ENSSSCG00000024113,1.7283993911974431,2.2798993748651957,0.5514999836677525,0.2743764172335601,0.13089831450344894,21,21,0.37835478192585825,NS
ENSSSCG00000036191,1.403246174568194,1.101631248793513,-0.30161492577468096,-0.11564625850340127,0.5292518686324169,21,21,0.7578908227272798,NS
ENSSSCG00000015014,0.3612292763327145,0.6188884452385655,0.25765916890585094,0.04761904761904767,0.7976983236168036,21,21,0.9213153463710844,NS
ENSSSCG00000036483,1.30638833025109,2.0685117890045,0.76212345875341,0.3378684807256236,0.062297818950561336,21,21,0.26545427392262594,NS
ENSSSCG00000004647,1.019735202259429,1.0559248125661425,0.036189610306713416,-0.038548752834467015,0.8394438600192897,21,21,0.9396794525202588,NS
ENSSSCG00000014878,1.883515624486736,0.5569246889574971,-1.326590935529239,-0.562358276643991,0.0018247778143507783,21,21,0.05514526786980766,NS
ENSSSCG00000004347,1.2038214076608384,0.5309028798201263,-0.6729185278407122,-0.26077097505668934,0.1378698765010335,21,21,0.3858781529159893,NS
ENSSSCG00000002724,0.7826726491621323,0.6974509512856846,-0.08522169787644773,-0.14512471655328807,0.4265457678127461,21,21,0.6827120782070552,NS
ENSSSCG00000036418,1.8954869112628085,1.4871208079903109,-0.40836610327249767,-0.14058956916099774,0.44291436576092413,21,21,0.6968865733639436,NS
ENSSSCG00000011018,0.6639584898290956,0.30035395870413906,-0.3636045311249565,-0.30612244897959173,0.08293927476432014,21,21,0.3032854077202751,NS
ENSSSCG00000015196,0.574396927572909,1.073686138912219,0.4992892113393099,0.40816326530612246,0.022727207361906275,21,21,0.1707652163227569,NS
ENSSSCG00000032507,0.489924209213867,0.3547679707717793,-0.13515623844208768,-0.0022675736961450532,1.0,21,21,1.0,NS
ENSSSCG00000007617,1.5577692965721293,0.7693259849830559,-0.7884433115890733,-0.3038548752834467,0.09422204242119296,21,21,0.3204577149278055,NS
ENSSSCG00000012332,0.7932314454056979,0.5484880813505233,-0.2447433640551746,-0.20408163265306123,0.2573689859139222,21,21,0.523503631199315,NS
ENSSSCG00000001689,0.8247962970932021,0.7595365752994346,-0.06525972179376749,0.04308390022675734,0.8200268180402539,21,21,0.9318998211511518,NS
ENSSSCG00000025156,1.1268463546687844,0.8070739012767237,-0.3197724533920606,-0.16780045351473927,0.3578396931390152,21,21,0.622566648474168,NS
ENSSSCG00000011705,0.8918500941415098,0.38045019589982926,-0.5113998982416805,-0.4172335600907029,0.02048774694966096,21,21,0.162637381885487,NS
ENSSSCG00000022492,1.1032831888871368,1.2001978949317345,0.09691470604459762,0.16326530612244894,0.37116256357912325,21,21,0.6363847003631057,NS
ENSSSCG00000001579,1.2189054083191249,0.8895241149010547,-0.3293812934180702,-0.05215419501133778,0.7809598763099395,21,21,0.9109394814543041,NS
ENSSSCG00000016760,0.6660456694349202,0.2709708580892451,-0.39507481134567507,-0.3197278911564625,0.07386319816006391,21,21,0.287638363555999,NS
ENSSSCG00000025729,0.57374569413477,0.6361637545830973,0.06241806044832732,0.08163265306122447,0.6560184813406633,21,21,0.839449129266359,NS
ENSSSCG00000008808,0.93258109962061,0.9698778014337118,0.03729670181310185,-0.10657596371882083,0.5569967136662866,21,21,0.7823500114149725,NS
ENSSSCG00000016941,1.2024706308406978,0.7709132304862248,-0.431557400354473,-0.21541950113378694,0.2328688724601774,21,21,0.4984338424576652,NS
ENSSSCG00000017044,0.9016198290040524,1.2207214894186809,0.3191016604146285,0.19274376417233563,0.2850693871433916,21,21,0.5519548393462225,NS
ENSSSCG00000021891,0.36099512989361865,0.4878987835224577,0.12690365362883904,-0.16780045351473927,0.3310221616404111,21,21,0.5994751924110929,NS
ENSSSCG00000011296,0.6271311707757754,0.3770537572387208,-0.2500774135370546,-0.07709750566893425,0.6537951582101555,21,21,0.836916362254463,NS
ENSSSCG00000033971,0.6503451007728084,0.1347786391274322,-0.5155664616453761,-0.5510204081632653,0.0011394808933427598,21,21,0.046253484783025635,NS
ENSSSCG00000010053,1.0386539673076303,0.48973081195669127,-0.548923155350939,-0.23809523809523814,0.1868629621913368,21,21,0.4452517959821363,NS
ENSSSCG00000032214,0.7468226296861766,1.2934720257084613,0.5466493960222847,0.18367346938775508,0.313912691035127,21,21,0.5805420605146814,NS
ENSSSCG00000010954,0.6027669561538233,0.7896392831434802,0.18687232698965694,-0.04761904761904767,0.7968184581234595,21,21,0.9213153463710844,NS
ENSSSCG00000022395,0.5013540491428834,0.2192843221121697,-0.2820697270307137,-0.45578231292517013,0.006564637591149273,21,21,0.09765862760280812,NS
ENSSSCG00000024494,0.929940324420505,0.6186499050237534,-0.3112904193967516,-0.24489795918367352,0.17544296178430363,21,21,0.43075830989274266,NS
ENSSSCG00000002736,0.4648720780899783,0.4761770601350384,0.011304982045060086,0.0680272108843537,0.6637397027822339,21,21,0.8447545916162275,NS
ENSSSCG00000010468,1.3268237339036268,0.8711982938006738,-0.455625440102953,-0.2335600907029478,0.19731950245483287,21,21,0.4574984559108449,NS
ENSSSCG00000024663,1.2894730551667575,0.7772287214200807,-0.5122443337466768,-0.15646258503401356,0.3868294537997027,21,21,0.6510427019298235,NS
ENSSSCG00000031101,1.2000077937155402,0.777204496012768,-0.42280329770277225,-0.1383219954648527,0.4482305419424436,21,21,0.6984759079638868,NS
ENSSSCG00000017325,0.48714912506170954,0.4442740050121774,-0.042875120049532145,-0.15192743764172345,0.39032678196990833,21,21,0.6539796048612466,NS
ENSSSCG00000026045,0.7789975533073564,1.7400479198671752,0.9610503665598188,0.23582766439909297,0.19495969825849913,21,21,0.45444224602558747,NS
ENSSSCG00000005444,0.8545170757498438,0.21428649945452194,-0.6402305762953219,-0.47845804988662133,0.007693897372825556,21,21,0.10556027195516662,NS
ENSSSCG00000008642,0.8822866468301039,1.1914437901133705,0.3091571432832666,0.006802721088435382,0.9799226056324006,21,21,0.9954575561004508,NS
ENSSSCG00000024344,0.6987939525645375,0.21133911362585947,-0.487454838938678,-0.3265306122448979,0.04614970584723727,21,21,0.2350491979746632,NS
ENSSSCG00000035421,0.5924443737521976,0.40615133798722625,-0.18629303576497136,-0.1383219954648527,0.44636434350424403,21,21,0.6984759079638868,NS
ENSSSCG00000003844,0.4583801962439207,0.15275007757429396,-0.30563011866962675,-0.2789115646258504,0.09329171363760193,21,21,0.3177662142770354,NS
ENSSSCG00000033759,1.077885819918151,0.8467791924076428,-0.23110662751050814,-0.015873015873015817,0.9395489160121012,21,21,0.9783494422867809,NS
ENSSSCG00000036213,1.3361758172306968,1.2295279570454742,-0.10664786018522254,0.17006802721088432,0.3447608904145335,21,21,0.6093308137361777,NS
ENSSSCG00000007855,1.7337543255419252,0.8576565352879775,-0.8760977902539477,-0.4444444444444444,0.014140314951979498,21,21,0.13700926634262622,NS
ENSSSCG00000037131,1.0485746993380456,1.2895804435650373,0.24100574422699172,0.09297052154195007,0.6148262244869211,21,21,0.8157225327032747,NS
ENSSSCG00000002701,1.7980302336229423,1.7161967640393652,-0.08183346958357718,0.020408163265306145,0.919817385873418,21,21,0.9725908472022055,NS
ENSSSCG00000036553,0.8102941831359494,0.6866778444597094,-0.12361633867624,-0.08843537414965996,0.6319050576373251,21,21,0.8251293316812793,NS
ENSSSCG00000016872,0.7935776929785118,0.6032543075051322,-0.19032338547337957,-0.17460317460317465,0.3367534188994413,21,21,0.6008056035381634,NS
ENSSSCG00000003756,0.571272639074682,0.22550213175174574,-0.34577050732293624,-0.3151927437641724,0.05073579113680788,21,21,0.2432197953867939,NS
ENSSSCG00000017364,0.6426120277134716,0.6888857368531783,0.04627370913970674,-0.03401360544217691,0.8576009215280183,21,21,0.9490399532059208,NS
ENSSSCG00000014248,0.8160233662661456,0.29428940457874325,-0.5217339616874024,-0.4444444444444444,0.010617422605513484,21,21,0.12111986001817435,NS
ENSSSCG00000011527,0.49124162834537055,0.2560000904688728,-0.23524153787649776,-0.3424036281179139,0.03906859705791707,21,21,0.21879553233212654,NS
ENSSSCG00000000950,0.992302510587454,0.340605592067202,-0.651696918520252,-0.47845804988662133,0.0071145602649006785,21,21,0.09940098455645346,NS
ENSSSCG00000023303,0.7784434225985851,1.0342524016755243,0.2558089790769392,0.061224489795918324,0.7389643385344363,21,21,0.8907689783709924,NS
ENSSSCG00000014213,0.5142340076480825,0.4236896214812248,-0.09054438616685767,0.0022675736961451642,1.0,21,21,1.0,NS
ENSSSCG00000000037,0.8079584395039542,0.426676879325269,-0.3812815601786852,-0.28798185941043086,0.10302430995669908,21,21,0.33510989393217433,NS
ENSSSCG00000004938,0.8945850345278992,0.4763690984293999,-0.4182159360984993,-0.26530612244897966,0.14096300533558292,21,21,0.3909587620683742,NS
ENSSSCG00000006098,1.0356264104942698,1.446913286694788,0.4112868762005182,0.08163265306122447,0.657622367642795,21,21,0.8413445434594505,NS
ENSSSCG00000033648,0.7493328377173096,0.20682282638353616,-0.5425100113337735,-0.39229024943310664,0.028090362781280652,21,21,0.18957442679377465,NS
ENSSSCG00000010403,1.3526492838845199,0.4693679504136863,-0.8832813334708336,-0.46031746031746024,0.010531034933475911,21,21,0.12080752448770025,NS
ENSSSCG00000014010,1.6032108372626237,0.6746291005792299,-0.9285817366833938,-0.43310657596371893,0.015892038235937704,21,21,0.14226185540064334,NS
ENSSSCG00000014399,0.3833233392728667,0.25934064533069506,-0.12398269394217165,-0.08390022675736963,0.6393848657189356,21,21,0.8320092618859216,NS
ENSSSCG00000037116,1.01715179862349,1.0194779292276617,0.00232613060417175,0.0022675736961451642,1.0,21,21,1.0,NS
ENSSSCG00000034980,0.35098522580357283,0.7125144448292088,0.36152921902563595,0.5782312925170068,0.0009465690622649354,21,21,0.04417827813527798,NS
ENSSSCG00000006542,1.0603148701969403,1.2169983597211558,0.1566834895242155,-0.006802721088435382,0.9798324698955457,21,21,0.9954575561004508,NS
ENSSSCG00000004976,0.9841402208695362,0.5392613589422367,-0.44487886192729953,-0.24943310657596363,0.15323304711662597,21,21,0.4053909383802754,NS
ENSSSCG00000023666,0.8435322431170255,0.5365339233945162,-0.30699831972250924,-0.20181405895691618,0.2572756438252094,21,21,0.523503631199315,NS
ENSSSCG00000037981,0.7818490125029571,0.9564611241086771,0.17461211160572,0.02947845804988658,0.8792234734276974,21,21,0.9581000128681301,NS
ENSSSCG00000032489,0.3066537791353022,0.34309403242570596,0.03644025329040379,0.10657596371882083,0.49962398488299853,21,21,0.7370796852252408,NS
ENSSSCG00000028355,1.9251443864660618,1.550760036189185,-0.3743843502768769,-0.11111111111111116,0.545952927901969,21,21,0.7703997318854171,NS
ENSSSCG00000002681,1.0566110723532933,0.6595825699990868,-0.3970285023542065,-0.3877551020408163,0.03210459976314706,21,21,0.20315497363626772,NS
ENSSSCG00000001539,0.3517433389912193,0.2793040631227681,-0.07243927586845117,-0.21315192743764166,0.22883515290141399,21,21,0.4936506757558805,NS
ENSSSCG00000037184,0.5967783512843099,0.5453669439141987,-0.051411407370111184,-0.11111111111111116,0.5262657550004824,21,21,0.7578908227272798,NS
ENSSSCG00000009929,0.8081110081486481,0.17986879386269775,-0.6282422142859504,-0.4467120181405895,0.007726454883965608,21,21,0.1057953702674732,NS
ENSSSCG00000017142,0.4242708134360317,0.2797198422173726,-0.14455097121865906,-0.2335600907029478,0.1911217496816664,21,21,0.44762553868768573,NS
ENSSSCG00000027085,0.8399439800239421,0.09786449748066336,-0.7420794825432787,-0.3877551020408163,0.026922483417214687,21,21,0.18468823624209274,NS
ENSSSCG00000009192,1.2508712840596266,1.0974180548732042,-0.15345322918642235,-0.027210884353741527,0.8899142915022451,21,21,0.965040287671819,NS
ENSSSCG00000034686,1.5596892098135438,0.9980455290776,-0.5616436807359437,-0.015873015873015817,0.9396375868382534,21,21,0.9783494422867809,NS
ENSSSCG00000015105,0.9805150767361336,0.4056380764479486,-0.574877000288185,-0.383219954648526,0.03195670077334747,21,21,0.2029842289862626,NS
ENSSSCG00000036785,1.3497551463737043,0.7868151148592429,-0.5629400315144614,-0.2335600907029478,0.19849070039669336,21,21,0.4574984559108449,NS
ENSSSCG00000039833,0.37025410779624907,0.7747141086047425,0.4044600008084935,0.2562358276643991,0.15272624137047228,21,21,0.404206024614753,NS
ENSSSCG00000003701,1.6351891518233537,1.492375076526236,-0.14281407529711765,0.05668934240362811,0.7626587257614177,21,21,0.9015297803289233,NS
ENSSSCG00000016010,1.7462180147115782,1.314290441115936,-0.43192757359564227,-0.19727891156462585,0.2787045786611493,21,21,0.5446243796584893,NS
ENSSSCG00000007881,1.834256245904199,0.46866787693181733,-1.3655883689723816,-0.5691609977324263,0.001413438961327233,21,21,0.04897066300355969,Down (PA<IVF)
ENSSSCG00000038366,0.9972124067565244,1.7419809466599236,0.7447685399033992,0.39229024943310653,0.02940583783536394,21,21,0.19340752401782993,NS
ENSSSCG00000008098,1.260558086594198,0.8333024628345475,-0.42725562375965065,-0.26077097505668934,0.15102658173488542,21,21,0.401864822689913,NS
ENSSSCG00000007544,0.9303192619135869,0.8171196078046066,-0.11319965410898036,-0.17460317460317465,0.3380151689298284,21,21,0.6008056035381634,NS
ENSSSCG00000004216,1.600064922208574,1.542691525391805,-0.05737339681676912,0.020408163265306145,0.9197849632728528,21,21,0.9725908472022055,NS
ENSSSCG00000000875,1.0767243709613101,0.7159737052023624,-0.36075066575894776,-0.1020408163265305,0.5755116948666782,21,21,0.794449839978317,NS
ENSSSCG00000004694,0.3986852501524393,0.18864895397208975,-0.21003629618034952,-0.26530612244897966,0.11490326158136878,21,21,0.3548276467233446,NS
ENSSSCG00000011679,0.9921010821746095,0.2395057390284818,-0.7525953431461276,-0.5736961451247165,0.0013412611965531649,21,21,0.04872966243563211,NS
ENSSSCG00000009730,1.0622586488153969,0.032753143279328004,-1.029505505536069,-0.47165532879818595,0.004903678167893237,21,21,0.08409808057936903,NS
ENSSSCG00000009270,0.9051960396030682,0.5287661783023779,-0.3764298613006902,-0.30612244897959173,0.09032436587303416,21,21,0.3146040991494828,NS
ENSSSCG00000015444,2.0967747109185773,2.1990145534273062,0.10223984250872897,0.027210884353741527,0.8899541879139963,21,21,0.965040287671819,NS
ENSSSCG00000028282,0.9373188523784715,0.8150666945382219,-0.12225215784024956,-0.09523809523809534,0.6060544765839555,21,21,0.8132890667773738,NS
ENSSSCG00000005424,1.261627472377911,1.736307377920356,0.4746799055424449,0.09523809523809523,0.6060544765839555,21,21,0.8132890667773738,NS
ENSSSCG00000027974,0.8909949178005446,0.6047658910831775,-0.28622902671736716,-0.038548752834467015,0.8381338197817959,21,21,0.9396794525202588,NS
ENSSSCG00000006296,0.8287008772618935,0.8951411960810088,0.06644031881911538,0.08843537414965985,0.6324033715499422,21,21,0.8251293316812793,NS
ENSSSCG00000040538,0.9757976276632208,0.4226720345668753,-0.5531255930963455,-0.383219954648526,0.03251664155286035,21,21,0.20315497363626772,NS
ENSSSCG00000009379,0.3661561926170358,0.1860619155855862,-0.1800942770314496,-0.17460317460317465,0.26469958961678786,21,21,0.5342274741898101,NS
ENSSSCG00000000754,1.2778983764746996,0.7255638846302633,-0.5523344918444363,-0.11564625850340127,0.5293520358690783,21,21,0.7578908227272798,NS
ENSSSCG00000007108,0.98017454785755,0.44304808009735763,-0.5371264677601923,-0.12925170068027203,0.47293260232701895,21,21,0.7187877960357475,NS
ENSSSCG00000003286,0.6055208025451312,1.1738675356036778,0.5683467330585467,0.3832199546485261,0.03299266852575323,21,21,0.20556739880714547,NS
ENSSSCG00000009150,0.673592581070609,0.4745554226745039,-0.19903715839610514,-0.3605442176870748,0.04366670832387051,21,21,0.229906559887904,NS
ENSSSCG00000006237,2.2589726606554774,1.8202529894539041,-0.4387196712015733,-0.16553287981859421,0.36514408957445854,21,21,0.6272800312138134,NS
ENSSSCG00000028387,0.9459679291365071,0.7863233482703388,-0.15964458086616828,-0.006802721088435382,0.979459392659299,21,21,0.9954575561004508,NS
ENSSSCG00000015958,0.8246167464532674,0.5145450040219959,-0.31007174243127156,-0.28344671201814053,0.11554609774413954,21,21,0.35552220206625207,NS
ENSSSCG00000003928,1.677749703262905,1.3143076685415411,-0.3634420347213638,0.0045351473922902175,0.9899302492709762,21,21,1.0,NS
ENSSSCG00000014388,0.4563941334721707,0.089615953330077,-0.36677818014209373,-0.3015873015873016,0.03731999511236363,21,21,0.2142386330299703,NS
ENSSSCG00000009326,0.8288991102320392,0.2309813103224541,-0.5979177999095852,-0.33333333333333326,0.06017523294410804,21,21,0.26143261431069104,NS
ENSSSCG00000011692,0.36136735330420117,0.33109723971970306,-0.030270113584498104,-0.06349206349206349,0.7136552684833554,21,21,0.8764187507690329,NS
ENSSSCG00000001994,0.47573752993582297,0.2937392855629297,-0.18199824437289325,-0.0748299319727892,0.6788294092933174,21,21,0.853357109721854,NS
ENSSSCG00000038726,0.5393902935611499,0.24884199063888582,-0.2905483029222641,-0.35147392290249435,0.034133645308492055,21,21,0.2067186606092017,NS
ENSSSCG00000031175,0.7869483869480547,1.2440214395062834,0.4570730525582287,0.15192743764172334,0.40539238919275344,21,21,0.664517472366019,NS
ENSSSCG00000012056,0.7333854096508519,0.9884938797445518,0.25510847009369997,0.13378684807256236,0.45030858719182365,21,21,0.6984759079638868,NS
ENSSSCG00000010200,1.337245725480384,0.8753820636478605,-0.4618636618325235,-0.16099773242630389,0.37822840624339793,21,21,0.6403962425284595,NS
ENSSSCG00000028602,1.1158082884197398,0.3909683352998876,-0.7248399531198522,-0.2789115646258504,0.11442606978054412,21,21,0.3535868642768165,NS
ENSSSCG00000005112,0.8772619008932506,1.2513130112011086,0.374051110307858,0.25850340136054417,0.1538218027431574,21,21,0.4064245299817456,NS
ENSSSCG00000008130,0.45111058849005065,0.10567708524426386,-0.3454335032457868,-0.28798185941043086,0.07445290156158205,21,21,0.2882318875352443,NS
ENSSSCG00000006318,0.8235336285377218,1.7038011308795151,0.8802675023417933,0.2743764172335601,0.13089831450344894,21,21,0.37835478192585825,NS
ENSSSCG00000011956,0.24105869347126388,0.5633898664593054,0.3223311729880416,0.2108843537414966,0.19953868514362216,21,21,0.4574984559108449,NS
ENSSSCG00000011972,0.4314791160984405,0.34154854351452457,-0.0899305725839159,0.08390022675736963,0.6430488687559992,21,21,0.8337394140363172,NS
ENSSSCG00000009197,0.29717824192498954,0.6743306181476119,0.3771523762226223,0.4013605442176871,0.021105523645142128,21,21,0.16490192734131548,NS
ENSSSCG00000004252,0.9528101041765487,0.9287295962757796,-0.0240805079007691,0.04308390022675734,0.8202867895672874,21,21,0.9318998211511518,NS
ENSSSCG00000016516,0.5960105647027631,0.5448062253286242,-0.05120433937413893,-0.18594104308390014,0.2709601152848392,21,21,0.5390911806421105,NS
ENSSSCG00000011230,0.6267659174629026,0.4860521162891931,-0.14071380117370946,-0.13378684807256236,0.4626789331490305,21,21,0.7103857207086134,NS
ENSSSCG00000011059,0.3595847424007386,0.5629596521510637,0.20337490975032507,0.21541950113378683,0.22624287973915558,21,21,0.49084652942506357,NS
ENSSSCG00000008499,1.6026110357107435,1.7522551328802545,0.149644097169511,0.08390022675736963,0.6506375130102705,21,21,0.8344026504702031,NS
ENSSSCG00000032820,0.41263265035330055,0.6846982180502178,0.27206556769691725,0.17913832199546487,0.3193130801902503,21,21,0.5873142023720482,NS
ENSSSCG00000000570,1.3505961182859816,0.8870230937849376,-0.463573024501044,-0.20181405895691618,0.2682800977865001,21,21,0.5349996098742043,NS
ENSSSCG00000013385,0.6764296114529552,0.3456512887624075,-0.3307783226905477,-0.05668934240362811,0.7412834622758306,21,21,0.8907689783709924,NS
ENSSSCG00000012366,0.5099821185467515,0.9433095096777354,0.43332739113098395,0.06349206349206349,0.7324293343927097,21,21,0.8882254648150515,NS
ENSSSCG00000000530,1.1610782443767906,1.5349894546203309,0.37391121024354024,0.1541950113378685,0.3991954845862823,21,21,0.661707359039476,NS
ENSSSCG00000034203,0.7068452325726511,0.32478681781006363,-0.38205841476258745,-0.20634920634920628,0.21568706783452052,21,21,0.47992085027495884,NS
ENSSSCG00000000779,0.7796670493288741,0.800115209337879,0.020448160009004956,-0.02947845804988658,0.8799308364704173,21,21,0.9581000128681301,NS
ENSSSCG00000029268,0.8309837926059254,1.2282152273794749,0.3972314347735495,0.19727891156462585,0.277745835839739,21,21,0.5446243796584893,NS
ENSSSCG00000008202,0.5244778439379216,0.08127611493195076,-0.4432017290059709,-0.2630385487528344,0.08470214672469975,21,21,0.3075454024280007,NS
ENSSSCG00000013243,1.1264864993105779,0.5387976716835493,-0.5876888276270286,-0.30612244897959173,0.08293927476432014,21,21,0.3032854077202751,NS
ENSSSCG00000016744,0.6768653741616978,0.5202521824026041,-0.15661319175909372,-0.08390022675736963,0.6430488687559992,21,21,0.8337394140363172,NS
ENSSSCG00000006903,1.4750981291968552,1.199529280793495,-0.27556884840336027,-0.1882086167800454,0.3019680827111074,21,21,0.5703026187481536,NS
ENSSSCG00000026446,0.6069911652961923,0.33459506828695096,-0.2723960970092414,-0.11791383219954654,0.503978871016743,21,21,0.74190881012336,NS
ENSSSCG00000024485,0.7158043050018271,0.5180608557046072,-0.19774344929721988,-0.07029478458049887,0.7006148969823726,21,21,0.8689600783400969,NS
ENSSSCG00000027564,2.1746550412945034,1.333259994675619,-0.8413950466188844,-0.1882086167800454,0.3016736285326378,21,21,0.5703026187481536,NS
ENSSSCG00000014952,1.3185393851855824,1.3412858415644364,0.022746456378853974,0.05442176870748294,0.7716015730879447,21,21,0.9077127092354017,NS
ENSSSCG00000014161,0.95964526346772,1.1820977002425128,0.22245243677479276,0.08616780045351469,0.64118505953169,21,21,0.8328637069123963,NS
ENSSSCG00000015559,1.1705789605959163,1.0977527914467182,-0.07282616914919804,-0.02947845804988658,0.8797563756242406,21,21,0.9581000128681301,NS
ENSSSCG00000008857,2.6209785906089276,2.4369381449261067,-0.18404044568282085,0.024943310657596363,0.8998909623361547,21,21,0.965040287671819,NS
ENSSSCG00000010483,1.0791329162835177,0.9282337192743816,-0.15089919700913612,-0.22448979591836737,0.2166677271657954,21,21,0.47992085027495884,NS
ENSSSCG00000017051,0.4624610483684698,0.7549444038027792,0.29248335543430937,0.12471655328798181,0.4821563703305717,21,21,0.7236037410780402,NS
ENSSSCG00000021813,0.8482968107293499,0.7054186195582668,-0.14287819117108314,-0.05895691609977316,0.7432369543161359,21,21,0.8907689783709924,NS
ENSSSCG00000031098,1.0637502083092831,0.7517241314415664,-0.3120260768677168,-0.12244897959183665,0.5044052826797147,21,21,0.7421278027073629,NS
ENSSSCG00000012712,0.4539043951230638,0.8140073504080879,0.3601029552850241,0.0680272108843537,0.7134538922315428,21,21,0.8763283259997104,NS
ENSSSCG00000010171,1.064780712525503,0.9433537471962584,-0.12142696532924468,-0.0022675736961450532,1.0,21,21,1.0,NS
ENSSSCG00000038026,1.0652869047038296,0.03931388136468837,-1.0259730233391413,-0.6643990929705215,5.8974754342121125e-05,21,21,0.013485560492898363,Down (PA<IVF)
ENSSSCG00000040386,0.4260684223853,1.0672022301961441,0.6411338078108442,0.23809523809523814,0.18983191240363761,21,21,0.44742370252398683,NS
ENSSSCG00000008582,0.7825274441542421,0.013024835335664205,-0.7695026088185779,-0.6077097505668934,0.00012070933551195216,21,21,0.018001435687217213,NS
ENSSSCG00000038731,1.1325123149074836,0.5196122325999903,-0.6129000823074933,-0.3560090702947847,0.04863729309314487,21,21,0.24014966087687317,NS
ENSSSCG00000015425,1.0110120883084055,0.9487702244765958,-0.06224186383180974,0.0113378684807256,0.9594013872106937,21,21,0.9869209896448123,NS
ENSSSCG00000012556,0.7829661231075756,0.3048957671468389,-0.4780703559607367,-0.23809523809523814,0.18062691841639456,21,21,0.439397397282435,NS
ENSSSCG00000038066,1.533427773389148,1.4285023185563848,-0.10492545483276317,-0.054421768707483054,0.7723497206715801,21,21,0.9077127092354017,NS
ENSSSCG00000008785,1.3787272569872482,0.5588440229989227,-0.8198832339883255,-0.4285714285714286,0.01749100184821265,21,21,0.14934464330577116,NS
ENSSSCG00000017822,1.0039841642996996,0.8229551730085075,-0.1810289912911921,-0.11791383219954654,0.519792239231817,21,21,0.7527495801414957,NS
ENSSSCG00000007737,1.8373727006351068,1.3310517982221204,-0.5063209024129864,-0.18367346938775508,0.313912691035127,21,21,0.5805420605146814,NS
ENSSSCG00000004145,0.7864348992549101,0.5216825365944516,-0.26475236266045843,-0.1995464852607709,0.23704743470418477,21,21,0.49934320517832165,NS
ENSSSCG00000003642,0.8447121583331616,1.003730028978214,0.15901787064505246,0.21995464852607705,0.22619276685702716,21,21,0.49084652942506357,NS
ENSSSCG00000000739,0.2802462233686848,0.3387773290093149,0.05853110564063008,-0.17460317460317465,0.3156752830685805,21,21,0.5821323768415221,NS
ENSSSCG00000016956,0.8456119739197874,1.1186383847558652,0.2730264108360778,0.04761904761904767,0.8012254262382065,21,21,0.9213153463710844,NS
ENSSSCG00000038932,0.794070584156412,1.1729761595802959,0.3789055754238839,0.1428571428571429,0.4344477408452442,21,21,0.6880757384611778,NS
ENSSSCG00000009425,1.955825341518398,0.3485752043931265,-1.6072501371252714,-0.6235827664399094,0.0005337614271940664,21,21,0.03736329990358465,Down (PA<IVF)
ENSSSCG00000040260,1.2698174548468415,0.39102114918179676,-0.8787963056650447,-0.4807256235827664,0.006845871718225266,21,21,0.09940098455645346,NS
ENSSSCG00000027443,0.21985477060521846,0.6973772796158418,0.4775225090106234,0.3605442176870748,0.04091144618592667,21,21,0.2244664069512958,NS
ENSSSCG00000009302,0.6141262022873212,0.2749895940866032,-0.339136608200718,-0.2290249433106577,0.19010139252995828,21,21,0.44742370252398683,NS
ENSSSCG00000014073,0.6516820733431169,0.7970352113469197,0.14535313800380278,-0.02947845804988658,0.8772312268092091,21,21,0.9581000128681301,NS
ENSSSCG00000035648,1.1969292319028295,0.4482027334738764,-0.7487264984289531,-0.3605442176870748,0.04542220791349987,21,21,0.23359781904552282,NS
ENSSSCG00000009230,2.261705018648138,1.81973701439528,-0.4419680042528582,-0.12244897959183665,0.5049930879064096,21,21,0.7421278027073629,NS
ENSSSCG00000001053,0.5532321256871404,0.7904210704631519,0.2371889447760115,0.05442176870748294,0.7708642977304448,21,21,0.9077127092354017,NS
ENSSSCG00000007850,2.0789288616167108,0.99364133568908,-1.085287525927631,-0.41496598639455784,0.02118726316770521,21,21,0.16516434696642923,NS
ENSSSCG00000008944,2.4278925174849237,1.2503959794838118,-1.177496538001112,-0.3424036281179139,0.058997607547544004,21,21,0.25790327958396714,NS
ENSSSCG00000040836,1.5560981988250275,0.7091429986533647,-0.8469552001716628,-0.217687074829932,0.23193778772689322,21,21,0.49721663243952735,NS
ENSSSCG00000006052,0.8836832892485766,0.5547632570330345,-0.3289200322155421,-0.08843537414965996,0.6208894986456939,21,21,0.8222590657740271,NS
ENSSSCG00000003747,0.7325038415453298,0.026609689725018527,-0.7058941518203112,-0.6099773242630386,8.386307613357149e-05,21,21,0.015767392721899653,NS
ENSSSCG00000010450,1.0361677346557718,0.6004842853564198,-0.435683449299352,-0.2403628117913832,0.18510678846351214,21,21,0.44446362228200675,NS
ENSSSCG00000034756,0.34302698235081386,0.4791683601587648,0.13614137780795094,-0.0975056689342404,0.5917941081010494,21,21,0.8062920726419195,NS
ENSSSCG00000035000,1.3705130794771567,0.6665099803386272,-0.7040030991385295,-0.3560090702947847,0.04965277565786746,21,21,0.24014966087687317,NS
ENSSSCG00000033156,0.805109311400164,0.18971309643273532,-0.6153962149674286,-0.5034013605442176,0.003782932735784724,21,21,0.07611618787019973,NS
ENSSSCG00000004615,0.986479794830563,0.5528032238219188,-0.4336765710086442,-0.13378684807256236,0.45898509144558186,21,21,0.7083549442782209,NS
ENSSSCG00000006748,0.6467843016778743,0.08502093699586759,-0.5617633646820067,-0.33333333333333326,0.032141214113510265,21,21,0.20315497363626772,NS
ENSSSCG00000030581,0.9496242376617312,0.4982906318318723,-0.45133360582985893,-0.15646258503401356,0.3852877129311365,21,21,0.6488711368099398,NS
ENSSSCG00000003553,0.9756469818991539,1.5367601319759838,0.5611131500768299,0.28344671201814053,0.11854233757227105,21,21,0.3593522290120254,NS
ENSSSCG00000023618,0.939793125908887,0.44525533077325974,-0.49453779513562723,-0.3038548752834467,0.08526149983513229,21,21,0.3088140912719152,NS
ENSSSCG00000023229,3.000672094295264,2.435078081554983,-0.5655940127402808,-0.15192743764172345,0.4064599583160081,21,21,0.664517472366019,NS
ENSSSCG00000021384,1.1914579160563505,1.037807950871215,-0.15364996518513552,-0.05215419501133778,0.7818279918329542,21,21,0.9109394814543041,NS
ENSSSCG00000031915,0.3860948038068526,0.1990069092492406,-0.18708789455761202,-0.12471655328798192,0.44457271388043007,21,21,0.6984759079638868,NS
ENSSSCG00000015588,1.2640808668001897,0.6160778948826293,-0.6480029719175604,-0.41496598639455784,0.02142648687572297,21,21,0.16627341625278233,NS
ENSSSCG00000027478,0.7525921699081517,0.6189383881533321,-0.13365378175481957,0.049886621315192725,0.7797591987988496,21,21,0.9109394814543041,NS
ENSSSCG00000004104,1.0463709667549268,0.2753476548069772,-0.7710233119479496,-0.4512471655328798,0.008375673632660665,21,21,0.10840966249066446,NS
ENSSSCG00000014264,0.5593102788612553,0.4315281682196013,-0.12778211064165396,-0.15646258503401356,0.360591864955224,21,21,0.6254513763825124,NS
ENSSSCG00000025984,1.370545532955674,0.6077768184135441,-0.7627687145421298,-0.15646258503401356,0.3852877129311365,21,21,0.6488711368099398,NS
ENSSSCG00000004844,1.4876877198037204,1.0102451081448713,-0.47744261165884905,-0.2675736961451247,0.140561830926534,21,21,0.3909587620683742,NS
ENSSSCG00000004874,0.7364257195846453,0.23181760944875207,-0.5046081101358932,-0.19274376417233552,0.21766624202770235,21,21,0.47992085027495884,NS
ENSSSCG00000009308,1.8261389694865695,1.4220807732293503,-0.40405819625721917,-0.15192743764172345,0.4057933848250309,21,21,0.664517472366019,NS
ENSSSCG00000036081,0.8753832370917929,0.12477218172691629,-0.7506110553648766,-0.20408163265306123,0.23597369498493814,21,21,0.49934320517832165,NS
ENSSSCG00000016062,1.4010812837088178,1.5075306094259775,0.1064493257171597,0.031746031746031744,0.8701098647683292,21,21,0.9568697775425999,NS
ENSSSCG00000006168,2.1690321373355306,1.5591133759867875,-0.6099187613487431,-0.08616780045351469,0.6394100333327375,21,21,0.8320092618859216,NS
ENSSSCG00000012172,0.6002188137101264,0.7714165460778043,0.17119773236767788,0.06349206349206349,0.7268160588006493,21,21,0.8832521104291327,NS
ENSSSCG00000005023,1.0150498448761893,0.5192135547972346,-0.4958362900789547,-0.2517006802721089,0.14642728784466486,21,21,0.39737191942696026,NS
ENSSSCG00000011233,0.5893070691137111,0.3839470272386412,-0.2053600418750699,-0.2517006802721089,0.11320487120942696,21,21,0.3502866109592553,NS
ENSSSCG00000012000,1.6882890666136097,1.1752937225413411,-0.5129953440722685,-0.2925170068027212,0.10726256053187054,21,21,0.34142639477651104,NS
ENSSSCG00000028969,2.122694696552759,1.7138688148671735,-0.40882588168558565,-0.05668934240362811,0.7627426939277245,21,21,0.9015297803289233,NS
ENSSSCG00000007485,1.135268583862071,1.5176243660526016,0.38235578219053057,0.12471655328798181,0.4966589588037885,21,21,0.7336937392345346,NS
ENSSSCG00000034339,0.7867376509173102,1.308683302509222,0.5219456515919118,0.2517006802721088,0.16614783257725074,21,21,0.41913082991704775,NS
ENSSSCG00000034019,0.9319397585702115,0.7356425919966737,-0.1962971665735378,-0.01133786848072571,0.9587218172962806,21,21,0.9869209896448123,NS
ENSSSCG00000017294,2.0475759035779038,2.114341744430699,0.06676584085279513,0.0,1.0,21,21,1.0,NS
ENSSSCG00000015895,0.6302858741313163,0.5948438925839616,-0.03544198154735467,-0.30612244897959173,0.0743710452319497,21,21,0.2882318875352443,NS
ENSSSCG00000032748,0.7258237994445111,0.5084317755165083,-0.21739202392800283,-0.2335600907029478,0.1702637520306285,21,21,0.4261850217527077,NS
ENSSSCG00000015960,1.2482839372865837,0.9868683024316593,-0.26141563485492436,-0.10657596371882083,0.5628079392840412,21,21,0.7833833809361512,NS
ENSSSCG00000003694,0.726316930641748,0.37549884672969974,-0.3508180839120482,-0.3015873015873016,0.08370738406545528,21,21,0.3051183074861972,NS
ENSSSCG00000011962,0.9514634795136774,0.10802776047519651,-0.8434357190384809,-0.3560090702947847,0.03943879384081898,21,21,0.21978076827621298,NS
ENSSSCG00000000998,0.5475537375501831,0.29016846436354315,-0.25738527318663995,-0.2517006802721089,0.13916324383304501,21,21,0.388863483786024,NS
ENSSSCG00000038867,0.60722153311129,0.27585243787041946,-0.33136909524087055,-0.4104308390022675,0.015518738400853617,21,21,0.14112162579966475,NS
ENSSSCG00000010226,1.1433513882882276,0.4022756167094287,-0.7410757715787989,-0.46485260770975056,0.009623647872116399,21,21,0.1164225218642715,NS
ENSSSCG00000002403,1.1303924402000287,0.8485922034396628,-0.2818002367603659,0.05215419501133789,0.7816984321199989,21,21,0.9109394814543041,NS
ENSSSCG00000011906,0.7779299367097577,0.9954797336996302,0.21754979698987242,0.21541950113378683,0.2328688724601774,21,21,0.4984338424576652,NS
ENSSSCG00000013175,0.6934328932725558,0.5898737384330037,-0.10355915483955203,-0.049886621315192725,0.7909795599117064,21,21,0.9193218203428043,NS
ENSSSCG00000035073,1.3681449373654355,0.4431848734940213,-0.9249600638714142,-0.47165532879818595,0.007978346104506191,21,21,0.10744879850397575,NS
ENSSSCG00000004272,1.0213966499202685,0.882271805179613,-0.13912484474065545,-0.1201814058956916,0.5110185675845293,21,21,0.7460214807570579,NS
ENSSSCG00000009903,0.7072244417641562,0.7779602262941274,0.0707357845299712,0.07482993197278909,0.6770464219968568,21,21,0.8528236505286315,NS
ENSSSCG00000034174,1.529973170673926,1.643707196716302,0.11373402604237604,0.06575963718820865,0.7241018299255016,21,21,0.8813087398839223,NS
ENSSSCG00000002769,2.4409154131978004,1.7151028574208589,-0.7258125557769415,-0.12698412698412698,0.48845646238030205,21,21,0.730602101081082,NS
ENSSSCG00000022206,1.31755892112525,1.1313306999879786,-0.18622822113727144,-0.05215419501133778,0.7794956460447834,21,21,0.9109394814543041,NS
ENSSSCG00000013284,1.2802793908943242,0.9335242084804857,-0.3467551824138385,-0.11564625850340127,0.5290847821323126,21,21,0.7578908227272798,NS
ENSSSCG00000003617,1.2035567779316834,0.5198587732831766,-0.6836980046485067,-0.2585034013605443,0.1538218027431574,21,21,0.4064245299817456,NS
ENSSSCG00000015343,1.8137791673120336,0.8353221669786092,-0.9784570003334244,-0.39682539682539675,0.028603806558264035,21,21,0.18957442679377465,NS
ENSSSCG00000035934,0.959594620740011,0.6930900875299123,-0.2665045332100987,-0.18367346938775508,0.3132046991272296,21,21,0.5805420605146814,NS
ENSSSCG00000040562,0.8271815583924959,0.620904156239674,-0.20627740215282186,-0.26530612244897966,0.14096300533558292,21,21,0.3909587620683742,NS
ENSSSCG00000020988,0.9463475954549281,0.969852270850397,0.023504675395468966,0.0975056689342404,0.5868164929355671,21,21,0.8020643836497292,NS
ENSSSCG00000016119,1.8231785808425682,1.077868646605402,-0.7453099342371663,-0.2335600907029478,0.19797880644218824,21,21,0.4574984559108449,NS
ENSSSCG00000005257,1.2242265581254865,0.6694788137903667,-0.5547477443351199,-0.2743764172335601,0.12776362034356495,21,21,0.375196248097969,NS
ENSSSCG00000002032,0.8662350405736045,0.9190501644670329,0.05281512389342846,-0.06575963718820854,0.7241018299255016,21,21,0.8813087398839223,NS
ENSSSCG00000013352,1.0099189876013501,0.8147301258135664,-0.19518886178778372,-0.20181405895691618,0.2640574994951632,21,21,0.5334023694160247,NS
ENSSSCG00000015391,1.1578189010429731,1.525170155528014,0.3673512544850408,0.18367346938775508,0.3132046991272296,21,21,0.5805420605146814,NS
ENSSSCG00000034239,1.742858897102624,0.621889032913489,-1.120969864189135,-0.3242630385487528,0.07074355428597161,21,21,0.28004402781226817,NS
ENSSSCG00000038494,1.8138728228683791,1.3744339322424146,-0.43943889062596453,-0.1995464852607709,0.2738150795294414,21,21,0.5427250637307044,NS
ENSSSCG00000033377,1.7559162292888506,2.4448656192517353,0.6889493899628847,0.24943310657596374,0.1702055498182239,21,21,0.4261850217527077,NS
ENSSSCG00000011875,1.0233651233932657,0.5536869920750208,-0.4696781313182449,-0.24716553287981857,0.14649469157883127,21,21,0.39737191942696026,NS
ENSSSCG00000001533,1.1944384982910226,1.4962603603832474,0.30182186209222484,0.17913832199546487,0.32636023556569094,21,21,0.5929529726545689,NS
ENSSSCG00000034919,1.2255780546719097,0.46944391731549295,-0.7561341373564168,-0.40362811791383213,0.025005567773616604,21,21,0.1780582660160118,NS
ENSSSCG00000010574,0.5074192248110678,0.44523014234236447,-0.06218908246870336,-0.07029478458049887,0.6920512437008286,21,21,0.8620794501157952,NS
ENSSSCG00000011717,0.8752254079087413,0.7062600825830151,-0.16896532532572617,-0.08843537414965996,0.6286729537807132,21,21,0.8251293316812793,NS
ENSSSCG00000010672,1.6430426142399914,1.4899291539388086,-0.15311346030118278,0.0045351473922902175,0.9899641696611663,21,21,1.0,NS
ENSSSCG00000006848,2.0202772654599204,2.511252701244509,0.4909754357845886,0.2108843537414966,0.24718619158266164,21,21,0.5117165520743475,NS
ENSSSCG00000010692,1.4100909071905536,0.8862442867837462,-0.5238466204068074,-0.12698412698412698,0.4888975754648114,21,21,0.730602101081082,NS
ENSSSCG00000011511,1.0478865399494555,0.29732759836382083,-0.7505589415856346,-0.34013605442176864,0.05919286528490363,21,21,0.25790327958396714,NS
ENSSSCG00000040827,0.6057741426951915,0.4051806452203347,-0.20059349747485677,-0.24263038548752824,0.15411803206394584,21,21,0.4064245299817456,NS
ENSSSCG00000015582,0.4502476226185995,0.3570830265806726,-0.09316459603792693,-0.16099773242630389,0.34663966412740566,21,21,0.6109835806562186,NS
ENSSSCG00000008676,1.2143325523204753,1.3111676600802602,0.09683510775978488,0.0022675736961451642,1.0,21,21,1.0,NS
ENSSSCG00000002129,1.4173853274278638,0.5814893984117315,-0.8358959290161323,-0.2993197278911566,0.09548817443976296,21,21,0.3230024046631035,NS
ENSSSCG00000012006,1.2055089629589026,0.7673039432536949,-0.43820501970520775,-0.23809523809523814,0.18983191240363761,21,21,0.44742370252398683,NS
ENSSSCG00000038184,0.7880344708350219,0.5338546988800331,-0.25417977195498875,-0.26984126984126977,0.1245794945453775,21,21,0.3688590878463198,NS
ENSSSCG00000034844,1.1614194513865344,0.7290202655030463,-0.432399185883488,-0.11564625850340127,0.524574455695163,21,21,0.7578908227272798,NS
ENSSSCG00000028397,0.6498799233924194,0.5062879224985567,-0.1435920008938627,-0.19274376417233552,0.26742839487867,21,21,0.5349996098742043,NS
ENSSSCG00000008162,0.9184776984548529,0.18182045286070486,-0.736657245594148,-0.383219954648526,0.022415459855549654,21,21,0.16916397646762446,NS
ENSSSCG00000008518,1.8686283080418686,0.7096464038106008,-1.158981904231268,-0.4013605442176871,0.026504085799167954,21,21,0.18455372360206054,NS
ENSSSCG00000009859,1.5955899399216844,1.0784001010302036,-0.5171898388914808,-0.16553287981859421,0.3649497310428914,21,21,0.6272800312138134,NS
ENSSSCG00000004520,1.3670047807589956,0.4579680822892208,-0.9090366984697748,-0.3605442176870748,0.041952850896771934,21,21,0.2257227899230239,NS
ENSSSCG00000031716,1.0896354818112237,0.9747342866700068,-0.11490119514121688,0.009070294784580546,0.9698573244695138,21,21,0.9946937019528808,NS
ENSSSCG00000009101,1.8877025541999028,1.9406809027619285,0.05297834856202566,0.038548752834467126,0.8404999102503055,21,21,0.9396794525202588,NS
ENSSSCG00000021514,1.286352301701157,0.9427254138098041,-0.343626887891353,-0.12925170068027203,0.4811370743251654,21,21,0.7223387232262236,NS
ENSSSCG00000031142,0.5290506243345648,0.07518677808619137,-0.4538638462483735,-0.2902494331065759,0.05691923619984335,21,21,0.25599555905526455,NS
ENSSSCG00000002938,1.1370703859618658,0.5905032543059283,-0.5465671316559375,-0.256235827664399,0.15272624137047228,21,21,0.404206024614753,NS
ENSSSCG00000005030,1.569178043065055,0.7451176869674838,-0.8240603560975712,-0.2925170068027212,0.10690641056525081,21,21,0.34142639477651104,NS
ENSSSCG00000029569,0.7960595820401757,0.6969734390862572,-0.09908614295391849,-0.038548752834467015,0.8368116718359639,21,21,0.9396794525202588,NS
ENSSSCG00000033189,0.37179134962351934,0.44545820878738324,0.0736668591638639,0.08390022675736963,0.6283799869428244,21,21,0.8251293316812793,NS
ENSSSCG00000014009,1.2394059040403549,1.0347925821493638,-0.20461332189099113,-0.11111111111111116,0.5451044218068971,21,21,0.7703997318854171,NS
ENSSSCG00000002258,0.42779879068130194,0.4102072343416089,-0.01759155633969306,0.031746031746031744,0.8561519783451365,21,21,0.9490399532059208,NS
ENSSSCG00000013857,0.7738954681649158,0.8343193833339768,0.06042391516906098,-0.0748299319727892,0.6866479846748357,21,21,0.8572780981928975,NS
ENSSSCG00000015402,0.9386722267413509,0.8190378547386868,-0.11963437200266402,-0.0022675736961450532,1.0,21,21,1.0,NS
ENSSSCG00000022402,2.151193754674655,1.2601153895655532,-0.8910783651091017,-0.27210884353741505,0.13443823035165864,21,21,0.3837895381657837,NS
ENSSSCG00000011635,0.8678099249266082,0.1426389724162181,-0.7251709525103902,-0.30612244897959173,0.05781757512859126,21,21,0.25755101648190654,NS
ENSSSCG00000022865,1.2097078465889102,1.000509853006103,-0.20919799358280722,-0.08843537414965996,0.6315160795021741,21,21,0.8251293316812793,NS
ENSSSCG00000037332,1.154441145185999,0.28160418142175925,-0.8728369637642398,-0.3877551020408163,0.024805831478852177,21,21,0.1780582660160118,NS
ENSSSCG00000011501,1.8710199689641254,1.1833611242181126,-0.6876588447460128,-0.2335600907029478,0.19932996542039527,21,21,0.4574984559108449,NS
ENSSSCG00000023191,0.588049348344271,0.5059492190537179,-0.0821001292905531,-0.16553287981859421,0.30804833162332557,21,21,0.5777928949887948,NS
ENSSSCG00000013517,1.6044483206384474,2.0365963353100187,0.43214801467157127,0.21541950113378683,0.23688877701816125,21,21,0.49934320517832165,NS
ENSSSCG00000034265,1.9217011234763834,1.0126712782622025,-0.909029845214181,-0.3424036281179139,0.058997607547544004,21,21,0.25790327958396714,NS
ENSSSCG00000027701,1.2864544038672885,1.5918988533052036,0.30544444943791516,0.199546485260771,0.27315329589335635,21,21,0.5423535773743631,NS
ENSSSCG00000007951,1.0068729834081438,0.5356163611521589,-0.47125662225598486,-0.3424036281179139,0.05797053146521928,21,21,0.2577302954318887,NS
ENSSSCG00000025751,0.48185322339303854,0.10429362597436893,-0.3775595974186696,-0.3650793650793651,0.007053094605886709,21,21,0.09940098455645346,NS
ENSSSCG00000001963,1.1785130168283477,0.838946106613365,-0.33956691021498275,-0.04761904761904767,0.7996268499125092,21,21,0.9213153463710844,NS
ENSSSCG00000001342,0.5837027425457583,0.2707129884985094,-0.3129897540472489,-0.20634920634920628,0.234747248620913,21,21,0.49934320517832165,NS
ENSSSCG00000007061,0.42710300134610996,0.8476406064757391,0.4205376051296292,0.21541950113378683,0.22624287973915558,21,21,0.49084652942506357,NS
ENSSSCG00000037170,0.4299823578088652,0.4639859066118061,0.03400354880294093,-0.13378684807256236,0.424944416579935,21,21,0.6805741938480222,NS
ENSSSCG00000035318,1.4962558022088808,0.8387819047993679,-0.6574738974095129,-0.3015873015873016,0.09672310165033243,21,21,0.3231631520724199,NS
ENSSSCG00000012746,2.207806838271572,1.9526104318946802,-0.25519640637689167,-0.10657596371882083,0.5628712368271559,21,21,0.7833833809361512,NS
ENSSSCG00000016758,2.046239357446595,1.2571911828751088,-0.7890481745714861,-0.26077097505668934,0.1514414683532569,21,21,0.401864822689913,NS
ENSSSCG00000000379,1.7254858917735272,1.2726937981395292,-0.45279209363399797,-0.21995464852607705,0.22566323068753624,21,21,0.49084652942506357,NS
ENSSSCG00000038250,0.8943174440698209,0.8572047390425622,-0.03711270502725872,0.06575963718820865,0.7065817181634668,21,21,0.8696000334771049,NS
ENSSSCG00000016565,1.6634804150398412,1.1235685062058869,-0.5399119088339543,-0.19727891156462585,0.2793093317664517,21,21,0.5446243796584893,NS
ENSSSCG00000009390,0.8267272980072816,0.411490716465703,-0.4152365815415786,-0.383219954648526,0.025282234032766183,21,21,0.17843222784441976,NS
ENSSSCG00000008980,1.0370997361853642,0.7276035137729913,-0.30949622241237296,-0.1428571428571428,0.43324713902920076,21,21,0.6880757384611778,NS
ENSSSCG00000005204,0.6427030565439891,0.34264668716879904,-0.30005636937519004,-0.049886621315192725,0.7903016451291253,21,21,0.9193218203428043,NS
ENSSSCG00000023548,1.6883869473830477,1.3680158489204624,-0.3203710984625854,-0.038548752834467015,0.8403786291520768,21,21,0.9396794525202588,NS
ENSSSCG00000002877,0.8417651906920364,0.49941028102998386,-0.3423549096620525,-0.1360544217687074,0.4452099570807201,21,21,0.6984759079638868,NS
ENSSSCG00000006176,1.7926272862751256,1.993935239815327,0.20130795354020137,0.10657596371882083,0.5628079392840412,21,21,0.7833833809361512,NS
ENSSSCG00000001578,1.0983525406012977,0.17144212177141488,-0.9269104188298829,-0.5963718820861679,0.0008225189812818746,21,21,0.04179614971550859,NS
ENSSSCG00000006461,1.2796110314588245,0.508696738730498,-0.7709142927283265,-0.3424036281179139,0.05797053146521928,21,21,0.2577302954318887,NS
ENSSSCG00000000205,0.3628503454769418,0.5429555048014583,0.18010515932451648,0.22675736961451243,0.18741355883793986,21,21,0.44594416012080035,NS
ENSSSCG00000017316,0.9525268125524378,0.3532197446096367,-0.5993070679428011,-0.28344671201814053,0.11800400339195438,21,21,0.3593522290120254,NS
ENSSSCG00000004680,0.2454111381051609,0.4638473504117666,0.2184362123066057,-0.01133786848072571,0.9481297336002291,21,21,0.9854802988632684,NS
ENSSSCG00000025206,0.9156288142611376,0.9396922963377105,0.02406348207657283,-0.0226757369614512,0.9088130835624911,21,21,0.9723776954743334,NS
ENSSSCG00000011207,2.04263537163082,2.1925552458752873,0.14991987424446718,0.07482993197278909,0.6872740840154342,21,21,0.8572780981928975,NS
ENSSSCG00000021774,1.0025931964821264,0.5091432268108966,-0.4934499696712298,-0.20634920634920628,0.24661906406501422,21,21,0.5117165520743475,NS
ENSSSCG00000034510,0.7367328638828172,0.4465496939764023,-0.2901831699064149,-0.2108843537414966,0.21612047105591858,21,21,0.47992085027495884,NS
ENSSSCG00000036438,1.3820797597607442,0.5717488262053136,-0.8103309335554305,-0.3015873015873016,0.07594792149775423,21,21,0.2919520882220497,NS
ENSSSCG00000009385,0.6569544270967015,0.13935926887326622,-0.5175951582234353,-0.3197278911564625,0.057078269200239236,21,21,0.2560869370265802,NS
ENSSSCG00000012742,1.3285551016050716,0.7874258049777186,-0.541129296627353,-0.3718820861678005,0.04026461223397488,21,21,0.2229777250509772,NS
ENSSSCG00000011454,2.1261914676015614,0.9493274657154102,-1.1768640018861514,-0.4467120181405895,0.01361504730764377,21,21,0.1343665870929123,NS
ENSSSCG00000000059,1.4183185323205532,1.0516980499184083,-0.36662048240214484,-0.18367346938775508,0.314108991078889,21,21,0.5805420605146814,NS
ENSSSCG00000003973,0.5874213564893507,0.6492375071288817,0.06181615063953105,-0.11337868480725621,0.5260606191301914,21,21,0.7578908227272798,NS
ENSSSCG00000036454,0.6599787411263343,0.005815729014143856,-0.6541630121121904,-0.3378684807256236,0.009495235003731051,21,21,0.1161780757609714,NS
ENSSSCG00000032023,0.5842491718500608,0.4416134179950609,-0.14263575385499988,-0.23582766439909286,0.16155774865934325,21,21,0.4147777529203198,NS
ENSSSCG00000025876,0.6745874464972887,0.27536458271237974,-0.399222863784909,-0.3242630385487528,0.056243543295972406,21,21,0.2536691038858453,NS
ENSSSCG00000004046,0.9327760054385237,0.7030521011949535,-0.22972390424357014,-0.1995464852607709,0.25431007957038787,21,21,0.523043811063583,NS
ENSSSCG00000001798,1.1793061210712972,1.0394337217139795,-0.13987239935731766,-0.10884353741496589,0.5543972446915157,21,21,0.7793371103655323,NS
ENSSSCG00000015080,1.3349185910112087,0.6847443369688092,-0.6501742540423995,-0.31065759637188206,0.08562018062844297,21,21,0.3091496418228523,NS
ENSSSCG00000015494,1.6703089271871587,0.9281333106004743,-0.7421756165866844,-0.3015873015873016,0.09658782195840535,21,21,0.3231631520724199,NS
ENSSSCG00000037241,1.6115905739194727,1.8580007854733942,0.2464102115539215,0.11337868480725621,0.537669744171811,21,21,0.766662740598342,NS
ENSSSCG00000039049,1.334406628897054,1.2335428179832104,-0.10086381091384355,-0.13378684807256236,0.46166547865015306,21,21,0.7103857207086134,NS
ENSSSCG00000000847,0.8454560340709953,0.5915962208795235,-0.2538598131914719,0.3650793650793651,0.042291478867449835,21,21,0.22642074212794946,NS
ENSSSCG00000011039,1.2744807793138004,0.5708311598544951,-0.7036496194593054,-0.3764172335600906,0.035744444217775645,21,21,0.21156763359270142,NS
ENSSSCG00000030335,1.2701857920278725,0.8626254999624201,-0.4075602920654524,-0.14965986394557818,0.41046113377130167,21,21,0.6694634754329837,NS
ENSSSCG00000012279,0.7413990840727688,0.6263565663116862,-0.11504251776108254,-0.15646258503401356,0.38136334568104857,21,21,0.6442138762304834,NS
ENSSSCG00000005440,1.1766353358060702,2.3691259215977314,1.1924905857916612,0.4331065759637188,0.016839993091469285,21,21,0.1460154885656336,NS
ENSSSCG00000028920,0.583431179407438,0.5352415110613314,-0.04818966834610661,-0.2108843537414966,0.24296077637176272,21,21,0.5090748093800526,NS
ENSSSCG00000024022,0.5488890423527272,0.5300687691923291,-0.018820273160398027,-0.061224489795918435,0.7350589515443476,21,21,0.8887036319341249,NS
ENSSSCG00000014195,1.6774800069432185,0.7452072392226866,-0.9322727677205319,-0.43764172335600904,0.015652874331212468,21,21,0.14112162579966475,NS
ENSSSCG00000016517,1.5081782326625552,2.1518227422706504,0.6436445096080952,0.18367346938775508,0.31194095484834594,21,21,0.5805420605146814,NS
ENSSSCG00000013366,1.7481836544936662,2.2990992244902286,0.5509155699965624,0.15873015873015872,0.38527124089260933,21,21,0.6488711368099398,NS
ENSSSCG00000014221,1.0767952373071599,0.04634017281087677,-1.030455064496283,-0.5782312925170068,0.00039736390892400005,21,21,0.031696702502542334,Down (PA<IVF)
ENSSSCG00000003815,1.2007019135749146,0.5171362647857582,-0.6835656487891564,-0.18367346938775508,0.30706230368800524,21,21,0.5772670329678585,NS
ENSSSCG00000009226,1.909490438401084,1.254006817954629,-0.6554836204464549,-0.2675736961451247,0.1411098972130167,21,21,0.3909587620683742,NS
ENSSSCG00000010493,0.6998119003108821,0.4474910355772672,-0.2523208647336149,-0.4240362811791383,0.00739931224328677,21,21,0.10296000403437573,NS
ENSSSCG00000008613,0.5391498628332866,0.2639555383017376,-0.27519432453154896,-0.26077097505668934,0.09432176988149372,21,21,0.32054839734005713,NS
ENSSSCG00000017415,1.0952323259545291,1.1462175714596836,0.050985245505154486,0.0045351473922902175,0.9899302492709762,21,21,1.0,NS
ENSSSCG00000011853,1.1075140983991671,0.895063649007278,-0.21245044939188917,0.1428571428571429,0.43324713902920076,21,21,0.6880757384611778,NS
ENSSSCG00000025708,0.5577661733052389,0.6434649624459693,0.08569878914073037,0.07709750566893425,0.6693790067456737,21,21,0.8451941811660817,NS
ENSSSCG00000002412,0.9855618713695036,0.8186271840444794,-0.16693468732502414,-0.0748299319727892,0.6828609401690852,21,21,0.8572780981928975,NS
ENSSSCG00000013298,1.7236026438269962,1.4043173901250985,-0.31928525370189775,-0.1201814058956916,0.5092806835153012,21,21,0.7460214807570579,NS
ENSSSCG00000004511,1.6912268815600253,1.0292213133789279,-0.6620055681810975,-0.19727891156462585,0.27899737479423703,21,21,0.5446243796584893,NS
ENSSSCG00000003105,2.3308660722278027,1.959280416292349,-0.3715856559354538,-0.08390022675736963,0.6502270545632053,21,21,0.8344026504702031,NS
ENSSSCG00000009322,0.7685470229427213,0.37102065268622036,-0.3975263702565009,-0.3764172335600906,0.03445569174718443,21,21,0.2067186606092017,NS
ENSSSCG00000017795,2.4428312954973377,2.2325509714843763,-0.21028032401296137,-0.16553287981859421,0.36514408957445854,21,21,0.6272800312138134,NS
ENSSSCG00000021818,1.219998811597463,0.8537032675607263,-0.3662955440367366,-0.18367346938775508,0.31194095484834594,21,21,0.5805420605146814,NS
ENSSSCG00000027722,1.2969330731418485,0.6260109326773104,-0.670922140464538,-0.3650793650793651,0.042291478867449835,21,21,0.22642074212794946,NS
ENSSSCG00000016086,1.2057248033031247,1.145756114936199,-0.059968688366925704,0.07709750566893425,0.6776591427159724,21,21,0.8528236505286315,NS
ENSSSCG00000006625,1.076218669283175,0.7998079333228354,-0.2764107359603396,0.038548752834467126,0.8403786291520768,21,21,0.9396794525202588,NS
ENSSSCG00000012623,0.3105920945320878,0.7906548812635046,0.4800627867314168,0.2108843537414966,0.21117065261902357,21,21,0.4741835276486094,NS
ENSSSCG00000033291,1.6110179726668692,1.3525802516718584,-0.25843772099501083,-0.09297052154195007,0.6148262244869211,21,21,0.8157225327032747,NS
ENSSSCG00000005208,1.957411243836523,1.6598675595256982,-0.2975436843108248,-0.12471655328798192,0.4969382406152195,21,21,0.7336937392345346,NS
ENSSSCG00000009501,1.9977090756626934,0.855574805187452,-1.1421342704752413,-0.45578231292517013,0.011139226285727452,21,21,0.1224600838462986,NS
ENSSSCG00000006304,0.6931107453338686,0.8841438571359778,0.19103311180210913,-0.0022675736961450532,1.0,21,21,1.0,NS
ENSSSCG00000005219,1.6488384796384092,1.8785703095788944,0.22973182994048513,0.07482993197278909,0.6873220903878915,21,21,0.8572780981928975,NS
ENSSSCG00000005349,0.8573797776860395,0.48041820660454787,-0.3769615710814916,-0.26077097505668934,0.12129751871642046,21,21,0.36503781594993057,NS
ENSSSCG00000038877,0.9815386969095071,0.348223965209342,-0.6333147317001651,-0.44217687074829937,0.01290528992013766,21,21,0.13040376222420583,NS
ENSSSCG00000011125,0.5505415357457901,0.5554155063427477,0.0048739705969576,-0.04761904761904767,0.7946242169074351,21,21,0.9213153463710844,NS
ENSSSCG00000034811,1.209672532093102,0.7348487402828218,-0.47482379181028034,-0.3650793650793651,0.042759763883253435,21,21,0.22820080593393485,NS
ENSSSCG00000028877,1.5741022832755251,0.6946382646641824,-0.8794640186113427,-0.4104308390022675,0.022343892470784592,21,21,0.16880958408544308,NS
ENSSSCG00000028047,0.3638681952752997,0.21950604740430432,-0.14436214787099536,-0.19274376417233552,0.27105574226358686,21,21,0.5391250773929271,NS
ENSSSCG00000009074,0.6855657435499971,0.6204963039388167,-0.06506943961118039,-0.2335600907029478,0.16057053716763647,21,21,0.4125520168426915,NS
ENSSSCG00000005282,1.5623932921193795,1.4972323428886745,-0.06516094923070503,-0.08390022675736963,0.6506375130102705,21,21,0.8344026504702031,NS
ENSSSCG00000028504,1.0796308212609957,0.7114856309616191,-0.36814519029937665,-0.31746031746031744,0.07690363552385919,21,21,0.29406852825734336,NS
ENSSSCG00000014003,0.516384693266505,0.4036459797297792,-0.11273871353672582,-0.07709750566893425,0.6603550238320268,21,21,0.8429541242068672,NS
ENSSSCG00000024626,0.5331042988343531,0.620397911074469,0.08729361224011589,0.031746031746031744,0.8597595120295256,21,21,0.9490399532059208,NS
ENSSSCG00000004454,1.5818499481950103,1.1596208559898247,-0.4222290922051857,-0.0975056689342404,0.595517325922793,21,21,0.8062920726419195,NS
ENSSSCG00000017311,2.322869341447634,1.8740220921661344,-0.44884724928149966,-0.15873015873015883,0.38544458928578784,21,21,0.6488711368099398,NS
ENSSSCG00000014023,0.5440448690208177,0.46307302993578797,-0.08097183908502975,-0.10657596371882083,0.5436440139029455,21,21,0.7703997318854171,NS
ENSSSCG00000034994,0.843236431531347,0.5163476543318167,-0.32688877719953024,-0.22448979591836737,0.19190874468480956,21,21,0.44916205681944515,NS
ENSSSCG00000029257,1.1531267907461107,1.1946719239605907,0.04154513321448006,-0.0793650793650793,0.6642177217442886,21,21,0.8447545916162275,NS
ENSSSCG00000037309,2.905680371516017,2.1842740116564525,-0.7214063598595644,-0.17913832199546476,0.32647790350951655,21,21,0.5929529726545689,NS
ENSSSCG00000025316,0.42247044829507424,0.17619544189274877,-0.24627500640232547,-0.19727891156462585,0.23678834202527776,21,21,0.49934320517832165,NS
ENSSSCG00000039656,0.6113822140544369,0.28601153516462313,-0.3253706788898138,-0.1428571428571428,0.4130428177036224,21,21,0.6728743123834836,NS
ENSSSCG00000021834,1.35589756026529,1.002341621261944,-0.35355593900334603,-0.08390022675736963,0.6504258436811943,21,21,0.8344026504702031,NS
ENSSSCG00000038171,1.6113063621520858,0.9976489680204883,-0.6136573941315975,-0.20861678004535156,0.2523614009790499,21,21,0.520348425222808,NS
ENSSSCG00000006726,1.7306134024173123,1.0080976635718972,-0.7225157388454151,-0.3265306122448979,0.07196102711742085,21,21,0.2838715618318039,NS
ENSSSCG00000031072,1.3204948985263258,0.7314740848982764,-0.5890208136280495,-0.20181405895691618,0.2640574994951632,21,21,0.5334023694160247,NS
ENSSSCG00000014950,0.5651456952486539,0.438551355284178,-0.1265943399644759,0.15646258503401356,0.3693107100639098,21,21,0.6335262493219358,NS
ENSSSCG00000004765,0.9003627620636944,1.2086831667090576,0.30832040464536326,0.18367346938775508,0.3086324146444973,21,21,0.5777928949887948,NS
ENSSSCG00000008850,1.1070819485686996,1.1888437320827354,0.08176178351403585,0.0226757369614512,0.9097438060076168,21,21,0.9723776954743334,NS
ENSSSCG00000025152,1.3258152771042577,1.0679031638989127,-0.257912113205345,-0.1020408163265305,0.578117381890404,21,21,0.794449839978317,NS
ENSSSCG00000010691,0.5712969041512358,0.3880090386375542,-0.1832878655136816,-0.4058956916099774,0.015556349107065326,21,21,0.14112162579966475,NS
ENSSSCG00000006902,1.8045865101730683,2.2049995514223477,0.40041304124927946,0.06575963718820865,0.723409932078233,21,21,0.8813087398839223,NS
ENSSSCG00000002050,0.868018377428759,0.6913493996285854,-0.17666897780017354,-0.14739229024943312,0.4048482054188862,21,21,0.664517472366019,NS
ENSSSCG00000008449,1.8157396058888184,1.2987173099997558,-0.5170222958890627,-0.23129251700680276,0.20331267276053044,21,21,0.4645985793261955,NS
ENSSSCG00000006031,0.473588362612121,0.5183087789433863,0.044720416331265334,0.0113378684807256,0.956117991086137,21,21,0.9869209896448123,NS
ENSSSCG00000025290,1.5952674063019332,1.2275157404933776,-0.36775166580855556,-0.05215419501133778,0.7815166602435409,21,21,0.9109394814543041,NS
ENSSSCG00000038941,2.325874387733829,3.0582921245474792,0.7324177368136504,0.2290249433106576,0.20809989121573869,21,21,0.46888391299875337,NS
ENSSSCG00000005022,1.578665559739141,0.98356996460822,-0.595095595130921,-0.17460317460317465,0.33903531322411284,21,21,0.6008056035381634,NS
ENSSSCG00000004936,1.9325235927550157,1.8894778567512651,-0.04304573600375061,0.038548752834467126,0.8405062858111236,21,21,0.9396794525202588,NS
ENSSSCG00000009069,0.5001445603037384,0.5291974385317728,0.029052878228034373,-0.22222222222222232,0.2037390193779477,21,21,0.4650271758204758,NS
ENSSSCG00000014980,0.7554366560200838,0.3404300492918124,-0.4150066067282714,-0.256235827664399,0.1128260197719551,21,21,0.3499967010457579,NS
ENSSSCG00000009055,1.5344191635572102,1.3755141089363196,-0.15890505462089055,-0.10430839002267578,0.5708443083168177,21,21,0.7915892369220475,NS
ENSSSCG00000036401,0.9689675137778386,0.47282432407440983,-0.4961431897034288,-0.3378684807256236,0.06139475282554807,21,21,0.2648855373479621,NS
ENSSSCG00000014387,2.3280516586096973,1.485909988276249,-0.8421416703334483,-0.24263038548752824,0.18237749893829314,21,21,0.4396192289203178,NS
ENSSSCG00000002332,1.466600728383941,1.0135322064028336,-0.4530685219811075,-0.12471655328798192,0.4968335638333953,21,21,0.7336937392345346,NS
ENSSSCG00000004951,1.181433243012822,0.8506767924743069,-0.3307564505385151,-0.18140589569161003,0.31713550162129,21,21,0.5846679766519886,NS
ENSSSCG00000038649,0.5305085087467373,0.3981103471105432,-0.13239816163619406,-0.14739229024943312,0.37863661220050027,21,21,0.6403962425284595,NS
ENSSSCG00000023862,0.6603283831868868,0.1608143983964682,-0.49951398479041864,-0.4467120181405895,0.006274805779589772,21,21,0.0970573284442826,NS
ENSSSCG00000011579,1.260756451386843,1.4109567581727733,0.15020030678593033,0.14512471655328796,0.42746800722907363,21,21,0.6837096128681384,NS
ENSSSCG00000038953,1.1399170007132964,0.6920744478652511,-0.4478425528480453,-0.15192743764172345,0.40539238919275344,21,21,0.664517472366019,NS
ENSSSCG00000028431,1.8825136813564596,1.163970249184222,-0.7185434321722375,-0.26530612244897966,0.144230545109788,21,21,0.3939827031871146,NS
ENSSSCG00000023850,0.6271090409216689,0.6608461232317184,0.03373708231004957,0.10204081632653061,0.5613031802454767,21,21,0.7833833809361512,NS
ENSSSCG00000012348,1.3389764241026934,0.9959079544890757,-0.3430684696136177,-0.07709750566893425,0.6776591427159724,21,21,0.8528236505286315,NS
ENSSSCG00000012655,1.4566533936951622,0.7330869154792463,-0.7235664782159159,-0.26984126984126977,0.1368649657798682,21,21,0.3858781529159893,NS
ENSSSCG00000001008,1.2923769668701015,1.4711368366064808,0.17875986973637925,0.11111111111111116,0.5451044218068971,21,21,0.7703997318854171,NS
ENSSSCG00000013419,1.9927778525505693,1.7526009890858976,-0.2401768634646717,-0.20634920634920628,0.25724503687757017,21,21,0.523503631199315,NS
ENSSSCG00000009502,1.5946553268210337,1.9018629567420962,0.30720762992106243,0.1541950113378685,0.3991954845862823,21,21,0.661707359039476,NS
ENSSSCG00000027607,1.0899271139912128,0.7920436789600475,-0.2978834350311653,-0.16099773242630389,0.3675172240621074,21,21,0.6306073429379832,NS
ENSSSCG00000012463,2.052053129850778,1.4314941225100366,-0.6205590073407414,-0.3151927437641724,0.08255898310938571,21,21,0.3023991346304046,NS
ENSSSCG00000031796,1.1092877086256077,0.736615437252591,-0.3726722713730166,-0.3537414965986394,0.051133199767015726,21,21,0.24444163791061174,NS
ENSSSCG00000011529,2.0020539208160724,1.43882488184748,-0.5632290389685923,-0.27210884353741505,0.13429614391631503,21,21,0.3837032683323287,NS
ENSSSCG00000021739,1.832240725117033,1.2298871865363565,-0.6023535385806764,-0.21541950113378694,0.23700282758848334,21,21,0.49934320517832165,NS
ENSSSCG00000027342,1.9834130131852892,1.3222341956154062,-0.661178817569883,-0.24263038548752824,0.18237749893829314,21,21,0.4396192289203178,NS
ENSSSCG00000027327,0.45638963792440235,0.2990843209445951,-0.15730531697980726,-0.027210884353741527,0.8741454750174544,21,21,0.9581000128681301,NS
ENSSSCG00000007857,1.1789753414989543,1.2157142228668891,0.036738881367934795,0.1655328798185941,0.36475520069413103,21,21,0.6272800312138134,NS
ENSSSCG00000002904,0.4824283871197193,0.2411785308785342,-0.2412498562411851,-0.14058956916099774,0.42993443999580416,21,21,0.6861560578406583,NS
ENSSSCG00000005467,1.1080369944104913,0.16547801041260388,-0.9425589839978874,-0.4920634920634921,0.0049333444232758554,21,21,0.08439586719120291,NS
ENSSSCG00000016279,0.8420829593696898,0.29002865356775676,-0.552054305801933,-0.22448979591836737,0.1776167054779434,21,21,0.4351609284209613,NS
ENSSSCG00000037663,0.8542079400610737,0.516460481673156,-0.33774745838791775,-0.30612244897959173,0.09116737971441535,21,21,0.3146040991494828,NS
ENSSSCG00000040835,1.8279838533852044,0.6901391369674537,-1.1378447164177508,-0.41496598639455784,0.020896264056342474,21,21,0.16355258052360333,NS
ENSSSCG00000017787,0.43749286152820294,0.29369935046524287,-0.14379351106296007,-0.2108843537414966,0.24167507296546087,21,21,0.5074658709957336,NS
ENSSSCG00000009671,2.37333237182956,1.7805519615278105,-0.5927804103017495,-0.1383219954648527,0.4503722714184736,21,21,0.6984759079638868,NS
ENSSSCG00000016134,2.3918318276748995,1.4471846176879097,-0.9446472099869898,-0.2585034013605443,0.15464368037000922,21,21,0.40739464183497054,NS
ENSSSCG00000038095,0.9500993437261684,1.0268784463148728,0.07677910258870435,0.024943310657596363,0.8997656140713666,21,21,0.965040287671819,NS
ENSSSCG00000026559,0.43111286320551656,0.14192260644800495,-0.28919025675751164,-0.26984126984126977,0.10453424695575138,21,21,0.33873638834031855,NS
ENSSSCG00000006626,1.7220648562233822,2.00524266378931,0.2831778075659279,0.14058956916099774,0.44291436576092413,21,21,0.6968865733639436,NS
ENSSSCG00000016902,1.2354223814821363,0.9356354420247021,-0.2997869394574343,-0.11564625850340127,0.5288338210689667,21,21,0.7578908227272798,NS
ENSSSCG00000022649,0.9246826770527994,1.1159840523919453,0.19130137533914593,-0.015873015873015817,0.9397062839174498,21,21,0.9783494422867809,NS
ENSSSCG00000030679,1.0384853443261508,1.2451620985360112,0.20667675420986042,-0.006802721088435382,0.9798324698955457,21,21,0.9954575561004508,NS
ENSSSCG00000033245,2.4862022179621954,2.3506984121342906,-0.13550380582790478,-0.11111111111111116,0.545952927901969,21,21,0.7703997318854171,NS
ENSSSCG00000030026,1.0165579987238518,1.001047507475447,-0.015510491248404756,-0.0748299319727892,0.6828609401690852,21,21,0.8572780981928975,NS
ENSSSCG00000004405,2.077273740694944,1.2463074246968344,-0.8309663159981096,-0.2925170068027212,0.10660713250149167,21,21,0.34142639477651104,NS
ENSSSCG00000014170,2.156497958662617,0.8685298249335767,-1.2879681337290405,-0.399092970521542,0.02750640157187849,21,21,0.18775513908764818,NS
ENSSSCG00000038990,1.0086932051031365,0.23975001113581978,-0.7689431939673168,-0.39682539682539675,0.022614459311081785,21,21,0.1702910986542492,NS
ENSSSCG00000007312,0.7462023636533669,0.43183644764223317,-0.31436591601113373,-0.33333333333333326,0.05391052320562889,21,21,0.2500515139895972,NS
ENSSSCG00000015324,0.29484784282755805,0.16567942147695747,-0.12916842135060058,-0.21541950113378694,0.09948756882465666,21,21,0.32970276431746115,NS
ENSSSCG00000028512,0.7251183029642144,0.2940039541683885,-0.43111434879582594,-0.399092970521542,0.021848658667983547,21,21,0.1674730894955559,NS
ENSSSCG00000039058,0.7749284589074485,1.0422987512534045,0.267370292345956,0.07482993197278909,0.6770464219968568,21,21,0.8528236505286315,NS
ENSSSCG00000001107,1.1545741264112357,1.2538086544882825,0.0992345280770468,-0.04308390022675734,0.8208176570331688,21,21,0.9318998211511518,NS
ENSSSCG00000035124,1.4569917508257682,0.9300147508527252,-0.5269769999730429,-0.1882086167800454,0.3019680827111074,21,21,0.5703026187481536,NS
ENSSSCG00000015434,1.7075789400058246,1.3776843086756503,-0.32989463133017427,0.015873015873015928,0.9397062839174498,21,21,0.9783494422867809,NS
ENSSSCG00000034655,0.9798194670359244,0.5880001070941085,-0.3918193599418158,-0.23809523809523814,0.1575256750635705,21,21,0.4089176259717459,NS
ENSSSCG00000026318,1.6949689093220388,1.091560201489908,-0.6034087078321309,-0.32879818594104315,0.06874623348215554,21,21,0.27842598868122526,NS
ENSSSCG00000010854,0.6373103413766764,0.4145204214140255,-0.2227899199626509,-0.15646258503401356,0.38136334568104857,21,21,0.6442138762304834,NS
ENSSSCG00000033199,1.3956333230094473,1.443054426655478,0.04742110364603058,0.05215419501133789,0.7816984321199989,21,21,0.9109394814543041,NS
ENSSSCG00000011508,1.0290103962509565,0.647829747562324,-0.38118064868863244,-0.20634920634920628,0.2414390035591597,21,21,0.5071965106770268,NS
ENSSSCG00000000782,2.731712453296584,2.9969882440306086,0.2652757907340244,0.061224489795918324,0.7436091682859154,21,21,0.8907689783709924,NS
ENSSSCG00000008414,1.7280060872779313,1.4404029190446122,-0.2876031682333191,-0.18594104308390014,0.3082747742377224,21,21,0.5777928949887948,NS
ENSSSCG00000001511,0.6611649065351716,0.4227840949756035,-0.23838081155956808,-0.20408163265306123,0.22643988606686316,21,21,0.49084652942506357,NS
ENSSSCG00000039802,1.2014769401627874,0.4603359616275951,-0.7411409785351923,-0.4240362811791383,0.0187259692894854,21,21,0.15366046570080125,NS
ENSSSCG00000023380,1.2286897908377075,1.6583119630539505,0.429622172216243,0.13378684807256236,0.46166547865015306,21,21,0.7103857207086134,NS
ENSSSCG00000028080,1.5338333694453812,0.8920790408446099,-0.6417543286007713,-0.2335600907029478,0.19887410571769715,21,21,0.4574984559108449,NS
ENSSSCG00000002509,1.10367429635995,0.5257866006213328,-0.5778876957386172,-0.3197278911564625,0.07680613822450842,21,21,0.29402349789069626,NS
ENSSSCG00000022417,1.9198444436544204,1.7965402175445095,-0.12330422610991087,-0.006802721088435382,0.9799274874348569,21,21,0.9954575561004508,NS
ENSSSCG00000001488,2.728940272522837,2.026673757824384,-0.702266514698453,-0.2403628117913832,0.18659145054235982,21,21,0.4452517959821363,NS
ENSSSCG00000004422,1.3842572127470596,1.0500508928481824,-0.33420631989887717,-0.1768707482993197,0.33114558171423614,21,21,0.5995404303403695,NS
ENSSSCG00000022419,2.20283555418059,3.2822981921818104,1.0794626380012202,0.3492063492063492,0.054292930407735945,21,21,0.25030208507867513,NS
ENSSSCG00000039317,0.9516213540998202,0.12068033517115337,-0.8309410189286668,-0.4104308390022675,0.014431376253355246,21,21,0.1374145078012505,NS
ENSSSCG00000020671,1.1165386242083581,1.2914832941548466,0.1749446699464885,0.05442176870748294,0.7723497206715801,21,21,0.9077127092354017,NS
ENSSSCG00000039012,0.9749416936822528,0.6045290694643134,-0.3704126242179394,-0.1882086167800454,0.29801329780208374,21,21,0.568038683779465,NS
ENSSSCG00000000920,1.484612204191673,0.5990146839708762,-0.8855975202207967,-0.3718820861678005,0.036701842372733016,21,21,0.21234539296334817,NS
ENSSSCG00000032397,1.28820314965781,0.5533730948277613,-0.7348300548300486,-0.2335600907029478,0.19731950245483287,21,21,0.4574984559108449,NS
ENSSSCG00000031288,1.4188315078756664,1.43828871842923,0.01945721055356353,0.11564625850340138,0.5290847821323126,21,21,0.7578908227272798,NS
ENSSSCG00000002821,1.9983680094889222,2.1915125274435385,0.1931445179546163,0.12471655328798181,0.49699055477826104,21,21,0.7336937392345346,NS
ENSSSCG00000010301,1.3345903647087207,0.4693642646828877,-0.865226100025833,-0.4104308390022675,0.022899641491945056,21,21,0.1714973151034313,NS
ENSSSCG00000008601,0.49239065984630837,0.39745830869833493,-0.09493235114797344,-0.17006802721088432,0.2774786921487632,21,21,0.5446243796584893,NS
ENSSSCG00000004584,0.9955334935457555,0.6119415772005302,-0.38359191634522527,-0.3560090702947847,0.04896919576696718,21,21,0.24014966087687317,NS
ENSSSCG00000014881,1.82022525604072,1.4248793913868898,-0.39534586465383015,-0.0975056689342404,0.597162960351861,21,21,0.8062920726419195,NS
ENSSSCG00000021426,0.6230209725375422,0.14905057376346229,-0.47397039877407987,-0.23582766439909286,0.10420881465857676,21,21,0.3381882715630629,NS
ENSSSCG00000012077,1.6697480580858375,1.8220336230098828,0.15228556492404532,0.13832199546485258,0.4482305419424436,21,21,0.6984759079638868,NS
ENSSSCG00000009638,0.2795804449581879,0.38106828424945266,0.10148783929126476,-0.12925170068027203,0.4558561458921797,21,21,0.7054304445793713,NS
ENSSSCG00000023366,1.0689641346870244,1.2175915040413703,0.14862736935434584,0.009070294784580546,0.9698878812365527,21,21,0.9946937019528808,NS
ENSSSCG00000013786,0.3607617020708614,0.09350604626342948,-0.26725565580743194,-0.26530612244897966,0.05921248765958429,21,21,0.25790327958396714,NS
ENSSSCG00000009610,2.6629323437843975,1.8154742976799578,-0.8474580461044396,-0.17233560090702937,0.344821861770654,21,21,0.6093308137361777,NS
ENSSSCG00000002296,0.7108045002758969,0.4692504845773064,-0.24155401569859053,-0.26077097505668934,0.12129751871642046,21,21,0.36503781594993057,NS
ENSSSCG00000037746,1.848179087062612,2.2952589060559436,0.4470798189933316,0.16780045351473927,0.3585028000187661,21,21,0.6226149893996799,NS
ENSSSCG00000037002,2.1110695863047364,1.6448983812395581,-0.4661712050651783,-0.15192743764172345,0.4064599583160081,21,21,0.664517472366019,NS
ENSSSCG00000013321,1.1757334931394587,0.6421939267494018,-0.533539566390057,-0.28344671201814053,0.11800400339195438,21,21,0.3593522290120254,NS
ENSSSCG00000023451,2.130954379687443,2.047059805965476,-0.08389457372196674,0.04081632653061229,0.8306168708924009,21,21,0.938943668250364,NS
ENSSSCG00000024299,1.5562824939635729,0.7742396856090517,-0.7820428083545212,-0.3015873015873016,0.09672310165033243,21,21,0.3231631520724199,NS
ENSSSCG00000002930,0.8837407646417356,0.6825474622085748,-0.2011933024331608,-0.31065759637188206,0.08504386226731797,21,21,0.30818853415414754,NS
ENSSSCG00000032445,0.27382925716464906,0.7224151372548403,0.44858588009019124,0.2675736961451247,0.07942798611539395,21,21,0.29856218342553564,NS
ENSSSCG00000012583,1.21506306356035,0.9638900945209986,-0.2511729690393515,-0.15192743764172345,0.4063838890756165,21,21,0.664517472366019,NS
ENSSSCG00000027770,0.5632757256159898,0.34287502987753754,-0.22040069573845228,-0.23129251700680276,0.1857083686026645,21,21,0.4452517959821363,NS
ENSSSCG00000025943,1.549531269890154,1.2887731435360676,-0.26075812635408635,-0.17460317460317465,0.3347681362503476,21,21,0.6008056035381634,NS
ENSSSCG00000022895,2.150733264978657,2.285226168486366,0.13449290350770893,0.0975056689342404,0.597311573194272,21,21,0.8062920726419195,NS
ENSSSCG00000011183,1.398624074322069,1.417095656192141,0.01847158187007203,0.06575963718820865,0.7241018299255016,21,21,0.8813087398839223,NS
ENSSSCG00000020805,0.8320860239102933,0.08839964276302284,-0.7436863811472705,-0.6281179138321995,9.328866331505874e-05,21,21,0.015767392721899653,NS
ENSSSCG00000014219,2.5584648822304,2.3372512626875257,-0.22121361954287444,-0.038548752834467015,0.840282685261023,21,21,0.9396794525202588,NS
ENSSSCG00000036314,1.888373022492209,0.9089765454826239,-0.9793964770095852,-0.3696145124716552,0.0415554081990071,21,21,0.2244664069512958,NS
ENSSSCG00000006869,1.3622721512925995,0.8093897054277901,-0.5528824458648094,-0.15192743764172345,0.40539238919275344,21,21,0.664517472366019,NS
ENSSSCG00000034027,1.7654807364002656,1.094148432948968,-0.6713323034512977,-0.23582766439909286,0.19450678716203318,21,21,0.45368917168049533,NS
ENSSSCG00000016613,1.993959148759229,1.4538839630015086,-0.5400751857577204,-0.2675736961451247,0.1411098972130167,21,21,0.3909587620683742,NS
ENSSSCG00000010476,1.5489286945244036,0.5711581319731696,-0.9777705625512341,-0.4285714285714286,0.017954361107624592,21,21,0.14934464330577116,NS
ENSSSCG00000006649,1.3982130639444845,0.28959124292269456,-1.10862182102179,-0.41496598639455784,0.014407850229571107,21,21,0.1374145078012505,NS
ENSSSCG00000039216,1.0899812385995218,0.6634378288478684,-0.4265434097516534,-0.15192743764172345,0.39310450108376804,21,21,0.6548559682939895,NS
ENSSSCG00000004648,2.3240085479793122,1.4085035778566815,-0.9155049701226308,-0.12244897959183665,0.5044052826797147,21,21,0.7421278027073629,NS
ENSSSCG00000010943,1.1559578725381705,0.8848626919784567,-0.2710951805597138,-0.26984126984126977,0.13743980632204575,21,21,0.3858781529159893,NS
ENSSSCG00000006697,0.2619167163366834,0.29087886484630915,0.02896214850962575,0.17913832199546487,0.2943232929739741,21,21,0.5631960362068235,NS
ENSSSCG00000029649,1.0265462164797803,0.55030551431376,-0.4762407021660203,-0.19727891156462585,0.25981007828999425,21,21,0.5271508834869448,NS
ENSSSCG00000032086,1.5761313550682017,2.084380902507351,0.5082495474391493,0.2517006802721088,0.16647429908910105,21,21,0.41913082991704775,NS
ENSSSCG00000005085,1.4676505071448933,0.5340451108534681,-0.9336053962914252,-0.28798185941043086,0.10479463318426285,21,21,0.33893973769167524,NS
ENSSSCG00000002243,1.0158504304719924,0.4969448574769076,-0.5189055729950849,-0.32879818594104315,0.06988077144074939,21,21,0.27842598868122526,NS
ENSSSCG00000007513,1.3750402628067906,1.6259746463374132,0.2509343835306226,0.09977324263038545,0.5884609384934971,21,21,0.8035115521626971,NS
ENSSSCG00000009236,2.29467950029992,1.8893441659111427,-0.40533533438877734,-0.06575963718820854,0.7244887494967789,21,21,0.8813087398839223,NS
ENSSSCG00000005599,0.5910550419581119,0.6309997273338466,0.0399446853757347,-0.1950113378684808,0.2759819842529454,21,21,0.5446243796584893,NS
ENSSSCG00000030671,1.8379714414254256,1.0502808781026185,-0.7876905633228071,-0.3560090702947847,0.03777640410928708,21,21,0.21598672940182834,NS
ENSSSCG00000005890,1.5322262134248217,1.3819116206301671,-0.15031459279465453,-0.09523809523809534,0.6059230419098052,21,21,0.8132890667773738,NS
ENSSSCG00000017102,1.8828920737236483,1.5738846488060974,-0.30900742491755095,-0.12925170068027203,0.48058519448626,21,21,0.7223387232262236,NS
ENSSSCG00000023357,0.9923879679112378,2.0820199709719724,1.0896320030607347,0.5873015873015873,0.001163323803969242,21,21,0.04626916462205491,Up (PA>IVF)
ENSSSCG00000031552,2.3618801016503634,1.6393547459349422,-0.7225253557154212,-0.16553287981859421,0.36506636676462345,21,21,0.6272800312138134,NS
ENSSSCG00000013534,0.7783319069621856,0.13802950393281088,-0.6403024030293747,-0.5555555555555556,0.0013882578712354186,21,21,0.04872966243563211,NS
ENSSSCG00000031367,1.33918171960654,0.8607684726213471,-0.47841324698519294,-0.3378684807256236,0.06177704149796521,21,21,0.26545427392262594,NS
ENSSSCG00000025969,0.6659674111385107,0.023424831024997053,-0.6425425801135136,-0.4285714285714286,0.002231074451565602,21,21,0.06276668647359508,NS
ENSSSCG00000039267,1.6606892618348108,1.9315230105880716,0.27083374875326083,0.12471655328798181,0.4969382406152195,21,21,0.7336937392345346,NS
ENSSSCG00000006054,1.8211731324946454,2.6225469822744283,0.8013738497797829,0.21541950113378683,0.23705983621803084,21,21,0.49934320517832165,NS
ENSSSCG00000038550,0.7384878480772316,0.4992055732132043,-0.23928227486402726,-0.13378684807256236,0.43551382746332856,21,21,0.6880757384611778,NS
ENSSSCG00000014132,2.065400785207594,0.3906343524812372,-1.6747664327263567,-0.4965986394557824,0.005010034383034531,21,21,0.08507137590994278,NS
ENSSSCG00000010344,0.8427199044340521,0.9392550160077919,0.09653511157373984,0.13605442176870752,0.4549998396634364,21,21,0.7046864580854613,NS
ENSSSCG00000022643,1.0833333126675704,0.5298393413705604,-0.55349397129701,-0.4625850340136055,0.006869244143219949,21,21,0.09940098455645346,NS
ENSSSCG00000007703,1.4714270782773233,1.4973921020835554,0.025965023806232113,0.11111111111111116,0.544053590847598,21,21,0.7703997318854171,NS
ENSSSCG00000039978,0.8250253975118256,0.17735100457846414,-0.6476743929333615,-0.5328798185941044,0.002463236970750357,21,21,0.06575021641769435,NS
ENSSSCG00000006831,1.0907267661635418,0.9767696806425678,-0.11395708552097406,-0.03401360544217691,0.859908163616203,21,21,0.9490399532059208,NS
ENSSSCG00000011616,0.9516865147882307,0.35295303116930554,-0.5987334836189252,-0.48299319727891166,0.006349822773481608,21,21,0.0970573284442826,NS
ENSSSCG00000009988,1.3592216896582998,1.323804486833267,-0.0354172028250328,-0.038548752834467015,0.8404424957789529,21,21,0.9396794525202588,NS
ENSSSCG00000021359,0.6608464602060089,0.19077046256967475,-0.4700759976363341,-0.22222222222222232,0.18740093569641614,21,21,0.44594416012080035,NS
ENSSSCG00000035893,1.2816460299138455,0.5338876738024803,-0.7477583561113652,-0.3560090702947847,0.045570403529217714,21,21,0.23381673014991286,NS
ENSSSCG00000003790,2.1990393901120413,1.1031771671061759,-1.0958622230058654,-0.3560090702947847,0.049708278569462,21,21,0.24014966087687317,NS
ENSSSCG00000006661,1.785984299781178,0.44814207898730196,-1.3378422207938758,-0.510204081632653,0.003103013374289833,21,21,0.07135641789976087,NS
ENSSSCG00000036775,0.5927554327778812,0.5162487568081534,-0.07650667596972782,-0.3015873015873016,0.09069204262934684,21,21,0.3146040991494828,NS
ENSSSCG00000013094,1.1024414003699141,0.8550905230334847,-0.24735087733642946,-0.2335600907029478,0.19849070039669336,21,21,0.4574984559108449,NS
ENSSSCG00000029371,1.2001233687452095,0.3853052226434326,-0.8148181461017769,-0.32879818594104315,0.06242363480093123,21,21,0.26545427392262594,NS
ENSSSCG00000028466,1.2793073211459418,0.37430570730505713,-0.9050016138408847,-0.2290249433106577,0.1979779355537017,21,21,0.4574984559108449,NS
ENSSSCG00000032297,0.9779483193403865,1.1361949443516612,0.15824662501127473,0.04308390022675734,0.8208604944637742,21,21,0.9318998211511518,NS
ENSSSCG00000007970,1.9273073048532496,2.4978577054151208,0.5705504005618711,0.217687074829932,0.23210810022451445,21,21,0.4972709455153557,NS
ENSSSCG00000035700,2.5299924484611567,2.0362255216309912,-0.49376692683016543,-0.1201814058956916,0.5130630069523204,21,21,0.7460214807570579,NS
ENSSSCG00000011593,2.3089762390535697,1.9599948630575208,-0.34898137599604895,-0.20408163265306123,0.26293721152130023,21,21,0.5318867228474966,NS
ENSSSCG00000035062,1.2050775878688191,0.11643540859113106,-1.0886421792776881,-0.3378684807256236,0.03307809888364098,21,21,0.20591266637184857,NS
ENSSSCG00000009680,2.814125290537144,2.078272558389556,-0.7358527321475878,-0.2675736961451247,0.1411098972130167,21,21,0.3909587620683742,NS
ENSSSCG00000023445,2.233945582925416,2.9891143198597074,0.7551687369342917,0.3015873015873016,0.09685836811015376,21,21,0.3231631520724199,NS
ENSSSCG00000006083,1.548857287065891,1.2960138828819527,-0.25284340418393825,-0.12471655328798192,0.4955372130213227,21,21,0.7336937392345346,NS
ENSSSCG00000005720,1.82754544653934,1.7895960171673546,-0.03794942937198531,-0.03401360544217691,0.8592890194874229,21,21,0.9490399532059208,NS
ENSSSCG00000003403,1.6320908118241968,1.5979876642442157,-0.03410314757998112,-0.03628117913832196,0.8493545070245422,21,21,0.9480266707107646,NS
ENSSSCG00000003453,0.9990805517269088,0.5492358182858884,-0.4498447334410204,-0.15873015873015883,0.37195405448031216,21,21,0.636627947538658,NS
ENSSSCG00000010179,1.1794862104946138,0.6533877308375209,-0.5260984796570929,-0.2108843537414966,0.23113952620919798,21,21,0.4967903383554941,NS
ENSSSCG00000032229,1.6422360368363673,1.4150531725532833,-0.22718286428308399,-0.1020408163265305,0.5791093030988408,21,21,0.794449839978317,NS
ENSSSCG00000016903,1.4620322506917915,1.2646207152999305,-0.19741153539186107,-0.08616780045351469,0.6394100333327375,21,21,0.8320092618859216,NS
ENSSSCG00000026499,0.615089675123421,0.023744527167423944,-0.5913451479559971,-0.41950113378684817,0.011367881661024136,21,21,0.1238268307613523,NS
ENSSSCG00000003315,1.4630370230398266,1.0042662892586447,-0.45877073378118194,-0.1201814058956916,0.5121212612563548,21,21,0.7460214807570579,NS
ENSSSCG00000015519,0.5580078796866195,0.445929112438971,-0.11207876724764848,0.16099773242630389,0.37146641407552783,21,21,0.6364284716678623,NS
ENSSSCG00000029077,2.2331500915053124,1.641517604186848,-0.5916324873184644,-0.2675736961451247,0.1411098972130167,21,21,0.3909587620683742,NS
ENSSSCG00000014091,1.2641095317996633,0.2404013191194005,-1.0237082126802628,-0.5782312925170068,0.0009465690622649354,21,21,0.04417827813527798,Down (PA<IVF)
ENSSSCG00000006157,0.5004852946475717,0.564551403491011,0.06406610884343922,-0.5034013605442176,0.004619802976610078,21,21,0.0822639591112725,NS
ENSSSCG00000007730,0.6351697650993733,0.7049379488119198,0.06976818371254656,0.04761904761904767,0.7857636147415814,21,21,0.9150124591966131,NS
ENSSSCG00000015442,1.1435508725523218,0.32096835561212733,-0.8225825169401945,-0.47845804988662133,0.005168682920433881,21,21,0.08690481577004025,NS
ENSSSCG00000005215,0.8992445611503609,0.6222458286354241,-0.2769987325149368,-0.22222222222222232,0.22086663971495835,21,21,0.48484644750227657,NS
ENSSSCG00000011603,0.9880995365245365,0.4454023015886695,-0.542697234935867,-0.5827664399092971,0.0005777788924662642,21,21,0.038858462767829144,NS
ENSSSCG00000004246,0.7581011586225685,0.2310678580963943,-0.5270333005261743,-0.217687074829932,0.13398101014736646,21,21,0.3837032683323287,NS
ENSSSCG00000034301,0.41608364063471337,0.4145830909695447,-0.00150054966516866,0.0113378684807256,0.9578835160105609,21,21,0.9869209896448123,NS
ENSSSCG00000005103,1.8506431041478777,1.3033903201833548,-0.5472527839645229,-0.17460317460317465,0.33891783321339974,21,21,0.6008056035381634,NS
ENSSSCG00000010824,1.3708362972768777,1.554952513254016,0.18411621597713834,0.08843537414965985,0.6326241973383271,21,21,0.8251293316812793,NS
ENSSSCG00000024045,0.1747975851572492,1.1479799782703353,0.9731823931130861,0.34467120181405897,0.05586545394584784,21,21,0.2527717816851408,NS
ENSSSCG00000007851,2.1739237406881293,1.7565219999831692,-0.41740174070496017,-0.1768707482993197,0.33211015445435577,21,21,0.600101182951247,NS
ENSSSCG00000007795,2.3678027180039245,3.2747934277715673,0.9069907097676428,0.24716553287981857,0.17433363250882716,21,21,0.42834123173730454,NS
ENSSSCG00000013258,0.745609042483336,0.4281573286678784,-0.3174517138154576,0.0022675736961451642,1.0,21,21,1.0,NS
ENSSSCG00000010240,1.7445530394192037,0.8500268354546948,-0.8945262039645089,-0.30612244897959173,0.09164143578527693,21,21,0.3146040991494828,NS
ENSSSCG00000033761,0.9715017759091761,0.8784362530198203,-0.09306552288935577,0.13378684807256236,0.45030858719182365,21,21,0.6984759079638868,NS
ENSSSCG00000006034,3.4031978415336974,2.7981097897541196,-0.6050880517795778,-0.08390022675736963,0.6504258436811943,21,21,0.8344026504702031,NS
ENSSSCG00000005315,2.4596117795601438,2.461331130908094,0.0017193513479503153,0.12471655328798181,0.4969382406152195,21,21,0.7336937392345346,NS
ENSSSCG00000033516,0.38729265821575637,0.7365851496942376,0.34929249147848124,0.2403628117913832,0.16888567126717002,21,21,0.42449670092045483,NS
ENSSSCG00000030013,1.4752789556478194,1.103561775706335,-0.37171717994148445,-0.1383219954648527,0.4503722714184736,21,21,0.6984759079638868,NS
ENSSSCG00000005971,0.4240628394651299,0.5027634831402873,0.07870064367515739,-0.07029478458049887,0.6657511267572458,21,21,0.8447545916162275,NS
ENSSSCG00000033558,2.216381866796403,2.215494569018819,-0.0008872977775840063,-0.061224489795918435,0.7436091682859154,21,21,0.8907689783709924,NS
ENSSSCG00000003613,1.3626349362273225,1.1033346728572118,-0.2593002633701107,-0.18140589569161003,0.32019630420204204,21,21,0.5882649038876074,NS
ENSSSCG00000000483,1.285874766091365,1.9162965940923333,0.6304218280009684,0.3378684807256236,0.06256371261072467,21,21,0.26545427392262594,NS
ENSSSCG00000001866,3.0178137236032683,2.8298119784812337,-0.1880017451220346,-0.0453514739229024,0.8111139459191504,21,21,0.9306308193686857,NS
ENSSSCG00000007826,1.6507925985454155,1.060099969953404,-0.5906926285920115,-0.21541950113378694,0.2366985939873626,21,21,0.49934320517832165,NS
ENSSSCG00000016887,3.1384608420231426,1.96835688215692,-1.1701039598662226,-0.2675736961451247,0.1411098972130167,21,21,0.3909587620683742,NS
ENSSSCG00000004134,0.9399420661248115,0.7284457772809082,-0.21149628884390326,-0.07029478458049887,0.7006148969823726,21,21,0.8689600783400969,NS
ENSSSCG00000010299,1.7813848994853032,1.7449800995002895,-0.03640479998501367,-0.03401360544217691,0.8601108632068536,21,21,0.9490399532059208,NS
ENSSSCG00000034070,0.5175601003549494,0.5515222169153603,0.033962116560410927,-0.07029478458049887,0.7058783959702486,21,21,0.8691022220107433,NS
ENSSSCG00000023050,2.458326985181225,1.0823618042649579,-1.3759651809162672,-0.4920634920634921,0.0065474841871308535,21,21,0.09765862760280812,NS
ENSSSCG00000026001,1.3425015310186983,2.492285407816567,1.1497838767978688,0.35147392290249435,0.05255451619221384,21,21,0.24682112491978944,NS
ENSSSCG00000015302,1.5263537834624543,1.1381470875289768,-0.38820669593347756,-0.006802721088435382,0.9799274874348569,21,21,0.9954575561004508,NS
ENSSSCG00000011874,1.6582086588428138,1.9675401872544045,0.30933152841159073,0.11111111111111116,0.5458552640171433,21,21,0.7703997318854171,NS
ENSSSCG00000016430,2.1383202470880645,0.7226119694596115,-1.415708277628453,-0.5555555555555556,0.002129931832472534,21,21,0.06164710990033811,NS
ENSSSCG00000016059,2.0103575793828377,1.0665765835176466,-0.943780995865191,-0.383219954648526,0.033717736509263255,21,21,0.2067186606092017,NS
ENSSSCG00000037439,1.5366279757995343,0.6792080086700719,-0.8574199671294623,-0.4104308390022675,0.022343892470784592,21,21,0.16880958408544308,NS
ENSSSCG00000006126,1.3795170658247993,0.9486628821536068,-0.43085418367119244,-0.26077097505668934,0.1506777712711193,21,21,0.401864822689913,NS
ENSSSCG00000013084,0.5246238747291988,0.565418882163081,0.0407950074338822,0.024943310657596363,0.8984056192719109,21,21,0.965040287671819,NS
ENSSSCG00000028974,0.37098198385002173,0.6201785032510426,0.2491965194010209,0.04308390022675734,0.7916548388191704,21,21,0.9193218203428043,NS
ENSSSCG00000014371,0.9421619257435239,0.8246640943610667,-0.11749783138245717,0.038548752834467126,0.8350349729956306,21,21,0.9396794525202588,NS
ENSSSCG00000030998,2.3933749840426453,1.287172344057178,-1.1062026399854672,-0.3424036281179139,0.05916216216125456,21,21,0.25790327958396714,NS
ENSSSCG00000009203,1.7437482156248336,0.7874999529094611,-0.9562482627153726,-0.31065759637188206,0.08433942484010065,21,21,0.3069328670573424,NS
ENSSSCG00000016173,0.630716344332953,0.7544676729317854,0.12375132859883242,0.17913832199546487,0.31000514469052676,21,21,0.5794646573779328,NS
ENSSSCG00000000870,2.8062454572082434,2.4020210872106222,-0.4042243699976211,-0.12698412698412698,0.48905610031549984,21,21,0.730602101081082,NS
ENSSSCG00000031809,0.5409739046436267,0.40742919939734296,-0.13354470524628376,-0.15192743764172345,0.39552506113999064,21,21,0.6579296603832046,NS
ENSSSCG00000004275,0.7473142882371973,1.2031903794064978,0.4558760911693005,0.15646258503401356,0.3920038299519908,21,21,0.6539796048612466,NS
ENSSSCG00000011653,1.3845105960528221,0.964135127585241,-0.4203754684675811,-0.17460317460317465,0.3374639963696173,21,21,0.6008056035381634,NS
ENSSSCG00000018057,2.567739572510236,2.010642215475944,-0.5570973570342921,-0.20408163265306123,0.26293721152130023,21,21,0.5318867228474966,NS
ENSSSCG00000012166,2.46028693771792,2.3018046212180443,-0.15848231649987587,0.07936507936507942,0.6689077174430536,21,21,0.8447545916162275,NS
ENSSSCG00000004217,1.751858984742351,1.8944608586170297,0.14260187387467882,0.07709750566893425,0.6776591427159724,21,21,0.8528236505286315,NS
ENSSSCG00000030067,1.4010356466819196,1.3129009068034836,-0.08813473987843601,-0.08843537414965996,0.6275574136320947,21,21,0.8251293316812793,NS
ENSSSCG00000035136,1.9854673823259954,1.314703325668621,-0.6707640566573745,-0.22448979591836737,0.21706025313613386,21,21,0.47992085027495884,NS
ENSSSCG00000000563,2.3775609024519007,1.9898686360110323,-0.3876922664408684,-0.17460317460317465,0.3387219006802865,21,21,0.6008056035381634,NS
ENSSSCG00000027778,2.554155195737334,1.5619491256161906,-0.9922060701211435,-0.24489795918367352,0.17833908134757448,21,21,0.4352189632210735,NS
ENSSSCG00000005250,1.3383151064880627,1.4855976735151275,0.14728256702706477,0.05215419501133789,0.7819142369649622,21,21,0.9109394814543041,NS
ENSSSCG00000013501,1.3255719326835576,2.130050105540055,0.8044781728564976,0.3424036281179138,0.05916216216125456,21,21,0.25790327958396714,NS
ENSSSCG00000010911,1.4214283001403363,0.2628585910901411,-1.1585697090501952,-0.691609977324263,8.369003078470834e-05,21,21,0.015767392721899653,Down (PA<IVF)
ENSSSCG00000036737,1.2358890952560857,0.6371817446288307,-0.598707350627255,-0.3151927437641724,0.06846479163726156,21,21,0.27842598868122526,NS
ENSSSCG00000004996,0.7426550802440948,1.0163001311333293,0.2736450508892345,0.08843537414965985,0.6319050576373251,21,21,0.8251293316812793,NS
ENSSSCG00000024892,1.800205090218276,0.3008735676422167,-1.4993315225760593,-0.6371882086167799,0.0002680704693043855,21,21,0.024921052408244767,Down (PA<IVF)
ENSSSCG00000021744,1.4220966974917093,0.8193129693962808,-0.6027837280954285,-0.28798185941043086,0.10302430995669908,21,21,0.33510989393217433,NS
ENSSSCG00000017669,1.2807513588676214,1.549415527496988,0.2686641686293667,0.1201814058956916,0.5124814753930066,21,21,0.7460214807570579,NS
ENSSSCG00000026896,1.3844931759140249,1.3398325063237604,-0.04466066959026449,0.07709750566893425,0.6770517994604099,21,21,0.8528236505286315,NS
ENSSSCG00000007712,0.686107049386071,0.5538897586755301,-0.1322172907105409,-0.2585034013605443,0.09025608668076006,21,21,0.3146040991494828,NS
ENSSSCG00000003707,0.5016035158737127,0.4195833981264555,-0.08202011774725715,0.08843537414965985,0.6310141526271165,21,21,0.8251293316812793,NS
ENSSSCG00000005507,1.9453063009801561,1.4912188754397984,-0.45408742554035775,-0.1383219954648527,0.45007831726258374,21,21,0.6984759079638868,NS
ENSSSCG00000011290,3.001444186608308,2.5079357368915445,-0.49350844971676366,-0.1383219954648527,0.4502620929185027,21,21,0.6984759079638868,NS
ENSSSCG00000000045,1.758236246123741,2.9848800449888864,1.2266437988651453,0.4331065759637188,0.01685332118597948,21,21,0.1460154885656336,NS
ENSSSCG00000017285,3.034643809806728,1.869510641423923,-1.1651331683828048,-0.2970521541950113,0.10153716275883096,21,21,0.3332759242401978,NS
ENSSSCG00000016848,0.3407202190550125,0.3378058030245517,-0.002914416030460776,0.0045351473922902175,0.988511214806646,21,21,1.0,NS
ENSSSCG00000024636,0.4931309080378267,0.5763827342396969,0.08325182620187016,0.02947845804988658,0.8741186350294324,21,21,0.9581000128681301,NS
ENSSSCG00000031509,3.1637204150899287,2.610001148980226,-0.5537192661097028,-0.16099773242630389,0.37861508946133926,21,21,0.6403962425284595,NS
ENSSSCG00000015779,1.1864193068789448,1.285461341387049,0.09904203450810423,-0.03401360544217691,0.8600265120228863,21,21,0.9490399532059208,NS
ENSSSCG00000010745,2.458969378542604,2.552074525075854,0.09310514653324997,0.07936507936507942,0.6689077174430536,21,21,0.8447545916162275,NS
ENSSSCG00000031694,1.3607800123278069,0.5184075705487,-0.8423724417791069,-0.43310657596371893,0.010634403772604268,21,21,0.12111986001817435,NS
ENSSSCG00000004302,2.381457952567188,1.34054699731965,-1.040910955247538,-0.3877551020408163,0.0323569768168254,21,21,0.20315497363626772,NS
ENSSSCG00000002954,1.8871837035864953,1.740128013355836,-0.14705569023065945,0.038548752834467126,0.8403786291520768,21,21,0.9396794525202588,NS
ENSSSCG00000009950,2.3760281479164176,1.7100056465347657,-0.6660225013816519,-0.1768707482993197,0.33260076139418115,21,21,0.6002699906341289,NS
ENSSSCG00000014258,2.199903624257181,1.9948459729921442,-0.20505765126503683,-0.05215419501133778,0.7818279918329542,21,21,0.9109394814543041,NS
ENSSSCG00000033402,0.3339576125664812,0.4636538215515396,0.1296962089850584,0.10657596371882083,0.5537343524938687,21,21,0.7793371103655323,NS
ENSSSCG00000038376,1.5287202807552758,0.5576832253050545,-0.9710370554502212,-0.2743764172335601,0.12405785517852705,21,21,0.3688590878463198,NS
ENSSSCG00000010957,1.7492689567235271,1.6160033892483798,-0.13326556747514728,-0.06802721088435382,0.7152808524463308,21,21,0.8770020818198087,NS
ENSSSCG00000005040,2.152665355820117,2.174489624695089,0.021824268874971686,-0.04761904761904767,0.8009405048187478,21,21,0.9213153463710844,NS
ENSSSCG00000029492,2.049362133403251,0.9985796684983154,-1.0507824649049358,-0.4058956916099774,0.0246707527411037,21,21,0.1780582660160118,NS
ENSSSCG00000037284,1.079556097917943,1.1851868583592011,0.10563076044125808,-0.05668934240362811,0.7622281589787179,21,21,0.9015297803289233,NS
ENSSSCG00000026082,1.0029277581854479,1.223342793884808,0.22041503569936016,0.20181405895691606,0.2612055981849596,21,21,0.529512530599534,NS
ENSSSCG00000008899,0.6258845828813704,0.33911096090537934,-0.28677362197599104,-0.26077097505668934,0.07212893138273249,21,21,0.28429489607927483,NS
ENSSSCG00000000462,2.1084381208739127,2.5667224320498097,0.45828431117589696,0.21995464852607705,0.2268722390803064,21,21,0.49084652942506357,NS
ENSSSCG00000013938,1.319309840266475,1.6046402536822764,0.28533041341580145,0.1882086167800453,0.30236014932755606,21,21,0.5703026187481536,NS
ENSSSCG00000035909,1.310211273485788,0.754975488587325,-0.555235784898463,-0.18367346938775508,0.3110484593360252,21,21,0.5805420605146814,NS
ENSSSCG00000024028,2.097488652440599,2.5374050862667823,0.4399164338261832,0.2108843537414966,0.24712872933711605,21,21,0.5117165520743475,NS
ENSSSCG00000004623,2.182188728148538,2.02228919107606,-0.15989953707247784,0.02947845804988658,0.8782320071227203,21,21,0.9581000128681301,NS
ENSSSCG00000002145,1.7555262352295775,1.2994854415559869,-0.4560407936735906,-0.17913832199546476,0.32545617389483794,21,21,0.5929529726545689,NS
ENSSSCG00000003989,0.6367789134753467,0.5504087302857139,-0.08637018318963274,-0.3378684807256236,0.041755294865799174,21,21,0.22501282229330896,NS
ENSSSCG00000033655,0.3406729478753992,0.6372004220792892,0.29652747420389,0.10430839002267578,0.5708443083168177,21,21,0.7915892369220475,NS
ENSSSCG00000011042,1.86949232812722,1.6019028732513134,-0.2675894548759066,-0.12471655328798192,0.49602888875094187,21,21,0.7336937392345346,NS
ENSSSCG00000006316,2.343867532719137,2.087716959208877,-0.25615057351026005,-0.07256235827664392,0.6964832744249545,21,21,0.8664523989549239,NS
ENSSSCG00000026622,0.7710156125959509,0.7863350907543589,0.015319478158408062,-0.04761904761904767,0.7996268499125092,21,21,0.9213153463710844,NS
ENSSSCG00000007702,2.9749632926438654,2.5526384485229365,-0.42232484412092886,-0.0748299319727892,0.6873220903878915,21,21,0.8572780981928975,NS
ENSSSCG00000029700,2.847170648806472,1.146481957646521,-1.7006886911599508,-0.41950113378684817,0.017850998360770667,21,21,0.14934464330577116,NS
ENSSSCG00000021218,2.102188852721192,1.4960545830032212,-0.6061342697179706,-0.17913832199546476,0.32647790350951655,21,21,0.5929529726545689,NS
ENSSSCG00000036452,1.1644173265505975,0.7396967928941824,-0.42472053365641504,-0.17460317460317465,0.3367534188994413,21,21,0.6008056035381634,NS
ENSSSCG00000000623,1.846821881570522,2.095151946184627,0.24833006461410512,0.09297052154195007,0.6145966297909777,21,21,0.8157225327032747,NS
ENSSSCG00000012198,3.068167805505747,2.3578950205687,-0.7102727849370467,-0.21541950113378694,0.23700282758848334,21,21,0.49934320517832165,NS
ENSSSCG00000001486,1.2342102030058437,0.38113554831247365,-0.8530746546933701,-0.3151927437641724,0.07564712161029223,21,21,0.2913752129402609,NS
ENSSSCG00000008143,2.571378810140112,2.0482110488125977,-0.5231677613275143,-0.1995464852607709,0.27364006146241726,21,21,0.5427250637307044,NS
ENSSSCG00000006559,0.9218113780442678,0.0516133395885508,-0.8701980384557171,-0.727891156462585,1.690373603512344e-05,21,21,0.0072893509926789495,NS
ENSSSCG00000032973,1.0521771159039868,0.8071931231867969,-0.24498399271718985,0.04761904761904767,0.7957987046374596,21,21,0.9213153463710844,NS
ENSSSCG00000015353,1.8095083580892617,1.8437290355199565,0.03422067743069479,0.006802721088435382,0.9799144613736793,21,21,0.9954575561004508,NS
ENSSSCG00000000755,1.9790398649649812,1.890632292475961,-0.08840757248902009,-0.04761904761904767,0.8013831883084928,21,21,0.9213153463710844,NS
ENSSSCG00000032498,1.6198879057554776,1.7958778908937838,0.17598998513830622,0.02947845804988658,0.8800274316446192,21,21,0.9581000128681301,NS
ENSSSCG00000007849,0.8429224934507238,1.2171019554520086,0.3741794620012848,0.024943310657596363,0.8970458373792104,21,21,0.965040287671819,NS
ENSSSCG00000037885,0.2749376305367394,0.6616157558346035,0.3866781252978641,0.13832199546485258,0.44941522180375193,21,21,0.6984759079638868,NS
ENSSSCG00000013596,0.6726046315944528,0.3787832478253376,-0.2938213837691152,-0.21541950113378694,0.12631241058098333,21,21,0.3722092511106296,NS
ENSSSCG00000002354,1.9123984295560281,2.0177086883401745,0.10531025878414635,0.02947845804988658,0.8799308364704173,21,21,0.9581000128681301,NS
ENSSSCG00000036480,1.344253509880716,1.1484528285116997,-0.1958006813690163,0.006802721088435382,0.9799144613736793,21,21,0.9954575561004508,NS
ENSSSCG00000012627,1.889898792232103,1.493230050154277,-0.3966687420778261,-0.08390022675736963,0.650558181989108,21,21,0.8344026504702031,NS
ENSSSCG00000031904,2.277854617408696,1.279708609445007,-0.9981460079636892,-0.3492063492063493,0.054292930407735945,21,21,0.25030208507867513,NS
ENSSSCG00000026389,2.523068594603553,1.7598235634845953,-0.7632450311189576,-0.1950113378684808,0.28499655391390466,21,21,0.5519548393462225,NS
ENSSSCG00000016452,0.17672129749073257,0.24909959525920655,0.07237829776847399,0.09297052154195007,0.5646272264083717,21,21,0.7847128794897549,NS
ENSSSCG00000040421,2.391337868927706,1.4800122285859334,-0.9113256403417724,-0.2743764172335601,0.13114831029505128,21,21,0.37835478192585825,NS
ENSSSCG00000004775,2.5797388024883197,2.394336514718536,-0.18540228776978385,0.03628117913832196,0.850347001402419,21,21,0.9480546773314797,NS
ENSSSCG00000032144,1.1814321303026003,0.7012494722121241,-0.4801826580904762,-0.32879818594104315,0.06598432826565541,21,21,0.2723588264951059,NS
ENSSSCG00000005172,0.8471277796815561,0.7082644036998099,-0.13886337598174614,-0.20408163265306123,0.1999969163477784,21,21,0.4583958724175609,NS
ENSSSCG00000015496,2.345109976357618,1.5054070732405245,-0.8397029031170937,-0.256235827664399,0.1585797450671007,21,21,0.4089176259717459,NS
ENSSSCG00000003266,0.4523276779177898,1.0136151665339577,0.5612874886161678,0.39229024943310653,0.02970595622166841,21,21,0.1950075212254979,NS
ENSSSCG00000032537,2.425009417225999,1.7754897765305537,-0.6495196406954451,-0.11791383219954654,0.519792239231817,21,21,0.7527495801414957,NS
ENSSSCG00000036744,2.8486209521214887,2.297586714084602,-0.5510342380368867,-0.09523809523809534,0.6060544765839555,21,21,0.8132890667773738,NS
ENSSSCG00000015182,0.4121529819841041,0.34764201364169245,-0.06451096834241166,-0.12925170068027203,0.2779248166419581,21,21,0.5446243796584893,NS
ENSSSCG00000010454,2.651110709665656,1.7713883924173348,-0.8797223172483213,-0.24943310657596363,0.1703614306156218,21,21,0.4261850217527077,NS
ENSSSCG00000004884,1.204950351936871,0.8655201209933513,-0.33943023094351965,-0.31065759637188206,0.08690070020532059,21,21,0.3091496418228523,NS
ENSSSCG00000010491,1.4789953025728018,1.041288513292041,-0.4377067892807607,-0.08390022675736963,0.6316750007292782,21,21,0.8251293316812793,NS
ENSSSCG00000003619,2.4284952815777823,2.455297031466681,0.02680174988889883,0.05895691609977327,0.7530849487703456,21,21,0.8993490772647048,NS
ENSSSCG00000015916,1.7655490452680038,1.3594282594701026,-0.40612078579790123,-0.14058956916099774,0.4241336802658038,21,21,0.6796442528903093,NS
ENSSSCG00000029226,0.9423963551846732,0.8239590256780073,-0.11843732950666597,-0.17006802721088432,0.347642843336721,21,21,0.6125943758771915,NS
ENSSSCG00000001501,1.4118659904920445,1.1711218915092994,-0.24074409898274518,-0.038548752834467015,0.8404999102503055,21,21,0.9396794525202588,NS
ENSSSCG00000012167,2.4507823940124913,1.5056410151537938,-0.9451413788586975,-0.3129251700680271,0.08484549064306593,21,21,0.3077948523592978,NS
ENSSSCG00000004253,2.212306981154349,1.5663594720236855,-0.6459475091306637,-0.23809523809523814,0.19076800390493187,21,21,0.44742370252398683,NS
ENSSSCG00000011162,1.1069301370697036,1.2600492498936482,0.15311911282394464,0.07029478458049887,0.705810181984091,21,21,0.8691022220107433,NS
ENSSSCG00000005771,0.8789584461065504,0.37882120080265774,-0.5001372453038926,-0.22222222222222232,0.2137992566352407,21,21,0.4780517928675851,NS
ENSSSCG00000022177,0.37616729768889806,0.6784020885209741,0.302234790832076,0.14739229024943312,0.41385728530294785,21,21,0.6735613231739555,NS
ENSSSCG00000016114,2.560135505488848,0.8598144451083966,-1.7003210603804515,-0.5192743764172336,0.003712941062402985,21,21,0.07580588002406095,NS
ENSSSCG00000011492,1.1533980926997898,1.3593124689109235,0.20591437621113373,0.09297052154195007,0.6002008579834619,21,21,0.8092330750327337,NS
ENSSSCG00000035875,0.9674669322894266,0.5999710154240604,-0.3674959168653662,-0.3197278911564625,0.07626303491519018,21,21,0.2922706254291646,NS
ENSSSCG00000010175,1.5033857610368184,0.647600681822363,-0.8557850792144555,-0.4013605442176871,0.023469288916429708,21,21,0.17258422275325483,NS
ENSSSCG00000008901,3.300524181890794,3.0069318037125483,-0.2935923781782459,-0.08843537414965996,0.6325414341971227,21,21,0.8251293316812793,NS
ENSSSCG00000006641,1.8677709881085418,0.8155779394318478,-1.0521930486766942,-0.3424036281179139,0.05862758131969179,21,21,0.25790327958396714,NS
ENSSSCG00000011004,2.9293859992945803,1.2213971929555403,-1.70798880633904,-0.5170068027210883,0.004299725031129217,21,21,0.07950434963220061,NS
ENSSSCG00000015056,2.423306053837311,2.5338121268393685,0.11050607300205773,0.08390022675736963,0.6504258436811943,21,21,0.8344026504702031,NS
ENSSSCG00000029420,1.8736808941987282,1.5480707207744615,-0.3256101734242667,-0.15873015873015883,0.3847889711335152,21,21,0.6488711368099398,NS
ENSSSCG00000029261,2.3259367556183954,1.2387251296231918,-1.0872116259952036,-0.2789115646258504,0.12460091389361477,21,21,0.3688590878463198,NS
ENSSSCG00000016107,1.1790099792311486,0.3338745383909569,-0.8451354408401917,-0.4467120181405895,0.009662572594907529,21,21,0.1164225218642715,NS
ENSSSCG00000037676,1.6409967624751582,1.4364765779183655,-0.20452018455679277,-0.031746031746031855,0.8692458582249232,21,21,0.9568697775425999,NS
ENSSSCG00000011968,1.32768410412753,0.8299622054819219,-0.4977218986456081,-0.10430839002267578,0.5687955289889173,21,21,0.7897059965318706,NS
ENSSSCG00000033115,2.9645531609124114,1.5022295755201227,-1.4623235853922887,-0.5124716553287982,0.004652830340404334,21,21,0.0822639591112725,NS
ENSSSCG00000040325,0.17843661815837167,0.4387800531961584,0.2603434350377868,0.1428571428571429,0.4300978205123659,21,21,0.6861560578406583,NS
ENSSSCG00000036537,0.9276099627098233,0.4651793519578097,-0.46243061075201364,-0.20634920634920628,0.2544310783555651,21,21,0.523043811063583,NS
ENSSSCG00000003870,3.4458230618255548,2.2683515383364394,-1.1774715234891153,-0.3424036281179139,0.059203310186616454,21,21,0.25790327958396714,NS
ENSSSCG00000034072,2.8790007340837045,2.149403081814479,-0.7295976522692253,-0.19274376417233552,0.2903298688106136,21,21,0.5572357098576629,NS
ENSSSCG00000040349,1.789429152967333,0.8436288936656763,-0.9458002593016567,-0.28798185941043086,0.11125592772231963,21,21,0.3499967010457579,NS
ENSSSCG00000004766,0.6929632353195279,0.8050569368031264,0.11209370148359854,0.23129251700680276,0.19867140534675698,21,21,0.4574984559108449,NS
ENSSSCG00000002932,1.838022766573159,1.8904451836623972,0.05242241708923823,-0.015873015873015817,0.9398332443569812,21,21,0.9783494422867809,NS
ENSSSCG00000021825,0.6401027252826401,1.0890339081848806,0.44893118290224043,0.2789115646258503,0.1072458904955794,21,21,0.34142639477651104,NS
ENSSSCG00000004638,1.5330969124604328,0.9490394693301705,-0.5840574431302623,-0.26077097505668934,0.1422236071073599,21,21,0.3930918391444355,NS
ENSSSCG00000033577,0.5187231446460759,0.31155566619014846,-0.20716747845592748,-0.1882086167800454,0.2858484173140572,21,21,0.552839059141368,NS
ENSSSCG00000005969,2.4528239780651604,1.2272972082207212,-1.2255267698444392,-0.3560090702947847,0.049708278569462,21,21,0.24014966087687317,NS
ENSSSCG00000004423,2.354639163579794,1.7549984638589742,-0.5996406997208197,-0.308390022675737,0.08937556578661207,21,21,0.3143461545790406,NS
ENSSSCG00000000547,1.3848023422903828,1.042363537628741,-0.3424388046616418,-0.07709750566893425,0.6776591427159724,21,21,0.8528236505286315,NS
ENSSSCG00000009998,1.9068887139318957,2.0162751639051906,0.10938644997329483,-0.05215419501133778,0.7819142369649622,21,21,0.9109394814543041,NS
ENSSSCG00000009370,0.7457634296377987,0.5916141734940477,-0.15414925614375108,-0.04761904761904767,0.7957987046374596,21,21,0.9213153463710844,NS
ENSSSCG00000000838,2.6791666851786915,1.0381256823849843,-1.6410410027937072,-0.5124716553287982,0.004637834502226232,21,21,0.0822639591112725,NS
ENSSSCG00000001925,3.569137252709698,3.0841396875561067,-0.4849975651535914,-0.09523809523809534,0.6060544765839555,21,21,0.8132890667773738,NS
ENSSSCG00000010597,2.9545030768854823,2.00451563922031,-0.9499874376651722,-0.2789115646258504,0.1247538049539505,21,21,0.3688590878463198,NS
ENSSSCG00000024927,2.1762045387363878,1.8399537176327865,-0.33625082110360127,-0.0045351473922903285,0.9899605081076394,21,21,1.0,NS
ENSSSCG00000004821,1.1585289843539586,0.2023347558047299,-0.9561942285492286,-0.5555555555555556,0.0017648593622817158,21,21,0.05502388813723013,NS
ENSSSCG00000014884,1.7303477804287892,1.174832962084444,-0.5555148183443452,-0.30612244897959173,0.0914439251290856,21,21,0.3146040991494828,NS
ENSSSCG00000002822,2.5854395727751593,1.9139192830013376,-0.6715202897738217,-0.1882086167800454,0.30236014932755606,21,21,0.5703026187481536,NS
ENSSSCG00000012640,1.5079113229946146,1.4866336040417796,-0.021277718952835034,0.14739229024943312,0.4197723150036484,21,21,0.6751374148904354,NS
ENSSSCG00000001556,2.397439510809057,2.1892160718668587,-0.2082234389421984,-0.01133786848072571,0.9598676764095315,21,21,0.9869209896448123,NS
ENSSSCG00000006728,1.6359334267658079,1.129604584643418,-0.5063288421223899,-0.24263038548752824,0.17852859511721586,21,21,0.4352189632210735,NS
ENSSSCG00000005950,2.7748520852666423,2.6776739354227117,-0.09717814984393058,-0.03401360544217691,0.8602230946114309,21,21,0.9490399532059208,NS
ENSSSCG00000007452,0.8751806865225509,0.5527079979217334,-0.32247268860081746,-0.35147392290249435,0.0450281478080057,21,21,0.232250446588661,NS
ENSSSCG00000031109,2.1103713308404712,1.487680333979234,-0.6226909968612373,-0.16553287981859421,0.36280039449611,21,21,0.6272800312138134,NS
ENSSSCG00000025448,1.3597856313204053,1.1003677362419855,-0.25941789507841984,-0.0975056689342404,0.5964772237896501,21,21,0.8062920726419195,NS
ENSSSCG00000017791,1.9018560693523117,2.337094520988695,0.4352384516363832,0.19274376417233563,0.2906428851632826,21,21,0.5572357098576629,NS
ENSSSCG00000026714,0.35735336836926607,1.444899128222244,1.087545759852978,0.5328798185941044,0.0030456091558320386,21,21,0.07135641789976087,NS
ENSSSCG00000004873,2.0978906986792483,1.6245287436409381,-0.47336195503831013,-0.11564625850340127,0.5284818058620178,21,21,0.7578908227272798,NS
ENSSSCG00000039469,2.3383659452529373,1.5933086115380128,-0.7450573337149244,-0.21315192743764166,0.24191400258404228,21,21,0.5075015467053609,NS
ENSSSCG00000015560,1.965645756087999,1.4511787057647534,-0.5144670503232456,-0.21315192743764166,0.24049784987945655,21,21,0.5059231064621502,NS
ENSSSCG00000023803,2.5021772231717896,3.157113990193798,0.6549367670220083,0.10204081632653061,0.5799561940392505,21,21,0.794449839978317,NS
ENSSSCG00000002452,1.474283306809751,0.6449856650046346,-0.8292976418051163,-0.4807256235827664,0.007930688214551278,21,21,0.10744879850397575,NS
ENSSSCG00000015322,2.191787372554972,1.615987176804349,-0.5758001957506229,-0.061224489795918435,0.743548992048439,21,21,0.8907689783709924,NS
ENSSSCG00000002670,0.6214746960525698,0.31561755503543276,-0.305857141017137,-0.3197278911564625,0.07276701400568233,21,21,0.2852466949022747,NS
ENSSSCG00000009775,2.5580539192746397,2.1021917475719865,-0.4558621717026532,-0.03401360544217691,0.8601108632068536,21,21,0.9490399532059208,NS
ENSSSCG00000022032,0.7295213948444792,0.39106622275305575,-0.33845517209142345,-0.17460317460317465,0.33003532212123043,21,21,0.5980037796491391,NS
ENSSSCG00000011689,3.4752273452144786,3.015854518922159,-0.45937282629231957,-0.14058956916099774,0.44291436576092413,21,21,0.6968865733639436,NS
ENSSSCG00000032916,0.8092105353238559,0.8300007632968507,0.02079022797299479,-0.19727891156462585,0.22340338670572835,21,21,0.4890067749844596,NS
ENSSSCG00000032804,1.162772616945536,1.1953922504237415,0.03261963347820562,-0.13378684807256236,0.46044184710904545,21,21,0.7102835779554872,NS
ENSSSCG00000015432,0.7025778498759836,0.998742691286131,0.29616484141014743,0.12925170068027214,0.48021035107474996,21,21,0.7223387232262236,NS
ENSSSCG00000005041,2.6082853079623214,2.445040406002004,-0.16324490196031727,-0.12698412698412698,0.48905610031549984,21,21,0.730602101081082,NS
ENSSSCG00000032846,3.221979239881638,2.4881547567900286,-0.7338244830916092,-0.18140589569161003,0.3203728397848544,21,21,0.5882649038876074,NS
ENSSSCG00000016492,0.6422208867256085,1.3073165608660333,0.6650956741404248,0.32879818594104304,0.06761314644135331,21,21,0.2764160813990964,NS
ENSSSCG00000014579,0.6730801457751346,0.7690817339869552,0.09600158821182059,-0.054421768707483054,0.7660036139521609,21,21,0.9049052508544556,NS
ENSSSCG00000002776,0.24731059884084144,0.47120404662725784,0.2238934477864164,0.1201814058956916,0.46162132881855866,21,21,0.7103857207086134,NS
ENSSSCG00000013990,1.3669199645125079,1.3447629722597687,-0.02215699225273915,0.04761904761904767,0.7990907970596917,21,21,0.9213153463710844,NS
ENSSSCG00000015398,2.842911617205504,1.6691439482680126,-1.1737676689374914,-0.39002267573696137,0.031483862091264615,21,21,0.20118654362298347,NS
ENSSSCG00000011645,0.9167372754718857,0.7175201145973972,-0.19921716087448849,0.0113378684807256,0.9594013872106937,21,21,0.9869209896448123,NS
ENSSSCG00000001413,2.4088974124694253,1.4717218526020734,-0.9371755598673519,-0.256235827664399,0.15885001098352836,21,21,0.4089176259717459,NS
ENSSSCG00000022299,2.5638835095401116,1.731530048696536,-0.8323534608435756,-0.26077097505668934,0.1514414683532569,21,21,0.401864822689913,NS
ENSSSCG00000015217,2.124963815306646,2.6011818174363373,0.47621800212969134,0.09297052154195007,0.6081933237095785,21,21,0.8157225327032747,NS
ENSSSCG00000009092,2.134237397072041,1.298203510305245,-0.8360338867667962,-0.2290249433106577,0.2082843961553026,21,21,0.46888391299875337,NS
ENSSSCG00000008185,1.4689094791217716,0.4876481993930799,-0.9812612797286917,-0.32879818594104315,0.06089788608530248,21,21,0.2634387741062421,NS
ENSSSCG00000034581,1.0684992835786542,0.37879668952200796,-0.6897025940566462,-0.48299319727891166,0.006586335894484301,21,21,0.09765862760280812,NS
ENSSSCG00000011855,1.2209555704529622,1.0878463016024287,-0.13310926885053354,-0.061224489795918435,0.7399218595510264,21,21,0.8907689783709924,NS
ENSSSCG00000021275,2.456956898095792,1.325624798477015,-1.1313320996187768,-0.28344671201814053,0.11831808527475195,21,21,0.3593522290120254,NS
ENSSSCG00000030018,0.5518994845665216,1.4252851788951395,0.8733856943286179,0.35147392290249435,0.05064312434850662,21,21,0.2432197953867939,NS
ENSSSCG00000003832,1.0546014768450984,1.0723245556229177,0.017723078777819312,-0.015873015873015817,0.9393005427885712,21,21,0.9783494422867809,NS
ENSSSCG00000002424,3.0477277044061886,2.2403370145440697,-0.8073906898621188,-0.21541950113378694,0.23700282758848334,21,21,0.49934320517832165,NS
ENSSSCG00000008878,0.9902140330943667,0.979984558590078,-0.010229474504288683,-0.06575963718820854,0.7223183509843947,21,21,0.8813087398839223,NS
ENSSSCG00000022099,0.9781691883761423,0.5710855846904416,-0.40708360368570073,-0.28798185941043086,0.11219148137311034,21,21,0.3499967010457579,NS
ENSSSCG00000012884,0.9755533712240226,0.5760417502608901,-0.39951162096313253,-0.19727891156462585,0.27899737479423703,21,21,0.5446243796584893,NS
ENSSSCG00000029474,2.2876554267817943,2.0490568401440235,-0.2385985866377709,-0.031746031746031855,0.8696747409694051,21,21,0.9568697775425999,NS
ENSSSCG00000006628,0.8680346036995374,1.1305691219072334,0.2625345182076959,0.2108843537414966,0.23387920687807362,21,21,0.49934320517832165,NS
ENSSSCG00000023920,0.5325522891416906,0.4569139273876826,-0.07563836175400801,-0.17006802721088432,0.3354726927102596,21,21,0.6008056035381634,NS
ENSSSCG00000038281,2.188710482925097,1.309847784167907,-0.8788626987571901,-0.22448979591836737,0.2166677271657954,21,21,0.47992085027495884,NS
ENSSSCG00000037632,0.3242104031143742,1.363660966490333,1.0394505633759588,0.6145124716553287,0.000283352971442119,21,21,0.025576334001222844,Up (PA>IVF)
ENSSSCG00000030617,1.156882352023112,1.1725808378358529,0.015698485812740914,0.015873015873015928,0.9393005427885712,21,21,0.9783494422867809,NS
ENSSSCG00000006273,1.5947613984695714,1.3919611108193881,-0.20280028765018332,-0.16780045351473927,0.3585028000187661,21,21,0.6226149893996799,NS
ENSSSCG00000013367,0.7687424293878531,0.3564343630684148,-0.4123080663194383,-0.2789115646258504,0.1072458904955794,21,21,0.34142639477651104,NS
ENSSSCG00000007895,0.24525251165898704,0.5218027899006407,0.2765502782416536,0.15192743764172334,0.39552506113999064,21,21,0.6579296603832046,NS
ENSSSCG00000012617,2.052619040509183,2.08800133780967,0.0353822973004867,0.08843537414965985,0.6326241973383271,21,21,0.8251293316812793,NS
ENSSSCG00000014196,1.1452853714489262,0.5492695297961433,-0.5960158416527829,-0.3242630385487528,0.07268478537548459,21,21,0.28508726568086007,NS
ENSSSCG00000025417,2.9551340846913043,2.207504018182392,-0.7476300665089122,-0.20861678004535156,0.2523614009790499,21,21,0.520348425222808,NS
ENSSSCG00000017968,1.9067269094989718,2.0861313559456427,0.17940444644667086,0.1201814058956916,0.5121212612563548,21,21,0.7460214807570579,NS
ENSSSCG00000022496,2.0937452273970583,1.987119183275635,-0.10662604412142329,-0.08390022675736963,0.6506375130102705,21,21,0.8344026504702031,NS
ENSSSCG00000001990,1.0714172723469741,0.00561963966572508,-1.065797632681249,-0.8004535147392291,2.217434521407671e-06,21,21,0.0029068459367547444,Down (PA<IVF)
ENSSSCG00000036870,0.3528672315207332,0.6602561616486264,0.30738893012789326,0.07256235827664403,0.6911411568296035,21,21,0.8617281599147729,NS
ENSSSCG00000023391,3.428932143807766,3.3525061383135073,-0.07642600549425849,0.0113378684807256,0.9598741753513395,21,21,0.9869209896448123,NS
ENSSSCG00000033944,2.3408923019696806,1.7699217813528296,-0.5709705206168509,-0.17913832199546476,0.32647790350951655,21,21,0.5929529726545689,NS
ENSSSCG00000032878,0.3528760083941715,0.8077825550272941,0.45490654663312263,0.2562358276643991,0.1321176082347814,21,21,0.38048983731763236,NS
ENSSSCG00000000683,3.689990627444862,3.863486148591912,0.1734955211470499,0.06349206349206349,0.7341455372450936,21,21,0.8882254648150515,NS
ENSSSCG00000006755,1.898693702483885,1.9518434085313647,0.053149706047479706,0.08843537414965985,0.6326241973383271,21,21,0.8251293316812793,NS
ENSSSCG00000011746,0.6339413399796033,0.796111371411664,0.16217003143206066,0.12244897959183676,0.5048376939386108,21,21,0.7421278027073629,NS
ENSSSCG00000004703,1.046373499154797,0.36965300165862924,-0.6767204974961678,-0.19274376417233552,0.28962418169622595,21,21,0.5572357098576629,NS
ENSSSCG00000032554,3.018796800377867,2.573805773307925,-0.4449910270699422,-0.2403628117913832,0.18643076568100103,21,21,0.4452517959821363,NS
ENSSSCG00000008852,3.2658557606938685,2.640528904570406,-0.6253268561234626,-0.1428571428571428,0.4351198013645786,21,21,0.6880757384611778,NS
ENSSSCG00000012625,0.6880840644655989,0.910669806375738,0.22258574191013913,0.11564625850340138,0.5091758539201837,21,21,0.7460214807570579,NS
ENSSSCG00000003489,0.29457644740434374,0.686101942151374,0.39152549474703024,0.36961451247165533,0.040230479728514366,21,21,0.2229777250509772,NS
ENSSSCG00000021368,3.201317920973281,2.2789880815178933,-0.9223298394553878,-0.13378684807256236,0.4635039433200243,21,21,0.7103857207086134,NS
ENSSSCG00000014284,2.3718578314169205,1.9108419861223263,-0.4610158452945943,-0.08390022675736963,0.6499481803332365,21,21,0.8344026504702031,NS
ENSSSCG00000011041,0.5309282022662443,0.6066944870704191,0.0757662848041748,-0.054421768707483054,0.7681649326345716,21,21,0.9068338389043472,NS
ENSSSCG00000024932,2.707876851059257,2.277258144662885,-0.430618706396372,-0.16099773242630389,0.37861508946133926,21,21,0.6403962425284595,NS
ENSSSCG00000025139,0.6474930953222339,0.05317201416837688,-0.594321081153857,-0.40362811791383213,0.010811871269765815,21,21,0.12193098844634605,NS
ENSSSCG00000011901,2.395999548955259,1.6075256978125072,-0.7884738511427516,-0.2925170068027212,0.10734801478089255,21,21,0.34142639477651104,NS
ENSSSCG00000026953,1.521502362763763,1.7928381315937052,0.27133576882994226,0.04081632653061229,0.8306168708924009,21,21,0.938943668250364,NS
ENSSSCG00000008419,0.4332353906947578,0.7946269317109743,0.3613915410162165,0.26077097505668934,0.1378698765010335,21,21,0.3858781529159893,NS
ENSSSCG00000015814,1.0737010643521616,0.8917928643175915,-0.1819082000345701,-0.15646258503401356,0.39131096718461467,21,21,0.6539796048612466,NS
ENSSSCG00000015600,2.8156315895768524,1.439856628451827,-1.3757749611250254,-0.4240362811791383,0.019212506160017174,21,21,0.15552648422397167,NS
ENSSSCG00000020686,0.5063487830403476,0.19500636043884262,-0.31134242260150496,-0.3696145124716552,0.0238857854117159,21,21,0.17431541268550116,NS
ENSSSCG00000011264,0.7112475422147821,0.9455179208860243,0.23427037867124212,0.21541950113378683,0.23547849383010067,21,21,0.49934320517832165,NS
ENSSSCG00000015888,1.0686169922736026,0.5276940619074368,-0.5409229303661658,-0.4104308390022675,0.022648933793119583,21,21,0.17036369059298284,NS
ENSSSCG00000011604,0.7271355655847006,1.1296166513238435,0.4024810857391429,0.3900226757369615,0.030914367029464988,21,21,0.19907230616532534,NS
ENSSSCG00000021072,0.3141072039126408,0.4031634617152056,0.08905625780256482,-0.11337868480725621,0.5208492758956162,21,21,0.7533563423093511,NS
ENSSSCG00000010246,1.2204209024535855,1.6039169380086442,0.38349603555505873,0.1428571428571429,0.4344477408452442,21,21,0.6880757384611778,NS
ENSSSCG00000005782,0.5714935906948106,0.1254331854450061,-0.44606040524980456,-0.5056689342403629,0.002258676246112564,21,21,0.06276668647359508,NS
ENSSSCG00000001042,0.11730672747926556,0.6535013139005876,0.5361945864213221,0.2857142857142857,0.08132911179315883,21,21,0.3023991346304046,NS
ENSSSCG00000040713,1.588543515822092,1.086811941613575,-0.5017315742085169,-0.1882086167800454,0.3022817852216241,21,21,0.5703026187481536,NS
ENSSSCG00000003903,2.3700296903254854,3.1466460478524927,0.7766163575270073,0.2562358276643991,0.15890066605169761,21,21,0.4089176259717459,NS
ENSSSCG00000036067,0.6267282237173744,0.4258881431828695,-0.20084008053450486,-0.04308390022675734,0.8200268180402539,21,21,0.9318998211511518,NS
ENSSSCG00000016590,1.6091470145226003,1.5098981565408107,-0.09924885798178962,-0.08390022675736963,0.6504258436811943,21,21,0.8344026504702031,NS
ENSSSCG00000032294,1.568556332621068,0.9436877557478741,-0.624868576873194,-0.19047619047619047,0.2690661945242838,21,21,0.5361005211840218,NS
ENSSSCG00000014271,0.7544472009501575,0.4401559437525453,-0.3142912571976122,-0.10657596371882083,0.5318552480105343,21,21,0.7609023986136111,NS
ENSSSCG00000016491,0.9623519500052181,0.7046363286412486,-0.2577156213639695,-0.3537414965986394,0.04489807378587896,21,21,0.23194712624352232,NS
ENSSSCG00000007659,1.1647167594403027,0.5809446656853776,-0.5837720937549251,-0.3424036281179139,0.057509153123404634,21,21,0.256894492444888,NS
ENSSSCG00000032697,1.2069357313782458,1.2811236678148232,0.0741879364365774,0.0975056689342404,0.5634195304047296,21,21,0.7835106382680813,NS
ENSSSCG00000009904,1.6490073096073314,1.766236977442675,0.1172296678353435,0.1428571428571429,0.435306068404295,21,21,0.6880757384611778,NS
ENSSSCG00000038976,1.0340361229799226,0.621316058740309,-0.4127200642396136,-0.27664399092970515,0.06968064667345011,21,21,0.27842598868122526,NS
ENSSSCG00000014197,1.2114721304185945,0.8626524561053166,-0.34881967431327787,-0.06802721088435382,0.7151814965285204,21,21,0.8770020818198087,NS
ENSSSCG00000010543,3.5759205183445406,2.98290473125226,-0.5930157870922805,-0.05895691609977316,0.753172077097045,21,21,0.8993490772647048,NS
ENSSSCG00000002819,1.8951095366980202,1.08831671255714,-0.8067928241408802,-0.3015873015873016,0.09572172598396211,21,21,0.3231631520724199,NS
ENSSSCG00000040286,1.2514106619218883,0.4261729618849926,-0.8252377000368958,-0.32879818594104315,0.06971050355663194,21,21,0.27842598868122526,NS
ENSSSCG00000011677,0.9079059329226521,0.668489504240718,-0.23941642868193413,-0.2108843537414966,0.2468220680014227,21,21,0.5117165520743475,NS
ENSSSCG00000039593,0.8288186783661919,0.120164526290056,-0.7086541520761359,-0.32879818594104315,0.019180637411624544,21,21,0.15552648422397167,NS
ENSSSCG00000028336,0.6368503560560528,0.6831681955189469,0.04631783946289414,-0.006802721088435382,0.9795503010255155,21,21,0.9954575561004508,NS
ENSSSCG00000016098,2.5972919211711005,2.6257321999967727,0.028440278825672127,0.0680272108843537,0.7152808524463308,21,21,0.8770020818198087,NS
ENSSSCG00000031623,0.8946428638404347,0.5101256124151149,-0.3845172514253198,-0.05668934240362811,0.7340257817540699,21,21,0.8882254648150515,NS
ENSSSCG00000033527,0.605868895330075,0.8644410098380304,0.25857211450795536,0.05895691609977327,0.748658460355812,21,21,0.8959869221983374,NS
ENSSSCG00000021478,1.6507068861655512,2.429904217542237,0.779197331376686,0.12244897959183676,0.5049930879064096,21,21,0.7421278027073629,NS
ENSSSCG00000040333,1.7683522072820306,1.714452238669568,-0.0538999686124626,0.015873015873015928,0.9398405445499176,21,21,0.9783494422867809,NS
ENSSSCG00000035663,1.5175133915963206,1.4938054596287045,-0.023707931967616114,-0.006802721088435382,0.9799144613736793,21,21,0.9954575561004508,NS
ENSSSCG00000023807,0.31766526445121485,0.2718011167006165,-0.04586414775059833,-0.0226757369614512,0.9046077943995567,21,21,0.9690208415960273,NS
ENSSSCG00000040771,1.2134348556482304,2.309961935601174,1.0965270799529434,0.26077097505668934,0.1253515361620314,21,21,0.3698544249770045,NS
ENSSSCG00000008549,2.1895362816296524,0.9549952815614182,-1.2345410000682342,-0.4693877551020409,0.009324968666102513,21,21,0.11484611319472754,NS
ENSSSCG00000004601,1.997384159938984,2.321956914641399,0.3245727547024151,0.10657596371882083,0.5628079392840412,21,21,0.7833833809361512,NS
ENSSSCG00000032655,0.8899052636843039,0.9633242314354195,0.07341896775111556,0.05215419501133789,0.7649419997762681,21,21,0.903962466574539,NS
ENSSSCG00000027415,0.789790386701712,0.5211977460486289,-0.2685926406530831,-0.12925170068027203,0.4686932809159706,21,21,0.7143381264349163,NS
ENSSSCG00000009798,3.202796508494753,2.500835983947031,-0.7019605245477223,-0.2108843537414966,0.24712872933711605,21,21,0.5117165520743475,NS
ENSSSCG00000038841,1.4637382191555721,0.4746159374939027,-0.9891222816616694,-0.2743764172335601,0.0782244944974317,21,21,0.29484995892048155,NS
ENSSSCG00000033635,0.5258483514166611,0.6206098110152949,0.0947614595986338,0.038548752834467126,0.825791101700645,21,21,0.9364688936524611,NS
ENSSSCG00000006866,3.030963321793025,2.232164656229545,-0.79879866556348,-0.2517006802721089,0.16647429908910105,21,21,0.41913082991704775,NS
ENSSSCG00000011075,0.33380849373620985,0.47621548986247997,0.1424069961262701,-0.09297052154195007,0.6047539268141771,21,21,0.8132466305489694,NS
ENSSSCG00000033368,1.209300661424228,0.4264966277585059,-0.7828040336657223,-0.48299319727891166,0.0071323948915663704,21,21,0.09944761982956363,NS
ENSSSCG00000027587,2.8382693190754007,2.024902162117556,-0.8133671569578449,-0.256235827664399,0.15891754968522953,21,21,0.4089176259717459,NS
ENSSSCG00000040466,2.3114781632096744,2.4859742786692633,0.17449611545958899,0.061224489795918324,0.7436492622639466,21,21,0.8907689783709924,NS
ENSSSCG00000027659,1.6026637749443413,0.30109714284365185,-1.3015666321006893,-0.5600907029478459,0.0017956000038682565,21,21,0.05502388813723013,NS
ENSSSCG00000027865,0.3666039051682169,0.2096650498529233,-0.15693885531529359,-0.1428571428571428,0.3994358853910306,21,21,0.661707359039476,NS
ENSSSCG00000016201,0.35053848934420956,0.41593209456540603,0.06539360522119647,-0.05668934240362811,0.7340257817540699,21,21,0.8882254648150515,NS
ENSSSCG00000033175,0.5413203525301303,0.5331215535113676,-0.008198799018762748,-0.07029478458049887,0.6920512437008286,21,21,0.8620794501157952,NS
ENSSSCG00000017397,2.9287101733399172,3.0652992359036295,0.13658906256371228,0.0975056689342404,0.597311573194272,21,21,0.8062920726419195,NS
ENSSSCG00000012452,2.2272240111424546,2.244399197909738,0.017175186767283357,-0.04761904761904767,0.8012254262382065,21,21,0.9213153463710844,NS
ENSSSCG00000025759,2.750100970095492,1.2968581653543478,-1.4532428047411443,-0.33333333333333326,0.06388817352904248,21,21,0.2690441193426835,NS
ENSSSCG00000009223,0.8845616461895499,0.29442789047687146,-0.5901337557126785,-0.20181405895691618,0.2520573589810172,21,21,0.520348425222808,NS
ENSSSCG00000017119,0.5775048033053422,0.3037741055443922,-0.27373069776094994,-0.31065759637188206,0.07256921516234997,21,21,0.2849598259952609,NS
ENSSSCG00000001696,0.4289523896559092,0.16199030678953902,-0.2669620828663702,-0.2585034013605443,0.11509604001894636,21,21,0.35517716353125145,NS
ENSSSCG00000003749,0.3288521502230795,0.8430165778783112,0.5141644276552317,0.34013605442176875,0.05618004377870277,21,21,0.2536691038858453,NS
ENSSSCG00000031872,1.7800499797517544,1.3782864051527213,-0.4017635745990331,-0.1428571428571428,0.4045234326847196,21,21,0.664517472366019,NS
ENSSSCG00000022845,0.8289843490122515,0.7502343213789336,-0.07875002763331784,-0.1201814058956916,0.510238786393281,21,21,0.7460214807570579,NS
ENSSSCG00000038754,4.074345748618269,4.381790928598093,0.30744517997982435,0.17006802721088432,0.35178129575722294,21,21,0.6139228892038759,NS
ENSSSCG00000013283,4.439835056123465,4.8218895980814604,0.38205454195799504,0.0975056689342404,0.597311573194272,21,21,0.8062920726419195,NS
ENSSSCG00000016946,1.758507186080975,1.7097738968812457,-0.04873328919972919,0.08390022675736963,0.6430488687559992,21,21,0.8337394140363172,NS
ENSSSCG00000036210,2.6829184130553267,2.65076233223375,-0.032156080821576616,-0.04761904761904767,0.8013753091229132,21,21,0.9213153463710844,NS
ENSSSCG00000009592,1.6232267996764584,1.2372275515275308,-0.3859992481489276,-0.1383219954648527,0.4482305419424436,21,21,0.6984759079638868,NS
ENSSSCG00000038919,0.5384493417027552,0.31064013118439426,-0.2278092105183609,-0.20634920634920628,0.17725922051598664,21,21,0.4344402474954156,NS
ENSSSCG00000016069,2.1059490396562923,1.173635167087882,-0.9323138725684104,-0.28344671201814053,0.11869179639302878,21,21,0.3593522290120254,NS
ENSSSCG00000030318,0.6868820217440603,0.5370491772468207,-0.14983284449723966,-0.12698412698412698,0.4766707587616147,21,21,0.7223387232262236,NS
ENSSSCG00000029874,0.8240832137652441,0.6798601174779014,-0.14422309628734264,-0.14512471655328807,0.4149677622207195,21,21,0.6750483397757022,NS
ENSSSCG00000001816,1.221549144201923,0.9840277247740337,-0.2375214194278894,0.0022675736961451642,1.0,21,21,1.0,NS
ENSSSCG00000031661,0.6766322030566589,0.3770982140132415,-0.29953398904341744,-0.20181405895691618,0.21978871000731404,21,21,0.4837184955566809,NS
ENSSSCG00000035119,0.6244992148334776,0.5277081543525102,-0.09679106048096742,-0.03401360544217691,0.8569745628885682,21,21,0.9490399532059208,NS
ENSSSCG00000009540,0.7805243140344625,0.569858208256705,-0.21066610577775757,-0.04308390022675734,0.8147679869326032,21,21,0.9318998211511518,NS
ENSSSCG00000022145,2.30559281548179,0.6518940121418323,-1.6536988033399576,-0.564625850340136,0.0016873115228996918,21,21,0.05309613324354076,NS
ENSSSCG00000016886,0.7309483091136295,0.7239146223296172,-0.007033686784012283,-0.061224489795918435,0.7238181125339386,21,21,0.8813087398839223,NS
ENSSSCG00000009007,1.5067691923601847,1.3717338949326001,-0.13503529742758458,-0.015873015873015817,0.9398332443569812,21,21,0.9783494422867809,NS
ENSSSCG00000024296,1.1425420716684773,1.6049745992880449,0.46243252761956755,0.21541950113378683,0.23159409651033092,21,21,0.4967903383554941,NS
ENSSSCG00000017615,1.5130613628218421,0.6243525494152846,-0.8887088134065575,-0.3786848072562359,0.036537611420740974,21,21,0.21234539296334817,NS
ENSSSCG00000033821,0.04827714174816715,1.1436187638819386,1.0953416221337715,0.63718820861678,0.00011725333017609844,21,21,0.01787461877795634,Up (PA>IVF)
ENSSSCG00000005371,1.3730717420588148,1.3115663798360475,-0.06150536222276726,-0.11111111111111116,0.5460017363773491,21,21,0.7703997318854171,NS
ENSSSCG00000029866,0.7944283048721036,0.9701733902556716,0.17574508538356803,0.11337868480725621,0.5208492758956162,21,21,0.7533563423093511,NS
ENSSSCG00000016738,0.8719269499509291,0.22623032059920828,-0.6456966293517208,-0.43310657596371893,0.011405877798272502,21,21,0.1238268307613523,NS
ENSSSCG00000006783,1.3547068562437696,0.5351195571332441,-0.8195872991105255,-0.37414965986394555,0.03475275515718157,21,21,0.2071276284780761,NS
ENSSSCG00000015083,3.495905592395976,2.5165383136964357,-0.9793672786995402,-0.18140589569161003,0.3203728397848544,21,21,0.5882649038876074,NS
ENSSSCG00000004997,1.1252595228439144,0.565253007872091,-0.5600065149718234,-0.30612244897959173,0.08813652602518361,21,21,0.31194620610365387,NS
ENSSSCG00000040566,1.805443286977999,1.3449757632384791,-0.46046752373951993,-0.17233560090702937,0.34548734710987816,21,21,0.6093308137361777,NS
ENSSSCG00000014296,1.2839535065231207,1.405792541070824,0.1218390345477034,-0.009070294784580435,0.969797162372695,21,21,0.9946937019528808,NS
ENSSSCG00000016846,0.8058679879992092,0.47369883789229983,-0.3321691501069094,-0.3038548752834467,0.0765593594298899,21,21,0.29324243757065593,NS
ENSSSCG00000039397,1.4517036127881748,1.6795957752722201,0.2278921624840453,0.14739229024943312,0.4208290941795192,21,21,0.6751374148904354,NS
ENSSSCG00000015101,5.618986920026586,6.906369702407706,1.28738278238112,0.26530612244897955,0.14455604430349378,21,21,0.3939827031871146,NS
ENSSSCG00000001528,0.6694858621904578,0.6661266401333007,-0.0033592220571571074,0.020408163265306145,0.9170707629637926,21,21,0.9725908472022055,NS
ENSSSCG00000013391,1.3196566204522033,1.6380239441794955,0.31836732372729215,0.11791383219954643,0.5184068685919472,21,21,0.7521724023986375,NS
ENSSSCG00000032739,0.9612077361006934,0.8406401337298988,-0.12056760237079467,-0.09297052154195007,0.6124970927936086,21,21,0.8157225327032747,NS
ENSSSCG00000005047,0.5473465721086772,0.6817780488496828,0.13443147674100564,-0.024943310657596474,0.8930493185856647,21,21,0.965040287671819,NS
ENSSSCG00000025295,0.3027877579926963,0.33884061397459014,0.03605285598189384,-0.0453514739229024,0.8076098102269444,21,21,0.9278518335549889,NS
ENSSSCG00000023139,1.2221449164932174,0.6739246061238655,-0.5482203103693519,-0.21541950113378694,0.22624287973915558,21,21,0.49084652942506357,NS
ENSSSCG00000035440,3.6343732922926857,2.889151746772382,-0.7452215455203035,-0.0748299319727892,0.6838329493085795,21,21,0.8572780981928975,NS
ENSSSCG00000036294,1.1750198494091026,0.7854533705705881,-0.3895664788385146,-0.05215419501133778,0.7714693457744792,21,21,0.9077127092354017,NS
ENSSSCG00000016005,3.6106084965708667,2.306868348337118,-1.3037401482337487,-0.4058956916099774,0.025164969815949612,21,21,0.1780582660160118,NS
ENSSSCG00000032129,0.3470477435490699,0.5522895564372071,0.2052418128881372,0.07709750566893425,0.6654564264731249,21,21,0.8447545916162275,NS
ENSSSCG00000004634,1.1039059667191307,0.7991610740024054,-0.3047448927167252,-0.3197278911564625,0.07813425251075112,21,21,0.29484995892048155,NS
ENSSSCG00000039560,4.843280159847376,5.380055045754166,0.53677488590679,0.13378684807256236,0.46568579971233737,21,21,0.7103857207086134,NS
ENSSSCG00000038436,0.38998195250924733,0.5407241907243985,0.15074223821515115,-0.01133786848072571,0.9596778225431423,21,21,0.9869209896448123,NS
ENSSSCG00000007804,0.4810807300093558,0.18786448066671066,-0.2932162493426451,-0.18140589569161003,0.25530224944762825,21,21,0.523503631199315,NS
ENSSSCG00000017385,1.5187405317103546,1.207651189760084,-0.3110893419502707,-0.12471655328798192,0.4969382406152195,21,21,0.7336937392345346,NS
ENSSSCG00000039862,0.3875839140379007,0.3875899657853421,6.0517474413934735e-06,0.0022675736961451642,1.0,21,21,1.0,NS
ENSSSCG00000011351,0.6519002084973011,0.6172183981933618,-0.03468181030393935,0.013605442176870763,0.9426036805171034,21,21,0.9807767705668632,NS
ENSSSCG00000007423,1.663095949680736,1.3114429316600786,-0.3516530180206574,-0.1768707482993197,0.32712697178371886,21,21,0.5938319731241893,NS
ENSSSCG00000021487,3.098628081749863,3.135338069805321,0.036709988055458,0.01814058956916098,0.9298380027714146,21,21,0.9783494422867809,NS
ENSSSCG00000016453,0.44258461182257186,0.16013440827879308,-0.2824502035437788,-0.23809523809523814,0.16973594911273238,21,21,0.4260477903085782,NS
ENSSSCG00000018080,0.381289297421771,0.8856051380409076,0.5043158406191366,0.2108843537414966,0.19953868514362216,21,21,0.4574984559108449,NS
ENSSSCG00000030478,0.4090760409603523,0.43801267995175813,0.028936638991405805,-0.061224489795918435,0.7081153591841532,21,21,0.8708625607750612,NS
ENSSSCG00000003401,1.8263578542666774,2.2257059627189135,0.3993481084522361,0.15646258503401356,0.39238776291674793,21,21,0.6539796048612466,NS
ENSSSCG00000013633,0.516080235135069,0.38123685124225565,-0.1348433838928133,-0.32879818594104315,0.06761314644135331,21,21,0.2764160813990964,NS
ENSSSCG00000035742,1.3323982178524172,0.8323438598506521,-0.5000543580017651,-0.09977324263038545,0.5191618772553996,21,21,0.7527495801414957,NS
ENSSSCG00000039996,0.422889236454082,0.12856962312063322,-0.2943196133334488,-0.36734693877551017,0.032044757151532495,21,21,0.20315497363626772,NS
ENSSSCG00000007749,2.521126385800631,4.203313088056741,1.68218670225611,0.43083900226757366,0.01743924671950847,21,21,0.14916861907210485,NS
ENSSSCG00000017091,0.7691099337467797,0.46691444852283537,-0.30219548522394435,-0.32879818594104315,0.06874623348215554,21,21,0.27842598868122526,NS
ENSSSCG00000025775,2.991293540520857,3.105774940642413,0.11448140012155594,-0.07709750566893425,0.6780785592961398,21,21,0.8528820896170735,NS
ENSSSCG00000038831,1.182033816618815,0.9331723284919081,-0.24886148812690678,-0.15873015873015883,0.33597414531006153,21,21,0.6008056035381634,NS
ENSSSCG00000039867,0.25833261857983514,0.38517124377377926,0.12683862519394412,0.0,1.0,21,21,1.0,NS
ENSSSCG00000016597,0.991437741868195,1.0447525098146797,0.05331476794648471,0.12471655328798181,0.4968335638333953,21,21,0.7336937392345346,NS
ENSSSCG00000004020,0.8522907549795051,0.7769971814079384,-0.07529357357156674,0.03628117913832196,0.8416856864525555,21,21,0.9408446812880121,NS
ENSSSCG00000039760,1.1057243458126742,1.1118660652024313,0.00614171938975705,0.03628117913832196,0.8501428522549881,21,21,0.9480546773314797,NS
ENSSSCG00000009572,2.6055539989632397,2.5489956874051733,-0.05655831155806634,-0.038548752834467015,0.8405062858111236,21,21,0.9396794525202588,NS
ENSSSCG00000036975,0.4647884222126809,0.11817127535263097,-0.34661714686004996,-0.35147392290249435,0.042034920448130716,21,21,0.2259871115001385,NS
ENSSSCG00000024030,1.3736693924191223,0.8265734890342749,-0.5470959033848475,-0.17913832199546476,0.32586932421602544,21,21,0.5929529726545689,NS
ENSSSCG00000017543,0.5355859422427705,0.5152774158164956,-0.020308526426274898,0.0022675736961451642,1.0,21,21,1.0,NS
ENSSSCG00000032583,1.2309958165045967,0.39738260197969655,-0.8336132145249001,-0.37414965986394555,0.03782923610852311,21,21,0.21598672940182834,NS
ENSSSCG00000016087,0.8131712089319891,0.9237296135754326,0.11055840464344346,0.17913832199546487,0.3241926092178574,21,21,0.5929529726545689,NS
ENSSSCG00000006930,1.6892127019805003,1.4575637228031237,-0.2316489791773766,-0.08843537414965996,0.632679341784771,21,21,0.8251293316812793,NS
ENSSSCG00000002965,1.0868448258903027,0.6636791433039367,-0.423165682586366,-0.21315192743764166,0.24191400258404228,21,21,0.5075015467053609,NS
ENSSSCG00000032658,1.0199541838628874,0.8591168486422353,-0.16083733522065213,-0.1360544217687074,0.45739153895350737,21,21,0.7071712995078449,NS
ENSSSCG00000004814,1.2836702423086177,1.8787852689333813,0.5951150266247636,0.17233560090702948,0.3453113775690234,21,21,0.6093308137361777,NS
ENSSSCG00000004646,0.6263595535494346,0.09521627622187866,-0.531143277327556,-0.2811791383219955,0.09458990652101053,21,21,0.32123106868026347,NS
ENSSSCG00000016510,2.3045812433765724,1.876203757355497,-0.4283774860210754,-0.1020408163265305,0.5799101311411211,21,21,0.794449839978317,NS
ENSSSCG00000021664,0.7733935645333018,1.1086211376045503,0.3352275730712485,0.05895691609977327,0.7515697841157951,21,21,0.898687244035969,NS
ENSSSCG00000020735,1.3193640921650438,0.46711219389718295,-0.8522518982678609,-0.4693877551020409,0.009221507688138333,21,21,0.11398115809122336,NS
ENSSSCG00000014101,1.4291575150404758,1.7370869050960405,0.30792939005556463,0.08843537414965985,0.6326241973383271,21,21,0.8251293316812793,NS
ENSSSCG00000014362,2.848200197559911,1.8809317374796808,-0.9672684600802302,-0.32879818594104315,0.06988077144074939,21,21,0.27842598868122526,NS
ENSSSCG00000005524,0.7648039165644863,0.893304809310171,0.12850089274568466,0.11337868480725621,0.5362959447905369,21,21,0.7659775517932715,NS
ENSSSCG00000015309,0.8670383756036615,0.1919827890313255,-0.675055586572336,-0.6825396825396826,2.1646767554433975e-05,21,21,0.00824982363463428,NS
ENSSSCG00000003412,0.9675537955122353,1.03779517019465,0.07024137468241465,0.12698412698412698,0.48845646238030205,21,21,0.730602101081082,NS
ENSSSCG00000017414,0.21479253222219297,0.5579845955890338,0.3431920633668408,0.20408163265306123,0.2435544059071808,21,21,0.5096959196227152,NS
ENSSSCG00000009528,1.663905243597783,1.5390266199567837,-0.12487862364099933,0.07029478458049887,0.7056963865604148,21,21,0.8691022220107433,NS
ENSSSCG00000006059,0.2725719424468966,0.12250418624212991,-0.15006775620476667,-0.19047619047619047,0.1276742444219918,21,21,0.3750943540620401,NS
ENSSSCG00000037121,0.5423785673193496,0.5631517984356642,0.020773231116314572,-0.09297052154195007,0.6116917218547059,21,21,0.8157225327032747,NS
ENSSSCG00000037552,1.779731767605666,0.9737769390785664,-0.8059548285270997,-0.32199546485260777,0.06808309781379952,21,21,0.2776754167673393,NS
ENSSSCG00000022447,0.9127490027181091,0.634959529191445,-0.27778947352666405,-0.2970521541950113,0.1003557758691989,21,21,0.3317786132350383,NS
ENSSSCG00000015135,1.5682768949439374,1.9407681756201138,0.37249128067617643,0.10204081632653061,0.5799715449870863,21,21,0.794449839978317,NS
ENSSSCG00000016117,2.6779294446384574,1.9874317433817386,-0.6904977012567188,-0.19727891156462585,0.27936778250210625,21,21,0.5446243796584893,NS
ENSSSCG00000029343,0.8443907228476196,1.0604380772769642,0.21604735442934453,0.18367346938775508,0.31194095484834594,21,21,0.5805420605146814,NS
ENSSSCG00000006337,2.167610066540878,1.1326664218867182,-1.0349436446541598,-0.30612244897959173,0.08900658796551497,21,21,0.3136030782965756,NS
ENSSSCG00000008996,3.076467768524785,3.1376936401963254,0.061225871671540144,0.1315192743764172,0.4733940615873917,21,21,0.7187877960357475,NS
ENSSSCG00000004283,1.2452703725865841,1.3455160659266925,0.10024569334010835,0.09070294784580502,0.6225674012447484,21,21,0.8240039306461459,NS
ENSSSCG00000000816,0.5969330278089893,0.18727309022304706,-0.4096599375859422,-0.44897959183673475,0.009844324214595794,21,21,0.11778791333037791,NS
ENSSSCG00000017920,0.40084325169212626,0.4532633459389364,0.052420094246810156,0.33333333333333337,0.05188169040353425,21,21,0.24682112491978944,NS
ENSSSCG00000017673,1.7829651559505588,0.6113124939763902,-1.1716526619741687,-0.45578231292517013,0.011692178831746893,21,21,0.12484435276736633,NS
ENSSSCG00000010107,1.3124742079457508,1.3345304793196422,0.022056271373891434,0.0975056689342404,0.597162960351861,21,21,0.8062920726419195,NS
ENSSSCG00000005101,3.636135420549673,3.2931320736226777,-0.3430033469269955,-0.03401360544217691,0.860217489455126,21,21,0.9490399532059208,NS
ENSSSCG00000015435,1.743116872361929,1.6394787789032332,-0.10363809345869579,-0.0975056689342404,0.597311573194272,21,21,0.8062920726419195,NS
ENSSSCG00000014255,0.4778031542617656,0.22738650347475256,-0.25041665078701303,-0.5510204081632653,0.0013983659403817273,21,21,0.04872966243563211,NS
ENSSSCG00000008681,1.076588653827984,0.6956532590928424,-0.3809353947351417,-0.1201814058956916,0.5067455772945796,21,21,0.7445437267596522,NS
ENSSSCG00000017694,1.069886517021613,1.0550032545145698,-0.014883262507043193,-0.0022675736961450532,1.0,21,21,1.0,NS
ENSSSCG00000006193,2.6941150715007285,1.1109886285943131,-1.5831264429064154,-0.5736961451247165,0.0015236704740567977,21,21,0.0505977886445505,NS
ENSSSCG00000027529,2.813952013455785,3.4543285151664724,0.6403765017106875,0.13832199546485258,0.4504456875848739,21,21,0.6984759079638868,NS
ENSSSCG00000015936,1.0683684013595138,0.940822383251538,-0.12754601810797583,0.038548752834467126,0.8350349729956306,21,21,0.9396794525202588,NS
ENSSSCG00000031580,0.7206244701826081,0.40000617792345977,-0.32061829225914834,-0.2811791383219955,0.11934585026673797,21,21,0.36019029161012867,NS
ENSSSCG00000000791,0.9285697444585332,0.7857542687214412,-0.14281547573709208,0.020408163265306145,0.9195765231095747,21,21,0.9725908472022055,NS
ENSSSCG00000005455,1.1523620986210628,1.2405174087838504,0.08815531016278766,-0.031746031746031855,0.8701098647683292,21,21,0.9568697775425999,NS
ENSSSCG00000003697,3.028773097439843,2.391677796971472,-0.637095300468371,-0.20861678004535156,0.2523614009790499,21,21,0.520348425222808,NS
ENSSSCG00000028202,0.16996909326482607,0.33748659064141195,0.1675174973765859,0.1882086167800453,0.22881918643183208,21,21,0.4936506757558805,NS
ENSSSCG00000011882,0.9924846499792191,0.7360373462610098,-0.25644730371820934,-0.02947845804988658,0.8800081312598497,21,21,0.9581000128681301,NS
ENSSSCG00000032674,1.0501101736944383,0.4177213712669507,-0.6323888024274875,-0.2970521541950113,0.07372194861596137,21,21,0.287638363555999,NS
ENSSSCG00000023479,0.37007732198225113,0.36700189224769364,-0.003075429734557489,-0.09297052154195007,0.6026307143369367,21,21,0.8117115060576057,NS
ENSSSCG00000008125,2.133936282525301,2.010354046557658,-0.12358223596764306,-0.061224489795918435,0.7436492622639466,21,21,0.8907689783709924,NS
ENSSSCG00000009188,1.2673239567734984,0.9518996285251007,-0.3154243282483977,-0.15192743764172345,0.406269731772258,21,21,0.664517472366019,NS
ENSSSCG00000029066,0.4755637450819147,0.49901389820326986,0.023450153121355177,0.07936507936507942,0.6642177217442886,21,21,0.8447545916162275,NS
ENSSSCG00000026269,2.4251249100580434,1.3608388970444978,-1.0642860130135456,-0.256235827664399,0.15885001098352836,21,21,0.4089176259717459,NS
ENSSSCG00000013729,0.44484142961817746,0.6631519720493999,0.21831054243122244,-0.05215419501133778,0.7770132139738273,21,21,0.9109394814543041,NS
ENSSSCG00000000690,0.7740305175292368,0.886977904533208,0.11294738700397122,-0.16099773242630389,0.3622495309936703,21,21,0.6272800312138134,NS
ENSSSCG00000039757,0.35304894101968215,0.3901103154662467,0.03706137444656454,0.015873015873015928,0.9363206862179534,21,21,0.9783494422867809,NS
ENSSSCG00000028025,0.22715832053514035,0.24126163946113396,0.014103318925993619,0.04308390022675734,0.7272787260901947,21,21,0.8836578216398753,NS
ENSSSCG00000023062,0.2573217072748945,0.39569508665100245,0.13837337937610794,0.02947845804988658,0.8572319035197487,21,21,0.9490399532059208,NS
ENSSSCG00000021652,1.6417823680240322,0.8899810780073035,-0.7518012900167287,-0.22448979591836737,0.21462236910706756,21,21,0.47926739976382926,NS
ENSSSCG00000027741,1.2953789123039212,1.0234679349874891,-0.2719109773164321,-0.11564625850340127,0.5292518686324169,21,21,0.7578908227272798,NS
ENSSSCG00000007691,0.7593485684664512,0.5223933063068823,-0.23695526215956886,-0.17233560090702937,0.31794548612069906,21,21,0.5858463698060692,NS
ENSSSCG00000017069,1.3621089147542218,1.218811881106106,-0.14329703364811586,0.01814058956916098,0.9298124690724837,21,21,0.9783494422867809,NS
ENSSSCG00000029458,0.7546225207922423,0.6215871331848609,-0.13303538760738143,-0.03401360544217691,0.8589734750659063,21,21,0.9490399532059208,NS
ENSSSCG00000033180,0.5049662449364212,0.9499268273178068,0.4449605823813856,0.2789115646258503,0.12306982667582225,21,21,0.36851113531040625,NS
ENSSSCG00000036466,0.5710710796663613,0.1599076888624142,-0.4111633908039471,-0.24943310657596363,0.11651950303173648,21,21,0.3571598707764577,NS
ENSSSCG00000000939,0.4648878611953159,0.15497599673231074,-0.3099118644630051,-0.24263038548752824,0.16167580193388942,21,21,0.4149255522882459,NS
ENSSSCG00000040595,1.4031906739447402,0.5385562758079863,-0.8646343981367539,-0.2993197278911566,0.09893425097898859,21,21,0.32882217137396397,NS
ENSSSCG00000024486,2.0024454174960447,1.3023549744695455,-0.7000904430264991,-0.21541950113378694,0.23547849383010067,21,21,0.49934320517832165,NS
ENSSSCG00000010033,0.7784451621418129,0.35637820166119966,-0.42206696048061326,-0.23129251700680276,0.20091697767486072,21,21,0.4603508573311772,NS
ENSSSCG00000025921,2.50096698010773,1.5952539345926489,-0.9057130455150812,-0.2857142857142858,0.11574865777148378,21,21,0.35552220206625207,NS
ENSSSCG00000006174,2.302341363180952,2.9414179735289654,0.6390766103480132,0.2675736961451247,0.1411098972130167,21,21,0.3909587620683742,NS
ENSSSCG00000027556,1.6546268291298765,0.9744440091864907,-0.6801828199433858,-0.19274376417233552,0.28747562565559903,21,21,0.5552034887380094,NS
ENSSSCG00000030487,1.9113220861952502,0.6072766927483232,-1.304045393446927,-0.383219954648526,0.03339089310890306,21,21,0.2067186606092017,NS
ENSSSCG00000011498,2.0021913095020696,1.1706239932884084,-0.8315673162136612,-0.33560090702947853,0.06355743568787052,21,21,0.26831015927310264,NS
ENSSSCG00000010855,0.8119456266097255,1.585127956823987,0.7731823302142616,0.31065759637188206,0.08562018062844297,21,21,0.3091496418228523,NS
ENSSSCG00000012811,0.9134354061468621,0.7401822340648916,-0.17325317208197055,0.108843537414966,0.553059282687351,21,21,0.7790527062084658,NS
ENSSSCG00000014432,2.3755558274565614,1.8858334950277227,-0.48972233242883867,-0.15646258503401356,0.3920038299519908,21,21,0.6539796048612466,NS
ENSSSCG00000006939,1.192920897358298,0.7891047079647378,-0.40381618939356034,-0.1950113378684808,0.2759819842529454,21,21,0.5446243796584893,NS
ENSSSCG00000015284,0.6166656014683214,0.936855340959162,0.3201897394908406,0.11111111111111116,0.5451044218068971,21,21,0.7703997318854171,NS
ENSSSCG00000016529,0.4612627488638517,0.6262553576190426,0.1649926087551909,-0.03401360544217691,0.8533592205150096,21,21,0.9490399532059208,NS
ENSSSCG00000017052,0.8332404259865591,1.0130667287554047,0.1798263027688456,0.09523809523809523,0.6048373628368574,21,21,0.8132466305489694,NS
ENSSSCG00000006730,2.0885123231429037,1.2305617836511795,-0.8579505394917242,-0.43764172335600904,0.015720418656280807,21,21,0.14112162579966475,NS
ENSSSCG00000000858,2.017948297377566,1.5072334710734296,-0.5107148263041366,0.027210884353741527,0.8892203053832842,21,21,0.965040287671819,NS
ENSSSCG00000006285,1.8950254876689652,1.5716967641500563,-0.32332872351890884,-0.12471655328798192,0.4969382406152195,21,21,0.7336937392345346,NS
ENSSSCG00000036387,1.113881010550618,0.7073953699861277,-0.4064856405644903,-0.17913832199546476,0.3208837478362121,21,21,0.5890453599562255,NS
ENSSSCG00000026705,0.9657658299846872,0.21322120808226558,-0.7525446219024217,-0.47165532879818595,0.008430525318167195,21,21,0.10870940541847172,NS
ENSSSCG00000003369,1.2087796558852817,0.8442740005789647,-0.36450565530631696,-0.24716553287981857,0.17415905222232064,21,21,0.42834123173730454,NS
ENSSSCG00000000884,1.8979452121291391,0.9446637237808989,-0.9532814883482402,-0.4013605442176871,0.02663327882242619,21,21,0.18455372360206054,NS
ENSSSCG00000025788,0.4827899474915207,0.9565657243127355,0.47377577682121474,0.6303854875283447,0.00042323215034179425,21,21,0.03258418874930428,NS
ENSSSCG00000012029,1.2642095677782983,0.6759258118172382,-0.5882837559610601,-0.27210884353741505,0.13312639174398985,21,21,0.3825766765930956,NS
ENSSSCG00000017245,0.9447967556273278,0.3051134996806825,-0.6396832559466452,-0.4807256235827664,0.0032586041982231736,21,21,0.07135641789976087,NS
ENSSSCG00000017553,1.314641627072857,0.8262618721615868,-0.48837975491127017,-0.26530612244897966,0.14364406890917644,21,21,0.3939827031871146,NS
ENSSSCG00000010744,1.4786829027467394,0.8908472222870374,-0.587835680459702,-0.28798185941043086,0.11219148137311034,21,21,0.3499967010457579,NS
ENSSSCG00000025869,0.5278119257485778,0.16160377752712296,-0.36620814822145487,-0.1541950113378685,0.3501688547963022,21,21,0.6139228892038759,NS
ENSSSCG00000038410,3.258784285671116,3.359551769402082,0.10076748373096622,0.015873015873015928,0.9398429773571263,21,21,0.9783494422867809,NS
ENSSSCG00000027700,1.3723270008597985,0.6210258670337387,-0.7513011338260598,-0.3696145124716552,0.04142328172418618,21,21,0.2244664069512958,NS
ENSSSCG00000008644,1.0814397978797525,1.0729209137648303,-0.008518884114922187,-0.1020408163265305,0.5791093030988408,21,21,0.794449839978317,NS
ENSSSCG00000006926,1.608498495724287,1.2601056228924603,-0.3483928728318266,-0.03628117913832196,0.8493545070245422,21,21,0.9480266707107646,NS
ENSSSCG00000030957,1.4250083675841767,0.5443336688979072,-0.8806746986862695,-0.32199546485260777,0.0707458163554899,21,21,0.28004402781226817,NS
ENSSSCG00000010241,0.6882055244986678,0.5819570723006247,-0.10624845219804313,-0.07029478458049887,0.6920512437008286,21,21,0.8620794501157952,NS
ENSSSCG00000039991,0.7293789481725719,0.5174102515290505,-0.21196869664352136,0.4058956916099773,0.024459999490482772,21,21,0.17718647994161754,NS
ENSSSCG00000016507,1.1107656840609361,0.6361651585537379,-0.4746005255071982,-0.19047619047619047,0.2828357666625311,21,21,0.5499584351771438,NS
ENSSSCG00000032241,1.6985301890886892,1.863360380685999,0.16483019159730983,0.03401360544217691,0.8601108632068536,21,21,0.9490399532059208,NS
ENSSSCG00000014113,0.5493340759262934,0.4458161156221383,-0.10351796030415505,-0.14739229024943312,0.409999965810125,21,21,0.6690294399280347,NS
ENSSSCG00000027711,1.187864179962112,0.9941238984143224,-0.19374028154778955,-0.17460317460317465,0.33003532212123043,21,21,0.5980037796491391,NS
ENSSSCG00000005652,1.2722205025790343,0.74443450703192,-0.5277859955471143,-0.3696145124716552,0.04059976297919639,21,21,0.22406627034375481,NS
ENSSSCG00000003264,0.6876095675935552,0.21146563926947845,-0.4761439283240767,-0.2993197278911566,0.09006359252128869,21,21,0.3146040991494828,NS
ENSSSCG00000038931,1.073650308071496,0.7516719455477525,-0.32197836252374357,0.09977324263038545,0.5873373879734795,21,21,0.8026164305773046,NS
ENSSSCG00000013470,0.5589962829833341,0.8422721563969228,0.2832758734135886,0.0022675736961451642,1.0,21,21,1.0,NS
ENSSSCG00000012902,2.2597691587661166,3.126458494072537,0.8666893353064204,0.2403628117913832,0.185984032768456,21,21,0.4452517959821363,NS
ENSSSCG00000009125,1.6877595544992077,2.128363681549077,0.4406041270498693,0.17913832199546487,0.32655631642696226,21,21,0.5929529726545689,NS
ENSSSCG00000039577,0.6055512485178539,0.38112567604104747,-0.22442557247680645,-0.18367346938775508,0.2304010927101814,21,21,0.4962485073757753,NS
ENSSSCG00000002506,1.3254349636067058,0.7356410891267877,-0.589793874479918,-0.26077097505668934,0.147944167611066,21,21,0.39949159082478697,NS
ENSSSCG00000028433,1.0945115206725955,0.9512249454799456,-0.14328657519264987,-0.01133786848072571,0.9598172023116054,21,21,0.9869209896448123,NS
ENSSSCG00000009840,1.164853401777643,0.7932066537967695,-0.3716467479808736,-0.2108843537414966,0.24489793010497074,21,21,0.5117165520743475,NS
ENSSSCG00000027257,0.6767345549010171,0.43063070242634394,-0.24610385247467315,-0.1315192743764173,0.4551485811096415,21,21,0.7046864580854613,NS
ENSSSCG00000002998,0.3945331959341643,0.5276204200775446,0.1330872241433803,-0.015873015873015817,0.9222631095032454,21,21,0.9749922840487384,NS
ENSSSCG00000001009,0.4800751276463126,0.1954043522829103,-0.2846707753634023,-0.2517006802721089,0.15859913306984796,21,21,0.4089176259717459,NS
ENSSSCG00000030174,0.3836085117408662,0.22270358213722846,-0.16090492960363773,-0.1995464852607709,0.21029261070965055,21,21,0.4726760515950861,NS
ENSSSCG00000009513,0.616034670059056,0.4396317138291572,-0.17640295622989877,-0.24489795918367352,0.13569126321867017,21,21,0.3858781529159893,NS
ENSSSCG00000016724,0.806093147268661,1.860481341678141,1.05438819440948,0.2925170068027211,0.10505212956021763,21,21,0.33945247705279935,NS
ENSSSCG00000008479,1.548549080352414,1.5260109782191802,-0.022538102133233817,-0.054421768707483054,0.7723497206715801,21,21,0.9077127092354017,NS
ENSSSCG00000027278,0.6599637531537917,1.202703215246049,0.5427394620922573,0.13832199546485258,0.45007831726258374,21,21,0.6984759079638868,NS
ENSSSCG00000002404,0.7445727767086265,0.47706371098901423,-0.2675090657196123,-0.19047619047619047,0.27680187143291946,21,21,0.5446243796584893,NS
ENSSSCG00000010565,0.41429668075636233,0.7284575326286744,0.3141608518723121,0.2517006802721088,0.1429909070148061,21,21,0.3939827031871146,NS
ENSSSCG00000007941,0.5603598224637851,0.054036808073096375,-0.5063230143906887,-0.28344671201814053,0.09548663762348054,21,21,0.3230024046631035,NS
ENSSSCG00000009238,0.5750063491967617,0.6668572959847687,0.09185094678800698,0.24263038548752835,0.17238700483549285,21,21,0.42834123173730454,NS
ENSSSCG00000024253,1.7742451865748707,2.115437674757684,0.3411924881828132,0.10204081632653061,0.5799561940392505,21,21,0.794449839978317,NS
ENSSSCG00000038042,0.5186961776638895,0.39315435232794566,-0.12554182533594388,-0.22222222222222232,0.2137992566352407,21,21,0.4780517928675851,NS
ENSSSCG00000007252,1.3473538896985355,0.9829529661051344,-0.36440092359340115,-0.1383219954648527,0.4503722714184736,21,21,0.6984759079638868,NS
ENSSSCG00000007942,0.569317493756386,0.08629108980915325,-0.48302640394723273,-0.4058956916099774,0.017777439640722294,21,21,0.14934464330577116,NS
ENSSSCG00000003667,0.3592840911633757,0.5642824899249634,0.20499839876158776,0.13378684807256236,0.45527265047154,21,21,0.7046864580854613,NS
ENSSSCG00000025187,0.5400608702243437,0.4257662182770469,-0.11429465194729677,-0.05215419501133778,0.7714693457744792,21,21,0.9077127092354017,NS
ENSSSCG00000009777,1.4277543127629657,1.698767144468267,0.2710128317053013,0.0975056689342404,0.597311573194272,21,21,0.8062920726419195,NS
ENSSSCG00000012264,0.4157285703639661,0.04763158736096396,-0.36809698300300214,-0.26077097505668934,0.08744354465297048,21,21,0.3098464443798437,NS
ENSSSCG00000027349,0.5848821403698049,0.3087004117305914,-0.27618172863921353,-0.308390022675737,0.07223411135075453,21,21,0.28429489607927483,NS
ENSSSCG00000006035,0.4954797586000782,0.697163850793191,0.20168409219311279,0.024943310657596363,0.8995665190485844,21,21,0.965040287671819,NS
ENSSSCG00000004939,0.3725855678036692,0.2692086720338841,-0.1033768957697851,-0.015873015873015817,0.9298336703109109,21,21,0.9783494422867809,NS
ENSSSCG00000031756,1.5434660382961194,2.089010058763537,0.5455440204674178,0.21995464852607705,0.22706071028222308,21,21,0.49084652942506357,NS
ENSSSCG00000015307,0.8606592665664097,0.6973765159087897,-0.16328275065762,-0.08843537414965996,0.6324033715499422,21,21,0.8251293316812793,NS
ENSSSCG00000040623,4.31634536324046,2.907397386737383,-1.408947976503077,-0.24263038548752824,0.18145465716403986,21,21,0.4396192289203178,NS
ENSSSCG00000007848,0.874363509809406,0.0,-0.874363509809406,-0.4761904761904763,0.00043241882390894775,21,21,0.032597726725443754,NS
ENSSSCG00000009362,3.3654553424938687,1.78059145470121,-1.5848638877926586,-0.4104308390022675,0.02351670243110578,21,21,0.17258422275325483,NS
ENSSSCG00000015539,1.8141456424892737,1.7021591065350326,-0.11198653595424113,-0.027210884353741527,0.8899541879139963,21,21,0.965040287671819,NS
ENSSSCG00000015754,0.4164325713489993,0.3865691412319503,-0.029863430117049006,0.038548752834467126,0.8350349729956306,21,21,0.9396794525202588,NS
ENSSSCG00000017682,0.8379270394778088,1.4530941268597835,0.6151670873819747,0.2335600907029478,0.19932996542039527,21,21,0.4574984559108449,NS
ENSSSCG00000015008,0.3630239464719708,0.2756559416237926,-0.0873680048481782,-0.2970521541950113,0.05641202457041208,21,21,0.2540948710131496,NS
ENSSSCG00000009962,0.9598762005844277,0.4603843366931514,-0.4994918638912763,-0.3038548752834467,0.09323408942201192,21,21,0.3177662142770354,NS
ENSSSCG00000006252,0.690182622611767,0.16085138337492852,-0.5293312392368384,-0.24489795918367352,0.1458867586069387,21,21,0.3961928598747425,NS
ENSSSCG00000007481,0.7074418715909333,0.6538858733012618,-0.0535559982896715,0.04308390022675734,0.8200268180402539,21,21,0.9318998211511518,NS
ENSSSCG00000002865,0.6374639864972774,0.38471310553530486,-0.25275088096197257,-0.14058956916099774,0.4241336802658038,21,21,0.6796442528903093,NS
ENSSSCG00000006038,0.9778815940715511,0.7851097268230406,-0.19277186724851048,0.08843537414965985,0.6315160795021741,21,21,0.8251293316812793,NS
ENSSSCG00000013463,0.48890733358814653,0.6161201929872061,0.12721285939905957,0.2902494331065759,0.09610151524314252,21,21,0.3231631520724199,NS
ENSSSCG00000008635,1.926161374357282,1.0377254329996635,-0.8884359413576186,-0.383219954648526,0.0343375795500123,21,21,0.2067186606092017,NS
ENSSSCG00000012173,0.2234706302295722,0.5820592834345241,0.35858865320495187,0.4693877551020408,0.009221507688138333,21,21,0.11398115809122336,NS
ENSSSCG00000009420,2.2990030405162742,1.5183077512212715,-0.7806952892950028,-0.16553287981859421,0.36475520069413103,21,21,0.6272800312138134,NS
ENSSSCG00000015350,0.7814567987194785,0.9505998784584703,0.1691430797389918,0.09523809523809523,0.6048373628368574,21,21,0.8132466305489694,NS
ENSSSCG00000031295,4.02735116246556,4.4937875610311195,0.46643639856555996,0.15192743764172334,0.4063838890756165,21,21,0.664517472366019,NS
ENSSSCG00000013747,0.38616486806277356,0.4728671656391454,0.08670229757637182,-0.04761904761904767,0.7946242169074351,21,21,0.9213153463710844,NS
ENSSSCG00000011714,2.0664688827693363,0.5667368839307293,-1.499731998838607,-0.6054421768707483,0.0008207116506800389,21,21,0.04179614971550859,Down (PA<IVF)
ENSSSCG00000026196,2.7567489737073125,1.5554476664411954,-1.2013013072661172,-0.2517006802721089,0.16642276987431004,21,21,0.41913082991704775,NS
ENSSSCG00000032896,3.3807337387909033,2.2029016781316164,-1.177832060659287,-0.26984126984126977,0.13774292601775137,21,21,0.3858781529159893,NS
ENSSSCG00000006277,1.227777802928735,0.7463312670452231,-0.48144653588351183,-0.3242630385487528,0.07151497955800237,21,21,0.2829254669941732,NS
ENSSSCG00000029991,0.7105677373807641,0.7839778551042339,0.07341011772346984,0.31065759637188206,0.08249497796880664,21,21,0.3023991346304046,NS
ENSSSCG00000009591,1.1091674341622964,0.8847389424521142,-0.2244284917101822,0.024943310657596363,0.8984056192719109,21,21,0.965040287671819,NS
ENSSSCG00000005589,2.633904736159536,1.7526218081389917,-0.8812829280205441,-0.23129251700680276,0.20393636174184748,21,21,0.4650942292383889,NS
ENSSSCG00000036139,1.2079161270142451,0.7994293694258792,-0.40848675758836595,-0.26077097505668934,0.1502122571047603,21,21,0.401864822689913,NS
ENSSSCG00000028169,1.4682546778520278,0.9971038973779336,-0.4711507804740942,-0.11564625850340127,0.5288338210689667,21,21,0.7578908227272798,NS
ENSSSCG00000011056,0.3462730826881054,0.4987959716487478,0.15252288896064237,0.08163265306122447,0.6537402117552633,21,21,0.836916362254463,NS
ENSSSCG00000004114,0.5288523388222446,0.5913527967433205,0.06250045792107595,-0.02947845804988658,0.8799308364704173,21,21,0.9581000128681301,NS
ENSSSCG00000005596,0.667022565723933,0.10151236535196742,-0.5655102003719656,-0.4512471655328798,0.0036633236594790478,21,21,0.07543330612582676,NS
ENSSSCG00000013457,1.1074327965905106,0.8885433121595151,-0.21888948443099554,-0.038548752834467015,0.8403786291520768,21,21,0.9396794525202588,NS
ENSSSCG00000017909,1.6494945672380372,1.3460150450130093,-0.30347952222502794,-0.16553287981859421,0.3644630824910663,21,21,0.6272800312138134,NS
ENSSSCG00000026686,0.5754447751567964,0.11505045968763694,-0.46039431546915943,-0.5396825396825398,0.0009505203748731951,21,21,0.04417827813527798,NS
ENSSSCG00000007454,1.2665836458944344,1.1302496699868176,-0.13633397590761676,-0.04308390022675734,0.8207461929816553,21,21,0.9318998211511518,NS
ENSSSCG00000024359,2.1289577943127775,2.0703952492197297,-0.05856254509304781,0.015873015873015928,0.9398332443569812,21,21,0.9783494422867809,NS
ENSSSCG00000024972,2.5275959499674254,2.2537206231648943,-0.2738753268025311,-0.15192743764172345,0.4064599583160081,21,21,0.664517472366019,NS
ENSSSCG00000009089,1.3118285117333568,0.7322231307078649,-0.5796053810254919,-0.11111111111111116,0.5399799094247706,21,21,0.7689977535092227,NS
ENSSSCG00000012633,2.039644515990126,1.073905927070292,-0.9657385889198342,-0.32879818594104315,0.06874623348215554,21,21,0.27842598868122526,NS
ENSSSCG00000039417,0.8209185410429549,2.60304486868968,1.782126327646725,0.526077097505669,0.0034433643145723144,21,21,0.07428138112567949,NS
ENSSSCG00000021757,1.6165918999376454,2.2658389786305952,0.6492470786929498,0.27210884353741494,0.13429614391631503,21,21,0.3837032683323287,NS
ENSSSCG00000007590,0.8208647294777516,0.6487339981088605,-0.17213073136889112,-0.19727891156462585,0.27615329656722476,21,21,0.5446243796584893,NS
ENSSSCG00000036074,1.5987410902095383,2.745234972332928,1.1464938821233897,0.39682539682539686,0.028629607311712907,21,21,0.18957442679377465,NS
ENSSSCG00000032475,1.5622784227707345,1.332316381614515,-0.22996204115621954,-0.12471655328798192,0.4970079892453181,21,21,0.7336937392345346,NS
ENSSSCG00000013257,0.811039585351382,0.6874417577195066,-0.12359782763187543,0.006802721088435382,0.9798324698955457,21,21,0.9954575561004508,NS
ENSSSCG00000028033,1.3849769324335526,1.2433695731452772,-0.1416073592882754,-0.07256235827664392,0.6964832744249545,21,21,0.8664523989549239,NS
ENSSSCG00000003484,3.0457278028461667,3.925431166237512,0.8797033633913451,0.2743764172335601,0.13121079099148933,21,21,0.37835478192585825,NS
ENSSSCG00000007080,0.8182510862188838,0.5947294121316401,-0.22352167408724366,-0.11564625850340127,0.5197914285900349,21,21,0.7527495801414957,NS
ENSSSCG00000007244,0.6373394027923199,0.5881871167593454,-0.0491522860329745,-0.16553287981859421,0.33768913151795943,21,21,0.6008056035381634,NS
ENSSSCG00000028123,0.5880048330664431,0.33711432639333866,-0.2508905066731045,-0.31065759637188206,0.08608120138099416,21,21,0.3091496418228523,NS
ENSSSCG00000030300,1.1433851631775045,2.235515219606175,1.0921300564286704,0.4920634920634921,0.006331016034066739,21,21,0.0970573284442826,NS
ENSSSCG00000024222,0.9090235112587854,0.8688455420056931,-0.04017796925309236,-0.020408163265306145,0.9196679154140716,21,21,0.9725908472022055,NS
ENSSSCG00000035025,0.7694754798668716,0.17187524056570844,-0.5976002393011631,-0.45351473922902485,0.011324804479042133,21,21,0.1238268307613523,NS
ENSSSCG00000028695,0.5717285869586021,0.5808669334724539,0.009138346513851814,0.05442176870748294,0.7484250575976887,21,21,0.8958638797976173,NS
ENSSSCG00000034618,1.0982594074635377,0.31516539388726766,-0.7830940135762701,-0.45351473922902485,0.010758272119724466,21,21,0.12178506062922415,NS
ENSSSCG00000015242,0.9847517902263913,1.0501748272162865,0.06542303698989527,-0.04761904761904767,0.8012254262382065,21,21,0.9213153463710844,NS
ENSSSCG00000014420,0.6520871956973873,0.40102265485409055,-0.2510645408432967,-0.1020408163265305,0.5765534337999284,21,21,0.794449839978317,NS
ENSSSCG00000034045,1.3285174518527119,0.7959887305958693,-0.5325287212568426,-0.2290249433106577,0.19568589459541197,21,21,0.45559833693042406,NS
ENSSSCG00000036767,0.725737845562657,0.7091094090045852,-0.01662843655807178,0.37414965986394555,0.030372482259341513,21,21,0.19671511075924816,NS
ENSSSCG00000011107,3.152363143027282,3.19041102260673,0.03804787957944811,0.027210884353741527,0.8899541879139963,21,21,0.965040287671819,NS
ENSSSCG00000005127,1.487547128586848,0.8759032446585705,-0.6116438839282775,-0.2630385487528344,0.14788531389130594,21,21,0.39949159082478697,NS
ENSSSCG00000015428,1.3389434976867012,1.0214624963120431,-0.31748100137465807,-0.14739229024943312,0.42045232121944287,21,21,0.6751374148904354,NS
ENSSSCG00000014931,0.600704665991701,0.26647954743534025,-0.3342251185563608,-0.015873015873015817,0.9311505717045027,21,21,0.9783494422867809,NS
ENSSSCG00000013610,0.697849470072468,0.49893190114684055,-0.19891756892562745,-0.0793650793650793,0.6475855582271814,21,21,0.8344026504702031,NS
ENSSSCG00000030123,1.0746426801120876,0.5735915857675622,-0.5010510943445254,-0.2925170068027212,0.10426650063496766,21,21,0.3381882715630629,NS
ENSSSCG00000016464,0.8712920827902535,0.05620177125395656,-0.815090311536297,-0.473922902494331,0.002269116362310726,21,21,0.06276668647359508,NS
ENSSSCG00000037092,1.4650513074147196,1.3613606740211697,-0.10369063339354989,0.020408163265306145,0.9191281376836065,21,21,0.9725908472022055,NS
ENSSSCG00000023660,1.6756498818110084,0.8928185683234827,-0.7828313134875257,-0.35147392290249435,0.05220956368478746,21,21,0.24682112491978944,NS
ENSSSCG00000005984,2.7558371947713862,2.3134665931133243,-0.44237060165806197,-0.13378684807256236,0.46568579971233737,21,21,0.7103857207086134,NS
ENSSSCG00000024180,1.4878538759748674,0.6526108547998688,-0.8352430211749986,-0.2970521541950113,0.09695788689624903,21,21,0.3231631520724199,NS
ENSSSCG00000018008,1.4078389309829578,0.2970067167049587,-1.1108322142779992,-0.5192743764172336,0.0017099798401475348,21,21,0.05356375207037484,NS
ENSSSCG00000012654,1.298566435311653,0.9342973686432197,-0.3642690666684334,-0.02947845804988658,0.8799791632099798,21,21,0.9581000128681301,NS
ENSSSCG00000010503,1.668710774987409,0.9864287365484801,-0.682282038438929,-0.2789115646258504,0.12484552045160012,21,21,0.3688590878463198,NS
ENSSSCG00000008633,1.2890364364374827,1.9237167919162532,0.6346803554787706,0.2108843537414966,0.2468220680014227,21,21,0.5117165520743475,NS
ENSSSCG00000039652,1.5859068645832857,0.6475400243180447,-0.938366840265241,-0.39229024943310664,0.02860366965563831,21,21,0.18957442679377465,NS
ENSSSCG00000006074,0.7197182679482427,0.606983849070368,-0.11273441887787472,-0.09070294784580502,0.6138138985928664,21,21,0.8157225327032747,NS
ENSSSCG00000013539,1.395277029402824,1.2323944809609937,-0.16288254844183037,0.1201814058956916,0.512909272807714,21,21,0.7460214807570579,NS
ENSSSCG00000012560,2.162305400871074,2.2798005543508046,0.11749515347973061,0.024943310657596363,0.8999030678723563,21,21,0.965040287671819,NS
ENSSSCG00000006040,1.6823492559268414,1.6297198911637185,-0.052629364763122854,0.013605442176870763,0.9497834496208551,21,21,0.9857774191208913,NS
ENSSSCG00000004751,2.3693429427802593,2.245749954680786,-0.12359298809947328,0.015873015873015928,0.9398186359948367,21,21,0.9783494422867809,NS
ENSSSCG00000039972,2.008765792796273,1.3350139886145658,-0.6737518041817072,-0.2290249433106577,0.20839504825646094,21,21,0.46888391299875337,NS
ENSSSCG00000031773,1.1522261647035064,1.1027604363775443,-0.04946572832596208,-0.17460317460317465,0.3387219006802865,21,21,0.6008056035381634,NS
ENSSSCG00000004625,0.9033021280201652,0.4804496869746028,-0.4228524410455624,-0.22675736961451243,0.20450569028729182,21,21,0.46608273600359534,NS
ENSSSCG00000004731,0.5471545777292683,0.5183474891739666,-0.028807088555301785,0.04308390022675734,0.8182345456800016,21,21,0.9318998211511518,NS
ENSSSCG00000005037,2.9680028112314067,2.1007362940408436,-0.8672665171905631,-0.24943310657596363,0.1703614306156218,21,21,0.4261850217527077,NS
ENSSSCG00000000843,2.2864417871960443,2.9661121641382118,0.6796703769421675,0.17460317460317465,0.33911360013116165,21,21,0.6008056035381634,NS
ENSSSCG00000026276,0.7339088531456961,0.138911357913024,-0.5949974952326721,-0.33333333333333326,0.05391052320562889,21,21,0.2500515139895972,NS
ENSSSCG00000015410,2.011129778291826,2.1784482307382964,0.16731845244647037,0.006802721088435382,0.9799307399921785,21,21,0.9954575561004508,NS
ENSSSCG00000011827,1.6199275198361134,2.6587424232673866,1.0388149034312733,0.23129251700680276,0.20377138345719392,21,21,0.4650271758204758,NS
ENSSSCG00000026360,2.21947344453636,1.3920534884555726,-0.8274199560807873,-0.26530612244897966,0.144230545109788,21,21,0.3939827031871146,NS
ENSSSCG00000028979,0.7434812940552716,0.46285849396982154,-0.2806228000854501,-0.2743764172335601,0.13033539806247021,21,21,0.37835478192585825,NS
ENSSSCG00000016614,1.069270903262642,0.39012772991746186,-0.67914317334518,-0.35147392290249435,0.049274840590181515,21,21,0.24014966087687317,NS
ENSSSCG00000034876,0.28841576371124233,0.38849341592160447,0.10007765221036213,-0.03401360544217691,0.8061862499108875,21,21,0.926371469746849,NS
ENSSSCG00000004300,0.3440135727133115,0.6911508112173176,0.3471372385040061,0.19047619047619047,0.259304803740265,21,21,0.5266006516696674,NS
ENSSSCG00000038493,1.1446068483206437,1.9107006973985128,0.766093849077869,0.33333333333333337,0.06498477878477915,21,21,0.2723247296662095,NS
ENSSSCG00000036417,0.3545425749216615,0.23991796823333916,-0.11462460668832236,-0.038548752834467015,0.8296778193218242,21,21,0.938943668250364,NS
ENSSSCG00000000869,2.0756831711167276,1.003596365075248,-1.0720868060414797,-0.3650793650793651,0.04413720675119654,21,21,0.229906559887904,NS
ENSSSCG00000034518,0.7311991763596138,0.4880656232412041,-0.24313355311840973,-0.12471655328798192,0.49490296221528673,21,21,0.7336937392345346,NS
ENSSSCG00000013662,0.6503013333279378,0.43952982102541377,-0.21077151230252406,-0.05668934240362811,0.7412834622758306,21,21,0.8907689783709924,NS
ENSSSCG00000006678,0.7700147738970591,0.8051026346294459,0.03508786073238679,0.0022675736961451642,1.0,21,21,1.0,NS
ENSSSCG00000013523,0.8977761691025424,0.9766577557976959,0.07888158669515344,-0.1020408163265305,0.5794332628609544,21,21,0.794449839978317,NS
ENSSSCG00000012816,0.29470009942747377,0.3711996683414077,0.07649956891393395,0.07029478458049887,0.6657511267572458,21,21,0.8447545916162275,NS
ENSSSCG00000015215,2.2540991534768513,1.78044088582417,-0.47365826765268126,-0.14739229024943312,0.42045232121944287,21,21,0.6751374148904354,NS
ENSSSCG00000016810,1.1755299533828265,0.8187064528040864,-0.3568235005787401,-0.06802721088435382,0.7149049616172269,21,21,0.8770020818198087,NS
ENSSSCG00000010635,0.8453187231397068,0.7503224163918155,-0.09499630674789128,-0.08163265306122458,0.6537402117552633,21,21,0.836916362254463,NS
ENSSSCG00000027738,1.7127801123960364,1.4901633861096266,-0.22261672628640983,-0.12471655328798192,0.4969382406152195,21,21,0.7336937392345346,NS
ENSSSCG00000005045,1.6188679534908021,0.8966319373971278,-0.7222360160936744,-0.2290249433106577,0.20743479532809816,21,21,0.46888391299875337,NS
ENSSSCG00000037375,0.5864791290881589,0.8897046744842247,0.30322554539606583,0.13378684807256236,0.4472773287599717,21,21,0.6984759079638868,NS
ENSSSCG00000035578,1.4730898019536804,0.8232311991918385,-0.6498586027618419,-0.11564625850340127,0.5197914285900349,21,21,0.7527495801414957,NS
ENSSSCG00000011104,0.6325516260489986,1.4324140311889724,0.7998624051399738,0.526077097505669,0.0034433643145723144,21,21,0.07428138112567949,NS
ENSSSCG00000016092,3.661047203118209,4.386648356799296,0.7256011536810871,0.36961451247165533,0.0415884552820841,21,21,0.2244664069512958,NS
ENSSSCG00000001646,0.6441820715694262,0.2311576116799284,-0.41302445988949776,-0.40362811791383213,0.02038450719696541,21,21,0.162637381885487,NS
ENSSSCG00000004602,2.551316262027233,2.485805437249477,-0.06551082477775605,-0.020408163265306145,0.9197849632728528,21,21,0.9725908472022055,NS
ENSSSCG00000010187,1.286083327169319,0.432757012203249,-0.85332631496607,-0.4240362811791383,0.0187259692894854,21,21,0.15366046570080125,NS
ENSSSCG00000009202,0.4727528160742309,0.04857329875218664,-0.4241795173220443,-0.4467120181405895,0.0026166248497823774,21,21,0.06773602441323437,NS
ENSSSCG00000014098,1.367897130096157,0.2975047063911517,-1.0703924237050053,-0.5170068027210883,0.0040472285776933965,21,21,0.07727244720864224,NS
ENSSSCG00000026700,1.1527307028220475,0.6692650861643948,-0.48346561665765264,-0.1020408163265305,0.578117381890404,21,21,0.794449839978317,NS
ENSSSCG00000005597,1.9741441091039367,1.426047257714362,-0.5480968513895748,-0.24716553287981857,0.17398439028082469,21,21,0.42834123173730454,NS
ENSSSCG00000021601,0.7346188739847841,0.1722839379807904,-0.5623349360039938,-0.4058956916099774,0.01433952802318604,21,21,0.1374145078012505,NS
ENSSSCG00000006151,0.5860774822725142,0.2529209462861201,-0.3331565359863941,0.0,1.0,21,21,1.0,NS
ENSSSCG00000007950,0.47888372249633837,0.7545500443793882,0.27566632188304985,0.19727891156462585,0.27615329656722476,21,21,0.5446243796584893,NS
ENSSSCG00000000214,0.6975759511263424,0.48101501218596665,-0.21656093894037576,0.01814058956916098,0.9290156413153756,21,21,0.9783494422867809,NS
ENSSSCG00000017351,1.050532407532339,0.8339455563615574,-0.21658685117078158,-0.1383219954648527,0.44636434350424403,21,21,0.6984759079638868,NS
ENSSSCG00000015337,1.4256783040620467,1.5613676897482418,0.13568938568619515,0.07256235827664403,0.6883305794730504,21,21,0.8583798900536495,NS
ENSSSCG00000015243,0.8683792414366452,0.6751667905677414,-0.19321245086890382,-0.21541950113378694,0.23478995513190282,21,21,0.49934320517832165,NS
ENSSSCG00000000399,0.5346475880645659,0.4293234027090723,-0.1053241853554936,-0.03401360544217691,0.8544535055343674,21,21,0.9490399532059208,NS
ENSSSCG00000038391,6.86671184627614,5.082821378392519,-1.7838904678836212,-0.36734693877551017,0.04285513254298943,21,21,0.2282501624572263,NS
ENSSSCG00000017947,0.8123026076473275,0.3534818085956517,-0.45882079905167583,-0.3151927437641724,0.06846479163726156,21,21,0.27842598868122526,NS
ENSSSCG00000028168,2.788053826276179,1.0913812642224896,-1.6966725620536895,-0.5192743764172336,0.004049457536027891,21,21,0.07727244720864224,NS
ENSSSCG00000028623,2.333160187564091,1.590718308588951,-0.7424418789751399,-0.2789115646258504,0.12460091389361477,21,21,0.3688590878463198,NS
ENSSSCG00000013045,0.9742330071294875,1.3128002720618144,0.3385672649323269,0.024943310657596363,0.8996804327244297,21,21,0.965040287671819,NS
ENSSSCG00000000633,0.46380902472369623,0.3236227403483679,-0.14018628437532832,-0.0453514739229024,0.7962332179309624,21,21,0.9213153463710844,NS
ENSSSCG00000022149,2.2567969352128,1.6896241903357259,-0.5671727448770743,-0.10657596371882083,0.5627129416745741,21,21,0.7833833809361512,NS
ENSSSCG00000039654,1.245091128404804,0.46118351905296523,-0.7839076093518389,-0.30612244897959173,0.08710799169752695,21,21,0.3091496418228523,NS
ENSSSCG00000030122,1.449292638849502,0.628171196401394,-0.821121442448108,-0.37414965986394555,0.03818407272291203,21,21,0.21701966767123157,NS
ENSSSCG00000009009,1.3219052652249954,1.667465472615773,0.34556020739077753,0.12244897959183676,0.5021385258312014,21,21,0.7399936170144021,NS
ENSSSCG00000004058,1.6452377918530767,1.351482937441855,-0.2937548544112216,-0.11564625850340127,0.5292518686324169,21,21,0.7578908227272798,NS
ENSSSCG00000035104,1.3125704111559109,0.7096830680757017,-0.6028873430802092,-0.23809523809523814,0.1868629621913368,21,21,0.4452517959821363,NS
ENSSSCG00000014129,1.504065248449816,0.7640483394995924,-0.7400169089502237,-0.2789115646258504,0.11231019724552198,21,21,0.3499967010457579,NS
ENSSSCG00000005338,1.2010290695393047,0.1808369669960052,-1.0201921025432994,-0.6235827664399094,0.00026373182171774844,21,21,0.024921052408244767,Down (PA<IVF)
ENSSSCG00000032781,0.8615268203148796,0.3321265938057192,-0.5294002265091604,-0.4104308390022675,0.015518738400853617,21,21,0.14112162579966475,NS
ENSSSCG00000026784,0.6638848077724976,0.7743437815013839,0.11045897372888636,0.09297052154195007,0.6145966297909777,21,21,0.8157225327032747,NS
ENSSSCG00000008548,2.127744806359555,2.285882687060879,0.15813788070132384,0.024943310657596363,0.8998909623361547,21,21,0.965040287671819,NS
ENSSSCG00000040828,1.9701217251311318,1.8865497202037826,-0.08357200492734917,0.08390022675736963,0.6506375130102705,21,21,0.8344026504702031,NS
ENSSSCG00000029168,1.3165018587016344,0.9392759907590461,-0.3772258679425883,0.015873015873015928,0.9397942650608898,21,21,0.9783494422867809,NS
ENSSSCG00000002313,0.6968662086374862,0.20290331344633053,-0.49396289519115566,-0.3151927437641724,0.04690704840048308,21,21,0.2350491979746632,NS
ENSSSCG00000039171,0.7093059402299856,0.5834571842149996,-0.12584875601498602,-0.11337868480725621,0.5349434592751977,21,21,0.764364118022882,NS
ENSSSCG00000034794,0.5264774114882562,0.7572647558197176,0.23078734433146142,0.16099773242630389,0.32901766805574584,21,21,0.596866697819955,NS
ENSSSCG00000024913,1.7690731111976896,1.9584741479338128,0.18940103673612319,0.13832199546485258,0.45007831726258374,21,21,0.6984759079638868,NS
ENSSSCG00000004387,0.586674834067568,0.3970993453582213,-0.18957548870934676,-0.19274376417233552,0.27426016714054935,21,21,0.542979724843916,NS
ENSSSCG00000037299,0.7142610820511243,0.6113919755906166,-0.10286910646050762,0.10657596371882083,0.5537343524938687,21,21,0.7793371103655323,NS
ENSSSCG00000003265,0.2915755145815647,0.6494670094180405,0.35789149483647575,0.11564625850340138,0.4790290213943935,21,21,0.7223387232262236,NS
ENSSSCG00000032816,0.7451787846625247,1.1907618249540382,0.4455830402915134,-0.0022675736961450532,1.0,21,21,1.0,NS
ENSSSCG00000003784,2.141567614452141,1.6694809334298069,-0.4720866810223341,-0.11111111111111116,0.5454476562218086,21,21,0.7703997318854171,NS
ENSSSCG00000022668,0.8570699905423576,0.5012991222492423,-0.3557708682931152,-0.10430839002267578,0.555441650211415,21,21,0.7803947792726859,NS
ENSSSCG00000023373,1.2814039305348734,1.8470191096763895,0.565615179141516,0.23809523809523814,0.19066012294622992,21,21,0.44742370252398683,NS
ENSSSCG00000039701,1.6042907476406243,0.9730221724773036,-0.6312685751633207,-0.3197278911564625,0.07824294580419622,21,21,0.29484995892048155,NS
ENSSSCG00000027119,2.3215065359966127,0.6101601603656883,-1.7113463756309244,-0.5147392290249433,0.004127105426307312,21,21,0.07727244720864224,NS
ENSSSCG00000030420,0.8481007342652193,0.9201984752089509,0.07209774094373167,-0.07029478458049887,0.7033924083081577,21,21,0.8691022220107433,NS
ENSSSCG00000012160,1.1933083679472627,0.7680530442077436,-0.42525532373951913,-0.346938775510204,0.05554952250876693,21,21,0.2527717816851408,NS
ENSSSCG00000003664,0.49706669504415374,0.5168314642529209,0.019764769208767186,-0.2290249433106577,0.19568589459541197,21,21,0.45559833693042406,NS
ENSSSCG00000037792,0.4642912625303966,0.2521732234378412,-0.2121180390925554,-0.16099773242630389,0.3512799329695687,21,21,0.6139228892038759,NS
ENSSSCG00000009364,1.4993780405189123,1.3201240532132954,-0.17925398730561692,-0.09297052154195007,0.6147401744218725,21,21,0.8157225327032747,NS
ENSSSCG00000022919,0.5289920195809444,0.1479874289441639,-0.38100459063678055,-0.308390022675737,0.04298423643266876,21,21,0.22876017217075847,NS
ENSSSCG00000033411,0.7383906858628752,0.17268427476163464,-0.5657064111012405,-0.564625850340136,0.0009588490271487531,21,21,0.04417827813527798,NS
ENSSSCG00000013308,1.104010269608273,0.8986661995801578,-0.20534407002811517,-0.03401360544217691,0.858137160940557,21,21,0.9490399532059208,NS
ENSSSCG00000008976,1.52943425111236,0.9618625904410345,-0.5675716606713255,-0.09297052154195007,0.6145966297909777,21,21,0.8157225327032747,NS
ENSSSCG00000033392,1.678589036820206,2.051869044697478,0.373280007877272,0.24943310657596374,0.1703614306156218,21,21,0.4261850217527077,NS
ENSSSCG00000035914,2.90111091992065,3.321687345563818,0.4205764256431679,0.17460317460317465,0.33911360013116165,21,21,0.6008056035381634,NS
ENSSSCG00000005933,2.2080176575169963,2.7385543389096436,0.5305366813926473,0.18594104308390025,0.3082747742377224,21,21,0.5777928949887948,NS
ENSSSCG00000008494,1.6856154230887062,0.5801156138336332,-1.105499809255073,-0.528344671201814,0.0033058105959701974,21,21,0.07199320853446207,NS
ENSSSCG00000031541,1.7755328555922982,1.2345198901524488,-0.5410129654398494,-0.2517006802721089,0.16642276987431004,21,21,0.41913082991704775,NS
ENSSSCG00000003778,2.8638570927920193,2.5637722498364695,-0.3000848429555498,-0.04308390022675734,0.8208604944637742,21,21,0.9318998211511518,NS
ENSSSCG00000000910,0.5233112971957838,0.3494185488136069,-0.17389274838217694,0.11791383219954643,0.503978871016743,21,21,0.74190881012336,NS
ENSSSCG00000036790,1.2608453550236183,0.7122035489323656,-0.5486418060912527,-0.14739229024943312,0.4185576178041879,21,21,0.6751374148904354,NS
ENSSSCG00000014979,1.317905379984865,0.3946617338430799,-0.9232436461417851,-0.4444444444444444,0.013852151399011707,21,21,0.13510592981175223,NS
ENSSSCG00000029621,2.076334589640647,2.0005814608240495,-0.07575312881659757,-0.05215419501133778,0.7820003799248392,21,21,0.9109394814543041,NS
ENSSSCG00000028942,0.6259658541431224,0.3884988487387545,-0.23746700540436794,-0.11564625850340127,0.5151908142953782,21,21,0.7482974774648092,NS
ENSSSCG00000003586,2.9778321171067867,2.8819630671874115,-0.09586904991937528,-0.05215419501133778,0.7820003799248392,21,21,0.9109394814543041,NS
ENSSSCG00000038112,1.6291270218854328,1.5538509156778968,-0.075276106207536,-0.024943310657596474,0.8998909623361547,21,21,0.965040287671819,NS
ENSSSCG00000037756,0.3762586667532894,1.291029343670354,0.9147706769170645,0.32879818594104304,0.019180637411624544,21,21,0.15552648422397167,NS
ENSSSCG00000002900,0.7303155992319487,1.0090826784082525,0.27876707917630383,0.05668934240362811,0.7573518526458614,21,21,0.9015297803289233,NS
ENSSSCG00000010955,0.6975809723601573,0.7281871629256602,0.030606190565502955,0.04308390022675734,0.8192987131562609,21,21,0.9318998211511518,NS
ENSSSCG00000006733,0.7479816222043919,0.42170029091186223,-0.3262813312925297,-0.22675736961451243,0.20770774945179893,21,21,0.46888391299875337,NS
ENSSSCG00000004917,1.0763396003929218,0.011386943033297266,-1.0649526573596244,-0.6734693877551021,4.663087492359829e-05,21,21,0.011949446718290393,Down (PA<IVF)
ENSSSCG00000026752,0.9160964477341539,1.0814391545737372,0.1653427068395833,0.06575963718820865,0.7241018299255016,21,21,0.8813087398839223,NS
ENSSSCG00000025092,0.8562518508947625,0.6888005856501976,-0.16745126524456488,-0.1201814058956916,0.5121212612563548,21,21,0.7460214807570579,NS
ENSSSCG00000013008,1.059084729218365,0.9166953216706479,-0.142389407547717,-0.07029478458049887,0.7058783959702486,21,21,0.8691022220107433,NS
ENSSSCG00000005683,0.4952098609341003,0.317521035316023,-0.1776888256180773,0.10204081632653061,0.47423122622475355,21,21,0.7198412126950723,NS
ENSSSCG00000005109,0.3484696631703472,0.06643748368700654,-0.2820321794833407,-0.11564625850340127,0.35878992897339534,21,21,0.6229559384352042,NS
ENSSSCG00000002254,0.8275087483511143,0.2536796905356831,-0.5738290578154313,-0.7097505668934241,4.889543607701901e-05,21,21,0.011979381838869657,NS
ENSSSCG00000008979,1.6343944486932467,0.728214296874371,-0.9061801518188757,-0.39682539682539675,0.028500678525219675,21,21,0.18957442679377465,NS
ENSSSCG00000009783,0.3992407930703495,0.21251497428180477,-0.18672581878854472,-0.0793650793650793,0.6399859599660571,21,21,0.8326007368418645,NS
ENSSSCG00000017799,2.278501286190096,1.9931510972286748,-0.28535018896142117,-0.13378684807256236,0.46568579971233737,21,21,0.7103857207086134,NS
ENSSSCG00000002749,0.6428211384355454,0.5000251034089567,-0.14279603502658877,-0.05215419501133778,0.7770132139738273,21,21,0.9109394814543041,NS
ENSSSCG00000013533,1.6037283395374284,1.686498091182702,0.08276975164527367,0.015873015873015928,0.9398332443569812,21,21,0.9783494422867809,NS
ENSSSCG00000015455,1.725565846278706,1.7471744568417549,0.021608610563048858,-0.038548752834467015,0.8404999102503055,21,21,0.9396794525202588,NS
ENSSSCG00000015610,2.308858644386519,1.8000611563831117,-0.5087974880034074,-0.17006802721088432,0.35189843271642895,21,21,0.6139228892038759,NS
ENSSSCG00000000169,0.8464010012028619,0.19566832618309396,-0.650732675019768,-0.4671201814058956,0.005334435503224515,21,21,0.08882094066048586,NS
ENSSSCG00000014578,0.7265127182329773,0.3633095589638316,-0.36320315926914565,-0.308390022675737,0.0884145410074606,21,21,0.31194620610365387,NS
ENSSSCG00000020675,0.6492709959640806,0.17204884972897913,-0.4772221462351014,-0.22448979591836737,0.16531505946604608,21,21,0.41913082991704775,NS
ENSSSCG00000022353,1.3787244043014804,0.9273499745817462,-0.4513744297197342,-0.22448979591836737,0.2166677271657954,21,21,0.47992085027495884,NS
ENSSSCG00000035364,0.533744313455222,0.4793943338228443,-0.0543499796323777,0.3038548752834467,0.08827375798345061,21,21,0.31194620610365387,NS
ENSSSCG00000011471,1.1638155201397073,1.0142938957253722,-0.14952162441433514,-0.11111111111111116,0.5456923516561308,21,21,0.7703997318854171,NS
ENSSSCG00000003807,0.9776734900646747,1.0875586308201588,0.10988514075548406,0.020408163265306145,0.9198368205726829,21,21,0.9725908472022055,NS
ENSSSCG00000007360,1.004088583930341,0.22739375189325248,-0.7766948320370886,-0.39682539682539675,0.028089373663571594,21,21,0.18957442679377465,NS
ENSSSCG00000003352,0.9124067636409308,1.1128005938601253,0.20039383021919455,0.04761904761904767,0.8004309388355547,21,21,0.9213153463710844,NS
ENSSSCG00000040073,1.8837762472297332,1.458120949915728,-0.4256552973140053,-0.11791383219954654,0.5206245709514092,21,21,0.7533563423093511,NS
ENSSSCG00000003914,1.1959333340838576,0.36246011900521724,-0.8334732150786404,-0.4217687074829932,0.016675277274611065,21,21,0.1460154885656336,NS
ENSSSCG00000009403,1.2421591070968252,0.5630673410624605,-0.6790917660343647,-0.1020408163265305,0.5794332628609544,21,21,0.794449839978317,NS
ENSSSCG00000038009,2.86596285011792,2.4236236109403784,-0.4423392391775418,-0.1360544217687074,0.45801196555588264,21,21,0.7071712995078449,NS
ENSSSCG00000016566,0.5246322617577465,0.3906571275573613,-0.13397513420038515,-0.03628117913832196,0.8384614269432262,21,21,0.9396794525202588,NS
ENSSSCG00000010473,2.1003463645195803,1.0430746267480144,-1.057271737771566,-0.32879818594104315,0.07006242316111398,21,21,0.27842598868122526,NS
ENSSSCG00000010550,0.9946101041415292,0.42847253191695095,-0.5661375722245783,-0.22675736961451243,0.18741355883793986,21,21,0.44594416012080035,NS
ENSSSCG00000015102,0.6791124490676816,0.7105307387663018,0.03141828969862015,0.1315192743764172,0.41177466520884,21,21,0.6711271568858737,NS
ENSSSCG00000012520,1.2794147892870709,0.7522166403724113,-0.5271981489146595,-0.2743764172335601,0.13033539806247021,21,21,0.37835478192585825,NS
ENSSSCG00000037516,1.8875985801494455,1.3974041031483873,-0.4901944770010582,-0.2290249433106577,0.20839504825646094,21,21,0.46888391299875337,NS
ENSSSCG00000004791,0.7663368211648104,0.302933730594135,-0.4634030905706754,-0.24716553287981857,0.16630763512961522,21,21,0.41913082991704775,NS
ENSSSCG00000006206,3.3283306848587815,2.3891310613746515,-0.93919962348413,-0.3197278911564625,0.07825502308568134,21,21,0.29484995892048155,NS
ENSSSCG00000012378,1.165561601588947,0.6567499285667779,-0.508811673022169,-0.3151927437641724,0.0635441068654537,21,21,0.26831015927310264,NS
ENSSSCG00000033741,1.4558528513749738,1.1748311907548057,-0.2810216606201681,-0.020408163265306145,0.9196679154140716,21,21,0.9725908472022055,NS
ENSSSCG00000017042,1.1466425826889828,0.39560001647659826,-0.7510425662123845,-0.25396825396825395,0.13939188833914062,21,21,0.38918532926597665,NS
ENSSSCG00000008070,0.8932023373189641,0.33252761508543277,-0.5606747222335313,-0.33333333333333326,0.03873734337424788,21,21,0.21879553233212654,NS
ENSSSCG00000004289,1.8690713311508302,1.7599685067503053,-0.10910282440052499,-0.0022675736961450532,1.0,21,21,1.0,NS
ENSSSCG00000040680,0.38565706735816574,1.4879998356810564,1.1023427683228908,0.6598639455782314,0.0001288194207156179,21,21,0.01811082976599118,Up (PA>IVF)
ENSSSCG00000028056,0.6974999297353451,0.11390480099406688,-0.5835951287412783,-0.4807256235827664,0.0032586041982231736,21,21,0.07135641789976087,NS
ENSSSCG00000033627,0.7260237418264902,0.32269358010184174,-0.4033301617246485,-0.3015873015873016,0.07594792149775423,21,21,0.2919520882220497,NS
ENSSSCG00000015947,0.5454043785036169,0.46768600820160494,-0.07771837030201195,-0.13378684807256236,0.43551382746332856,21,21,0.6880757384611778,NS
ENSSSCG00000025901,1.0468794672845558,0.8616702563978303,-0.18520921088672548,-0.07029478458049887,0.7045511283772418,21,21,0.8691022220107433,NS
ENSSSCG00000040650,1.5775071884130356,0.4361260944570939,-1.1413810939559417,-0.5056689342403629,0.004264799770699516,21,21,0.07907169304594237,NS
ENSSSCG00000038187,0.4777172406070537,0.4792895023057443,0.0015722616986906246,0.04081632653061229,0.8258945782211938,21,21,0.9364688936524611,NS
ENSSSCG00000000504,1.452283250660003,0.44404530861608227,-1.0082379420439207,-0.5374149659863945,0.0029285946148164595,21,21,0.0710630867654928,NS
ENSSSCG00000003826,2.074187790182941,1.3068503844640884,-0.7673374057188527,-0.17460317460317465,0.338427690880053,21,21,0.6008056035381634,NS
ENSSSCG00000024149,1.5123167590348108,1.963700836399206,0.4513840773643951,0.11111111111111116,0.5460180023945915,21,21,0.7703997318854171,NS
ENSSSCG00000033106,1.4827081924960412,1.0191050604124718,-0.4636031320835694,-0.2925170068027212,0.10660713250149167,21,21,0.34142639477651104,NS
ENSSSCG00000033879,1.714919118375649,1.2261548506063995,-0.4887642677692494,-0.09297052154195007,0.6145966297909777,21,21,0.8157225327032747,NS
ENSSSCG00000014905,1.0399492621455972,1.4048244796413,0.36487521749570284,0.07936507936507942,0.6660967829561886,21,21,0.8447545916162275,NS
ENSSSCG00000008289,2.17363657779588,1.6462867694751666,-0.5273498083207135,-0.1383219954648527,0.45007831726258374,21,21,0.6984759079638868,NS
ENSSSCG00000013245,0.5491419869641848,0.579453463138195,0.0303114761740102,0.13378684807256236,0.4399253315599878,21,21,0.6942460948933784,NS
ENSSSCG00000002414,2.426751412580154,2.154159555285831,-0.2725918572943229,-0.09523809523809534,0.6060544765839555,21,21,0.8132890667773738,NS
ENSSSCG00000002355,2.32750770946931,2.335254927120551,0.0077472176512407565,-0.015873015873015817,0.9398405445499176,21,21,0.9783494422867809,NS
ENSSSCG00000035211,0.736094329625416,0.19237241066443517,-0.5437219189609808,-0.3424036281179139,0.04766258141161719,21,21,0.2366003721042282,NS
ENSSSCG00000028406,1.2410967653195268,0.861218164608565,-0.3798786007109618,-0.13378684807256236,0.4655049792936441,21,21,0.7103857207086134,NS
ENSSSCG00000010345,0.8857993307761007,0.14701378946178856,-0.7387855413143122,-0.346938775510204,0.046412281569798375,21,21,0.2350491979746632,NS
ENSSSCG00000035667,2.45297471416439,1.7393109082402762,-0.7136638059241138,-0.16553287981859421,0.365124661446276,21,21,0.6272800312138134,NS
ENSSSCG00000036688,2.1073210584117863,0.8911715306366368,-1.2161495277751495,-0.3537414965986394,0.05043702044545438,21,21,0.24274267487585835,NS
ENSSSCG00000013740,1.2856019501032074,1.1947282615160177,-0.0908736885871897,-0.21995464852607705,0.20500039705555972,21,21,0.467055039455709,NS
ENSSSCG00000005436,2.7292837137472143,1.504364904089463,-1.2249188096577512,-0.41496598639455784,0.02204779735740637,21,21,0.1674730894955559,NS
ENSSSCG00000016138,2.81109110932069,1.8027496623471595,-1.0083414469735306,-0.2517006802721089,0.16614783257725074,21,21,0.41913082991704775,NS
ENSSSCG00000000751,1.0752948509402478,0.48215904812888977,-0.593135802811358,-0.34013605442176864,0.0538586480074786,21,21,0.2500515139895972,NS
ENSSSCG00000010876,1.9312138569765995,0.9801148880883934,-0.9510989688882061,-0.43764172335600904,0.014819160377213078,21,21,0.13850059971073803,NS
ENSSSCG00000011949,0.5283532650315493,0.343436364039386,-0.18491690099216335,-0.4013605442176871,0.01412061626492795,21,21,0.13700926634262622,NS
ENSSSCG00000037976,1.44663529680187,1.044412152299106,-0.4022231445027642,-0.06575963718820854,0.7171253145695052,21,21,0.8789493760848323,NS
ENSSSCG00000040926,1.5231935726557109,2.243322706631505,0.720129133975794,0.308390022675737,0.08578991757290316,21,21,0.3091496418228523,NS
ENSSSCG00000037947,3.462125986230926,3.3898358649405487,-0.07229012129037748,-0.0748299319727892,0.6863092947469052,21,21,0.8572780981928975,NS
ENSSSCG00000006861,0.742262622459894,0.36342564700479885,-0.3788369754550952,-0.16553287981859421,0.35152398677319796,21,21,0.6139228892038759,NS
ENSSSCG00000025010,1.6528380613020535,1.3048586664912623,-0.3479793948107912,-0.05668934240362811,0.7592835988758233,21,21,0.9015297803289233,NS
ENSSSCG00000010164,0.33939830705706814,0.3737700194452705,0.03437171238820236,-0.08843537414965996,0.5770656326647308,21,21,0.794449839978317,NS
ENSSSCG00000023277,1.7596810752990317,1.8993689516272352,0.13968787632820345,0.061224489795918324,0.741979610352807,21,21,0.8907689783709924,NS
ENSSSCG00000002427,1.266982912488613,0.22095719811939948,-1.0460257143692135,-0.600907029478458,0.0006774123742137456,21,21,0.0411432311026537,Down (PA<IVF)
ENSSSCG00000033574,0.9505886110745417,0.8423730800294784,-0.10821553104506332,0.015873015873015928,0.9397942650608898,21,21,0.9783494422867809,NS
ENSSSCG00000013559,0.9042075416808691,1.4047754272623225,0.5005678855814534,0.2108843537414966,0.23627565974130949,21,21,0.49934320517832165,NS
ENSSSCG00000030149,0.5955422451121779,0.3327545339256546,-0.2627877111865233,-0.18594104308390014,0.2709601152848392,21,21,0.5390911806421105,NS
ENSSSCG00000032772,0.5960505354029151,0.5740216470428254,-0.02202888836008965,0.17913832199546487,0.2310473170743036,21,21,0.4967903383554941,NS
ENSSSCG00000005071,1.5407172954343973,0.4778763452649046,-1.0628409501694926,-0.6054421768707483,0.0007356401695367502,21,21,0.04179614971550859,Down (PA<IVF)
ENSSSCG00000038973,2.9106576139714466,2.572101583431614,-0.3385560305398325,-0.03401360544217691,0.8602230946114309,21,21,0.9490399532059208,NS
ENSSSCG00000020799,0.6106747328643091,0.6543986517896204,0.043723918925311356,0.0975056689342404,0.5917941081010494,21,21,0.8062920726419195,NS
ENSSSCG00000035912,0.8770233111268967,0.3742232212986029,-0.5028000898282938,-0.19274376417233552,0.2850693871433916,21,21,0.5519548393462225,NS
ENSSSCG00000029413,1.3857779940405377,1.2607180469613373,-0.12505994707920043,-0.015873015873015817,0.9398186359948367,21,21,0.9783494422867809,NS
ENSSSCG00000011237,3.0733966351931237,2.7650860175658614,-0.3083106176272623,-0.2335600907029478,0.19951213436010184,21,21,0.4574984559108449,NS
ENSSSCG00000025440,2.2314310815296596,3.190692254829071,0.9592611732994114,0.33333333333333337,0.06629210007834077,21,21,0.2723588264951059,NS
ENSSSCG00000039235,0.7942370279589144,0.8672975053457939,0.07306047738687949,0.02947845804988658,0.8782320071227203,21,21,0.9581000128681301,NS
ENSSSCG00000017191,2.06616847102236,1.4158385861843528,-0.6503298848380072,-0.18367346938775508,0.314108991078889,21,21,0.5805420605146814,NS
ENSSSCG00000001562,0.48412072621453417,0.33772544066354837,-0.1463952855509858,0.015873015873015928,0.935705947934793,21,21,0.9783494422867809,NS
ENSSSCG00000032957,0.27742293972814963,0.3436743260043027,0.06625138627615307,0.02947845804988658,0.8718286950490708,21,21,0.9581000128681301,NS
ENSSSCG00000009400,2.1258801634354523,2.247479935434339,0.12159977199888683,0.02947845804988658,0.8799791632099798,21,21,0.9581000128681301,NS
ENSSSCG00000004291,0.6189504746050117,0.5277429623550328,-0.09120751224997892,-0.031746031746031855,0.8625680678449448,21,21,0.9514740224178037,NS
ENSSSCG00000010151,1.7389277779611627,1.1667538297740838,-0.5721739481870789,-0.23129251700680276,0.20393636174184748,21,21,0.4650942292383889,NS
ENSSSCG00000008971,2.3173584634407325,1.829412861151511,-0.48794560228922146,-0.1428571428571428,0.43549215491585636,21,21,0.6880757384611778,NS
ENSSSCG00000013784,2.0053814017027785,1.8908141755323251,-0.11456722617045334,-0.06575963718820854,0.7247030031611088,21,21,0.8813087398839223,NS
ENSSSCG00000039157,1.2197063497115095,0.8780066196900684,-0.34169973002144105,-0.09070294784580502,0.6236133244500082,21,21,0.8244423879912796,NS
ENSSSCG00000011003,0.6324795244202865,0.2540128082685375,-0.37846671615174904,-0.1201814058956916,0.46162132881855866,21,21,0.7103857207086134,NS
ENSSSCG00000021023,1.2684185815113314,1.0956684594597657,-0.1727501220515657,-0.049886621315192725,0.791667439309527,21,21,0.9193218203428043,NS
ENSSSCG00000039523,0.4763648992622776,0.5225529817209805,0.04618808245870293,-0.14512471655328807,0.40910145253763597,21,21,0.6683581720429109,NS
ENSSSCG00000024550,0.8863090334747008,0.5844711989125182,-0.3018378345621826,-0.0793650793650793,0.6440189675929311,21,21,0.8344026504702031,NS
ENSSSCG00000002738,0.8361756169308414,0.627958298800676,-0.20821731813016542,-0.16780045351473927,0.3448750105223076,21,21,0.6093308137361777,NS
ENSSSCG00000039480,1.7832599864485066,1.5945466662962329,-0.1887133201522737,-0.04761904761904767,0.8013831883084928,21,21,0.9213153463710844,NS
ENSSSCG00000017419,3.601965744672328,3.6518020768409087,0.04983633216858063,0.11111111111111116,0.5460017363773491,21,21,0.7703997318854171,NS
ENSSSCG00000009349,1.3612351348812106,0.8852992518092276,-0.475935883071983,-0.21541950113378694,0.22624287973915558,21,21,0.49084652942506357,NS
ENSSSCG00000004942,1.9490230097586507,1.077618595522269,-0.8714044142363817,-0.2857142857142858,0.11574865777148378,21,21,0.35552220206625207,NS
ENSSSCG00000014171,0.6276462355877319,0.2895912459800194,-0.3380549896077125,-0.20181405895691618,0.19654412456991477,21,21,0.4568934918839767,NS
ENSSSCG00000016166,2.8338040912079245,2.768609515719278,-0.06519457548864649,0.027210884353741527,0.8899541879139963,21,21,0.965040287671819,NS
ENSSSCG00000013776,0.7089073537340093,0.44240243925910844,-0.2665049144749008,-0.0793650793650793,0.6686551023213888,21,21,0.8447545916162275,NS
ENSSSCG00000029652,1.1611007912077065,2.0690305157761637,0.9079297245684572,0.33333333333333337,0.06608320458195181,21,21,0.2723588264951059,NS
ENSSSCG00000038191,1.4695602800132694,1.016880295948265,-0.4526799840650044,-0.14739229024943312,0.42045232121944287,21,21,0.6751374148904354,NS
ENSSSCG00000016300,1.9030851575503738,1.0692246780114523,-0.8338604795389215,-0.383219954648526,0.03456443306999665,21,21,0.2067186606092017,NS
ENSSSCG00000011997,1.916389038689553,1.56055118875178,-0.355837849937773,-0.02947845804988658,0.8800081312598497,21,21,0.9581000128681301,NS
ENSSSCG00000040778,3.0845464144995396,2.411214850256875,-0.6733315642426647,-0.217687074829932,0.23210810022451445,21,21,0.4972709455153557,NS
ENSSSCG00000007622,0.9436577395998078,1.1350599475733103,0.1914022079735025,0.0680272108843537,0.7151814965285204,21,21,0.8770020818198087,NS
ENSSSCG00000033319,1.1519435889112306,0.678258748117231,-0.47368484079399964,-0.08390022675736963,0.6477471602340937,21,21,0.8344026504702031,NS
ENSSSCG00000008236,2.465736421563671,2.5016458532580153,0.03590943169434446,-0.12471655328798192,0.4963967138101678,21,21,0.7336937392345346,NS
ENSSSCG00000022869,1.6307885191819047,1.090657856907807,-0.5401306622740978,-0.19274376417233552,0.2903298688106136,21,21,0.5572357098576629,NS
ENSSSCG00000014136,2.136180611973736,1.6189865651133526,-0.5171940468603835,-0.23809523809523814,0.1908399057704352,21,21,0.44742370252398683,NS
ENSSSCG00000013380,1.5998246333654376,0.5542349272622823,-1.0455897061031552,-0.41950113378684817,0.01980845844614765,21,21,0.15930366347077712,NS
ENSSSCG00000015222,0.66546259720962,0.6810763228292613,0.015613725619641361,0.05668934240362811,0.7513511045224741,21,21,0.898687244035969,NS
ENSSSCG00000035472,2.2008260570128244,2.0022481901797162,-0.19857786683310819,-0.0453514739229024,0.8110463304161786,21,21,0.9306308193686857,NS
ENSSSCG00000037468,1.3522956948555593,1.2393338447242928,-0.11296185013126658,-0.12925170068027203,0.4808524501177246,21,21,0.7223387232262236,NS
ENSSSCG00000011518,2.9118159136418855,1.7913921370730328,-1.1204237765688527,-0.28798185941043086,0.1124982080327031,21,21,0.3499967010457579,NS
ENSSSCG00000000800,0.7429867361124456,0.6461120391098243,-0.0968746970026213,0.03401360544217691,0.8585920050145703,21,21,0.9490399532059208,NS
ENSSSCG00000028018,0.7250876092137678,0.19701576852310348,-0.5280718406906644,-0.3424036281179139,0.043726704492898075,21,21,0.229906559887904,NS
ENSSSCG00000000665,1.140963170729774,0.5262029852334368,-0.6147601854963373,-0.2925170068027212,0.10220657919283563,21,21,0.33339854173221706,NS
ENSSSCG00000033611,0.8729427751273283,0.28501949919575903,-0.5879232759315693,-0.2335600907029478,0.1911217496816664,21,21,0.44762553868768573,NS
ENSSSCG00000037015,1.2356090809443894,1.538386875353084,0.3027777944086947,0.024943310657596363,0.8998667380818649,21,21,0.965040287671819,NS
ENSSSCG00000001577,0.8599036975793928,1.2378054469672688,0.377901749387876,0.2222222222222222,0.21703854481250817,21,21,0.47992085027495884,NS
ENSSSCG00000008261,2.69642460364256,3.185701161871523,0.4892765582289633,0.13605442176870752,0.45801196555588264,21,21,0.7071712995078449,NS
ENSSSCG00000027007,1.078300220881388,0.44083772266547655,-0.6374624982159116,-0.3197278911564625,0.057078269200239236,21,21,0.2560869370265802,NS
ENSSSCG00000002450,0.5128238173332235,0.19795203505759965,-0.31487178227562385,-0.4467120181405895,0.011208709196732915,21,21,0.12302679214334049,NS
ENSSSCG00000017248,2.1232506392538695,1.2266629129314215,-0.896587726322448,-0.3197278911564625,0.07824294580419622,21,21,0.29484995892048155,NS
ENSSSCG00000005441,0.527288362183268,0.4104632175564196,-0.1168251446268484,-0.2925170068027212,0.10220657919283563,21,21,0.33339854173221706,NS
ENSSSCG00000028523,1.9734483167236045,1.3347290025602807,-0.6387193141633238,-0.26530612244897966,0.14449096282932025,21,21,0.3939827031871146,NS
ENSSSCG00000015917,0.9867279457845513,0.5331130398120998,-0.45361490597245147,-0.2108843537414966,0.2468220680014227,21,21,0.5117165520743475,NS
ENSSSCG00000006340,0.6843756775351219,0.24210691208509563,-0.44226876545002625,-0.5238095238095237,0.0032008452699821884,21,21,0.07135641789976087,NS
ENSSSCG00000003628,2.304715645176965,2.645489116125001,0.3407734709480361,0.06575963718820865,0.7246923023385743,21,21,0.8813087398839223,NS
ENSSSCG00000013635,0.5039538372784498,0.2161133617016415,-0.28784047557680825,-0.27210884353741505,0.09704316228413776,21,21,0.3231631520724199,NS
ENSSSCG00000012517,1.954725815441969,1.9071105860086515,-0.04761522943331764,-0.05668934240362811,0.7622281589787179,21,21,0.9015297803289233,NS
ENSSSCG00000020790,0.3469478529358895,0.9461826770703096,0.5992348241344201,0.18594104308390025,0.13711236185290676,21,21,0.3858781529159893,NS
ENSSSCG00000033480,1.0636536826447442,2.076039515927079,1.0123858332823348,0.5555555555555556,0.0020980683671177006,21,21,0.06098622456960774,NS
ENSSSCG00000034406,0.5947551485191906,0.38356614775537134,-0.2111890007638193,-0.383219954648526,0.02655426750417316,21,21,0.18455372360206054,NS
ENSSSCG00000034197,0.8598350333274125,0.4211557953614867,-0.43867923796592584,-0.18367346938775508,0.30706230368800524,21,21,0.5772670329678585,NS
ENSSSCG00000040639,0.9027605654795259,1.1322581760341106,0.22949761055458473,0.18594104308390025,0.2992121006877986,21,21,0.570006945492446,NS
ENSSSCG00000036883,1.583311924863332,1.1786526146523384,-0.40465931021099366,-0.16553287981859421,0.3644630824910663,21,21,0.6272800312138134,NS
ENSSSCG00000008099,1.7688472761016767,1.4630421517455101,-0.3058051243561666,-0.05668934240362811,0.7627147144382511,21,21,0.9015297803289233,NS
ENSSSCG00000036613,1.2160930570471056,1.2804626721489132,0.06436961510180761,0.0975056689342404,0.5972521477228574,21,21,0.8062920726419195,NS
ENSSSCG00000030577,0.5177042939456008,0.11195771331000806,-0.40574658063559277,-0.2290249433106577,0.16893236057038508,21,21,0.42449670092045483,NS
ENSSSCG00000035238,1.234591332874912,1.5287909053111013,0.2941995724361892,-0.08163265306122458,0.6597609090632409,21,21,0.8425441505052319,NS
ENSSSCG00000015512,0.858187155153717,0.7349734991830172,-0.12321365597069978,-0.09297052154195007,0.6116917218547059,21,21,0.8157225327032747,NS
ENSSSCG00000008233,1.038565324568623,1.0629832595085373,0.024417934939914288,-0.08390022675736963,0.6504258436811943,21,21,0.8344026504702031,NS
ENSSSCG00000004456,1.0275272305009264,0.3441792498815045,-0.6833479806194219,-0.26984126984126977,0.11263236690688205,21,21,0.3499967010457579,NS
ENSSSCG00000022757,2.8445052194110327,1.903566924791935,-0.9409382946190978,-0.3151927437641724,0.08255898310938571,21,21,0.3023991346304046,NS
ENSSSCG00000012957,1.3285107937221459,0.9801882704764554,-0.34832252324569046,-0.15646258503401356,0.39131096718461467,21,21,0.6539796048612466,NS
ENSSSCG00000040593,0.7959819219864457,0.9725911848250378,0.17660926283859213,0.13832199546485258,0.44190452783278056,21,21,0.6965682584864142,NS
ENSSSCG00000005182,1.8700485694531976,1.284711864397705,-0.5853367050554927,-0.24716553287981857,0.17398439028082469,21,21,0.42834123173730454,NS
ENSSSCG00000023871,1.9366118058544712,1.8651389244538148,-0.07147288140065644,0.0113378684807256,0.9598416490286131,21,21,0.9869209896448123,NS
ENSSSCG00000009298,1.3119397813363587,0.3664223727638626,-0.9455174085724961,-0.4467120181405895,0.011630069759370826,21,21,0.12484435276736633,NS
ENSSSCG00000031598,1.241885967893232,0.7726823583072461,-0.46920360958598584,-0.15646258503401356,0.3917154162713685,21,21,0.6539796048612466,NS
ENSSSCG00000013437,0.8542198854964334,0.9977999521918802,0.14358006669544687,-0.04308390022675734,0.8197002617022426,21,21,0.9318998211511518,NS
ENSSSCG00000033369,0.49510144106107007,0.7188046121762017,0.22370317111513166,-0.04761904761904767,0.7968184581234595,21,21,0.9213153463710844,NS
ENSSSCG00000003359,0.40721842713675854,0.48592540942224816,0.07870698228548961,0.04761904761904767,0.7691295317282445,21,21,0.9076601733452189,NS
ENSSSCG00000037277,1.3747866698905553,0.4960994085760426,-0.8786872613145127,-0.383219954648526,0.025282234032766183,21,21,0.17843222784441976,NS
ENSSSCG00000016913,0.8064926254123868,0.06261758556638997,-0.7438750398459968,-0.31065759637188206,0.03192531450442938,21,21,0.2029842289862626,NS
ENSSSCG00000007004,2.734846420045262,3.3309134957391855,0.5960670756939237,0.24716553287981857,0.17433363250882716,21,21,0.42834123173730454,NS
ENSSSCG00000009568,2.2577830294199694,1.3584653821477009,-0.8993176472722686,-0.3424036281179139,0.058843392435883476,21,21,0.25790327958396714,NS
ENSSSCG00000037406,1.7137939987489004,1.9795409480328405,0.26574694928394016,0.17460317460317465,0.338427690880053,21,21,0.6008056035381634,NS
ENSSSCG00000035741,0.8461340142834798,0.2538926070388817,-0.5922414072445981,-0.4013605442176871,0.023469288916429708,21,21,0.17258422275325483,NS
ENSSSCG00000038289,1.6893250179070483,0.6174991459127304,-1.071825871994318,-0.33560090702947853,0.061379588886415516,21,21,0.2648855373479621,NS
ENSSSCG00000006290,1.551421582749051,0.6942892292063996,-0.8571323535426514,-0.26530612244897966,0.14096300533558292,21,21,0.3909587620683742,NS
ENSSSCG00000038474,0.43574982872979945,0.16165313223822864,-0.2740966964915708,-0.009070294784580435,0.9622551793402088,21,21,0.9892208197623007,NS
ENSSSCG00000017287,0.8945283169912768,0.46919639763530413,-0.42533191935597264,-0.26530612244897966,0.1333629988861458,21,21,0.3827908670957993,NS
ENSSSCG00000023195,0.8959627149107592,1.1584053915728483,0.2624426766620891,0.2222222222222222,0.22178812204303366,21,21,0.4862468894903199,NS
ENSSSCG00000013737,0.7399511032163563,0.173828719432199,-0.5661223837841572,-0.3605442176870748,0.0384297650039304,21,21,0.21805474601072172,NS
ENSSSCG00000007047,0.8153852157987233,1.0781258100210824,0.2627405942223592,-0.013605442176870763,0.9489051264287317,21,21,0.9857774191208913,NS
ENSSSCG00000011567,1.6997804663904743,2.112754816431994,0.4129743500415195,0.2108843537414966,0.24712872933711605,21,21,0.5117165520743475,NS
ENSSSCG00000005532,0.9400600836465756,0.6300833995302054,-0.30997668411637014,-0.31065759637188206,0.08249497796880664,21,21,0.3023991346304046,NS
ENSSSCG00000028662,1.536428808415553,0.7183760364189821,-0.818052771996571,-0.3197278911564625,0.0755994378190762,21,21,0.2913551367634061,NS
ENSSSCG00000005585,0.7360414176857031,0.3697746470232151,-0.366266770662488,-0.23809523809523814,0.18786146992590202,21,21,0.4465452819444518,NS
ENSSSCG00000012758,0.514390980143255,0.1579362801006213,-0.3564547000426337,-0.2630385487528344,0.11806643587036511,21,21,0.3593522290120254,NS
ENSSSCG00000011629,1.7975881558660607,1.4796008914363663,-0.3179872644296944,-0.0045351473922903285,0.9899503160592452,21,21,1.0,NS
ENSSSCG00000002387,0.5757688372190976,0.9306408753649229,0.35487203814582535,0.17006802721088432,0.3515859323525973,21,21,0.6139228892038759,NS
ENSSSCG00000014305,0.7445530948826548,0.5207511080547048,-0.22380198682794994,-0.2743764172335601,0.1223944852724867,21,21,0.36712993833373797,NS
ENSSSCG00000010962,1.575887567972789,1.612630958944818,0.036743390972028944,0.0226757369614512,0.9098349547540194,21,21,0.9723776954743334,NS
ENSSSCG00000011572,1.5120774999715745,1.9065341670915312,0.39445666711995675,0.10657596371882083,0.5623164543585885,21,21,0.7833833809361512,NS
ENSSSCG00000017416,0.4756474235318449,0.32798379477764295,-0.14766362875420197,-0.2630385487528344,0.10880584220299894,21,21,0.34545735246647497,NS
ENSSSCG00000012695,0.9891208877908829,0.5182925878442975,-0.47082829994658537,-0.1768707482993197,0.31301539883623397,21,21,0.5805420605146814,NS
ENSSSCG00000030211,1.324409651737202,1.2473815624266973,-0.07702808931050464,-0.09297052154195007,0.6148835592723955,21,21,0.8157225327032747,NS
ENSSSCG00000005970,1.055073933620049,1.1283949603306571,0.07332102671060814,0.07936507936507942,0.6673833096047879,21,21,0.8447545916162275,NS
ENSSSCG00000008836,0.9460381446834011,0.7118233687076185,-0.23421477597578255,-0.061224489795918435,0.7350589515443476,21,21,0.8887036319341249,NS
ENSSSCG00000017693,1.085704729681039,0.7101297889362252,-0.3755749407448137,-0.17006802721088432,0.3354726927102596,21,21,0.6008056035381634,NS
ENSSSCG00000025218,0.7410701922906421,0.48272057043759303,-0.25834962185304905,-0.0793650793650793,0.655962117977976,21,21,0.839449129266359,NS
ENSSSCG00000010480,3.2251176352010056,2.6333739042592006,-0.591743730941805,-0.12471655328798192,0.49699055477826104,21,21,0.7336937392345346,NS
ENSSSCG00000018070,1.2960929913056716,1.246023970530493,-0.05006902077517861,0.006802721088435382,0.9760804855104879,21,21,0.9954575561004508,NS
ENSSSCG00000004799,1.7149818576738871,0.9434682121922244,-0.7715136454816627,-0.3378684807256236,0.062457339885724814,21,21,0.26545427392262594,NS
ENSSSCG00000040702,1.0279809118833465,0.7297947209293518,-0.2981861909539947,-0.19727891156462585,0.26824760605356945,21,21,0.5349996098742043,NS
ENSSSCG00000029179,1.8196234971222776,2.0814921977687884,0.2618687006465108,0.108843537414966,0.553059282687351,21,21,0.7790527062084658,NS
ENSSSCG00000032669,2.66436958364863,1.0411141713367396,-1.6232554123118905,-0.4920634920634921,0.006331016034066739,21,21,0.0970573284442826,NS
ENSSSCG00000036047,0.8906490239798666,0.3926911922621025,-0.4979578317177641,-0.3696145124716552,0.030992598102706628,21,21,0.19907230616532534,NS
ENSSSCG00000027340,2.0838785995208107,1.900610772047607,-0.18326782747320358,0.05215419501133789,0.7818279918329542,21,21,0.9109394814543041,NS
ENSSSCG00000004941,1.1166813789796595,0.7327974694549942,-0.3838839095246652,0.049886621315192725,0.7913864793433354,21,21,0.9193218203428043,NS
ENSSSCG00000000667,1.301749809188511,1.9444794790719524,0.6427296698834415,0.4920634920634921,0.006469106290206461,21,21,0.09765862760280812,NS
ENSSSCG00000009865,0.6333322757932409,1.3605682189816652,0.7272359431884243,0.3605442176870748,0.046710501881722384,21,21,0.2350491979746632,NS
ENSSSCG00000032015,2.460308154753765,1.682660511521632,-0.7776476432321329,-0.256235827664399,0.15874868209538184,21,21,0.4089176259717459,NS
ENSSSCG00000001063,1.543043602633325,0.8436116192919892,-0.6994319833413357,-0.3560090702947847,0.047717636710729094,21,21,0.2366003721042282,NS
ENSSSCG00000004314,1.5357824124861064,1.7564459552760705,0.22066354278996414,0.1882086167800453,0.3019680827111074,21,21,0.5703026187481536,NS
ENSSSCG00000038588,0.763997092349664,1.7511188242005673,0.9871217318509034,0.5170068027210885,0.003866572409361463,21,21,0.07622036416155069,NS
ENSSSCG00000032835,0.813504286944354,0.2368573128637657,-0.5766469740805882,-0.42630385487528355,0.01654536863652856,21,21,0.1460154885656336,NS
ENSSSCG00000004245,1.5471217306726022,0.8552675686145418,-0.6918541620580604,-0.28344671201814053,0.11854233757227105,21,21,0.3593522290120254,NS
ENSSSCG00000026741,2.670436541824051,1.8962013000474223,-0.7742352417766287,-0.18367346938775508,0.313912691035127,21,21,0.5805420605146814,NS
ENSSSCG00000026833,0.7950183652530443,0.9090699783648093,0.11405161311176504,-0.08843537414965996,0.6286729537807132,21,21,0.8251293316812793,NS
ENSSSCG00000006037,2.5072707295834897,0.9760017942554212,-1.5312689353280686,-0.5419501133786848,0.0027532939787805817,21,21,0.0678052262065058,NS
ENSSSCG00000036505,2.5637776860828847,1.746961171828453,-0.8168165142544317,-0.22222222222222232,0.22242589488410824,21,21,0.48717804562738903,NS
ENSSSCG00000027905,2.695942861676118,2.8265589758017216,0.13061611412560348,0.16326530612244894,0.37164792224324184,21,21,0.6365614099657793,NS
ENSSSCG00000003830,3.991424892024362,2.376608185980636,-1.614816706043726,-0.4512471655328798,0.012759283501342113,21,21,0.1298645175359153,NS
ENSSSCG00000008429,1.6305271575167057,1.3465634340810406,-0.2839637234356651,-0.16780045351473927,0.3585028000187661,21,21,0.6226149893996799,NS
ENSSSCG00000039614,5.3403062259118,5.49012152778059,0.14981530186878977,0.24943310657596374,0.1703614306156218,21,21,0.4261850217527077,NS
ENSSSCG00000031774,2.8259845966596417,1.1323885680083445,-1.6935960286512972,-0.5351473922902494,0.0031173871214232427,21,21,0.07135641789976087,NS
ENSSSCG00000032239,1.8164145833104466,0.6935975834419847,-1.1228169998684618,-0.45578231292517013,0.011692178831746893,21,21,0.12484435276736633,NS
ENSSSCG00000036792,2.0540861045203336,1.9741990448432285,-0.07988705967710508,0.05215419501133789,0.7819659349886343,21,21,0.9109394814543041,NS
ENSSSCG00000016104,1.3222240266571017,0.20128912081206587,-1.1209349058450357,-0.6281179138321995,0.0004603002768238846,21,21,0.03411147259416636,Down (PA<IVF)
ENSSSCG00000013453,1.7274098697567721,1.651061261271072,-0.07634860848570013,0.05668934240362811,0.7626587257614177,21,21,0.9015297803289233,NS
ENSSSCG00000009208,1.887622384370458,1.621058642601221,-0.26656374176923703,-0.12925170068027203,0.4811370743251654,21,21,0.7223387232262236,NS
ENSSSCG00000024279,1.48116642966425,0.6086943466546606,-0.8724720830095893,-0.45351473922902485,0.008052651774766263,21,21,0.10768263386919406,NS
ENSSSCG00000003669,0.8201217341983137,0.6256971052320548,-0.1944246289662589,0.0022675736961451642,1.0,21,21,1.0,NS
ENSSSCG00000007342,0.8932992842307225,0.30835086533109524,-0.5849484188996272,-0.3197278911564625,0.06659598702958318,21,21,0.27339824717111944,NS
ENSSSCG00000032062,1.0070149996064284,0.3586934218886428,-0.6483215777177855,-0.06575963718820854,0.7001041466273333,21,21,0.8686407028148864,NS
ENSSSCG00000013125,0.7096400523892532,0.527406175999509,-0.1822338763897442,-0.03401360544217691,0.8533592205150096,21,21,0.9490399532059208,NS
ENSSSCG00000022866,0.38462091985615005,0.522563747781853,0.13794282792570295,0.08616780045351469,0.615063177611731,21,21,0.8158030546048869,NS
ENSSSCG00000030369,0.8760960347363109,0.2584658978155463,-0.6176301369207646,-0.21995464852607705,0.223077974477643,21,21,0.48845033671134086,NS
ENSSSCG00000037978,0.5223396794024804,0.6828276573526182,0.1604879779501378,-0.061224489795918435,0.6817037019089198,21,21,0.8563426835918677,NS
ENSSSCG00000004148,1.0031499166596396,1.0696388388898594,0.06648892223021985,-0.1020408163265305,0.5791093030988408,21,21,0.794449839978317,NS
ENSSSCG00000005097,1.5966519100605936,0.2936608467913733,-1.3029910632692203,-0.5351473922902494,0.0025966715028748703,21,21,0.06747411556712732,NS
ENSSSCG00000008575,1.2015189566980946,0.6382519888368966,-0.563266967861198,-0.3015873015873016,0.0952343218770178,21,21,0.3229399150154929,NS
ENSSSCG00000016695,3.417292113348875,1.8143525836061856,-1.6029395297426894,-0.435374149659864,0.016284746811165013,21,21,0.1445192278455265,NS
ENSSSCG00000006653,1.760096688835175,1.3257074234905848,-0.4343892653445902,-0.1995464852607709,0.27364006146241726,21,21,0.5427250637307044,NS
ENSSSCG00000002462,0.7335965672960266,0.2266948534164927,-0.506901713879534,-0.2290249433106577,0.07968915335341892,21,21,0.29937984228064285,NS
ENSSSCG00000026772,0.9337955761217446,1.2668318763380757,0.3330363002163311,0.3424036281179138,0.05348294889342097,21,21,0.2490263953756325,NS
ENSSSCG00000028558,0.9111156420436393,0.25437219590011956,-0.6567434461435198,-0.17913832199546476,0.31284335661451035,21,21,0.5805420605146814,NS
ENSSSCG00000028875,0.8184472735921007,0.5264203625367888,-0.29202691105531187,-0.20634920634920628,0.2520609659831883,21,21,0.520348425222808,NS
ENSSSCG00000005987,2.664968350203253,2.3929478999553786,-0.27202045024787447,-0.0975056689342404,0.5972521477228574,21,21,0.8062920726419195,NS
ENSSSCG00000000723,1.5368072827918628,0.8835698618406537,-0.6532374209512092,-0.15873015873015883,0.38527124089260933,21,21,0.6488711368099398,NS
ENSSSCG00000006239,2.551610506601726,0.8350043535029524,-1.7166061530987737,-0.4807256235827664,0.007953484114362181,21,21,0.10744879850397575,NS
ENSSSCG00000009917,1.282886107431666,0.9049447030476492,-0.3779414043840168,-0.20181405895691618,0.26602058426591024,21,21,0.5349996098742043,NS
ENSSSCG00000006302,1.4055155199944838,1.044176514767503,-0.3613390052269807,-0.061224489795918435,0.7430862296353179,21,21,0.8907689783709924,NS
ENSSSCG00000032517,1.142457128929254,0.8966806993944668,-0.24577642953478718,-0.12698412698412698,0.4888975754648114,21,21,0.730602101081082,NS
ENSSSCG00000034795,2.2978444967632194,2.29065283251174,-0.007191664251479324,0.0045351473922902175,0.9899641696611663,21,21,1.0,NS
ENSSSCG00000021466,1.476348125524153,1.9565812045026054,0.48023307897845235,0.1201814058956916,0.5127382877741721,21,21,0.7460214807570579,NS
ENSSSCG00000011490,3.564515892498952,2.953382955743555,-0.6111329367553973,-0.19727891156462585,0.27899737479423703,21,21,0.5446243796584893,NS
ENSSSCG00000025436,0.7941502601212265,0.16617761829123806,-0.6279726418299885,-0.41950113378684817,0.015130213586376336,21,21,0.14102345815562725,NS
ENSSSCG00000022915,1.057297621441016,0.24936085197694413,-0.8079367694640718,-0.4920634920634921,0.004651845976819296,21,21,0.0822639591112725,NS
ENSSSCG00000012686,0.494979762927137,0.7028469344940622,0.2078671715669252,0.2222222222222222,0.22086663971495835,21,21,0.48484644750227657,NS
ENSSSCG00000021855,0.4638129222299782,0.20557885060496195,-0.25823407162501627,-0.09297052154195007,0.46286424477477617,21,21,0.7103857207086134,NS
ENSSSCG00000014920,1.695722813904346,1.9597480615463698,0.26402524764202373,0.25396825396825395,0.16250092321274745,21,21,0.41595385568636106,NS
ENSSSCG00000023658,0.416823112315852,0.6167488249461052,0.19992571263025316,0.2063492063492064,0.18656417897530664,21,21,0.4452517959821363,NS
ENSSSCG00000016716,0.5792446163409429,0.5108311553681857,-0.06841346097275725,-0.020408163265306145,0.9143467928140785,21,21,0.9725908472022055,NS
ENSSSCG00000032315,1.0439944526459115,0.8185072244926443,-0.22548722815326716,-0.027210884353741527,0.8878858455734857,21,21,0.965040287671819,NS
ENSSSCG00000040632,0.9851221156293531,0.7326704190166955,-0.25245169661265765,-0.26984126984126977,0.1358413909088149,21,21,0.3858781529159893,NS
ENSSSCG00000008113,1.1474419344767337,1.136190455438987,-0.011251479037746703,-0.09523809523809534,0.5957544272832769,21,21,0.8062920726419195,NS
ENSSSCG00000022192,1.2361629230381066,0.6974372266052662,-0.5387256964328404,-0.20634920634920628,0.2565490521067828,21,21,0.523503631199315,NS
ENSSSCG00000021310,1.0894302533404403,0.5201802681278577,-0.5692499852125826,-0.3696145124716552,0.037025669762093115,21,21,0.21326288376822736,NS
ENSSSCG00000031515,0.989262801966989,0.8137042134047059,-0.17555858856228312,-0.01133786848072571,0.9462965665110528,21,21,0.9840221989185723,NS
ENSSSCG00000034192,1.3951798057538352,1.4183658302604343,0.023186024506599123,-0.04308390022675734,0.8208819016622845,21,21,0.9318998211511518,NS
ENSSSCG00000034031,1.0611866441710789,0.9948693948775643,-0.06631724929351457,0.09523809523809523,0.6059230419098052,21,21,0.8132890667773738,NS
ENSSSCG00000011504,2.128482739187397,1.7624962762099958,-0.36598646297740123,-0.0045351473922903285,0.9899503160592452,21,21,1.0,NS
ENSSSCG00000040855,0.9501689597208153,0.5219075447248319,-0.42826141499598336,-0.23809523809523814,0.18062691841639456,21,21,0.439397397282435,NS
ENSSSCG00000023565,1.7238557345084042,0.9613493496938322,-0.762506384814572,-0.35147392290249435,0.05241073917213492,21,21,0.24682112491978944,NS
ENSSSCG00000028694,3.0209868903014074,2.3385181846500855,-0.6824687056513219,-0.2108843537414966,0.24720534308664543,21,21,0.5117165520743475,NS
ENSSSCG00000015358,2.2245842289760636,1.4019056794150369,-0.8226785495610267,-0.19274376417233552,0.29003606841006546,21,21,0.5572357098576629,NS
ENSSSCG00000011258,0.49819473334200737,0.42708694566352384,-0.07110778767848352,-0.12925170068027203,0.38986494394739635,21,21,0.6539796048612466,NS
ENSSSCG00000007704,1.8571766057213541,1.8683944527109466,0.011217846989592495,0.02947845804988658,0.8800274316446192,21,21,0.9581000128681301,NS
ENSSSCG00000003120,0.6397614334236122,0.39574272054183496,-0.2440187128817773,-0.24716553287981857,0.15040233001856068,21,21,0.401864822689913,NS
ENSSSCG00000030800,1.457792544354767,0.7093461450483014,-0.7484463993064656,-0.2993197278911566,0.08607682487726279,21,21,0.3091496418228523,NS
ENSSSCG00000006968,1.9130786497493806,0.7533158119325317,-1.159762837816849,-0.4807256235827664,0.007867542932356055,21,21,0.10708600102373518,NS
ENSSSCG00000028322,1.079020737866283,0.8240168728803681,-0.255003864985915,-0.17460317460317465,0.33586213394808073,21,21,0.6008056035381634,NS
ENSSSCG00000002748,0.9919558929739846,0.28053418376582007,-0.7114217092081645,-0.21995464852607705,0.21416901356095897,21,21,0.478722526239224,NS
ENSSSCG00000016894,2.51666876890411,1.8991335168774788,-0.6175352520266311,-0.1383219954648527,0.4482305419424436,21,21,0.6984759079638868,NS
ENSSSCG00000031612,2.378809043536977,1.49954831215719,-0.8792607313797871,-0.24263038548752824,0.18237749893829314,21,21,0.4396192289203178,NS
ENSSSCG00000024424,0.6770014614951437,1.4043653494685049,0.7273638879733612,0.4240362811791383,0.019212506160017174,21,21,0.15552648422397167,NS
ENSSSCG00000013105,1.0970811939280707,1.5403401304198656,0.44325893649179493,0.4058956916099773,0.025141358192471906,21,21,0.1780582660160118,NS
ENSSSCG00000004140,2.8423745814381323,0.996242202248699,-1.8461323791894333,-0.510204081632653,0.004697448774391167,21,21,0.08262691946749592,NS
ENSSSCG00000006772,0.8346480867962043,0.0,-0.8346480867962043,-0.33333333333333326,0.004673290422640495,21,21,0.08241329639926424,NS
ENSSSCG00000014148,1.1099806696415668,0.08599210932560492,-1.023988560315962,-0.5464852607709751,0.0011071103194625705,21,21,0.046253484783025635,Down (PA<IVF)
ENSSSCG00000012267,2.1536361816071796,0.9913288726692425,-1.1623073089379372,-0.36281179138322006,0.04542558172109729,21,21,0.23359781904552282,NS
ENSSSCG00000004311,3.30216898489109,3.1381971425753648,-0.16397184231572526,-0.054421768707483054,0.7723497206715801,21,21,0.9077127092354017,NS
ENSSSCG00000016079,0.9673944252320046,0.4934192519955617,-0.4739751732364429,-0.31065759637188206,0.07256921516234997,21,21,0.2849598259952609,NS
ENSSSCG00000012730,1.0429842892188876,0.295143757440909,-0.7478405317779786,-0.4467120181405895,0.005523035311487507,21,21,0.09074844593811734,NS
ENSSSCG00000023400,0.6950649701412035,0.18812466514114848,-0.506940305000055,-0.4512471655328798,0.004356664923078729,21,21,0.08012257836631546,NS
ENSSSCG00000009372,1.9420510404340159,1.9415958670956155,-0.0004551733384003942,0.006802721088435382,0.9798324698955457,21,21,0.9954575561004508,NS
ENSSSCG00000011870,2.500426766539975,1.7859880781230768,-0.7144386884168983,-0.26077097505668934,0.15127556120910746,21,21,0.401864822689913,NS
ENSSSCG00000031958,1.36484802936588,1.8298635685923863,0.4650155392265063,0.16099773242630389,0.3785378085995198,21,21,0.6403962425284595,NS
ENSSSCG00000016346,2.9401576853317413,1.785495102315027,-1.1546625830167143,-0.26984126984126977,0.13774292601775137,21,21,0.3858781529159893,NS
ENSSSCG00000003943,1.3933514848852542,1.5543333574908178,0.16098187260556363,0.13832199546485258,0.45007831726258374,21,21,0.6984759079638868,NS
ENSSSCG00000023715,5.0013461962693055,4.275108315235103,-0.7262378810342023,-0.17006802721088432,0.3519764902680531,21,21,0.6139228892038759,NS
ENSSSCG00000024193,0.9843718763775732,0.0,-0.9843718763775732,-0.7619047619047619,1.4081279592679453e-06,21,21,0.0029068459367547444,NS
ENSSSCG00000008619,2.2813861630497363,1.1405643623633173,-1.140821800686419,-0.47845804988662133,0.008205482463320302,21,21,0.10793689964824967,NS
ENSSSCG00000004453,1.4963999644518853,0.5539905219539529,-0.9424094424979323,-0.3424036281179139,0.05694595089188538,21,21,0.25599555905526455,NS
ENSSSCG00000023948,1.870311413468108,1.27155758683928,-0.5987538266288279,-0.22675736961451243,0.2128694316029247,21,21,0.4769677932169917,NS
ENSSSCG00000016845,1.9339690967015162,0.8862193580912016,-1.0477497386103147,-0.36734693877551017,0.0427793347567114,21,21,0.22820080593393485,NS
ENSSSCG00000009397,0.6139042772871124,0.2259721581559535,-0.3879321191311589,-0.3015873015873016,0.05733591990271069,21,21,0.256894492444888,NS
ENSSSCG00000040392,2.734793645916738,2.2393034308952426,-0.4954902150214955,-0.08616780045351469,0.64118505953169,21,21,0.8328637069123963,NS
ENSSSCG00000004076,0.6202222456207741,0.9434013134142146,0.3231790677934405,0.3242630385487528,0.058644273903117335,21,21,0.25790327958396714,NS
ENSSSCG00000002969,2.6495888155160436,2.179309476150439,-0.4702793393656046,-0.04761904761904767,0.8012254262382065,21,21,0.9213153463710844,NS
ENSSSCG00000033843,0.9293083598214169,0.8628970696819456,-0.06641129013947134,0.07936507936507942,0.6616084652806157,21,21,0.8440829592384272,NS
ENSSSCG00000015924,2.062464407076319,0.5537079494835068,-1.5087564575928125,-0.48299319727891166,0.006349822773481608,21,21,0.0970573284442826,NS
ENSSSCG00000017745,3.069955665516505,1.078572058128171,-1.9913836073883338,-0.5895691609977325,0.0011227937119476005,21,21,0.046253484783025635,Down (PA<IVF)
ENSSSCG00000026818,1.5381166318186814,1.0344632874507986,-0.5036533443678828,-0.1201814058956916,0.5110185675845293,21,21,0.7460214807570579,NS
ENSSSCG00000034012,2.0778991156847764,1.358578530495364,-0.7193205851894124,-0.18367346938775508,0.3132046991272296,21,21,0.5805420605146814,NS
ENSSSCG00000015282,1.0027819660172164,0.002866333188741409,-0.999915632828475,-0.6938775510204083,3.3952944451052266e-05,21,21,0.010475446685969536,NS
ENSSSCG00000013389,0.9494312748290623,0.26680077853994966,-0.6826304962891127,-0.4852607709750567,0.002976873864197988,21,21,0.0710630867654928,NS
ENSSSCG00000023848,1.303868466038699,0.6124706600179167,-0.6913978060207823,-0.256235827664399,0.15612237152371355,21,21,0.4089176259717459,NS
ENSSSCG00000001206,3.5804418578509223,2.4115100547996695,-1.1689318030512528,-0.2517006802721089,0.16649147398308384,21,21,0.41913082991704775,NS
ENSSSCG00000029709,1.716285994309831,1.1791382890010653,-0.5371477053087657,-0.04308390022675734,0.8182345456800016,21,21,0.9318998211511518,NS
ENSSSCG00000024667,1.9600555527479342,1.3328799016317714,-0.6271756511161628,-0.17006802721088432,0.3515859323525973,21,21,0.6139228892038759,NS
ENSSSCG00000005126,1.2363477738144941,0.9507231629876813,-0.2856246108268128,-0.0748299319727892,0.6853233024495617,21,21,0.8572780981928975,NS
ENSSSCG00000010747,2.8050801996630677,1.130449391380436,-1.6746308082826316,-0.4285714285714286,0.01788454200780521,21,21,0.14934464330577116,NS
ENSSSCG00000036493,0.9885469691587341,1.057623834852708,0.06907686569397398,0.30612244897959184,0.06527633935635076,21,21,0.2723588264951059,NS
ENSSSCG00000022634,0.9479775161417022,0.17556440011684704,-0.7724131160248552,-0.5419501133786848,0.0013750744119067856,21,21,0.04872966243563211,NS
ENSSSCG00000016041,0.9633801884989206,0.17192983467246475,-0.7914503538264559,-0.39682539682539675,0.021606059305202513,21,21,0.16738550607382865,NS
ENSSSCG00000040948,0.8487781503104983,0.17855905930177252,-0.6702190910087258,-0.29478458049886624,0.029832960298499724,21,21,0.19542857410160072,NS
ENSSSCG00000012030,0.8149056366672188,1.1867160408866473,0.37181040421942846,0.031746031746031744,0.8597595120295256,21,21,0.9490399532059208,NS
ENSSSCG00000017773,2.4420178394513714,2.3798669655764155,-0.06215087387495588,-0.015873015873015817,0.9398429773571263,21,21,0.9783494422867809,NS
ENSSSCG00000010560,2.3068040704915904,2.3617334021207124,0.05492933162912195,0.038548752834467126,0.8404424957789529,21,21,0.9396794525202588,NS
ENSSSCG00000035385,1.122795923737795,0.059361196472873745,-1.0634347272649212,-0.4965986394557824,0.002026697362686569,21,21,0.0599273444311632,NS
ENSSSCG00000037580,0.5260500412819985,0.3969530035840715,-0.12909703769792702,-0.009070294784580435,0.9693296494589041,21,21,0.9946937019528808,NS
ENSSSCG00000020020,0.9295097661722748,0.09391455001342669,-0.835595216158848,-0.19727891156462585,0.07550921629340322,21,21,0.2913551367634061,NS
ENSSSCG00000036258,2.0493819248007723,1.7275415176708881,-0.32184040712988415,-0.11564625850340127,0.5091758539201837,21,21,0.7460214807570579,NS
ENSSSCG00000005621,1.2581088674267866,1.2056307632080243,-0.05247810421876231,-0.06575963718820854,0.724595938789955,21,21,0.8813087398839223,NS
ENSSSCG00000005217,1.4740493352477904,0.919992218188632,-0.5540571170591584,0.09070294784580502,0.6232609425107798,21,21,0.8244423879912796,NS
ENSSSCG00000033871,0.4496086059313678,0.31985901855071575,-0.12974958738065206,-0.05215419501133778,0.7554504504680966,21,21,0.9015297803289233,NS
ENSSSCG00000017676,1.116905714739259,1.059836296301545,-0.05706941843771385,0.09297052154195007,0.6145966297909777,21,21,0.8157225327032747,NS
ENSSSCG00000030426,1.2549310180558646,0.5568146529864462,-0.6981163650694184,-0.2290249433106577,0.1979779355537017,21,21,0.4574984559108449,NS
ENSSSCG00000015360,2.8566593913494014,1.7194610571765367,-1.1371983341728646,-0.28798185941043086,0.112994545759876,21,21,0.3499967010457579,NS
ENSSSCG00000038362,3.1330127020465417,1.0615812579753228,-2.071431444071219,-0.4058956916099774,0.022530073323030177,21,21,0.16984209120438132,NS
ENSSSCG00000040504,2.1511985271042637,1.0920062960124541,-1.0591922310918096,-0.28344671201814053,0.09548663762348054,21,21,0.3230024046631035,NS
ENSSSCG00000035133,2.766353106343975,1.7225714421714013,-1.0437816641725737,-0.32199546485260777,0.07613735945032754,21,21,0.2919520882220497,NS
ENSSSCG00000010858,1.877226363673083,1.751907806308511,-0.1253185573645721,0.03401360544217691,0.859908163616203,21,21,0.9490399532059208,NS
ENSSSCG00000012659,1.2527656191526049,0.10288373215118615,-1.1498818870014187,-0.7324263038548753,1.4966200573893752e-05,21,21,0.0072893509926789495,Down (PA<IVF)
ENSSSCG00000038615,1.988542463493167,0.9752842262257764,-1.0132582372673906,-0.28344671201814053,0.11554609774413954,21,21,0.35552220206625207,NS
ENSSSCG00000006790,1.0355688998987302,0.3167272061190175,-0.7188416937797127,-0.3197278911564625,0.06842858569701495,21,21,0.27842598868122526,NS
ENSSSCG00000029808,0.9781254396207327,0.5449303294897836,-0.43319511013094913,-0.1020408163265305,0.5711036043451274,21,21,0.7916855215421122,NS
ENSSSCG00000001207,0.8660907771197405,0.2374367843957935,-0.628653992723947,-0.41950113378684817,0.01727269959084013,21,21,0.14858755345358957,NS
ENSSSCG00000033170,2.59110414204824,2.2193552945312693,-0.37174884751697057,-0.11564625850340127,0.5176511237615254,21,21,0.7515527426463628,NS
ENSSSCG00000032254,3.1331839939198494,0.737984850885904,-2.3951991430339454,-0.5238095238095237,0.0011292231496268837,21,21,0.046253484783025635,Down (PA<IVF)
ENSSSCG00000027551,1.4857479581445934,0.9401994043804978,-0.5455485537640956,-0.2290249433106577,0.18675389060308512,21,21,0.4452517959821363,NS
ENSSSCG00000022303,0.7625765150736223,0.6495927553769896,-0.11298375969663277,0.0022675736961451642,1.0,21,21,1.0,NS
ENSSSCG00000021591,1.5233809460852625,1.5734601509140957,0.05007920482883321,0.038548752834467126,0.8403786291520768,21,21,0.9396794525202588,NS
ENSSSCG00000032690,1.0567588139283934,0.8088530146012306,-0.24790579932716283,0.31746031746031744,0.07690363552385919,21,21,0.29406852825734336,NS
ENSSSCG00000008056,1.6921470263039249,1.1369967001089645,-0.5551503261949604,-0.17460317460317465,0.3367534188994413,21,21,0.6008056035381634,NS
ENSSSCG00000007623,1.9360674293908202,2.120165449992743,0.18409802060192293,-0.009070294784580435,0.9698878812365527,21,21,0.9946937019528808,NS
ENSSSCG00000022636,1.092493909079848,0.18894886940634648,-0.9035450396735015,-0.7097505668934241,2.731865724620037e-05,21,21,0.009202769072622623,NS
ENSSSCG00000035498,1.6816467881374357,0.9368477787041786,-0.7447990094332572,-0.19274376417233552,0.27426016714054935,21,21,0.542979724843916,NS
ENSSSCG00000003984,2.4969983500104016,1.6184148624598662,-0.8785834875505354,-0.21995464852607705,0.22717373649498085,21,21,0.49084652942506357,NS
ENSSSCG00000025179,1.435976789390576,0.8851626931501735,-0.5508140962404025,-0.2403628117913832,0.1836518603655256,21,21,0.44158841994654946,NS
ENSSSCG00000006184,3.7446945540244845,2.361196073574475,-1.3834984804500094,-0.35147392290249435,0.05274632203096375,21,21,0.24682112491978944,NS
ENSSSCG00000003444,0.42648305113768215,1.5376243178160562,1.111141266678374,0.7233560090702948,4.2450365705100515e-05,21,21,0.011949446718290393,Up (PA>IVF)
ENSSSCG00000039309,2.3230590198457275,0.9713293566766671,-1.3517296631690603,-0.39682539682539675,0.028404105237060558,21,21,0.18957442679377465,NS
ENSSSCG00000024679,2.608756405303125,1.989390460123629,-0.619365945179496,-0.0793650793650793,0.6688572405683397,21,21,0.8447545916162275,NS
ENSSSCG00000003700,2.488208741244361,1.7706833040534673,-0.7175254371908939,-0.16553287981859421,0.36506636676462345,21,21,0.6272800312138134,NS
ENSSSCG00000021259,1.0060825757844047,0.7534717843941413,-0.25261079139026343,-0.009070294784580435,0.9655431704545641,21,21,0.992452224950301,NS
ENSSSCG00000020842,1.9387742522232958,0.7256190016656566,-1.213155250557639,-0.383219954648526,0.03339089310890306,21,21,0.2067186606092017,NS
ENSSSCG00000033882,1.7820522663619098,1.0100976212542219,-0.771954645107688,-0.14739229024943312,0.3981356644311024,21,21,0.6611500019359385,NS
ENSSSCG00000013046,4.797443794658223,5.036434990516745,0.2389911958585218,0.09297052154195007,0.6148692279690409,21,21,0.8157225327032747,NS
ENSSSCG00000015446,2.6377206762865875,1.222835889535764,-1.4148847867508234,-0.526077097505669,0.0036530316139486746,21,21,0.07543330612582676,NS
ENSSSCG00000022430,2.8729138021282443,1.802807345196293,-1.0701064569319514,-0.32879818594104315,0.07010784129484465,21,21,0.27842598868122526,NS
ENSSSCG00000038727,1.0717733980791473,0.5135297171936163,-0.558243680885531,-0.4693877551020409,0.008003839072234929,21,21,0.10744879850397575,NS
ENSSSCG00000034672,2.1685172419250085,1.8267872177442,-0.34173002418080856,-0.05668934240362811,0.7513511045224741,21,21,0.898687244035969,NS
ENSSSCG00000007093,1.1423079437735089,1.0616099451868761,-0.08069799858663274,-0.20634920634920628,0.25724503687757017,21,21,0.523503631199315,NS
ENSSSCG00000000799,1.1016187861855624,0.22491731066840914,-0.8767014755171533,-0.45578231292517013,0.003977875698136047,21,21,0.07727244720864224,NS
ENSSSCG00000003988,2.6999047960948284,0.5179012747490938,-2.1820035213457345,-0.5827664399092971,0.0012134286324674175,21,21,0.047566402392722765,Down (PA<IVF)
ENSSSCG00000013607,2.4538067589032266,3.6428488172482867,1.18904205834506,0.3424036281179138,0.058843392435883476,21,21,0.25790327958396714,NS
ENSSSCG00000008232,0.932995061932039,0.731473995700271,-0.2015210662317679,-0.15192743764172345,0.3574068083125923,21,21,0.621971259519123,NS
ENSSSCG00000026612,1.5887978293098037,0.9359885892736228,-0.6528092400361809,-0.23582766439909286,0.1771483029888845,21,21,0.4343235734466575,NS
ENSSSCG00000009629,2.360793078387358,1.341420215506808,-1.01937286288055,-0.30612244897959173,0.09116737971441535,21,21,0.3146040991494828,NS
ENSSSCG00000034048,1.0123822225648738,1.1453600452920756,0.13297782272720182,0.05668934240362811,0.7412834622758306,21,21,0.8907689783709924,NS
ENSSSCG00000007076,1.5447099272655114,0.6348543540653597,-0.9098555732001516,-0.21995464852607705,0.22566323068753624,21,21,0.49084652942506357,NS
ENSSSCG00000039484,5.8946248059834385,4.216541507646822,-1.6780832983366167,-0.3424036281179139,0.059203310186616454,21,21,0.25790327958396714,NS
ENSSSCG00000035042,4.675537718124316,4.56772971878037,-0.10780799934394558,0.031746031746031744,0.8699321488778688,21,21,0.9568697775425999,NS
ENSSSCG00000036935,4.580928885113528,4.566605314838499,-0.014323570275029063,0.03401360544217691,0.8601108632068536,21,21,0.9490399532059208,NS
ENSSSCG00000038425,3.9081562793525313,3.03185477429307,-0.8763015050594611,-0.2517006802721089,0.16614783257725074,21,21,0.41913082991704775,NS
ENSSSCG00000040413,4.922916915597815,4.743814211779358,-0.17910270381845717,-0.0022675736961450532,1.0,21,21,1.0,NS
ENSSSCG00000035575,2.2570576765780035,3.090578592893801,0.8335209163157975,0.5192743764172336,0.004118799079514256,21,21,0.07727244720864224,NS
