gene,IVF_vs_PA,IVF_vs_vivo,PA_vs_vivo,total_div,vivo_slope
ENSSSCG00000000002,0.600860197234818,0.49429470120624636,0.5355412488966286,1.630696147337693,0.00023014871583469038
ENSSSCG00000000014,0.4236593727240893,0.7667181225485354,0.7383100411941206,1.9286875364667453,-0.29869092122604957
ENSSSCG00000000018,0.5602325606942825,0.3918368959661757,0.5361646835760411,1.4882341402364991,0.02864394462426781
ENSSSCG00000000019,1.2873992570293764,0.8442393486717351,0.8256951107710719,2.9573337164721836,-0.028390311215934834
ENSSSCG00000000031,0.8213243858790646,0.7529950088632651,1.4407301912980668,3.0150495860403965,0.06088540184118833
ENSSSCG00000000036,0.3225200467537029,1.1815229354766692,1.2658449363184925,2.7698879185488643,-0.10528664027917659
ENSSSCG00000000037,0.27361745659320563,0.26854611794915323,0.5183801236402475,1.0605436981826064,-0.19090528282563748
ENSSSCG00000000039,0.5416600143342251,0.9823895519087055,1.1612986115888309,2.685348177831761,-0.09925700296908117
ENSSSCG00000000040,0.26745960178677225,0.7607911537995296,0.6041398238177269,1.6323905794040288,-0.29274111801692476
ENSSSCG00000000045,0.8799691842962133,1.1112711686832424,0.5780273440825386,2.5692676970619943,0.1059339054757496
ENSSSCG00000000058,0.799443576816814,0.7182836741188661,1.206705546555985,2.724432797491665,0.08103452554268034
ENSSSCG00000000059,0.20671899937566846,0.8218701640014575,1.0066941135899237,2.03528327696705,-0.14756227871671324
ENSSSCG00000000063,0.09370702160307236,1.627822713050842,1.6443915468742585,3.365921281528173,0.10506759583005038
ENSSSCG00000000064,0.5841648367384092,1.3083077542201254,1.5174661631495314,3.409938754108066,0.14008783852566836
ENSSSCG00000000066,0.22745874634414587,1.0957333956122088,1.1283498775430878,2.451542019499443,0.02444105729824439
ENSSSCG00000000068,0.725052481092332,0.6026383437976998,0.7636023909901554,2.0912932158801874,-0.07829294416416373
ENSSSCG00000000071,0.8881155185756656,1.086984435442702,1.845561412760672,3.8206613667790394,0.08040852937237475
ENSSSCG00000000072,0.8012533891124539,0.6380629994094289,0.42750948453874044,1.8668258730606233,-0.0892824190842594
ENSSSCG00000000075,0.341391951126725,0.5867656640397652,0.455111135031278,1.383268750197768,-0.19419999837013124
ENSSSCG00000000076,0.10601750884964803,0.6623445421779348,0.5691164145854116,1.3374784656129943,-0.23819828205817362
ENSSSCG00000000078,0.7486065331266067,0.7799989830925317,0.7508164189291217,2.27942193514826,-0.22132578522819274
ENSSSCG00000000084,1.0419734637563582,0.7526114631916981,0.6432068053813309,2.437791732329387,0.12392443076836987
ENSSSCG00000000092,0.23100144152861185,0.518075405141608,0.483705717528247,1.2327825641984669,-0.20876969742637372
ENSSSCG00000000093,0.28272746886610145,1.3954407937607325,1.1264991887975713,2.804667451424405,-0.3685292746741041
ENSSSCG00000000094,0.46830472544998697,1.1290811639668021,0.959313779654854,2.556699669071643,-0.39306371424929976
ENSSSCG00000000095,0.33367089713089915,0.5149247616279102,0.36434786360005317,1.2129435223588625,-0.155599015512929
ENSSSCG00000000097,0.6235694592537058,0.7266032523826179,0.9533622728301433,2.303534984466467,0.13575413982656348
ENSSSCG00000000104,0.8009782809291656,1.5682455997188303,2.330132815964206,4.699356696612202,-0.02995059428388822
ENSSSCG00000000105,0.09531490024105228,0.8534989249857747,0.8840803044310716,1.8328941296578987,0.06576344725240589
ENSSSCG00000000107,0.5430316876710841,1.2976638155623608,1.6847358542281543,3.525431357461599,-0.2756831078601999
ENSSSCG00000000110,0.34744708333828905,0.11248337153043587,0.41880163095994777,0.8787320858286727,-0.006349915725264856
ENSSSCG00000000116,0.7237629158098229,1.5959682230883203,1.5021392921163332,3.821870431014476,0.14161686169179852
ENSSSCG00000000119,0.5040702925308913,1.4262981111756703,1.4849836924216522,3.4153520961282138,0.011004987024981367
ENSSSCG00000000141,0.29054527545689013,1.5663548799347433,1.3950933334131932,3.2519934888048265,0.11507697964859098
ENSSSCG00000000144,0.10384560407004774,1.6471514205977698,1.662571457595651,3.4135684822634684,0.13260618684574207
ENSSSCG00000000146,0.10156464618715456,0.5456980910623382,0.5749455125563062,1.222208249805799,-0.22979997719833758
ENSSSCG00000000152,0.10209442977837319,0.8692588695000943,0.7873028448994568,1.7586561441779243,-0.09472239271414666
ENSSSCG00000000156,0.301528053561787,0.7123114604766978,0.5841208787455671,1.597960392784052,-0.14444293397963992
ENSSSCG00000000158,0.6546617509188619,0.7527534602410743,0.5741272894836258,1.9815425006435619,0.114316721171223
ENSSSCG00000000160,0.5514067921975093,0.5319429238351473,0.4359117463847463,1.5192614624174028,-0.30647868845712645
ENSSSCG00000000161,1.0631130834418643,1.3952122609578272,1.7509826304598133,4.209307974859504,-0.14282209290199277
ENSSSCG00000000162,0.14556753686078752,0.4909409901575784,0.494582707448495,1.1310912344668609,-0.19767287220131788
ENSSSCG00000000164,1.3659739475498935,1.457733396134474,0.31502117015092873,3.1387285138352965,-0.17104809960414813
ENSSSCG00000000167,0.1470361882243728,0.4809584329511351,0.5838818745709194,1.2118764957464272,-0.17001448981229061
ENSSSCG00000000169,0.6015197253712173,0.6536673712727422,0.41791121820578586,1.6730983148497454,-0.057964013075008466
ENSSSCG00000000176,0.5625017161367951,0.8232840796421004,1.0899845633893794,2.475770359168275,0.015574692309572341
ENSSSCG00000000179,0.18741190958613493,0.7991608424931822,0.8350749011647932,1.8216476532441104,0.08336517900778619
ENSSSCG00000000186,0.8262066726930244,1.6051386515969617,1.139949221043881,3.5712945453338674,-0.26227028481970166
ENSSSCG00000000189,0.08288667136712313,0.42708013462241384,0.4922513051733563,1.0022181111628934,-0.09026848151420845
ENSSSCG00000000190,0.8036159945148619,0.6111022785242503,0.6233466397294489,2.038064912768561,0.10610007051037412
ENSSSCG00000000194,0.38704315982528714,0.9657700195536901,0.8149665245550124,2.1677797039339897,-0.03485287128445985
ENSSSCG00000000198,0.22912896983798725,0.4787383202389648,0.6657994946436715,1.3736667847206236,-0.0015579321892232063
ENSSSCG00000000199,0.7186603462793067,0.5149716451967171,0.5422172071876608,1.7758491986636846,-0.11749749175361072
ENSSSCG00000000202,0.20920393292898035,0.5573295919157517,0.47203235842645347,1.2385658832711854,0.004070513456038287
ENSSSCG00000000203,0.08437977510325363,0.5103451878327168,0.5433272902607204,1.1380522531966908,-0.1984460447935384
ENSSSCG00000000204,0.33034289743820944,0.49766255053272834,0.7679956503671578,1.5960010983380957,-0.11914554230272097
ENSSSCG00000000205,0.2559916489391113,0.5977978761723752,0.6671351558557902,1.5209246809672767,-0.21914083018038794
ENSSSCG00000000207,0.1293464592361331,0.4690326415239038,0.590738973907969,1.189118074668006,0.05515428817181268
ENSSSCG00000000209,0.14983920644178464,0.55091631232229,0.6044450412082252,1.3052005599722998,-0.21975283567518908
ENSSSCG00000000214,0.23588274772949497,0.3587011009371522,0.2458947071227632,0.8404785557894103,0.054792419870898904
ENSSSCG00000000215,0.09447925606671974,0.8907965371581125,0.8811768004509617,1.8664525936757939,-0.2573915800927732
ENSSSCG00000000217,0.662338663585342,0.38083578672424034,0.7095937295906797,1.752768179900262,-0.1462388986057347
ENSSSCG00000000228,0.2603040831274005,0.29133664132237186,0.4493335739225631,1.0009742983723355,-0.07816019378258124
ENSSSCG00000000233,0.48525901173312486,0.8330985297637027,1.0763095719996214,2.394667113496449,-0.3443171736340935
ENSSSCG00000000257,0.14809933622278915,0.7067440627414826,0.7765171503645195,1.6313605493287913,0.01395428334042756
ENSSSCG00000000262,0.2521250309776561,0.4236922970705089,0.392505365031116,1.0683226930792808,-0.13526120132052963
ENSSSCG00000000265,0.3772273673861874,0.8633404370712371,0.8032194848905282,2.0437872893479527,-0.2590422219898179
ENSSSCG00000000267,0.13993467151890462,1.5569728001674992,1.5609845208267943,3.257891992513198,0.052352575668975165
ENSSSCG00000000268,0.4108238745877244,0.7902267381525753,0.7049465536768913,1.905997166417191,-0.00701651290307649
ENSSSCG00000000272,0.8412049553181561,1.8714085497538953,1.4150465391103753,4.127660044182427,-0.0935797129240255
ENSSSCG00000000273,0.205086047681336,1.6696722802016029,1.4963188456189247,3.3710771735018636,0.18553474927972885
ENSSSCG00000000274,0.507941367323236,0.45108378720495984,0.5968987323781931,1.555923886906389,-0.005547733027695825
ENSSSCG00000000275,0.4584552404866475,1.1243406114548884,1.198019179868881,2.780815031810417,-0.049406688854472004
ENSSSCG00000000278,0.3281729185572407,0.6065252896085971,0.8754926467911304,1.810190854956968,-0.019048871054214347
ENSSSCG00000000288,0.4276732237221001,0.22961064086231367,0.3182994517594032,0.975583316343817,0.03487463236017592
ENSSSCG00000000290,0.32266435711127756,1.0133305493164715,0.9435252551708659,2.279520161598615,0.10669337590172426
ENSSSCG00000000295,0.3561447421693868,0.5870595075090963,0.5776475174035953,1.5208517670820785,-0.34862327057144576
ENSSSCG00000000296,1.0060767187558637,3.3432876604296964,4.2627923954116635,8.612156774597224,-0.6155017643168855
ENSSSCG00000000359,0.1686937771179977,0.19821044758784415,0.18663093066233505,0.5535351553681769,0.10896501745591369
ENSSSCG00000000361,0.46790715059464866,0.713417073012117,0.9061868743186089,2.0875110979253746,0.27417249348739425
ENSSSCG00000000364,0.5200953646122501,1.3311282152086317,1.2591066355790779,3.1103302153999595,0.015357331427092157
ENSSSCG00000000365,1.3366576024256636,1.201926556422184,0.8827260312177679,3.4213101900656153,0.18677260131963225
ENSSSCG00000000366,0.6261856204569614,1.736299922342416,1.7602318910951558,4.122717433894533,0.044628603491281144
ENSSSCG00000000376,0.8239009385846583,1.0630862671830983,0.7787771822238756,2.665764387991632,0.13867524213875954
ENSSSCG00000000377,0.6108755723393496,1.4021144155791885,1.612176439984156,3.6251664279026943,0.05142724436629874
ENSSSCG00000000379,0.4513371700257437,0.17640545648600958,0.31828165353352134,0.9460242800452746,-0.23636314717813517
ENSSSCG00000000382,0.19017418123255703,0.6079672169924194,0.5866490222712898,1.3847904204962662,-0.19412305841389263
ENSSSCG00000000383,0.20751223373024985,0.47224390580355613,0.5730194933060238,1.2527756328398296,-0.15084750597360863
ENSSSCG00000000384,0.08651732068960229,0.4836610451650671,0.40502958540677636,0.9752079512614458,0.020839201379799815
ENSSSCG00000000385,0.08484549777741873,0.5351953531374353,0.5870294519712539,1.207070302886108,-0.15560972909383816
ENSSSCG00000000386,0.46489415506889437,0.472254341724871,0.8535380032985517,1.790686500092317,-0.11753275238436531
ENSSSCG00000000393,0.2295349589951257,0.449500704203398,0.6168649230638216,1.2959005862623454,-0.1157379270753289
ENSSSCG00000000394,0.24095788940136467,0.5633525988075159,0.5725700918413632,1.3768805800502437,0.21653489665906042
ENSSSCG00000000396,0.43282662981292896,1.1484364281310897,0.8735968679996965,2.4548599259437154,-0.17479272958110223
ENSSSCG00000000399,0.41218766138858737,0.5784220890094295,0.6819162374744291,1.6725259878724459,-0.12463188975493138
ENSSSCG00000000401,0.6712955511027325,0.1805359811125459,0.7668012864459397,1.6186328186612182,-0.31460255489241157
ENSSSCG00000000402,0.2925706080071409,1.0069003425904755,1.0664630953435137,2.36593404594113,-0.36954494916563374
ENSSSCG00000000403,0.21523468951436323,0.7653212189329736,0.8031288666749227,1.7836847751222593,-0.11772935350472366
ENSSSCG00000000405,0.40224330307207334,1.891733466687224,2.0457619389115935,4.339738708670891,0.20257442548746207
ENSSSCG00000000406,1.6438770033565464,0.4727461255000775,1.4007895642038257,3.5174126930604492,0.09617517273764797
ENSSSCG00000000431,0.2952138709388953,0.3567773862018582,0.5630151349137015,1.215006392054455,-0.08845823586505147
ENSSSCG00000000437,0.06012906639879244,0.6865230954261503,0.7155191354917159,1.4621712973166585,-0.19495222471217713
ENSSSCG00000000453,0.3688928867497022,0.8492103049279501,1.0758025302905798,2.2939057219682324,-0.27493731718433695
ENSSSCG00000000455,0.5048167364654923,0.5584862037589082,0.8423937968395927,1.9056967370639932,-0.27068248637770875
ENSSSCG00000000457,0.11594808961994439,0.5885896405970417,0.5858761297264626,1.2904138599434487,-0.14657321259583225
ENSSSCG00000000458,0.6171284361870849,0.12359315685680689,0.5306768420065959,1.2713984350504877,-0.05413433880951198
ENSSSCG00000000462,0.4071458684323435,0.7001066489902938,1.003413410579977,2.1106659280026143,-0.17706040662542893
ENSSSCG00000000466,0.35357007369910237,0.8810918359843267,0.6887138344156456,1.9233757440990746,-0.01167283111868438
ENSSSCG00000000469,0.7156742228844601,0.8928935079950063,0.3448349879923756,1.9534027188718421,-0.271952405702402
ENSSSCG00000000473,0.22378887766120745,0.7908746622719499,0.6959531002784196,1.710616640211577,0.13817154020695077
ENSSSCG00000000475,0.4912396959846411,0.9301592442240009,0.8234623116808876,2.2448612518895295,-0.3807597907244589
ENSSSCG00000000477,1.2497534936553565,1.145704379166678,0.7951136510100673,3.190571523832102,-0.40797353163504735
ENSSSCG00000000478,0.24014704408484663,0.2879428495714182,0.4419287936516225,0.9700186873078873,-0.5740822735109735
ENSSSCG00000000483,0.972369823131996,0.8205820044549527,0.5014323971879333,2.2943842247748822,-0.2828675341789166
ENSSSCG00000000486,1.3624220060499688,1.5994298378897225,1.7787447217027428,4.740596565642434,-0.1544633368043371
ENSSSCG00000000487,0.6239026593153889,0.2635268254284575,0.6261187637316873,1.5135482484755336,-0.13640872860769068
ENSSSCG00000000488,0.7171006060797166,0.7111405349102755,1.0941359074066852,2.5223770483966774,-0.06591638192288254
ENSSSCG00000000493,0.2283797305924682,0.29860620425759693,0.366788494227928,0.8937744290779932,-0.0586324392591486
ENSSSCG00000000496,1.0707586895160293,0.807314824558317,1.1248867284670068,3.002960242541353,0.05639388147813405
ENSSSCG00000000500,0.5685020671334569,2.1430281937405895,1.9741869366807125,4.685717197554759,0.04271531420098419
ENSSSCG00000000502,0.4915054233560035,0.5641102659585628,0.9085079298850715,1.9641236191996376,-0.01951814186125047
ENSSSCG00000000504,0.7441757962711749,0.8484792817525404,0.976620734354117,2.5692758123778323,-0.2594345076555309
ENSSSCG00000000509,0.8042813176163984,0.43004694690780526,0.6488440532919459,1.8831723178161497,-0.0761228392688727
ENSSSCG00000000510,0.2716585792382164,1.3001287293024106,1.3093677162229533,2.88115502476358,-0.09413933075316834
ENSSSCG00000000512,0.47433395651810284,0.399481838664091,0.32774185165987285,1.2015576468420668,-0.13803580086933023
ENSSSCG00000000517,0.7094300388722403,0.6938983622956539,0.7360167473194682,2.1393451484873625,-0.22189427755156124
ENSSSCG00000000519,0.3369199218899601,0.755417809060954,0.5421520829457429,1.634489813896657,-0.17871409377309352
ENSSSCG00000000521,0.25611419747773523,0.7093849905338908,0.9199053855703014,1.8854045735819276,0.0019612465375306596
ENSSSCG00000000522,0.5531094907164975,1.1918194222510976,1.4479827005526484,3.1929116135202436,0.07348912199106172
ENSSSCG00000000530,0.4266215511632254,1.3934246911186954,1.1143665739374236,2.9344128162193446,-0.026449190860594822
ENSSSCG00000000534,0.8239549934257212,0.8051325667437783,1.3663607474740875,2.9954483076435867,-0.3314033003965037
ENSSSCG00000000536,0.35033398938182386,0.36467439931333,0.5663056960815727,1.2813140847767266,-0.06304233605134345
ENSSSCG00000000540,0.4044724146143275,0.9524669690127279,1.0833229921510037,2.440262375778059,-0.3341121680469822
ENSSSCG00000000541,0.2657630691430659,1.3573532956617327,1.3583474231691224,2.981463787973921,-0.07336569531846897
ENSSSCG00000000545,0.6094767729899184,0.7853312162649704,1.205815416956958,2.600623406211847,-0.25531337646552865
ENSSSCG00000000546,0.2733864253401563,1.2624155781547657,1.0631862196048245,2.5989882230997465,-0.0016674711590032444
ENSSSCG00000000547,0.8873514414110086,1.1531200617329558,1.1543853306369012,3.1948568337808654,-0.010446549492567814
ENSSSCG00000000549,0.1842038011109252,0.2703035667290032,0.3594286192519345,0.8139359870918629,-0.02583084999851305
ENSSSCG00000000551,0.7748959325708215,0.9660963305727481,0.5116373490951137,2.252629612238683,-0.14636122148109254
ENSSSCG00000000553,0.6062134719888684,0.8828631878280763,0.5104543000555686,1.9995309598725133,-0.06580048989789164
ENSSSCG00000000554,1.1445347207114602,1.2744036106518306,1.3167579184473754,3.7356962498106663,-0.2876018740616653
ENSSSCG00000000559,0.16235693178355148,0.8613893954481217,0.7531497483219243,1.7768960755535974,-0.31569530747217583
ENSSSCG00000000563,0.36355950609540316,0.7202115037865525,0.5821985433692114,1.6659695532511671,-0.448200258213157
ENSSSCG00000000570,0.23805296233489634,0.5002622292525126,0.5122350587572831,1.2505502503446921,-0.22585657960205593
ENSSSCG00000000576,0.28449106305094385,0.8217234807255662,0.8043688831223533,1.9105834268988633,0.14405132359190576
ENSSSCG00000000579,1.1025327488160532,1.7824365748385562,2.380235870711261,5.265205194365871,-0.15677396390170342
ENSSSCG00000000580,0.33965818655518,0.23272025151295206,0.5165049395071604,1.0888833775752924,-0.030283344823263593
ENSSSCG00000000583,0.47593589190011026,0.5961237357390594,0.6001391492564722,1.672198776895642,-0.012472570255201376
ENSSSCG00000000587,1.1357925373664015,0.9452476453414576,2.054158332227093,4.135198514934952,-0.030095776307107216
ENSSSCG00000000588,0.5339852569475535,0.5362036092287592,0.8668744859887461,1.9370633521650589,-0.04615479796852744
ENSSSCG00000000591,0.1204031577821411,0.45120972658636194,0.476183140411088,1.047796024779591,-0.1408677860908205
ENSSSCG00000000599,0.1175845267813149,0.39677207943323545,0.31837900794339985,0.8327356141579503,0.10021289638021233
ENSSSCG00000000600,0.16014969743596333,0.521089717719336,0.6264239591344823,1.3076633742897816,-0.12553103568962037
ENSSSCG00000000611,0.7847878067381328,1.8524636141831345,2.256879327494509,4.894130748415776,-0.017077477573080976
ENSSSCG00000000612,0.5595615004952451,0.3003348732938702,0.31498883217600127,1.1748852059651167,-0.1640996629126239
ENSSSCG00000000614,0.22293728007640468,0.5784462250278508,0.7484825761057775,1.549866081210033,-0.027665347166503453
ENSSSCG00000000623,0.727979796797954,0.9171085162195715,1.041392302317383,2.686480615334909,-0.18925001965838611
ENSSSCG00000000625,0.1971345053112045,0.4444599630164037,0.4936198633100793,1.1352143316376875,-0.218716967569286
ENSSSCG00000000633,0.21052458480985503,1.3790370548466808,1.2794074714620138,2.86896911111855,-0.18123177872901108
ENSSSCG00000000635,0.10302620010575621,0.8929833654149929,0.8830640860750718,1.8790736515958208,-0.06629759826715341
ENSSSCG00000000661,0.5552211383297105,0.8729520980312295,0.7896890841856841,2.217862320546624,-0.08942190037414297
ENSSSCG00000000664,0.09995868762878587,0.4925839310754505,0.5885612086800144,1.1811038273842507,-0.02323580676473949
ENSSSCG00000000665,0.34255905660916136,0.8692471115331403,1.0370263226297993,2.248832490772101,0.05596432811426068
ENSSSCG00000000667,0.5295306090957097,0.4951998918019363,0.8601882792532464,1.8849187801508922,-0.00535307873643922
ENSSSCG00000000669,0.834023167387855,1.1486761687104903,1.1390505856544746,3.12174992175282,-0.014426266501738802
ENSSSCG00000000683,0.5733448692483879,0.7422384663252363,1.0262670613731582,2.341850396946782,-0.05696083957898749
ENSSSCG00000000684,0.5909722588876758,0.5189964599550445,0.6484451854818278,1.7584139043245481,0.016669516143039933
ENSSSCG00000000685,0.07053942802860076,1.1925339765872702,1.1360271891867018,2.3991005938025727,0.31260318329916287
ENSSSCG00000000690,0.22945598026050312,0.834916181276828,0.768737914745854,1.8331100762831851,0.0678270796966448
ENSSSCG00000000691,0.19412971098550183,1.5266209981040308,1.3449092482929017,3.0656599573824344,0.03984524667701675
ENSSSCG00000000693,0.6104857106873615,0.4133112960549414,0.3748687900077303,1.398665796750033,0.025557744442905775
ENSSSCG00000000694,0.4301126217823626,1.210405617964298,1.2036850160704313,2.8442032558170918,0.2699324081632824
ENSSSCG00000000696,0.4730783642263041,0.4806762830218495,0.667027466614161,1.6207821138623146,0.08421534162377653
ENSSSCG00000000697,0.46473068695008257,0.866698951361415,0.9124725534249951,2.2439021917364927,-0.1164360271694155
ENSSSCG00000000700,0.8874432880740409,0.5968709170702171,0.5779679370682117,2.0622821422124695,-0.09813140440291648
ENSSSCG00000000721,0.0886325419451201,1.7754956358386453,1.7027224041961386,3.566850581979904,-0.24412181030842223
ENSSSCG00000000722,0.5991628467178206,0.8238558017332324,1.382704795082141,2.8057234435331937,-0.15895613678151105
ENSSSCG00000000723,0.552732305803187,0.6695710134878344,0.6689565498060035,1.8912598690970248,-0.1257279164600124
ENSSSCG00000000728,0.2171149908482376,0.6181779524757115,0.4978198929809792,1.3331128363049283,-0.04795953861518428
ENSSSCG00000000736,0.17723835267666377,0.7702530547606189,0.85997608142615,1.8074674888634328,0.17102350412101452
ENSSSCG00000000737,0.5865673002819449,0.6308254990878572,0.4896676298812888,1.707060429251091,-0.18171818274975463
ENSSSCG00000000738,0.4839871051250498,0.510295085761393,0.7803387466804065,1.7746209375668491,-0.14282960349856763
ENSSSCG00000000739,0.27485959668786547,0.732899844511818,0.5648051492374307,1.5725645904371142,-0.18910497119951702
ENSSSCG00000000743,0.9175190303278689,1.1135254619176462,0.9513365856380409,2.9823810778835558,0.14231969711627318
ENSSSCG00000000745,0.14639401939348357,0.565106177845453,0.6063449122713813,1.3178451095103179,-0.1834574805460745
ENSSSCG00000000751,0.5092086515787139,0.26895736777997586,0.6667621282191598,1.4449281475778495,-0.07896022776641654
ENSSSCG00000000753,0.1759505963679347,0.6072122541529337,0.7140801168287246,1.4972429673495928,-0.25061228369206956
ENSSSCG00000000754,0.2221437240221613,0.5008849566425433,0.3359214824356487,1.0589501631003533,-0.1728416112997781
ENSSSCG00000000755,0.3274192194182526,0.502334434295966,0.32141774433514203,1.1511713980493608,-0.2478057362927633
ENSSSCG00000000757,0.9634525315132844,0.5081356328653974,1.3581914765056762,2.8297796408843583,-0.14023478961287522
ENSSSCG00000000766,0.6521640142269483,0.5780411127716971,0.501605085249233,1.7318102122478782,-0.3605783015074105
ENSSSCG00000000767,0.449132880928179,1.4711014259163526,1.6743949634904867,3.5946292703350182,0.04605333307228949
ENSSSCG00000000769,0.9989165439984163,0.3602150991598385,1.2754811480962527,2.6346127912545074,0.13622850586725538
ENSSSCG00000000770,0.16803854514148733,0.6785783964989843,0.7205266728475666,1.5671436144880382,-0.23177449750921084
ENSSSCG00000000778,0.1619787839561391,0.4361487420382942,0.4098427655339437,1.007970291528377,-0.031032673348877327
ENSSSCG00000000779,0.4301934552078888,0.4784600797776181,0.7121249175644607,1.6207784525499678,0.07096260451307664
ENSSSCG00000000782,0.7610641568718709,0.70424721884359,0.4204916276612249,1.8858030033766857,-0.40821274137408803
ENSSSCG00000000783,0.14703149294427703,0.4679526095103606,0.5021338032683056,1.1171179057229432,-0.21823551702090108
ENSSSCG00000000791,0.32309638137966856,0.6263431275530832,0.44862510538571143,1.3980646143184632,-0.1357574146133976
ENSSSCG00000000793,0.918091357704783,1.0989211693310696,1.6819177980164932,3.6989303250523458,-0.24970411677316237
ENSSSCG00000000798,0.6404730808499639,1.795851108321114,1.2922434908581344,3.7285676800292125,-0.17769705416448434
ENSSSCG00000000799,0.4473298031228922,0.6493683469687476,0.7474451587883716,1.8441433088800112,-0.06952705543677101
ENSSSCG00000000800,0.9601083089232487,0.36786492071577526,0.9568763395002787,2.2848495691393027,-0.01640390900043464
ENSSSCG00000000801,0.5945592029581458,0.6033231831557352,0.9614122253526511,2.159294611466532,-0.337553103475655
ENSSSCG00000000804,0.21414752305558427,0.6189197058723189,0.6549087954347728,1.487976024362676,-0.04380415478478399
ENSSSCG00000000806,0.5799436953965613,0.865917750512657,0.5995913762454337,2.045452822154652,-0.09664124297347305
ENSSSCG00000000807,0.4896951123769904,0.44059696745167615,0.8808014221208009,1.8110935019494674,-0.12531434911481906
ENSSSCG00000000808,0.3433085617346817,0.4509845976684016,0.33806384265866385,1.132357002061747,0.05842284958154805
ENSSSCG00000000816,0.21904603898240418,0.5968952818737555,0.5761541046005154,1.392095425456675,-0.1440682186099757
ENSSSCG00000000837,0.5718042908508884,1.0183746314491717,1.0830160708498193,2.6731949931498793,-0.2876143793176946
ENSSSCG00000000838,0.8136827130606613,0.6283697413266961,0.4961189407052941,1.9381713950926516,-0.3533863013777216
ENSSSCG00000000839,0.4184062823718457,0.5187555593927824,0.6065115550842803,1.5436733968489085,-0.14309294408154502
ENSSSCG00000000840,0.7101464698572604,0.7496051941722528,0.6785956419422566,2.1383473059717697,-0.23391603494826738
ENSSSCG00000000841,0.5773435769139774,0.6886200652170654,0.3019814609023131,1.5679451030333558,-0.33158594194772495
ENSSSCG00000000842,0.5734054117507468,0.5626042417782697,0.6738629333400934,1.80987258686911,-0.023357396475688044
ENSSSCG00000000843,0.6212846789417991,0.831087955888265,1.0304516163768662,2.4828242512069303,0.017431240445116247
ENSSSCG00000000844,0.35293706430590316,0.590791850578435,0.42593656421329057,1.3696654790976288,-0.05914633344050095
ENSSSCG00000000846,0.4542657892715957,0.9579664230025041,1.02872711758679,2.44095932986089,-0.31485366275559373
ENSSSCG00000000847,0.20370849377932565,0.7358436861523932,0.6598114293956124,1.5993636093273311,0.10728492740779652
ENSSSCG00000000848,0.6573882322309084,0.4831910480623499,0.5309195014595,1.6714987817527582,-0.08742768272776745
ENSSSCG00000000849,0.5999597064750233,0.6952894301508977,1.1964415208075894,2.4916906574335105,0.06833510346497229
ENSSSCG00000000853,0.15732244520859895,0.5488384411766063,0.6105502850574627,1.3167111714426678,-0.2249195162205661
ENSSSCG00000000856,0.6161798948078508,0.4503995364932789,0.4643555651792267,1.5309349964803567,-0.295090420885256
ENSSSCG00000000858,0.723041472707084,0.8503559961664305,0.9066110402536478,2.4800085091271624,-0.05695223227687705
ENSSSCG00000000859,0.7284088851168743,0.38163338709646544,0.6377347809272614,1.7477770531406014,-0.1261493969458942
ENSSSCG00000000860,1.0960487189609074,0.5272301667417293,0.9707156570829536,2.59399454278559,-0.12680562899656328
ENSSSCG00000000862,0.6224517393791615,0.6061598676044031,0.8344412796554128,2.0630528866389772,-0.1537576024865957
ENSSSCG00000000863,0.8564013843568061,1.439018258100559,0.7192302035965643,3.0146498460539295,-0.17051990045804352
ENSSSCG00000000864,0.2488233166125868,1.3820250734442177,1.218010981194141,2.8488593712509456,-0.19094272969882875
ENSSSCG00000000869,0.7718473817538127,0.7304813782636395,1.0985521403897602,2.6008809004072124,-0.12977692212744935
ENSSSCG00000000870,0.2572235379320503,0.8818255344210647,0.8399794122233941,1.9790284845765092,0.005837103559453023
ENSSSCG00000000873,0.25864046259391865,1.368287358354368,1.49962462271085,3.1265524436591368,-0.3504796718650211
ENSSSCG00000000875,0.28746110494956584,0.5776941674489776,0.677125020377248,1.5422802927757915,-0.2586594881744672
ENSSSCG00000000877,0.489258010728476,0.7245882726948081,0.4372898824624693,1.6511361658857535,-0.22290712176128263
ENSSSCG00000000884,0.4248670768518889,0.5361134573428648,0.7699640821421462,1.7309446163368998,-0.2683156083216755
ENSSSCG00000000886,0.4161911708639768,1.7043197251633027,1.7282072069551833,3.8487181029824624,0.20784596827477692
ENSSSCG00000000890,0.4855174630000508,0.31685129019720054,0.5177590674982039,1.3201278206954552,-0.16778260733847397
ENSSSCG00000000894,0.23937652206146667,2.2908894375308826,2.252058898154686,4.782324857747035,-0.00011275576944692687
ENSSSCG00000000895,0.4868033724664339,2.211618299005137,2.217408994588133,4.915830666059704,-0.0006221573805520246
ENSSSCG00000000900,0.23308056852665393,0.5533510202602326,0.5568568710174047,1.3432884598042913,-0.03861966295375831
ENSSSCG00000000901,0.6468138889354484,0.2819205478966386,0.6258107404454051,1.5545451772774923,-0.1947012431036421
ENSSSCG00000000902,0.5737829430230218,0.6740518160492585,0.3692247383143947,1.617059497386675,-0.2401014805462123
ENSSSCG00000000906,0.41039420973060814,0.3803356350802708,0.38744482059162644,1.1781746654025054,-0.36210786028578723
ENSSSCG00000000907,0.1537939235233796,0.4442740717563507,0.44517924212924936,1.0432472374089796,-0.1761696462100419
ENSSSCG00000000908,1.4122424628833956,0.8302461756853754,0.8545660594381589,3.09705469800693,-0.005284616197870274
ENSSSCG00000000910,0.09574186393452372,0.4640091337841467,0.4355367387825794,0.9952877365012498,-0.017233539193097534
ENSSSCG00000000920,0.5518815197421963,0.6395945577567825,0.22440510074829662,1.4158811782472756,-0.12650247444531512
ENSSSCG00000000925,0.7120823393454071,0.7515461841493242,0.41054691231154905,1.8741754358062803,-0.07920785838373758
ENSSSCG00000000926,0.8069547543637364,0.7596900040997078,0.40488883738241377,1.971533595845858,-0.33570637845575385
ENSSSCG00000000927,0.35794654257830305,1.3940052085328174,1.5010548863330748,3.2530066374441953,-0.0749373996498666
ENSSSCG00000000934,0.09598773515996108,0.8392398696308978,0.7770093983097643,1.7122370031006233,-0.28243851029686373
ENSSSCG00000000936,0.39937491648417695,0.5620437045439216,0.7596894334747318,1.7211080545028303,-0.3316306930249137
ENSSSCG00000000939,0.18735684912170641,0.6714563440392806,0.8543837868582156,1.7131969800192026,-0.2224483316280469
ENSSSCG00000000940,0.4608083344737535,0.7847840509108198,1.1148916121264463,2.36048399751102,-0.43488113177462345
ENSSSCG00000000941,0.5070680062884036,1.0760891203277725,0.6214560923496205,2.2046132189657968,-0.05322587702249824
ENSSSCG00000000950,0.4699108642980664,0.5248439659133899,0.5424161436126855,1.537170973824142,-0.18132421641410099
ENSSSCG00000000951,0.15735176301969883,0.8473014253983769,0.7051909566320181,1.709844145050094,0.12537353934960457
ENSSSCG00000000952,0.2176485722565262,0.2874317512951359,0.1881910962093895,0.6932714197610517,-0.02535351035522143
ENSSSCG00000000970,0.2838193363760268,0.3952898568949297,0.2560640395331432,0.9351732328040998,-0.10990712042907058
ENSSSCG00000000981,0.15846364309687613,0.6711861234247002,0.6536081823613613,1.4832579488829376,0.07915624350925947
ENSSSCG00000000985,0.5524669548473817,0.6368885160201707,0.3277274195824717,1.5170828904500242,-0.05435878901349487
ENSSSCG00000000998,0.47010938779381717,0.4353935581138759,0.39380947445886555,1.2993124203665587,0.060282262293847165
ENSSSCG00000001002,0.5406958590675287,1.2133217208044873,1.34372801728341,3.097745597155426,-0.031961206458237156
ENSSSCG00000001008,1.1356305789888153,0.5760040012999499,1.2316372574442145,2.9432718377329796,-0.15669977172801575
ENSSSCG00000001009,0.20677475556426747,1.0245328789428874,0.9671951105713541,2.1985027450785086,-0.17574079103729537
ENSSSCG00000001010,0.2569746724076584,0.8485453483131944,0.6859593600986805,1.7914793808195335,-0.20411061323185398
ENSSSCG00000001011,0.5151117047567096,0.5319959753376841,0.5154921365139119,1.5625998166083055,-0.1701384063177111
ENSSSCG00000001022,0.668914908276032,0.9903679105426431,0.957825098014833,2.617107916833508,0.07583865564549688
ENSSSCG00000001024,0.47684347152612355,1.1166903170655342,1.0465397060528587,2.6400734946445166,-0.041259121765580026
ENSSSCG00000001025,0.10107537824880616,0.9229193375456056,0.9051409846872476,1.9291357004816594,-0.0384670748176729
ENSSSCG00000001027,0.3711981686694821,0.35451364971454297,0.6359746589807855,1.3616864773648105,-0.12632784570332878
ENSSSCG00000001033,0.37361805283153066,0.2980059413064253,0.5568323192458751,1.228456313383831,-0.03196065265066124
ENSSSCG00000001038,0.22860786641202496,0.7680758984643861,0.8179912707360427,1.8146750356124537,-0.08670560269416962
ENSSSCG00000001041,0.2745328973996624,0.9228043757474119,0.8611420842998873,2.0584793574469615,0.053744311162507274
ENSSSCG00000001042,0.6661468023734285,0.48611196946262386,1.110370102893523,2.2626288747295753,-0.05956853764146902
ENSSSCG00000001045,0.7548630745835904,1.187496681500405,0.7895385995135954,2.731898355597591,-0.3078924625222393
ENSSSCG00000001049,0.40420890513209046,0.46505475200553875,0.5411428760396193,1.4104065331772486,-0.18096290522792907
ENSSSCG00000001052,0.15928350381157286,0.5942902325017742,0.5003807622287425,1.2539544985420896,-0.20869202145423535
ENSSSCG00000001053,0.6621493138773534,0.8392127450995901,0.5598644215635912,2.061226480540535,-0.050530310692349
ENSSSCG00000001056,0.3778063392361218,1.1522387595356867,0.7934982169949976,2.323543315766806,-0.3153150548945073
ENSSSCG00000001061,0.2794478072966704,1.0356747623093248,1.2998753720795886,2.6149979416855835,-0.019452580187516416
ENSSSCG00000001062,0.20896681997266314,0.9624847837204051,0.9547368018048706,2.1261884054979387,-0.1281876297886777
ENSSSCG00000001063,0.31325550955925635,0.6321895151578256,0.4961223528724873,1.4415673775895694,-0.27212127298295835
ENSSSCG00000001065,0.16456986413658278,0.5960722057660678,0.7190496828247747,1.4796917527274251,-0.29349226271588674
ENSSSCG00000001068,0.5459466906172248,0.545850495751388,1.0007170687081786,2.0925142550767912,-0.1312468595960723
ENSSSCG00000001070,0.2853799009288699,0.44068859232111135,0.3505568694873014,1.0766253627372826,-0.10933557386027297
ENSSSCG00000001074,0.5735780829101695,0.4177404328657326,0.7310448064624074,1.7223633222383095,-0.3407053656715572
ENSSSCG00000001075,0.9283763839134954,1.152648930962965,0.656842466743602,2.7378677816200625,-0.06935867195348984
ENSSSCG00000001076,0.09706811294467739,0.4118575622257262,0.3764041152945345,0.8853297904649382,-0.3510341901505824
ENSSSCG00000001078,0.14066877482419773,0.7131148167158632,0.7088767299096397,1.5626603214497006,-0.1737419996872587
ENSSSCG00000001080,0.134960959481606,1.1856230790849975,1.0688492688962832,2.3894333074628866,-0.19225459289535646
ENSSSCG00000001087,0.8854037863317885,0.918825232172977,0.49549123303780157,2.299720251542567,-0.2061074258451709
ENSSSCG00000001089,0.8450595511869488,1.0367093328674637,0.2883210477845244,2.1700899318389366,-0.27874307706333207
ENSSSCG00000001090,0.1827401169651739,0.44309117350056465,0.4469664661643443,1.072797756630083,-0.0029801129425623568
ENSSSCG00000001092,0.9376015111834256,0.7207308217311321,0.7160775775782028,2.3744099104927607,-0.17376113240362953
ENSSSCG00000001095,0.31603805907965876,0.9166551860825465,0.9148623184864599,2.147555563648665,0.014521978813232203
ENSSSCG00000001097,0.0915487490752246,0.6050582674331642,0.5915687998998461,1.2881758164082349,-0.04541958255424632
ENSSSCG00000001100,0.620410792739085,0.6042002100825664,0.8556958303820315,2.0803068332036827,-0.27977664561141685
ENSSSCG00000001101,0.18677800043567072,0.679894789664426,0.5783612121568523,1.445034002256949,-0.1751921896352456
ENSSSCG00000001107,0.4724642152894304,0.31908266821809167,0.740226288258328,1.5317731717658503,-0.33774445874722225
ENSSSCG00000001137,0.5290195254123626,0.4909054048300092,0.4720482639862598,1.4919731942286316,0.009621619839891014
ENSSSCG00000001156,0.14026666127527265,0.27850159946881364,0.2662153526539052,0.6849836133979915,0.047304936005658466
ENSSSCG00000001164,0.9588530706059913,0.4017260796798314,0.7605620893499819,2.1211412396358047,-0.3282475486866279
ENSSSCG00000001197,0.13778734404701382,0.2900133030109881,0.3174229668635523,0.7452236139215542,-0.0879363948024158
ENSSSCG00000001201,0.4622371961393511,1.7729931655098863,1.6486933535018822,3.8839237151511194,-0.2434575006141343
ENSSSCG00000001205,0.5819642353575487,0.7086195402801518,0.42943463976878643,1.720018415406487,-0.3602214573952722
ENSSSCG00000001206,0.5366778837001351,0.8714235708716808,0.490333895339228,1.898435349911044,-0.3198968895527987
ENSSSCG00000001207,0.30877122587668887,0.9153772928108479,0.8688066425055931,2.09295516119313,-0.1715053050304996
ENSSSCG00000001209,0.54734562980897,0.5509655255728487,0.933594851035504,2.031906006417323,-0.1823860300888327
ENSSSCG00000001341,0.20671674942831272,0.6715010312967915,0.6755185363127479,1.5537363170378522,0.0011075832787291594
ENSSSCG00000001342,0.4155011724113635,0.6411886285996301,0.6721338869629475,1.7288236879739411,-0.187966528029181
ENSSSCG00000001346,0.283628821249748,1.0580429543451595,1.1228540256538067,2.464525801248714,-0.08006976803183971
ENSSSCG00000001347,0.7197442073369796,0.7416614650140112,0.3383114265639332,1.799717098914924,-0.09686016605235552
ENSSSCG00000001376,0.43892190891391375,1.2998297388639295,1.0382793230691247,2.777030970846968,-0.10823631616687425
ENSSSCG00000001379,0.884179272422246,1.4111393098969747,1.5378550554841437,3.8331736378033643,0.1680396422226434
ENSSSCG00000001382,0.19907899670777943,0.5661411321130595,0.4629785667991584,1.2281986956199973,-0.26921408654388934
ENSSSCG00000001393,0.26916951968061925,1.6520361180137104,1.5303367093004399,3.4515423469947697,-0.08958991887812255
ENSSSCG00000001398,0.21997448303776357,0.17294372801598268,0.16309143727208025,0.5560096483258266,-0.10869401822170674
ENSSSCG00000001400,1.3392192620706271,0.9080743405350389,1.254806033838783,3.5020996364444485,0.10848011969029127
ENSSSCG00000001409,0.19003196256063573,1.040691209375605,0.951744660050993,2.1824678319872337,-0.038778600130573514
ENSSSCG00000001410,0.533481136812173,1.1108471547451504,0.7550268502822635,2.399355141839587,0.05361113787568224
ENSSSCG00000001413,0.6612291368483081,0.5341783406601499,1.0481307705120027,2.2435382480204606,-0.1976004136944934
ENSSSCG00000001414,0.521032114663769,1.8510922341354985,1.4683887561440065,3.840513104943274,-0.04623040944499856
ENSSSCG00000001419,0.08699854054105007,0.602869480336758,0.6896519422319626,1.3795199631097708,0.0055886703776804264
ENSSSCG00000001420,0.24855421749235967,1.1369326408012868,0.9388400351848415,2.3243268934784878,-0.19705837982318647
ENSSSCG00000001422,0.38905678712138103,0.5883874530146918,0.5595119775042984,1.536956217640371,-0.13423643937956334
ENSSSCG00000001423,0.4772664043919668,0.7960097765751327,0.7947707837175366,2.068046964684636,0.15036914042252916
ENSSSCG00000001433,0.8576635410762828,0.5682494253467153,0.6187441691226298,2.044657135545628,0.06031035782099914
ENSSSCG00000001435,0.7527413894552244,0.5937289522079435,0.7510467599503184,2.0975171016134864,-0.14798297660987406
ENSSSCG00000001436,0.23345984737224182,0.6876484342299336,0.6872800085458309,1.6083882901480062,0.10628342395653916
ENSSSCG00000001437,0.14071392414691133,0.4898533149449483,0.5288747404694828,1.1594419795613424,-0.05715895484005793
ENSSSCG00000001438,0.45297615849101996,0.6098294324309884,0.5813787997434728,1.6441843906654814,-0.05906847938615425
ENSSSCG00000001471,0.5471702001452158,1.152713194267176,1.0959568877140424,2.7958402821264343,-0.012320068381208122
ENSSSCG00000001475,0.06495019249702215,0.6612949420679588,0.6264772615603728,1.3527223961253538,0.1145586411055946
ENSSSCG00000001485,0.2575434789801596,0.722751982584733,0.9085028928851314,1.888798354450024,-0.09331802049999993
ENSSSCG00000001486,0.4270804993360837,0.6248455548953074,0.6970597788657658,1.7489858330971568,-0.17185212486840531
ENSSSCG00000001488,0.5693650993962206,0.5173469036738652,0.6301512513144624,1.7168632543845481,-0.3704504392774769
ENSSSCG00000001490,0.1333625513928649,0.7635382320979741,0.8935742768564574,1.7904750603472963,-0.2629896616160104
ENSSSCG00000001493,0.40967204943294183,0.33907812996581466,0.34726156106966033,1.0960117404684169,-0.17703105337175246
ENSSSCG00000001497,0.820538101651172,0.7699108568054975,0.3397668481665203,1.9302158066231898,-0.28264166278785546
ENSSSCG00000001499,0.3755649085100687,1.0050588731903474,1.191283149243599,2.571906930944015,-0.2032362892592206
ENSSSCG00000001501,0.9152482888978747,0.9760951840703818,0.9258695584381837,2.8172130314064403,0.07707960847512851
ENSSSCG00000001502,0.34439219776559743,2.037825292328521,2.029399486059653,4.411616976153772,0.154053097839785
ENSSSCG00000001509,0.591507868166399,0.48857707787497767,0.6225811195964869,1.7026660656378634,-0.12991161659589026
ENSSSCG00000001510,0.2988673398258729,0.7669962944256182,0.75097435511619,1.8168379893676811,-0.07258680328210418
ENSSSCG00000001511,0.3839030179607329,1.2639603426348578,1.291506697395696,2.9393700579912867,0.13356099942768776
ENSSSCG00000001512,0.4097363966470729,1.014100072049871,0.9918739072717792,2.415710375968723,0.19044860963697954
ENSSSCG00000001518,0.08980612796002169,1.307070986884381,1.2656537842033648,2.6625308990477676,0.1166747682274841
ENSSSCG00000001527,0.6108134266203219,0.9123615034229544,0.8376409140475669,2.360815844090843,-0.22308111337254652
ENSSSCG00000001531,0.8308050115362763,1.443567834115773,0.7554242046827873,3.0297970503348366,0.03450446291947118
ENSSSCG00000001533,0.8866002375592922,1.3283725450671282,1.4747837114984177,3.689756494124838,-0.003906864477776564
ENSSSCG00000001534,0.1992953122993449,0.65477714323023,0.5694891228624341,1.423561578392009,-0.17905013707915965
ENSSSCG00000001535,0.40190428158045893,0.7270900427409531,0.4408510239555684,1.5698453482769805,-0.38069567974202856
ENSSSCG00000001539,0.15433212682823474,0.7747380584842942,0.6888357005343505,1.6179058858468793,-0.23166761526671945
ENSSSCG00000001549,0.31391897154565984,0.183624191853097,0.29911338301421914,0.796656546412976,-0.1625206381327732
ENSSSCG00000001552,0.1142529327247134,0.46573993533056746,0.5572585167169963,1.1372513847722772,-0.21567163515050938
ENSSSCG00000001554,1.0213052444000805,1.2461656219755008,1.9209002453646307,4.188371111740212,-0.09205050105990174
ENSSSCG00000001556,0.6504712558392025,0.5177283511796065,0.3189835767426801,1.487183183761489,-0.21916235456665434
ENSSSCG00000001561,0.3987586493388946,0.4518940077830949,0.6828730030044302,1.5335256601264198,0.01939239144624541
ENSSSCG00000001562,0.22705680145329282,0.23924955251033703,0.13089026556337566,0.5971966195270055,-0.0383339741961097
ENSSSCG00000001563,0.986969444631938,0.9265490337013845,1.4398016623100078,3.3533201406433304,-0.3166823252993892
ENSSSCG00000001564,0.4155206595618545,1.1536166680901405,1.2479902587742024,2.8171275864261975,0.08134759990967158
ENSSSCG00000001571,0.23597378447461131,1.3086055299648143,1.325160876244049,2.8697401906834745,0.018697564383275356
ENSSSCG00000001573,0.48790900045625185,0.9421073448201267,0.9554514477319801,2.3854677930083588,-0.23868305700658202
ENSSSCG00000001577,0.5689428489988492,0.3700519224811264,0.5906537131616219,1.5296484846415974,-0.19380708033802507
ENSSSCG00000001578,0.48601784486136107,1.1813718819273953,1.5721360800701678,3.239525806858924,-0.26529211438519945
ENSSSCG00000001611,0.2841520833550267,0.4924174305698458,0.6658215325415903,1.4423910464664629,-0.16442014130401394
ENSSSCG00000001619,0.32860324120095225,0.7108399477621556,0.4246274843884766,1.4640706733515845,-0.1546968970632923
ENSSSCG00000001636,0.1029717167247948,0.5078854001261465,0.5899374967714552,1.2007946136223966,-0.2109485891466821
ENSSSCG00000001638,1.0210030050726988,0.5907160251872102,1.2180926137947998,2.829811644054709,0.034328532552325784
ENSSSCG00000001641,0.5657675953765399,0.5514522555443354,0.22108310319066674,1.338302954111542,-0.15288153407751873
ENSSSCG00000001646,0.2980237717835086,0.5438549145108399,0.31221145069075246,1.1540901369851009,-0.11665312361217708
ENSSSCG00000001654,0.16413169255107546,1.3728316856106753,1.293353652361344,2.8303170305230947,0.039347275681092274
ENSSSCG00000001655,0.27803338010251705,1.4229380062772226,1.2919318726663374,2.992903259046077,0.0403482519076576
ENSSSCG00000001656,0.3033180621216449,0.6385304311890948,0.9317514139102118,1.8735999072209515,0.049311885847846036
ENSSSCG00000001657,0.3146146056911743,0.5960583315423378,0.5201799018753941,1.4308528391089061,-0.17454633012210108
ENSSSCG00000001667,0.1487822157885869,0.4720832889102203,0.41742765551719097,1.0382931602159982,-0.2579775741168858
ENSSSCG00000001679,0.7022462690810598,0.7050549169746018,1.1956715430307074,2.602972729086369,0.04318270633826647
ENSSSCG00000001683,0.30645740881047373,0.4858458182972373,0.46580270403164814,1.2581059311393592,-0.05865953282530912
ENSSSCG00000001688,0.20980116822048359,0.5706332343366022,0.6525742321169714,1.4330086346740571,-0.1505518059195816
ENSSSCG00000001689,0.3021658395035072,0.6111218476940716,0.651328856690441,1.56461654388802,-0.3075192411698813
ENSSSCG00000001695,0.1069049662325554,0.39302913926206123,0.3816553303040649,0.8815894357986815,0.03907088285913791
ENSSSCG00000001696,0.38709957598999856,1.0804492986382255,1.2301905627879894,2.6977394374162134,0.20350665917261015
ENSSSCG00000001697,0.21167924643860714,0.6532470636100123,0.6379192164631117,1.502845526511731,-0.09524544480530317
ENSSSCG00000001700,0.17627824735475728,0.38433766017825294,0.4726369204283106,1.033252827961321,0.29012258301434335
ENSSSCG00000001701,0.6108218457764066,1.7790756516499966,1.334871435873991,3.7247689333003944,0.058913187217936924
ENSSSCG00000001702,0.5733160303145939,1.3970369116202062,1.3383736662981807,3.3087266082329805,0.04961012205701211
ENSSSCG00000001708,0.8312546365657603,0.9381063040569183,1.22370677410688,2.9930677147295586,-0.11523228753078466
ENSSSCG00000001709,0.7749920432228986,0.28699192493780823,0.9543493430639631,2.01633331122467,-0.22280869765724343
ENSSSCG00000001720,0.1036068038208967,0.5798306875797675,0.6192837148465484,1.3027212062472127,-0.16543052430250413
ENSSSCG00000001731,0.575873718366321,0.7874901127011084,0.8027211417082049,2.166084972775634,-0.22643751068536064
ENSSSCG00000001732,0.6182813254965447,0.6002729682746012,0.7940717762269691,2.012626069998115,-0.08899893775969382
ENSSSCG00000001750,0.08848874055882687,0.48321156645053903,0.5692316471384308,1.1409319541477967,0.16695401924757453
ENSSSCG00000001751,0.08469466029204935,0.6797823686245306,0.7471170695443068,1.5115940984608867,-0.20988833505893334
ENSSSCG00000001752,0.37360116196657794,0.47710782774622207,0.6484307624770347,1.4991397521898346,-0.2128055499976033
ENSSSCG00000001756,1.565293857458493,1.8148310945507988,0.45082270288680787,3.8309476548960997,-0.034184290365987774
ENSSSCG00000001757,0.11626081676984287,0.8897546910537562,0.8474895486967846,1.8535050565203837,0.0486379300184301
ENSSSCG00000001760,0.2264527994462654,0.9862537395877917,0.8530240747304921,2.0657306137645493,0.0645319742209775
ENSSSCG00000001762,0.2632757570657408,0.35179863520750454,0.38510944551276305,1.0001838377860084,-0.088916928946485
ENSSSCG00000001769,0.2592100530875539,0.8031096444576267,1.0288842512952492,2.0912039488404295,-0.09705986277277032
ENSSSCG00000001779,0.5729331124089969,0.3101228956679765,0.8029998507733143,1.6860558588502876,-0.20205411587636668
ENSSSCG00000001792,0.48775012764064224,0.7823172764028048,0.5129850492148739,1.7830524532583207,-0.17688518286827185
ENSSSCG00000001798,0.5214234893058832,0.6919089742665472,0.7911719980347148,2.0045044616071452,-0.293344202926913
ENSSSCG00000001800,0.27983145164576917,0.8443338945979115,0.678841003974945,1.8030063502186255,-0.15867824395195368
ENSSSCG00000001801,0.24167120181943122,0.7814854837173181,0.5988768168459007,1.62203350238265,-0.039744918124611534
ENSSSCG00000001804,0.05341634063202616,0.8339219251133484,0.7897165619380007,1.6770548276833752,-0.3019790298378686
ENSSSCG00000001805,0.1659153071708367,0.5993590234060933,0.6001330213136485,1.3654073518905785,-0.4321902369884197
ENSSSCG00000001806,0.11657984338432564,0.6889629875924317,0.7114449737191357,1.5169878046958931,-0.2720068613412381
ENSSSCG00000001807,0.21393067035996274,0.3308862658168432,0.3823246774699171,0.927141613646723,-0.20574982124255228
ENSSSCG00000001808,0.22976357407713277,0.32292197987414556,0.47579658821534854,1.0284821421666268,-0.43762859819963246
ENSSSCG00000001810,0.8658931578920109,0.45917395960423113,0.5777205906090515,1.9027877081052935,-0.2912540862081478
ENSSSCG00000001814,0.4277980191834303,0.4205975200934925,0.5982899037395816,1.4466854430165044,0.010704013777024131
ENSSSCG00000001816,0.12418775194768501,0.9255490476977073,0.9024723858876493,1.9522091855330417,-0.12677464644401013
ENSSSCG00000001817,0.2666584911782332,0.48684229993633527,0.29199544278947553,1.0454962339040441,-0.11516549386688335
ENSSSCG00000001819,0.11515849607961212,0.5299592764922743,0.6143353715313775,1.259453144103264,-0.07492683966627603
ENSSSCG00000001820,0.31358944236302155,0.17644073090206105,0.41943126732695496,0.9094614405920376,0.06958058816189536
ENSSSCG00000001822,0.128843254653581,0.3169156698113301,0.1983713009654763,0.6441302254303874,-0.05034067700151182
ENSSSCG00000001824,0.06528744066910178,0.31665930592742925,0.3134360038134527,0.6953827504099838,-0.1353718415980483
ENSSSCG00000001825,0.09310617842619942,0.29934177932228384,0.3694828430316353,0.7619308007801187,-0.14622108202734713
ENSSSCG00000001835,0.11422240086638144,0.3445226991506137,0.3702209242544889,0.828966024271484,-0.07158464691922692
ENSSSCG00000001836,0.10871685030110556,0.6704151943743325,0.6673067478457687,1.4464387925212068,-0.14453413416353714
ENSSSCG00000001837,0.9017308749041322,0.5285477456585727,0.7367896760776631,2.167068296640368,-0.24422275276745858
ENSSSCG00000001838,0.23519656189804705,0.4501048140101916,0.5350150205369691,1.2203163964452077,-0.1620769211986457
ENSSSCG00000001840,1.3237701329780032,0.5161869532067733,1.397327287733705,3.237284373918482,-0.25889652403320274
ENSSSCG00000001847,0.1453740712597676,1.6726652937230704,1.6180151141804597,3.436054479163298,-0.4007652512462939
ENSSSCG00000001850,0.44051088604727184,1.1559946986986742,0.9081069309301224,2.5046125156760684,0.01131621896002688
ENSSSCG00000001852,0.11732719909182875,0.9866953111785509,1.0230811717763701,2.1271036820467497,0.16512481630712425
ENSSSCG00000001858,0.30504907559515887,0.6174443644746415,0.669668938356288,1.5921623784260883,0.14201765695022503
ENSSSCG00000001862,0.4640297438939542,0.9194149366009003,0.547045907540624,1.9304905880354786,-0.054852086183494846
ENSSSCG00000001865,0.49613286263053225,0.5792354087838425,0.3920478435291492,1.4674161149435239,-0.2019201274268185
ENSSSCG00000001866,0.5346814482053951,0.7480219656753428,0.5696489101281572,1.852352324008895,-0.17939802040587344
ENSSSCG00000001868,0.6770843925255395,0.812570327834204,0.7400506453509396,2.229705365710683,-0.14878767812069973
ENSSSCG00000001869,0.4765169747694331,1.0972247879865504,0.8932419097822286,2.466983672538212,-0.25969511123194766
ENSSSCG00000001871,0.6599344551280957,0.5928574543808173,0.5542015032030955,1.8069934127120084,-0.20340485068832984
ENSSSCG00000001877,1.099810782076274,1.1463701311917265,0.9187544102719389,3.1649353235399396,0.04704304710754696
ENSSSCG00000001880,0.3605710155639175,1.4465520001366572,1.5028853473388673,3.310008363039442,-0.4699952972243021
ENSSSCG00000001882,0.09115536323614935,0.8375128415982183,0.7791871323751509,1.7078553372095184,-0.2685304651830306
ENSSSCG00000001885,0.6403740840711292,0.849895133377905,0.7820168419400749,2.272286059389109,-0.08898371282709333
ENSSSCG00000001887,0.6167694925797396,0.4413604540184032,0.4494983139126364,1.5076282605107791,-0.17119639322967287
ENSSSCG00000001892,0.5702447828308868,0.6017305181541607,0.578282968578307,1.7502582695633544,-0.016042062216450798
ENSSSCG00000001900,0.3770538041284298,0.9194402235657257,0.7252707162225175,2.021764743916673,-0.17835832196525833
ENSSSCG00000001903,1.063040018502177,1.2290635122379916,1.2076907087779654,3.499794239518134,-0.13649720733960966
ENSSSCG00000001904,1.157370857715961,1.2167776058807813,1.0226391723627088,3.396787635959451,-0.14707477856912998
ENSSSCG00000001905,0.18956356325602158,0.6310105556415371,0.7290001574131595,1.549574276310718,-0.15209710476441077
ENSSSCG00000001907,0.497561735930157,0.5577488426697067,0.6228797861098128,1.6781903647096765,-0.028676035187971065
ENSSSCG00000001909,0.39471416465100334,0.6195408314491178,0.5589614960080177,1.5732164921081386,-0.1432384412408226
ENSSSCG00000001918,0.11740151197908555,1.5219890770456952,1.5861855613802491,3.22557615040503,-0.1481465389988593
ENSSSCG00000001920,0.09950694332048751,0.8006686371838442,0.8313505276520027,1.7315261081563342,-0.2594889631142911
ENSSSCG00000001921,0.2641622713813186,0.47703472070337094,0.6350561815810043,1.3762531736656938,-0.3425918442374503
ENSSSCG00000001924,0.30636535375283014,1.5833883265607491,1.3679238589213327,3.257677539234912,-0.1963594333629241
ENSSSCG00000001925,0.7294340917580175,0.8456619933473614,0.7398269289843182,2.3149230140896973,-0.26789218555539773
ENSSSCG00000001930,0.06978826252112465,1.2641536912192042,1.289152452239994,2.6230944059803227,0.2112190135649518
ENSSSCG00000001931,0.423080302565669,0.6045896175419341,0.6080339050182824,1.6357038251258853,-0.4597528474014714
ENSSSCG00000001934,0.529369996276466,0.3371130566928649,0.7728034221518643,1.639286475121195,-0.2303137864280043
ENSSSCG00000001939,0.3539460977947968,0.49303610778064794,0.7448697787971655,1.5918519843726102,-0.24870462217743472
ENSSSCG00000001942,0.34189927315749663,0.4124651807574665,0.663075451161236,1.4174399050761992,-0.2057427111026077
ENSSSCG00000001946,1.6442587266247124,1.4424831363441772,0.5862128045519038,3.6729546675207936,-0.04619854930344678
ENSSSCG00000001947,0.22868756618805028,0.2505847727002822,0.27552716628180335,0.7547995051701357,-0.14932731920325826
ENSSSCG00000001950,0.6036796568334579,1.6329593693688986,1.796242856739896,4.032881882942252,0.03992524025734707
ENSSSCG00000001952,0.21705100059422278,0.9977073066200604,0.8325316188079576,2.047289926022241,-0.21185840564241243
ENSSSCG00000001955,0.5795292121908812,0.651906068510965,0.3779315220206621,1.609366802722508,0.05934631537299008
ENSSSCG00000001958,0.28466583185823163,0.25023579755214154,0.2399186850669894,0.7748203144773627,-0.20765493990302672
ENSSSCG00000001959,0.4168210517620643,0.6762309782002996,0.8383766909841568,1.9314287209465206,-0.05343660964076923
ENSSSCG00000001960,0.5608620161238856,0.7827217218902013,1.0208209191748185,2.3644046571889055,0.02695575796628171
ENSSSCG00000001963,0.2240607840660722,0.4635961481842536,0.41756078284902404,1.1052177150993499,-0.21668378921138332
ENSSSCG00000001964,0.09715298782694777,0.749686330771105,0.8127355870416936,1.6595749056397464,-0.1940186543981849
ENSSSCG00000001966,1.3039756077507512,0.3865366081811133,1.2411240457537354,2.9316362616855995,-0.005513539246538222
ENSSSCG00000001968,0.7746611637394033,0.615245776568534,0.40267643481891907,1.7925833751268563,-0.08110232339896634
ENSSSCG00000001970,0.497758717022734,0.7488623745504434,0.27161919376990445,1.5182402853430816,-0.0477221401943274
ENSSSCG00000001971,0.44201276632135444,0.7079228447188697,0.8493529903818506,1.9992886014220748,-0.04175226393409327
ENSSSCG00000001973,0.9139264749498077,0.6872426133568675,0.7958241296900848,2.3969932179967604,-0.11355774392320253
ENSSSCG00000001974,0.5923975804306972,1.0650082394645513,1.5048178660015399,3.1622236858967883,-0.03648549027883512
ENSSSCG00000001977,0.8493927506075365,1.206371225158733,2.00124034557902,4.057004321345289,-0.16129951233461895
ENSSSCG00000001990,0.5781572904192371,0.205438383354584,0.43480190267959173,1.218397576453413,0.08477104340769619
ENSSSCG00000001991,0.09467818143134583,0.38860549023748847,0.3422940900797601,0.8255777617485944,0.023373405287289106
ENSSSCG00000001994,0.06591341253568656,0.7885766257930722,0.7919958222735379,1.6464858606022967,0.010920879582066606
ENSSSCG00000002003,0.12130715179236105,0.36709676131322383,0.27319390553150236,0.7615978186370873,0.024396640373940064
ENSSSCG00000002008,0.3536083860367273,0.23915309474160698,0.38381210463229143,0.9765735854106257,0.06470100363491396
ENSSSCG00000002013,0.2215668385888297,0.296360726721675,0.5116000546844253,1.02952761999493,0.11116385356086154
ENSSSCG00000002016,0.07903519425237891,0.5073855494242058,0.450210716509707,1.0366314601862916,0.05815174673688359
ENSSSCG00000002020,1.2243448197889135,0.9162380870179014,0.5810681972239161,2.7216511040307307,-0.19219439368688795
ENSSSCG00000002023,0.29134802074255944,1.6579918512288592,1.684527589041812,3.6338674610132307,-0.07696487430399286
ENSSSCG00000002032,0.39079397107897057,1.576973688303811,1.5902497389724997,3.558017398355281,0.15395009814438837
ENSSSCG00000002034,0.1500079402684768,1.390636438830032,1.430171408122899,2.970815787221408,0.007219772190321824
ENSSSCG00000002035,0.543646331671418,0.6619836363882624,0.9785407017492197,2.1841706698089003,-0.17528860713622701
ENSSSCG00000002041,0.364559497824975,1.2872556965989574,1.4945710421735725,3.146386236597505,0.03971906442876581
ENSSSCG00000002042,0.3765185752950275,1.1924711312709784,1.4344473728223186,3.0034370793883243,0.04112115241506746
ENSSSCG00000002050,0.2998833035459238,1.0480053430048883,0.9947439048789557,2.3426325514297677,0.21981638147158863
ENSSSCG00000002051,0.30453034170551885,0.7815679603682458,0.5498651261378528,1.6359634282116176,-0.057044024205774035
ENSSSCG00000002127,0.3491334296375937,0.6838459660542401,0.5700110375642592,1.602990433256093,-0.0680021790243939
ENSSSCG00000002129,0.7019110720422711,0.6708925426418183,1.3028499105680151,2.6756535252521045,-0.4449933729670062
ENSSSCG00000002135,0.5447709498616947,0.2923495057887976,0.468098494784536,1.3052189504350284,-0.08497070830593169
ENSSSCG00000002143,0.3592117693058524,1.543608855661422,1.3631903883786143,3.2660110133458886,0.0480656865999622
ENSSSCG00000002144,0.4537380360422992,0.7583722932119952,0.7295494152480998,1.941659744502394,0.21399514269223693
ENSSSCG00000002145,0.6286742425535546,0.561858277701372,0.378372475497232,1.5689049957521586,-0.21452664571372174
ENSSSCG00000002235,0.39902447374704775,0.7136634813402486,1.0140815868900177,2.126769541977314,-0.08941824724363308
ENSSSCG00000002243,0.5204765831743211,1.4927513314450866,1.556829859649533,3.5700577742689408,0.06583070508993806
ENSSSCG00000002245,0.6237463227177529,1.0028144809077777,0.4730350735361514,2.099595877161682,-0.2016195751959219
ENSSSCG00000002252,0.6882830794082456,1.231998843018722,0.678228636824693,2.598510559251661,-0.20773377307413668
ENSSSCG00000002254,0.23526899360460807,0.831688787995722,0.8349094271459406,1.9018672087462707,-0.23078700663999685
ENSSSCG00000002257,0.29862463180351534,0.7832907215295889,0.6396618096018439,1.7215771629349481,-0.07082359311100792
ENSSSCG00000002259,0.31830874092018474,0.6194549408333712,0.9321099809678424,1.8698736627213983,-0.25223948424989706
ENSSSCG00000002260,0.9376329355414056,1.5358174186054998,0.7943099709477746,3.26776032509468,-0.14707871675723927
ENSSSCG00000002263,0.07849309352555033,0.6813869339299556,0.7310674228355981,1.4909474502911042,-0.21249848125876733
ENSSSCG00000002266,0.540572898108462,0.5911698499085873,0.5899049354589029,1.7216476834759522,-0.04976220342925807
ENSSSCG00000002268,0.4992642647608255,0.5375149501256443,0.7134432741057369,1.7502224889922067,0.013745852368984655
ENSSSCG00000002269,0.21265020624314732,0.6209746397329834,0.6361153833901022,1.469740229366233,0.16049667181520902
ENSSSCG00000002277,0.1584974188812315,0.619088541554595,0.5552129627009846,1.3327989231368111,-0.11431615288903875
ENSSSCG00000002280,0.4069276256754372,0.8889751215137032,0.5655728729247983,1.8614756201139389,-0.24126196496598268
ENSSSCG00000002281,0.5003109685445885,0.30747071772623763,0.20980532771133092,1.017587013982157,-0.27644859899776414
ENSSSCG00000002283,0.08334835960328016,0.4072249678674354,0.4442487122428682,0.9348220397135838,-0.08055318003102067
ENSSSCG00000002287,1.2063876657732973,0.5319875966784129,0.7734956037779657,2.5118708662296756,-0.14991353686373055
ENSSSCG00000002290,0.5602009966413484,0.8235337627633363,0.4178338936270878,1.8015686530317725,-0.45278234253833877
ENSSSCG00000002292,0.38352311285338625,0.5668603796970839,0.7255954824642852,1.6759789750147553,-0.1036059244378043
ENSSSCG00000002294,0.18206622144801538,1.1736167280825538,1.1696605917463074,2.5253435412768765,0.11634615390726567
ENSSSCG00000002295,0.14719423440501317,1.97822362166487,1.9337500390222584,4.059167895092141,0.060711761116325036
ENSSSCG00000002296,0.3120885086259254,0.3595364043189185,0.5268932134970918,1.1985181264419358,-0.015171368836313464
ENSSSCG00000002298,0.24333003966101593,0.24004038706146277,0.4672053170207713,0.95057574374325,-0.10549916777572835
ENSSSCG00000002307,0.35570209246197515,1.3586662957602371,1.4846134979374146,3.198981886159627,0.08164272305188636
ENSSSCG00000002311,0.7791426636298399,2.2679656746002235,2.7375019113866323,5.784610249616696,-0.2779961428862224
ENSSSCG00000002313,0.46370834181014964,0.48267320785616846,0.6228583672787172,1.5692399169450355,0.10087981705252314
ENSSSCG00000002316,0.28806163821100117,1.0084483792309014,1.026982905784252,2.323492923226155,-0.06042044673062813
ENSSSCG00000002330,0.42600042105933245,0.8984368054570591,0.6180672196137895,1.942504446130181,-0.32114630639826847
ENSSSCG00000002332,0.29240989500356956,0.5777966103514086,0.5262560337270776,1.3964625390820558,-0.17698626549821872
ENSSSCG00000002337,0.7165741016826084,0.35166397961315865,0.4358697708601626,1.5041078521559297,-0.28197112897735177
ENSSSCG00000002340,1.0802367269382969,0.5419326454035073,0.6930184541427472,2.3151878264845513,-0.11082779925797324
ENSSSCG00000002344,0.16143726362100239,0.7773257439465682,0.8288680877125142,1.7676310952800849,-0.03503892415536313
ENSSSCG00000002349,0.11572484957574264,0.46702299088253446,0.3654293362870506,0.9481771767453278,0.05928093453644735
ENSSSCG00000002350,0.21475637220899807,1.0011601314418053,0.8383894541721826,2.0543059578229856,-0.181203589219386
ENSSSCG00000002351,0.20893591705460193,0.6770713486940504,0.6093850345753508,1.495392300324003,0.0872639792999641
ENSSSCG00000002353,0.20849896544922356,0.5084387608372563,0.611647049596004,1.3285847758824838,-0.08369377236348292
ENSSSCG00000002354,0.49441068219617706,0.5363235811943027,0.42066812840907336,1.451402391799553,-0.04887823626619063
ENSSSCG00000002355,0.4397892731170032,0.6325130990070263,0.8000238676075454,1.8723262397315747,-0.2772432879179712
ENSSSCG00000002357,0.20155223001655428,0.23068245150304362,0.09356344313822895,0.5257981246578268,0.06565553853994274
ENSSSCG00000002366,0.24297680522935308,1.031327024165054,1.2117138719231133,2.4860177013175204,0.1990787502084962
ENSSSCG00000002367,0.6301739616310305,0.5571941898033611,1.038203802773705,2.2255719542080965,0.010808581571736321
ENSSSCG00000002370,0.21367668357317954,0.4892789048248874,0.5968090118500662,1.2997646002481331,-0.09991439891256827
ENSSSCG00000002372,0.5018664502829572,0.5773362647788762,0.7674145570848899,1.846617272146723,-0.08728833736074393
ENSSSCG00000002374,0.318450267478573,0.821800366862286,0.7885872756316578,1.9288379099725166,-0.11823312772527268
ENSSSCG00000002375,0.2401159090002724,1.0181486009104435,1.0231893689815736,2.2814538788922896,-0.11768720479534954
ENSSSCG00000002377,0.2534400382296443,0.3372945252015813,0.3479190189024903,0.9386535823337159,0.16027892160479332
ENSSSCG00000002378,0.29253331258797927,0.4478274793844696,0.48557829111598527,1.2259390830884342,-0.08964491741488305
ENSSSCG00000002381,0.9542645992688662,1.3563335176548665,0.5217132215422433,2.832311338465976,0.014855853152450905
ENSSSCG00000002385,0.07706359280312142,0.5114333517697524,0.5721267541130508,1.1606236986859246,-0.08596467257429849
ENSSSCG00000002386,0.16204044689631478,1.0987350610853939,0.9497894963557841,2.210565004337493,-0.031068460606480178
ENSSSCG00000002387,0.7445100190553414,0.6272835831693618,0.6642605780196172,2.0360541802443204,-0.04300354822088171
ENSSSCG00000002388,0.30267380785950576,0.8422568988383267,0.9133287125195355,2.058259419217368,0.0006691124096074158
ENSSSCG00000002396,0.08678326881488335,0.3843744228476343,0.45965524856598705,0.9308129402285047,-0.028301570991269148
ENSSSCG00000002397,0.0941828473118061,0.22771264963622093,0.31225878921923494,0.634154286167262,-0.06590240983248288
ENSSSCG00000002403,0.4300792143974313,0.3339935662644761,0.5180927441573929,1.2821655248193005,-0.2181282026919516
ENSSSCG00000002404,0.5722363556870087,0.21334215271859253,0.392536761204495,1.1781152696100963,-0.037454509993799755
ENSSSCG00000002406,0.542320845548189,0.44600129655619647,0.8339193553424107,1.8222414974467962,-0.059718484183948005
ENSSSCG00000002408,0.4803183348465129,0.34884930540373765,0.756052997556836,1.5852206378070866,-0.20996610680802913
ENSSSCG00000002410,0.3845887762485033,1.0329895560038806,0.9968709154298082,2.4144492476821924,-0.20624931387139822
ENSSSCG00000002411,1.3226907738756903,0.6504238977645408,1.6256547326675026,3.598769404307734,-0.14436002080220206
ENSSSCG00000002412,0.17108124451308324,0.6387510669651235,0.6153449851366803,1.425177296614887,-0.11797176870020747
ENSSSCG00000002414,0.7354960528974774,0.37966472547527413,0.7952067621756983,1.91036754054845,-0.08263668753646565
ENSSSCG00000002424,0.683337659375951,0.9221429395410722,0.5515693615411279,2.157049960458151,-0.357608091513388
ENSSSCG00000002425,0.12982604857988841,0.6923965308071494,0.6197291362977129,1.4419517156847506,-0.2989929211453894
ENSSSCG00000002426,0.4713937829155229,0.827036264029567,1.0238787581855544,2.3223088051306444,-0.0452282416876678
ENSSSCG00000002427,0.5205540520366273,0.6678062016850391,0.46764124505658844,1.656001498778255,-0.17640967285296125
ENSSSCG00000002428,0.30904711053610573,0.5248489531180348,0.4236871568221386,1.2575832204762791,-0.09709662252626237
ENSSSCG00000002429,0.580523070795563,1.170074004643878,1.6385982302681166,3.3891953057075574,-0.19492321287081868
ENSSSCG00000002431,0.3847744681099523,0.22801272475725032,0.5243434863028243,1.1371306791700269,-0.10682593322332581
ENSSSCG00000002433,0.5374761198590585,0.9998414370583223,1.1770624962413272,2.714380053158708,0.019692836588387136
ENSSSCG00000002434,0.5065222307024104,1.0671540412556335,1.0546135571798962,2.62828982913794,0.019441715832737842
ENSSSCG00000002440,0.3453110806906854,0.46122380413082253,0.760315537025109,1.5668504218466168,-0.28674251818311364
ENSSSCG00000002441,1.2394879951341098,1.122736549590099,0.6936200787822728,3.0558446235064816,-0.09315395863447956
ENSSSCG00000002443,0.5841880918773042,1.6740401369789866,1.3877820698979622,3.646010298754253,-0.16979891654942117
ENSSSCG00000002444,0.3522789289252124,0.8145604652598655,0.6671025610782566,1.8339419552633345,-0.1441329091383417
ENSSSCG00000002445,1.2039443239549235,1.0020187502662516,0.3980448697977468,2.604007944018922,-0.2749291433224581
ENSSSCG00000002446,0.7802500766023149,0.22804629202595733,0.7528404697004787,1.761136838328751,-0.20611820173888476
ENSSSCG00000002447,0.42381514591800773,0.5728445342865547,0.657882504310432,1.6545421845149946,-0.11521806662546093
ENSSSCG00000002450,0.34879553488821374,0.696681186729501,0.5550210903230532,1.600497811940768,-0.1797928482425754
ENSSSCG00000002452,0.44657095999328256,0.4070129837707942,0.7534862422633689,1.6070701860274457,-0.015843812459656235
ENSSSCG00000002455,0.7908786085706646,0.5680599671572956,0.6505444161763205,2.0094829919042807,-0.2300935957201161
ENSSSCG00000002457,0.5530717037580838,0.46617867878230146,0.8144550599453646,1.8337054424857497,0.028582437324512818
ENSSSCG00000002460,0.3025912032041075,0.6236498901261404,0.7491963645666903,1.6754374578969382,-0.19075775437550901
ENSSSCG00000002461,0.3042404782301579,0.5570286378205441,0.5397130400767601,1.400982156127462,-0.27648235581558783
ENSSSCG00000002470,0.652316210436585,1.6535005937543237,1.2619982825101212,3.56781508670103,-0.09669158166361805
ENSSSCG00000002474,0.505055368756936,0.8152841529436682,0.7345968368217608,2.0549363585223652,-0.5065947543441462
ENSSSCG00000002496,0.19507490788474516,1.141038106714989,1.0188135950907469,2.354926609690481,0.16589482308443187
ENSSSCG00000002497,0.1555971080508676,0.5270527381459302,0.5765486933955757,1.2591985395923735,-0.39506466779519056
ENSSSCG00000002502,0.9504617731492507,1.0767216658561327,0.9727395357760441,2.9999229747814278,-0.20811378205517717
ENSSSCG00000002505,1.0208217214491233,0.5529579756889693,1.097555131663687,2.6713348288017795,0.06273982992495737
ENSSSCG00000002506,0.32519032286023913,1.3776586851998487,1.3931441610308783,3.095993169090966,-0.15791006682847727
ENSSSCG00000002508,0.14308430074260445,0.7577596866097501,0.6973564578620688,1.5982004452144234,-0.13337613378747887
ENSSSCG00000002509,0.2637394802697756,1.5294510120807312,1.60714135140026,3.4003318437507666,-0.22232441946337433
ENSSSCG00000002512,0.18391024780908508,1.0016054024768735,0.8220683544340995,2.007584004720058,-0.2046635447332962
ENSSSCG00000002516,0.6111318855261736,0.6505905074396753,0.7451579486900047,2.0068803416558536,0.10557136590437025
ENSSSCG00000002620,0.3528436976158963,0.3551764151793038,0.4877976498307019,1.1958177626259021,-0.2982951470368727
ENSSSCG00000002622,0.0648646998837483,0.4804837049830926,0.472348015179412,1.0176964200462528,-0.20456717349951947
ENSSSCG00000002627,0.23134639420545824,0.5374851533773275,0.45039326329999874,1.2192248108827846,-0.0097279170322554
ENSSSCG00000002629,0.10114774930603306,0.9756020459347832,0.918582521727957,1.9953323169687733,-0.11321582029386616
ENSSSCG00000002653,0.1837017508314908,0.8736321175020708,0.8194973664025632,1.876831234736125,-0.43050399338470924
ENSSSCG00000002654,0.10428085030845233,0.6616360412804422,0.5935340871222345,1.359450978711129,-0.19837753852243475
ENSSSCG00000002655,0.5601631512622639,1.1460647847876937,1.500035278838487,3.2062632148884447,-0.1265079843318576
ENSSSCG00000002656,0.3505643383789989,0.30037949608613457,0.5310146360713998,1.1819584705365331,-0.3555962967529906
ENSSSCG00000002657,0.3453431069781265,0.6320448568855425,0.6637535502838199,1.6411415141474888,-0.13077934163033486
ENSSSCG00000002664,0.21809714118900464,0.6239175733915391,0.5898620962409564,1.4318768108215,-0.21377770394668336
ENSSSCG00000002670,0.1379415800548206,1.6853261627732263,1.7229888965398659,3.546256639367913,-0.026006025629978443
ENSSSCG00000002681,0.42943462279629496,0.7050290882069452,0.44628522977809987,1.58074894078134,-0.20370297623496061
ENSSSCG00000002682,0.40606651993873477,0.42209990856399754,0.4527392304425062,1.2809056589452386,-0.007849159519221998
ENSSSCG00000002684,0.37931346122877113,0.4624321431336447,0.5549671853330457,1.3967127896954614,-0.2553190146517582
ENSSSCG00000002688,0.11786565225620131,0.4806279442400121,0.5182367087099455,1.116730305206159,-0.032736564506474136
ENSSSCG00000002690,0.1429588826746235,0.4561845194944627,0.5488457929803721,1.1479891951494583,-0.18733720665407716
ENSSSCG00000002701,0.4667661710889056,0.4246481971989671,0.3502942091693649,1.2417085774572376,-0.1810929963073125
ENSSSCG00000002703,0.6699729802009949,0.6209580541924749,0.5477116729333035,1.8386427073267733,-0.2739313438840755
ENSSSCG00000002704,0.3400531123213277,0.9111989001408869,1.099197976455407,2.350449988917622,0.028749564444086308
ENSSSCG00000002706,0.3807943549283352,0.6033671728946883,0.3690400399934201,1.3532015678164437,-0.05608922581417219
ENSSSCG00000002707,1.1337806745773422,0.5440231800493668,0.8915712121981857,2.5693750668248945,-0.07633074978961189
ENSSSCG00000002708,0.7332992453819593,1.7508046133016995,2.396339330020811,4.8804431887044695,-0.04827957699190384
ENSSSCG00000002714,0.42763261408830483,0.30572602192962534,0.5428466511587315,1.2762052871766616,-0.12580338824775109
ENSSSCG00000002715,0.9525016697891509,0.6649004505375798,0.9507785954125056,2.5681807157392362,-0.22002284875814726
ENSSSCG00000002722,0.3056617468340648,1.0478747444118086,1.056321073992274,2.4098575652381475,0.00665599391055139
ENSSSCG00000002723,1.4602059453895526,0.9963437509383701,1.093783100650218,3.550332796978141,0.16398688732759475
ENSSSCG00000002724,0.0901786539981894,0.28154257572483143,0.35054221262916707,0.7222634423521879,-0.24681279125152253
ENSSSCG00000002736,0.46413070335298606,0.651105020473268,0.7649990002567792,1.8802347240830333,-0.0982439277749727
ENSSSCG00000002738,0.8353963941101789,1.113670041111271,0.7344784236382146,2.683544858859664,-0.09266393914846635
ENSSSCG00000002739,0.5297370354353532,1.1406350161193355,0.8675618999043296,2.5379339514590185,-0.32156135231809324
ENSSSCG00000002740,0.7846632842792722,1.2782484065014803,1.3825018269292608,3.445413517710013,-0.05222611093530528
ENSSSCG00000002741,0.26439322370438495,0.7426239614955379,0.5641110920848659,1.5711282772847888,-0.1598700743622418
ENSSSCG00000002743,0.3363145918171586,0.9202456041769346,1.0374873319605884,2.2940475279546817,-0.04370405017488837
ENSSSCG00000002746,0.26117411006291896,0.5814601815797471,0.7888145944588888,1.631448886101555,-0.06839826652577095
ENSSSCG00000002747,0.3428079903362083,0.34742197293301347,0.622454236305707,1.3126841995749285,-0.2599658088783109
ENSSSCG00000002748,0.4446401674501265,0.6712439034957554,0.6760014808677226,1.7918855518136045,-0.157860392115728
ENSSSCG00000002749,0.32132148047058107,0.5456953277478266,0.4538860563596004,1.320902864578008,-0.06470084444052951
ENSSSCG00000002752,0.2707999262282317,0.7941866467653886,0.9732279780818303,2.0382145510754506,-0.28207673422690477
ENSSSCG00000002753,0.7861294084547867,0.9488747436360201,0.43744383137924603,2.172447983470053,-0.02645650497925208
ENSSSCG00000002755,0.24989327694176655,0.8800572874959062,0.7081379420895765,1.838088506527249,0.0010827588662028031
ENSSSCG00000002762,0.21053436920385113,0.6875024732129154,0.49423871382799656,1.392275556244763,-0.18391519918586494
ENSSSCG00000002768,0.44232295859670545,0.42828646082864846,0.4397330795542304,1.3103424989795844,0.08305831530624926
ENSSSCG00000002769,0.7590104066316685,0.8789715711190851,0.6995446571235415,2.337526634874295,-0.24906253909179912
ENSSSCG00000002771,0.13757711442865483,0.6068960179684022,0.4992900173865228,1.2437631497835797,-0.17091795686951697
ENSSSCG00000002774,0.09121417426809722,0.6484903437507278,0.7361725595215283,1.4758770775403534,-0.24417118884091638
ENSSSCG00000002776,0.30968335435167704,1.092823037421197,0.833920723519288,2.236427115292162,0.060964405890177445
ENSSSCG00000002777,0.1605516963669261,0.5168045837043094,0.5810983001661207,1.2584545802373563,-0.1709258487216165
ENSSSCG00000002779,0.29082945404988986,0.5141416958325662,0.6882810191143383,1.4932521689967944,-0.11387194992475538
ENSSSCG00000002781,0.1790089629319427,0.6906069249238321,0.829169364369,1.6987852522247748,-0.11173415231566713
ENSSSCG00000002787,0.40820726719312533,1.022076695376749,0.7096378193574449,2.1399217819273195,-0.1429329839215151
ENSSSCG00000002799,0.8004025598558845,0.4087641887360761,0.4277770370106698,1.6369437856026305,-0.017877300506750293
ENSSSCG00000002802,0.16216687838424845,0.21945752536294919,0.20501456696710943,0.586638970714307,-0.12356746223225029
ENSSSCG00000002804,0.4554630262707621,0.8049950139433529,0.8377717409363579,2.098229781150473,-0.20691303857343582
ENSSSCG00000002805,1.0538187498278504,1.0120743488769393,0.8295930904148049,2.8954861891195947,0.1054565081821665
ENSSSCG00000002813,0.10295947375456171,0.22254075212006633,0.2753136599643411,0.6008138858389691,0.047881793146629804
ENSSSCG00000002815,0.15401489515553216,0.6697436963567935,0.8062871993627658,1.6300457908750916,-0.31367374184915753
ENSSSCG00000002817,0.1099942813459221,0.8491303154989797,0.8059777848289702,1.765102381673872,-0.2818202860674386
ENSSSCG00000002818,0.5048303435451502,0.7166110515397811,0.8153609193336334,2.0368023144185647,-0.16573452756867746
ENSSSCG00000002819,0.7054377403440345,0.4474516308727841,0.3651798843426968,1.5180692555595154,-0.12551031372005325
ENSSSCG00000002820,0.35872202372004225,0.2337200739964973,0.402144702476682,0.9945868001932215,0.08277981598591795
ENSSSCG00000002821,0.45485591775812406,1.5568970514578921,1.645601236378385,3.6573542055944013,-0.08196123320350947
ENSSSCG00000002822,0.33143659871533276,0.29634168583531106,0.18176683206878555,0.8095451166194294,-0.426448662589637
ENSSSCG00000002841,0.29367720267119607,0.41677763231096565,0.5605121476779584,1.2709669826601202,-0.04372421066031787
ENSSSCG00000002844,0.39877124031519257,0.17756001875891614,0.36178378621553764,0.9381150452896464,-0.04825287448816252
ENSSSCG00000002846,1.3648375998364768,1.3203954539466756,1.9989847903230622,4.684217844106215,-0.12596778932425914
ENSSSCG00000002847,0.18419886301171143,1.0029961747941252,0.9363841372883225,2.123579175094159,-0.2658488267661201
ENSSSCG00000002849,0.7537410820517976,0.4716541195903286,0.5802780951637382,1.8056732968058644,-0.18736904578962404
ENSSSCG00000002854,0.09703698981353688,1.001731195331097,0.9161138900577063,2.01488207520234,0.055271410618496004
ENSSSCG00000002855,0.13707975777192194,1.2351138558428867,1.2404724667688656,2.612666080383674,-0.17228416293676144
ENSSSCG00000002857,0.2908146588159917,0.5797829345065136,0.4532589728222492,1.3238565661447546,-0.23962613602932212
ENSSSCG00000002859,0.19422307026604477,0.639809345225512,0.7514100935294991,1.585442509021056,-0.034013635846931324
ENSSSCG00000002860,0.2785379043930248,1.6149191377421122,1.5811938289715324,3.474650871106669,0.011012813702335204
ENSSSCG00000002865,0.15499131629050736,0.8293227407768504,0.851652272464717,1.8359663295320747,-0.12366569733614484
ENSSSCG00000002867,0.4559859983166625,0.907787473169782,0.8088455025602038,2.172618974046648,-0.02077094812862483
ENSSSCG00000002868,0.25801301696860734,0.6885405861076981,0.5716584429971665,1.5182120460734718,0.11458924356998966
ENSSSCG00000002869,0.8112530146001182,0.9643654249080306,1.0591924120960712,2.83481085160422,-0.10768835508837508
ENSSSCG00000002872,0.08664264737764116,0.6743145842909868,0.7034570806135668,1.4644143122821949,-0.198301126754362
ENSSSCG00000002875,0.855155930087392,0.8102806081137826,0.1395524803992134,1.8049890186003879,-0.0767075479926866
ENSSSCG00000002877,0.23462581976281732,0.382056637803519,0.4169569358298755,1.0336393933962118,-0.1151106153289686
ENSSSCG00000002884,0.6334585985731207,0.9808313362348393,0.751236329637408,2.365526264445368,-0.0025574528613784182
ENSSSCG00000002885,0.1509320387570331,1.1724073629514613,1.0272283016127761,2.3505677033212704,-0.11158161884088348
ENSSSCG00000002895,0.1725888662616016,1.3154215280399597,1.1753875377557497,2.663397932057311,-0.29472984739060964
ENSSSCG00000002898,0.3050294980182874,0.6947643142332004,0.3982009692150928,1.3979947814665805,0.11863598206824977
ENSSSCG00000002904,0.4566882382223103,0.7414427915116586,0.48584413132569926,1.683975161059668,-0.147249350732925
ENSSSCG00000002905,0.29503258693639306,1.2752117983023992,1.2692166405180245,2.8394610257568167,0.03225972448721657
ENSSSCG00000002916,0.14426829816417752,0.4572264124281019,0.4946704981758922,1.0961652087681717,-0.10826250049476477
ENSSSCG00000002921,0.5383130829033,0.6004503806489605,0.9305616247410008,2.0693250882932612,-0.2063309289330262
ENSSSCG00000002923,0.12345604016142935,0.3203373816171689,0.2803132599627174,0.7241066817413156,-0.08045676041684878
ENSSSCG00000002926,0.5651449520944392,1.2734223936970825,1.138272902337274,2.976840248128796,-0.008019073713729001
ENSSSCG00000002930,0.5776724231055215,0.560227355686234,0.8362510632516604,1.974150842043416,-0.15504252524967407
ENSSSCG00000002931,0.5365472729370449,0.44709868285902366,0.3238838048881589,1.3075297606842273,-0.14004208557299577
ENSSSCG00000002932,0.24831420199430482,0.25217705961024767,0.08258638079773736,0.5830776424022899,-0.34556441428956286
ENSSSCG00000002933,0.2639172225104731,0.469537785443391,0.5444999050597706,1.2779549130136347,-0.1094893284570118
ENSSSCG00000002935,0.37039245441328233,0.5690922897343683,0.7112195843734006,1.6507043285210512,-0.14725134020617303
ENSSSCG00000002937,0.26227444945108586,0.5024066855221988,0.2602307194523354,1.0249118544256202,0.06888479628370046
ENSSSCG00000002938,0.27113884078598544,0.756006516933417,0.6890843081583622,1.7162296658777647,-0.18755745513968128
ENSSSCG00000002954,0.7924859463557381,1.042660861180606,0.8379027312557414,2.6730495387920854,0.09784434208514123
ENSSSCG00000002962,0.1794375993518381,0.5959538859711097,0.5703678222305238,1.3457593075534717,-0.23929989507408247
ENSSSCG00000002963,0.4588226816080948,1.5803529805753844,1.2901574827563207,3.3293331449398,0.17239648327052906
ENSSSCG00000002965,0.24244696830334786,0.9645489293981498,0.9712807232406339,2.1782766209421314,-0.11437178655387917
ENSSSCG00000002969,0.8622048474946383,2.3918316634924404,1.9071864446832427,5.161222955670321,-0.011324594481318844
ENSSSCG00000002988,0.2617298862022849,0.7085988067131325,0.9527413461800329,1.9230700390954503,-0.038037877556344885
ENSSSCG00000002989,0.20865721774626897,0.5946364414276912,0.5085195361030245,1.3118131952769847,-0.16549606466387026
ENSSSCG00000002996,0.1626806307318441,0.8810860238751159,0.9235222989036934,1.9672889535106535,-0.03638918462351483
ENSSSCG00000002998,1.129526473682604,0.704052523277904,0.9100215353363277,2.7436005322968358,0.0677634298360321
ENSSSCG00000003015,1.0395808250901835,1.2339518807164844,0.6201749241644593,2.893707629971127,0.08278071784158797
ENSSSCG00000003016,0.09715366591115006,0.5573989957913131,0.46898672843547295,1.1235393901379362,-0.017948803686610938
ENSSSCG00000003030,0.18185852659068472,0.4952088451334648,0.3320519159400647,1.0091192876642143,-0.12152517688593802
ENSSSCG00000003035,0.32897313634744696,1.039800742260161,1.0294668443199793,2.3982407229275875,-0.2577706110115392
ENSSSCG00000003037,0.16220533554908825,0.3599754178631748,0.4516133283187955,0.9737940817310585,-0.07191793017167378
ENSSSCG00000003042,0.27283838540758526,1.6188822085827899,1.4887292313259008,3.3804498253162762,0.149455669472681
ENSSSCG00000003045,0.07630712562099323,0.6767489149765606,0.7295444869145264,1.4826005275120804,-0.05244423932553507
ENSSSCG00000003055,0.08165048128750281,0.23051612720431341,0.26835683603340427,0.5805234445252205,-0.01900753107036441
ENSSSCG00000003062,0.18168863879944325,1.0148317042781487,1.0393167740712579,2.23583711714885,-0.30487780014774907
ENSSSCG00000003063,0.2130398788697014,0.2685840279243428,0.281497301828526,0.7631212086225703,-0.11767603551040126
ENSSSCG00000003070,0.6470482189807364,0.42739884546304346,0.8111883624565025,1.8856354269002824,-0.1336970241233882
ENSSSCG00000003072,0.4762315999371395,0.6756088686556951,1.0602376447193218,2.2120781133121565,-0.33111515905034344
ENSSSCG00000003076,0.7032698160198219,0.7007323733232382,1.2038866978524705,2.6078888871955304,-0.08797905032943748
ENSSSCG00000003090,0.11321392753061303,0.7329395797483602,0.7685469455240826,1.614700452803056,0.13948257167895775
ENSSSCG00000003103,0.16911864271875232,0.38124277216426355,0.5433179822236998,1.0936793971067156,0.0022749179576083346
ENSSSCG00000003104,0.3532483423444038,0.97587475568071,0.7591922106823054,2.0883153087074193,-0.1784661555953151
ENSSSCG00000003105,0.4783522953989801,0.6180287523329739,0.5194514032831404,1.6158324510150943,-0.34174359609776955
ENSSSCG00000003106,0.31860444895262585,1.4407405083944518,1.5214645630823642,3.280809520429442,0.10912400998579797
ENSSSCG00000003107,0.35994741093212684,0.32661204346878986,0.5684404967211178,1.2549999511220347,-0.09294134381164466
ENSSSCG00000003110,0.09219034885615135,1.3922344840671845,1.3512531089207849,2.8356779418441205,-0.20380607759140143
ENSSSCG00000003111,0.8935906104176286,1.136753899943436,1.2985447466667432,3.3288892570278077,-0.0012816621524468661
ENSSSCG00000003115,0.1637779287595379,0.641118882038059,0.6592294486746846,1.4641262594722815,-0.21459662183514236
ENSSSCG00000003120,0.7377398998683162,1.0032628775209027,1.0133033601678474,2.7543061375570663,0.04092420504843901
ENSSSCG00000003132,0.465352755952073,1.0901206714517389,1.1204394215144506,2.675912848918262,0.05617750783460596
ENSSSCG00000003134,0.08471594018878682,1.0025399196279954,0.9502300034792213,2.037485863296004,0.05979932511968694
ENSSSCG00000003135,0.22780887997951907,0.7772832346794658,0.7257780987710608,1.7308702134300455,-0.022368207851544183
ENSSSCG00000003136,0.16023257369939325,0.6229339334399729,0.5144450299320942,1.2976115370714605,-0.030260271251859483
ENSSSCG00000003139,0.16172519714469946,0.5477271742748777,0.47168334854144867,1.1811357199610257,0.14162992811942862
ENSSSCG00000003150,0.6959249531048005,0.9088471569072492,0.49040253645414045,2.09517464646619,0.10721197739556523
ENSSSCG00000003152,0.5612803995760406,0.9123296957358196,0.8017787014111459,2.275388796723006,0.11370847997846549
ENSSSCG00000003153,0.9503582265043269,1.3771980163353055,1.816607366264507,4.144163609104139,0.055157979162193324
ENSSSCG00000003154,0.8793026795372401,2.696491713561085,3.0873785097027406,6.663172902801065,0.044079280859574514
ENSSSCG00000003155,0.16684095672641663,0.9212679824069787,0.9431923579784277,2.031301297111823,0.03229747137577664
ENSSSCG00000003165,0.6029081159364605,1.6781993556576538,2.0514164329014766,4.332523904495591,0.1525989266999112
ENSSSCG00000003168,0.12162484195309262,0.3548314080365573,0.24377556565441327,0.7202318156440632,0.02221253459869737
ENSSSCG00000003169,0.1334461516282104,0.6743916567345564,0.5745222185877139,1.3823600269504808,0.09110481384948663
ENSSSCG00000003170,0.7119237329731813,0.2651008773755597,0.7783626432304388,1.7553872535791797,-0.1422757495546119
ENSSSCG00000003189,0.6821841417415714,1.289450451239885,1.312583204273749,3.2842177972552054,0.030195658967959154
ENSSSCG00000003194,0.2619621255359058,0.732074994139468,0.5369405253604512,1.530977645035825,-0.004701877763390967
ENSSSCG00000003195,0.10352376344992119,0.5489601951857139,0.46537532325731656,1.1178592818929518,0.04510908084228614
ENSSSCG00000003196,0.09291254274288376,0.7548978327298314,0.7183558145144552,1.5661661899871704,-0.09350349514336605
ENSSSCG00000003197,0.15354654850109112,1.204974526780812,1.0995496183694398,2.458070693651343,-0.3374529508528035
ENSSSCG00000003211,0.4247744868983148,1.2682625995047072,0.9603754599181081,2.65341254632113,-0.05592596044716434
ENSSSCG00000003214,0.15657449697842168,0.3760939376915281,0.5195602177593472,1.052228652429297,-0.07297502922174981
ENSSSCG00000003229,0.4043599896960984,0.9517937015883315,0.782082089201808,2.1382357804862377,0.29893167628095657
ENSSSCG00000003241,0.23201079827111593,0.38756480806041044,0.3992276846508274,1.0188032909823537,-0.0931399705119383
ENSSSCG00000003253,0.8267165635552632,0.6439633059618829,1.1681023802287465,2.6387822497458924,-0.05526150012846086
ENSSSCG00000003262,0.2625916998235008,0.25704631095705444,0.34319622228376045,0.8628342330643156,0.001598107049515397
ENSSSCG00000003263,0.09436388600391132,0.643447329578556,0.5528336404897022,1.2906448560721695,0.040273612441313424
ENSSSCG00000003264,0.3444819044144651,1.0964164356290282,1.0487248550040567,2.48962319504755,-0.09326984474244314
ENSSSCG00000003265,0.3441022891727612,1.1922074948980153,0.9727404349612249,2.509050219032001,-0.09025719735771752
ENSSSCG00000003266,0.45013406002597306,0.1594733797279901,0.5459226282887942,1.1555300680427574,-0.01932139356761003
ENSSSCG00000003288,0.7514720334213794,0.6495238311182645,0.3883519607959154,1.7893478253355592,0.13386989141951583
ENSSSCG00000003303,0.7803428143549624,2.215432099338809,2.7620538603398477,5.757828774033619,-0.4694295016480593
ENSSSCG00000003307,0.5364951331702328,2.024512702362257,1.6401371450459095,4.201144980578399,-0.546025026011643
ENSSSCG00000003314,0.46316364941270927,2.1610204842565564,1.9684439847494157,4.5926281184186815,-0.36960961982772406
ENSSSCG00000003315,0.23569268227674353,0.8762189779675941,0.7613501279655125,1.8732617882098501,-0.17053351023474714
ENSSSCG00000003324,0.09114709159318925,0.4623937943464543,0.41372270337868056,0.9672635893183241,-0.08269327430743689
ENSSSCG00000003334,0.6605035455420953,0.9215566323838592,0.8774232831183927,2.4594834610443472,-0.11116262475686498
ENSSSCG00000003341,0.19075146763377024,0.4078564959763041,0.32181944499278814,0.9204274086028624,-0.04707510296762359
ENSSSCG00000003352,0.46840305224369355,1.6431813485386122,1.3189501812506366,3.4305345820329425,-0.16479579553971813
ENSSSCG00000003353,0.12848999964850832,0.3024494124719582,0.3466906262491242,0.7776300383695908,-0.12994432698713773
ENSSSCG00000003354,0.19936181528305194,0.7003092327409884,0.7455091600595406,1.645180208083581,0.015307085126898684
ENSSSCG00000003359,0.44046909095438075,0.31870286598505343,0.6601864729079804,1.4193584298474144,0.10124262821543416
ENSSSCG00000003360,0.31023403762857626,0.46253913965634397,0.35615436980132725,1.1289275470862474,-0.10107775488753505
ENSSSCG00000003368,0.5402867274988505,1.1661685204407055,0.7687652365489713,2.4752204844885273,-0.08301092585832526
ENSSSCG00000003369,0.16311380596743877,1.8720773736029066,1.9359253957101483,3.9711165752804938,0.11277049674248396
ENSSSCG00000003377,0.46586730513872815,0.7438474164873159,0.43867762520570275,1.6483923468317467,0.09539216041999402
ENSSSCG00000003383,0.36960229764272357,0.4729728130879392,0.3005399918113825,1.1431151025420452,-0.1564157300645363
ENSSSCG00000003384,0.2533103437054291,1.064130153026965,1.044093045481646,2.36153354221404,0.04791110764213855
ENSSSCG00000003385,0.5320271913421791,1.3649992074879722,0.9532721697260956,2.850298568556247,0.11096038909709588
ENSSSCG00000003395,0.19930664782821056,0.5738282897729906,0.7239225063585344,1.4970574439597355,-0.019772871654766117
ENSSSCG00000003396,0.29034013471470727,0.5744748083417013,0.5590135102489703,1.4238284533053789,-0.22790366088718275
ENSSSCG00000003398,0.46239653389345037,0.511196258575757,0.919711503744795,1.8933042962140023,-0.15759908875056103
ENSSSCG00000003400,0.348268321264078,0.5784575395017553,0.7808941556786297,1.707620016444463,-0.18840093733641586
ENSSSCG00000003401,0.4132309523652729,0.3282402018960546,0.5278804363099899,1.2693515905713175,-0.15188925256034067
ENSSSCG00000003402,0.571722204331097,0.7781130849734563,0.5447711042941141,1.8946063935986674,0.06451467962744406
ENSSSCG00000003403,0.35788440237567415,1.0285121298670035,0.9429816341030152,2.329378166345693,-0.10691729754637626
ENSSSCG00000003410,0.19486855404715384,0.6313401788051197,0.4843672130292086,1.310575945881482,0.06317655628590428
ENSSSCG00000003412,0.17394862904420935,0.6650303558286674,0.5758054002484263,1.4147843851213031,-0.0563257762252144
ENSSSCG00000003413,0.17904215827644174,0.4767612002149647,0.43051839523036617,1.0863217537217726,-0.06645547577911001
ENSSSCG00000003434,0.2249545282262743,0.5891324939079667,0.4092922049063242,1.2233792270405652,-0.06391077267721727
ENSSSCG00000003438,0.10703853202532752,0.7116154084401306,0.6281847653865222,1.4468387058519805,-0.12161308655372872
ENSSSCG00000003444,0.8158076998359615,1.0552632992494493,1.550797176053588,3.4218681751389988,-0.12552387629975084
ENSSSCG00000003455,0.3266061162970162,0.5975596752205489,0.6412014604560402,1.5653672519736053,-0.12055893725986226
ENSSSCG00000003458,0.17449482541599542,0.4145910985666273,0.4693957834326973,1.05848170741532,0.020124809360846485
ENSSSCG00000003461,0.40505112556363765,0.5720869358414458,0.7255884742014306,1.702726535606514,-0.08470362453873857
ENSSSCG00000003464,0.6251009528461843,0.600896018752139,0.44725476878999537,1.6732517403883187,-0.20018452071570836
ENSSSCG00000003465,1.012556990203219,0.9699052373065613,1.7560330055399669,3.738495233049747,0.019564145308263694
ENSSSCG00000003468,0.09224444259868553,0.95525100126615,0.8826456010178729,1.9301410448827085,-0.19289197513904421
ENSSSCG00000003471,0.40656686165245604,0.5680892593456264,0.9005188777070104,1.8751749987050927,-0.06061492338980312
ENSSSCG00000003477,0.37489087281278144,0.6316278574326364,0.7289038762140638,1.7354226064594815,-0.033848982196320945
ENSSSCG00000003479,0.360929868132993,0.7967178943556653,0.6513409165335365,1.8089886790221947,-0.20392699335512926
ENSSSCG00000003484,1.0336488007117552,0.2600052642738961,1.2278614117882436,2.521515476773895,-0.5707537843390729
ENSSSCG00000003485,0.5881761188421784,0.856158095682802,0.9013382120095352,2.3456724265345157,-0.11377136503536561
ENSSSCG00000003488,0.19678383140527944,0.6984928830522278,0.6884549696898196,1.5837316841473268,-0.01983019543655985
ENSSSCG00000003489,0.36143306928657,0.5594485329212991,0.4844364435879617,1.405318045795831,-0.02439834935357348
ENSSSCG00000003493,0.30704807657754324,0.8380795018831779,0.6233814519350167,1.7685090303957378,0.038540441965609976
ENSSSCG00000003505,0.21532529736761863,1.3772346861947264,1.2428799299903146,2.8354399135526593,0.1682694757546224
ENSSSCG00000003506,0.29248098373959236,0.49030358103557425,0.3544268534010868,1.1372114181762534,-0.1984961859792475
ENSSSCG00000003511,0.3886256131192011,0.5384072740975436,0.37942532451052396,1.3064582117272687,-0.3050258219829132
ENSSSCG00000003512,0.2791582187752114,0.7801817986815092,0.8880550276737588,1.9473950451304796,-0.2145037399299616
ENSSSCG00000003520,0.25938824394587995,1.1514743050706324,0.9258856815329221,2.3367482305494343,0.051434210892261197
ENSSSCG00000003527,0.1511937343907438,0.5263213992837955,0.47217217422542906,1.1496873078999683,-0.0563833006797338
ENSSSCG00000003531,0.49568570438442217,0.4822957248928972,0.4840778188586384,1.4620592481359578,-0.10057493400423326
ENSSSCG00000003532,0.3706469727572247,1.3027525532419217,1.1824288360641415,2.8558283620632876,-0.06348502375752033
ENSSSCG00000003549,0.1348207065019554,0.5121690392630348,0.4563484016938623,1.1033381474588526,-0.3148354914746725
ENSSSCG00000003551,0.6167848922399128,0.3843107221341266,0.9339823359952882,1.9350779503693278,-0.25515179172215147
ENSSSCG00000003552,0.9890881887113369,0.635529078606146,1.4426172647628672,3.0672345320803505,-0.14503578179830312
ENSSSCG00000003553,0.9491412219823355,0.5762309183484485,0.986644423429608,2.512016563760392,-0.2390166966244767
ENSSSCG00000003555,0.542999391532368,0.9390936979558357,1.3941838779121931,2.876276967400397,0.07016307827334872
ENSSSCG00000003557,0.19785133431944749,0.3610519408845715,0.47649218943067045,1.0353954646346895,-0.07080135281375764
ENSSSCG00000003559,0.23682033757537557,1.0841433678725,0.9764241429228686,2.297387848370744,-0.21106772720252148
ENSSSCG00000003561,0.09934717880355794,1.2894290990433939,1.230902259685416,2.619678537532368,-0.03177295438269154
ENSSSCG00000003566,0.5054827408255732,1.1789433559130729,1.1940572460186023,2.8784833427572485,0.22776011865512721
ENSSSCG00000003569,0.3579202207680152,1.02250647447306,0.9253125936964792,2.3057392889375548,-0.2305005527944471
ENSSSCG00000003570,0.2394813457629048,0.6778466307326854,0.5496865248406511,1.4670145013362412,-0.10489492147164947
ENSSSCG00000003577,0.3465782930728721,1.2360322970570503,1.0665771514409623,2.6491877415708847,-0.11170036656947385
ENSSSCG00000003580,0.623298574647239,0.5995841125462132,0.30015093959143074,1.523033626784883,-0.19342224091985957
ENSSSCG00000003583,0.47909687156197106,0.9029203608225738,1.0990316918213794,2.481048924205924,-0.004256454327693971
ENSSSCG00000003586,0.5678889694015413,0.9157639783161907,0.7216856609603615,2.2053386086780935,-0.20037812805305763
ENSSSCG00000003589,0.1821269182846366,0.8985105794472388,0.7862737171487063,1.8669112148805818,0.05991146609039548
ENSSSCG00000003590,0.509145263508659,0.8434356425042404,0.43572232103390285,1.7883032270468022,-0.22195366982252968
ENSSSCG00000003591,0.31710281460015693,0.7472870976954834,0.8574842860111392,1.9218741983067797,0.023159049570786242
ENSSSCG00000003596,0.5448377750568307,0.290869220314115,0.5711965030678545,1.4069034984388002,-0.02355745632278856
ENSSSCG00000003612,0.5958098358704249,0.9728675241530347,1.1687298733450813,2.7374072333685406,0.1405009747386478
ENSSSCG00000003613,0.07167316325911229,0.736446032962165,0.7390435839044698,1.5471627801257473,0.05950628850182469
ENSSSCG00000003617,0.5049510769620622,0.6051729917538142,0.2888128227675763,1.3989368914834528,-0.10179280637342558
ENSSSCG00000003619,0.23419868164218358,0.6813766443380225,0.914600868478096,1.8301761944583022,-0.4657854481501238
ENSSSCG00000003627,0.42254894223285416,0.34140991264407144,0.6096520082406826,1.3736108631176083,-0.06909102435274406
ENSSSCG00000003628,0.5397440292889834,0.9639971166742742,0.8466367232670489,2.3503778692303063,-0.1439646881013355
ENSSSCG00000003630,0.158335574860206,0.7047712262459013,0.5817648888760413,1.4448716899821485,-0.09056724510509419
ENSSSCG00000003637,0.09493439507313085,0.6367631862656934,0.5775735527413283,1.3092711340801526,-0.12434329947202019
ENSSSCG00000003642,0.2893860065648771,0.2559972778516184,0.4862732031556012,1.0316564875720968,-0.10581097078471123
ENSSSCG00000003643,0.328601129697572,1.2138514425916695,1.3738697182793604,2.916322290568602,-0.05037230882936519
ENSSSCG00000003645,1.2979395228104913,0.8790883644272892,0.9394744030425265,3.116502290280307,-0.16413514805816998
ENSSSCG00000003648,0.9039718633384317,0.6109687756314622,0.9991429697740344,2.5140836087439284,-0.07854387090813511
ENSSSCG00000003652,0.9559612721826578,0.8641301476803932,0.6212469476403117,2.441338367503363,0.013719499000923303
ENSSSCG00000003653,0.2914368008730224,1.791574563814103,1.6799195694334683,3.7629309341205937,0.1194585326871285
ENSSSCG00000003654,0.5867068669476986,0.8427637991607213,1.1682687501499414,2.597739416258361,-0.05178603529038234
ENSSSCG00000003660,0.7412042413715942,1.0402552082976466,1.1205278062949118,2.9019872559641526,0.0037160252623792242
ENSSSCG00000003664,0.5254988932930001,0.9333407758294107,0.7586989124394891,2.2175385815618998,-0.01922811095592642
ENSSSCG00000003667,0.49941424754078473,0.2698255754118741,0.45355937620855763,1.2227991991612164,0.0423482113601279
ENSSSCG00000003669,0.4530195438115354,0.5387336644973791,0.9592578922851009,1.9510111005940156,-0.1675896169083292
ENSSSCG00000003670,0.7961364989856015,0.7282152882798617,0.5782980240338768,2.10264981129934,-0.18874501686206638
ENSSSCG00000003672,0.6724741280306448,1.1613096477297107,1.0314521458134451,2.8652359215738006,0.19227813083041725
ENSSSCG00000003673,0.728477851731673,0.6839275439188296,0.34328693171624797,1.7556923273667506,-0.11565282984441003
ENSSSCG00000003679,0.5191008726730845,0.3081369132701669,0.6906742407321173,1.5179120266753685,-0.24004043920730272
ENSSSCG00000003680,0.6652414335965787,1.3077145035927649,1.519007925884568,3.4919638630739116,-0.1914075863293751
ENSSSCG00000003682,0.7280779953613564,0.8947535240191543,0.4882203769380901,2.111051896318601,-0.25445995901924157
ENSSSCG00000003684,0.09835275180682712,0.7325379165612907,0.7549050542833495,1.5857957226514674,-0.1812365697262587
ENSSSCG00000003687,0.12613629444563648,0.6203604446868082,0.7063043256904262,1.4528010648228709,-0.251079274689135
ENSSSCG00000003691,0.9048978992858656,1.7908805190523225,1.1585524347171003,3.854330853055288,0.0361029359160135
ENSSSCG00000003694,0.12348824311632663,0.6870348541478738,0.7412187894248567,1.551741886689057,-0.253052797477902
ENSSSCG00000003697,0.5761941275344126,0.47939591909220947,0.354764518072206,1.410354564698828,-0.193898158976454
ENSSSCG00000003699,0.1421126408146071,1.1454757974893033,1.2864222241322634,2.574010662436174,-0.4612730080492559
ENSSSCG00000003700,0.7911664654978867,0.5389264583732137,0.9317413952210708,2.2618343190921713,-0.0735314541800016
ENSSSCG00000003701,0.4651438333488615,1.7817985050511769,1.6628414391101956,3.909783777510234,0.003603510252652532
ENSSSCG00000003702,0.527912515128862,0.9486200296482639,1.0154438536086918,2.491976398385818,0.10277559094419328
ENSSSCG00000003707,0.23133208743313347,1.541125001992363,1.4850593583766643,3.2575164478021605,-0.1891034322635755
ENSSSCG00000003709,0.3580894530059909,0.5860891847208091,0.7242267263670094,1.6684053640938092,-0.302737145067359
ENSSSCG00000003710,0.22804994509882612,0.9331970798520022,0.9657419070911458,2.126988932041974,-0.14181908042120978
ENSSSCG00000003712,0.7772206354704072,0.46644962728564443,0.6526127870559172,1.8962830498119687,-0.09567246589910587
ENSSSCG00000003713,0.4290145352454896,0.4264634689685703,0.37759884398723276,1.2330768482012928,-0.06822452381522083
ENSSSCG00000003715,0.12317102569072141,0.5582994932182552,0.6001988990781199,1.2816694179870964,-0.1293959469055017
ENSSSCG00000003716,0.38700797032727363,0.5562063426837325,0.5147718130906904,1.4579861261016966,-0.0863075420573098
ENSSSCG00000003717,0.3842817138424829,1.064510796465156,1.084057912984276,2.532850423291915,-0.33350743788912934
ENSSSCG00000003718,0.8655506065116129,0.8320887557741968,0.9990313391390784,2.696670701424888,-0.26562352931802874
ENSSSCG00000003728,1.1988615142524035,1.2636975075815662,0.4505310933142477,2.9130901151482176,-0.13696923031867544
ENSSSCG00000003730,0.564120371857822,0.585492469596482,0.7572792185721419,1.906892060026446,0.006273158324236781
ENSSSCG00000003731,0.28034313190468085,0.42872438008452435,0.6246832422839234,1.3337507542731286,-0.03200416405556069
ENSSSCG00000003732,0.21414095755678425,0.49357665552273633,0.3742125221574775,1.081930135236998,-0.2745963789297283
ENSSSCG00000003736,0.3583071867264396,0.4769370818333944,0.7391494670865428,1.5743937356463769,-0.18410102757594787
ENSSSCG00000003737,0.7250465183123217,2.009729160084026,2.5338476798325167,5.268623358228865,-0.2972774461922882
ENSSSCG00000003738,0.4959434488986661,0.8693691099853016,0.6968716015823319,2.0621841604662996,-0.2661133388533545
ENSSSCG00000003743,0.7419060154110199,0.47200457240282495,0.49638807631510456,1.7102986641289493,0.002934018420815605
ENSSSCG00000003749,0.4181445495751705,0.9331235074409664,0.6938157167046847,2.0450837737208216,-0.108860059024989
ENSSSCG00000003755,0.3341307920254479,0.3819567995547254,0.2742007140374391,0.9902883056176124,-0.0038256131695582024
ENSSSCG00000003756,0.19167741040482303,0.49154916807101645,0.40535231170526914,1.0885788901811086,-0.10586055846009548
ENSSSCG00000003757,0.6863250560641976,0.9817942760184967,1.6410839454724928,3.309203277555187,-0.33689864024697935
ENSSSCG00000003758,0.9453604008926901,1.8222936476138658,1.2276794531549293,3.9953335016614853,-0.4571191096636777
ENSSSCG00000003760,0.07893649018189734,0.9492771265504322,0.9673341897319139,1.9955478064642433,-0.2619690826363155
ENSSSCG00000003761,0.0926086059941558,0.5195123689945934,0.5532561936470577,1.165377168635807,-0.0327034602120738
ENSSSCG00000003766,0.1599520714571684,0.5962500394388528,0.6897827765119169,1.445984887407938,-0.28046600201345073
ENSSSCG00000003768,0.2975691372341347,0.29342462937866975,0.351314130811922,0.9423078974247264,-0.5214532103343533
ENSSSCG00000003770,0.24680965507430772,0.417876028106068,0.5759021479051858,1.2405878310855614,-0.11401782412338436
ENSSSCG00000003771,0.3122317096013196,0.6496260044647197,0.853697753174392,1.8155554672404315,-0.04132171600573017
ENSSSCG00000003772,0.4120500664022032,0.8824744203195202,0.596954156628333,1.8914786433500563,-0.06363809088674172
ENSSSCG00000003775,0.6101161323520424,1.6219602286064418,1.2194786064556764,3.4515549674141606,0.11743927558799276
ENSSSCG00000003776,0.7151420975929895,1.23088796261144,1.5214820564892864,3.4675121166937157,-0.0014717977331322005
ENSSSCG00000003777,0.1182289839014329,0.7953434308913244,0.7399068833463336,1.653479298139091,-0.21721138563935563
ENSSSCG00000003778,0.2549670251241596,0.7934445722834638,0.7516039213591206,1.800015518766744,-0.43254579839053847
ENSSSCG00000003779,1.1158329833860523,0.4991538518847784,0.7752085984351953,2.390195433706026,0.07498912670910925
ENSSSCG00000003780,0.6007602432907894,0.5094463136150834,0.4453337200308849,1.5555402769367577,-0.0003594658912838291
ENSSSCG00000003784,0.5950187550011962,1.219887853298727,0.9968410079359039,2.811747616235827,-0.17764852016271532
ENSSSCG00000003787,0.623751271954857,1.2800141224518207,0.8365391235759301,2.740304517982608,-0.027668517208662455
ENSSSCG00000003789,0.07308966557330505,0.6245139697091525,0.5926453525798164,1.290248987862274,0.13380719758921195
ENSSSCG00000003790,0.6653639463858536,0.8353278461537067,0.21372021086030657,1.7144120033998669,-0.20481997473284058
ENSSSCG00000003791,0.6871534624699435,0.951535127019297,1.1439162714365396,2.78260486092578,0.005781100766585253
ENSSSCG00000003792,1.478699078088109,0.6243824514529864,1.734482290366069,3.8375638199071647,-0.2066919571471421
ENSSSCG00000003795,0.4745854185248917,0.38131398734152727,0.334554016278294,1.190453422144713,-0.2949679600972695
ENSSSCG00000003798,0.6180737230081775,0.21276596769293346,0.6306911217058351,1.461530812406946,0.015863478866966433
ENSSSCG00000003799,0.07888214230934663,0.7287241692620499,0.806062820217945,1.6136691317893415,-0.008043702442621821
ENSSSCG00000003806,0.26386803277839094,0.5185933546413604,0.705686543883255,1.4881479313030064,-0.11985912266117463
ENSSSCG00000003807,0.2120460367640323,0.4398297768635292,0.5931452832885203,1.2450210969160818,-0.2955078745542142
ENSSSCG00000003809,0.40808450450447326,0.8060356772487626,0.7785098568228133,1.9926300385760491,-0.35040265262177633
ENSSSCG00000003810,0.3212702446340838,0.7094059169976085,0.6890587466048504,1.7197349082365427,-0.16096747030459516
ENSSSCG00000003814,0.11508557582029263,0.35201323333522516,0.2497924219645475,0.7168912311200654,-0.007877867018056104
ENSSSCG00000003815,0.37301768557969545,0.8127499404468148,0.4827782469763952,1.6685458730029055,-0.0375656029943443
ENSSSCG00000003818,0.31845078599680904,0.5542146031702109,0.46627338119084677,1.3389387703578668,-0.2737580566270397
ENSSSCG00000003820,0.17467407397081025,1.1739939107788124,1.2200096918683359,2.568677676617958,-0.19204196424099768
ENSSSCG00000003825,0.18343411803022946,0.7729108440107705,0.8531867461835184,1.8095317082245184,-0.25948764794287554
ENSSSCG00000003826,0.6188398042199968,0.49657545973424416,0.4413546970865955,1.5567699610408365,-0.2234915449030907
ENSSSCG00000003828,0.16026308516023957,0.44626171023057576,0.5252186992676647,1.1317434946584801,-0.11356815816524535
ENSSSCG00000003830,0.9101537193743955,1.1679196220589383,0.6415856860716186,2.7196590275049526,-0.24843256403678352
ENSSSCG00000003831,0.3451856786143977,0.8742780085071454,0.6069726769330693,1.8264363640546124,-0.22765859974322972
ENSSSCG00000003832,0.31577952562737216,0.444317732685036,0.40427199594175006,1.1643692542541582,-0.11496127240264287
ENSSSCG00000003833,0.41826930906578424,0.4446700187144397,0.7179461629564426,1.5808854907366667,-0.0865781467745955
ENSSSCG00000003844,0.21484360290752388,0.9309987687776038,0.9394521442094175,2.085294515894545,-0.08496949844212452
ENSSSCG00000003845,0.23838922444669963,0.9989201608593884,1.074090260579224,2.311399645885312,-0.039404535061319114
ENSSSCG00000003849,1.02695781998187,0.997531588355064,0.7729105095843899,2.797399917921324,-0.07114022437697273
ENSSSCG00000003851,0.47964813161541503,0.6863907940211497,0.3148209134935848,1.4808598391301495,-0.1436285179620247
ENSSSCG00000003854,0.2845328596507406,0.7476446721830247,0.8185513897634742,1.8507289215972396,-0.030605657918849498
ENSSSCG00000003857,0.5746614796900191,1.018338727587165,0.9896970512855452,2.582697258562729,-0.35459220794041646
ENSSSCG00000003859,0.06938979489138765,0.2860453701586224,0.26636576698157927,0.6218009320315894,-0.06938699318779191
ENSSSCG00000003861,1.131409223387162,0.6042617596551231,0.6412062343363606,2.3768772173786457,0.001988904368469134
ENSSSCG00000003862,0.15337394626777343,0.3918865569638068,0.3748078851143356,0.9200683883459159,-0.013677719593684216
ENSSSCG00000003863,0.4847842044386655,0.6384378285926188,0.5639789505064888,1.6872009835377733,-0.25179770122276146
ENSSSCG00000003870,0.5279577388470958,0.2815904549455811,0.43003913370451263,1.2395873274971896,-0.10780711594216741
ENSSSCG00000003872,0.22850900890894568,0.531821385327857,0.4443106618272665,1.2046410560640692,-0.18937673435853253
ENSSSCG00000003877,0.7441399075714186,0.38430775105193044,0.773682819846059,1.902130478469408,-0.07061204061524547
ENSSSCG00000003881,0.14500807511684286,0.6343399594058327,0.6023604967026741,1.3817085312253496,-0.05226046165818665
ENSSSCG00000003885,0.2816598974570333,0.4556833128855743,0.6322517403542507,1.3695949506968583,0.040479382631412625
ENSSSCG00000003888,0.4721959658880483,0.14875966551577052,0.43445170996516164,1.0554073413689804,-0.21153014712345092
ENSSSCG00000003895,1.2247132154718388,2.1687149780122015,3.1839349160652586,6.5773631095492995,-0.21342802831878008
ENSSSCG00000003898,0.4123455366771056,0.25627429283021275,0.45528795514985104,1.1239077846571695,-0.19023847576248729
ENSSSCG00000003903,1.4242169761267536,1.3104227251215788,1.008009316627029,3.7426490178753613,0.13172367818574762
ENSSSCG00000003905,0.1679308867010387,0.8305132145962509,0.8560970211827756,1.8545411224800654,-0.060223141878646476
ENSSSCG00000003908,0.17040218504686364,0.577095042990416,0.6171826933710262,1.3646799214083059,0.04509993153191492
ENSSSCG00000003909,0.26086560084835375,0.48392510268272904,0.623499306353559,1.3682900098846418,-0.42890092056620926
ENSSSCG00000003914,0.39531323974641025,1.3436153091406904,1.5527700190905274,3.291698567977628,0.11308687466395642
ENSSSCG00000003917,0.4334865637965333,0.7845674360131498,0.8692904635266271,2.08734446333631,-0.1245188885776825
ENSSSCG00000003918,0.6680335815321168,0.38776151803198816,0.7749846709261461,1.830779770490251,-0.049984420797364815
ENSSSCG00000003921,0.21159040481696884,0.5710171572924806,0.5426080729618626,1.325215635071312,-0.16100147569872394
ENSSSCG00000003928,0.46426361483606826,0.6284950246296118,0.2620809563206359,1.354839595786316,-0.24177522446448454
ENSSSCG00000003930,0.1348331733543971,2.1815271929503823,2.1033455489326247,4.4197059152374045,0.1893977112400828
ENSSSCG00000003931,0.6812164974684702,0.7237701833840706,1.0068431336693802,2.411829814521921,-0.13222653661605163
ENSSSCG00000003941,0.08882092323137702,0.5106176520135032,0.5950445777895823,1.1944831530344624,0.0057352511427141515
ENSSSCG00000003943,0.6394126349094513,0.6519941540477697,0.7065817978847536,1.997988586841975,0.12737138521001945
ENSSSCG00000003949,0.7666826908369885,1.5098447683219192,1.0567897455976252,3.3333172047565327,0.041103642312136195
ENSSSCG00000003964,0.5594074314329617,1.1046248182599034,1.051893290321696,2.7159255400145614,0.040854916864384146
ENSSSCG00000003966,0.11301128348194328,0.7166420903418979,0.6548980681384978,1.484551441962339,0.04726741492860625
ENSSSCG00000003968,0.5853920613037916,1.0335310635656845,0.5942159971969225,2.2131391220663987,-0.37373734789102053
ENSSSCG00000003971,0.15394916640820666,0.580746418821453,0.6073998335062316,1.3420954187358913,-0.218239460159909
ENSSSCG00000003973,0.40015374899395717,0.9418082684840451,0.9032459873271734,2.2452080048051757,0.008901895730509212
ENSSSCG00000003976,0.22709895139413966,0.9180508194984776,0.9177492608426304,2.0628990317352476,-0.03157260471777808
ENSSSCG00000003981,0.1308123778377841,0.2304142966566983,0.14642406333939162,0.507650737833874,-0.24820196570973568
ENSSSCG00000003983,0.22361135738649524,0.9409826470554168,0.8266436325004178,1.99123763694233,-0.08366772174507486
ENSSSCG00000003984,0.47586084649915705,0.3564152312234416,0.33539599410791116,1.1676720718305098,0.06873661343883551
ENSSSCG00000003988,1.1651544703385213,1.2664483624891767,0.8828022316437384,3.3144050644714365,-0.15497083161482356
ENSSSCG00000003989,0.4965977926916082,0.6286271625315107,1.0740703402459786,2.1992952954690974,-0.03221925790758944
ENSSSCG00000003990,0.10109039463363047,0.3637547466208692,0.4608619207559752,0.9257070620104748,-0.011758523810806137
ENSSSCG00000003995,0.5266010142624863,0.17301659347971868,0.6657893243634473,1.3654069321056523,-0.21002429799334418
ENSSSCG00000004002,0.15899767042138394,1.6812595092654397,1.559134718130861,3.3993918978176847,0.16670626034658284
ENSSSCG00000004008,0.12777674055509117,0.7803435065399734,0.7591283833192716,1.6672486304143361,6.516643005098918e-05
ENSSSCG00000004018,0.11684198656147098,1.3108999836736186,1.2696037695480398,2.6973457397831293,-0.02683784929952939
ENSSSCG00000004020,0.3709436330496635,1.4853708171113136,1.3279705470511833,3.1842849972121607,0.10966722370665856
ENSSSCG00000004023,0.22426255593680586,0.6692403386466316,0.7620933917456464,1.6555962863290838,-0.2867153278512991
ENSSSCG00000004029,1.1344440729711966,0.4446454116766527,0.9792598853305201,2.5583493699783695,-0.09709589256356131
ENSSSCG00000004032,0.1719196908138771,0.20001560303812108,0.2956775137824301,0.6676128076344283,-0.12324781662697873
ENSSSCG00000004033,0.4301265040968735,0.5617441163446525,0.28934075287306465,1.2812113733145907,0.046568353946224425
ENSSSCG00000004037,0.5144753894252491,0.6905031152910452,0.5270961144312876,1.7320746191475818,-0.31660730153510874
ENSSSCG00000004044,0.10139652641486402,0.7406044456452785,0.7251021049206547,1.5671030769807972,-0.06087025323923532
ENSSSCG00000004046,0.5577031316532761,0.4823905896456597,0.7196694445539781,1.759763165852914,-0.26901321358073715
ENSSSCG00000004047,1.701171658551087,1.0363073862101593,1.0807663582795857,3.818245403040832,0.021037140582063643
ENSSSCG00000004048,0.8902881255821624,0.7594479648589851,1.4494368586134665,3.099172949054614,0.12290948734152757
ENSSSCG00000004049,0.7186987519769326,0.8206974517828318,1.4351587024867027,2.974554906246467,0.1336014319352488
ENSSSCG00000004050,0.38691115523099073,0.8067651371445953,0.9354828285459994,2.129159120921585,-0.13013095341676367
ENSSSCG00000004055,0.20745402633357357,0.5464209453616962,0.6838870077372926,1.4377619794325622,-0.10458467316761152
ENSSSCG00000004057,0.5966549023989708,0.8040222161640268,1.3523762917310136,2.753053410294011,-0.4453132123888994
ENSSSCG00000004058,0.2078957006275357,1.6872705545449167,1.6676411126873227,3.562807367859775,0.07013996458638735
ENSSSCG00000004063,0.6541583465852213,0.24328899340865567,0.5425592571998391,1.4400065971937162,-0.038551603279307706
ENSSSCG00000004064,0.15853843515812696,0.6198509748294204,0.5106784297006582,1.2890678396882056,-0.15399179050996603
ENSSSCG00000004065,0.5018799098346476,0.6991252878162582,0.6439431837249803,1.844948381375886,-0.32210554470668984
ENSSSCG00000004070,0.8245352449231892,0.48568782582706793,0.40659209536526425,1.7168151661155213,-0.27033749317754696
ENSSSCG00000004076,1.3461435953226994,0.41370069076571897,1.0636761328777613,2.82352041896618,0.01801760276902654
ENSSSCG00000004077,0.7211042685278709,0.6502761978204554,1.1720568716060802,2.5434373379544066,-0.1691849409417221
ENSSSCG00000004088,0.4343738955552249,0.8723077196836158,1.0815841562250248,2.3882657714638653,0.05424834392364787
ENSSSCG00000004090,0.3444613671463394,0.5232259767776033,0.4382077015805578,1.3058950455045006,-0.19761405908240431
ENSSSCG00000004092,0.11345710059533155,0.8049950962677099,0.8022426486381277,1.720694845501169,0.1455994647808814
ENSSSCG00000004103,0.3803092494295012,0.6198383075935788,0.703903046223875,1.7040506032469551,0.05466047826864975
ENSSSCG00000004104,0.4969860164075856,0.7003146314273143,0.9642805161558895,2.1615811639907894,-0.039099354867248415
ENSSSCG00000004105,0.6407450858256998,0.5130458454464116,0.29816381559911487,1.4519547468712262,-0.05595602944037894
ENSSSCG00000004106,0.7300786390845564,0.3589206823918275,0.5664766469828123,1.6554759684591964,-0.24824293713468634
ENSSSCG00000004110,0.6480628340577556,0.6238885778593899,0.3821710436636553,1.6541224555808007,-0.23173882425900172
ENSSSCG00000004113,0.5742068601283573,0.5929604804661566,0.3388681473589537,1.5060354879534676,-0.2142784023595086
ENSSSCG00000004114,0.3363528663824275,0.5488371200932568,0.5769282811397822,1.4621182676154665,-0.18536449459594995
ENSSSCG00000004120,0.36663810612260694,0.5422539870918386,0.5609021839574074,1.4697942771718528,-0.07402115613471623
ENSSSCG00000004121,0.42260122230273955,0.4385395112536997,0.8234687699746099,1.6846095035310493,-0.2993591172282146
ENSSSCG00000004123,0.14510786083659064,0.6733059218967997,0.788666893446072,1.6070806761794625,0.013443566045059526
ENSSSCG00000004127,0.5077714647848469,1.0016125754391065,0.5538063783989582,2.0631904186229115,-0.3212085837680488
ENSSSCG00000004133,0.7853970758872022,0.5981636206097153,1.2580389202252977,2.6415996167222153,-0.05896293038218407
ENSSSCG00000004134,0.40444619436974094,0.6274424547592434,0.8763612081583135,1.9082498572872977,-0.16725399811213923
ENSSSCG00000004136,0.07620953673936508,0.3631249759091399,0.4108937899779451,0.8502283026264501,0.003336390994174
ENSSSCG00000004140,0.873074821162264,0.254659489751821,0.7166640052187515,1.8443983161328363,0.05240315037423359
ENSSSCG00000004143,0.22765729727253986,0.627214018366067,0.7676825933003811,1.622553908938988,-0.05928949343525474
ENSSSCG00000004144,0.29627456251371725,0.854604726495457,0.6599861498345234,1.8108654388436978,-0.2969203104002636
ENSSSCG00000004145,0.37543787431516557,0.2049210543516791,0.48889724697792264,1.0692561756447674,0.08140624595492861
ENSSSCG00000004146,0.8079376250345043,0.6415421564893872,0.3903364494906436,1.8398162310145352,-0.23620700366106231
ENSSSCG00000004148,0.800426073510565,0.6389951774184294,0.7809393826186765,2.2203606335476707,0.002071355199422281
ENSSSCG00000004149,0.3491619852267003,0.5128065036971514,0.2627380238569424,1.124706512780794,-0.29020283799469354
ENSSSCG00000004151,0.4654598390448517,3.552541798058168,3.448439887728511,7.466441524831531,-0.21869321905135017
ENSSSCG00000004154,0.09163605476770209,0.7368278234844647,0.7391772918626806,1.5676411701148474,0.025711021589983046
ENSSSCG00000004160,0.2874463997921234,0.3263513328884441,0.210850839318186,0.8246485719987535,-0.06095748919008453
ENSSSCG00000004163,0.2484412944688479,0.6549432868984683,0.7798488753215118,1.683233456688828,0.05679950258095865
ENSSSCG00000004164,0.5528218287122192,0.5589711299260349,0.5874661358419853,1.6992590944802393,-0.08607716571070734
ENSSSCG00000004166,0.6996723330771176,1.0858235764128983,1.4740091624521763,3.259505071942192,-0.3480605645031133
ENSSSCG00000004169,0.5260099247494205,0.8225346016434615,1.1121044747860265,2.4606490011789086,-0.08092649791668079
ENSSSCG00000004170,0.38106572361480834,0.5899739303469673,0.7494585156674376,1.7204981696292132,-0.1784663872367998
ENSSSCG00000004172,0.6265341896302362,0.9473015976765834,0.5618732974905084,2.135709084797328,-0.22232357363129365
ENSSSCG00000004177,0.5297116296311095,1.666417462579249,1.9821037210359445,4.178232813246303,0.14180082763704044
ENSSSCG00000004190,0.20038538725734872,1.3967859461541146,1.392739828982451,2.9899111623939145,-0.22618971542900765
ENSSSCG00000004192,0.8020343458851992,0.8595373847358384,0.8532597341641758,2.5148314647852135,-0.11393064570231737
ENSSSCG00000004193,0.4430984238040095,0.6470773626359768,0.47902047047192703,1.5691962569119133,-0.19348019284723364
ENSSSCG00000004196,1.1467753118547037,0.6988440282838935,0.615286780463846,2.460906120602443,-0.16032628315695152
ENSSSCG00000004199,0.2480508516148065,0.7196844006119604,0.8402013484109289,1.8079366006376958,-0.5113539628442725
ENSSSCG00000004203,0.22191980111618992,0.7974595853194899,0.9603128513244319,1.9796922377601116,-0.2660254073309694
ENSSSCG00000004205,0.48071370306777367,1.3928024621323667,1.850628760515596,3.7241449257157364,-0.1846700292990768
ENSSSCG00000004207,0.5818341269900181,0.6221791558538001,1.0519833316176062,2.2559966144614245,-0.2091187779870571
ENSSSCG00000004209,0.21128869046499524,0.15264493070984075,0.26589862268156056,0.6298322438563966,0.008615427548233861
ENSSSCG00000004216,0.12164986487841581,0.6173053045690248,0.5850180588677639,1.3239732283152046,-0.15270101228978192
ENSSSCG00000004217,0.2790437482182614,0.516525926143113,0.46876118639172376,1.264330860753098,-0.2352037676774733
ENSSSCG00000004220,0.3832618882292418,0.23925747639672496,0.3283422523392832,0.95086161696525,-0.16390089560734805
ENSSSCG00000004221,0.2289299217294326,0.17317009219924326,0.2402586070028668,0.6423586209315427,-0.03721554266436118
ENSSSCG00000004222,0.5779173144038364,1.024842840167789,1.0758943291539889,2.678654483725614,0.06773092940255133
ENSSSCG00000004223,1.5233728062496144,1.406912215923687,0.15755284387604432,3.087837866049346,-0.29534764770922667
ENSSSCG00000004224,0.4982138185142854,0.8158497838770805,0.6249083299579078,1.9389719323492738,0.034523976536795294
ENSSSCG00000004232,0.31389556898728327,0.8662709028425967,0.901995488476767,2.082161960306647,-0.3620448353919966
ENSSSCG00000004233,0.22866878963380644,0.8752761043833397,1.0326906503386342,2.13663554435578,-0.05954115327173114
ENSSSCG00000004237,0.8745562614683186,0.960722929078118,1.730023336776048,3.5653025273224843,-0.12451026247041551
ENSSSCG00000004238,0.16569434822461782,0.3311042795112825,0.2919171920613849,0.7887158197972852,-0.012914700962393343
ENSSSCG00000004242,0.8644068581109542,1.6676952544059878,0.9185579706339175,3.4506600831508596,-0.48274718582602266
ENSSSCG00000004244,0.5007599211943111,0.7955082554876062,0.4073997373553349,1.7036679140372522,-0.19992898110567342
ENSSSCG00000004245,0.670386512940235,0.9924369466993923,1.0042669758736937,2.667090435513321,-0.3313095628319613
ENSSSCG00000004246,0.7106279287951647,0.9949728586300068,1.0022825279445031,2.7078833153696746,-0.09522909031610549
ENSSSCG00000004247,0.6653044084056291,0.29596119878018984,0.5207783885931266,1.4820439957789455,-0.1210175540274097
ENSSSCG00000004249,0.6994683382186403,0.5146102854906,0.20678890411972778,1.420867527828968,-0.27955276723899497
ENSSSCG00000004252,0.3050019821159038,1.0508601658451833,1.0621418200979,2.4180039680589873,-0.40781609362770127
ENSSSCG00000004253,0.8283060217235068,0.3447348287718076,0.8506475300649047,2.0236883805602193,-0.21658814722746575
ENSSSCG00000004254,0.2423315039486714,0.8794636715473176,0.7882976089331541,1.910092784429143,-0.3635819221696237
ENSSSCG00000004262,0.17551411696551655,0.16884985555610998,0.2709044599478427,0.6152684324694693,-0.11199189566257593
ENSSSCG00000004263,1.0738913934608578,1.0063248114403414,0.34457082247107584,2.424787027372275,-0.22217500610723878
ENSSSCG00000004272,0.44257175286905664,0.3353405675625069,0.6326355692803964,1.4105478897119599,0.03282257810270652
ENSSSCG00000004275,0.6582740800484215,0.05543989445531732,0.6164225647605116,1.3301365392642504,-0.0843339392649302
ENSSSCG00000004276,0.31831319236150546,1.7336530494341418,1.5904414254214545,3.6424076672171015,0.062247254400134754
ENSSSCG00000004279,0.24462810743750388,0.7273884425101081,0.7978135945965492,1.7698301445441613,-0.15725944230244046
ENSSSCG00000004281,0.1745411799441647,0.5352318875035633,0.6463734752542382,1.3561465427019663,-0.0866751001509724
ENSSSCG00000004283,0.4331221143221887,1.6175139372122638,1.3960357478762468,3.4466717994106997,-0.42590657132324267
ENSSSCG00000004285,0.31912400676609376,0.887108438806942,1.035828436674246,2.242060882247282,-0.5358283093825843
ENSSSCG00000004287,1.0962472790755722,0.6071813186491225,1.4859046943008403,3.189333292025535,-0.3919203189653844
ENSSSCG00000004289,0.11638264189872873,0.7467124838858954,0.6938385338931966,1.5569336596778207,-0.2663544876091542
ENSSSCG00000004290,0.14375966896104753,1.1838409192700199,1.274901655395836,2.6025022436269034,-0.20723054652278627
ENSSSCG00000004291,0.27801530566234595,0.5876211896114368,0.5787840882443599,1.4444205835181427,-0.2032388409796613
ENSSSCG00000004293,0.6916414227754943,1.0001163239598692,1.316848983367634,3.0086067301029975,-0.03878758904171864
ENSSSCG00000004294,1.0556365563862817,0.7069819035452909,1.2707774866956019,3.0333959466271745,-0.0496372049010873
ENSSSCG00000004300,0.3908669916737359,0.9644374841576813,0.6582945256411942,2.0135990014726115,0.038966999577137625
ENSSSCG00000004302,0.6771450488994345,0.8852566237084524,1.107234667855638,2.6696363404635246,-0.2917157132534129
ENSSSCG00000004303,0.6410023977368894,0.4706162265562386,0.5904209881790651,1.702039612472193,-0.2288554483803151
ENSSSCG00000004304,0.5031567716415895,1.296869477605862,1.1022848229685258,2.9023110722159773,-0.24471841508873726
ENSSSCG00000004306,0.34050934298062224,0.4549197179868038,0.4317017887932052,1.2271308497606312,-0.09828046876514324
ENSSSCG00000004307,0.2879031684196793,1.1610310184343013,1.0231751929366557,2.4721093797906364,-0.3783543306169585
ENSSSCG00000004311,0.6402927626191498,0.8999252010011903,1.0819276358574694,2.6221455994778093,-0.10360022039724344
ENSSSCG00000004314,0.48227900444909694,0.3941505836594725,0.5772823915345581,1.4537119796431275,-0.22516468421382646
ENSSSCG00000004318,0.23092426166705365,0.49790775972431667,0.5690453464437104,1.2978773678350808,-0.11830863744122137
ENSSSCG00000004322,0.537367711207878,0.6112202033717716,0.9470066367890736,2.0955945513687233,-0.33234051682020405
ENSSSCG00000004324,0.12467438217375844,0.42961678047365265,0.4667252683351021,1.0210164309825132,0.15224949232144214
ENSSSCG00000004328,0.49404917687297584,0.5720042364552442,0.692719138652272,1.758772551980492,-0.10254782360660343
ENSSSCG00000004330,0.5886324279186509,1.060123202426513,0.7156591447765576,2.3644147751217215,-0.10567515792962784
ENSSSCG00000004331,0.8988975055156446,0.9049083068834117,0.9602632351422852,2.7640690475413416,-0.33933235561626574
ENSSSCG00000004334,0.27414646987169083,0.440537349026984,0.581878936648559,1.2965627555472339,-0.06245527643890935
ENSSSCG00000004336,0.32654854886337675,0.57388199729597,0.5205826543302128,1.4210132004895595,-0.11890874173160182
ENSSSCG00000004339,0.3878545689078144,0.5922135245975195,0.4719071398111681,1.451975233316502,-0.2053122488711426
ENSSSCG00000004342,1.0096277132122224,0.8043421776556035,1.4619550027367036,3.2759248936045298,-0.034931336336873085
ENSSSCG00000004344,1.628094227093792,1.701698107931622,2.077116633566081,5.406908968591495,-0.3674187187997836
ENSSSCG00000004347,0.6167757371437617,0.6497319082967781,0.61837262433229,1.8848802697728297,-0.22737212789858452
ENSSSCG00000004349,0.1609618661280282,0.5159056337047343,0.48894751745381304,1.1658150172865756,0.17873702383678455
ENSSSCG00000004351,0.43432359767757667,1.0679136750007392,0.8532915934331533,2.3555288661114693,-0.35353515071755737
ENSSSCG00000004353,0.34703055377232617,0.5325561459352047,0.3823262859987138,1.2619129857062448,0.11545550741588256
ENSSSCG00000004358,0.7323098383511644,0.7073786943200807,0.2425322829278773,1.6822208155991225,-0.04109279544718277
ENSSSCG00000004361,0.21311307240084607,0.6394568213847447,0.6249602806485254,1.4775301744341163,-0.09864743998399236
ENSSSCG00000004364,0.394521119969988,0.7624920967026113,0.7968003648925963,1.9538135815651956,-0.29344671937217154
ENSSSCG00000004366,0.5609300072804735,0.7530716489254965,0.5670147904743132,1.8810164466802832,-0.1662908999693257
ENSSSCG00000004368,0.5107328393661352,1.4807512427036995,1.4083858551818498,3.3998699372516845,-0.09859649344599036
ENSSSCG00000004369,0.15309539177419856,0.5328121096359544,0.5529641196609667,1.2388716210711197,-0.145202528698765
ENSSSCG00000004370,0.8246760847689361,0.3439448432165691,0.6681430532789892,1.8367639812644942,-0.12190343569266666
ENSSSCG00000004371,0.9063619397690545,1.0202386419897014,0.6263541847727577,2.5529547665315135,-0.3006299946680173
ENSSSCG00000004373,0.38063860589326687,0.5601820876613409,0.6801957606273855,1.6210164541819934,0.013153828028268883
ENSSSCG00000004374,0.6062131387716199,0.5072791786001659,0.36520044540019125,1.4786927627719768,0.06936719102848417
ENSSSCG00000004382,0.6910850222815134,0.7049791793615395,0.7038134488690184,2.099877650512071,-0.041207518953756635
ENSSSCG00000004383,0.5951865082177064,0.5100431269591427,0.7234112232355921,1.8286408584124412,0.11979987676899558
ENSSSCG00000004385,0.8540149756866783,1.252175266201941,1.1158506686024878,3.222040910491107,0.170828087594938
ENSSSCG00000004387,0.08692579444516547,0.6652642769072095,0.6352669021309911,1.3874569734833662,-0.2632915658460521
ENSSSCG00000004388,0.3119196554578212,0.7346365239323291,0.8587371407815366,1.9052933201716868,-0.41880865078855084
ENSSSCG00000004390,0.6360090217056109,1.7692833207011935,2.188833626655175,4.594125969061979,-0.21892846097286556
ENSSSCG00000004391,0.4443659802879027,0.41389348476708626,0.6563978604449413,1.5146573254999303,-0.3892101031108268
ENSSSCG00000004392,0.27541224402983855,1.5481368168578205,1.652492646204611,3.47604170709227,-0.13883893984195786
ENSSSCG00000004393,1.3925208321546572,0.7343603590995103,0.902175379728989,3.029056570983156,0.01664058669819067
ENSSSCG00000004394,0.4910055642893215,0.9789799711760361,0.6922794945916878,2.1622650300570454,-0.1352401990673071
ENSSSCG00000004402,0.443033251618516,1.4096132127978596,1.2029923654281403,3.055638829844516,-0.14739692914786448
ENSSSCG00000004403,0.5724123134451199,0.7520033844204361,0.8490436956888462,2.173459393554402,-0.1892791526046209
ENSSSCG00000004404,0.07752558995857839,0.6333745366992732,0.6699045605455237,1.3808046872033755,-0.07850654068517425
ENSSSCG00000004405,0.37313222057343565,1.001547388475336,0.6919116186251107,2.0665912276738827,-0.11770477595418988
ENSSSCG00000004410,0.7063245629171729,0.8972704580788992,0.6675920541393293,2.2711870751354013,-0.1415493444733266
ENSSSCG00000004412,0.3293264840042504,0.49204444258743146,0.7506592324562107,1.5720301590478925,-0.016723123922243562
ENSSSCG00000004414,0.33279599462925524,0.8824677390886889,0.9475957186002835,2.1628594523182274,-0.061136556238080675
ENSSSCG00000004415,0.4347948548006215,0.716137756331429,0.706145837623118,1.8570784487551684,-0.29946716874607576
ENSSSCG00000004419,0.34497677229880286,0.6424199911026621,0.32745434264090323,1.3148511060423682,-0.1510854354103589
ENSSSCG00000004421,0.3272565969672392,0.7292867550975592,0.8519699989984463,1.9085133510632448,-0.3452689161741192
ENSSSCG00000004422,0.33941491618271413,0.2023416547794046,0.2926926455380604,0.8344492165001791,-0.24434829716861972
ENSSSCG00000004423,0.4192904211929568,0.631964609468847,0.3131652791743772,1.3644203098361811,-0.24365632806273152
ENSSSCG00000004432,0.4666389898569191,1.22547578625196,1.5881044649610316,3.2802192410699105,0.01881413635528352
ENSSSCG00000004435,0.3853988659787519,0.5519481793693716,0.5561423172440174,1.4934893625921408,0.04788878278164881
ENSSSCG00000004438,0.3358891646929655,0.9450727879266787,1.1780762886501994,2.4590382412698437,-0.1450738773227077
ENSSSCG00000004441,0.27962160320228147,0.5259581782512376,0.5359406829107259,1.3415204643642449,-0.16298705347869819
ENSSSCG00000004446,0.36045111211399106,1.5618374227733778,1.7139152123914068,3.636203747278776,0.025465665984087452
ENSSSCG00000004453,0.5314607566239246,0.8028180508024538,0.6302691787013949,1.9645479861277733,-0.2388431516409277
ENSSSCG00000004454,0.20068750621773318,0.47443460952267386,0.46508838833921023,1.1402105040796173,-0.14009918518668663
ENSSSCG00000004456,0.6446602437653597,0.5790561275546656,0.8922414734618014,2.1159578447818266,0.0009786517826759506
ENSSSCG00000004457,0.38314559308544643,0.5283908184543977,0.5865554093043955,1.4980918208442398,-0.13727755799561703
ENSSSCG00000004460,0.39855913880405625,1.0239295792015604,1.4117587594193475,2.834247477424964,-0.1148377909596703
ENSSSCG00000004465,0.24552061959016463,0.4153644124676528,0.4344074082580643,1.0952924403158817,0.08092654126735786
ENSSSCG00000004466,0.7050135257772668,0.9822538895222444,0.7616067503587819,2.448874165658293,-0.18375353493488533
ENSSSCG00000004469,0.6948979634652699,0.5678338952324505,0.7710886465378307,2.033820505235551,-0.43577504535635186
ENSSSCG00000004470,0.17774421266610876,1.1192157786639878,1.097873839061641,2.394833830391738,-0.3185443329371214
ENSSSCG00000004473,0.24938489436800088,0.3697904954745258,0.24523421559411077,0.8644096054366375,-0.07051556619496688
ENSSSCG00000004478,0.5167341505015525,0.7793739468774497,0.4226647226577484,1.7187728200367505,-0.3246114103597965
ENSSSCG00000004480,0.5563928887980623,1.4460502993845337,1.8235612189267916,3.8260044071093877,0.09832829334764276
ENSSSCG00000004485,0.3187667014660103,0.6444102129268003,0.4680067166087762,1.4311836310015869,-0.1476457951705127
ENSSSCG00000004486,0.41525777746788467,0.8009584229769346,0.7239459219480114,1.940162122392831,-0.3313438675118909
ENSSSCG00000004489,1.039362982820927,1.704051233761979,1.4779464172032795,4.221360633786185,0.08175196397053745
ENSSSCG00000004498,0.21964572316437908,0.7557325930689556,0.9081324260066641,1.8835107422399988,-0.07039038780876453
ENSSSCG00000004499,0.37214632313544554,1.2716897179287745,1.4091785166711919,3.0530145577354117,0.124407446378979
ENSSSCG00000004500,1.2781204874538132,1.2521862101148773,0.4488112307617865,2.979117928330477,-0.2023742643003877
ENSSSCG00000004505,0.24571514978275372,0.6892561717422145,0.7855860508474812,1.7205573723724494,-0.10083707520167251
ENSSSCG00000004507,0.15771088442316675,0.6236593557293766,0.5467457546006861,1.3281159947532295,-0.06346337223742984
ENSSSCG00000004508,0.38085233981929845,0.5815918529417698,0.29272410254252584,1.255168295303594,-0.26539372672263406
ENSSSCG00000004510,0.27622929739528324,0.2482618283911794,0.522602554382771,1.0470936801692337,0.17217257202426234
ENSSSCG00000004511,0.26688643246384963,0.36971098717765466,0.2758279768337435,0.9124253964752478,-0.2712549907022557
ENSSSCG00000004516,0.5144156181354025,0.3758760211908369,0.5574602080131373,1.4477518473393767,-0.07465126818406374
ENSSSCG00000004517,0.17901003244598346,1.148468384323695,0.9851977666321359,2.3126761834018144,-0.18137952730638174
ENSSSCG00000004518,0.3487822172479753,0.935265002192807,1.0111570375178143,2.2952042569585966,-0.29294800105764235
ENSSSCG00000004520,0.45095322644434715,0.6289991534805955,0.5957120512194694,1.675664431144412,-0.32730763238165556
ENSSSCG00000004521,0.21118092513558803,0.5957647066644383,0.7090427900628331,1.5159884218628594,-0.2638915126661024
ENSSSCG00000004522,0.34588556012808525,1.2830620489221725,1.3823563153345977,3.0113039243848556,-0.3480644136570092
ENSSSCG00000004524,0.2860425086345041,0.4493497357308376,0.31144668377625395,1.0468389281415957,0.04624229476838473
ENSSSCG00000004528,0.08577326921946882,0.8752309468129766,0.9337755165232156,1.894779732555661,-0.2500160169015814
ENSSSCG00000004529,0.24955633915106604,0.45612944596160665,0.6357154438821226,1.3414012289947954,-0.2314952148885842
ENSSSCG00000004531,0.11127495622945768,0.3844593652605485,0.4046959524827457,0.9004302739727519,-0.018829774305800105
ENSSSCG00000004535,0.29018603228341217,0.6461172191960892,0.8617577313966241,1.7980609828761254,-0.008948512589325986
ENSSSCG00000004537,0.5842232708030431,0.41808482705458755,0.6172687990397693,1.6195768968973998,0.020743407387832386
ENSSSCG00000004538,0.17393129537670507,0.2071095073272543,0.25647215920475763,0.637512961908717,-0.059152624428734306
ENSSSCG00000004540,0.5113867100908485,1.5588041142151525,1.1159671484329254,3.1861579727389264,-0.4988054450821327
ENSSSCG00000004541,0.6500687941583195,0.526636598885143,0.39270521212601683,1.5694106051694794,0.040899491931762545
ENSSSCG00000004542,0.746793294860812,0.640837710283529,1.0757244947096127,2.4633554998539537,0.07979000180805669
ENSSSCG00000004543,0.6435858547817294,0.6625413967732519,0.6502127793762806,1.956340030931262,-0.008624880330483526
ENSSSCG00000004544,0.1178154536428075,0.5663973711242408,0.5718056221286051,1.2560184468956535,-0.05839689981691456
ENSSSCG00000004547,0.08629041881973472,0.5587340663038232,0.6051624987731439,1.2501869838967017,-0.04865206761569742
ENSSSCG00000004548,0.25377397819276104,0.43148797744043865,0.40922270848478287,1.0944846641179826,-0.04777485751972021
ENSSSCG00000004549,0.5831351007009611,0.7536372678420583,0.6838984304423684,2.020670798985388,-0.31172575107063827
ENSSSCG00000004550,0.4168963022061844,0.5095599708427453,0.5944475020674184,1.5209037751163481,-0.1523079285372066
ENSSSCG00000004551,0.14251471026709617,0.21781485979811516,0.30911145584790856,0.6694410259131198,-0.06651537928065149
ENSSSCG00000004552,0.53688800378094,0.4027531319699409,0.46778806066013223,1.4074291964110133,-0.08260015221154664
ENSSSCG00000004558,0.1982062036267379,1.4567393537332924,1.4130668829611088,3.068012440321139,-0.15988567369331855
ENSSSCG00000004561,0.5013361107790043,0.47962489441890815,0.6628484738303396,1.6438094790282523,-0.19740244893648415
ENSSSCG00000004569,0.6117802616332745,0.8166394596628346,0.4279923223042351,1.856412043600344,-0.3576717040114585
ENSSSCG00000004570,0.14198760977736793,1.0587490212826594,0.9450675572374004,2.145804188297428,0.1484211319601282
ENSSSCG00000004576,0.10754979297584812,0.4724036260779756,0.5687160132121138,1.1486694322659377,-0.03239017915286215
ENSSSCG00000004577,0.7379019917621102,0.3338675995306809,0.9246540745852885,1.9964236658780796,-0.2733620362426082
ENSSSCG00000004578,0.12179535877167526,1.5970774738736142,1.4912190519708393,3.210091884616129,0.17060709906616076
ENSSSCG00000004582,0.7161459825863671,1.3795250786965787,1.5376733027563618,3.6333443640393073,-0.13220912498493903
ENSSSCG00000004583,0.4579389947394603,0.6624179903102035,0.873922273134235,1.9942792581838988,-0.011567562953520173
ENSSSCG00000004584,0.6821791949470841,1.017300820615882,0.7222279411927924,2.4217079567557587,-0.2650437502939151
ENSSSCG00000004586,0.22908687207053985,0.48322473492240514,0.5875928866821158,1.2999044936750608,-0.15650113823104622
ENSSSCG00000004587,0.19165212984312285,0.30112963661475634,0.2857447295992173,0.7785264960570966,0.05039695994364165
ENSSSCG00000004588,0.572830151927514,0.717183316184715,0.9308492617216194,2.2208627298338484,-0.20374088622776976
ENSSSCG00000004589,0.2877393087996961,0.4035989051526639,0.49540171188311655,1.1867399258354765,-0.3152751570326367
ENSSSCG00000004592,0.6259036865122679,0.7464910448664912,1.2420115958479012,2.6144063272266607,0.025199179692823575
ENSSSCG00000004595,0.4518904677599941,0.6967615033953769,0.7685702108781501,1.917222182033521,-0.08634808319024367
ENSSSCG00000004598,0.1510519184600201,0.5500297611724737,0.4909049060826637,1.1919865857151575,-0.13738113454685047
ENSSSCG00000004600,0.10652999892812315,0.4026923947400251,0.3774642114764368,0.886686605144585,-0.13532597872796945
ENSSSCG00000004601,0.38756903544931554,0.2762643948509246,0.5540410717956937,1.2178745020959338,-0.415241250811105
ENSSSCG00000004602,0.47107647235351413,1.1473400567052499,1.1734236281746484,2.7918401572334126,-0.2647982892813967
ENSSSCG00000004603,0.29597485507397864,0.34764988639838196,0.38812615446797144,1.031750895940332,-0.24926769916606556
ENSSSCG00000004607,0.7138834196338427,0.8157703692364269,0.443723732721036,1.9733775215913056,-0.36615441591982467
ENSSSCG00000004608,0.8014734104796273,0.9073282908101581,0.6476212352892046,2.3564229365789897,-0.22619546646788363
ENSSSCG00000004610,1.4596555951552768,1.3683065882129493,1.3476823606676358,4.175644544035862,-0.05596392825584852
ENSSSCG00000004612,0.3011838335773688,0.9157321167863864,0.6576403257218775,1.8745562760856327,-0.35356427504500604
ENSSSCG00000004614,0.49473292707106375,1.0170594283819292,1.3714677659006667,2.8832601213536595,-0.29732278431822884
ENSSSCG00000004615,0.2467832889208108,0.7220445987078055,0.5268335576739529,1.4956614453025692,-0.155583485720371
ENSSSCG00000004617,0.8181667004763541,0.8538617603220824,1.3304507703632864,3.0024792311617228,-0.3676210572678156
ENSSSCG00000004620,0.4858958851201013,0.847951365936911,1.0718134423736112,2.4056606934306233,0.03050866699372633
ENSSSCG00000004621,0.1453849603646966,0.9370858015211694,0.9165246848634351,1.998995446749301,-0.27227096399581896
ENSSSCG00000004622,0.42468143487712756,0.4275756467397386,0.47948020956541804,1.3317372911822842,-0.33167619379884133
ENSSSCG00000004623,0.36646708843590364,1.4477582418088155,1.641181886828435,3.4554072170731542,-0.17416846872456024
ENSSSCG00000004624,0.3859589892334288,0.731338008730398,0.546143778838368,1.6634407768021946,-0.14420726449436697
ENSSSCG00000004625,0.4664907062584086,1.237268564098015,1.28408648475495,2.9878457551113735,-0.04357472516876219
ENSSSCG00000004626,0.5411490135352732,0.8266412857470433,0.9629843622397231,2.3307746615220397,-0.045386518304816256
ENSSSCG00000004628,0.3482261002058758,0.929153766000068,1.1215613278756935,2.3989411940816376,-0.35386935469732833
ENSSSCG00000004630,0.21386458248971782,1.089605840140644,1.049408775672853,2.352879198303215,-0.3356641206908704
ENSSSCG00000004634,0.5948350876551312,0.14163344947662004,0.5198804586358301,1.2563489957675813,-0.15736949905165373
ENSSSCG00000004635,0.5140726394229119,0.40856011335445963,0.609652216348336,1.5322849691257074,-0.046428150285037786
ENSSSCG00000004636,1.0233965916416925,0.46017546693334593,0.797814380531327,2.2813864391063654,-0.1370517025663551
ENSSSCG00000004638,0.41890128904249635,1.5799192212694482,1.2522777475590516,3.2510982578709964,-0.0734218672375009
ENSSSCG00000004639,0.5831158235927384,0.6783281305778516,1.2305025891576349,2.4919465433282246,-0.21636087381900945
ENSSSCG00000004645,0.481928999340862,1.0538036852650077,1.3614141616358368,2.8971468462417063,-0.11751524471164053
ENSSSCG00000004646,0.3733748702592494,0.5358668832852279,0.6160881504526087,1.525329903997086,-0.14337255698709211
ENSSSCG00000004647,0.14878818101435187,0.6860511738559406,0.7054384212820956,1.540277776152388,-0.2104014676724775
ENSSSCG00000004648,0.5250836892254658,0.5100656218825805,0.5496307445533506,1.584780055661397,-0.2984124365386329
ENSSSCG00000004651,0.3296232188678201,0.2944574645933367,0.3929547994534157,1.0170354829145725,-0.10847274776680974
ENSSSCG00000004652,0.9667642522674748,0.5860197625989548,0.8249282370182481,2.377712251884678,-0.0620866309501651
ENSSSCG00000004653,0.5200943041384088,0.575413657561208,0.49798825713435807,1.593496218833975,-0.26510707287745394
ENSSSCG00000004657,0.34602930967294415,0.5028287196236216,0.5166581147195696,1.3655161440161354,-0.34615105425558035
ENSSSCG00000004658,0.23418999016131573,0.7458321358947541,0.7288717531886381,1.708893879244708,-0.2694372519146213
ENSSSCG00000004661,0.5478573300944072,0.3350805239612712,0.3503601049017293,1.2332979589574076,-0.41378828821745683
ENSSSCG00000004662,0.7903143923258744,1.6497680441170806,1.502736470530721,3.9428189069736757,-0.20396975135742168
ENSSSCG00000004668,0.8027142856928338,0.8921933010555634,0.6478115214953782,2.3427191082437755,-0.3535610169872682
ENSSSCG00000004674,0.3744679526763991,0.3377460036599146,0.3928916434856367,1.1051055998219503,-0.05475484465330914
ENSSSCG00000004679,0.7587453528179071,0.8981874047803683,1.2879070897649538,2.9448398473632293,0.16367559958019093
ENSSSCG00000004680,0.28088840456783387,0.5742855389612053,0.3507836198359133,1.2059575633649524,-0.02310452908510363
ENSSSCG00000004684,0.256869187612468,0.931113287032726,1.0525385131633327,2.2405209878085266,-0.26004679425516886
ENSSSCG00000004691,0.950920865882851,0.6630325402488009,1.1689870855731093,2.7829404917047613,-0.01763188565225175
ENSSSCG00000004694,0.12894146714812296,0.6632022951382557,0.6331039830869658,1.4252477453733445,-0.2017791398612315
ENSSSCG00000004695,0.7630974610263483,0.9061400089892764,0.7605054140082244,2.429742884023849,-0.17357482207244987
ENSSSCG00000004700,0.4664323597693875,0.6442355127112858,0.8909647244231035,2.001632596903777,0.09275814593399492
ENSSSCG00000004701,0.07780699921891485,0.23967646520669633,0.3129705876410201,0.6304540520666313,-0.08113306757947501
ENSSSCG00000004703,0.4259133585490338,0.449026946139226,0.5782032499451782,1.4531435546334381,-0.05799248027117975
ENSSSCG00000004704,0.2404855835196936,0.6502227585011102,0.8430730896854535,1.7337814317062574,-0.006002362178208471
ENSSSCG00000004708,0.4508517383510719,0.4162478125222659,0.4818577771366318,1.3489573280099696,-0.14155369663836365
ENSSSCG00000004710,0.4447584458567663,0.7849378192736618,0.4758901122747253,1.7055863774051534,-0.14292101980118643
ENSSSCG00000004717,0.1057569851490497,0.22401736096778868,0.1410037767343111,0.4707781228511495,-0.0984838466356311
ENSSSCG00000004718,0.07697102862235464,0.2771748170742095,0.34512020098092344,0.6992660466774876,-0.10204871287553977
ENSSSCG00000004725,0.3676515367948426,0.8577283047701743,0.7400918558528609,1.9654716974178776,-0.1172606676360462
ENSSSCG00000004726,0.07813694265925349,0.5145360435621703,0.5267075857651429,1.1193805719865666,0.044312637441574175
ENSSSCG00000004728,0.18261092619094058,0.7532436264854544,0.7624542265085189,1.6983087791849139,-0.053615684466407666
ENSSSCG00000004729,0.2367380844933673,0.6025653871973937,0.8089206186948366,1.6482240903855976,-0.1376328384695847
ENSSSCG00000004730,0.8585187090582951,0.22959974354949642,0.8435461130821884,1.9316645656899798,-0.11128545839268388
ENSSSCG00000004731,0.25558406501579234,0.1541838564047676,0.11707191468046495,0.5268398361010249,-0.09151826385979471
ENSSSCG00000004733,0.2718051109252891,0.4537050790343841,0.4741730180668905,1.1996832080265638,-0.21915824251971774
ENSSSCG00000004738,0.4628161375816854,0.5330637899229169,0.9434044023887214,1.9392843298933236,-0.3057896335682585
ENSSSCG00000004739,0.6018234574720169,0.6988499997349964,1.0205483360736203,2.3212217932806336,-0.10395139473384912
ENSSSCG00000004745,0.07863660223204857,0.369506885076505,0.40357898562463695,0.8517224729331905,-0.14711014391549623
ENSSSCG00000004747,0.7115659890113001,1.5007730513189235,1.3373974657952405,3.5497365061254644,-0.05537904868193971
ENSSSCG00000004748,0.2135726986901514,0.6015415634090256,0.525796696492924,1.340910958592101,0.02476313955853953
ENSSSCG00000004750,0.3754874457635437,0.6122159173605842,0.7684279866930451,1.756131349817173,0.07638690341503797
ENSSSCG00000004751,0.3958264194735547,0.5397318816603871,0.4482579094850544,1.3838162106189962,-0.10569914300450971
ENSSSCG00000004752,0.5222371135360647,0.5852331163913492,0.719850475076505,1.827320705003919,-0.2733691442463121
ENSSSCG00000004753,0.6184441596810576,0.7760233816322659,0.809316608776087,2.203784150089411,-0.14643022679520803
ENSSSCG00000004757,0.06148191985084322,0.09037076630906063,0.11315492223429796,0.2650076083942018,0.0022595575358264892
ENSSSCG00000004761,0.27249957751146625,0.8700916189549829,0.6304374367071355,1.7730286331735847,-0.2521279648540869
ENSSSCG00000004762,0.2484388433389411,0.9532426807925055,0.9587698185655188,2.1604513426969656,-0.0875660693261259
ENSSSCG00000004765,0.3008131462007499,0.6607885503903479,0.6004948843229858,1.5620965809140837,-0.09687884613028158
ENSSSCG00000004766,0.5113535304009345,0.7937073571142613,0.7189866642732782,2.024047551788474,-0.07551023959382774
ENSSSCG00000004774,0.22414978273803224,1.808944107364259,1.7188196704992906,3.7519135606015817,-0.16930580075365323
ENSSSCG00000004782,0.544362938930892,0.337853153051527,0.605194517700372,1.487410609682791,-0.34526441003163416
ENSSSCG00000004785,0.6000186805114746,1.0814687359412332,1.210315561344736,2.8918029777974437,0.03870817136905906
ENSSSCG00000004791,0.33572390544073816,0.7631802437408948,0.6473708654535986,1.7462750146352315,-0.07034482549583021
ENSSSCG00000004792,0.1376008135636223,1.118658244513404,1.0720674878129142,2.3283265458899405,-0.15658210605423464
ENSSSCG00000004795,0.2014675452177285,0.39699366606265046,0.42677940784651636,1.0252406191268952,-0.13784287410914264
ENSSSCG00000004799,0.34170857813628225,0.6330346074637572,0.3137249247015621,1.2884681103016016,-0.0702053145980233
ENSSSCG00000004802,0.500747582360095,0.695050311804721,0.5144952387872913,1.7102931329521072,-0.06286149977889076
ENSSSCG00000004806,0.7934515913784271,1.8285990685399496,1.6797879837934007,4.301838643711777,-0.29504811582490503
ENSSSCG00000004807,0.4378008569293768,0.6925694798577042,0.4740851329986643,1.6044554697857452,-0.13795120450878035
ENSSSCG00000004814,0.846130569174636,0.44096350195149664,0.6528370358595393,1.939931106985672,-0.19026126156850276
ENSSSCG00000004820,0.7315993778769834,0.9321988191634241,0.9665844736831517,2.6303826707235594,-0.201798597023964
ENSSSCG00000004821,0.5568644851134017,0.3074513554062022,0.37696538743422336,1.2412812279538272,-0.19069481656899157
ENSSSCG00000004825,0.4080533578753058,0.9429646191048603,1.1329822441324842,2.48400022111265,-0.14452113765830663
ENSSSCG00000004826,1.2016223707668565,1.840783641137476,1.039646293625958,4.08205230553029,-0.015190071604039424
ENSSSCG00000004832,0.7249465282574596,0.3420835609626442,0.5509456350792,1.617975724299304,0.025492997321488377
ENSSSCG00000004844,0.40037325508113825,0.49076654995551205,0.44468881043685515,1.3358286154735055,-0.20021175902026594
ENSSSCG00000004845,0.7069910672408352,0.5791097876440396,1.2637086194426161,2.549809474327491,-0.21651053688294086
ENSSSCG00000004847,1.1966264370761606,1.3367793118611828,0.9362383105689039,3.469644059506247,0.037580343273545536
ENSSSCG00000004854,0.35989944942180124,1.3117208632457877,1.0255179698333956,2.6971382825009846,-0.01398296582887787
ENSSSCG00000004857,0.09660228295652705,0.26514215419186987,0.25442388964144297,0.6161683267898399,-0.015409373807571578
ENSSSCG00000004861,0.34899232088299387,1.2036412855581955,1.0102643784790875,2.562897984920277,-0.34783902575364756
ENSSSCG00000004869,0.37904911337221364,0.5175872489181401,0.761653921908504,1.6582902841988578,-0.07401260717847406
ENSSSCG00000004870,0.25696778146673804,0.8057157946831874,0.6115610089365394,1.674244585086465,0.18961913101317543
ENSSSCG00000004873,0.43797996906158865,0.5158230964171588,0.7960410437327171,1.7498441092114647,-0.37948587323388816
ENSSSCG00000004874,0.4074061791744541,1.0137333721492054,0.6917403678962929,2.1128799192199526,-0.052081632284649
ENSSSCG00000004875,0.2201637331316669,0.9398233065787798,0.9093370719696904,2.069324111680137,0.005070706836152376
ENSSSCG00000004884,0.19342600464254683,0.463065627534482,0.504657542266119,1.161149174443148,-0.05887914290695598
ENSSSCG00000004886,0.4481763166200447,0.41884261124349786,0.8003746277346544,1.667393555598197,-0.4117699664988666
ENSSSCG00000004893,1.120637842490292,0.9185164759369492,1.0760634942150082,3.11521781264225,-0.01709314285879197
ENSSSCG00000004894,0.12465313476465859,0.2302502598100369,0.29522140184266227,0.6501247964173578,-0.12310632764963608
ENSSSCG00000004896,0.1729765491285331,0.5695282963107026,0.6996833441219978,1.4421881895612336,-0.2415133058199147
ENSSSCG00000004897,0.5211771219150267,0.5881308730313928,0.2116636106765839,1.3209716056230034,-0.4261864930490353
ENSSSCG00000004899,0.3033990844604827,0.3948315944764809,0.288732003455375,0.9869626823923386,-0.09882131897781579
ENSSSCG00000004901,0.2989055683085669,1.0518671720230106,0.9121302331964214,2.262902973527999,-0.1502222282795679
ENSSSCG00000004907,0.15338950303439036,0.4962036627538853,0.5576383441191339,1.2072315099074096,-0.18618589034097927
ENSSSCG00000004908,0.32541152217743385,0.8414387057564268,1.0683014404442448,2.2351516683781054,0.09665124386465125
ENSSSCG00000004917,0.546617750062543,0.38269087688597253,0.4044725614883433,1.3337811884368589,-0.06382717155387538
ENSSSCG00000004918,0.30555932047257045,0.582147944417391,0.6878933793612796,1.5756006442512411,-0.1537587237637864
ENSSSCG00000004919,0.32870307493727974,0.15323764069396126,0.37277458687880943,0.8547153025100505,-0.32420774911174965
ENSSSCG00000004921,0.5648209511007383,0.777852388468131,1.083157959247416,2.425831298816285,-0.23506191977506724
ENSSSCG00000004923,0.21316883231209527,0.7874682874807748,0.9967692488857932,1.9974063686786634,-0.37132792306028484
ENSSSCG00000004926,0.5507800286757387,0.556427427982897,0.8423620699171072,1.949569526575743,-0.25284000222188613
ENSSSCG00000004927,0.5446533119196331,0.24688157349579362,0.6411095960418527,1.4326444814572794,-0.16883252920919872
ENSSSCG00000004934,0.5924174208276374,0.7338934577667605,0.28736064863568234,1.6136715272300803,-0.07794955783299311
ENSSSCG00000004935,0.606134220331894,0.7225732809511208,1.161624392802865,2.4903318940858794,-0.06138756388851236
ENSSSCG00000004936,0.17656374906087036,0.13695518233903878,0.2385641010786674,0.5520830324785766,-0.29075018258808544
ENSSSCG00000004937,0.184715090397,0.4656017130341338,0.6241899574137925,1.2745067608449263,-0.22178771127351116
ENSSSCG00000004938,0.3017421692934645,0.4461437626166488,0.4982517930754747,1.2461377249855878,-0.2394167815087235
ENSSSCG00000004939,0.09441126211138419,0.6110065363617293,0.63738138678919,1.3427991852623036,-0.10610557749631296
ENSSSCG00000004941,0.859287552402123,0.575032034402965,0.6002823408537498,2.0346019276588376,-0.15166682353783748
ENSSSCG00000004942,0.6726866435723552,1.1527374012315417,1.321923569596245,3.147347614400142,-0.1770837991812775
ENSSSCG00000004943,0.6895487841933104,0.3657119860126029,0.6044433101643071,1.6597040803702203,-0.24871944274634836
ENSSSCG00000004945,0.4035266861671182,1.4542596780543968,1.4169390439104805,3.274725408131996,0.18702511429650232
ENSSSCG00000004946,1.604399210225781,1.0425490519462903,1.1619810063121527,3.808929268484224,-0.10571561711065428
ENSSSCG00000004947,1.0851157107614648,1.2484341005573798,0.4838779926082251,2.8174278039270697,-0.06147424488451546
ENSSSCG00000004951,0.21382760325113365,0.6007404607734405,0.7417217982597718,1.5562898622843457,-0.08125004873263984
ENSSSCG00000004952,0.2987243026118056,0.5288908321167873,0.5559847556387205,1.3835998903673135,-0.10593561875113695
ENSSSCG00000004956,0.421947204379639,0.9547365225643102,0.8442926136504335,2.2209763405943828,-0.2506278038212263
ENSSSCG00000004958,0.9022723768709182,1.2703455114651914,0.821670156580483,2.9942880449165923,-0.1315678567473728
ENSSSCG00000004961,0.10987296123998334,0.579891207119301,0.5447711208252457,1.23453528918453,-0.15247434229350698
ENSSSCG00000004963,0.5624657410827113,0.47775656253616455,0.7314165375252389,1.7716388411441146,0.030971304911981988
ENSSSCG00000004968,0.30550811358206553,0.3687730239470298,0.49452075379879096,1.1688018913278864,-0.20616309010607817
ENSSSCG00000004969,0.3502289744206758,0.5718784480547076,0.47169388799781553,1.393801310473199,-0.1854968335908895
ENSSSCG00000004970,0.4084153768630557,1.8058024600506595,1.8009320584806758,4.015149895394391,0.1284483816018037
ENSSSCG00000004971,0.15512172470750682,0.6262635991085084,0.5339577565269714,1.3153430803429866,-0.004667943177040081
ENSSSCG00000004973,0.2683062960436747,0.29489583615001286,0.4311874906927313,0.9943896228864189,-0.19162947785795578
ENSSSCG00000004976,0.5783103229607343,0.7965488188754676,0.8249981020593699,2.1998572438955715,-0.24340341505780985
ENSSSCG00000004979,0.9139469371256201,0.6963584768808418,0.6370517809679386,2.2473571949744002,-0.13949881409767037
ENSSSCG00000004983,0.36128795082581744,0.8920690820841058,0.6919685373584644,1.9453255702683876,-0.13572109797209125
ENSSSCG00000004985,0.16759603938852066,0.5049653845398295,0.43453087821099906,1.1070923021393493,0.06457694224050874
ENSSSCG00000004986,0.555198169126302,0.9959898254786609,0.6203096948743547,2.1714976894793176,-0.12628390049412663
ENSSSCG00000004989,0.6754540284417141,1.2267821491906,0.8154687288077277,2.7177049064400416,-0.29955552081938647
ENSSSCG00000004996,0.6240229481119953,0.4719455432309326,0.6005168566646473,1.6964853480075752,-0.07942425210342469
ENSSSCG00000004997,0.43639659081826054,0.24109289007209986,0.3436329887544868,1.021122469644847,0.04081361481671564
ENSSSCG00000004999,0.4845823130353385,0.7155856787369005,0.43625807780678477,1.6364260695790238,-0.1112732794406513
ENSSSCG00000005000,0.21723480190590486,0.6366789128666064,0.48592266191076344,1.3398363766832746,-0.168817917786677
ENSSSCG00000005002,0.6021509602870248,0.6327057986943366,1.058738451225701,2.2935952102070623,-0.3533847878970672
ENSSSCG00000005004,0.9336094991812364,0.9031252073301297,0.4938942766018237,2.33062898311319,-0.17978284503516925
ENSSSCG00000005006,0.2971672800597366,1.3393590883445337,1.4210307810726326,3.057557149476903,0.18094304633445973
ENSSSCG00000005008,0.08885289426123084,1.5415852216721104,1.457744855477205,3.0881829714105464,-0.11415002354905063
ENSSSCG00000005009,0.573019551201269,0.6293108544453108,0.47828988082378826,1.680620286470368,-0.19481132519615033
ENSSSCG00000005011,0.6877603332119983,0.3548409993214099,0.66153382753281,1.7041351600662182,-0.13524961631518767
ENSSSCG00000005012,0.48902349768862796,1.610105430098711,1.757467366928884,3.8565962947162227,0.04264619518429817
ENSSSCG00000005015,0.6278622227816177,1.1123465738767297,0.6055665458432848,2.345775342501632,-0.30829328417446045
ENSSSCG00000005020,0.2172992138538383,0.8188268904963835,0.9153538239309986,1.9514799282812203,-0.331705532895918
ENSSSCG00000005021,0.4816960907474173,0.4664851508912669,0.6966238067296135,1.6448050483682977,-0.34894023248882816
ENSSSCG00000005022,0.3719585909866992,0.5436254296908171,0.5501132799510211,1.4656973006285374,-0.15532041025923726
ENSSSCG00000005023,0.345608257593495,0.8917863463801232,0.8951666822533436,2.132561286226962,-0.06638274353719024
ENSSSCG00000005024,0.1424557354803665,0.5411592997626409,0.5086412215542367,1.1922562567972441,-0.10395102341730865
ENSSSCG00000005027,0.3122814407361242,0.8457685522727529,0.9113653457123917,2.0694153387212686,-0.24850560093279261
ENSSSCG00000005029,1.3072153318269288,0.8128405377395288,1.2243128332968376,3.3443687028632954,0.05437785611814554
ENSSSCG00000005030,0.6374331281074402,0.7870935696178015,0.42254940985530076,1.8470761075805426,-0.21372164263915766
ENSSSCG00000005036,0.23891775230224188,0.5480901960109249,0.5459945853732474,1.3330025336864142,-0.17925639905728968
ENSSSCG00000005037,0.47148434506527226,0.8282039705750875,0.6691270142287985,1.9688153298691584,-0.08466441303323118
ENSSSCG00000005039,0.7722672282390883,1.782432208196806,2.4523649163179138,5.007064352753808,-0.013018453217053442
ENSSSCG00000005040,0.4346649853195712,1.1209118142883434,0.8465805910761018,2.4021573906840166,-0.1009354862304921
ENSSSCG00000005041,0.44597793531010027,0.27219966715908545,0.6729863345670957,1.3911639370362814,-0.05852902818242637
ENSSSCG00000005043,0.5331967005536319,1.489182605567912,1.1122678871209182,3.134647193242462,-0.35275030825179365
ENSSSCG00000005045,0.40847497659344256,0.9761689048250247,0.615823833667272,2.000467715085739,-0.21794566162914475
ENSSSCG00000005047,0.5054629542814109,1.2554425224486163,1.1636533056171778,2.924558782347205,-0.11406032625049105
ENSSSCG00000005052,0.7343793951908528,1.0934531722641594,0.6039221404482032,2.4317547079032154,-0.2991502279709564
ENSSSCG00000005054,0.5201961222753178,0.3127738679037779,0.5371453097128951,1.3701152998919908,0.1539588449560926
ENSSSCG00000005055,0.7261390385043089,0.3235171599781883,0.9604461759468065,2.010102374429304,-0.2187478513625941
ENSSSCG00000005056,0.4125038672781054,0.3185293473322558,0.3200697402858231,1.0511029548961843,-0.1760305787081361
ENSSSCG00000005057,0.19051638871132684,0.8941664146190985,0.9705582043159785,2.055241007646404,-0.13605161280162212
ENSSSCG00000005058,0.344825124655443,1.0634663694979563,1.199010262811181,2.6073017569645804,-0.21262526796455683
ENSSSCG00000005060,1.1248981055389835,1.2093461297381034,0.936952103857063,3.27119633913415,-0.11306958174382638
ENSSSCG00000005062,0.12636770241619902,0.5967695479579993,0.6472970464240334,1.3704342967982317,-0.09060105311316925
ENSSSCG00000005063,0.6440507321927545,1.0188359015081776,0.6270670873931811,2.289953721094113,-0.2590070759514887
ENSSSCG00000005065,0.468000282638316,0.3334967108031181,0.5434940233431166,1.3449910167845507,-0.0749652736805072
ENSSSCG00000005066,0.5847809645581775,0.2044586559063005,0.7773955754188129,1.566635195883291,-0.057633124021475156
ENSSSCG00000005068,0.4278519419490799,0.9084184537913111,0.8178533728444148,2.154123768584806,-0.3424587805313741
ENSSSCG00000005071,0.6000997111038799,0.6137534770890312,0.4760319570937236,1.6898851452866346,-0.22809387027707875
ENSSSCG00000005072,0.401167553708944,1.6807027459024086,1.7863588384379618,3.8682291380493146,0.09457056530301135
ENSSSCG00000005073,0.24856670785997903,0.9200992203604378,0.7364994958207757,1.9051654240411926,-0.4174829313464071
ENSSSCG00000005076,0.163944504830357,0.662209392423016,0.7444818322517627,1.5706357295051356,-0.26628586629575035
ENSSSCG00000005078,0.3354588704125374,0.47495464458573716,0.33235981319031493,1.1427733281885895,-0.2998868473295599
ENSSSCG00000005081,0.10050873329754058,0.5559191420950231,0.6234381322552173,1.279866007647781,-0.0924837470888199
ENSSSCG00000005082,0.10417095023934538,0.31211531780275575,0.34779290799337137,0.7640791760354725,-0.2589019113544306
ENSSSCG00000005083,0.1206799918248157,0.4247579570020949,0.4750271501056376,1.020465098932548,-0.028482082921790927
ENSSSCG00000005084,0.1879647104184324,0.4567594854663308,0.31132168272245103,0.9560458786072141,-0.2834757364149675
ENSSSCG00000005085,0.5820220128942709,0.8682057715860775,0.5317370211756407,1.981964805655989,-0.19447814068178543
ENSSSCG00000005087,0.29170547745231346,0.47884883834439695,0.5965424855080772,1.3670968013047875,-0.07196354049310683
ENSSSCG00000005090,1.10283157298795,0.9183766828488674,1.326228832261194,3.3474370880980118,-0.188310630375529
ENSSSCG00000005092,0.36400681580543287,0.5823955836115796,0.839871012081813,1.7862734114988257,-0.10558291054710446
ENSSSCG00000005095,0.5920623595719169,0.28412043900676687,0.7288749228154839,1.6050577213941677,-0.43041984408584355
ENSSSCG00000005096,0.8085580954260068,1.0939960450104862,0.53397310009498,2.436527240531473,-0.26271017203858327
ENSSSCG00000005097,0.7105081802358759,0.6934953051787095,0.8619794148572901,2.2659829002718754,-0.10495056431279016
ENSSSCG00000005098,0.15001090096226352,0.5165989493761854,0.5618248715993445,1.2284347219377936,-0.14534944572759648
ENSSSCG00000005101,0.22945089421382553,1.561749514488539,1.591375555278202,3.3825759639805666,-0.3057458043545647
ENSSSCG00000005103,0.3542730097546706,0.4811805775363364,0.5238206005230956,1.3592741878141026,-0.2579425364484085
ENSSSCG00000005105,0.362440617126038,0.9373864067738787,0.9407165297495615,2.2405435536494784,0.09252157608795804
ENSSSCG00000005109,0.10317499469424131,0.6422234917702185,0.6678032784354279,1.4132017648998878,-0.1895965399870214
ENSSSCG00000005110,0.21913692022196582,0.5944141841639823,0.7455544598850798,1.5591055642710279,-0.27344448987891096
ENSSSCG00000005112,0.799807484888029,0.44156561983551584,0.8889633128280855,2.1303364175516304,-0.09507208192683834
ENSSSCG00000005122,0.425427296225617,0.8160535439221427,0.9427211799750227,2.1842020201227825,-0.41743251966946826
ENSSSCG00000005124,0.12919841712600216,0.3979021967377784,0.48064681208616217,1.0077474259499428,-0.27726161135133115
ENSSSCG00000005126,0.5528072332801794,0.9400799813559868,0.8655663235046713,2.3584535381408376,-0.0799619621768895
ENSSSCG00000005130,0.24567578876328752,0.759971594253,0.5967823942265061,1.6024297772427936,-0.42037267802086453
ENSSSCG00000005135,1.0503135867060476,0.7810481671808699,0.9217412471310364,2.753103001017954,-0.02595116629554254
ENSSSCG00000005164,0.3659460803877554,0.32837753481721077,0.6185704679183524,1.3128940831233185,-0.22346436524454877
ENSSSCG00000005166,0.6414131982393321,0.6390384007570811,0.6752541536958915,1.9557057526923045,-0.3084548385192018
ENSSSCG00000005167,0.09883410025527892,0.7684102268549846,0.773255316056398,1.6404996431666614,-0.21340065810923564
ENSSSCG00000005169,0.5368543779535743,1.6512391571526361,1.5427857768033706,3.7308793119095807,0.12673956316064305
ENSSSCG00000005170,0.5158182339506632,0.9747451541405954,0.7632421413750514,2.2538055294663097,-0.2447488449437252
ENSSSCG00000005172,0.5586720745516127,1.0583353370621114,1.3163631371787783,2.933370548792502,-0.027219057014559008
ENSSSCG00000005173,0.759581452553839,1.032682077007417,0.773803123779002,2.5660666533402576,0.028049450859549144
ENSSSCG00000005174,1.1669304319647575,1.5728291186438457,1.8112118414505027,4.550971392059106,-0.1320156612939768
ENSSSCG00000005177,0.5758204114221196,0.5537176602198302,1.066238307916979,2.1957763795589287,-0.3194318550425521
ENSSSCG00000005178,0.7235522838041865,0.3505164691820281,1.005590511379799,2.0796592643660134,-0.33514364438392863
ENSSSCG00000005180,0.4783620394049194,0.9844726809011701,0.788683276531892,2.2515179968379813,-0.3415594103203644
ENSSSCG00000005182,0.3630688192987016,0.8397721154590451,0.7367793409640284,1.939620275721775,-0.3210266049256733
ENSSSCG00000005183,0.3241804602123408,1.411805332222219,1.6495101763556084,3.3854959687901682,-0.22187905924216142
ENSSSCG00000005184,0.28667808122081495,0.6304917883237413,0.6278866836210167,1.545056553165573,-0.2974852711076374
ENSSSCG00000005186,0.22223971120090036,0.6745537597759492,0.6133466201787088,1.5101400911555585,-0.2031132641433885
ENSSSCG00000005190,0.2688892330269381,1.3773100644265261,1.456369065047012,3.1025683625004765,-0.38855511534676984
ENSSSCG00000005191,0.5525882508034927,0.4827009026360566,0.6103111720516725,1.6456003254912217,-0.2437162425511109
ENSSSCG00000005198,0.1715886229449124,0.27653360765864227,0.3621742574014017,0.8102964880049564,-0.16812187975588624
ENSSSCG00000005199,0.45079923899449803,1.2348430585567722,1.0164554649606534,2.702097762511924,0.13005144167482793
ENSSSCG00000005201,0.6267409236109223,1.9238235509238968,2.335829522728122,4.886393997262941,-0.45507002267412916
ENSSSCG00000005204,0.16446410346988005,0.21043742552201783,0.2629392146939728,0.6378407436858706,-0.06932751272091733
ENSSSCG00000005205,0.8104663817206038,0.8713060252124012,0.30690388753535985,1.988676294468365,-0.1590119654806641
ENSSSCG00000005207,0.4122714618292229,0.4865527946788778,0.8326305728529565,1.7314548293610572,-0.14650446677884388
ENSSSCG00000005208,0.30785152746710476,0.2868950445791104,0.3924301999025872,0.9871767719488024,-0.3087265519511274
ENSSSCG00000005215,0.4305219337610312,0.3879677402856409,0.33114807108206873,1.1496377451287407,-0.0821673932491725
ENSSSCG00000005217,0.9243417792973191,0.7490692856513422,0.721690025951829,2.39510109090049,0.03699755023580007
ENSSSCG00000005219,0.3612967788947787,0.4071247923868617,0.6414794473468824,1.4099010186285228,-0.14478574570379146
ENSSSCG00000005224,0.24075280386373096,0.7656751586015601,0.9323508020063812,1.9387787644716723,-0.1829617292928821
ENSSSCG00000005225,0.26907694959618667,0.46777521101916375,0.6434100769546823,1.3802622375700326,-0.08616740676122876
ENSSSCG00000005227,0.800929071928391,1.2284104867823833,1.218673670973312,3.2480132296840862,-0.08673777250982322
ENSSSCG00000005229,0.32767644580686933,0.4614696389355247,0.6911913677451766,1.4803374524875705,-0.3002490030866165
ENSSSCG00000005232,0.205922302767153,0.4462414547736972,0.43350012925623166,1.0856638867970818,-0.16544285413618542
ENSSSCG00000005235,0.43390514772985517,0.37121721350738446,0.7983640023498639,1.6034863635871035,-0.402984576767758
ENSSSCG00000005236,0.19679398485795602,0.5043762432989289,0.6347310969583848,1.3359013251152698,-0.23689215024607585
ENSSSCG00000005240,0.4312934152554347,0.9272013196933385,0.6881983695986258,2.046693104547399,-0.2597123025218361
ENSSSCG00000005241,0.1616256505600621,0.7572251265967999,0.7897630429676501,1.708613820124512,-0.08558161305447266
ENSSSCG00000005243,0.5386158386296965,0.9505568882696764,0.878875020180992,2.368047747080365,-0.09997529274756811
ENSSSCG00000005247,0.4636478332831171,1.094975228903426,1.3781308836501427,2.936753945836686,-0.030089434487257385
ENSSSCG00000005249,0.19625270141840476,0.43806914609729497,0.5900985631193404,1.22442041063504,-0.22187298336934994
ENSSSCG00000005250,0.5591801551743613,0.6993650758096847,1.0165506210393493,2.2750958520233953,-0.3214575604603955
ENSSSCG00000005252,0.4625079513847992,0.7027027736007769,0.4933286873668289,1.6585394123524049,-0.002272685419760672
ENSSSCG00000005255,0.46259746819262626,0.3923420325399484,0.20696226556849429,1.061901766301069,-0.13340730475239462
ENSSSCG00000005257,0.39328339545767993,0.5702157645265223,0.5176729335225413,1.4811720935067436,-0.3101500586422072
ENSSSCG00000005268,0.36583839882788116,1.6332173539502295,1.5929213317862603,3.591977084564371,-0.46884099071428664
ENSSSCG00000005269,0.38275300160015596,0.9647225393210103,0.86869638304108,2.2161719239622464,-0.30831067128107353
ENSSSCG00000005271,0.8514738624362885,1.0250554405506174,0.7410947756225904,2.6176240786094964,-0.06102278733571454
ENSSSCG00000005273,0.5666553497707228,0.8548632389485223,0.6527497076122835,2.0742682963315286,0.02634309094364225
ENSSSCG00000005277,0.4673519961889363,0.4572866902771258,0.6754392335212652,1.6000779199873274,-0.13989881967348566
ENSSSCG00000005278,0.25556249685231675,0.5329404572848394,0.6397895199391257,1.428292474076282,-0.13552521031658302
ENSSSCG00000005282,0.3999475885689383,0.274772851028807,0.633445256122306,1.3081656957200511,-0.15736425933781364
ENSSSCG00000005286,0.18879168818477643,0.3956963894788687,0.25999356382204847,0.8444816414856937,-0.306030323048348
ENSSSCG00000005287,0.4608998374214368,0.8808909595511245,0.7569727676903593,2.098763564662921,-0.13884996173842473
ENSSSCG00000005288,0.1774033277863662,1.3417647727075226,1.4205720020178243,2.9397401025117134,-0.18014463759306576
ENSSSCG00000005291,0.07346925073224984,0.7202651852746648,0.6510888937702366,1.4448233297771513,0.01709133334708829
ENSSSCG00000005296,0.20801337031398398,0.6563102576309986,0.8316509705955069,1.6959745985404895,-0.33846393700929545
ENSSSCG00000005300,1.1173944118483579,0.9966582526782534,1.4591171871627018,3.573169851689313,0.08546202756048074
ENSSSCG00000005305,0.6356695964510587,0.6967287350496487,0.7931183352944704,2.1255166667951775,-0.32735434450268186
ENSSSCG00000005308,0.5500189996770727,0.474620779698231,0.8179905608263845,1.8426303402016884,-0.2586549739925174
ENSSSCG00000005317,0.6712450409887377,0.36997896571472705,0.492541510193814,1.5337655168972788,0.04137999588887844
ENSSSCG00000005322,0.3285785600651695,0.46407632855810216,0.6760781619784244,1.468733050601696,-0.08362086420382565
ENSSSCG00000005338,0.6273486641499189,0.6562654889278755,0.32613606309128756,1.609750216169082,-0.13480137460198624
ENSSSCG00000005340,0.324219679939985,0.4971124893416367,0.7080496187643196,1.5293817880459413,-0.1389861733117661
ENSSSCG00000005343,0.6332727978940055,2.3855261462887194,2.4320019959337627,5.450800940116487,-0.2755841583919747
ENSSSCG00000005344,0.2786947449273607,0.5244902209050434,0.6606267138752983,1.4638116797077023,-0.26863535550355067
ENSSSCG00000005346,0.9348131050736227,0.45280541597519874,0.9378886373226017,2.325507158371423,-0.18802590508153147
ENSSSCG00000005347,0.4737866624542525,2.2264102321972334,2.520123760048621,5.220320654700107,-0.15138714570686468
ENSSSCG00000005349,0.46855570898135845,0.27332854502624776,0.4789435461619947,1.220827800169601,0.1323695741827263
ENSSSCG00000005350,0.14437903012088962,0.5038250116439945,0.44663443230512995,1.0948384740700141,-0.42829632426209263
ENSSSCG00000005354,0.2712959123398456,1.4392135909861854,1.22638042898185,2.9368899323078814,-0.06715370971970265
ENSSSCG00000005355,0.2603749597542803,0.7647291776315355,0.6732458843528966,1.6983500217387124,0.06870493651550004
ENSSSCG00000005356,0.6522408966689386,0.2522232251606422,0.5706222166923206,1.4750863385219013,-0.03635292542118466
ENSSSCG00000005366,0.48684224725517916,0.945325526861113,0.8669152331483412,2.2990830072646333,-0.14859355608959587
ENSSSCG00000005367,0.36699709934428976,1.8183879356632102,1.5478761659679112,3.733261200975411,-0.19810061957306238
ENSSSCG00000005368,0.7100290838948414,0.3907054478031582,0.47675497889203405,1.5774895105900335,-0.0734147097290481
ENSSSCG00000005371,0.8930789091603125,0.6189655098025643,0.7826817139796406,2.2947261329425173,-0.07565168636160173
ENSSSCG00000005373,1.389548878185778,0.29852147206136576,1.2753988292714087,2.963469179518553,-0.013775537974727218
ENSSSCG00000005376,0.1153438341418423,0.7303275489001713,0.7043829356129822,1.5500543186549955,-0.03952877727725351
ENSSSCG00000005380,0.1135866534624994,0.6440572640470286,0.5824895042166369,1.340133421726165,-0.12863646856373656
ENSSSCG00000005382,0.21386306181095996,0.40149943563347884,0.4534901060563105,1.0688526035007493,-0.0402925048737257
ENSSSCG00000005383,0.3584542760599914,0.4766428875820506,0.5678980679445547,1.4029952315865968,0.08641352116577972
ENSSSCG00000005386,0.28089524345617634,0.6024589065699479,0.5719028253849686,1.455256975411093,0.013049603096979374
ENSSSCG00000005388,0.33870760093835217,0.7998886568151781,0.9697353894949055,2.108331647248436,-0.16171311842142863
ENSSSCG00000005389,1.1276246405816506,0.7269663514655494,0.4283046613059181,2.282895653353118,-0.12063900436194086
ENSSSCG00000005391,0.1192207508869026,1.5976419518560858,1.5417060543743821,3.2585687571173705,-0.30127935803929484
ENSSSCG00000005399,0.4924905966377319,1.1589751068463687,0.8857840465938775,2.5372497500779785,-0.3168752313281281
ENSSSCG00000005400,0.24141941383972387,1.0439224445058861,1.25598436583196,2.54132622417757,-0.3861120914437188
ENSSSCG00000005403,0.6031714322875893,0.16979245113785038,0.5312993940409071,1.3042632774663467,-0.11612851578482608
ENSSSCG00000005423,0.14847595775720884,0.282402231971731,0.3156955102844351,0.746573700013375,-0.12143749747146748
ENSSSCG00000005424,0.38866057336675386,0.511767746544348,0.5016802874105716,1.4021086073216735,-0.007283847584338986
ENSSSCG00000005425,0.13778132695857412,0.4506217603933112,0.3949870784753411,0.9833901658272264,0.10366888773724728
ENSSSCG00000005426,0.15029182405721814,1.4357638420381469,1.3657454957054798,2.951801161800845,-0.28122025980788834
ENSSSCG00000005436,0.7034972619282889,0.2555360179407306,0.5780111071157705,1.53704438698479,-0.12425440042379621
ENSSSCG00000005437,0.6832962658702171,0.6951177925808454,0.9825622061145116,2.360976264565574,-0.21331536899276637
ENSSSCG00000005440,1.3227697408472474,0.5394752047082223,1.0777198976089661,2.939964843164436,-0.21114136770110403
ENSSSCG00000005441,0.6594152576107345,0.17763039461262273,0.6791236958172658,1.516169348040623,0.013244069315798636
ENSSSCG00000005444,0.29622890952613046,0.669688014795262,0.9224116232658548,1.888328547587247,0.00047243241801639955
ENSSSCG00000005446,0.4757215383895614,0.6300402347828286,0.5423681826850605,1.6481299558574505,-0.329168892315546
ENSSSCG00000005449,0.5566808302794556,0.7039329833834117,0.6141612374259126,1.87477505108878,-0.1825025961749637
ENSSSCG00000005453,0.41144355077158784,0.9608032397992313,1.099570477822759,2.471817268393578,0.0929310361131477
ENSSSCG00000005455,0.4243281559768487,0.7052567902680609,1.0711386341731866,2.200723580418096,-0.20120006348493263
ENSSSCG00000005457,0.40486364267927866,0.38083716440940785,0.264703917849311,1.0504047249379975,0.09569094663071294
ENSSSCG00000005459,0.4105911612161108,0.9191596992611518,1.018650903170048,2.3484017636473107,-0.18424905603688507
ENSSSCG00000005463,0.26494575747059934,0.6428962297085756,0.8608609150774064,1.7687029022565812,0.004830634025121468
ENSSSCG00000005465,0.37093257895467896,0.5803126226426091,0.8582714621369937,1.8095166637342817,-0.08539888013622006
ENSSSCG00000005466,0.32991790763759626,1.628691855330585,1.576427995576512,3.535037758544693,-0.16086814043442255
ENSSSCG00000005467,0.5370488481981635,0.8467527244828253,1.2547689150927412,2.6385704877737304,-0.045953679965651396
ENSSSCG00000005469,0.23804465946032927,0.2660665122057243,0.3546113096833399,0.8587224813493934,-0.12083632153541925
ENSSSCG00000005471,0.4076482520379009,0.7850844487760672,0.3887540733163411,1.5814867741303091,-0.0947696136971904
ENSSSCG00000005472,0.3664280167762462,0.7544067220090286,0.7116087963058717,1.8324435350911465,-0.33884703793972465
ENSSSCG00000005474,0.6234588776466204,0.39247941123369817,0.821531397726961,1.8374696866072795,-0.11850126907300909
ENSSSCG00000005475,0.20006539808362117,0.6333358599352155,0.7804085322677888,1.6138097902866253,-0.15148994746598896
ENSSSCG00000005477,0.6622682134821701,0.6394975354435736,0.40042451093892123,1.702190259864665,-0.09527875985836688
ENSSSCG00000005478,0.4065405806615426,1.7331623900649098,1.978057644483511,4.1177606152099635,-0.10304054338760366
ENSSSCG00000005484,0.28663396477555586,0.7103678170135967,0.8468280554334743,1.8438298372226267,-0.28300495681018195
ENSSSCG00000005501,0.2903764111228955,0.12674208850248864,0.35811530713987855,0.7752338067652627,-0.16998922205729466
ENSSSCG00000005502,0.26794197303327233,0.9450560028215486,0.9286702717666145,2.1416682476214355,-0.17698634520473722
ENSSSCG00000005506,0.1256825813484767,0.5054737863949204,0.595138008518544,1.2262943762619412,-0.2890893590059244
ENSSSCG00000005507,0.8827393202349951,0.6858470979419704,0.4023061076891335,1.970892525866099,-0.09436079003602262
ENSSSCG00000005508,0.15000035146848276,0.4052173511251425,0.44119860758433327,0.9964163101779585,-0.11923883063692169
ENSSSCG00000005510,0.18253719937431206,0.6568059025713283,0.8222821174205335,1.6616252193661738,-0.3996439804698438
ENSSSCG00000005512,0.16308593558903223,0.5681487421704529,0.6652805102223323,1.3965151879818174,-0.11178059487820219
ENSSSCG00000005514,0.09123279945387018,2.1000702010177354,2.009714786303403,4.201017786775008,-0.027623019992285013
ENSSSCG00000005524,0.2211076504618678,0.93079662535221,0.7761583032446266,1.9280625790587045,-0.37308844844912037
ENSSSCG00000005528,0.5326813301282128,1.2003387810687207,1.374410133684439,3.107430244881373,0.1337875302744009
ENSSSCG00000005532,0.2132533764388185,0.9126262066878701,0.8616142239804574,1.987493807107146,0.01751356501467483
ENSSSCG00000005575,0.5031434944101074,0.9795596282779814,0.503799661797769,1.9865027844858578,-0.05033169981298582
ENSSSCG00000005582,0.17912067245049665,0.8878046254520144,0.9168036741575554,1.9837289720600664,-0.03282931750352389
ENSSSCG00000005584,0.12374066584942878,0.3534998976798289,0.3878617742521899,0.8651023377814475,-0.06779346069749542
ENSSSCG00000005585,0.2977050731180447,0.370678524372649,0.3090420073004732,0.9774256047911669,-0.10579236730250724
ENSSSCG00000005586,0.07457557174064065,0.6709199696817607,0.6419993063884636,1.3874948478108649,-0.23824566830660754
ENSSSCG00000005589,0.38107363358006735,0.7773573679979777,0.5127071776922559,1.6711381792703008,-0.1471760526626478
ENSSSCG00000005590,0.2986261200004233,1.218787290724893,1.1321688401276413,2.6495822508529576,0.1921117900272586
ENSSSCG00000005596,0.4209259542836103,1.3312498362891982,1.5493507578007173,3.301526548373526,0.10080487586587898
ENSSSCG00000005597,0.5642255334418008,0.7882739535054639,0.9808918401423274,2.333391327089592,-0.03438267151836161
ENSSSCG00000005598,0.7538154636927956,1.267043069489054,0.616991819684661,2.6378503528665105,-0.08899731791356356
ENSSSCG00000005599,0.15402773631626812,0.5202451664980297,0.6091197845519639,1.2833926873662618,0.0005257594800093261
ENSSSCG00000005600,0.8352834160235304,1.2023645596232093,0.9426754385213758,2.980323414168115,-0.20587676198553548
ENSSSCG00000005601,0.3361724959752498,0.6466398404434864,0.6411054425506901,1.6239177789694264,0.08080301279776125
ENSSSCG00000005602,0.31379308452805116,0.5328139007791926,0.41967061383025833,1.2662775991375022,-0.0121927935754988
ENSSSCG00000005604,0.12364548881502564,0.2906896264077606,0.3885199311259013,0.8028550463486874,-0.22366460590787746
ENSSSCG00000005610,0.2518901115980839,0.2183109915182629,0.4411914713587278,0.9113925744750746,-0.010053822814166707
ENSSSCG00000005611,0.6795040772795573,1.2412898506800827,1.852354189101513,3.7731481170611527,0.1640709993680937
ENSSSCG00000005613,0.0676090115658872,0.25702031421275023,0.3216419684507228,0.6462712942293602,-0.08349163871458756
ENSSSCG00000005614,0.1744900774890569,0.4910247712379753,0.36508928504684446,1.0306041337738767,-0.17109373408554737
ENSSSCG00000005617,0.2860219390983292,0.9163825284147148,0.7587237037044025,1.9611281712174464,-0.05892309790221191
ENSSSCG00000005621,0.6065729318254541,1.1171461926527757,0.8694980885501524,2.5932172130283826,-0.17334665325487955
ENSSSCG00000005625,0.0850293909226087,0.7152373511347462,0.6445678968908257,1.4448346389481805,0.09855674125759357
ENSSSCG00000005626,0.23419167566374396,0.7190122368443439,0.5653861097866145,1.5185900222947024,0.09062832161961588
ENSSSCG00000005628,0.10250691949860444,0.3446793444722889,0.36796407356392713,0.8151503375348205,0.1389548200709282
ENSSSCG00000005631,0.2165274629520068,0.5205660991554381,0.4381155469142222,1.175209109021667,-0.10703459827061894
ENSSSCG00000005640,0.1900904121610131,1.0101763512212105,0.9402057424847544,2.140472505866978,0.12135353467616133
ENSSSCG00000005643,0.0663044269754303,1.3563781525513312,1.3114281140248312,2.7341106935515924,-0.0038630134542856805
ENSSSCG00000005645,0.4680812591477936,0.40543124332886354,0.2951928039827414,1.1687053064593984,0.1296988041876331
ENSSSCG00000005649,0.477031812420946,0.6803548871909953,0.42343676911918515,1.5808234687311264,0.1549979808188735
ENSSSCG00000005651,0.5409559529193542,0.8855024553660181,1.1444251832145245,2.570883591499897,-0.04421494370465
ENSSSCG00000005652,0.5820626876817114,0.7488774325995958,0.8243081064575728,2.15524822673888,-0.14454370718158296
ENSSSCG00000005654,0.19027114035478962,0.6763752789098196,0.672114096124293,1.5387605153889021,-0.08475855397237049
ENSSSCG00000005655,0.10787571224806913,0.5883143455304581,0.625876491631269,1.3220665494097963,-0.06699778676967101
ENSSSCG00000005656,0.5750234776952736,0.9563660719657399,0.8880653945588974,2.419454944219911,0.03880116270341484
ENSSSCG00000005660,0.3484948429662567,0.84369188230349,0.878526046116117,2.0707127713858635,-0.07726306924438218
ENSSSCG00000005663,0.3017496387857431,0.6182556098534295,0.40802035466540026,1.328025603304573,-0.03900690140516413
ENSSSCG00000005666,0.6716400465595166,0.2754972997408292,0.8175092786408064,1.764646624941152,-0.05806315787715865
ENSSSCG00000005667,0.21731458635678302,0.5840213407474956,0.5574987914286262,1.3588347185329048,0.041604970023164926
ENSSSCG00000005683,0.40945912053253725,0.4973417815932392,0.42563877613805534,1.3324396782638317,-0.07833492352042082
ENSSSCG00000005688,0.2235491518710966,1.0300710241478885,0.9351644768798205,2.1887846528988057,0.2647738850912186
ENSSSCG00000005689,0.4425791239503383,0.2549354105114367,0.3648366898378959,1.0623512242996709,-0.09137275253164309
ENSSSCG00000005702,0.10097270394862631,0.4397472587140343,0.40686115980696513,0.9475811224696258,-0.0280393933704335
ENSSSCG00000005704,0.17404009307846455,0.30986670322538507,0.34170972599825666,0.8256165223021062,0.09755280516420814
ENSSSCG00000005706,0.2321405783567395,0.759926025192717,0.7309183624547964,1.7229849660042529,-0.3893920714448174
ENSSSCG00000005710,0.3621924099837078,0.5387026559533553,0.7124588912741858,1.613353957211249,-0.10352714661772902
ENSSSCG00000005711,0.9741055622931349,0.8750126491937693,1.5194387593726528,3.368556970859557,-0.33993283160508747
ENSSSCG00000005715,0.17653536887590976,0.6366643784734809,0.7395352160857995,1.5527349634351901,-0.09292317045948914
ENSSSCG00000005720,0.21095824367506247,0.5984452372912465,0.44912470353755635,1.2585281845038654,-0.149141044844905
ENSSSCG00000005724,0.5244951471181821,0.49981440306713115,0.3898700249007877,1.4141795750861008,-0.25315291289580427
ENSSSCG00000005725,0.0899101639932299,0.6764549922215756,0.5897570343591306,1.3561221905739362,-0.0830643277544829
ENSSSCG00000005729,0.5604587168256061,0.6932669677591397,0.5109290887045025,1.7646547732892484,-0.13059411206565272
ENSSSCG00000005731,0.10567323813625731,0.37101553924289504,0.3852479164711597,0.8619366938503121,-0.08634977934995565
ENSSSCG00000005749,0.09772823803877016,1.3399675228225902,1.2546749659549954,2.692370726816356,-0.2952362410648008
ENSSSCG00000005768,0.443630444935033,0.4189109543800971,0.6641910577915902,1.5267324571067202,-0.06547593064712814
ENSSSCG00000005771,0.38232437831916566,0.7399904447968139,0.8630175306984914,1.9853323538144712,-0.0749949449052235
ENSSSCG00000005782,0.32131115130190413,0.48826637879589463,0.501692579483261,1.3112701095810597,-0.10985766989321506
ENSSSCG00000005786,0.5439094705846561,1.1637751615099015,1.451503050043123,3.1591876821376808,0.01686258807872753
ENSSSCG00000005787,0.16347030184381134,0.9774409349322465,0.8219019333375568,1.9628131701136147,-0.19743000909158456
ENSSSCG00000005880,0.41867980497568663,0.54671413491331,0.6712077865050137,1.6366017263940102,0.03956761336655802
ENSSSCG00000005890,0.2620442313846595,0.3116561020673643,0.4034085411491649,0.9771088746011888,-0.17335833094143896
ENSSSCG00000005893,0.40868540758601124,0.6966837856813574,0.36622468324505186,1.4715938765124204,-0.2038342153075495
ENSSSCG00000005904,0.14752178409968286,0.8001766960929909,0.8149889554951373,1.762687435687811,0.15876680218904715
ENSSSCG00000005917,0.09339465471380044,1.0839196001606182,0.9957268997925329,2.1730411546669517,0.011738915858037722
ENSSSCG00000005918,0.0938401494581798,0.9703221715889541,0.8846237206513534,1.9487860416984872,0.00729104102721117
ENSSSCG00000005930,0.1695097273891389,0.6492293885522591,0.5080257983141476,1.3267649142555455,-0.19466783000963955
ENSSSCG00000005933,1.0103501229703105,0.8150079286331265,0.6246335368235688,2.449991588427006,-0.10304449493425165
ENSSSCG00000005934,0.15792643645393828,0.3461749951970634,0.29402929822386215,0.7981307298748639,-0.09999446870444655
ENSSSCG00000005935,0.6571016489672908,0.6347232994336294,0.6238745903981172,1.9156995387990374,-0.232030686653009
ENSSSCG00000005941,0.17009131427271657,0.8300118662038266,0.7565338696682837,1.756637050144827,-0.34794935382399944
ENSSSCG00000005950,0.5749091293613735,0.4090735777440262,0.18564734135645147,1.1696300484618511,-0.28985656131903764
ENSSSCG00000005955,0.35018687121248504,0.5477531729936206,0.4193038095901486,1.3172438537962543,-0.15022818505341984
ENSSSCG00000005959,0.41698142877692956,0.7702666120818059,0.8385720178420293,2.0258200587007646,-0.06376387018432465
ENSSSCG00000005965,1.19669178503968,1.1787458981334162,1.1199991624808237,3.49543684565392,0.046346324484675544
ENSSSCG00000005967,0.7705996943181715,1.1891591130715493,1.8672750969383267,3.8270339043280472,-0.08605431324496604
ENSSSCG00000005969,0.5596373734954007,0.49416601761127416,0.5687984913221011,1.622601882428776,-0.14454680459282918
ENSSSCG00000005970,0.6673537295204445,0.9038505942088187,1.0992995458394477,2.670503869568711,-0.11653219366187444
ENSSSCG00000005971,0.5812043767745984,0.2227455245395109,0.43671524086980545,1.2406651421839148,-0.07774677171650467
ENSSSCG00000005975,0.3637655125736289,1.2818151146617032,1.5314078185924587,3.1769884458277904,-0.020049308161171907
ENSSSCG00000005976,0.6885145400472485,1.9576958766381358,1.515336849042318,4.161547265727703,0.11330433903209977
ENSSSCG00000005982,0.18300918290786947,0.37739965302859846,0.33723844637670375,0.8976472823131717,-0.2060137286517464
ENSSSCG00000005983,0.5881326556188132,0.7852419584763621,0.9217942533876096,2.2951688674827846,-0.1399295383692215
ENSSSCG00000005984,0.5438165940042025,1.154561587098125,1.2663965098701797,2.964774690972507,-0.36928048194976076
ENSSSCG00000005987,0.1610647192675235,0.5824525542359015,0.7202491964898146,1.4637664699932396,-0.26485371683130055
ENSSSCG00000005992,0.075659944067489,0.720977919026803,0.7878846272141149,1.584522490308407,0.0019199241414240727
ENSSSCG00000005995,0.746732412467252,0.44465464440064933,0.8643897248628732,2.0557767817307746,-0.08876188207751369
ENSSSCG00000005996,0.6946967696453971,0.8603873794375574,0.8960240918371317,2.451108240920086,0.04172845612994607
ENSSSCG00000005997,0.40902850484867126,1.2431359146733354,1.545510653615547,3.1976750731375536,-0.401714762172936
ENSSSCG00000006000,0.36625475803609076,1.1806874677515105,0.9272271200832252,2.474169345870826,-0.07936131492711121
ENSSSCG00000006009,0.5542027251877296,0.8027189398539799,1.1057901626154962,2.4627118276572055,-0.25175105086586524
ENSSSCG00000006014,0.9393181972213968,0.9803533094792666,0.5956908057104046,2.515362312411068,-0.08851382099156134
ENSSSCG00000006016,0.3952481114494685,1.7803043831687513,1.9683669223500138,4.143919416968234,0.06498660128289732
ENSSSCG00000006018,0.22254916036645594,0.6439291109127281,0.6086316874967682,1.4751099587759522,-0.04578333900928073
ENSSSCG00000006024,0.6785475144304071,1.0252609033207407,1.4578259565791996,3.1616343743303474,-0.27989478774589965
ENSSSCG00000006029,0.8252601889743649,0.6867487547304657,0.8768661269663299,2.3888750706711606,-0.11812862895703527
ENSSSCG00000006031,0.21712445477341083,0.5032152330652278,0.6436420353674107,1.3639817232060492,-0.20324440214376818
ENSSSCG00000006032,1.1628670336434324,0.5680599656232034,0.9189741461028845,2.6499011453695203,-0.1463591148241025
ENSSSCG00000006033,0.49680931565842873,1.6749364857011881,1.4024624681007682,3.574208269460385,-0.02729404284622978
ENSSSCG00000006034,0.23260918897449215,0.8008588362837528,0.7123392408161819,1.7458072660744268,-0.4603873798479136
ENSSSCG00000006035,0.3886844220235457,0.27267394004597234,0.48612479742688186,1.1474831594964,-0.16444472381085568
ENSSSCG00000006037,0.8810679509736078,0.4714532073927653,0.8312567820636301,2.1837779404300033,-0.2688882547222638
ENSSSCG00000006038,0.671017250280078,0.6394348764785033,0.9832711371417734,2.2937232639003544,-0.3354775106422415
ENSSSCG00000006040,0.3672470374485382,0.6524123321052194,0.8132342354857074,1.832893605039465,-0.33196237183440686
ENSSSCG00000006048,0.4299792692679204,1.1556793427035594,1.1043650605435678,2.6900236725150473,-0.03073252910622444
ENSSSCG00000006049,0.618578729701544,0.726684822382742,0.5089243874965965,1.8541879395808825,-0.34362225860908346
ENSSSCG00000006052,0.3975257113159103,0.25699484520387855,0.5085664101445545,1.1630869666643435,-0.26289184952926714
ENSSSCG00000006054,0.7268836319868605,0.8135611282803847,0.4378594244656415,1.9783041847328866,-0.043201609010127165
ENSSSCG00000006060,0.16752681965857835,0.5129183350663648,0.5784886555562356,1.2589338102811787,-0.261914274265595
ENSSSCG00000006061,0.5963024110741203,0.7567081810014127,0.4123733061472269,1.7653838982227597,-0.037859552188126484
ENSSSCG00000006062,0.6395975749960688,0.7325250758721631,1.3320990798370078,2.70422173070524,0.06886977551587893
ENSSSCG00000006063,1.5244048734055093,0.8726473069577326,0.8126577518209386,3.2097099321841807,0.2575990282524987
ENSSSCG00000006064,0.5281871001781306,0.9384015215461653,1.2143461195476921,2.680934741271988,-0.38067706706565696
ENSSSCG00000006065,0.9738354451964328,1.222836396273777,0.5891713548879601,2.78584319635817,-0.3004353383241016
ENSSSCG00000006066,0.5928371900116679,1.6256055676255017,1.3943268678916454,3.6127696255288146,-0.21325826695709577
ENSSSCG00000006069,0.9591283353192411,1.2497649704663916,0.9529276167586492,3.161820922544282,-0.38893446537779336
ENSSSCG00000006071,0.26116339418205436,0.5123160450265827,0.7563504265925752,1.5298298658012124,-0.22430634021319332
ENSSSCG00000006073,0.4325111838042923,0.5573669179271195,0.6460492409615499,1.6359273426929617,-0.2296755880812718
ENSSSCG00000006074,0.6057974182699597,0.4882153477744283,0.625271699735885,1.719284465780273,-0.04518493426209012
ENSSSCG00000006078,0.6445562994221307,0.2347177840616828,0.5609134477840219,1.4401875312678354,-0.026165195186634127
ENSSSCG00000006079,0.23220650848141014,0.6255335689606921,0.7608293339302308,1.618569411372333,-0.1252233494344271
ENSSSCG00000006081,0.6205245647882266,1.254754883631568,1.4272077721464904,3.302487220566285,0.07245243363528667
ENSSSCG00000006083,0.2682793512933825,0.3375331276314592,0.4549558131443446,1.0607682920691863,0.008733957141252848
ENSSSCG00000006084,0.12209342723858614,0.7615582909822148,0.7090796290694781,1.592731347290279,-0.02550102910471003
ENSSSCG00000006088,0.46024821239374614,0.5296562129803496,0.9460403045919321,1.9359447299660277,-0.3506821201491756
ENSSSCG00000006089,0.14372340846589365,0.678592414770109,0.7388011324796213,1.561116955715624,0.023769273201473012
ENSSSCG00000006090,0.2118674470394925,2.6402696494348707,2.4863467748965458,5.338483871370909,0.06730533519740235
ENSSSCG00000006095,0.25968787975011104,0.4598469247102608,0.3982502876610267,1.1177850921213985,0.011874669847326514
ENSSSCG00000006096,0.2909774292620149,0.44396605871989037,0.5119389819782171,1.2468824699601222,0.05071083212888344
ENSSSCG00000006098,0.42906573540377013,0.42962986527925884,0.8258652813412976,1.6845608820243265,-0.06569997670982484
ENSSSCG00000006099,0.1653487477364936,0.4323444542179906,0.4964303010485086,1.0941235030029928,-0.24744722977841463
ENSSSCG00000006100,0.46812269400316175,0.9334469246210795,0.49698537038023605,1.8985549890044773,-0.1939855353903548
ENSSSCG00000006101,0.7492529790205696,0.5040762703267069,1.1215037729499477,2.3748330222972243,-0.296777974622761
ENSSSCG00000006107,0.33999711593020415,0.3071172656681404,0.20286690227504048,0.849981283873385,-0.15351161705937297
ENSSSCG00000006108,0.40411494671637654,0.4856678866661792,0.8472880380665176,1.7370708714490735,-0.10939863878732121
ENSSSCG00000006110,1.251587403695079,1.3739704230996144,1.874814617304927,4.50037244409962,-0.234450750178813
ENSSSCG00000006115,0.8443568331071444,0.2901319869007809,0.9757585266218596,2.1102473466297846,-0.30467471587633355
ENSSSCG00000006120,1.0054121432759495,0.8111163911338795,0.27656783967407184,2.093096374083901,0.04673953144859355
ENSSSCG00000006121,0.32585778695180745,1.075704631416368,0.8487278370205997,2.250290255388775,-0.15473035915928032
ENSSSCG00000006126,0.2771483112669303,0.7337228790871955,0.5980379617084669,1.6089091520625924,-0.26092624879722803
ENSSSCG00000006127,0.12248116430545389,0.45212343056155535,0.3937573378329845,0.9683619326999937,0.007576123950159037
ENSSSCG00000006135,0.7469967300815925,0.9827952535319966,1.0608910260791231,2.790683009692712,0.06973419049307103
ENSSSCG00000006136,0.3041729992291844,0.8470235453275651,0.9610038873204645,2.112200431877214,0.01022827229544609
ENSSSCG00000006137,0.4629336979012708,0.478787565183517,0.5151824234920876,1.4569036865768754,-0.0399209740397173
ENSSSCG00000006146,1.0429503061466656,0.6428833022695299,0.7573110590828591,2.4431446674990545,-0.015167756389510836
ENSSSCG00000006151,0.517958192468899,0.17331188236792966,0.43064982698286797,1.1219199018196966,-0.06339340107812763
ENSSSCG00000006153,0.07056002189549035,0.996392296151396,0.9321998039595529,1.9991521220064392,0.012934175201200585
ENSSSCG00000006155,0.28861253897742384,1.67541399500756,1.7772134383706188,3.7412399723556025,-0.22792869843273286
ENSSSCG00000006157,0.2640756725590124,0.8480330075143474,0.6552525461213158,1.7673612261946756,0.17523993169483365
ENSSSCG00000006159,0.31803865767405437,0.4262146032474224,0.3664440252681914,1.110697286189668,-0.37463008763126115
ENSSSCG00000006162,0.3521648595429598,1.692715596500686,1.700895786375141,3.7457762424187866,-0.4270894117173488
ENSSSCG00000006166,0.2681456943306443,1.8012721900906983,1.7982901042364723,3.8677079886578145,0.1778479562053634
ENSSSCG00000006168,0.2846244015071622,0.7980628833790036,0.5269334893150226,1.6096207742011883,-0.1678392181613685
ENSSSCG00000006174,0.5203646825216359,0.6444868464160375,1.0792973359963465,2.2441488649340195,-0.33052470349940455
ENSSSCG00000006176,0.5604000466554284,1.2211921614981336,1.071202537798677,2.852794745952239,0.004978862360262987
ENSSSCG00000006177,0.8118416495678087,1.4067438777546581,2.1585428957536292,4.377128423076096,-0.24207744417969684
ENSSSCG00000006179,0.25879413410571733,0.39422259512034324,0.42386076439196274,1.0768774936180234,-0.10701433781759594
ENSSSCG00000006184,0.9992325896581088,0.7546430202676069,0.8071535280128642,2.5610291379385797,-0.0455518205156214
ENSSSCG00000006191,0.5650842294036154,0.8619842150483134,0.831226163333232,2.2582946077851607,-0.27054140811157296
ENSSSCG00000006192,0.3558495312464376,0.6743445384550066,0.6984080910668744,1.7286021607683186,0.05874357460983979
ENSSSCG00000006193,0.7666511043906676,0.5299898753609651,0.8631501437160058,2.1597911234676386,0.00624618947374336
ENSSSCG00000006194,0.5145955629702771,0.8761485397426122,0.7667287522842522,2.1574728549971414,-0.06740679057260351
ENSSSCG00000006201,0.6558048141234486,0.6250166223176349,0.9059313947426209,2.1867528311837043,-0.10104398440526796
ENSSSCG00000006202,0.38469086617992515,0.4796164138057943,0.3660707350129405,1.23037801499866,-0.323701708447561
ENSSSCG00000006205,0.6751932238239045,0.2904321811868579,0.683124692535358,1.6487500975461202,-0.04139671252294365
ENSSSCG00000006206,0.4103916359646081,0.56709792116189,0.25750213616818335,1.2349916932946814,-0.31060463286762874
ENSSSCG00000006209,0.7086215161930455,0.517584771316119,0.5843728470311561,1.8105791345403204,-0.18411138341526143
ENSSSCG00000006214,0.693297216137548,1.0971063330576547,0.9838832456546811,2.7742867948498837,-0.12230108251145856
ENSSSCG00000006218,0.13690214606881548,0.5430842256549481,0.5389248433499952,1.2189112150737587,-0.17603142750977943
ENSSSCG00000006219,0.7450280092523816,0.8198719656844249,0.7251473517280201,2.2900473266648267,-0.233674772676913
ENSSSCG00000006220,0.30481053375722644,2.552906574040021,2.6615611114734934,5.519278219270741,-0.21164277106063106
ENSSSCG00000006231,0.28909125742650266,1.30618665128876,1.075694167765035,2.6709720764802976,-0.23945891105972789
ENSSSCG00000006232,0.3690968571883244,1.237016864849681,1.1611108193947919,2.7672245414327974,-0.00013089596873483024
ENSSSCG00000006236,1.0329106237809125,0.7826772644654767,0.7142974577407423,2.5298853459871316,-0.058649272261076885
ENSSSCG00000006237,0.20447436718002635,0.5163123919984148,0.5209846735646152,1.2417714327430565,-0.04658468811220082
ENSSSCG00000006239,0.8929761040166923,0.7344605250704699,0.4253726983943083,2.0528093274814707,-0.21567924325023835
ENSSSCG00000006247,0.33826154475010145,0.4296249120813462,0.4903898553698848,1.2582763122013323,-0.18291599521379157
ENSSSCG00000006248,0.20175370088947053,0.4906896480712561,0.5661991099192661,1.2586424588799927,-0.5151472679551569
ENSSSCG00000006251,0.45046239149087086,0.47143793859738986,0.8581196421361581,1.7800199722244188,-0.00046201373173527903
ENSSSCG00000006252,0.24434028716637538,0.6802583315308439,0.4962671695508657,1.420865788248085,-0.04122380982467309
ENSSSCG00000006260,0.21534997293444558,0.592133206594175,0.6513196364613776,1.4588028159899982,0.16253392329799388
ENSSSCG00000006261,0.1751686715867175,1.0290947914568624,1.146733610805642,2.3509970738492223,0.0207694996671499
ENSSSCG00000006263,0.8552201306357736,0.8438871109967745,0.7119733645089529,2.411080606141501,0.056585191596733427
ENSSSCG00000006267,0.2766818921387186,0.8259380382263681,0.7602209964466249,1.8628409268117117,-0.3700543288766531
ENSSSCG00000006273,0.4815904525472037,0.9238238271966894,0.8231796381278996,2.228593917871793,-0.029159052720956667
ENSSSCG00000006274,0.14951967171053618,0.4478726417287232,0.562872670037296,1.1602649834765555,-0.16903196913514443
ENSSSCG00000006277,0.6586273146703537,0.48742555515678243,0.6888007771517234,1.8348536469788597,-0.04393053052899994
ENSSSCG00000006280,0.31235939699587734,0.6771666782572896,0.9494429383593106,1.9389690136124775,-0.02210778065806832
ENSSSCG00000006282,0.17999440666742633,0.6135466616535369,0.5655399193196738,1.359080987640637,-0.23210671459142204
ENSSSCG00000006283,0.9110006874548032,0.8415102964415219,0.5624935039150804,2.3150044878114056,-0.3559561201351861
ENSSSCG00000006284,1.4062979818843147,1.2336757263380005,0.46375746615795826,3.103731174380273,-0.2941549530482081
ENSSSCG00000006285,0.3268632854683347,0.37088731653402685,0.5490294847002736,1.246780086702635,-0.25222917946898205
ENSSSCG00000006290,0.40687622459056305,0.4014224792237333,0.1644209528838581,0.9727196566981544,-0.08308927649683412
ENSSSCG00000006294,0.35281340461550786,0.786343486837579,0.9196634905098678,2.058820381962955,-0.3526852234604385
ENSSSCG00000006296,0.21021883288011894,1.1609086011792422,0.9924050996324381,2.3635325336917994,-0.323358602947377
ENSSSCG00000006301,0.2181264122925222,0.6284067929883994,0.5315507093665841,1.3780839146475057,-0.03865662976765023
ENSSSCG00000006302,0.6268807096884249,1.2775714552926436,0.9992857816403258,2.903737946621394,-0.16248890531820787
ENSSSCG00000006303,0.9464160534722639,0.7113881794225854,1.0831007255991034,2.7409049584939527,-0.2800473634993547
ENSSSCG00000006304,0.23425320066741007,1.471980875233866,1.322859465916015,3.029093541817291,0.13670340256233676
ENSSSCG00000006305,0.5424430388457593,0.5325530067937659,0.7241789040082588,1.7991749496477838,-0.05946002890209766
ENSSSCG00000006306,0.7309702344734235,0.7947144609100318,1.188348983253605,2.71403367863706,-0.15888551650116536
ENSSSCG00000006308,0.5920276028049649,0.8584027413326667,0.6916640900694245,2.1420944342070563,-0.18707221251006245
ENSSSCG00000006309,0.2496148411551539,0.2555928521918679,0.1769051863298167,0.6821128796768384,-0.059634870794497204
ENSSSCG00000006310,0.5370435427357179,0.5191987203934293,0.7203045934070437,1.7765468565361906,-0.11375540943511665
ENSSSCG00000006312,0.49111200855123593,0.47149750481491676,0.5343441434326703,1.496953656798823,-0.36817798074508074
ENSSSCG00000006316,0.4139728901898519,1.2174064976181425,1.2151537763272802,2.8465331641352742,-0.3744435320254567
ENSSSCG00000006318,0.8816706758839509,0.6147031062893052,0.7718053488598903,2.2681791310331465,-0.2545639312358787
ENSSSCG00000006319,0.36518046338651383,0.16738404171253152,0.42255332741535157,0.9551178325143969,-0.1545822858036559
ENSSSCG00000006324,0.596187429029332,1.1392604469279233,0.9205441942105597,2.655992070167815,-0.40308404539932907
ENSSSCG00000006325,0.16540855329124277,0.6908057031570191,0.7700409375102149,1.6262551939584766,-0.03463934269603965
ENSSSCG00000006333,0.40175645788418207,0.8868193931811531,0.6445609290247191,1.933136780090054,-0.03604157239096199
ENSSSCG00000006337,0.5466280387753328,0.7022895760161799,0.28268537340361377,1.5316029881951265,-0.2611944558294584
ENSSSCG00000006338,0.20681988592158743,0.7407997333553186,0.7687669486486013,1.7163865679255073,-0.050439797025680425
ENSSSCG00000006340,0.23640641203572832,0.5071395152228462,0.39489096128750256,1.1384368885460772,-0.07109668690428099
ENSSSCG00000006342,1.0027026666070336,0.9273774697361626,0.28915097752708685,2.2192311138702827,-0.07867347578252504
ENSSSCG00000006344,0.7397304960899335,0.4458801196784811,1.0166484619354623,2.202259077703877,-0.48322452281507455
ENSSSCG00000006346,0.7516756141823193,0.9904271764920799,0.5194920534504756,2.261594844124875,-0.25602278258294
ENSSSCG00000006347,0.38359859060245366,0.3983250478383173,0.0753686528688802,0.8572922913096511,-0.022199863579608466
ENSSSCG00000006358,0.30567118287270933,1.322119328432724,1.3112172948084542,2.9390078061138873,0.22431046840190833
ENSSSCG00000006360,0.270462978339739,0.9242815083178328,0.7628835342856438,1.9576280209432158,-0.017165995265530577
ENSSSCG00000006361,0.2709274949356594,0.41607707252654536,0.6652030065334342,1.352207573995639,0.031057252841386863
ENSSSCG00000006363,0.2596802621595686,1.211896053479701,1.0704831950243283,2.5420595106635977,-0.02805182478200755
ENSSSCG00000006365,0.589091761425036,0.6117883903051272,1.0411237592024272,2.24200391093259,-0.17614417575055444
ENSSSCG00000006366,0.365857277019116,1.7522449323798899,1.7260325209865213,3.8441347303855276,-0.0022671623683933988
ENSSSCG00000006369,0.6148758479005273,0.7982958127492393,0.8476003728061341,2.2607720334559005,-0.034970040875667914
ENSSSCG00000006370,0.1974454274251235,1.2042142992614453,1.0301810440860193,2.431840770772588,0.0703349348993029
ENSSSCG00000006385,0.19917927665251953,0.43972812119465166,0.37231665542361764,1.0112240532707888,-0.017536625490832517
ENSSSCG00000006386,0.44060264787732595,0.9445202646189084,1.1662613324884934,2.5513842449847277,-0.07584479131146396
ENSSSCG00000006388,0.19206199836485408,0.8303271068675052,0.9462776545397014,1.9686667597720606,-0.05890421813014376
ENSSSCG00000006395,0.47503862620050097,1.645356019608691,1.4948708199631036,3.6152654657722954,0.18648228893555988
ENSSSCG00000006461,0.3821819300872449,0.6294376499328636,0.3954276013260159,1.4070471813461243,-0.23073494218752622
ENSSSCG00000006467,0.24313356974025982,0.9277673410123267,0.7530948200283885,1.923995730780975,-0.1277355455128815
ENSSSCG00000006468,0.17477735912631945,0.7729048404988415,0.6068603211633105,1.5545425207884713,0.06628459111511159
ENSSSCG00000006469,0.16980880803514595,1.2558132503070114,1.2317925162052328,2.6574145745473903,0.1987193214896157
ENSSSCG00000006470,0.08967976912659832,0.4769770173999367,0.49133658597595514,1.0579933725024901,-0.006175760538499654
ENSSSCG00000006472,0.7515549924650173,1.3115737013358515,1.2200463705095472,3.2831750643104165,0.04953330952118398
ENSSSCG00000006475,0.38308554277713175,0.6265843991990193,0.4129887916620643,1.4226587336382153,-0.23007546260667114
ENSSSCG00000006480,0.24266192043097168,1.3899391355964115,1.4242430928271494,3.0568441488545326,0.13985955604274977
ENSSSCG00000006481,0.18700351937977025,1.4262965664265441,1.464713452746609,3.0780135385529235,0.13866875455961805
ENSSSCG00000006482,0.17366382534949373,0.6121155950190995,0.49057046856374115,1.2763498889323344,-0.16828719076522675
ENSSSCG00000006487,0.4011282756106066,2.0149506527674195,1.9398992246316207,4.355978153009647,0.08903503688789596
ENSSSCG00000006496,0.0976768509913822,0.7680609493592362,0.7625153382216527,1.6282531385722712,0.15584833268876036
ENSSSCG00000006499,0.18414488239577023,1.1049336060699202,0.9627537792216525,2.251832267687343,0.19574108681508895
ENSSSCG00000006501,0.3503747107829442,0.7107687284581578,0.8513757119860548,1.9125191512271567,0.2749884915708684
ENSSSCG00000006504,0.35827324057719184,0.4539957397035171,0.48334344977987087,1.2956124300605798,-0.015571050140514981
ENSSSCG00000006506,0.42953948971803846,0.964379863397575,0.6742891680979494,2.068208521213563,-0.17903108929958902
ENSSSCG00000006507,0.14859315977616952,1.1017257302310761,1.051863380193437,2.3021822702006824,0.1521884317666693
ENSSSCG00000006508,0.3793505786822937,0.6466121192044736,0.6623119866761832,1.6882746845629506,-0.22037144868134484
ENSSSCG00000006510,0.2853371347348415,1.1587521894937551,1.3601375458416005,2.804226870070197,-0.05575654684217841
ENSSSCG00000006518,0.09133669641651417,0.401955714697315,0.45211317010993374,0.945405581223763,-0.13815493568610168
ENSSSCG00000006519,0.5348726739051051,0.2560025396284722,0.3373866657098924,1.1282618792434698,-0.25055879907520506
ENSSSCG00000006520,0.3081219804033741,0.8372302477751187,0.8573275653355608,2.0026797935140532,0.011877504759075615
ENSSSCG00000006526,0.1524049504655125,1.0816152092373519,0.9771729505242088,2.2111931102270734,0.149069172379602
ENSSSCG00000006527,0.27696181689267785,1.941046530966818,1.8773491330761822,4.095357480935678,0.12516337555082224
ENSSSCG00000006538,0.3932433027557439,1.925253437245914,1.6344880603548613,3.952984800356519,-0.08830932582110634
ENSSSCG00000006539,0.26153953744421854,0.4859137440624785,0.34003180309819203,1.087485084604889,-0.11732784603996803
ENSSSCG00000006540,0.3184756966542375,0.8374081948801434,0.7418709586043369,1.8977548501387176,-0.07037584677749305
ENSSSCG00000006542,0.6165518825158174,1.1447345136286473,0.6911996595548314,2.4524860556992962,-0.3206426354443377
ENSSSCG00000006543,0.6062509706509566,0.19890947448825244,0.7818064787790552,1.5869669239182642,-0.31051603924810656
ENSSSCG00000006544,0.22971719433720283,1.4515699800453936,1.4353464285364375,3.116633602919034,-0.1629649685040453
ENSSSCG00000006546,0.11373490849340025,0.4333273089864589,0.4358104507015859,0.982872668181445,-0.15343930073978454
ENSSSCG00000006547,0.35938113594173215,0.6750051654982837,0.7962547045434525,1.8306410059834684,-0.30748088089942016
ENSSSCG00000006552,0.8790758535960396,0.48376612642603695,0.9035605136821542,2.2664024937042306,0.010255829603708865
ENSSSCG00000006553,0.8308790155178296,0.5561808065430813,0.9852903177999349,2.372350139860846,-0.014049199481438724
ENSSSCG00000006554,0.16437350094616449,0.7702785178186783,0.8069273029122611,1.7415793216771038,-0.036319388447428574
ENSSSCG00000006556,0.5171459105302109,1.5064426752968774,1.4401345045720522,3.4637230903991405,0.2539077781528053
ENSSSCG00000006559,0.40177453733472235,0.2790253605659544,0.3740721586666591,1.0548720565673357,0.057331468633322266
ENSSSCG00000006560,0.15187142250155425,0.8364151370449951,0.7393610373055896,1.727647596852139,0.011971738166699034
ENSSSCG00000006562,0.6260245277290063,0.551901071268273,0.6522506751140076,1.830176274111287,-0.3552307605490361
ENSSSCG00000006567,0.2000372033016534,0.5828320086398653,0.6965468339879974,1.4794160459295163,-0.2106907864386661
ENSSSCG00000006571,0.9033200513833705,0.5012152649304453,0.9364750328281494,2.341010349141965,-0.2998628569133558
ENSSSCG00000006610,0.2987839266648151,1.5074754083119222,1.2758015001286294,3.0820608351053664,0.17096087973476665
ENSSSCG00000006618,0.12284318302857605,0.5573548361280038,0.6077652226177128,1.2879632417742928,-0.15903637027473944
ENSSSCG00000006619,0.45664391350534367,0.4882763633166489,0.5860423311127696,1.5309626079347622,-0.2716800721647789
ENSSSCG00000006620,0.35420595588803966,0.6492367161529766,0.4148546808701482,1.4182973529111647,-0.203357857992009
ENSSSCG00000006621,0.3924074930007283,0.49049433735001907,0.15235669551565603,1.0352585258664035,-0.029255578221009628
ENSSSCG00000006622,0.44124134252378683,0.2733241473871632,0.46141740087289984,1.1759828907838499,-0.2885242314413233
ENSSSCG00000006625,0.20789671709294094,0.5219605060602162,0.5890234635324051,1.3188806866855622,-0.371103365929945
ENSSSCG00000006626,0.602095811479126,0.7716405790756533,0.7723029659298754,2.1460393564846547,-0.29979458512929574
ENSSSCG00000006628,0.45110899705956004,0.5651404562063315,0.578009889436373,1.5942593427022644,-0.07626900262199783
ENSSSCG00000006632,0.2814288825621264,1.1047055565765265,1.1826029908352358,2.5687374299738885,-0.08205331587476876
ENSSSCG00000006636,0.538324967843655,0.9299301924404455,0.806525643541903,2.274780803826004,-0.1224090328876133
ENSSSCG00000006641,0.5176120530592971,0.7611387278357432,1.1182855867811436,2.3970363676761837,-0.09905054404971356
ENSSSCG00000006642,0.31601318692105573,1.0357555579407507,0.972338624879304,2.3241073697411103,-0.16123120712163586
ENSSSCG00000006643,0.24159483929215675,1.0809371754510555,0.9452350324741157,2.267767047217328,-0.15954053973740887
ENSSSCG00000006644,0.701808161068155,0.6946106494229292,0.21751975506495563,1.6139385655560399,-0.1149415224803018
ENSSSCG00000006645,1.5417777224599412,0.6528603249893927,1.9357985380178908,4.1304365854672245,-0.1621068954441755
ENSSSCG00000006646,0.08054187858547121,0.6033283753879339,0.5817454578461211,1.2656157118195264,-0.12890416472009894
ENSSSCG00000006648,0.17299781965920055,0.5374122412194933,0.6460154532905062,1.3564255141692,-0.17913906184019154
ENSSSCG00000006649,0.7614053586182075,0.8300073243326427,0.5935419197021757,2.184954602653026,-0.1306706356072969
ENSSSCG00000006653,0.5899479032991177,0.8991959796712791,0.7655559945250439,2.2546998774954403,0.07537504165093237
ENSSSCG00000006661,0.695299358732559,0.5948687310511535,0.5182323681042053,1.8084004578879176,-0.08844378832211819
ENSSSCG00000006663,0.29745960325678067,0.36788728390583214,0.5783680196658121,1.243714906828425,0.04598632846893481
ENSSSCG00000006664,0.32286128199370734,0.7186501774977102,0.6878040512155325,1.7293155107069502,-0.017492139256927094
ENSSSCG00000006665,0.8754489145374839,0.5901322156036951,0.9692185213227099,2.434799651463889,0.11282409720206324
ENSSSCG00000006678,0.24473762682240202,0.39624107761253075,0.5156412920035387,1.1566199964384714,-0.24084883358291112
ENSSSCG00000006679,0.12454213766908706,0.5176841598814835,0.5075272736539339,1.1497535712045046,-0.3121600368173574
ENSSSCG00000006682,0.29985218372160405,0.6693622491963973,0.785915162828625,1.7551295957466264,-0.17649929386478733
ENSSSCG00000006685,0.5797047619634349,1.7556895715018637,1.6291404407561922,3.964534774221491,0.06892134807262394
ENSSSCG00000006687,0.1651973714726321,0.5106623766659507,0.6248873086087305,1.3007470567473134,-0.027185648652442558
ENSSSCG00000006689,0.44190933135666555,0.5744337628513569,0.41178119408532254,1.4281242882933451,-0.1888943967035039
ENSSSCG00000006691,0.08134179317185954,0.8181494973962844,0.8340563892587447,1.7335476798268887,-0.1277002314941753
ENSSSCG00000006693,0.436714073721175,0.41094566031761187,0.7581435200374939,1.6058032540762808,-0.4605322297180216
ENSSSCG00000006694,0.5567022372617474,0.27124820421580204,0.8224981034270975,1.6504485449046469,-0.2601927057545409
ENSSSCG00000006697,0.1474403784942203,0.8603293462118334,0.8503839705595978,1.8581536952656514,-0.16298549342346558
ENSSSCG00000006698,0.16870395910201016,0.6802717278868994,0.7135200060332403,1.5624956930221499,-0.25286080159149144
ENSSSCG00000006701,0.5648918462838014,0.6402303054237859,0.683689141529623,1.88881129323721,-0.16236540194371818
ENSSSCG00000006702,0.3331804872045159,0.43360005125868534,0.5387082179967985,1.3054887564599995,-0.14283393812003317
ENSSSCG00000006704,0.18767303744192074,0.4468359202603127,0.48804538219664256,1.122554339898876,-0.13749700082200747
ENSSSCG00000006709,0.1666725098577811,0.5367308613619215,0.6470344602541919,1.3504378314738945,-0.027670990822319413
ENSSSCG00000006726,0.4862229897271169,0.906781229712265,0.49966089226020227,1.8926651116995843,-0.21910138591273956
ENSSSCG00000006727,0.6057802290033213,0.7149839773708826,0.8092188848636517,2.1299830912378557,-0.18002360426736985
ENSSSCG00000006728,0.6497898254032424,0.3093765121428772,0.45002975093401104,1.4091960884801307,-0.02241754201724408
ENSSSCG00000006729,0.5490088518211623,1.4387782839369638,1.8730039109997583,3.8607910467578845,-0.4977270351744193
ENSSSCG00000006730,0.4323192070876802,0.4533071382641514,0.6279098551278703,1.513536200479702,-0.2122403276419162
ENSSSCG00000006731,0.3631589549797202,0.4978443942941597,0.7576168435388332,1.6186201928127133,-0.13451609669092354
ENSSSCG00000006733,0.3875647704174585,0.7808807963122489,0.6607876815110214,1.8292332482407287,-0.15723117153784272
ENSSSCG00000006736,0.0999903612863266,0.5071032126840767,0.5444060056509876,1.151499579621391,-0.1578968798051079
ENSSSCG00000006740,0.5026678526347302,0.6721326068822908,0.7641756372951967,1.9389760968122178,-0.06811589771782608
ENSSSCG00000006746,0.13900905721650278,0.5390229805048292,0.6498488961589491,1.327880933880281,-0.04791450620218998
ENSSSCG00000006748,0.5546218438013019,0.706486670589375,0.5344051570956203,1.7955136714862971,-0.1129307311672019
ENSSSCG00000006750,0.8218921639039817,1.521161422905345,0.9504260012027391,3.2934795880120658,-0.1532724863385041
ENSSSCG00000006751,0.6755217285238644,0.5780673253563229,1.092403791054809,2.3459928449349965,0.002479486083384594
ENSSSCG00000006752,0.7019219382391676,2.389727350552955,3.0656639930738607,6.157313281865983,-0.07071815035997077
ENSSSCG00000006754,0.5066733078432537,0.6696500263901318,0.9908263664526642,2.16714970068605,0.023153711605435646
ENSSSCG00000006755,0.697761106803081,1.3107080912115596,0.9836703797789106,2.992139577793551,-0.04559654095808465
ENSSSCG00000006757,0.6337682580128081,0.2608769894192056,0.39740820307456026,1.292053450506574,-0.25485662135485226
ENSSSCG00000006758,0.514360448844238,0.5420435517679025,0.9650055284987153,2.021409529110856,-0.07785664322503079
ENSSSCG00000006760,0.84555903937486,0.9837500072788413,0.176106976708141,2.005416023361842,-0.1989695540989876
ENSSSCG00000006762,0.17644203520763865,0.07892874758185929,0.2156705715214467,0.4710413543109446,-0.02067940876206849
ENSSSCG00000006766,0.4668341582457716,0.6120846568483476,0.7943516776564291,1.8732704927505481,-0.37306367534666957
ENSSSCG00000006767,0.47359201015795316,1.2462818639552922,1.3088410356702262,3.0287149097834716,-0.4411903281374483
ENSSSCG00000006771,0.6009714480881487,1.0991267088399577,1.3574226114085377,3.0575207683366443,-0.039316055922660166
ENSSSCG00000006775,0.48418941259939335,0.4307559208078371,0.8524492173479805,1.767394550755211,0.021407409121505443
ENSSSCG00000006776,0.7752509092352371,0.42928479280370724,0.9970245752673992,2.2015602773063434,0.09918030481610682
ENSSSCG00000006777,1.2222871004060392,0.9852413568714092,0.8349342638000352,3.0424627210774835,0.21582321699616827
ENSSSCG00000006779,0.49854784247466855,0.525641667464234,0.7283874219796149,1.7525769319185174,-0.11853726813048415
ENSSSCG00000006780,0.33000395713663255,0.33262195320316235,0.4367924065786418,1.0994183169184368,-0.22488611452486137
ENSSSCG00000006781,0.11615589841837702,0.5462529613099186,0.4915715657038086,1.1539804254321042,-0.03240574713678288
ENSSSCG00000006783,0.5799088561875875,0.6248606894968018,0.8353030804438673,2.0400726261282567,-0.11777039378022544
ENSSSCG00000006785,0.6441947351539427,0.9003514919486644,0.9614052732169334,2.50595150031954,0.041349956321487684
ENSSSCG00000006790,0.9054668378234857,0.6705888108643139,0.6998409959556604,2.27589664464346,0.14878406322365606
ENSSSCG00000006799,1.1452112491625543,1.1901170490310777,0.4044572282036466,2.7397855263972786,-0.16113862961970962
ENSSSCG00000006809,0.9278085725724907,0.658948102921861,1.0670938045094882,2.65385048000384,-0.0006161213180111067
ENSSSCG00000006813,0.46634029851974695,0.5959967209297845,0.8381988532812057,1.900535872730737,-0.2906610256035681
ENSSSCG00000006816,0.3758858549879004,0.4338597675627777,0.3772801391794623,1.1870257617301403,0.03992937337799723
ENSSSCG00000006820,0.19912546322419647,0.5194118328570374,0.6139660738372927,1.3325033699185265,-0.13304903427206896
ENSSSCG00000006821,0.608785598475119,1.1025570993236748,0.9960555450832811,2.707398242882075,-0.40592952467868815
ENSSSCG00000006824,0.9326747458098372,1.806751006499455,2.684012541245569,5.423438293554861,-0.0711881814473413
ENSSSCG00000006830,0.2807202678633033,1.4883824767783909,1.282632550198736,3.05173529484043,0.0884559164061285
ENSSSCG00000006831,0.10381988084617601,0.3495965535806235,0.41777981497499506,0.8711962494017946,-0.3031471611373457
ENSSSCG00000006835,0.35358253880582996,1.0226285004185276,1.0367056178826017,2.412916657106959,0.09291319392990614
ENSSSCG00000006836,0.1713442827026287,0.890547566032357,0.7881168534003715,1.850008702135357,-0.29285270032835387
ENSSSCG00000006840,0.4268642930692432,0.5864028740494365,0.6597879606595967,1.6730551277782764,-0.43294994301215545
ENSSSCG00000006841,0.09610688803994535,0.730153650684226,0.6687359447061371,1.4949964834303084,-0.23166458641039664
ENSSSCG00000006845,0.40257227173777244,0.8523200809968504,1.1216631779729676,2.3765555307075905,-0.037495531778084415
ENSSSCG00000006846,0.39645527828353727,1.3337217551595846,1.2399818721174534,2.9701589055605755,-0.027236815959027556
ENSSSCG00000006848,0.5340955066656051,0.8751281463022242,1.3959050914282056,2.8051287443960353,-0.032398292944833165
ENSSSCG00000006850,0.19576739274696642,1.384301849450984,1.279063808869306,2.8591330510672566,-0.41752955249487606
ENSSSCG00000006852,0.28290815685051585,0.5795679886834977,0.7984972487237361,1.6609733942577496,-0.05640168373344103
ENSSSCG00000006853,0.5207450972333731,0.6154893266857167,0.6038103328757253,1.740044756794815,-0.12547179488476168
ENSSSCG00000006857,0.36401707259923505,1.1528302805721853,0.8525979673815971,2.3694453205530177,-0.3268874207233896
ENSSSCG00000006859,0.22127044677734095,0.8058198448621928,0.9133048884418541,1.9403951800813877,-0.04490309714107142
ENSSSCG00000006860,1.0231248453737811,0.38082887103886087,0.8229492920078244,2.2269030084204666,0.06622014476980682
ENSSSCG00000006861,0.4711767440561658,0.48010130600938516,0.6151562770222985,1.5664343270878494,-0.1471166400273974
ENSSSCG00000006864,0.13662188112683782,0.5812873890612068,0.614260893486243,1.3321701636742875,-0.07454122427477478
ENSSSCG00000006865,0.4797431653954048,0.606936743960842,0.2815445025400996,1.3682244118963462,-0.08881370476685851
ENSSSCG00000006866,0.3345516316743209,1.1715483525354107,0.8521295948839216,2.358229579093653,-0.11725849659685116
ENSSSCG00000006867,0.3466989048955108,0.2143286606573459,0.29683639900880415,0.8578639645616608,-0.11834779151953279
ENSSSCG00000006869,0.4445334289406866,0.8928944494739255,0.9911589193608683,2.3285867977754804,-0.1379281759401499
ENSSSCG00000006870,1.1876051604495126,0.5528369503648344,1.3015235023074279,3.041965613121775,-0.1545749344916309
ENSSSCG00000006871,0.523787922232457,0.690087543433183,0.3764871932976023,1.5903626589632425,-0.04775695760726139
ENSSSCG00000006872,0.1539401563362669,0.16050445724068424,0.1713406793198875,0.48578529289683864,-0.13258068940551007
ENSSSCG00000006877,0.26906906019877075,1.2138826299990884,1.2694539997476235,2.7524056899454825,-0.35505845798863134
ENSSSCG00000006878,0.36403490173048864,0.576379433460481,0.7400897034568592,1.680504038647829,-0.24374915622193322
ENSSSCG00000006879,0.42974868138402506,0.5368616363174366,0.7190853209723423,1.685695638673804,-0.287905072928816
ENSSSCG00000006885,0.5566055976794432,0.5758277002654987,0.24434965723002558,1.3767829551749675,-0.10568114795289597
ENSSSCG00000006887,0.7524468583429117,1.0567635966180229,0.9568177474512722,2.7660282024122065,-0.06846923527791715
ENSSSCG00000006888,0.22924504660102601,0.5416302848321299,0.652119719474499,1.422995050907655,-0.09247525307803436
ENSSSCG00000006889,0.42573076771712903,1.19952578273209,1.124797569790002,2.750054120239221,-0.38982056908707774
ENSSSCG00000006892,0.7062726921723528,0.6155852351497378,0.2513382475245366,1.5731961748466272,-0.10297077047351347
ENSSSCG00000006893,0.37923639731417086,0.47011314206272087,0.3162191437048098,1.1655686830817016,-0.21455737986556261
ENSSSCG00000006894,0.43549513131528034,0.5825972579173189,0.6255206803260327,1.643613069558632,-0.2896737492767125
ENSSSCG00000006897,0.4469432607326415,0.8473827347984019,1.1119582613571348,2.406284256888178,-0.31858715302615076
ENSSSCG00000006898,0.5176072585266174,0.6860830374236057,0.7215659515880692,1.9252562475382922,-0.14010208499803872
ENSSSCG00000006899,0.5842792258956001,0.5867105652309972,1.0222266142062302,2.1932164053328274,0.0914183025088097
ENSSSCG00000006900,0.3584926069900738,1.7251468141119866,1.7456127342631647,3.829252155365225,0.08943810335680143
ENSSSCG00000006901,0.44212925965358446,0.4329023003539143,0.6974308157413289,1.5724623757488276,-0.09878844405243617
ENSSSCG00000006902,0.7632801717517206,0.8685137589190033,0.7671017760220902,2.398895706692814,-0.39152562571588206
ENSSSCG00000006903,0.19870592000542475,0.48902356887686543,0.3313005190983614,1.0190300079806516,-0.10009457448405772
ENSSSCG00000006904,0.129476064491583,0.2115731436565341,0.27654519937214717,0.6175944075202643,-0.07995257329904217
ENSSSCG00000006912,0.5824570032652818,0.9686046623265451,0.8907306462318295,2.441792311823656,-0.15313095441594562
ENSSSCG00000006914,0.09543931913051622,0.655260272749752,0.6469728166135025,1.3976724084937706,-0.22068186762923034
ENSSSCG00000006917,0.7728207582063926,0.5099351497983592,1.0083612756397475,2.2911171836444995,-0.272180809783426
ENSSSCG00000006926,0.32330943721918015,0.9371232467808132,0.9867470706697026,2.2471797546696957,-0.008681496670260618
ENSSSCG00000006927,0.6179733402879934,1.2596620390253195,1.4953003294325184,3.3729357087458314,-0.031624519133941986
ENSSSCG00000006928,0.6312249197690444,0.6478233282246209,0.634227510303297,1.9132757582969622,-0.14701008680742184
ENSSSCG00000006930,0.4340001104644339,1.0993916127209324,1.2497957567095233,2.7831874798948895,-0.29666328469806696
ENSSSCG00000006936,0.13600379420339337,0.5445019390200923,0.5900416718630752,1.2705474050865608,-0.1824182878053824
ENSSSCG00000006939,0.2803823593534041,1.3674624495442387,1.296142895773906,2.9439877046715486,-0.09571870493664207
ENSSSCG00000006947,0.07748053907035501,0.5603083581166978,0.5912905300961261,1.2290794272831789,-0.040359995500611805
ENSSSCG00000006950,0.19007793899370753,0.561580924423899,0.6257477834386307,1.3774066468562371,-0.011977465021902858
ENSSSCG00000006954,0.6740997190279063,1.3111416216135858,1.393983580327779,3.3792249209692713,0.2260909500047685
ENSSSCG00000006958,0.19880258675332305,0.7235597390386079,0.8361877082541559,1.758550034046087,-0.20191011072946896
ENSSSCG00000006968,0.5449970101418147,0.7670973506468902,0.2740244401673333,1.586118800956038,-0.17803096748319125
ENSSSCG00000006970,0.8087912200690304,0.5625726236489691,1.328350669668864,2.699714513386864,0.14547009237367126
ENSSSCG00000006972,0.17548742736572537,0.6985315980388043,0.6348824614912879,1.5089014868958177,-0.07921402770026022
ENSSSCG00000006979,0.12018391685192428,0.5426694455532579,0.5785226357163672,1.2413759981215495,-0.1434521344967371
ENSSSCG00000006981,0.4819208937541828,1.0400469606817186,0.5975342056302516,2.119502060066153,-0.08755631820801099
ENSSSCG00000006982,0.27225007842751525,0.41062874206056527,0.29798318517533023,0.9808620056634108,-0.2001910305242145
ENSSSCG00000006983,0.43538351398374475,0.7032835478886091,0.30755830791944827,1.4462253697918022,-0.15759851725359678
ENSSSCG00000006984,0.443514404668866,0.4314746159275914,0.2633534611981337,1.138342481794591,-0.13485056642641613
ENSSSCG00000006987,0.22609378463619662,0.48946003922798353,0.4485046294655466,1.1640584533297267,0.003557305098075695
ENSSSCG00000006994,0.5818211477790491,0.7296173124707203,0.7903418155124524,2.1017802757622217,-0.11900326414174697
ENSSSCG00000006995,0.6553682851318725,0.3587784479720938,0.6236047224222157,1.6377514555261818,-0.1039086462720898
ENSSSCG00000006996,0.4124127521895802,1.1855587782038637,1.0740345442159094,2.672006074609353,-0.12498882717169815
ENSSSCG00000006997,0.4259086658960401,0.51692389224366,0.7203517345174327,1.663184292657133,-0.0660355465553477
ENSSSCG00000007000,0.27552961304544327,0.3260549222639223,0.43517899669652016,1.0367635320058857,-0.15974174340416983
ENSSSCG00000007001,0.11903290883579226,0.5109831647878519,0.5500277567966013,1.1800438304202454,-0.07714892372105432
ENSSSCG00000007004,0.7539767179166044,0.4944193491190335,0.7080324284525163,1.9564284954881543,-0.23530329720893375
ENSSSCG00000007019,0.11066556778752104,0.8453830428866679,0.8175983704839972,1.773646981158186,-0.06354043791507398
ENSSSCG00000007023,0.6684022457163126,0.7742315843883792,0.5667390835467203,2.0093729136514122,-0.24986920616091682
ENSSSCG00000007026,0.6480832257251503,0.47134209812352224,0.830711767675544,1.9501370915242164,0.02260183195341988
ENSSSCG00000007029,0.18013126379308714,0.7238209706435681,0.806125327236811,1.7100775616734663,-0.09093974801876227
ENSSSCG00000007031,1.0273326128814921,0.6805340938243051,0.6915933037592611,2.399460010465058,-0.09061929451427067
ENSSSCG00000007033,0.07023161390093725,0.6053232207063929,0.6268551212091242,1.3024099558164544,-0.1788299084717795
ENSSSCG00000007034,0.11604603646339447,0.5365633308455404,0.5072884298069948,1.1598977971159297,-0.18652782146243257
ENSSSCG00000007043,0.46406081561572127,0.8632898771396033,0.6551254177068557,1.9824761104621802,-0.12851148476496635
ENSSSCG00000007046,1.249096620177124,0.7961855545962008,1.3162339892620485,3.3615161640353737,-0.013421321155032527
ENSSSCG00000007047,0.6005460154093402,0.3489003210167729,0.4669356437347841,1.416381980160897,-0.005454657524976889
ENSSSCG00000007056,0.07276967144755413,0.6316249371612745,0.6076762924679954,1.3120709010768241,-0.20105824384846305
ENSSSCG00000007061,0.37069825606215906,0.77593457697887,0.6561023633191008,1.80273519636013,-0.2724492679685977
ENSSSCG00000007063,0.5115490022256538,0.46828636204922597,0.7125741235488824,1.6924094878237623,-0.25424264179510236
ENSSSCG00000007064,0.7797287058970415,1.4334743555448652,1.0359356183476538,3.2491386797895605,0.19670255798179453
ENSSSCG00000007065,0.3392178478015604,0.9421723691604799,0.886112367924537,2.167502584886577,-0.09017941721760231
ENSSSCG00000007066,0.5014889063349454,0.8936610507160935,0.6177940500630238,2.0129440071140627,-0.12053765700462803
ENSSSCG00000007067,0.3663228339573608,0.5095767293521515,0.24764057197546915,1.1235401352849814,-0.5323373544211253
ENSSSCG00000007076,0.7394112617720973,0.7728446889940176,0.48171572898960535,1.9939716797557203,0.11342251217347452
ENSSSCG00000007077,0.6317783641845778,0.4579967304348912,0.7304203003750682,1.8201953949945373,-0.06671502275405979
ENSSSCG00000007080,0.22804650673801966,0.5942624538144096,0.7096412379342211,1.5319501984866504,-0.17330718036339288
ENSSSCG00000007085,0.5413658300263324,1.610175661788118,1.8240589284510544,3.975600420265505,-0.09800642012509718
ENSSSCG00000007088,0.7984574131897433,0.773561285006746,1.2208695213595424,2.7928882195560316,0.10409718540243335
ENSSSCG00000007089,0.6545200059161035,0.8875890835336526,0.8391114853459526,2.3812205747957087,-0.026807039873512684
ENSSSCG00000007092,0.13310280387999235,0.6084212573646682,0.519608647130028,1.2611327083746886,-0.03256761813792975
ENSSSCG00000007093,0.08409235866147548,0.5640341248039117,0.6025202688286585,1.2506467522940456,-0.18843761836522158
ENSSSCG00000007094,0.11234728850015686,0.5176738093332256,0.565198902925709,1.1952200007590914,-0.12756989999291748
ENSSSCG00000007097,0.6118578139427109,0.43901412699238884,0.8358905035825884,1.886762444517688,-0.06748389991916723
ENSSSCG00000007098,0.2918252332271298,1.1532331903524233,1.3265867926464863,2.771645216226039,-0.005931282826086446
ENSSSCG00000007108,0.5270068135443416,0.23623736785480443,0.6633110919986974,1.4265552733978435,-0.20109233177421507
ENSSSCG00000007109,0.9214955785098277,0.8872338847441904,1.1225758489534987,2.9313053122075168,-0.04801942883879585
ENSSSCG00000007135,0.34095907290054217,0.43556791717099924,0.33346958877906274,1.109996578850604,0.0066304175543099916
ENSSSCG00000007142,0.25044476195907595,0.3732701838461019,0.20181469308009212,0.82552963888527,-0.1756307782870343
ENSSSCG00000007146,0.27072020379771694,0.5265335417409231,0.58155218641079,1.3788059319494301,-0.31718729223220166
ENSSSCG00000007147,0.07240767465451625,1.285641015898732,1.2189675823295714,2.5770162728828194,0.100675628081399
ENSSSCG00000007151,0.754562315267691,1.1696620533467028,1.2380479180479063,3.1622722866623,-0.218921518651063
ENSSSCG00000007153,0.4519605511229571,0.32785505560496137,0.4258732573725214,1.20568886410044,-0.05329756265755761
ENSSSCG00000007155,0.24106826179273738,0.5198629439508413,0.4556896314373496,1.2166208371809282,-0.158465378873107
ENSSSCG00000007157,0.09942782162304992,0.36445040645384336,0.3791178799184827,0.842996107995376,-0.06304841988943208
ENSSSCG00000007161,0.5549862357095653,0.3986193296774726,0.7539602854860389,1.7075658508730767,0.010385848831657383
ENSSSCG00000007165,0.19215893140828338,1.6928348074072654,1.7757973083476073,3.660791047163156,0.06710725850879085
ENSSSCG00000007166,0.18785125862279545,0.7230989025203121,0.8110247692499725,1.7219749303930798,-0.10958555050770022
ENSSSCG00000007167,0.08985894175384963,0.44578219009781445,0.41624515976784304,0.9518862916195071,-0.06353183952204387
ENSSSCG00000007173,0.4967673052551257,0.8614825449354059,0.5934837152918765,1.951733565482408,0.2266322274017836
ENSSSCG00000007179,0.7124397496197199,2.051378149067066,2.211824907533471,4.975642806220257,-0.27848607241760803
ENSSSCG00000007187,0.5140045307526457,0.7451995110494393,0.9798558508075986,2.2390598926096836,0.08869211149512711
ENSSSCG00000007188,0.6421962052890263,0.40810810745955317,0.48180354661725,1.5321078593658295,-0.016516860503915314
ENSSSCG00000007203,0.5558414242063182,0.38855821767162285,0.6530870630924318,1.5974867049703727,-0.08332412895346578
ENSSSCG00000007206,0.11838687315468802,0.3071461630966982,0.29460275044507583,0.7201357866964619,-0.08091623564997415
ENSSSCG00000007228,0.29444018813902423,0.2805594320684672,0.28564607861205715,0.8606456988195486,0.0771832092294983
ENSSSCG00000007235,0.39061029025620136,1.051936555835876,1.0109684674953114,2.453515313587389,-0.12188870105172633
ENSSSCG00000007236,0.17361707430039572,0.36797164049356307,0.36239076044142865,0.9039794752353874,-0.08259993767739868
ENSSSCG00000007237,0.2199648856111027,0.5171126159958989,0.4114949299821124,1.148572431589114,-0.10465470068435756
ENSSSCG00000007240,0.25765109069785946,0.501361763232475,0.56551910100178,1.3245319549321146,-0.2463939176927866
ENSSSCG00000007243,0.2889659232399977,0.4018843306721582,0.26544325203468994,0.9562935059468458,-0.28638444102206384
ENSSSCG00000007244,0.5153798842597188,0.5720140267580859,0.8605180913481286,1.9479120023659333,-0.13328128870874462
ENSSSCG00000007246,0.2702872689205373,0.7565613306505988,0.7483039874042914,1.7751525869754274,-0.02270908095237328
ENSSSCG00000007247,0.9231879601855407,0.7359633174549213,0.35458287808361766,2.0137341557240798,-0.18098951815005163
ENSSSCG00000007248,0.3728775580497155,0.5824205480636779,0.6508965092546868,1.6061946153680802,-0.06043869470731321
ENSSSCG00000007249,0.051189581533800974,0.7344322284543789,0.7364477005919825,1.5220695105801623,-0.06369271413569925
ENSSSCG00000007252,0.21306368024574848,0.4124040877529979,0.5720696088721948,1.1975373768709412,-0.08508813371240667
ENSSSCG00000007253,0.4268709282000886,0.6848959773134976,0.5340237870176002,1.6457906925311865,-0.11694628387982452
ENSSSCG00000007272,0.10251979356843066,1.107410692925577,1.103852522160677,2.313783008654685,-0.03949965873001719
ENSSSCG00000007275,0.11487986674858593,1.1516791194223248,1.1624167332564148,2.4289757194273256,0.0976975298966558
ENSSSCG00000007278,0.2300942170848431,1.045344849244989,0.8207412670492371,2.096180333379069,0.1145846469774828
ENSSSCG00000007280,0.5335686029398519,0.8112759745055352,1.0275068777132268,2.372351455158614,-0.19609356750699408
ENSSSCG00000007282,0.3408105491955306,0.2535764831339209,0.48298069441838554,1.0773677267478372,-0.06512438603984394
ENSSSCG00000007284,0.33155765382379637,0.5320443056376699,0.2899642778406788,1.1535662373021451,-0.27668633136742016
ENSSSCG00000007286,0.14481490545803039,0.3480641664564638,0.4368603007592404,0.9297393726737346,-0.08358839227084268
ENSSSCG00000007288,0.0794283487812764,1.2515961356851784,1.2776374961374128,2.6086619806038676,-0.25405622794095706
ENSSSCG00000007289,0.3672102454314394,0.5291784720030651,0.8183148903128016,1.714703607747306,-0.2611640826657047
ENSSSCG00000007291,0.17864267982308918,0.38025979030625157,0.3099826934383952,0.8688851635677359,-0.09592725139038003
ENSSSCG00000007307,0.3341841338223715,0.24190647392230125,0.3201689044298973,0.8962595121745701,0.05753984010643553
ENSSSCG00000007308,0.41238692835300683,1.3813950887091326,1.1649263260336409,2.9587083430957803,0.18785067068996714
ENSSSCG00000007309,0.20697062198219263,1.4062637438802774,1.4330500267806987,3.0462843926431686,-0.030779185191506506
ENSSSCG00000007311,0.1706661639300041,0.6060338806574985,0.5338337918676745,1.310533836455177,-0.23287567021678074
ENSSSCG00000007312,0.1887471048669646,1.1430043306729827,1.1511644125385534,2.482915848078501,0.04785181063619274
ENSSSCG00000007315,0.6259785057820565,0.7940590568393492,0.6821753097852431,2.102212872406649,-0.07542344337593802
ENSSSCG00000007317,0.2550387204641338,0.6092924506812664,0.6118355775887978,1.4761667487341978,-0.23477055903008112
ENSSSCG00000007322,0.10173972165628813,1.1543518189474207,1.1673376399835844,2.423429180587293,-0.12652596684111028
ENSSSCG00000007323,0.5976933634925645,0.4612975138989782,0.40103001215130424,1.4600208895428468,-0.14311960070112056
ENSSSCG00000007331,1.1275427654120953,0.5908285307632803,0.6878854643843123,2.406256760559688,-0.16006894159897753
ENSSSCG00000007337,0.7618176569139417,0.6951581284958495,0.12726864016548495,1.5842444255752761,-0.04422956754145349
ENSSSCG00000007340,0.2658410981863534,0.5020401684765992,0.3387561487628162,1.1066374154257688,-0.05002432306483138
ENSSSCG00000007342,0.6415069593986338,0.44333865540702405,0.560665888486147,1.6455115032918046,0.03183504381367753
ENSSSCG00000007345,0.37872704015579267,0.5790666257056489,0.38778969324643786,1.3455833591078794,-0.2995408960081226
ENSSSCG00000007349,0.11647366237137062,0.21996814731461556,0.262090148174264,0.5985319578602502,-0.02570367603751198
ENSSSCG00000007351,0.20989902399475605,0.20381489001615352,0.12026881248708166,0.5339827264979913,-0.06559168063737172
ENSSSCG00000007352,0.72523763180239,0.615075562527164,0.5168829365843074,1.8571961309138612,-0.16999293704768378
ENSSSCG00000007355,1.5981513429698246,0.7764961630501105,0.8521196787606843,3.2267671847806194,-0.07087470464207928
ENSSSCG00000007356,0.4459969477958176,0.7574084971334684,0.695653327188714,1.899058772118,-0.271891235354209
ENSSSCG00000007360,0.3928338812704457,1.2350228149904683,1.5146307276135154,3.1424874238744294,-0.21051882556144505
ENSSSCG00000007362,0.5520150371630249,0.7046166912374132,0.3276957059839718,1.58432743438441,0.14544744873479873
ENSSSCG00000007364,0.1748566901478523,0.6577183869872852,0.807726199957576,1.6403012770927137,-0.10349715356880568
ENSSSCG00000007366,0.5373588367988898,1.1002459316129316,1.3017067394900528,2.9393115079018743,-0.002142976829221268
ENSSSCG00000007381,0.26183089401567994,0.8370462336390981,0.7233835624298274,1.8222606900846055,0.0015944821715006155
ENSSSCG00000007382,0.5570164586513116,0.5531845769996641,0.6297738526829635,1.739974888333939,-0.41562667049936863
ENSSSCG00000007383,0.19663402997797547,0.5612336349847356,0.4786810521940804,1.2365487171567913,-0.17505430334431724
ENSSSCG00000007395,0.19335205910766554,0.8942803638142951,0.7246379837084219,1.8122704066303825,-0.09702330605405587
ENSSSCG00000007422,0.39335177069484284,0.4143811481947585,0.4812435983830943,1.2889765172726957,-0.08190294252752309
ENSSSCG00000007423,1.0546666645594565,1.7141839264286711,1.6392307957998362,4.408081386787964,0.007369906287590315
ENSSSCG00000007424,0.5930079485913141,0.4324779005121919,0.7315539993730727,1.7570398484765786,-0.08858115491455007
ENSSSCG00000007427,0.3969781930253721,0.22665992635710422,0.5348219072789505,1.1584600266614267,-0.4652038558022187
ENSSSCG00000007428,0.2813634347154369,0.40745630442486847,0.4896738608226047,1.17849359996291,-0.11573366118591648
ENSSSCG00000007430,0.09602158201423026,0.49440827307366375,0.5889842662442456,1.1794141213321396,-0.05152943250658592
ENSSSCG00000007431,0.09401154455499451,0.4427028838104855,0.3736112644507943,0.9103256928162743,0.01945812638775817
ENSSSCG00000007432,0.41706506578598085,0.4557242637489655,0.1940005882095554,1.0667899177445017,-0.0462097006266659
ENSSSCG00000007433,0.42165102296929713,0.5630790335641411,0.3252205449665754,1.3099506015000135,-0.018139068136050242
ENSSSCG00000007435,0.7184930534951733,0.4000721869717951,0.6937363225542809,1.8123015630212493,-0.005399037776401462
ENSSSCG00000007437,0.26652052734486725,0.6411524226144797,0.7529155597692149,1.6605885097285618,-0.30114704710450385
ENSSSCG00000007438,0.3917376401415689,0.5227660235326205,0.42292471403054155,1.337428377704731,-0.10482251956874353
ENSSSCG00000007452,0.5586957550351748,0.8003878843834513,0.750519363301559,2.109603002720185,-0.08480586880809678
ENSSSCG00000007454,0.10655968114770692,1.464869585745216,1.4526674232317336,3.0240966901246567,-0.13928551104582454
ENSSSCG00000007456,0.22909647509645562,0.4808483030000934,0.5358998128332382,1.2458445909297873,-0.0844529227136016
ENSSSCG00000007458,0.7841832305355322,1.3838487097143228,1.2087466617382976,3.3767786019881525,-0.41050773475233104
ENSSSCG00000007460,0.533209950685528,0.6056549321506439,0.5053123624994901,1.644177245335662,-0.10165990029774821
ENSSSCG00000007463,0.2617964685239792,0.5103047822895205,0.5326566774920409,1.3047579283055406,-0.3447860861508166
ENSSSCG00000007465,0.6028712961839784,0.5037784491567312,0.2570906210100198,1.3637403663507293,-0.12361353359002696
ENSSSCG00000007469,0.7606442157608729,1.0753952422717283,0.7562658456298614,2.592305303662463,-0.0061732144573427
ENSSSCG00000007472,0.24083717347844355,0.42695201992316906,0.4252243327998797,1.0930135262014922,-0.2516612954765166
ENSSSCG00000007473,0.40329345886394713,0.3964036482157598,0.44096072268805453,1.2406578297677615,-0.0480669786871154
ENSSSCG00000007475,0.8988170212168564,1.2942187149488638,1.7996034877381,3.99263922390382,-0.13836898312390367
ENSSSCG00000007477,0.12116507380507077,0.6892251291779963,0.6406657788569022,1.4510559818399693,-0.3201599554299074
ENSSSCG00000007481,0.2428647366939249,0.22798907371690333,0.20067489948965558,0.6715287099004837,-0.07152329258366304
ENSSSCG00000007484,0.13304948569435995,1.2298887156807308,1.136036977223552,2.4989751785986427,-0.1914027197763931
ENSSSCG00000007485,0.4526514242970394,0.6060067895940013,0.848908119679033,1.9075663335700739,-0.35010915648285984
ENSSSCG00000007487,0.3346793962557512,1.2767084769294992,1.4428977080784668,3.0542855812637173,0.024928604785732358
ENSSSCG00000007492,0.09509550331401628,0.4190752587399058,0.4565615692799062,0.9707323313338283,-0.0008144544081056399
ENSSSCG00000007493,0.670144408655905,0.8143140955600341,0.8060308731135436,2.2904893773294828,-0.2510132555453917
ENSSSCG00000007494,0.3859644534985534,0.30485507362582764,0.45139951329624717,1.1422190404206283,-0.12774788866308653
ENSSSCG00000007495,0.4328557283503733,0.7580913487590745,1.0418599613495207,2.2328070384589687,0.016673582449564024
ENSSSCG00000007496,0.9692711789100089,0.818250517193655,1.075051837247569,2.8625735333512328,-0.012497957064798984
ENSSSCG00000007499,0.6886528033544771,0.6545318893957169,0.7878097033613113,2.130994396111505,-0.0645053403926481
ENSSSCG00000007502,0.09443364950651573,0.5774213742898315,0.6044704729616865,1.2763254967580338,-0.1260622042031131
ENSSSCG00000007503,0.42881765368520075,0.4326591793708901,0.7146789218405002,1.576155754896591,-0.16780276341231254
ENSSSCG00000007513,0.3746314209151537,0.8631149301371732,0.6126656857316635,1.8504120367839905,-0.3111572361470618
ENSSSCG00000007514,0.12165258037019924,1.1141015427275,1.0179857280627207,2.25373985116042,-0.0005530696470184539
ENSSSCG00000007524,0.10538601877939952,2.3374188582360507,2.3071062583536173,4.749911135369068,0.1258713782671228
ENSSSCG00000007528,0.3783512773108234,0.5141158887414553,0.33539509829690906,1.2278622643491879,-0.40825996502795486
ENSSSCG00000007529,1.3987219362367755,1.7657940438993607,0.728746996776075,3.8932629769122116,-0.3615849657550409
ENSSSCG00000007531,0.7063769788960266,0.5119188030116348,1.1184840707282107,2.336779852635872,-0.0985517570394734
ENSSSCG00000007540,0.26560679467757337,0.8560315949310374,0.8737261457939357,1.9953645354025467,-0.2888062958929168
ENSSSCG00000007541,0.3545430419184117,1.4019241918840737,1.1291838389045312,2.8856510727070166,-0.1575041611215571
ENSSSCG00000007543,0.17072448739901047,1.0077384921724526,0.9048532281034245,2.083316207674888,-0.27218108116341827
ENSSSCG00000007544,0.46320668452039404,0.5832031819957109,0.25019758857435825,1.296607455090463,-0.23423059630290996
ENSSSCG00000007554,0.24609974092920556,0.7555870652178828,0.6993449955694881,1.7010318017165764,-0.2993402359718524
ENSSSCG00000007556,0.4458469034742747,0.8290871226638646,0.7013354213257185,1.9762694474638578,0.05879375928643342
ENSSSCG00000007574,0.09668499547831136,0.6631538069912671,0.6737533090091697,1.4335921114787482,-0.06314573148990793
ENSSSCG00000007575,0.0883482897132564,1.1951925999959514,1.2267488119174539,2.510289701626662,-0.41611949332658554
ENSSSCG00000007576,0.1423448734209986,0.442904057807788,0.3783019820176609,0.9635509132464475,-0.13465373256855875
ENSSSCG00000007580,0.6175361352341793,1.4636887969239034,0.8928776451076395,2.9741025772657226,-0.23360545371876823
ENSSSCG00000007585,0.050791536509968274,0.3614599866611884,0.3735345745041641,0.7857860976753208,0.205824922054369
ENSSSCG00000007589,0.3524026847828229,0.5738478411625445,0.5620055706422494,1.4882560965876168,-0.22360558885860546
ENSSSCG00000007590,0.3888492942840391,0.6617885299591488,0.37745957842035527,1.4280974026635431,-0.14838582187251687
ENSSSCG00000007599,0.11865659257053439,0.3542972151762295,0.3049424284558935,0.7778962362026574,-0.10747705189185335
ENSSSCG00000007602,0.40207852257739835,0.5508832919420291,0.7106722945539367,1.6636341090733642,-0.1572788490021241
ENSSSCG00000007606,0.40803325465167806,0.8233987084964647,1.1674801435057287,2.3989121066538717,-0.21833657007951404
ENSSSCG00000007607,1.0788755047589942,1.2823479241798776,2.257249546018392,4.618472974957264,-0.5799996849047767
ENSSSCG00000007609,0.37821162093746674,1.1117391321347958,1.0061834848488385,2.496134237921101,0.15115020086609326
ENSSSCG00000007617,0.5064512811229995,0.5952325389244574,0.5343908889260657,1.6360747089735228,-0.21098266562983037
ENSSSCG00000007622,0.22983739798250333,1.1387927659929213,0.933569535514061,2.3021996994894858,0.07449463716445069
ENSSSCG00000007623,0.24092351603815113,1.3153411338574093,1.191315699537706,2.7475803494332665,-0.012210607634594065
ENSSSCG00000007625,0.23257694202795823,0.5725498577044835,0.3577193843911873,1.162846184123629,0.01886506997898836
ENSSSCG00000007637,0.26432917541241857,0.5900029092184919,0.5473221132128311,1.4016541978437416,-0.061577950094947514
ENSSSCG00000007647,0.2983274121370709,1.1070585740397763,0.9522614920726479,2.357647478249495,0.15016475486088093
ENSSSCG00000007650,0.5118688911796592,0.8897037155873793,1.037493239506765,2.4390658462738033,-0.2226737343145515
ENSSSCG00000007652,0.4308605902666111,1.1136176769833077,0.8685371618625867,2.4130154291125057,-0.17141274158895017
ENSSSCG00000007659,0.296380839435212,0.9753576119697224,1.1988560205385974,2.4705944719435315,-0.41711614091709603
ENSSSCG00000007668,0.0957190386550888,0.5950000367059808,0.5498707260769102,1.24058980143798,-0.18797424195850532
ENSSSCG00000007669,0.17927944095490564,0.8032434391592885,0.6385462879083942,1.6210691680225884,-0.040567058414361805
ENSSSCG00000007672,1.1051723179481823,1.0744568263651164,1.2829141813492815,3.4625433256625797,0.03049739549995207
ENSSSCG00000007687,0.7089982013554887,1.4646273932931664,1.1721312232736794,3.3457568179223345,-0.06591262774965145
ENSSSCG00000007688,1.0952150796641402,0.5173314197199934,0.8196670023076503,2.432213501691784,-0.06834660924157819
ENSSSCG00000007691,0.2175401712058017,0.9427397197470251,1.0603562140095537,2.2206361049623804,-0.5300117880545705
ENSSSCG00000007692,0.6566788642811264,0.3584931485622889,0.7154913875132342,1.7306634003566495,-0.08912060641169539
ENSSSCG00000007702,0.6931300624377668,0.5339089609638159,0.55766761718118,1.7847066405827627,-0.5310895166055883
ENSSSCG00000007703,0.6614804808137678,1.1720549775083031,1.5451446064320773,3.378680064754148,-0.08909920188236
ENSSSCG00000007704,0.4598244238601584,0.6815189933238502,0.30817504185257666,1.4495184590365853,-0.09036870583705502
ENSSSCG00000007705,0.34205575140054545,0.42766500442319305,0.5724931356474743,1.3422138914712127,-0.2318266151152139
ENSSSCG00000007709,0.09680998131813567,1.2364791484900743,1.1411966320823972,2.474485761890607,0.015808107208867713
ENSSSCG00000007713,0.23522740315742313,0.6340788495409766,0.6755018926441151,1.5448081453425146,0.09881879583805882
ENSSSCG00000007715,0.1816430671184502,0.5606904181343815,0.645059203982943,1.3873926892357749,0.19167781258146532
ENSSSCG00000007719,0.198009922897625,0.6494771238737257,0.6686865861771119,1.5161736329484625,-0.22880280553097004
ENSSSCG00000007721,0.31846856824098413,0.9540935898750587,0.9798203529525709,2.2523825110686135,-0.07346512498207569
ENSSSCG00000007722,0.3022057357069074,0.5029008497881573,0.6488525723017519,1.4539591577968167,-0.1127145143012154
ENSSSCG00000007723,0.483619791184114,0.7916279805981938,0.7093350400722976,1.9845828118546054,-0.07098902373806103
ENSSSCG00000007727,0.3472525202655003,0.7373622616096854,0.5922292485808501,1.676844030456036,-0.27324448624655606
ENSSSCG00000007732,0.8079538346109786,0.4080092681139219,0.7885618771882247,2.0045249799131253,-0.07719833255807497
ENSSSCG00000007733,0.6727943358807457,0.8453021846528392,1.1819122936841981,2.7000088142177834,-0.1048962027867261
ENSSSCG00000007735,0.24095264835208288,0.33631470601033575,0.4474279183990362,1.0246952727614547,-0.14155292366655023
ENSSSCG00000007736,0.36449954293590014,0.880210176947649,0.6373773750844812,1.8820870949680302,-0.12621663033028524
ENSSSCG00000007737,0.2662786612552475,0.43441655202897983,0.6430290207415263,1.3437242340257538,-0.22348778602916333
ENSSSCG00000007743,0.5999058012213155,0.8482764783319394,1.1938731488083716,2.642055428361626,0.015562968874053593
ENSSSCG00000007748,0.6352514400889623,0.7869339326654772,1.3651723848715631,2.787357757626003,-0.4031418720741469
ENSSSCG00000007749,1.3965954460448133,1.0471995671461019,0.41871242114444107,2.862507434335356,-0.05431407878471455
ENSSSCG00000007754,0.2034800096992536,0.5703274563505846,0.3819969523656393,1.1558044184154774,-0.2168409483848528
ENSSSCG00000007763,0.5067492877958212,0.9030133242124726,1.0384040422422316,2.4481666542505254,0.02669014089061607
ENSSSCG00000007765,0.44959646632517536,0.36349009630735485,0.5968043859194351,1.4098909485519653,-0.09371069179073073
ENSSSCG00000007768,0.14274272294293047,0.3546748853781162,0.26533758900199605,0.7627551973230426,0.026523083509545513
ENSSSCG00000007782,0.4652342740387519,1.1081180237989663,0.9605488934829026,2.533901191320621,-0.2933358541248759
ENSSSCG00000007786,0.14975407754680645,0.927749718606211,0.8398976993780077,1.917401495531025,-0.16165093650292184
ENSSSCG00000007789,0.055311345566422185,0.44274475355354787,0.46249465524115224,0.9605507543611222,-0.08898406707933786
ENSSSCG00000007790,0.38949397618378573,1.001298261702123,0.6378454629600416,2.0286377008459504,-0.2483864651328581
ENSSSCG00000007791,0.7031549360326843,0.863430575989558,0.7923276443173777,2.3589131563396197,-0.02933423348967208
ENSSSCG00000007795,0.7576438629328842,0.41613227089072796,0.6614359674826537,1.8352121013062659,-0.0529380021219197
ENSSSCG00000007798,0.29070397151107397,0.8410919466603103,0.7605324371280038,1.892328355299388,-0.12498314260988835
ENSSSCG00000007803,1.0871145144923917,1.1896587078794827,0.9717350676041491,3.2485082899760234,0.21065916488329198
ENSSSCG00000007804,0.12454811623023768,1.018476671026063,0.9857124571352753,2.1287372443915764,-0.3186393140747301
ENSSSCG00000007806,0.1325918761494074,0.273194028689624,0.1925446239882799,0.5983305288273113,-0.11493476831694002
ENSSSCG00000007812,0.08568871929902665,0.5423551954205603,0.5113729638681812,1.139416878587768,-0.2411216537375088
ENSSSCG00000007815,0.2550776736175071,0.7008880657770512,0.8799093557421767,1.835875095136735,-0.2436405405207052
ENSSSCG00000007826,0.4797863997380747,0.4828107460890721,0.8900994661568614,1.8526966119840083,-0.0625528183119679
ENSSSCG00000007839,0.3392716025873954,0.4624845564745032,0.6322406903163528,1.4339968493782513,-0.14017316851579834
ENSSSCG00000007840,0.2048785310635182,0.7126733683754132,0.8416556409019602,1.7592075403408916,-0.17156296178759628
ENSSSCG00000007849,0.6989529633891317,1.0883249083882287,0.7388017060871594,2.52607957786452,-0.13545265868461684
ENSSSCG00000007850,0.5888804912187234,0.9593407602399021,0.8572484455126711,2.4054696969712968,-0.25477142168266004
ENSSSCG00000007851,1.1854605793484185,0.80420223461041,1.5479816787583849,3.537644492717213,-0.5930760924776065
ENSSSCG00000007854,0.39168421320716307,0.4764949903317596,0.7657266540287954,1.6339058575677181,-0.11851068457447365
ENSSSCG00000007855,0.7454174211957953,0.6947601421409503,0.11943908752363305,1.5596166508603786,-0.0920649206881339
ENSSSCG00000007857,0.5714984462990149,0.9750260462949363,1.1577127549530353,2.7042372475469865,-0.07827604929163004
ENSSSCG00000007866,0.4430222661864731,0.36412437597558556,0.7000044309578668,1.5071510731199256,0.02919997909062611
ENSSSCG00000007874,0.2071563315554345,0.9900450959261942,0.8601052107501738,2.0573066382318026,-0.26574918522680524
ENSSSCG00000007878,1.1426764652673151,0.5496411149528412,1.041293904905715,2.7336114851258717,-0.2719352254220524
ENSSSCG00000007881,0.7359767620558072,0.7273529656538029,0.9584582229310052,2.4217879506406153,-0.24422898234644796
ENSSSCG00000007895,0.3388472675331132,0.5888171384964407,0.4146720532711297,1.3423364593006835,-0.040908450360362086
ENSSSCG00000007907,0.43893013653629936,0.39536457653307494,0.25926238630932863,1.093557099378703,-0.2440922291420411
ENSSSCG00000007917,0.2914893140815783,1.0593086478184714,1.1533252394519362,2.504123201351986,-0.36809560967759125
ENSSSCG00000007924,0.7907264542393564,0.5803753704721514,0.6701798227893363,2.041281647500844,-0.29459873828771876
ENSSSCG00000007925,0.15347694478059914,0.23238141145423644,0.2752629862025907,0.6611213424374263,-0.07902867081276703
ENSSSCG00000007930,0.13795009383848444,1.1574256624794887,1.2170553648002926,2.512431121118266,-0.12084058277807128
ENSSSCG00000007931,0.17833889941152434,0.941993544261545,0.965470484528809,2.085802928201878,-0.09196048209243236
ENSSSCG00000007941,0.23496777335057437,0.29817142525853735,0.32100285243149346,0.8541420510406053,-0.03148771810614103
ENSSSCG00000007942,0.2031611503049884,0.44649770865697225,0.47154136041387773,1.1212002193758384,0.005210220345127954
ENSSSCG00000007947,0.5454864735133655,1.774724099155836,1.248947756319578,3.569158328988779,0.07573711142324081
ENSSSCG00000007950,0.6575555614704369,0.36804332462250133,0.8581697912836859,1.883768677376624,-0.21107621908918212
ENSSSCG00000007951,0.2821355271260114,1.1864053634112224,1.2269447766262955,2.6954856671635294,-0.22227978540212132
ENSSSCG00000007952,0.35943839005311956,0.8644314364846095,0.9353766377368229,2.1592464642745517,0.057021162366882185
ENSSSCG00000007955,0.2642324387478391,0.13396392767040136,0.32766024442076175,0.7258566108390021,-0.171936442101623
ENSSSCG00000007963,0.31092832442490365,0.5796238367989914,0.41699692739549993,1.307549088619395,-0.06383450745276883
ENSSSCG00000007965,0.12534615023344697,0.4859176385495804,0.4536857745938843,1.0649495633769117,-0.04024705005993598
ENSSSCG00000007970,0.596282574312548,0.6340720894496553,0.3405445535572483,1.5708992173194516,-0.11079000243685934
ENSSSCG00000008019,0.24413864995969567,0.8839559223349065,0.8056714470016453,1.9337660192962474,0.03041176593241024
ENSSSCG00000008026,0.12843455785468968,0.33101426554445595,0.45355781093743486,0.9130066343365805,-0.015398780525833006
ENSSSCG00000008031,0.3599419436173904,1.345629955173336,1.0549653378587878,2.760537236649514,-0.057183004627051
ENSSSCG00000008041,0.09197304166676429,0.3871389975495703,0.4028338257398592,0.8819458649561938,-0.13926145308458357
ENSSSCG00000008043,0.2746826060636629,1.0743857283591054,1.0778690909565243,2.4269374253792924,-0.09151362054498147
ENSSSCG00000008044,0.20425148094051274,0.658135892333815,0.4922476470063894,1.3546350202807171,-0.005656271871722832
ENSSSCG00000008048,0.9570720284728347,0.9897296317534502,1.5105321059739352,3.45733376620022,-0.01411537987553332
ENSSSCG00000008056,0.3711274426252486,1.1844921332220046,1.2751145302271054,2.8307341060743587,0.1579510220237215
ENSSSCG00000008058,0.09530617254093464,1.6806262394503653,1.6318310515420202,3.4077634635333203,-0.3851787163748628
ENSSSCG00000008066,0.11496159175639975,0.4204604850159332,0.4404761433439992,0.9758982201163322,-0.021847799759066443
ENSSSCG00000008068,0.3269489641386124,1.5985793280526701,1.7452266205312776,3.6707549127225603,0.08043932207705567
ENSSSCG00000008069,0.1543212738119549,1.0476572198413265,1.0387590383002265,2.240737531953508,-0.024200593464097767
ENSSSCG00000008070,0.36476857671659163,0.8310363179575114,1.0121208373785013,2.2079257320526047,-0.13137761122512834
ENSSSCG00000008079,0.31932449737910895,0.5902400421118874,0.598106517210615,1.5076710567016114,0.02563748243552194
ENSSSCG00000008089,1.2556652761597853,1.0916895729304483,2.1717233361604955,4.519078185250729,-0.1653461898066302
ENSSSCG00000008094,0.6668649712049877,1.2057009798211535,0.8804223615326684,2.7529883125588097,0.0710203976184627
ENSSSCG00000008096,0.3615536435579174,0.6918578571807725,0.8350796872727623,1.8884911880114523,-0.2519296856463128
ENSSSCG00000008098,0.4632145715887318,0.3256985482708589,0.4935820149703973,1.282495134829988,-0.11225374919445945
ENSSSCG00000008099,0.548124571168629,0.7191153650409808,0.5671218005292331,1.834361736738843,-0.11838862683349674
ENSSSCG00000008105,0.7245617609415754,0.2723581314864736,0.5284215518402752,1.5253414442683242,-0.18534157685806363
ENSSSCG00000008113,0.51012962181899,1.2691413810725738,1.0900079098577493,2.869278912749313,0.08004390791301758
ENSSSCG00000008117,0.1270889942877986,0.3662377571864361,0.4636788238484727,0.9570055753227074,-0.2125450768286934
ENSSSCG00000008125,0.7828353692377508,0.4923875237515511,0.45899997580446467,1.7342228687937666,-0.1713224937303413
ENSSSCG00000008127,0.28855891863808636,0.7827354215243014,0.6998018025980433,1.771096142760431,0.024047922460500994
ENSSSCG00000008130,0.34253088590516184,0.5267053087921792,0.6551288555228652,1.5243650502202062,-0.06275592817734811
ENSSSCG00000008136,0.5782088091932793,0.3154375314444838,0.602516965927559,1.4961633065653221,-0.05521755007869573
ENSSSCG00000008138,0.6770571395650036,0.5364959004377438,0.8868470490531436,2.100400089055891,-0.025235378876682327
ENSSSCG00000008143,0.2691309835850155,0.3668848584712733,0.2358578359403523,0.8718736779966412,-0.2212934397229964
ENSSSCG00000008144,0.45274321559450564,0.5277441817797923,0.4822386708034171,1.462726068177715,-0.2770802977631552
ENSSSCG00000008162,0.4867959927242481,0.409314892840429,0.39734847604257206,1.2934593616072492,-0.21758740247251132
ENSSSCG00000008164,0.9600957784270928,0.5804685316820569,1.4901995083421506,3.0307638184513004,-0.17912138779920647
ENSSSCG00000008167,1.2174770396829622,0.42693870686408075,1.0255468207774305,2.6699625673244736,-0.251846553220512
ENSSSCG00000008168,0.9286758372404069,0.3428245623638121,0.6588332971573762,1.9303336967615952,-0.12586397218378265
ENSSSCG00000008169,0.29615213206836594,1.5605175417053436,1.4144297559518213,3.271099429725531,-0.3297655142266262
ENSSSCG00000008170,0.22645492165923056,2.087709667589554,2.197909358015926,4.51207394726471,0.14398102883428782
ENSSSCG00000008171,0.1552834204448705,0.5014223433672705,0.5370497084652048,1.193755472277346,-0.11347629729431041
ENSSSCG00000008175,0.28986664664390516,0.785626000873487,0.6840293509599822,1.7595219984773744,-0.3130364125434664
ENSSSCG00000008176,0.22416991927345403,0.7297122909343574,0.8550991845713976,1.808981394779209,-0.2696703751543938
ENSSSCG00000008179,0.5624867609971149,0.4461066095776077,0.8422493479234772,1.8508427184982,-0.3174075588698777
ENSSSCG00000008180,0.4600712446795806,0.6477488342369822,0.4805807848538453,1.5884008637704081,-0.15752120254849591
ENSSSCG00000008181,0.2818564317512495,0.690419326412729,0.674425133187495,1.6467008913514736,-0.15631411918905783
ENSSSCG00000008185,0.7055304045156672,0.36970709808015645,0.5195778737486202,1.5948153763444437,-0.10395550655604953
ENSSSCG00000008186,0.6361956819767656,0.6949976400822091,1.266186175521838,2.5973794975808127,-0.26425459391467965
ENSSSCG00000008188,0.326344565520475,0.8805342249756959,0.6793068964275464,1.8861856869237172,-0.0806088665829033
ENSSSCG00000008190,0.2953614440675115,0.7403308162210948,0.842066796034632,1.8777590563232383,-0.1059434672603202
ENSSSCG00000008192,0.3698902251707523,0.34733326620614324,0.1387703279915208,0.8559938193684163,-0.16945671740721543
ENSSSCG00000008195,0.06305525242398557,2.417221221044905,2.3911380013246095,4.8714144747935,0.14896220854943654
ENSSSCG00000008201,0.4150616465476268,0.5639737598278701,0.6219490152662037,1.6009844216417006,-0.30988662965771124
ENSSSCG00000008202,0.19556037449098823,0.43644875986691134,0.3603600504519262,0.9923691848098257,-0.0370540250460351
ENSSSCG00000008207,0.5575361411007322,0.37126682986270404,0.7042394856324634,1.6330424565958996,-0.13131356820744913
ENSSSCG00000008218,0.5277511861729014,0.9559512816616497,0.6634080705171663,2.1471105383517175,-0.25084914377440837
ENSSSCG00000008221,0.687652561174211,0.18594001927073017,0.643100401756527,1.516692982201468,-0.2152447170767933
ENSSSCG00000008222,0.7532444191989907,0.6835442165692164,1.0537769493586089,2.4905655851268156,-0.19450072708663024
ENSSSCG00000008225,0.6355573039244327,0.6677451404880912,1.1116712360550272,2.414973680467551,0.06620423247762604
ENSSSCG00000008226,0.10390926036282916,0.6153791786462738,0.6046154102144422,1.3239038492235453,0.007744261434319958
ENSSSCG00000008232,0.41337963768758107,1.0136341957453052,1.0559882141563013,2.4830020475891876,0.040944864549512475
ENSSSCG00000008233,0.35225621785439265,0.7383359887757632,0.8382692237962507,1.9288614304264065,-0.24829735867255606
ENSSSCG00000008237,1.0831484536934464,0.6356057260762419,1.3541184109573945,3.0728725907270826,-0.036734812708910755
ENSSSCG00000008238,0.13200516948465152,0.4811439723153638,0.5790587075615593,1.1922078493615746,-0.028392471450188972
ENSSSCG00000008241,0.12582906124436433,0.9165357709162948,0.995012615951292,2.0373774481119513,-0.16112583875441788
ENSSSCG00000008242,0.4638174411280344,0.7130191700739461,0.5079590682629723,1.684795679464953,-0.22824068475551856
ENSSSCG00000008245,0.2671653759916189,1.7204970884714845,1.676497940323524,3.664160404786627,0.18145394678379803
ENSSSCG00000008247,0.17229076215941902,0.7054021759663571,0.8033223464774126,1.6810152846031887,0.2526463461169279
ENSSSCG00000008261,0.7001639601905643,0.7418488487742532,1.2380987922126552,2.6801116011774724,-0.1352036155607652
ENSSSCG00000008268,0.33978894944837756,0.3612023423464029,0.40893013381639115,1.1099214256111716,0.1834686848523997
ENSSSCG00000008270,0.33331589492694924,1.4201319842287434,1.4043511140174012,3.1577989931730936,0.11775592147866462
ENSSSCG00000008274,0.42609426397507505,0.5770823767207477,0.33581934692325993,1.3389959876190827,0.058149191999153894
ENSSSCG00000008275,0.1256234615433795,0.5709174667227198,0.5853853107611254,1.2819262390272246,-0.04605057464975415
ENSSSCG00000008287,0.12542875854230695,0.36135693594569634,0.4214849924841041,0.9082706869721073,-0.12441906716748358
ENSSSCG00000008289,0.3191511480090552,0.5851601861692456,0.670907882192832,1.5752192163711327,0.022778646213840674
ENSSSCG00000008292,0.27946894930485683,0.6777957754698856,0.9368171178671926,1.8940818426419348,-0.383599955046017
ENSSSCG00000008293,0.22681489711635033,0.5170871156418462,0.37495994669402327,1.1188619594522198,-0.09015361670885687
ENSSSCG00000008298,0.4895634860932119,0.9260988613516057,1.0283160559827131,2.443978403427531,0.06196211922341946
ENSSSCG00000008300,0.5565909016748293,0.7295446892021089,0.6064803967530523,1.8926159876299906,-0.05128554232412447
ENSSSCG00000008303,0.3130121167536677,1.4156121477589958,1.3263736354293647,3.054997899942028,0.14887340682160827
ENSSSCG00000008304,0.21508168992518087,0.8068271498660161,0.6935946401668956,1.7155034799580928,0.09753796087591823
ENSSSCG00000008309,1.1225716166331006,0.8495341958407356,1.1353709084337098,3.1074767209075462,-0.05784627962574795
ENSSSCG00000008310,0.22422530597080303,0.7150339616691638,0.7145915714530354,1.6538508390930022,-0.12296736139586734
ENSSSCG00000008316,0.39950002424826303,0.741011768763735,0.7581430357358699,1.8986548287478677,0.0063385142061531
ENSSSCG00000008332,0.13757726372836973,0.3186201404224179,0.36175724442536594,0.8179546485761535,-0.1183097571644176
ENSSSCG00000008334,0.2212122827884325,1.0261518088093056,0.9190325657903293,2.1663966573880673,-0.44703836587703405
ENSSSCG00000008335,1.2478729500309786,2.5706514203596287,2.6558161696255094,6.474340540016117,-0.26816922101860313
ENSSSCG00000008339,0.3848936571152506,1.476304779662236,1.4479170430990587,3.309115479876545,-0.1515451910100497
ENSSSCG00000008346,0.5786290125133478,0.9078305021075759,1.076445047072285,2.562904561693209,-0.29133435846344236
ENSSSCG00000008347,0.3187979821333621,0.6610982968791395,0.6627091114561253,1.6426053904686269,-0.20237242630404823
ENSSSCG00000008349,0.29657680743505693,0.5709796383284899,0.8439647150691623,1.711521160832709,-0.06628421465019195
ENSSSCG00000008352,0.15146142624716225,0.8398606581893979,0.7953319523150113,1.7866540367515715,0.18494658877386183
ENSSSCG00000008353,0.39219367758441304,0.5432464521401145,0.4043884029413883,1.3398285326659158,-0.18550520972794876
ENSSSCG00000008357,0.4766529854102007,1.5654296720246075,1.697760963937246,3.739843621372054,-0.35043820945637955
ENSSSCG00000008358,0.6254548317452969,1.0351568238888162,0.8384403705939841,2.4990520262280973,-0.07101866585775059
ENSSSCG00000008359,0.358331104412826,0.6089171498952356,0.7789849395987816,1.7462331939068432,0.05618271178242233
ENSSSCG00000008360,0.24844755658196666,0.5567021116557745,0.63263328346804,1.4377829517057812,-0.021943565023821162
ENSSSCG00000008363,0.6861521368235796,0.8104290728149312,0.2788696061332594,1.77545081577177,-0.23387870761915278
ENSSSCG00000008368,0.8210510664350116,1.17124088734335,1.956075462594908,3.9483674163732694,-0.20406395768968394
ENSSSCG00000008372,0.39908811771693786,0.22209219885546896,0.5939551947664892,1.215135511338896,-0.17225283715246617
ENSSSCG00000008374,0.6603893501195965,0.6446851785011838,1.1128920013623012,2.4179665299830813,0.1120996748883497
ENSSSCG00000008376,0.6441676275178964,1.1090884963979897,0.7381200868643009,2.491376210780187,0.2770639092213671
ENSSSCG00000008377,1.0183122210309354,1.560188451834584,1.327200457657163,3.905701130522683,0.1790207736155129
ENSSSCG00000008378,0.2481342586610787,0.3052633481819054,0.36431307676469754,0.9177106836076816,-0.36662509691262124
ENSSSCG00000008382,0.3163553422346413,0.7642048100608543,0.7640447458213415,1.844604898116837,-0.24465863804402524
ENSSSCG00000008383,0.6642328652513754,0.8448452243493736,0.89393214924123,2.403010238841979,-0.2815617347169877
ENSSSCG00000008385,0.720953651064315,0.796894460168079,0.5719556461789683,2.089803757411362,-0.06787011352479276
ENSSSCG00000008386,0.1369831868110334,0.5839623322451257,0.5208967364989303,1.2418422555550894,-0.3637820932093184
ENSSSCG00000008387,0.5357562770414577,0.4814862760236734,0.2411454510559964,1.2583880041211275,-0.09903912037355968
ENSSSCG00000008388,0.3025987006318718,0.8735476507408612,0.9400625221915991,2.116208873564332,-0.3231647396199586
ENSSSCG00000008389,0.44416304834408143,1.5581755289301022,1.5717724855108584,3.574111062785042,-0.25973151913935966
ENSSSCG00000008394,0.3146456332917994,0.338793115592336,0.28996622256306687,0.9434049714472021,-0.44008875220870414
ENSSSCG00000008395,0.41704017572621976,0.25030848050730886,0.2570356107913318,0.9243842670248605,-0.3914698089176291
ENSSSCG00000008396,0.2596919406630211,0.8395067165904825,0.867509939456776,1.9667085967102795,-0.5691736763096154
ENSSSCG00000008398,1.0142014873022493,0.8489168866713831,0.3505483440731801,2.2136667180468126,-0.04855512442740859
ENSSSCG00000008400,0.7154691304408094,0.8061402489108317,0.6288578407775082,2.150467220129149,-0.06454172970163403
ENSSSCG00000008404,0.5732690720089546,0.6056095938937754,0.20212265770716026,1.3810013236098901,0.10415533725152747
ENSSSCG00000008406,0.2565285560362753,1.0685723003644385,1.2891728190006988,2.614273675401413,-0.48506647258766855
ENSSSCG00000008412,0.6435156744261527,0.3771207480161739,0.5128591650885794,1.533495587530906,-0.15299531375700837
ENSSSCG00000008414,0.11100160653204726,0.7944126371720632,0.865934315583003,1.7713485592871137,-0.10357845833142812
ENSSSCG00000008415,0.6652719120978401,0.6445576611062385,0.7078261787703192,2.017655751974398,-0.1615536558617951
ENSSSCG00000008423,0.1652993408252708,0.28145593989614404,0.21542343777330852,0.6621787184947234,-0.22127571962294848
ENSSSCG00000008428,1.4397490542663016,0.7962601182305729,1.0594695356619526,3.2954787081588273,-0.04108351201437369
ENSSSCG00000008429,0.5739014414931942,0.8955222670427717,0.6351670466085414,2.1045907551445073,0.12648531870291946
ENSSSCG00000008433,0.21059503147214093,0.22396545293206552,0.3743695562013134,0.8089300406055199,-0.021673763557112646
ENSSSCG00000008434,0.08703050627385124,0.3317553761479784,0.2510016155109547,0.6697874979327842,-0.010578059582360308
ENSSSCG00000008437,0.48964534747600297,0.2746777534253001,0.585128364786264,1.349451465687567,-0.1662771576391521
ENSSSCG00000008440,0.16821596543414916,0.7183245171452609,0.7808755245515627,1.667416007130973,-0.028820487159686586
ENSSSCG00000008443,0.7116484178845476,0.8109512857637018,0.679425703709736,2.2020254073579855,-0.2937243143567452
ENSSSCG00000008444,0.13271252919926657,0.5289857416200112,0.6391214829572602,1.300819753776538,-0.10127341565105587
ENSSSCG00000008445,1.390553614156845,0.8755193438467951,1.2228158507973492,3.4888888088009895,-0.09359537818804693
ENSSSCG00000008447,0.10390761273201603,0.18638899677334378,0.13061531115480818,0.42091192066016797,-0.06492727804324248
ENSSSCG00000008448,0.26483335452787016,0.7118994286699738,0.9044895155990751,1.881222298796919,-0.13863258565267675
ENSSSCG00000008449,0.26581557125499367,0.27789410283984767,0.3757956372090124,0.9195053113038536,-0.04733803503473765
ENSSSCG00000008451,0.4247673545469712,1.9811543068610897,1.9709389546911555,4.376860616099217,-0.19845067633492475
ENSSSCG00000008452,0.6155282162958865,1.2813028523435577,0.6782642616475061,2.57509533028695,0.03128325808365846
ENSSSCG00000008459,0.11353459030238766,0.47983619403660915,0.439093174621208,1.032463958960205,-0.037289117212413604
ENSSSCG00000008464,0.3477024283977923,0.9897174582800203,1.0207508012036293,2.358170687881442,-0.06145403610179994
ENSSSCG00000008465,0.06944655767341472,0.3715439319195771,0.41337823102407306,0.8543687206170649,-0.1447888382849965
ENSSSCG00000008466,0.9421081762172279,0.48899993698851923,1.1982884078298888,2.629396521035636,-0.12102258057283359
ENSSSCG00000008467,0.8085099120203101,0.706646826741633,0.2600301233159204,1.7751868620778635,-0.18429258229537904
ENSSSCG00000008470,0.6921781929098342,0.6543470589167419,0.5319678487289415,1.8784931005555179,0.11042535516444683
ENSSSCG00000008475,1.0439208882292597,0.3614318312109495,0.8560961861524439,2.261448905592653,-0.17745808241474703
ENSSSCG00000008478,0.48669005770698476,0.2060340591711872,0.3455161262509783,1.0382402431291502,-0.26439910241783415
ENSSSCG00000008479,0.32966520279777684,0.5271909202472791,0.44378240355787685,1.3006385266029328,-0.228487337225093
ENSSSCG00000008482,0.3051000716966791,0.6321525322452807,0.7086093682305962,1.6458619721725558,-0.05278027560409739
ENSSSCG00000008484,0.6817514325128463,1.3597901784420392,1.1133082227300808,3.154849833684966,0.19849014267724285
ENSSSCG00000008487,0.6603795759766694,0.921170392702429,0.43135473960874077,2.0129047082878393,-0.24332870774481066
ENSSSCG00000008488,0.1810628501227602,0.1563053971484065,0.18641739549582026,0.5237856427669869,-0.043989528959907175
ENSSSCG00000008493,0.5376619180406761,0.5808700102352313,0.898955271215209,2.0174871994911165,-0.01791878742496842
ENSSSCG00000008494,0.5887320321621116,0.34922590866584907,0.7053303787445194,1.6432883195724801,-0.08038013586111031
ENSSSCG00000008495,0.4964285244565717,0.9751568383378781,0.973083261530903,2.444668624325353,-0.2226850371690056
ENSSSCG00000008496,0.2835954190738488,0.4574561959043126,0.2654119871942137,1.0064636021723752,-0.21171772588040375
ENSSSCG00000008497,0.3750159404574812,1.4940970722941347,1.2402992639617043,3.10941227671332,-0.08862611696090696
ENSSSCG00000008498,0.3716248275894113,0.4372522834990935,0.4728681025536984,1.2817452136422032,-0.33250971141510965
ENSSSCG00000008499,0.39754425632485274,0.3023976058347973,0.47460697855545164,1.1745488407151017,-0.23508833072862254
ENSSSCG00000008501,0.17768179006163906,0.900095229940398,0.9556065230518339,2.033383543053871,-0.28532467128475936
ENSSSCG00000008503,0.42633869468552804,0.4397298269662903,0.3272883380568744,1.1933568597086928,-0.2930240213102071
ENSSSCG00000008504,0.5181736767380183,0.42967066616927185,0.7454666852121917,1.6933110281194819,-0.27627659613192246
ENSSSCG00000008508,0.3895629191467303,1.140341421919085,1.175483426824179,2.7053877678899942,0.007490807584054071
ENSSSCG00000008509,0.27846002276808196,1.2533459058711562,1.0719756794773387,2.603781608116577,-0.22971775464363534
ENSSSCG00000008510,0.4716924232177342,0.9660162136004548,0.6374020714644931,2.0751107082826823,-0.3420617543473252
ENSSSCG00000008512,0.40885431728397675,0.34242582965362955,0.41486269174269014,1.1661428386802963,-0.032188444673552793
ENSSSCG00000008513,0.9493855362320899,0.5311334800548013,0.5159623401918892,1.9964813564787804,-0.12702379861858307
ENSSSCG00000008515,0.47375826717655556,0.9664328301488208,0.6434155201863943,2.0836066175117702,0.0010530793497310668
ENSSSCG00000008516,0.6681654717921097,0.8514156105500903,0.8410646016835045,2.3606456840257044,-0.009760435374703662
ENSSSCG00000008517,0.39551701364120806,0.4627398162132457,0.14182035840833418,1.000077188262788,-0.37435817250715975
ENSSSCG00000008518,0.7382802235496071,0.7166782395718155,0.4134706395555423,1.8684291026769648,0.033112980433312705
ENSSSCG00000008524,0.22208274030712732,0.5434248686903408,0.7070405170354485,1.4725481260329167,-0.24057419256021034
ENSSSCG00000008529,0.3111537887753694,0.48346173944751797,0.5472741324685952,1.3418896606914825,-0.31576443169701734
ENSSSCG00000008534,0.3018529252385516,2.111752954850436,1.8599233218895395,4.273529201978527,-0.07582097897051823
ENSSSCG00000008535,0.41174657177976737,0.7731485366595339,1.1523194456964758,2.3372145541357767,-0.39694117777965154
ENSSSCG00000008536,0.6015085995588546,0.7296519560755494,1.1141195224046678,2.4452800780390715,-0.06756680051143826
ENSSSCG00000008538,0.32346701603014505,0.6614031126591392,0.4805789772118423,1.4654491059011265,-0.1078190059457952
ENSSSCG00000008540,0.6889245716331487,0.8427403488957453,0.7944806111178556,2.3261455316467496,-0.058332503466916555
ENSSSCG00000008546,0.3170515587139272,0.5870703907314546,0.7124991737774146,1.6166211232227963,-0.015319114650564984
ENSSSCG00000008548,0.34276023082420126,0.3056730027057069,0.3390112246983627,0.9874444582282709,-0.07355874047344839
ENSSSCG00000008549,1.170168810905065,0.8475358365501723,0.9838162150231549,3.001520862478392,-0.1839198461213994
ENSSSCG00000008550,0.7220742748943066,0.752119384540315,0.8074332426645091,2.2816269020991307,0.012356225010097963
ENSSSCG00000008553,0.28340130686059456,0.7744944112924053,0.6525675038932846,1.7104632220462843,-0.009394928763085694
ENSSSCG00000008554,0.2570719557878675,0.5378490461557723,0.3600158796151677,1.1549368815588075,-0.051062927991569376
ENSSSCG00000008558,0.15233857140160156,1.6657299447567782,1.6143885625943246,3.4324570787527042,0.1573398092067693
ENSSSCG00000008569,0.46366374719445136,0.6009676300144017,0.9037479007892794,1.9683792779981322,0.012113809825222192
ENSSSCG00000008571,0.13278623371745962,1.3286897875430743,1.3337568054620765,2.7952328267226108,-0.026408740446506148
ENSSSCG00000008573,0.35790158715915554,1.0068714653231918,1.0897897635937306,2.454562816076078,-0.07903549082959734
ENSSSCG00000008574,0.19207936844430382,0.7359724521389491,0.7963776223130463,1.7244294428962994,-0.2785744061762505
ENSSSCG00000008575,0.4971003378413986,0.6708702954189615,0.6173484985773156,1.7853191318376758,-0.08996370243124607
ENSSSCG00000008576,0.1702912180572655,0.06938059906227287,0.13780346991756576,0.3774752870371041,-0.037407772189135366
ENSSSCG00000008577,0.6176985912254095,0.783685595188494,0.5750448734652387,1.9764290598791423,-0.36404375387200383
ENSSSCG00000008578,0.24960765168169777,1.1918438526386688,1.3294575761062548,2.7709090804266214,-0.15209168282553848
ENSSSCG00000008581,0.2584413358801704,0.4088647643321704,0.5394843802378265,1.2067904804501675,-0.20190529094539317
ENSSSCG00000008583,0.5261563041345664,0.8749856061651755,0.5307499477916829,1.9318918580914248,-0.4155111421144607
ENSSSCG00000008584,1.111334562522286,0.4239378816403829,1.2075734768412738,2.7428459210039424,-0.2863121669657581
ENSSSCG00000008587,0.3657140480483959,1.2843437872862444,1.5300525598358314,3.180110395170472,0.06120166013214217
ENSSSCG00000008589,0.18251522926053937,0.218922667110761,0.19751454149164216,0.5989524378629425,-0.061766622559386794
ENSSSCG00000008591,0.5779641675857449,0.6015525548839082,0.5197733196247186,1.6992900420943715,-0.20213367802880483
ENSSSCG00000008595,0.10971230881615567,0.5441508493356517,0.6240615453814844,1.2779247035332917,-0.2133851561768493
ENSSSCG00000008600,0.7226417215475579,0.7145373597900128,0.759280697540742,2.196459778878313,-0.1701271921825982
ENSSSCG00000008601,0.6780623429017366,0.25767900751490785,0.7718548594168824,1.707596209833527,0.07023487583348852
ENSSSCG00000008602,1.6872836833789253,0.9180349832529424,1.293215012171339,3.8985336788032066,-0.051448213003943775
ENSSSCG00000008604,0.09716726348886942,1.3979555093923162,1.324470805209692,2.8195935780908776,-0.24125689275319398
ENSSSCG00000008613,0.34867651790860926,0.5716034103337871,0.46913270470683255,1.389412632949229,-0.0009255105766390852
ENSSSCG00000008614,0.5676169161951655,1.0087349299895423,0.6841019625419644,2.2604538087266723,-0.043144869844424824
ENSSSCG00000008618,0.45250999425079763,0.33367481937232996,0.5003762993296901,1.2865611129528176,0.05538069270874345
ENSSSCG00000008619,0.8382172643601719,0.9815933560784816,1.155919187512358,2.9757298079510113,-0.004004336929841066
ENSSSCG00000008621,0.5084867875510362,0.9588106001819314,0.8996237930530895,2.366921180786057,-0.1818263981297613
ENSSSCG00000008629,0.7106156664979891,0.8373780744454867,0.370145874429433,1.918139615372909,-0.10772929841041397
ENSSSCG00000008633,0.5339359368266942,1.3577900000846264,1.1208447968434812,3.012570733754802,0.05336672044230137
ENSSSCG00000008634,0.37940459658604836,0.8751215692605715,0.8709688330265284,2.1254949988731484,0.06827915122778687
ENSSSCG00000008635,0.450994515534002,0.4964107204228564,0.7129492695859796,1.660354505542838,-0.05233444798786416
ENSSSCG00000008637,0.3349827506267118,1.1609175699424157,1.2990051356314682,2.7949054562005955,-0.16034767249300166
ENSSSCG00000008638,1.1009903872177533,1.1857057555633868,0.42608895671837804,2.7127850994995177,0.06834622692177544
ENSSSCG00000008640,0.4516417198686388,0.6948782461378185,0.6077854447664555,1.7543054107729128,-0.027823596516956827
ENSSSCG00000008641,0.30041142728389075,0.44585861208101474,0.36821726391866544,1.114487303283571,-0.21464569691160337
ENSSSCG00000008642,0.3277949068542741,0.7244274289028347,0.6230057519989026,1.6752280877560115,-0.20716379957442116
ENSSSCG00000008644,0.2541503372408886,0.5715316563915603,0.7715742526336447,1.5972562462660935,-0.32129586387554404
ENSSSCG00000008659,0.752884710170642,0.8685981967246647,1.028744518015657,2.6502274249109634,0.061923586876703934
ENSSSCG00000008675,0.20684081052670517,1.0324305266618858,0.8610010612719621,2.100272398460553,-0.005811101189005595
ENSSSCG00000008677,0.1730862002552511,1.8449476241840324,1.7120251229722496,3.730058947411533,-0.28587953072538397
ENSSSCG00000008678,0.07650059755706598,1.3683721399194815,1.3139187980400133,2.758791535516561,-0.05937233678611182
ENSSSCG00000008681,0.17387461309607266,0.4857352791117573,0.602410626880731,1.262020519088561,-0.28953585231384266
ENSSSCG00000008682,0.507939528428178,0.8932133910609656,0.4457914790153734,1.846944398504517,-0.23907829803213496
ENSSSCG00000008690,0.11978517421618211,0.9481310948721227,0.9124385274053558,1.9803547964936605,-0.05447944421262123
ENSSSCG00000008692,0.22120029697515403,0.7880857662190702,0.6515138864626578,1.660799949656882,-0.11116694237137363
ENSSSCG00000008695,0.12654792902385673,1.0130034476931546,0.9074717255238924,2.047023102240904,-0.050570197820741604
ENSSSCG00000008697,0.09148885911561437,0.5828087154151775,0.5112485687689313,1.1855461432997232,-0.1240907561370725
ENSSSCG00000008728,0.09064920230715388,0.3076587710300794,0.37051181486696827,0.7688197882042016,-0.09176497141350373
ENSSSCG00000008729,0.19912429893209854,1.3345136036734073,1.3333176406226859,2.8669555432281917,-0.0146109864734098
ENSSSCG00000008735,0.4124718096230184,0.9478950547233799,1.0510181729419887,2.4113850372883867,-0.24012917103800074
ENSSSCG00000008740,0.8618453322629562,1.1638359980681283,0.6357239321311726,2.6614052624622575,-0.26513893383148396
ENSSSCG00000008747,0.46573039061140203,1.1057679821614776,0.8127168842358584,2.384215257008738,-0.1711258658056125
ENSSSCG00000008748,0.1959513481190366,0.8203142241452381,0.8319227917604717,1.8481883640247465,-0.2335529249736573
ENSSSCG00000008750,0.3530068543444466,0.6681472319829831,0.46847297865455106,1.4896270649819807,-0.06059184091274106
ENSSSCG00000008753,0.23466918608094658,1.0753907838870744,0.9311258030969726,2.2411857730649936,-0.4162667613921634
ENSSSCG00000008756,0.38135817427110097,0.6819148091911283,0.414970551655607,1.4782435351178365,0.06745725723433717
ENSSSCG00000008758,0.6092825146905382,1.3988939132098297,1.889717521980073,3.897893949880441,-0.2341439199487103
ENSSSCG00000008762,0.3163766026820818,0.3664167131659533,0.5948215821282414,1.2776148979762765,-0.2173100767368683
ENSSSCG00000008768,0.4062374045789084,0.736848731670784,0.3593097771327647,1.5023959133824571,-0.343904512376732
ENSSSCG00000008770,0.1354264741253507,0.4955474030063896,0.5441233612380251,1.1750972383697653,-0.10804398914888493
ENSSSCG00000008773,0.6085745949642501,0.7490082985278431,0.9851283489016398,2.342711242393733,0.08622110924270741
ENSSSCG00000008785,0.3776516028415851,0.7200594645077149,0.7302137526482875,1.8279248199975875,-0.2529443407892099
ENSSSCG00000008787,0.5755384619833136,0.6747071075800561,0.5066605296963778,1.7569060992597476,-0.19069318217000122
ENSSSCG00000008788,0.5563733605660397,0.9840108144072897,1.2801637392953504,2.82054791426868,-0.1296313248383009
ENSSSCG00000008789,0.6231969951077017,0.7252970112867952,0.3350522311943469,1.683546237588844,-0.41042387848207673
ENSSSCG00000008792,0.9323103592719577,0.26875268722510853,0.8094177173296769,2.010480763826743,-0.2182761278027732
ENSSSCG00000008796,0.5301091916340818,1.0648211275093324,0.6651940670568651,2.260124386200279,0.10900473190931965
ENSSSCG00000008801,0.528171520463766,1.2636129171188453,1.7235783131923472,3.5153627507749583,-0.16203012004776665
ENSSSCG00000008803,0.37467732839733275,0.47617770175409757,0.49283129913439927,1.3436863292858297,0.04929573218474943
ENSSSCG00000008807,0.5425147581332415,0.5929388479237697,0.6030655239381407,1.7385191299951521,-0.045709387473691084
ENSSSCG00000008808,0.3542276688917032,0.3112060040674367,0.4034619168863793,1.0688955898455192,-0.14784484169926038
ENSSSCG00000008812,0.26028895434440563,0.7604908666322413,0.8728916533850121,1.8936714743616592,-0.4465198139087445
ENSSSCG00000008813,0.1885825637321517,0.6812187546068139,0.773449757082351,1.6432510754213165,-0.2755849270018201
ENSSSCG00000008816,0.36800061475399837,0.5103046921078128,0.6774183972749332,1.5557237041367444,-0.2821271737822391
ENSSSCG00000008820,0.3909101950967427,0.6807503392353721,1.0011276382078131,2.072788172539928,-0.11170591523545977
ENSSSCG00000008821,0.3251646466798801,1.2309992735410666,1.3581094128291917,2.9142733330501382,-0.36367989845065
ENSSSCG00000008824,0.13510617458776,0.6746765715977368,0.6491495394219835,1.4589322856074802,-0.4054196268160583
ENSSSCG00000008826,0.6689556746271847,1.0713313332934962,0.8578677889654205,2.598154796886101,-0.19879896131880398
ENSSSCG00000008831,0.8791982333168283,2.3424891967762917,2.127646806378424,5.3493342364715435,-0.3966593621468169
ENSSSCG00000008836,0.16950185088013794,0.580934393609589,0.5800040106049505,1.3304402550946774,-0.16245200115601194
ENSSSCG00000008838,0.3916411213357777,0.6525098916204665,0.9014123212761694,1.9455633342324137,-0.40791210795623645
ENSSSCG00000008842,0.7944718713938689,0.5768581869619005,0.34412398612304584,1.7154540444788153,-0.0407842110490893
ENSSSCG00000008845,0.4252510830787523,0.2819492223268719,0.5466947207287053,1.2538950261343293,0.005743971320063793
ENSSSCG00000008850,0.5743076732705824,0.684160578399413,0.993630684550265,2.2520989362202606,-0.23833529902006317
ENSSSCG00000008852,0.5223300221114449,1.2810244206356314,1.3240506339672986,3.127405076714375,-0.269693913326501
ENSSSCG00000008854,0.4856707806253631,0.8034613052818825,0.7396368511647763,2.028768937072022,-0.1189090964444057
ENSSSCG00000008857,0.18748215086721323,0.46778812954449966,0.5998007482085153,1.255071028620228,-0.07225019052503015
ENSSSCG00000008858,0.20403834516439529,0.29954526672359333,0.28363691299411115,0.7872205248820998,-0.08451513953368711
ENSSSCG00000008877,0.2571745500268105,1.2865446940964353,1.3634315772775027,2.907150821400749,0.09605245672941053
ENSSSCG00000008878,0.5511030074112248,1.0666580002964725,1.1142766409187206,2.732037648626418,0.09961548588398028
ENSSSCG00000008881,1.0894700533621136,0.31670098122722745,0.8234042078252244,2.2295752424145654,-0.08088558305568268
ENSSSCG00000008887,1.1288873665713774,0.4379330930890429,0.9546116650501139,2.5214321247105342,-0.25154334381267013
ENSSSCG00000008890,0.6607010242238924,1.1518998901682624,1.0172840484136019,2.8298849628057567,0.010032260131262004
ENSSSCG00000008892,0.22941107245871326,0.7967871767261725,0.9403978769650112,1.966596126149897,-0.14667418803749632
ENSSSCG00000008899,0.5098988895961731,0.910736221252862,1.0034933927173686,2.4241285035664037,-0.14040337399834338
ENSSSCG00000008900,0.1654773992913773,0.8026706525115551,0.7822011817380715,1.7503492335410038,0.24146918468068923
ENSSSCG00000008901,0.8268006418176002,1.3134966772154038,0.9376088594611178,3.0779061784941217,0.0303989645731742
ENSSSCG00000008902,0.18728990391317063,1.4971398523024986,1.5255968921005705,3.21002664831624,0.004083327182531679
ENSSSCG00000008909,0.5432533035145584,0.793891122738676,0.9129875831696572,2.2501320094228916,-0.36817043495935964
ENSSSCG00000008913,0.47509485487210457,0.8026387468194054,0.6668504489664043,1.9445840506579142,-0.043219642618638976
ENSSSCG00000008921,0.2917125997359489,0.8775077358685652,0.7845609179317821,1.9537812535362962,-0.18246723443659818
ENSSSCG00000008924,0.8666628553457407,0.8699021065150591,0.193528660387752,1.9300936222485519,-0.06059708034188361
ENSSSCG00000008940,0.4890284182896388,0.6784361931931331,0.8995499459982249,2.067014557480997,-0.14977469371843546
ENSSSCG00000008942,0.6078808241948737,0.8162529396245493,0.7426881084231335,2.1668218722425565,-0.08371452936970165
ENSSSCG00000008943,0.25205489427333283,0.6723831726893075,0.4469819756604692,1.3714200426231096,-0.2903477985152146
ENSSSCG00000008944,0.6369818984308694,0.9768710749652373,1.1643517620534058,2.7782047354495125,-0.30085833601930295
ENSSSCG00000008947,0.20017541853165666,0.2771053301282304,0.46855411718671935,0.9458348658466065,0.03825643485747725
ENSSSCG00000008969,0.4254841117808981,0.6807710633340014,0.8268425034147514,1.9330976785296508,-0.14561702260930445
ENSSSCG00000008971,0.9349972006671082,0.7905105758783842,0.7235362447364208,2.4490440212819133,-0.024067498666288316
ENSSSCG00000008972,0.13510729526074527,0.6493791070101556,0.7680165828338011,1.5525029851047019,-0.08381550278293232
ENSSSCG00000008974,1.455831277171145,1.5135834984630245,1.5804026952983632,4.549817470932533,-0.02817724053596792
ENSSSCG00000008976,0.34464399210561186,0.5179309862150113,0.4486119225577201,1.3111869008783432,-0.36398235297601844
ENSSSCG00000008979,0.4065807449524955,0.9120298092622386,1.175180380226191,2.4937909344409253,-0.12044003033243895
ENSSSCG00000008980,0.12247251687474611,0.38213996324489474,0.3544658957783794,0.8590783758980203,0.04509473435794941
ENSSSCG00000008983,0.2542121312985203,0.5947545940034167,0.6326630068160047,1.4816297321179417,-0.1375620452177781
ENSSSCG00000008984,0.1875313915375746,0.2658594937024502,0.40840161136249165,0.8617924966025164,-0.11536786885358913
ENSSSCG00000008986,1.4998846840102102,1.7497211378392492,3.0521976782599083,6.301803500109368,-0.1127867225139006
ENSSSCG00000008987,1.1171786631546405,1.1573177389502127,1.2733975883972577,3.547893990502111,-0.203855719392545
ENSSSCG00000008988,0.5096600994499378,0.7466687946782395,0.41330362282313926,1.6696325169513166,-0.0849301396822687
ENSSSCG00000008989,0.8873417450739675,0.4006311489580189,0.497372724928575,1.7853456189605614,-0.39612108309722677
ENSSSCG00000008990,1.067517535319916,0.8445842292351824,0.9976639492927263,2.9097657138478246,0.20988040851774334
ENSSSCG00000008996,0.8804882968185008,0.35414909884304957,0.6932890737605013,1.9279264694220517,-0.10024963382357135
ENSSSCG00000009007,0.1722394152857311,0.7318475628564882,0.682733633800526,1.5868206119427453,-0.4281674095262404
ENSSSCG00000009009,0.38300639675571474,0.7779989720438086,0.6757776362990243,1.8367830050985479,-0.1683952425335151
ENSSSCG00000009010,0.965230382276684,0.5783378127174323,0.47642567863904023,2.019993873633157,-0.15801664227864018
ENSSSCG00000009015,0.1728548326644307,0.14685053357455338,0.19998071867727996,0.519686084916264,-0.057308455441963876
ENSSSCG00000009019,0.7773979714616956,1.618782650110953,1.5117684341654642,3.907949055738113,0.18272406944923877
ENSSSCG00000009021,0.17067835122052397,0.39803496488028156,0.37337921009147435,0.9420925261922799,-0.12033668778638021
ENSSSCG00000009023,0.281560426506969,0.900995088061673,1.0072417122434163,2.1897972268120585,-0.4230359808965653
ENSSSCG00000009029,0.4186581410319218,0.6975705194516953,0.7771971910178731,1.8934258515014903,-0.16171485174929384
ENSSSCG00000009030,0.23582928222538516,0.6227630925070982,0.7563794903359273,1.6149718650684106,-0.1283625548119787
ENSSSCG00000009035,0.5383120558589791,2.291153842613935,2.7957108706923464,5.625176769165261,-0.26500285087169145
ENSSSCG00000009037,0.10050433015657685,0.564998521216182,0.4752787696928183,1.1407816210655772,-0.002608654263926217
ENSSSCG00000009039,0.3877943555886631,0.6075193886228348,0.8642644055585111,1.859578149770009,-0.1473821223804143
ENSSSCG00000009040,0.26743241201096585,0.6163321464227489,0.8701472789536182,1.753911837387333,-0.24162218369992616
ENSSSCG00000009042,1.0877311433902899,1.1259381220926805,2.0526211241952392,4.266290389678209,-0.17822315333290056
ENSSSCG00000009043,0.4198857257716755,1.0460468597645713,0.9722176154757024,2.438150201011949,0.01374721359160742
ENSSSCG00000009045,0.5053426726072283,1.0197635689120081,0.875942632314748,2.4010488738339846,-0.384580566012574
ENSSSCG00000009047,0.9343994833344991,1.155813611085919,0.4888733998018766,2.5790864942222944,-0.17224314034532104
ENSSSCG00000009048,0.47717331782331734,0.5823818906351053,0.3529349532591336,1.4124901617175563,-0.3618269086750573
ENSSSCG00000009049,0.3556645243619425,0.3182089030946762,0.46094473155319815,1.134818159009817,-0.35250159182730434
ENSSSCG00000009052,0.12646606555780546,0.5678674046868668,0.5518841477514018,1.246217617996074,0.15477590709745667
ENSSSCG00000009055,0.5107934668531706,0.36495597926760365,0.2274177759882535,1.1031672221090276,-0.16636858859515327
ENSSSCG00000009060,0.14069424751851264,0.5435569419057472,0.5548044507834831,1.2390556402077428,-0.1527344682028422
ENSSSCG00000009061,0.4765992742557592,0.3404196003438601,0.8009649706163856,1.617983845216005,-0.005764724462882741
ENSSSCG00000009062,0.24670965062238995,1.8931934857267563,1.7625324436138858,3.902435579963032,0.04089675121118642
ENSSSCG00000009069,0.15263327387350392,0.4345150799806229,0.3407106092444618,0.9278589630985885,-0.18876857603503222
ENSSSCG00000009071,0.46124222282494515,0.14322001180251664,0.5543790624444435,1.158841297071905,-0.1664422163954039
ENSSSCG00000009072,0.864087064118817,0.19117829707470185,0.809347676863192,1.8646130380567107,-0.037570955330230235
ENSSSCG00000009074,0.3486338513373784,0.647468022820882,0.2998739837332011,1.2959758578914615,-0.028190889045519998
ENSSSCG00000009077,0.8546512946353491,1.3274801947357844,1.556705329550714,3.7388368189218477,-0.25812978200126196
ENSSSCG00000009078,0.37572756954174213,0.5503626108619419,0.6579833001527253,1.5840734805564094,-0.3396074887935677
ENSSSCG00000009083,0.26083740770478864,0.7680950730951611,0.9732765405913649,2.0022090213913146,-0.20616630403104624
ENSSSCG00000009084,0.45721992955997504,0.9299619801585485,0.7588782129961064,2.14606012271463,-0.3362299808074673
ENSSSCG00000009085,0.13798179898435567,0.9268347281669062,0.8655123164992538,1.9303288436505155,-0.053738442273989745
ENSSSCG00000009089,0.660488142867736,0.2285362258170786,0.8590274831522633,1.748051851837078,-0.2700280461187216
ENSSSCG00000009090,0.36349431520372405,0.3333526116261157,0.3799647083836525,1.0768116352134922,-0.30389177273775886
ENSSSCG00000009092,0.39703161110039853,0.753324350745099,0.6313834905678635,1.781739452413361,-0.37571271368026965
ENSSSCG00000009093,0.4641390625596368,0.66083806164606,1.061841260586958,2.186818384792655,-0.12725934655932195
ENSSSCG00000009096,0.9463122273518082,1.3374879014235583,1.7960939379001943,4.0798940666755605,-0.0876520761048582
ENSSSCG00000009097,0.30208711715571,0.4570742919028224,0.7030128218631818,1.4621742309217143,0.0644761516763327
ENSSSCG00000009101,0.31812842656517165,0.36472548906872343,0.571666479645907,1.254520395279802,-0.25926798613887736
ENSSSCG00000009106,0.5594374652513356,0.76536533767038,0.5620012517945239,1.8868040547162395,-0.10600215237917097
ENSSSCG00000009111,0.1023323094308935,0.4278465022682114,0.40745310353435377,0.9376319152334587,-0.082270838110187
ENSSSCG00000009112,0.3467234067408143,0.47583829494737007,0.6573821556725628,1.479943857360747,-0.22161549582638584
ENSSSCG00000009113,0.5733041074419551,0.4262607319061992,0.9612588355253883,1.9608236748735426,-0.23525079334626417
ENSSSCG00000009114,0.42703009082166615,0.8265814490580149,0.5265739885229499,1.780185528402631,-0.03375327035591675
ENSSSCG00000009119,1.2621498116950822,1.2929826472122925,0.6630347127237872,3.218167171631162,0.105174959357421
ENSSSCG00000009120,0.39869729937125925,0.24944785684023918,0.30284076015923955,0.9509859163707379,-0.19677663685401636
ENSSSCG00000009122,0.4791712751937903,2.461435316861975,2.694089764383044,5.634696356438809,-0.14068957630978077
ENSSSCG00000009123,0.47767625609373315,0.4982274963916899,0.6623192322063057,1.638222984691729,0.04296196240364665
ENSSSCG00000009125,0.4278426882199919,0.586089800076488,0.7940329734707701,1.80796546176725,-0.34102023938972487
ENSSSCG00000009128,0.24380373935116822,0.48758723162530493,0.4269128613904418,1.158303832366915,-0.14770672768277593
ENSSSCG00000009133,0.12543227831202952,0.3389192705849523,0.4208362785122996,0.8851878274092815,0.10055790949421681
ENSSSCG00000009134,0.2089570012861123,0.516861321429314,0.5456789135575528,1.271497236272979,-0.13020917917815336
ENSSSCG00000009137,0.6145012886879027,1.6281962857467593,1.194808716773487,3.437506291208149,-0.04260464245092581
ENSSSCG00000009138,0.1845839318949234,0.44469857465320195,0.5772130594796416,1.206495566027767,-0.17809687576104977
ENSSSCG00000009140,0.4773211187017207,1.7241202589812898,1.8126755618252857,4.0141169395082965,-0.23188722194151867
ENSSSCG00000009141,0.30961433050196424,0.9812937274304597,1.0193296090999484,2.3102376670323723,-0.5528118203782404
ENSSSCG00000009142,0.7707255993829556,1.2910078553684423,1.0234840852513172,3.0852175400027146,-0.21627580959317133
ENSSSCG00000009144,0.4777525620911949,1.302309649640816,1.3323890731423462,3.112451284874357,-0.13493447273498224
ENSSSCG00000009145,0.12782214251145388,1.3899436873367557,1.3284569912522115,2.846222821100421,0.1626134727388143
ENSSSCG00000009146,0.13295085845287358,1.9093656549241074,1.963457247017998,4.005773760394979,0.18153247649428803
ENSSSCG00000009148,0.2164662605557052,0.7419418285723246,0.8389828757481202,1.7973909648761501,-0.3824539329732785
ENSSSCG00000009150,0.22384743631611526,0.8961954695021007,0.8649143358919539,1.9849572417101697,-0.00037249143265351536
ENSSSCG00000009152,0.4328116143987824,0.7106002980775545,0.8533364095343937,1.9967483220107307,-0.17972349957072425
ENSSSCG00000009157,0.525915257234156,0.5189016523789373,0.546197861158893,1.5910147707719862,-0.1569604534996752
ENSSSCG00000009162,0.4683677256511448,0.2928389625216752,0.17982203902407468,0.9410287271968947,-0.09787635011833395
ENSSSCG00000009164,0.34035048604448714,0.9081493114624122,1.1383954849428979,2.3868952824497973,0.10826295307937676
ENSSSCG00000009166,0.4731593283765082,0.8183819271306825,1.0600438590966104,2.351585114603801,-0.4914967949701212
ENSSSCG00000009169,0.1439579374588595,1.4003380729160808,1.5044812046322398,3.0487772150071804,-0.056482510183298966
ENSSSCG00000009172,0.8649354563258703,0.4831283953265623,0.7775512704023144,2.125615122054747,-0.03944813433753919
ENSSSCG00000009176,0.5039505564414194,1.146223470217321,0.8873653356815728,2.537539362340313,0.02807478038667379
ENSSSCG00000009177,0.17446965723939295,0.6401736529577621,0.6540365684017673,1.4686798785989224,-0.02640322933505684
ENSSSCG00000009178,0.3685711181266994,1.1257603784303762,1.311067062392948,2.8053985589500234,0.11261955702375014
ENSSSCG00000009180,0.7970425026188351,0.3731630876104912,1.1452939535516868,2.315499543781013,-0.140723869714092
ENSSSCG00000009181,0.2719245147580083,0.6197180922117976,0.6374902758514711,1.5291328828212771,-0.25030255049924793
ENSSSCG00000009185,0.6708338718551092,0.5594842846965028,1.0033276993862423,2.2336458559378545,-0.037097733991003606
ENSSSCG00000009186,0.34213078852683626,0.626884239794765,0.6347611645557127,1.603776192877314,0.11897536010274383
ENSSSCG00000009188,0.1813142000499631,1.0155003269114116,1.0504620898983876,2.247276616859762,-0.2473274575330554
ENSSSCG00000009192,0.35260100402274736,0.3989067227151533,0.3470734568948877,1.0985811836327883,-0.024183167463532558
ENSSSCG00000009193,0.27826489088527057,0.3332885055953751,0.49072937208020945,1.1022827685608552,-0.051775529109575634
ENSSSCG00000009194,0.41690394873538944,0.7861588800484537,0.9632481303279103,2.1663109591117538,-0.48409297136641416
ENSSSCG00000009197,0.42169568522535805,0.5967914980677994,0.9647454849240008,1.9832326682171582,-0.07960825496415987
ENSSSCG00000009203,0.4381791826225169,0.6754470839496415,0.4329535887249262,1.5465798552970846,-0.29128695829524587
ENSSSCG00000009208,0.4126159291534252,0.4471867627919692,0.6278925280647717,1.487695220010166,-0.24872261868417836
ENSSSCG00000009211,0.44111262714791916,0.8903996270427698,0.6469386153132101,1.9784508695038991,-0.0526269706622422
ENSSSCG00000009225,0.28124458884742676,0.9248245562399171,0.6965456329112208,1.9026147779985645,0.05139762396338106
ENSSSCG00000009226,0.5115074267968327,0.5570671493865713,0.1950523035032203,1.2636268796866243,-0.22434596297283804
ENSSSCG00000009229,0.14410864022199904,0.6817796338269083,0.7121918687878412,1.5380801428367485,-0.12446932380471983
ENSSSCG00000009230,0.4912784605563739,0.49615026208274143,0.449700634375846,1.4371293570149615,-0.3013040405445378
ENSSSCG00000009231,0.340501446511744,0.2913623175583579,0.37501273574799904,1.006876499818101,-0.17734541953920857
ENSSSCG00000009234,0.36709179774898026,1.4192585288615123,1.354807471836404,3.141157798446897,0.10259811915242359
ENSSSCG00000009236,0.46845797347637996,0.49928048484494897,0.7043087848942948,1.6720472432156237,-0.32228638097863527
ENSSSCG00000009238,0.7921426879752124,0.3806854259606953,0.9318242229410721,2.10465233687698,-0.14688307016429203
ENSSSCG00000009241,0.18862016099887033,1.313213751849865,1.215201370870123,2.7170352837188583,0.03108464921511226
ENSSSCG00000009242,0.37641525182050845,0.38813821882025,0.399453309940204,1.1640067805809624,-0.11448494258358366
ENSSSCG00000009244,0.6464930570454506,0.428765789410772,0.7889889986459884,1.8642478451022109,0.045549316114678176
ENSSSCG00000009246,0.47243190223903075,0.3402174796963042,0.420635175402885,1.2332845573382198,0.05871504767196421
ENSSSCG00000009249,0.9601752905683272,0.493604576995036,1.042130293944302,2.4959101615076653,-0.004804555544233634
ENSSSCG00000009256,0.0916761398198235,0.5432568476085768,0.5350707403874636,1.170003727815864,-0.2014430611337746
ENSSSCG00000009259,0.28837241647393513,0.3119745578254117,0.41692325165183747,1.0172702259511843,-0.19671401196531382
ENSSSCG00000009268,0.6410158937945156,0.8692792123183708,0.3959783533349541,1.9062734594478405,-0.09367960010852787
ENSSSCG00000009270,0.23477251860407136,0.8753796024918653,0.7551998218564766,1.8653519429524132,-0.2501219960754271
ENSSSCG00000009281,0.09689057131243659,0.5297190313834966,0.5914770987730709,1.2180867014690042,-0.1716227886054301
ENSSSCG00000009283,0.1938223581184222,0.5019478596911248,0.4094461016961004,1.1052163195056472,0.03580529113898594
ENSSSCG00000009290,0.5065690394411027,0.571686460144258,0.552664022297607,1.6309195218829675,0.11431069886921419
ENSSSCG00000009298,0.5468573236235699,0.40786900914284097,0.5811509533025695,1.5358772860689802,-0.1172726569442882
ENSSSCG00000009300,0.3555248589864977,0.8696098310359768,0.8903467019259939,2.1154813919484683,-0.42750630407932194
ENSSSCG00000009302,0.16398912911877903,0.5091216309246133,0.5055463522546441,1.1786571122980365,-0.12706438348802956
ENSSSCG00000009303,0.5500363568429345,1.7082498297200301,1.9171446585424523,4.175430845105417,0.12452203794493906
ENSSSCG00000009305,0.08739155004844497,0.46208364000839247,0.4642027304189169,1.0136779204757542,0.10371168287710349
ENSSSCG00000009308,0.23436248286601105,0.18381309604267168,0.12190124396592845,0.5400768228746112,-0.24491042388016832
ENSSSCG00000009310,1.4411690032828435,0.9079065678603068,1.8025975250996769,4.151673096242827,0.0379266168737107
ENSSSCG00000009314,0.10975816577865007,1.353161588618596,1.2947774070623328,2.757697161459579,-0.35394938328928427
ENSSSCG00000009319,0.8652542486659761,0.6752299829918155,0.5262467654731339,2.0667309971309256,-0.34016928738509833
ENSSSCG00000009320,0.26283559142963503,0.590072212354104,0.7629787398049283,1.6158865435886671,-0.23409311772395738
ENSSSCG00000009322,0.20494998677787848,0.5974760619003775,0.42343710242136606,1.225863151099622,0.07158456070625484
ENSSSCG00000009326,0.3456878404735513,0.777580524022801,0.6148279060112743,1.7380962705076266,-0.19134133803865397
ENSSSCG00000009327,0.9127012723426504,1.2501441530280992,0.840695313280643,3.0035407386513926,0.06146282908000776
ENSSSCG00000009334,0.8551291943756917,0.7324458637177915,0.5143958864030799,2.101970944496563,0.025087514676444083
ENSSSCG00000009335,0.2715578850158943,0.6406024185562315,0.7061908548859367,1.6183511584580623,-0.17856468194812883
ENSSSCG00000009338,0.5478254891354012,0.9232206138136986,0.6743052550152773,2.145351357964377,-0.3187558170018609
ENSSSCG00000009341,0.5662918192423072,0.6371923110196488,0.6724764342947571,1.875960564556713,-0.2592907933227132
ENSSSCG00000009345,0.8161697845424464,0.773774033761536,0.794249806449989,2.384193624753971,-0.15442462666262233
ENSSSCG00000009349,0.44312096670504564,0.8986954377965027,1.0931205897745393,2.4349369942760877,-0.064449076754513
ENSSSCG00000009359,0.20910068623520847,0.6611603741222564,0.49224400406130303,1.362505064418768,-0.16009960481575508
ENSSSCG00000009362,0.7900004420204869,0.9693929847652457,0.5510181813163201,2.310411608102053,-0.4444380308117855
ENSSSCG00000009364,0.08587654177924074,0.3543199585428683,0.39113452834680806,0.8313310286689171,-0.2888160853553643
ENSSSCG00000009369,0.6516163729404305,0.41943829630613094,0.23294307368584355,1.303997742932405,-0.28877000738232084
ENSSSCG00000009370,0.4201877626342572,0.577098969615039,0.7713026911132694,1.7685894233625656,-0.33476121021187555
ENSSSCG00000009372,0.20624209305070546,0.7855945173059474,0.6582383883612631,1.650074998717916,-0.03335001448016704
ENSSSCG00000009374,0.337848011900158,0.8506916459556668,1.1493919503225145,2.3379316081783394,-0.0996658667851172
ENSSSCG00000009377,0.12959186979036014,0.4770410631881414,0.5721169125660442,1.1787498455445458,-0.23193477156905157
ENSSSCG00000009378,0.21274580933280368,1.2587852504021153,1.2214402183733033,2.6929712781082222,-0.2064761989614543
ENSSSCG00000009379,0.08083051262076246,0.48439847470012876,0.4939522418323815,1.0591812291532727,-0.09145251103835199
ENSSSCG00000009380,0.29496581833626306,0.7036888880889485,0.6141665948439895,1.612821301269201,-0.2366139595736066
ENSSSCG00000009381,0.36922927588018406,0.7303777117925341,0.8776958279364404,1.9773028156091585,-0.034768802958410415
ENSSSCG00000009384,0.30085482760565563,0.282585077815116,0.39990732818512925,0.9833472336059008,-0.1852179039218102
ENSSSCG00000009385,0.21312613246305767,0.7207331776287872,0.6440730728612106,1.5779323829530556,-0.10853230628100133
ENSSSCG00000009389,0.6534347290766764,0.6943103577593083,0.6190251831791981,1.966770270015183,-0.12651852007005826
ENSSSCG00000009390,0.6796381187967648,0.6082410250361044,0.3587569339956927,1.646636077828562,0.011303054522645125
ENSSSCG00000009393,0.4432253933230024,0.7153795174422573,1.0024382503889429,2.1610431611542023,-0.3712083167428766
ENSSSCG00000009395,0.5564312505019469,0.3353387567638369,0.7108505559669197,1.6026205632327035,-0.11360574896854614
ENSSSCG00000009396,1.0925380860618963,1.0106552649341054,0.6971160188454372,2.8003093698414387,-0.24086789759620947
ENSSSCG00000009397,0.3322233421305312,0.6389012517235448,0.7402052597433513,1.7113298535974273,-0.07199863768355837
ENSSSCG00000009400,0.24969419645311708,0.18485963798262478,0.19430999270360202,0.6288638271393439,-0.38702510098326437
ENSSSCG00000009401,0.6456072890367618,1.0758913935325258,0.5147039581630297,2.2362026407323174,-0.19309344316167357
ENSSSCG00000009403,0.6198073311354406,1.2837874058817098,1.4035794450885102,3.3071741821056606,0.0995073692506043
ENSSSCG00000009405,0.5670674321984955,0.5586526920005348,0.40322942736889306,1.5289495515679234,0.08976719376041453
ENSSSCG00000009407,0.18249783745116485,0.9983398387883439,0.9941619203394298,2.174999596578939,0.1327405665311591
ENSSSCG00000009408,0.2100636780173191,0.5006068219717086,0.6608747194019988,1.3715452193910265,-0.10238875628867912
ENSSSCG00000009414,0.694490005684745,0.7313017828094049,0.8054448237996356,2.2312366122937854,-0.15467361121525028
ENSSSCG00000009419,0.4581466470780158,0.6075068844205407,0.614110018557577,1.6797635500561334,-0.09759906806982468
ENSSSCG00000009420,0.321814614633841,0.6016194208278687,0.8615286586234033,1.784962694085113,-0.09266783952599106
ENSSSCG00000009422,0.16882926960526815,0.516407280059814,0.6009313286557744,1.2861678783208563,-0.28610854088045123
ENSSSCG00000009425,0.8992430623627751,0.4754622277826625,0.935267135505479,2.3099724256509164,-0.31291919534675944
ENSSSCG00000009430,0.5310437287942423,0.9914771094070307,0.8015352359295869,2.32405607413086,-0.3912946563823742
ENSSSCG00000009432,0.11103019627033557,0.5611624620537652,0.4689954851044431,1.1411881434285438,-0.25184924542222137
ENSSSCG00000009435,0.33928455791283163,0.4735827206192393,0.43673376703575767,1.2496010455678286,-0.18378646244296998
ENSSSCG00000009436,0.09243108480550687,0.39970224566511214,0.3138258751790197,0.8059592056496387,0.010018701658859284
ENSSSCG00000009440,0.7396430194901485,0.3584672931011513,0.8767010549981183,1.9748113675894183,-0.24959769731518722
ENSSSCG00000009446,0.4840352713290958,0.7751789915958738,1.0953631872793244,2.354577450204294,-0.07578997627165056
ENSSSCG00000009448,0.7430749792314517,0.6309200828379204,0.9126797487838858,2.286674810853258,-0.09676041541581322
ENSSSCG00000009449,0.5753938648928248,0.5236117623618931,0.3837064499443998,1.4827120771991178,-0.08791020152394308
ENSSSCG00000009460,0.5102905902354703,0.6997826448877773,0.3695341373256731,1.5796073724489206,-0.02801353743982983
ENSSSCG00000009464,0.13503565144791507,0.49181822345295556,0.5037398008018062,1.1305936757026769,0.11085406513163515
ENSSSCG00000009466,0.6614104100708329,0.9163951480511421,0.9713478932457028,2.549153451367678,-0.035943503943943064
ENSSSCG00000009472,0.6434683939934601,1.1028721409588516,0.9032403016665523,2.6495808366188642,-0.3057353835307058
ENSSSCG00000009473,0.19009492938532482,0.4469668507429356,0.32472327759141784,0.9617850577196783,-0.1014000718183092
ENSSSCG00000009475,0.16008921653401362,0.5898507354472351,0.6209593096834555,1.3708992616647042,-0.13102447936296627
ENSSSCG00000009477,0.47971102243392305,0.8372101574180214,1.018471800710729,2.3353929805626734,-0.08496007820937936
ENSSSCG00000009479,0.5435118638551188,0.4773688119129284,0.5051604852309923,1.5260411609990396,-0.27804073283547226
ENSSSCG00000009480,0.37037086816720377,0.8194392770931955,0.9145943875406738,2.104404532801073,0.00030799683864799745
ENSSSCG00000009486,0.20302520033333651,0.6167560534652248,0.7526531275200977,1.572434381318659,-0.1400522630083318
ENSSSCG00000009490,0.1876560017789061,0.6515965999443484,0.6770426944366024,1.5162952961598568,-0.31287145281132805
ENSSSCG00000009491,0.5238419983407214,0.29398141967921165,0.5700712106490958,1.387894628669029,-0.284767057297421
ENSSSCG00000009500,0.15574015908087885,0.7184910793012547,0.6416445024980805,1.515875740880214,-0.30195163615720205
ENSSSCG00000009501,0.6206539892189507,0.885233293295251,0.9170970893869126,2.4229843719011144,-0.2895926075935083
ENSSSCG00000009502,0.5730992717736568,0.5182064099395216,0.5385830986594978,1.6298887803726765,-0.2180229321895668
ENSSSCG00000009509,0.8922066610942054,0.5649349602545468,1.3874015973953902,2.8445432187441426,0.1455054899744479
ENSSSCG00000009511,0.16489545303053357,0.7994074106873345,0.7487446102061006,1.7130474739239685,-0.2107545202542818
ENSSSCG00000009513,0.21676951530406813,0.7507560887571781,0.7080922040351707,1.675617808096417,-0.16055909776497876
ENSSSCG00000009516,0.8125686648653752,0.45960676135836187,0.42893758822004374,1.7011130144437807,-0.1511087047738417
ENSSSCG00000009519,0.1219266618691801,0.31130953430944813,0.39490387719238584,0.828140073371014,-0.022081611868882096
ENSSSCG00000009520,0.257363025198542,0.3129577642200018,0.5116648407134592,1.081985630132003,-0.061279930172564695
ENSSSCG00000009522,0.45595784390511046,0.35774602448524606,0.2375499550704765,1.051253823460833,0.08187126099136798
ENSSSCG00000009523,0.19629106069993957,0.5480232883671741,0.635887064359229,1.3802014134263425,-0.061394433672798815
ENSSSCG00000009524,0.13991421029342233,0.30639806971757033,0.351109604156912,0.7974218841679046,-0.10790342943360405
ENSSSCG00000009528,0.4962334124544845,0.5693446362260073,0.7868442380842802,1.852422286764772,-0.18689235925043104
ENSSSCG00000009531,0.4905916178663848,0.48953022760865317,0.6566221167372589,1.636743962212297,-0.000179301611650169
ENSSSCG00000009532,0.6257149179394635,0.6049850256431712,0.7942256471182666,2.024925590700901,-0.09988372134267862
ENSSSCG00000009534,0.6667712473289696,0.19273532198628474,0.7035430110021046,1.563049580317359,-0.14198771281037342
ENSSSCG00000009535,0.17393029817252828,0.5559110727846247,0.7019073059883174,1.4317486769454704,0.03331919234102229
ENSSSCG00000009536,0.6305691528501061,0.8198427778829488,1.050428715827939,2.5008406465609943,0.05649378568305866
ENSSSCG00000009540,0.21025021535242625,0.5796399416142064,0.6787399466087576,1.4686301035753901,-0.3023973692662001
ENSSSCG00000009541,0.7154765837753752,0.7281411378736882,0.5016636716837679,1.9452813933328312,-0.12556561643357878
ENSSSCG00000009551,0.38277844308933756,0.8927783538569328,0.5991735214713209,1.8747303184175914,-0.2355048365130245
ENSSSCG00000009553,0.10697090733634422,0.6795575126061141,0.5900206416908583,1.3765490616333165,-0.12321615957940749
ENSSSCG00000009556,0.4968144040623072,0.4372263916007409,0.5625818400194823,1.4966226356825305,-0.15911457272452453
ENSSSCG00000009563,0.11494041735174985,0.5287292363143088,0.4659098463425626,1.1095795000086213,-0.08054953145452999
ENSSSCG00000009568,0.4637480998898697,0.5163609418500389,0.756850545167394,1.7369595869073025,-0.23541871161068464
ENSSSCG00000009569,0.5762263874872208,0.5468314636566649,0.663855910583466,1.7869137617273518,-0.05407656695302777
ENSSSCG00000009570,0.9839708262832131,1.2628024600180336,1.4679140043838124,3.714687290685059,-0.0694613162777526
ENSSSCG00000009572,0.2796142162964771,0.5168952929655444,0.7702249328036291,1.5667344420656506,-0.366272865977732
ENSSSCG00000009578,0.5393511539677148,0.45436494998051513,0.9629304875974348,1.9566465915456648,-0.035595659262359795
ENSSSCG00000009584,0.10336556252977873,0.4438953032802957,0.5024196285483419,1.0496804943584164,-0.1988664788509921
ENSSSCG00000009591,0.7745144884927124,0.8988672450560832,0.5821567669679101,2.2555385005167055,-0.020321513899377714
ENSSSCG00000009592,0.1548077858116388,0.34616736533651005,0.27438491243645785,0.7753600635846067,-0.1647894429260217
ENSSSCG00000009594,0.2767099348792569,2.504053399799455,2.665889673792987,5.446653008471699,-0.19630886874447592
ENSSSCG00000009595,0.6653541587733921,0.5894070786273877,1.0411928299820483,2.2959540673828283,-0.1015439180738956
ENSSSCG00000009610,0.5108378198994317,0.5166191624411609,0.730662625309165,1.7581196076497576,-0.4853659242613213
ENSSSCG00000009611,0.3048252756403491,0.7340956441725036,0.9088985022738635,1.9478194220867162,-0.1563280628798395
ENSSSCG00000009617,0.15784700310743618,0.44924865267704095,0.36131586248301967,0.9684115182674968,0.012054947586562757
ENSSSCG00000009622,0.5724130081645948,0.8255537097474218,1.0966996115533705,2.494666329465387,-0.08661700809479211
ENSSSCG00000009628,0.16148711592978943,0.4322969148400847,0.5530749049088797,1.1468589356787537,-0.12579887260702888
ENSSSCG00000009629,0.5401992554596416,0.40333701065852834,0.35365369837542804,1.297189964493598,-0.18831964205859175
ENSSSCG00000009638,0.362156998816347,0.7670072731338876,0.7552346097985752,1.8843988817488098,-0.19291322995601715
ENSSSCG00000009650,0.6493624022184968,0.43213323844429163,0.9319379395032852,2.0134335801660734,-0.2711036800851404
ENSSSCG00000009652,0.3462634098386352,1.7191466884488191,1.6204838173805536,3.6858939156680077,-0.44304007547445806
ENSSSCG00000009653,0.4550205837764938,0.6004951341878995,0.330954853259039,1.3864705712234322,-0.2578432038146813
ENSSSCG00000009657,0.30271071078863926,0.44432050558014125,0.21921424393204028,0.9662454603008207,-0.08536857603418285
ENSSSCG00000009658,0.7273028822794917,0.6576594619621078,0.7376620378851798,2.122624382126779,-0.15617707086749794
ENSSSCG00000009670,1.0422530600452145,1.258824460397128,1.5590105114540942,3.860088031896437,-0.3904196629141158
ENSSSCG00000009671,0.6242329233726147,0.5554442243283964,0.7502552130776404,1.9299323607786514,-0.07596796314412696
ENSSSCG00000009674,0.2761632705709836,0.3479600378569797,0.40013018750051954,1.024253495928483,-0.22052491427568907
ENSSSCG00000009676,0.26119765443817583,0.817592230470922,0.9202610495886479,1.9990509344977456,-0.3061315617463158
ENSSSCG00000009679,0.5920623700193799,0.13341242856302105,0.48516024891828885,1.2106350475006897,-0.2418485043337164
ENSSSCG00000009680,0.33743119438558467,0.6220171348260711,0.4286518267114535,1.3881001559231092,-0.38857400365463557
ENSSSCG00000009681,0.2770131718064677,0.45886698481441524,0.5031759867643247,1.2390561433852076,-0.1702385260797965
ENSSSCG00000009682,0.3278519460097828,0.8407545756740586,0.7609420768958519,1.9295485985796934,-0.07693387562222777
ENSSSCG00000009683,0.521561448778382,1.1795804102424339,0.7238840265125315,2.4250258855333473,-0.23216386511586218
ENSSSCG00000009692,0.8188085653160457,0.9985341533225459,0.9483212705893743,2.765663989227966,-0.15439724901269875
ENSSSCG00000009702,0.8965095585637161,0.8292404089255407,0.9804078062470508,2.7061577737363076,-0.17480742729212803
ENSSSCG00000009704,0.36217977162724374,1.7041981612832435,1.6576131027250722,3.723991035635559,0.06416509183073935
ENSSSCG00000009705,0.2701730949022934,0.26635327505631756,0.47993041548220816,1.016456785440819,-0.06063973566750973
ENSSSCG00000009709,0.25896939334187596,2.0161312577313906,1.889642648212597,4.164743299285863,-0.19290063490096931
ENSSSCG00000009711,1.4610466494720444,1.1668918860010924,1.562005939958494,4.189944475431631,-0.20022239113124024
ENSSSCG00000009713,1.399153225783877,1.2219480234454212,1.511521112898495,4.132622362127793,-0.21616045182406782
ENSSSCG00000009714,0.3088291927228842,0.3048481488049843,0.6063068972600313,1.2199842387878999,-0.1813107634313888
ENSSSCG00000009716,0.171091790947301,0.45101712730874033,0.2916313261280116,0.913740244384053,-0.11439501960639854
ENSSSCG00000009717,0.591858296313974,0.5083708617185974,0.4375655988255453,1.5377947568581167,-0.061539460209438845
ENSSSCG00000009720,0.2877118885568981,0.5028233839762228,0.5960948249376484,1.3866300974707695,-0.26372558378703226
ENSSSCG00000009729,0.6084742794428785,0.23622377367781486,0.7137840000276737,1.5584820531483672,-0.08374343234876143
ENSSSCG00000009730,0.7978826026907798,0.6419864143355148,0.4419808680723767,1.8818498850986713,-0.21137376973832137
ENSSSCG00000009732,0.25935251451504227,0.7716010488849174,0.6803270187186313,1.711280582118591,-0.04614153774663784
ENSSSCG00000009733,0.8745303474578515,0.3873019213866488,0.8791281148965489,2.1409603837410494,-0.23425953959173793
ENSSSCG00000009742,0.19372305088498337,0.9928662435882543,0.8815975838140491,2.0681868782872868,-0.21847656678508956
ENSSSCG00000009744,0.7881921383809436,1.133842238251206,1.404023434418628,3.3260578110507772,-0.2418291678924149
ENSSSCG00000009746,0.38818087408739,1.098141792277327,1.0507360014142126,2.5370586677789295,0.09783687925292606
ENSSSCG00000009747,0.6309475652787345,0.29927350909916617,0.8277769126672457,1.7579979870451465,-0.16133908983010742
ENSSSCG00000009748,0.38528558814857455,1.0805679065939768,0.8015724783204599,2.2674259730630113,-0.14347769096948718
ENSSSCG00000009749,0.2621948008895316,1.008495544460924,0.9269259523759528,2.1976162977264084,-0.258625250995609
ENSSSCG00000009758,0.5125296193974618,0.5415996582830913,0.46792501039808826,1.5220542880786414,-0.056445145891569605
ENSSSCG00000009765,0.1138602106526344,0.47734467237978695,0.5667122864030039,1.157917169435425,-0.13425557392099619
ENSSSCG00000009766,0.5264531019294294,0.49302049277674265,0.15544940194830326,1.1749229966544752,-0.20550113705704273
ENSSSCG00000009768,0.8986259905960199,1.110977778237143,0.7528880907991512,2.762491859632314,-0.21857147811371333
ENSSSCG00000009769,0.726457024246351,0.32805927919932437,0.7858746173246631,1.8403909207703384,0.08664604206425722
ENSSSCG00000009770,0.7271304161440105,0.5247809912644085,0.5106421326818261,1.762553540090245,0.04798900682873727
ENSSSCG00000009771,0.5347634262152873,0.8498552284579332,1.0999036251111718,2.484522279784392,-0.09582324543121946
ENSSSCG00000009772,0.3822484609855555,0.9692100888787891,0.9755676456848463,2.327026195549191,0.25540078050661574
ENSSSCG00000009774,0.5249730541318042,0.9876802759949329,1.0509591023833755,2.5636124325101126,-0.045867489691142016
ENSSSCG00000009775,0.3618091211843151,0.8299067058406636,0.748235788386633,1.9399516154116117,-0.15846128722887964
ENSSSCG00000009776,1.3469198549539638,0.41864284063682083,1.1416170724214678,2.907179768012252,-0.17355602886087065
ENSSSCG00000009777,0.32735237467114203,0.8889029383893531,0.6079950397325927,1.8242503527930878,-0.2647089544548576
ENSSSCG00000009779,0.48236238600341996,0.8753481227002009,0.45577585359545586,1.813486362299077,-0.23793844934480776
ENSSSCG00000009783,0.13268752941524126,0.35579173513313134,0.4018635283322905,0.8903427928806631,0.017059647457177588
ENSSSCG00000009786,0.19480817406866047,0.5085456951930967,0.4898619309274186,1.1932158001891757,-0.18159007036108013
ENSSSCG00000009787,0.0942024497722628,0.5181120487121837,0.5896659032890904,1.201980401773537,-0.13881776759846343
ENSSSCG00000009788,0.25798553702335697,1.199532393890834,1.0818506633927665,2.5393685943069575,0.18247366158229097
ENSSSCG00000009791,0.6548080447042328,1.4584793245727985,1.7679125871483177,3.881199956425349,0.027366626953341768
ENSSSCG00000009792,0.6275669315418282,0.47285775032702587,0.4468619600907767,1.547286641959631,-0.14585685933185774
ENSSSCG00000009793,0.5969950471718886,0.7351390806380189,0.850139024117284,2.1822731519271916,-0.30180633248112354
ENSSSCG00000009794,0.5163464674659468,0.7618071536253458,0.3508606100230984,1.6290142311143911,-0.075670311762758
ENSSSCG00000009798,0.7401715947755863,1.2756848840221346,0.6539017281654859,2.669758206963207,-0.4816096824244136
ENSSSCG00000009799,0.33434954171527287,1.2317884325539448,1.037826032283094,2.6039640065523115,0.13880567670508526
ENSSSCG00000009801,0.4524196420852633,1.293582458815877,1.4121115167318676,3.158113617633008,-0.22389565793598237
ENSSSCG00000009802,0.5263514592944863,0.7412462023849322,0.9600088523195277,2.2276065139989463,-0.24290135734285745
ENSSSCG00000009807,0.16131889342106712,0.5286132079942011,0.6065811147521071,1.2965132161673751,-0.1469324582088224
ENSSSCG00000009808,0.07303576956973662,0.7378313325000895,0.747551834509839,1.558418936579665,-0.18176310164419107
ENSSSCG00000009815,0.11480745243577546,0.5404096255212538,0.47398391184069794,1.1292009897977273,-0.1213928422675678
ENSSSCG00000009818,0.4603120311534379,0.4841237294831279,0.7230403033733254,1.6674760640098911,-0.30333041957154105
ENSSSCG00000009820,1.0784902459050014,0.5325399632705003,1.189382054869768,2.8004122640452698,-0.04058800827239035
ENSSSCG00000009821,1.2041366783321095,0.9251110120692567,1.2667247168046345,3.395972407206001,0.17616219552662363
ENSSSCG00000009822,0.395266645021509,0.38822142054494946,0.712781989968833,1.4962700555352915,0.016926972571029365
ENSSSCG00000009823,0.3776412933488225,0.8424212485045268,1.0429148501374168,2.2629773919907663,0.053933204560800314
ENSSSCG00000009825,0.16581173572348354,0.5323663656085373,0.4322477750805832,1.130425876412604,-0.06824704217311661
ENSSSCG00000009826,0.2377878000912315,0.3653791993681333,0.46987513567407857,1.0730421351334434,-0.17513279928263217
ENSSSCG00000009827,0.3953871318443214,0.685137744713977,0.562578621341637,1.6431034978999355,-0.2766007318209359
ENSSSCG00000009828,0.9962692041876116,1.0764938901562024,0.48841142155583195,2.561174515899646,-0.0335498547956841
ENSSSCG00000009831,0.38311938913284344,0.4168041841292618,0.20935585177800523,1.0092794250401105,-0.4340081513188786
ENSSSCG00000009833,0.17928751321821068,0.6468484456235559,0.5340104090212168,1.3601463678629835,-0.26337612102517016
ENSSSCG00000009834,0.21289659403309744,0.554667376621204,0.4926943171304645,1.2602582877847661,-0.25074996203305494
ENSSSCG00000009839,0.5282568305670864,0.29437019344824206,0.5848895355206872,1.4075165595360155,-0.26402740725934615
ENSSSCG00000009840,0.21720494717563874,0.30113427249666536,0.281393226985419,0.7997324466577231,-0.1981747688980846
ENSSSCG00000009842,0.12642767241466477,0.9713833100540552,0.9019717993983132,1.999782781867033,-0.31384004935314447
ENSSSCG00000009849,0.49864712538932915,0.5542666723137039,0.7764408401629648,1.8293546378659977,-0.2640558832936376
ENSSSCG00000009850,1.0145429809241424,0.5549929563404967,0.8982956346455163,2.4678315719101556,-0.25484031010172065
ENSSSCG00000009851,0.23219705722865175,1.2556936191296182,1.179033350867491,2.666924027225761,0.1464609702100035
ENSSSCG00000009853,0.08770207837665428,0.8914774044198218,0.9182357355422602,1.8974152183387365,-0.020598120610626335
ENSSSCG00000009854,0.1678506214781187,0.6887195131169349,0.6577564978196622,1.5143266324147158,-0.03859027759055636
ENSSSCG00000009855,0.15177298144542545,0.9392496616421796,0.8642597943345095,1.9552824374221145,-0.3592029597703328
ENSSSCG00000009858,0.2713996215489053,0.7451616306059745,0.812735666880982,1.829296919035862,-0.3071894120339945
ENSSSCG00000009859,0.3315895766460123,0.7183290753083881,0.8982912703031286,1.9482099222575289,-0.42304964775098886
ENSSSCG00000009860,0.737747223532002,1.0621916521891257,0.6821685876288841,2.4821074633500118,-0.25618154851820535
ENSSSCG00000009862,0.1672860304079578,0.6100849478984202,0.6899283351192456,1.4672993134256236,-0.23180169984298912
ENSSSCG00000009864,0.7950404259887941,0.7557335480662876,1.0025318581383311,2.553305832193413,-0.14431504036551626
ENSSSCG00000009865,0.958469134821369,1.3566482756106237,0.8762278925778848,3.1913453030098777,0.06848181315369158
ENSSSCG00000009868,0.41485982152453693,0.43143318485602933,0.5789856409326164,1.4252786473131827,0.10418593856318063
ENSSSCG00000009872,0.3205892657947227,0.28356383453035383,0.4878825397587809,1.0920356400838573,-0.025486045183555208
ENSSSCG00000009880,0.1830797274187058,0.26594244025188307,0.27682308045806225,0.7258452481286511,-0.1695908291224037
ENSSSCG00000009885,0.31816273014159707,0.6409110245071018,0.5275373322555416,1.4866110869042406,-0.2624547871355064
ENSSSCG00000009886,1.3276068225296962,1.1844715376050834,0.8851559372848453,3.397234297419625,-0.2507391359877838
ENSSSCG00000009887,0.45302286702256944,0.5565299224371425,0.7457832976049583,1.7553360870646704,0.15313365482380226
ENSSSCG00000009888,0.3110020453546164,0.29527639180574466,0.2446395235958183,0.8509179607561794,0.14313917826868702
ENSSSCG00000009889,0.5862207550550501,0.755603316343788,1.1381520937412095,2.4799761651400476,-0.022988776450256616
ENSSSCG00000009890,0.4131411705234597,0.8420766729086007,0.6709041357401281,1.9261219791721884,-0.07063409956424901
ENSSSCG00000009896,0.12057633978094907,0.5277918519351061,0.46530507102469415,1.1136732627407493,-0.1924665207839708
ENSSSCG00000009898,0.21045735737369436,0.8508052662608463,0.7726996792951814,1.8339623029297218,0.015597525589331727
ENSSSCG00000009901,0.7254950919708841,0.30620564280297613,0.8863469529115924,1.9180476876854526,-0.16027623510707079
ENSSSCG00000009903,0.16349029495099202,0.4108653265383094,0.4282305705333035,1.002586192022605,0.020332953990700186
ENSSSCG00000009904,0.5157720722464489,1.5810738959160067,1.326201793698293,3.4230477618607487,-0.18546194404533836
ENSSSCG00000009906,0.3746538192013382,0.6213922522394482,0.501593752695463,1.4976398241362494,-0.08049006637573389
ENSSSCG00000009910,0.38986820889078,0.8187145100797502,0.5617757753556982,1.7703584943262283,-0.1673460882334416
ENSSSCG00000009911,0.2534329178958205,0.6694153853282865,0.8577873491935386,1.7806356524176457,-0.03526546375859447
ENSSSCG00000009912,0.44990873073070947,0.620207185068931,0.6764776707728232,1.7465935865724638,0.018884753947074055
ENSSSCG00000009914,0.3367746979017909,0.7235588947697691,0.9023386485903095,1.9626722412618696,-0.141982349552059
ENSSSCG00000009917,0.41043055616795765,0.637019528167417,0.6998534462027071,1.7473035305380817,-0.21464869262298994
ENSSSCG00000009924,0.5103705547050913,0.44338029846893573,0.34361546378668534,1.2973663169607124,-0.25536350447162004
ENSSSCG00000009925,0.5702268035982918,0.6291062436923385,0.7797740842772714,1.9791071315679016,-0.2081827949609751
ENSSSCG00000009926,0.4293720712744008,0.9869569596772079,0.811027922989555,2.2273569539411637,-0.08940396877395236
ENSSSCG00000009929,0.5140408946078852,0.8733878931836621,0.48327843552259847,1.8707072233141457,-0.2723394166838479
ENSSSCG00000009931,0.1453797067127304,0.3494266560586889,0.44199052909248876,0.936796891863908,0.09057436116601657
ENSSSCG00000009933,0.09329101605403672,0.38109652039273745,0.41108149915598535,0.8854690356027595,-0.09668277149947797
ENSSSCG00000009934,0.9171381319418371,0.5223877933938269,0.9019545142159283,2.3414804395515922,-0.26432464491889013
ENSSSCG00000009938,0.5175457195272293,0.6598421290583687,0.7489052966550936,1.9262931452406917,-0.17463902667218525
ENSSSCG00000009940,0.7230932387194018,0.564664432298432,0.48277437208016816,1.7705320430980018,-0.2818411275401621
ENSSSCG00000009943,1.4504118288274594,1.4577165349149752,2.728118953030036,5.6362473167724705,-0.054363582257188486
ENSSSCG00000009944,0.18452525203950673,0.4273803128761096,0.3899440389672764,1.0018496038828928,-0.056418648034956415
ENSSSCG00000009945,0.23423934328886087,0.6431054538420772,0.7823633005596112,1.6597080976905492,0.029064389124323478
ENSSSCG00000009946,0.25917958874435865,0.7020187878847438,0.8497260786187428,1.8109244552478452,-0.07875908157995772
ENSSSCG00000009950,0.4694137794064805,0.5036411322468946,0.6008611572034691,1.5739160688568443,-0.4217568917786224
ENSSSCG00000009956,0.3911307168467326,0.4278357381752377,0.6815788315874921,1.5005452866094624,-0.16719379775716534
ENSSSCG00000009959,1.1289321911266275,1.2048567844750577,2.0946861434521393,4.428475119053824,-0.3493579733533325
ENSSSCG00000009960,0.18271735208665316,0.24015329241950312,0.3914825909044631,0.8143532354106193,-0.013620538384887772
ENSSSCG00000009962,0.3810727465608292,0.49600568875672063,0.7415183663690621,1.618596801686612,-0.10429986169607183
ENSSSCG00000009967,0.8957988989005916,0.8302553508965119,0.4779658107050163,2.2040200605021196,-0.17189619194156594
ENSSSCG00000009968,0.3048340021370215,0.7633247943144829,0.7698900641976903,1.8380488606491947,-0.2221542916363167
ENSSSCG00000009971,0.08650642330134892,0.27804571216107865,0.3460838851086473,0.7106360205710749,-0.10504735929584268
ENSSSCG00000009974,0.42399038594458116,1.1039391590292462,1.160547414749225,2.6884769597230522,0.10604004979546859
ENSSSCG00000009978,0.28244034737149837,1.185006404434342,1.0776511149053611,2.5450978667112016,-0.09526131843622694
ENSSSCG00000009979,0.3529363931286738,1.0642923153386814,0.7957215653636869,2.212950273831042,-0.30472297795817604
ENSSSCG00000009988,0.3107006011640602,0.6617423481204416,0.6438208702791208,1.6162638195636228,-0.04146682548086826
ENSSSCG00000009994,1.3380822371387042,1.2787517020481702,2.335338396807911,4.952172335994786,-0.5149562483532446
ENSSSCG00000009998,0.6197543656274798,0.3773942538516832,0.8359996223215752,1.833148241800738,-0.15767028178180909
ENSSSCG00000010002,1.316503467546062,1.1766496178458374,0.8161104843463667,3.309263569738266,-0.11671832391122919
ENSSSCG00000010010,0.6067195178988113,1.0652925075066206,1.0369625622646008,2.708974587670033,0.0788125368758957
ENSSSCG00000010016,0.49210726302282876,0.6558466320012978,0.9679864347015678,2.1159403297256945,-0.1994133195409408
ENSSSCG00000010026,0.3783032701514489,0.5283105602054213,0.736262876980884,1.6428767073377544,-0.0466304306539832
ENSSSCG00000010029,0.22684092936571876,2.0027818629716125,2.1085276689458956,4.338150461283227,-0.07852151875093495
ENSSSCG00000010030,0.4123638762411335,0.7170939401488886,0.7993730490826108,1.928830865472633,-0.4404371785332646
ENSSSCG00000010032,0.28187752031799324,0.5344293069516879,0.41931925374612017,1.2356260810158013,-0.10795843859959783
ENSSSCG00000010033,0.1718330712885733,0.689321202609743,0.8212871384172178,1.682441412315534,-0.10430889230657535
ENSSSCG00000010034,0.5059792197806802,0.49201382138494887,0.7506756459144125,1.7486686870800416,-0.21245467351847477
ENSSSCG00000010035,0.7277943310881058,1.4928927426654723,1.2108496433682148,3.431536717121793,-0.015194094767751732
ENSSSCG00000010046,0.3022062047316055,0.3187837820122709,0.4826609677487158,1.103650954492592,-0.06041158043876074
ENSSSCG00000010052,0.20306077364555486,0.5334064407049021,0.5069837481747916,1.2434509625252486,-0.18704005869244586
ENSSSCG00000010053,0.2593358276567421,0.6236130862232189,0.7914523405634571,1.6744012544434181,-0.218568637228052
ENSSSCG00000010054,0.12855475547468845,0.4785085156218741,0.5785070526913458,1.1855703237879083,-0.11143193935001185
ENSSSCG00000010056,0.14358924191223607,0.3477072329187736,0.4635228025302379,0.9548192773612476,-0.04009366354328233
ENSSSCG00000010058,0.22575835188759388,1.0766602383198003,1.0408050978655587,2.343223688072953,0.07218036992883956
ENSSSCG00000010059,0.10384404379599597,0.16969856943975367,0.18803249914993372,0.4615751123856834,-0.08805974584128277
ENSSSCG00000010060,0.12451633132688317,0.42307364076162374,0.4536862547260229,1.0012762268145299,-0.21701075724325775
ENSSSCG00000010062,0.1038643486692084,0.4000393500240645,0.30161788960280295,0.8055215882960758,0.007705358836208213
ENSSSCG00000010070,0.15908469538866732,1.18352299700205,1.112308943430079,2.4549166358207963,-0.03531192779752191
ENSSSCG00000010081,0.3254606292866004,0.7701212608681116,0.7871734566986526,1.8827553468533647,0.09459663910026242
ENSSSCG00000010083,1.3892900894404963,1.0532873456079597,0.8291236173184303,3.271701052366886,-0.14234744910958855
ENSSSCG00000010095,0.5832760310406123,2.127172919940927,2.7079527529560963,5.4184017039376355,-0.22568075543679106
ENSSSCG00000010099,0.13684152593792678,1.4254866433384803,1.2965160119044954,2.8588441811809027,0.09558236704166949
ENSSSCG00000010103,0.10885966357430735,1.0827604955861367,1.00858463869405,2.200204797854494,-0.15177961454714947
ENSSSCG00000010107,0.3008999196299732,0.6313981389209142,0.4337882120202989,1.3660862705711863,-0.3116333495275134
ENSSSCG00000010108,0.1897244989869938,0.3259622645782323,0.4831273958381889,0.998814159403415,-0.16247787875412417
ENSSSCG00000010114,0.48439900903501654,0.7421836486543681,0.7859876126611228,2.0125702703505075,-0.11902155919345297
ENSSSCG00000010118,0.28012724750931245,0.269842418105955,0.5334974258084509,1.0834670914237186,-0.039960624140927735
ENSSSCG00000010121,0.6798420196395647,0.7038517375040745,0.7279541643043616,2.1116479214480006,0.056368041610879015
ENSSSCG00000010122,0.515160971563994,0.6847031287629779,0.629112382879948,1.8289764832069197,-0.07981495426271792
ENSSSCG00000010135,0.5564216876329517,0.7636154558371729,0.41516358900863326,1.735200732478758,-0.15164110311252155
ENSSSCG00000010136,0.09744815518846607,0.4513656970957748,0.41212901544488345,0.9609428677291243,-0.0443943868987301
ENSSSCG00000010141,1.1939557765202997,2.022651150931031,1.3532029681575255,4.569809895608856,-0.5826666098224039
ENSSSCG00000010142,0.3848993650455115,0.7775232402550606,0.787174871280052,1.949597476580624,-0.3120032330300751
ENSSSCG00000010143,0.4095417218043138,0.3038644087579872,0.3013335307100851,1.014739661272386,-0.11846453737523538
ENSSSCG00000010145,0.852418097095428,0.4222899596757146,0.7080727590238485,1.982780815794991,-0.1685719377700316
ENSSSCG00000010146,0.2282119465558121,1.1868259677200148,1.1551565460817836,2.5701944603576106,-0.177732363707922
ENSSSCG00000010148,0.6199719684547141,1.532159297098916,2.1170130653879324,4.269144330941563,-0.4622790339209686
ENSSSCG00000010151,0.40939312073956324,0.7183069698528516,0.5456512420527888,1.6733513326452036,-0.28797881330581643
ENSSSCG00000010156,0.34812295763126094,0.6483488221318703,0.6878314024020821,1.6843031821652135,-0.10072044467943606
ENSSSCG00000010158,0.8592832235414218,1.4051440635518866,1.4873407126329061,3.7517679997262148,0.1193714697021215
ENSSSCG00000010160,0.3512285069477227,0.3258208294919201,0.12025260872117391,0.7973019451608168,-0.0819127153189171
ENSSSCG00000010164,0.417170230353722,0.5535339751080876,0.7309687615779352,1.7016729670397448,0.011521767143815842
ENSSSCG00000010166,0.34747360950490475,0.4280505238462691,0.443408352029484,1.2189324853806578,-0.06225215075146729
ENSSSCG00000010171,0.19357453879400258,0.5331697947847946,0.5700277280014644,1.2967720615802616,-0.04960624735485186
ENSSSCG00000010172,0.12584559737466963,0.46088713949045956,0.49632790313156494,1.083060639996694,0.025563470898402524
ENSSSCG00000010174,0.5951642836436203,0.16267188135953892,0.5388994138003896,1.2967355788035488,-0.05821289743446011
ENSSSCG00000010175,0.7657816643799408,0.4418526394519601,0.655680994503938,1.8633152983358388,-0.08071064788373707
ENSSSCG00000010176,0.20067058847195465,0.9274714508372821,0.96594631227008,2.094088351579317,0.11761561853355215
ENSSSCG00000010179,0.242595963083028,0.6181525893188704,0.5935215432464614,1.4542700956483599,-0.09544037486341775
ENSSSCG00000010183,0.5702059678611118,0.8440024560396301,0.7596423483311766,2.1738507722319187,-0.11165023667439236
ENSSSCG00000010185,0.11085542410993303,0.3251196628872721,0.40896194972112326,0.8449370367183284,-0.0011804416713939963
ENSSSCG00000010186,0.3910131071779882,0.8354791106364242,0.7528679150312927,1.9793601328457051,-0.15212741934966195
ENSSSCG00000010187,0.4585384417870472,0.5072499026763618,0.785592690385755,1.7513810348491639,-0.19611422937087927
ENSSSCG00000010188,0.09614438238538592,0.3964422291624049,0.42611050307224924,0.91869711462004,-0.09952129141681997
ENSSSCG00000010189,0.7145827711480008,0.36304928378135654,0.5737687855931727,1.65140084052253,-0.24933129595274053
ENSSSCG00000010196,0.3937612191910108,0.24638067805905242,0.5795091226451562,1.2196510198952195,-0.05666903406772767
ENSSSCG00000010198,0.6200260936148937,0.7707528228051694,1.1528336810433895,2.5436125974634525,0.0007252691220170064
ENSSSCG00000010200,0.5353726926331325,0.37353929846447237,0.8312325042483457,1.7401444953459506,-0.2447409301896123
ENSSSCG00000010203,0.350639837440494,0.8088261866096159,0.8934598964793867,2.0529259205294967,0.02400276389560116
ENSSSCG00000010204,0.6830894575630229,1.81747016462099,1.8570533602121766,4.357612982396189,-0.40493709134078826
ENSSSCG00000010209,0.5275989647509375,0.4877775592632632,0.6169462462112574,1.6323227702254581,-0.4919798477207381
ENSSSCG00000010210,0.9097642286489762,0.3797710687128073,1.2723458043225768,2.56188110168436,-0.10080326881433137
ENSSSCG00000010211,0.6938090113298561,0.48385415007388843,0.5041938916782219,1.6818570530819663,-0.503568533555286
ENSSSCG00000010212,0.23669064380537522,0.6860575314457813,0.8596143990050191,1.7823625742561755,-0.17268363969096012
ENSSSCG00000010214,0.6188723306505907,0.6408139673888641,0.9053487208957763,2.165035018935231,0.05237289533209494
ENSSSCG00000010219,0.18571400008729366,0.2821902616622347,0.2742072633351499,0.7421115250846783,-0.133288512813764
ENSSSCG00000010226,0.2988652505968816,0.5603216599500457,0.7663595049242143,1.6255464154711416,-0.020738387677528985
ENSSSCG00000010235,0.30251267526133396,2.0526852363933026,2.1238419557332704,4.4790398673879075,-0.10851841942818706
ENSSSCG00000010238,0.607051100959863,1.2078749918039535,0.8933221177081805,2.708248210471997,0.022874091010566016
ENSSSCG00000010239,0.4220923296365082,0.38755024250148157,0.5343554555467731,1.343998027684763,-0.10140417493630595
ENSSSCG00000010240,0.6162838134889764,0.5351077430043613,0.45209273876480294,1.6034842952581405,-0.19667804889390234
ENSSSCG00000010241,0.26392403405554354,1.1036372023223324,1.0325560139058965,2.400117250283772,0.24278811530448446
ENSSSCG00000010243,0.20544683140279332,0.25318388781330636,0.41432036086408425,0.8729510800801838,-0.0836467584396006
ENSSSCG00000010246,0.39542196359258963,0.6620183077941308,0.3849809975876291,1.4424212689743494,-0.13087410743170136
ENSSSCG00000010247,0.5851123706934392,0.5917639573268826,0.4174645435771654,1.5943408715974872,-0.08277346847390417
ENSSSCG00000010248,0.6643606004483129,0.7585390100121527,0.9466409091172848,2.3695405195777504,-0.11646240107581823
ENSSSCG00000010250,0.418684344319057,0.3874156371205672,0.7543308685585244,1.5604308499981485,0.08640027993928728
ENSSSCG00000010251,0.4723276053709551,0.570783040738746,0.2559129193639224,1.2990235654736235,-0.12115494710053357
ENSSSCG00000010260,0.7437101801746278,0.6179396626422423,1.0096524447698043,2.3713022875866745,0.1372732609979516
ENSSSCG00000010261,1.3458925843530094,1.0772575336096937,1.0208453458342437,3.4439954637969468,0.08001428890891703
ENSSSCG00000010274,0.20118148916536455,0.7970011529255837,0.7627851667968162,1.7609678088877645,-0.04170926654122201
ENSSSCG00000010275,0.3480495927222961,1.1893117611733208,1.0093550276219234,2.54671638151754,-0.16473621983760975
ENSSSCG00000010277,0.10411623843206196,0.417036663869572,0.4432416151730039,0.9643945174746378,-0.12177982193916653
ENSSSCG00000010278,0.3226271986362678,0.5891129076863593,0.6894166132485458,1.601156719571173,-0.20939512810814553
ENSSSCG00000010281,0.19014396675548284,1.587003909195257,1.4776459954762937,3.2547938714270335,0.06722333812636302
ENSSSCG00000010289,0.11208544421743213,0.31014961516257517,0.3062258796483152,0.7284609390283225,0.07331093911838032
ENSSSCG00000010290,0.48530152300486845,0.44570373225139387,0.46616525446403917,1.3971705097203015,-0.08178334945442998
ENSSSCG00000010292,0.3510271709932667,0.6421831983538976,0.6877410537539048,1.6809514231010692,-0.05127127258315092
ENSSSCG00000010295,0.9331057692259578,0.4749551737206358,1.2262693692026287,2.6343303121492223,-0.10461521618278569
ENSSSCG00000010299,0.1989596777890047,0.7426184103560601,0.8535298974459862,1.795107985591051,0.02161526737803951
ENSSSCG00000010301,0.5114362576407087,0.8876345981513191,0.4964553925550192,1.895526248347047,-0.15479161786244927
ENSSSCG00000010302,0.2751170996972914,0.40938599449647106,0.4547850399204701,1.1392881341142325,-0.13492835379957607
ENSSSCG00000010304,0.10329809509464054,0.5872811760779281,0.603418844008578,1.2939981151811466,-0.13319986836767392
ENSSSCG00000010306,0.4371168519745522,0.8698735152849084,0.5791483187858646,1.886138686045325,-0.048503927241255976
ENSSSCG00000010308,0.3148545899036546,1.3922235137608718,1.3108241755158792,3.0179022791804053,0.20072786272051446
ENSSSCG00000010310,0.3148719184459296,0.49867954828534866,0.5522289414030047,1.3657804081342828,-0.1558183454231589
ENSSSCG00000010311,0.3467699325185427,0.7329305195128729,0.8299990217867065,1.9096994738181223,-0.23670581109471492
ENSSSCG00000010313,0.14813233066426215,1.1603567512198767,1.052580331998587,2.361069413882726,0.002465207655259067
ENSSSCG00000010314,0.6724989061955979,0.3310144800195736,0.7947744583269305,1.798287844542102,-0.08725579723319585
ENSSSCG00000010316,0.3665762469438133,0.786373107535943,1.0107883466988803,2.1637377011786363,-0.25156136195747447
ENSSSCG00000010319,0.8688672731222827,0.2711566547012997,0.7946411507444481,1.9346650785680306,-0.004270799246121543
ENSSSCG00000010320,0.6273139289189495,0.9199904041901639,1.17387401672778,2.7211783498368933,0.30727753813033176
ENSSSCG00000010325,0.27763869078426123,0.6687392309968648,0.8560879180648641,1.8024658398459903,-0.1686062879429802
ENSSSCG00000010327,0.5604409673264447,0.9198170889196189,1.0133377855264976,2.493595841772561,-0.17634996584092824
ENSSSCG00000010330,0.673618640444497,0.656868392921416,0.9769979707562343,2.3074850041221473,0.15044913339635527
ENSSSCG00000010331,0.33084751267168605,0.543869759031214,0.7687451930111255,1.6434624647140257,-0.14416031853287734
ENSSSCG00000010339,0.14082196699361615,0.5447579411401422,0.596557493631526,1.2821374017652842,-0.19908191267431316
ENSSSCG00000010340,0.6008986752203885,0.935381996095083,0.742045437311022,2.2783261086264934,-0.03942471162204333
ENSSSCG00000010341,0.22720616680300132,0.7573187204392897,0.8027744283685672,1.7872993156108583,0.022016003810766068
ENSSSCG00000010344,0.28492874840621135,0.8551482356333543,0.7737888985578757,1.9138658825974413,-0.247249658191596
ENSSSCG00000010345,0.32041966478231204,1.3084888212550008,1.5775079970024652,3.206416483039778,0.16781124320453325
ENSSSCG00000010351,0.5534734890678952,0.5659917519790052,0.6492763915519351,1.7687416325988354,-0.12468446258159839
ENSSSCG00000010357,1.0358500361363778,0.514814531612321,0.7223972051426851,2.273061772891384,-0.21067079932240224
ENSSSCG00000010360,0.3747230903803614,0.8446387043431035,0.5317696258508112,1.7511314205742763,-0.25221057407866737
ENSSSCG00000010368,0.4525436614543952,0.9627691712561041,0.8768555763249963,2.2921684090354955,0.020096473196213844
ENSSSCG00000010377,0.4294215024471619,0.20200138310184215,0.5700231005345192,1.2014459860835234,-0.15873181225454144
ENSSSCG00000010380,0.2965711389754143,1.2350722337327154,1.3175747629975691,2.8492181357056987,-0.3407546129054553
ENSSSCG00000010381,0.5099782103544435,0.6831945354747485,0.5760934869615394,1.7692662327907311,-0.4635780884069842
ENSSSCG00000010391,0.7726518887955063,0.9018383477351357,0.38578661895286726,2.0602768554835094,-0.09144355417362558
ENSSSCG00000010396,0.6170238391215593,0.653488436432353,0.6637194552521003,1.9342317308060126,-0.057892828424734755
ENSSSCG00000010399,0.652140058022738,1.0435332602948983,0.7969935969270647,2.492666915244701,-0.01261129424322319
ENSSSCG00000010401,0.1419248122759428,1.103522006560808,1.0518846998838383,2.297331518720589,-0.12361449702298992
ENSSSCG00000010403,0.400420062913186,0.6082017042037445,0.6122459872957728,1.6208677544127035,-0.3330770372046525
ENSSSCG00000010426,0.41990835903037027,0.4752156660424951,0.8656498462433105,1.760773871316176,-0.3544787618717428
ENSSSCG00000010427,0.20145299944836464,1.0662196723716697,0.9460702926265789,2.213742964446613,-0.2782408153826359
ENSSSCG00000010428,0.3415685462256234,0.6058432847489178,0.43235934473991877,1.37977117571446,-0.09369502450571009
ENSSSCG00000010429,0.2774888418184431,0.6364743466015678,0.6921331859127896,1.6060963743328003,-0.22340679706352295
ENSSSCG00000010430,0.45432431460444217,0.44773461372953555,0.4715473263128242,1.373606254646802,0.038705965310382506
ENSSSCG00000010431,0.16806785936766727,0.448853171200066,0.5767577125146177,1.193678743082351,-0.0953927482024254
ENSSSCG00000010432,0.29286103045865536,1.163924675974516,1.1878386135471404,2.644624319980312,-0.3034958444563305
ENSSSCG00000010433,0.40934086336494574,0.8023057964347616,0.7111973419770703,1.9228440017767776,-0.25404255294833256
ENSSSCG00000010435,0.9404429057397413,1.9622058387246526,2.2842409105868464,5.186889655051241,0.021740283723825728
ENSSSCG00000010437,0.25171972581088,0.680933819620004,0.628316082510331,1.560969627941215,-0.01429527300729014
ENSSSCG00000010438,0.7068436033527667,0.6093944718014545,1.1910557492208111,2.5072938243750325,-0.020835581761300025
ENSSSCG00000010440,0.0707030411941658,1.3985356763792498,1.3835312296548057,2.8527699472282215,-0.2233123574310094
ENSSSCG00000010450,0.3317412397367913,0.5125613150782508,0.6983300770454218,1.5426326318604637,-0.2897130600293812
ENSSSCG00000010454,0.4788580592213252,1.3899072364146539,0.9642112111830604,2.8329765068190396,-0.284883594654159
ENSSSCG00000010456,0.6648580268688908,0.674624757275864,0.5321528372918841,1.871635621436639,-0.08135244414288861
ENSSSCG00000010457,0.4503701793529928,1.2118028755653536,1.2959063152314316,2.958079370149778,-0.23590076282578434
ENSSSCG00000010460,0.1722090912628876,0.6767333740413822,0.8132198825582974,1.6621623478625671,-0.024542775439992313
ENSSSCG00000010464,0.3328378866086554,0.5826967713203727,0.7048502521125595,1.6203849100415875,-0.22658985286436878
ENSSSCG00000010465,1.0320593902260398,0.7829037972842188,0.3471100817622865,2.162073269272545,-0.25423467466358096
ENSSSCG00000010467,1.2658107960497265,0.487966667764496,1.306787608502763,3.0605650723169857,-0.06282668821321044
ENSSSCG00000010468,0.3823084191592083,0.42465418163859925,0.4137302646174779,1.2206928654152855,-0.20702132439962653
ENSSSCG00000010470,0.772747559364691,0.7645284238135037,0.6308349120829205,2.168110895261115,-0.24290629519176862
ENSSSCG00000010471,0.5071215305032776,0.5297942500364153,0.9339374373073984,1.9708532178470914,-0.07122495001710859
ENSSSCG00000010473,0.6672483503219822,0.5560491111973654,0.33378309183227206,1.5570805533516197,-0.19956884328125174
ENSSSCG00000010475,0.15617674310825796,0.2355577020639535,0.12703328559121466,0.5187677307634261,-0.14793996817255387
ENSSSCG00000010476,0.6653395083772293,0.8421510328838285,0.8816708614133206,2.389161402674379,-0.03289018757199002
ENSSSCG00000010477,0.8459280046936647,0.25258197857138653,0.7352107883059318,1.833720771570983,-0.18378982416324663
ENSSSCG00000010478,0.5663462684336532,0.751290544677665,0.4091685242917778,1.7268053374030958,-0.175833740462199
ENSSSCG00000010480,0.24142582377263277,0.8261867626326366,0.6775655423354483,1.7451781287407175,-0.5086838489516134
ENSSSCG00000010483,0.6179398031446267,0.7301666513676087,0.9415719851801837,2.2896784396924192,-0.13884641872832482
ENSSSCG00000010484,0.7740778863648681,0.46826880651592717,1.0526526360092323,2.294999328890028,0.08195145661551059
ENSSSCG00000010485,0.41334436111033274,0.3368721873895465,0.657759028296246,1.4079755767961253,-0.09611660180526499
ENSSSCG00000010486,0.2948672008624939,0.7005215262646363,0.757886554504464,1.7532752816315942,-0.025719671666378428
ENSSSCG00000010493,0.42002300513421703,0.726841120875427,0.8256891609168621,1.972553286926506,0.24149372372418826
ENSSSCG00000010494,0.3121468225163008,0.8006685031058275,0.881483302212397,1.9942986278345254,-0.02230097123499918
ENSSSCG00000010495,0.6575249365399206,0.4313411942548885,0.6052564667232906,1.6941225975180996,-0.19507348887469628
ENSSSCG00000010502,0.7635438645171057,0.4051585985935836,0.4359076230566674,1.6046100861673567,-0.227324618903598
ENSSSCG00000010503,0.2823873117534565,0.5214753463464267,0.6330825231043061,1.4369451812041891,-0.1707772624212794
ENSSSCG00000010508,0.480536118964699,0.6378989039312188,0.6161735422276685,1.7346085651235863,-0.08319702004061412
ENSSSCG00000010513,0.5194602118346433,0.6302421125723051,0.35815307294064463,1.507855397347593,-0.21723076062464428
ENSSSCG00000010517,0.7463301931253092,0.7585797482160579,0.8754227976900687,2.3803327390314357,0.2344140715130406
ENSSSCG00000010518,0.5949865409135862,0.8484666316631171,1.0068666981398515,2.4503198707165548,0.06443144776296254
ENSSSCG00000010525,0.718618766882455,0.5263140315765177,0.8732388099896199,2.1181716084485926,-0.13689335544915188
ENSSSCG00000010531,0.3067003280149157,0.4467711293043686,0.4697657224516792,1.2232371797709634,-0.2155095349182074
ENSSSCG00000010540,0.237459641587616,0.8090058671051756,0.8921722130947015,1.9386377217874933,-0.18999763179508047
ENSSSCG00000010541,0.3854544459070255,1.0078556875918157,1.076988890589457,2.4702990240882983,0.025003238875030483
ENSSSCG00000010542,0.1933179537039023,0.3881726617893662,0.33807835798021024,0.9195689734734788,0.024240149810658376
ENSSSCG00000010543,0.4949458110965651,0.941593676910003,0.690659291829386,2.127198779835954,-0.2922338001580628
ENSSSCG00000010544,0.23254195946485917,0.2804402126432756,0.29886831083972115,0.8118504829478559,-0.1018353439502784
ENSSSCG00000010548,0.10431735616412399,0.2991464319534135,0.3888869542472222,0.7923507423647597,-0.1542859301613294
ENSSSCG00000010550,0.395679627498982,0.2796453188559462,0.3763805968916053,1.0517055432465336,0.0829433235156074
ENSSSCG00000010551,1.3919067029661274,0.6340119153811886,1.5615750060300204,3.5874936243773363,0.12228732421946725
ENSSSCG00000010554,0.18772266451857636,1.1677450866705839,1.1592389199670787,2.514706671156239,0.09945258632853303
ENSSSCG00000010555,0.8380932725112813,0.4721624935589475,0.6298025018654091,1.9400582679356377,-0.09294827248012516
ENSSSCG00000010560,0.8749831488224821,0.8489179690673704,0.5787590136360107,2.302660131525863,0.06474931088998089
ENSSSCG00000010563,0.5855786656070067,0.8821863939024905,0.9736576237438218,2.441422683253319,-0.08468249413327864
ENSSSCG00000010565,0.6019485158423784,0.7925175488683779,0.39054814654945164,1.7850142112602079,0.11890310550245486
ENSSSCG00000010566,0.30143053555354454,0.49697328595885354,0.2610249518277369,1.059428773340135,-0.212115172069599
ENSSSCG00000010568,0.24063105296057025,1.3944552062720519,1.3229061604099461,2.957992419642568,0.016703292463603088
ENSSSCG00000010569,0.33665777402193514,0.8875999795446005,0.9098796298221841,2.13413738338872,-0.06420496208570937
ENSSSCG00000010571,0.19989937394370838,0.4187369298895926,0.5222280657900855,1.1408643696233864,-0.17164949857503375
ENSSSCG00000010574,0.25017616212238863,0.9398377933570765,0.761993444171974,1.952007399651439,-0.17592710542356899
ENSSSCG00000010575,0.5463859035535535,0.38786382373298917,0.5972706937943357,1.5315204210808784,-0.12815464086771866
ENSSSCG00000010576,0.40781412405181994,1.2843751305145654,1.0458291642841127,2.7380184188504977,0.021999874844248122
ENSSSCG00000010579,0.19304109451716434,0.3541448045667314,0.38340070841279067,0.9305866074966864,-0.17892294629206967
ENSSSCG00000010585,0.24158572690470864,0.6327109883383025,0.4203155133847283,1.2946122286277395,0.022477460646175732
ENSSSCG00000010593,0.6046236522152911,1.5272040591671843,1.8477983479976305,3.979626059380106,-0.4500661247095183
ENSSSCG00000010594,0.43128893400192264,0.3680769350032856,0.43062538279073925,1.2299912517959475,-0.22969909649746573
ENSSSCG00000010597,0.41625809653826035,1.324376307832918,1.4369151265053233,3.177549530876502,0.03516943149560469
ENSSSCG00000010599,0.30627749172667496,0.8961992742161117,0.8989400168405864,2.101416782783373,-0.009032302610448968
ENSSSCG00000010603,0.5770887971315593,1.4574079059164808,1.8676079363757787,3.902104639423819,-0.42612769676926926
ENSSSCG00000010604,0.4403659815409631,0.8668233361556961,0.9325720909972323,2.2397614086938913,-0.41239316616267907
ENSSSCG00000010605,0.2334808219906873,0.41030678340255633,0.5608525629424119,1.2046401683356556,-0.06299113680808167
ENSSSCG00000010606,0.4408779617495578,0.24237779767546036,0.4913477908719683,1.1746035502969865,0.029359505783131942
ENSSSCG00000010608,0.0921530924528493,1.0243520657631364,0.9952995162832685,2.111804674499254,-0.13583335187939052
ENSSSCG00000010614,0.13562310253587936,1.1541797092919721,1.137916657042282,2.4277194688701336,-0.3796577646567295
ENSSSCG00000010617,0.15585509405307463,0.5390729658638007,0.6722034091050005,1.3671314690218759,-0.21236420088246064
ENSSSCG00000010621,0.5580355410550646,0.38369222800670644,0.6496465828423562,1.5913743519041272,-0.07892648920153846
ENSSSCG00000010625,0.564908602190354,0.6513200672503253,0.6736031356669949,1.8898318051076743,-0.005909156601340858
ENSSSCG00000010626,0.3858835205600025,0.604157806442899,0.816644109762224,1.8066854367651255,-0.28896087190038416
ENSSSCG00000010627,0.21542398339589916,0.6518944661705485,0.8582852921435705,1.7256037417100183,-0.3300985516711044
ENSSSCG00000010628,0.37637772067314645,0.5406823911779252,0.2871164931869381,1.2041766050380098,-0.005264020431833197
ENSSSCG00000010635,0.23459879554872828,0.6294311559014474,0.6307380815338804,1.494768032984056,0.131888911621916
ENSSSCG00000010638,0.422228999806375,0.4998501169856194,0.13375933089918682,1.0558384476911813,-0.041938097772455676
ENSSSCG00000010640,0.17560552987427397,0.545478747787976,0.6738884854088444,1.3949727630710944,-0.10283756134691567
ENSSSCG00000010644,0.3897193177770341,0.7405636072945916,0.5710619836994889,1.7013449087711146,-0.3979454333203352
ENSSSCG00000010645,0.5536857633601195,0.7257113376487372,0.6860694095579678,1.9654665105668245,-0.17254607224810292
ENSSSCG00000010648,1.1265792443513452,1.494029030071954,1.8843690472370178,4.504977321660316,-0.1579931694238814
ENSSSCG00000010651,0.18614390599581598,1.0073457296424853,0.9449508987046962,2.1384405343429975,-0.3004890087569599
ENSSSCG00000010652,0.4359053316556626,0.24992799781573766,0.31075697784025735,0.9965903073116577,-0.12291526017895966
ENSSSCG00000010656,0.6025603195402317,0.4680140046942678,0.5035400207423868,1.5741143449768862,-0.13109346849015266
ENSSSCG00000010665,0.38506254667501083,0.7077821826665708,0.7697451120979294,1.8625898414395112,-0.13077268744875573
ENSSSCG00000010669,0.2915183211507138,0.7271103158034519,0.6764756397644638,1.6951042767186295,-0.2098850352825549
ENSSSCG00000010672,0.640501953999432,0.5534890757790474,0.6631077712052882,1.8570988009837675,-0.16435021307603298
ENSSSCG00000010674,0.8220806690907041,0.5974198668730659,0.8755768710410994,2.2950774070048694,-0.1132550102682182
ENSSSCG00000010679,0.5082491329809674,0.9864678623233364,1.3945647066088338,2.889281701913138,0.1271834126101749
ENSSSCG00000010680,0.31747363378071675,0.5832817971806645,0.8140529795835716,1.7148084105449528,0.07118538635815516
ENSSSCG00000010681,0.32389120818053985,0.8282879745040033,0.7521707831286696,1.9043499658132128,0.11152187312967701
ENSSSCG00000010682,0.5586221184459945,0.7744189528809671,1.0065558418641076,2.339596913191069,0.16832056958540884
ENSSSCG00000010683,0.08498272232910167,0.29279663724547383,0.35267480339828944,0.7304541629728649,-0.0668418627819874
ENSSSCG00000010685,0.3208201928689932,0.2877405871259728,0.18965169772290183,0.7982124777178677,-0.07639487733866043
ENSSSCG00000010686,0.5574223782702904,0.3727905275376801,0.24809016270714254,1.178303068515113,0.034300278558033616
ENSSSCG00000010687,0.6482100563494823,0.7702897188623556,0.5904204982743914,2.0089202734862295,-0.3172351224327468
ENSSSCG00000010688,0.6031273175420845,0.9718370789595819,0.9918624745630403,2.566826871064707,-0.20804942482616184
ENSSSCG00000010690,0.291703386471192,0.4181868569173588,0.46664917092523084,1.1765394143137815,-0.21623976520341054
ENSSSCG00000010691,0.22931385600900472,0.6748388472645702,0.6714610010070023,1.5756137042805773,-0.14184432439411968
ENSSSCG00000010692,0.3946136232374153,0.4612324522477169,0.5567245718179885,1.4125706473031208,-0.18451049499412442
ENSSSCG00000010698,0.2346961584334482,0.3837436925839071,0.4192042022521764,1.0376440532695317,-0.18068607035631307
ENSSSCG00000010699,0.5566372323163711,0.6878303617357081,0.3693218956157498,1.613789489667829,-0.15287472841875088
ENSSSCG00000010700,1.5590497367564538,1.2957912817067032,0.663089841386079,3.5179308598492356,-0.11560743913001566
ENSSSCG00000010702,0.8817860479930877,0.39058569810123783,0.9921256380083314,2.2644973841026568,-0.2806826931629757
ENSSSCG00000010706,0.5555792771507113,0.5274974822047881,0.7508334668380401,1.8339102261935396,-0.2973953149757287
ENSSSCG00000010719,0.22598114604803893,0.2219955849274166,0.16958472030655536,0.6175614512820109,-0.21806503297506144
ENSSSCG00000010721,0.7469954963362463,0.20633417962261272,0.8398492760794648,1.793178952038324,-0.1526884233223603
ENSSSCG00000010726,1.0070974986403818,1.853607011256245,2.6642965928416236,5.52500110273825,-0.023035808796002092
ENSSSCG00000010734,0.5911880765610444,0.8808099619032893,1.0601867096070472,2.532184748071381,0.031584000715357316
ENSSSCG00000010737,0.3664925160029531,0.36051205068586906,0.37868810794051344,1.1056926746293354,-0.19426416111476402
ENSSSCG00000010738,0.6279389334493595,0.4326404174027496,0.6716202539903066,1.7321996048424158,-0.28897155221467796
ENSSSCG00000010739,0.394027367655401,0.908631500479355,1.0118415458009478,2.3145004139357037,-0.15189334425211726
ENSSSCG00000010741,0.11211938744100128,0.5039896770484535,0.40676079691551353,1.0228698614049683,-0.3539950070104951
ENSSSCG00000010743,0.5929101998022906,0.2523679173817944,0.7570309162417065,1.6023090334257915,0.04206732722919293
ENSSSCG00000010744,0.35239253387523045,0.8598720703367784,0.9598369389225458,2.1721015431345547,0.03605852667789923
ENSSSCG00000010745,0.26382909537932536,0.7706520711827074,0.8416700006258084,1.8761511671878413,-0.3968000835629314
ENSSSCG00000010746,0.40605526637978245,0.7565791047418793,0.5768458401975056,1.7394802113191674,-0.17764847665174463
ENSSSCG00000010747,0.8723865725293307,1.0241963926851028,0.8362302731323832,2.7328132383468167,-0.4496962239505069
ENSSSCG00000010757,0.5347864836607652,0.5111412162178716,0.9542237059203318,2.0001514057989684,-0.07842399317756635
ENSSSCG00000010759,0.08212819822357838,1.0193268047479438,1.0034475949001682,2.1049025978716904,0.2192632084179416
ENSSSCG00000010794,0.18896495793211085,0.46434806633629827,0.5421987725857103,1.1955117968541193,-0.3477518644033913
ENSSSCG00000010795,0.14104057747739548,1.7200431224943995,1.6279763403126266,3.4890600402844214,0.2587937571797105
ENSSSCG00000010797,0.19324494263717445,0.4945732166045798,0.45680492883119933,1.1446230880729535,-0.009808551747898988
ENSSSCG00000010798,0.45648153430577637,0.8550796943553852,0.7876769434240833,2.099238172085245,-0.09603947738048428
ENSSSCG00000010801,0.7040412536558297,0.5727098815444389,0.22793989381780216,1.5046910290180708,-0.1192149738272186
ENSSSCG00000010802,0.5169164951885288,1.445862668434834,1.6105656044486292,3.573344768071992,-0.16007134397883727
ENSSSCG00000010809,0.13174817943622105,0.7029610428442157,0.6467136711424994,1.4814228934229363,-0.20121543167147948
ENSSSCG00000010811,0.5265320650334194,0.6422252494412934,0.4663431994419027,1.6351005139166155,-0.28613537908717684
ENSSSCG00000010814,0.4863389211424079,0.9178843109261804,0.9665916977973892,2.3708149298659773,-0.30385452024663995
ENSSSCG00000010816,0.07317114005976665,0.49014847968581154,0.5541963607199651,1.1175159804655435,-0.021037485026654503
ENSSSCG00000010821,0.48519618369867457,0.8556595196228559,0.8432756415298048,2.1841313448513353,-0.055156936256552484
ENSSSCG00000010822,0.40151331475500435,0.2671065117744541,0.532097434660708,1.2007172611901664,-0.024030424620451837
ENSSSCG00000010823,0.12266959936532426,0.5835937200329122,0.5632685952587424,1.2695319146569788,-0.18323803403859532
ENSSSCG00000010824,0.244212857061431,0.439696083027289,0.44249844744885525,1.1264073875375753,-0.24623618399713673
ENSSSCG00000010825,0.11811409476542968,0.3750856952193567,0.45713509692479176,0.9503348869095781,-0.18958001881811926
ENSSSCG00000010826,0.35751012026479884,0.5549257764593359,0.5160681629711806,1.4285040596953156,-0.1430860318433847
ENSSSCG00000010831,0.22444601496544797,0.4520166417731591,0.5716125958602685,1.2480752525988756,-0.06351355925459018
ENSSSCG00000010833,0.08109954295757334,1.9313644504389245,1.8986216359483437,3.9110856293448415,-0.3282596939553337
ENSSSCG00000010834,0.8850009164530085,0.49009844365199207,1.0855916773846304,2.4606910374896307,-0.2086798939425051
ENSSSCG00000010835,0.7136940861715315,0.6010659122751617,0.3996706497999997,1.7144306482466931,-0.1977402441159994
ENSSSCG00000010836,0.3712465531797521,0.42963655247338234,0.627229366427735,1.4281124720808696,-0.20672176525293198
ENSSSCG00000010849,1.0719291891826528,0.29880971633783815,0.9264422900474371,2.2971811955679278,-0.30564619579172947
ENSSSCG00000010853,0.1808230865233003,0.3965486647865438,0.30484976138524017,0.8822215126950843,0.03874942446937464
ENSSSCG00000010854,0.05369584444917467,0.4903215552598218,0.4768422895511949,1.0208596892601913,-0.056997174189276426
ENSSSCG00000010855,0.8388927737510575,0.9477502855399641,0.2621006379246869,2.0487436972157087,-0.1426730830096061
ENSSSCG00000010858,0.8059964782361961,0.3069496095541622,0.7095070055456414,1.8224530933359997,-0.16179285436045793
ENSSSCG00000010860,0.13729993438527227,0.43207392795695887,0.4252289937918873,0.9946028561341184,-0.08550450419920959
ENSSSCG00000010861,0.2932569133828102,0.33079199901435113,0.20326351787994415,0.8273124302771054,-0.3170443377274339
ENSSSCG00000010862,0.6088950596740017,0.6686207751763223,0.18070594259275694,1.458221777443081,-0.27130287624229343
ENSSSCG00000010863,0.7855736670471151,0.5752636524481981,0.39019063811292215,1.7510279576082353,-0.2200782471777613
ENSSSCG00000010865,0.38297813758402516,0.44541875508238926,0.512131776606103,1.3405286692725173,-0.1764626186462722
ENSSSCG00000010866,0.34417145596617377,0.49475321889223534,0.48059827218823487,1.319522947046644,-0.10486288157096645
ENSSSCG00000010868,0.1519872684162054,0.7156418505952448,0.6340665229120234,1.5016956419234737,-0.13970231092506072
ENSSSCG00000010872,1.2352751101368245,0.5926678601633194,1.1161345628446833,2.944077533144827,-0.37883490059213304
ENSSSCG00000010874,1.7867318839801867,1.4638599750268164,0.42326606059081295,3.6738579195978165,0.0011998930985468888
ENSSSCG00000010876,0.5504625685592427,0.42310957569616336,0.8694838754180599,1.843056019673466,-0.11506227232959443
ENSSSCG00000010877,0.8609860110086807,1.028561640462067,0.8387879614185152,2.728335612889263,-0.012243423119072545
ENSSSCG00000010879,0.12911906720332175,0.6431741218092244,0.5900395056684105,1.3623326946809566,-0.19848227008480707
ENSSSCG00000010882,0.30950581080246553,0.41074829395961027,0.5153712248476555,1.2356253296097313,-0.17040948933679267
ENSSSCG00000010894,0.11786302738000257,0.6046705730050841,0.5436446438666926,1.2661782442517793,-0.001996197890050062
ENSSSCG00000010896,0.5001120015063126,0.5445921096181933,0.5755630815267393,1.6202671926512453,-0.31015200248694647
ENSSSCG00000010897,0.5878042013907686,0.6077091734997624,0.4306042201653326,1.6261175950558637,-0.17329880528579583
ENSSSCG00000010900,0.32859613667761883,1.2262478860393644,1.4961928300896072,3.0510368528065905,-0.28756398154130797
ENSSSCG00000010904,0.42813000982126004,0.8851532310024072,1.1492989379043441,2.4625821787280113,-0.07814297920254411
ENSSSCG00000010911,0.5869351874562979,0.22959385761403345,0.5810799370489939,1.3976089821193252,-0.15070845652587517
ENSSSCG00000010912,0.23760525130578586,0.6525082113319054,0.5728339656508931,1.4629474282885844,-0.2903292188694412
ENSSSCG00000010923,0.11355615425734587,1.1917115101677522,1.1059500530780626,2.4112177175031606,-0.017703049458643136
ENSSSCG00000010925,0.28831941545702655,0.7251424900217055,0.5219365273676064,1.5353984328463384,-0.17587123380644776
ENSSSCG00000010926,0.19123927262997942,0.6211694170426448,0.5525166320266139,1.3649253216992383,-0.20356969316938694
ENSSSCG00000010928,0.3661555633396091,0.4649897165838342,0.7740730283972135,1.6052183083206568,-0.0005776768444069312
ENSSSCG00000010931,0.2974159714360427,1.4855015575512958,1.4478808771360014,3.23079840612334,-0.05628352465201792
ENSSSCG00000010941,0.42512785333934866,0.36322964462477064,0.494465312866937,1.2828228108310562,-0.22637254771185064
ENSSSCG00000010943,0.18994162906314466,0.762664615590962,0.7112668380964631,1.6638730827505697,-0.21395838289253769
ENSSSCG00000010952,0.6859158299123795,0.5970560323170507,1.0341925783880888,2.3171644406175194,-0.2281730102170207
ENSSSCG00000010954,0.4329302449963649,1.5273789827518969,1.2650608168456772,3.225370044593939,0.050998035415508486
ENSSSCG00000010955,0.22285454281861958,0.32823766329004034,0.23397217853263377,0.7850643846412937,-0.23061788059434082
ENSSSCG00000010956,0.7711224689077708,0.9678547233312766,0.6729105768927961,2.4118877691318437,-0.29836063870393914
ENSSSCG00000010957,0.1488586451404689,0.5559961830976163,0.6681338963038458,1.372988724541931,-0.3242194926022525
ENSSSCG00000010960,0.5147254466708102,1.0937221360466463,1.3317698183031477,2.940217401020604,0.07691549166512948
ENSSSCG00000010962,0.3041860943616239,0.9814218258769714,1.0464452899013432,2.3320532101399385,-0.3369488260219049
ENSSSCG00000010972,0.2807072536337596,0.7469112646471238,0.7250511693040332,1.7526696875849166,0.1449843295205728
ENSSSCG00000010973,0.27994068429789376,0.6456041179166816,0.5473429259247584,1.4728877281393338,0.0077785507483552705
ENSSSCG00000010981,0.06814588212791632,0.8047488401604999,0.7827882442346762,1.6556829665230923,-0.006582255712464629
ENSSSCG00000010984,0.17515155884081354,1.0510811332391807,1.024266358920956,2.25049905100095,-0.15563610953832874
ENSSSCG00000010987,0.4709511425770665,0.8965780487527804,1.1666808758309393,2.534210067160786,-0.1941460073336055
ENSSSCG00000010990,0.2871486107457716,0.5840638575695756,0.5153574676219056,1.3865699359372528,-0.01683996639455558
ENSSSCG00000010995,0.8046492934551983,0.8188110130033035,0.863448266161663,2.4869085726201647,-0.0879165685615579
ENSSSCG00000010996,1.1172384459506766,0.6105732052009788,0.775562302938974,2.5033739540906295,-0.08049868692395624
ENSSSCG00000010999,0.6100449735742419,0.46408179393042437,0.6478526168025003,1.7219793843071665,-0.11533578663462088
ENSSSCG00000011000,0.6010541529990777,0.7260024429118478,0.9238663819817161,2.2509229778926416,-0.07080994457060574
ENSSSCG00000011001,0.2126574139605575,2.196483431799185,1.9846908299133927,4.393831675673136,-0.11271157473020055
ENSSSCG00000011003,0.28172468089794533,1.8591445015661467,1.892033658492017,4.032902840956109,0.11946840497857088
ENSSSCG00000011004,0.8442405210603792,0.3984139103690848,1.1801041353295114,2.4227585667589757,-0.20145809666406833
ENSSSCG00000011010,0.21351863930921863,0.47959756706385265,0.3239967475448261,1.0171129539178974,-0.28256889876193536
ENSSSCG00000011013,0.32391172870058893,0.3599712052261836,0.6324957827297565,1.316378716656529,-0.24010016564776246
ENSSSCG00000011014,0.21969541249240748,0.5094349806721675,0.6421037411212249,1.3712341342857999,-0.07880995726729807
ENSSSCG00000011018,0.2957567310940999,0.6693603598359112,0.7108207916063218,1.675937882536333,-0.03405873362989566
ENSSSCG00000011020,0.3402136202273394,0.6047311458425031,0.6769002745729753,1.6218450406428178,-0.10001455701932695
ENSSSCG00000011022,0.3629718469965476,1.2384207697178853,1.3552707616032922,2.9566633783177254,-0.2779125536038891
ENSSSCG00000011023,0.13773505291262753,0.42655348017384065,0.48270061177775625,1.0469891448642246,-0.12982095349351286
ENSSSCG00000011025,0.11339677496165461,0.6829692357297266,0.6532287613406541,1.4495947720320352,-0.16132146520351512
ENSSSCG00000011026,0.47765604478668455,0.3739048220208714,0.2387088237127191,1.0902696905202751,-0.2804799430454342
ENSSSCG00000011027,0.37791886493756277,0.6156353574764147,0.5808415002135247,1.5743957226275023,-0.017059828661062704
ENSSSCG00000011028,0.3957845077414245,1.1234497769903313,1.2401257871815494,2.7593600719133056,-0.2713619737681388
ENSSSCG00000011036,0.9198080607471963,0.7750105860112491,0.41640505284573204,2.1112236996041776,-0.2636343814763114
ENSSSCG00000011039,0.4781375897437421,0.7788546447231144,0.7639561933673421,2.0209484278341985,-0.295036128190464
ENSSSCG00000011040,0.5405072179707334,0.7805767366067922,0.6922255064383908,2.0133094610159166,-0.17751595968937328
ENSSSCG00000011041,0.3162191047206516,0.5182986145002219,0.510472696637576,1.3449904158584496,-0.1506725723270975
ENSSSCG00000011042,0.17867592480948605,0.5446820906797728,0.6730633924759376,1.3964214079651964,-0.10109151200228356
ENSSSCG00000011045,0.43047669209378087,0.9972061799321827,0.760817064788314,2.1884999368142775,-0.27535718017248123
ENSSSCG00000011048,0.5322271433253569,0.9015646648618793,1.072320314657904,2.50611212284514,-0.33196017245515286
ENSSSCG00000011049,0.1002216149851436,0.16067093125029364,0.20032525514935573,0.46121780138479296,0.04550538985338236
ENSSSCG00000011051,0.7783829370015465,0.8125385579127478,0.4680793774322074,2.059000872346502,-0.10211487871742639
ENSSSCG00000011056,0.19583156508771113,1.0940275611482844,0.9525702758137938,2.2424294020497895,-0.16775124583111098
ENSSSCG00000011059,0.31823915126621727,0.627537164018706,0.7045454239940144,1.6503217392789375,-0.14334512209128536
ENSSSCG00000011061,0.4540477151529566,0.9168348852001352,1.1816252863503305,2.552507886703422,0.10524700244907118
ENSSSCG00000011064,0.6124714381966966,0.6987320147911568,0.5716523733500527,1.882855826337906,-0.21438318033179626
ENSSSCG00000011065,0.5870525094334544,1.1667509633112318,0.6188126128736314,2.3726160856183176,-0.39548220716939003
ENSSSCG00000011068,0.47197861357293935,0.7118701997963927,0.6208847851603044,1.8047335985296367,-0.0417286376097882
ENSSSCG00000011069,0.8257642400588028,0.4454760976245345,1.2027959995434199,2.474036337226757,-0.25030156470850407
ENSSSCG00000011070,0.17544568471067834,0.9799719732332669,1.0419229734853388,2.197340631429284,-0.2197151574667413
ENSSSCG00000011071,0.14382583878567073,0.6151206466077603,0.562212324639045,1.3211588100324763,-0.18378546488354777
ENSSSCG00000011074,0.5093383395807887,0.5968771326442951,0.5322072978206697,1.6384227700457532,-0.2943373865475714
ENSSSCG00000011075,0.21464944278914672,0.3439166571218026,0.47267933651244254,1.0312454364233918,-0.17476839858951604
ENSSSCG00000011079,0.9215662471608108,1.0293954156408427,0.8851156520377791,2.8360773148394327,0.013685753654887944
ENSSSCG00000011081,0.6642292250631325,0.43904722212212655,0.5865141397721191,1.6897905869573782,0.12465478702532608
ENSSSCG00000011082,0.3800910502929615,0.4647409412064524,0.5591047270339636,1.4039367185333775,0.08098824449204549
ENSSSCG00000011085,0.3827412492928648,0.5078610662008203,0.7063325467501685,1.5969348622438537,0.057672005214047396
ENSSSCG00000011090,0.47637743584542863,0.6193166565276275,0.8613451175211702,1.9570392098942262,-0.30433753790901524
ENSSSCG00000011101,0.48835359063783035,0.8034766474716923,1.1466685707625202,2.438498808872043,0.25088528722097847
ENSSSCG00000011102,0.13498762907606376,0.4916156423018659,0.6210641367939106,1.2476674081718402,-0.014318451769665992
ENSSSCG00000011103,0.5397793201623959,0.9132776944380752,0.7386064849910684,2.1916634995915394,-0.27076717055499355
ENSSSCG00000011104,1.2613068481640637,0.7175650743277099,0.6848214955698364,2.6636934180616096,0.007122381605560554
ENSSSCG00000011106,1.0191657282253213,0.5754740418996309,1.085020203017123,2.6796599731420754,-0.1901096428430538
ENSSSCG00000011107,0.3527728889677268,0.41381714117182383,0.7258008488977034,1.492390879037254,-0.26265951177607677
ENSSSCG00000011110,0.30882537385824677,0.5959632758100389,0.8138956143899972,1.718684264058283,-0.4566121975207774
ENSSSCG00000011112,0.5032060570520878,0.602952127916467,0.5367868723504009,1.642945057318956,-0.07037072397385483
ENSSSCG00000011113,0.4696989236202425,1.659832266594818,1.3958215454582834,3.5253527356733443,-0.007577811894840441
ENSSSCG00000011114,0.17896526764844636,0.6198883183924094,0.760619744071858,1.5594733301127137,-0.22547205033974524
ENSSSCG00000011117,0.9664844686822747,0.7082671356045764,1.177353625774587,2.8521052300614382,-0.18905940481652575
ENSSSCG00000011120,0.29427766293128155,0.6850849025054057,0.7929276100307775,1.7722901754674647,-0.22033302268458782
ENSSSCG00000011121,0.45346245062613816,0.3410475923137128,0.5300134881829524,1.3245235311228032,-0.2806981687254881
ENSSSCG00000011125,0.6979706774445656,0.7768225548320479,0.6117082221008796,2.086501454377493,0.11883217328054597
ENSSSCG00000011127,0.35764096469343126,1.1471268389855536,1.0206965440954112,2.5254643477743963,-0.3466213814733727
ENSSSCG00000011134,0.4297821008869525,0.8848319964526862,0.9105912354568967,2.2252053327965355,-0.12281913147717104
ENSSSCG00000011136,0.17125398296755498,0.7553342229933309,0.8081866975608032,1.734774903521689,-0.29272110920911915
ENSSSCG00000011137,0.21211353789779794,0.5682716080738291,0.5937391509761021,1.3741242969477292,-0.0742047782404599
ENSSSCG00000011147,0.11515164225744082,0.23191053291951855,0.26871693922375284,0.6157791144007122,-0.1278403225554468
ENSSSCG00000011157,0.32877822959075725,1.2299256414951865,1.101109431271291,2.659813302357235,-0.14522289483948436
ENSSSCG00000011158,0.4225511630555541,0.35786786374576895,0.6802567713680276,1.4606757981693508,-0.22287473001631267
ENSSSCG00000011162,0.6383564977448735,0.5698078653942245,0.4957851020141678,1.7039494651532658,-0.16852638168101514
ENSSSCG00000011163,0.5010230592217791,0.3097821920772506,0.7654328988638978,1.5762381501629275,-0.33003824227732914
ENSSSCG00000011166,0.7145748719855901,0.46550671828634627,0.3291893591826341,1.5092709494545704,-0.29484679617437043
ENSSSCG00000011167,0.4231906232352161,0.33402153839696697,0.48286147495904025,1.2400736365912233,-0.14646076998160812
ENSSSCG00000011168,0.2950935961356795,0.4619595077279229,0.5289575163092796,1.286010620172882,-0.20451224395425951
ENSSSCG00000011171,0.35875822727545414,1.1585568408325495,1.1281807365235716,2.645495804631575,0.06672314756145617
ENSSSCG00000011179,0.35674548624020874,0.5211799227769814,0.5636901587503316,1.4416155677675218,-0.033427029897674314
ENSSSCG00000011181,0.2192719792719447,0.6422198175319851,0.6661684563071312,1.527660253111061,-0.18311298783163002
ENSSSCG00000011183,0.2886965289061857,0.5368245888548747,0.5096570963619412,1.3351782141230015,-0.0482025325397648
ENSSSCG00000011190,0.24058112525788172,0.37597015777646586,0.2934253665092257,0.9099766495435733,-0.27007351780806793
ENSSSCG00000011194,0.387095536502879,0.6217332992455747,0.6331761272398927,1.6420049629883464,-0.18375421846722792
ENSSSCG00000011196,0.6051317653127,0.4490474087580628,0.8689382831596996,1.9231174572304623,-0.046315015163490326
ENSSSCG00000011197,0.12932318112983343,0.7381035858019501,0.6305135784024118,1.4979403453341953,-0.03467821721612343
ENSSSCG00000011199,0.5969512758885742,0.5833037701564401,0.7719737135764543,1.9522287596214687,-0.1287917468468775
ENSSSCG00000011201,1.1045304411332466,0.5090502510717061,1.1949861196684721,2.808566811873425,-0.26050046218934375
ENSSSCG00000011207,0.46486863918569626,0.7994433968721624,0.5374135506100105,1.8017255866678692,-0.12803942433326618
ENSSSCG00000011212,0.08468401403617677,0.5182300326414795,0.5552759253521082,1.1581899720297644,-0.21501380311466564
ENSSSCG00000011213,0.2473498161036679,1.4953681742529876,1.4903961896833093,3.2331141800399648,-0.279738656735793
ENSSSCG00000011214,0.7336940827000441,0.8405627857410215,0.5912307744322631,2.1654876428733285,-0.28704680218964035
ENSSSCG00000011217,0.2775359335596571,0.4690021954848327,0.670765790455299,1.4173039194997887,-0.14477098494914184
ENSSSCG00000011218,0.3816188722626267,0.4442007437160672,0.7201816142265235,1.5460012302052175,-0.21341363766026453
ENSSSCG00000011229,0.6680330791039293,1.1077367116195398,0.727648316679443,2.5034181074029123,-0.13245916999980406
ENSSSCG00000011230,0.25494474962382885,0.611224677301197,0.41603347854671385,1.2822029054717397,-0.3085578376703957
ENSSSCG00000011233,0.44559811023662205,0.5500564735494103,0.5614883909294107,1.5571429747154433,0.09790361357051615
ENSSSCG00000011234,0.5456502742598089,0.7645402051564828,0.7941268521428322,2.104317331559124,-0.07719472434731532
ENSSSCG00000011235,0.3259980971392064,0.34576585464335474,0.5100241172452517,1.1817880690278129,-0.11544927071591508
ENSSSCG00000011236,0.7121744398792398,0.6459712680322909,0.2568054926164118,1.6149512005279425,-0.13351359740734856
ENSSSCG00000011237,0.2938338858944165,0.34132073507050575,0.23642538958920054,0.8715800105541228,-0.09087719719354963
ENSSSCG00000011238,0.33049367732194146,0.5078230524785471,0.46983860376639786,1.3081553335668863,-0.21503252702239659
ENSSSCG00000011243,0.6631645750558247,0.6316162442156326,1.0151477104293058,2.309928529700763,0.003651386835103875
ENSSSCG00000011245,0.25280083475293585,1.336203043311191,1.2924173612236722,2.881421239287799,-0.02691064500423447
ENSSSCG00000011249,0.2150068372520375,0.4876333601493664,0.6172429272345292,1.319883124635933,-0.20450928763215545
ENSSSCG00000011250,0.42809724510125036,1.0089719580232779,0.8921286035661826,2.329197806690711,0.020411982596464158
ENSSSCG00000011251,0.7433799962570017,0.2453032622798847,0.6764240569268514,1.6651073154637377,-0.06828738091621672
ENSSSCG00000011253,0.2961453608048874,0.746930426745858,0.929108167479492,1.9721839550302374,-0.16240505029965976
ENSSSCG00000011257,0.5814346758593585,0.7343780809794547,0.748777078338637,2.06458983517745,-0.3338197828432282
ENSSSCG00000011258,0.2149646464443406,0.6476503692901049,0.7502011780291331,1.6128161937635785,-0.06404945773785328
ENSSSCG00000011260,0.15851341211586967,0.5706076569825639,0.6579577261315323,1.3870787952299657,-0.09111962971212739
ENSSSCG00000011261,0.3733179004712265,0.8530374123420247,0.6852466256886247,1.9116019385018759,-0.22896037298386207
ENSSSCG00000011264,0.27636442322044114,0.3249472749613383,0.20092223631024964,0.8022339344920291,-0.031732686771276615
ENSSSCG00000011270,0.6755644562846674,0.8557723789316556,1.3751656337858589,2.9065024690021817,-0.05093166792299847
ENSSSCG00000011272,0.4538337794564156,1.1507406938562776,1.2415378823444045,2.8461123556570977,0.21261422428290136
ENSSSCG00000011274,1.024043810467396,0.6017421371449114,0.74205053529714,2.367836482909447,-0.10994715428553015
ENSSSCG00000011284,0.49191686272727375,0.8370914733809861,0.7375794589271064,2.066587795035366,-0.10066165761274239
ENSSSCG00000011290,0.426615547164051,1.102858985364067,0.968997803951458,2.498472336479576,0.12473862644651841
ENSSSCG00000011294,0.3184585215742839,0.6600549334600886,0.8671247142389293,1.8456381692733017,-0.14354949138968995
ENSSSCG00000011295,0.4712065094694683,0.6082012380864565,0.3137186193148883,1.3931263668708134,-0.43359905925730785
ENSSSCG00000011296,0.21605023150813477,0.39658889776549744,0.2795926447318787,0.8922317740055109,0.004782035583730726
ENSSSCG00000011297,0.1419755421899155,0.5178148957209373,0.5579115523393754,1.2177019902502282,0.07012099403104495
ENSSSCG00000011298,0.45082566644200667,0.16836850157196448,0.3855623734128834,1.0047565414268547,-0.2722245109468824
ENSSSCG00000011300,0.18314285393699792,0.8411541901533893,0.7250577603873226,1.7493548044777096,0.05901400645851995
ENSSSCG00000011301,0.30387296575147005,1.062325684753004,1.0997397766359425,2.4659384271404168,-0.12959878047770593
ENSSSCG00000011304,0.4864385526936825,0.2735679030282,0.7015981228576188,1.4616045785795013,0.018600723493293458
ENSSSCG00000011306,0.06738263239983969,0.5580682858931767,0.5952404169998435,1.22069133529286,-0.12932624596640252
ENSSSCG00000011307,0.1910901014822484,1.2117527584636432,1.0927272617472588,2.4955701216931505,-0.20414484782866804
ENSSSCG00000011309,0.24685120366205368,0.7254174317248239,0.736521555472851,1.7087901908597285,-0.20467430935973088
ENSSSCG00000011312,0.1866613087479759,0.3241158610204734,0.2388519587692835,0.7496291285377328,-0.04770604157224354
ENSSSCG00000011317,0.2088628565134533,1.2635304950195603,1.062718691144357,2.535112042677371,-0.27322792457600864
ENSSSCG00000011329,0.4577647381894121,0.6339681066803384,0.6093674487544626,1.7011002936242132,0.0009794530701416405
ENSSSCG00000011332,0.6507684151752479,0.6524389965252482,0.6317477640712899,1.9349551757717858,-0.031239540928354185
ENSSSCG00000011336,0.7923830871494226,0.795460505363066,0.8311798516823646,2.4190234441948535,0.047408377761206384
ENSSSCG00000011340,0.8898650884930084,0.6171057603723807,1.1009565437273616,2.6079273925927504,-0.14590051041939298
ENSSSCG00000011342,0.34829841454747057,0.5777685544042046,0.6448505948581986,1.5709175638098738,-0.13628394828546592
ENSSSCG00000011351,0.47186451735387686,2.29560697807282,2.09021638326159,4.857687878688287,0.09357785774617093
ENSSSCG00000011356,0.46096524660648447,1.4014929334093673,1.6667494800938611,3.529207660109713,0.24753090149229365
ENSSSCG00000011357,0.39343098604222554,0.431316178018021,0.5718648466982965,1.3966120107585431,-0.0077784715930545876
ENSSSCG00000011361,0.1392870701384152,0.48007979998863265,0.5616858710031029,1.1810527411301508,-0.0779918165878519
ENSSSCG00000011363,0.18854189272209004,0.7178659431719863,0.7467169936637874,1.6531248295578638,0.09349395995197826
ENSSSCG00000011366,0.34410181238790355,0.6515635284149806,0.5021470916212833,1.4978124324241675,-0.08313351586323973
ENSSSCG00000011367,0.33082758641586496,0.7411417887815988,1.0391461576198775,2.111115532817341,-0.07030596605864425
ENSSSCG00000011371,0.592809876799888,1.0992836601776135,1.3373338124872813,3.0294273494647825,0.16814867190834737
ENSSSCG00000011373,0.19820871295902504,1.2790706784554071,1.2685520421287844,2.7458314335432163,0.0761514071663888
ENSSSCG00000011387,0.10260676351439446,0.3181095055125945,0.28520106377975063,0.7059173328067396,0.06711878382592716
ENSSSCG00000011389,0.11015599634356874,0.4768781216723606,0.394438604296049,0.9814727223119784,-0.03924645430181406
ENSSSCG00000011390,0.23160424099905014,0.35895338295487533,0.5029394394352695,1.093497063389195,-0.13640998934702345
ENSSSCG00000011394,0.41614071205395126,0.47789502500025016,0.7837714284685219,1.6778071655227231,-0.1356109179528117
ENSSSCG00000011395,1.0961621061776152,0.7839846661495773,0.538074080815818,2.4182208531430103,-0.035586701675619115
ENSSSCG00000011399,0.4088421281230678,1.45314318544863,1.2516419106732353,3.113627224244933,-0.08431221556700162
ENSSSCG00000011401,0.14221832443957924,1.0910902723153713,0.9586740501482304,2.1919826469031807,-0.03484685483509687
ENSSSCG00000011405,0.5304380938520153,0.5971344934061497,0.316049343783241,1.443621931041406,0.013888444443052653
ENSSSCG00000011410,0.2833865607384838,0.5551717078324784,0.4269860903467179,1.26554435891768,0.03468134554427314
ENSSSCG00000011412,0.0793560507392211,1.2153545037841638,1.2084150614673246,2.5031256159907094,-0.2943166021734584
ENSSSCG00000011416,0.2277803947333233,0.4310568265020195,0.6230340962372874,1.2818713174726302,-0.16472989848381042
ENSSSCG00000011417,0.364772730561195,0.7372335221017029,0.9534539916527955,2.0554602443156935,-0.19491799109060445
ENSSSCG00000011420,0.1561574603394597,0.690861951980763,0.7355103896595736,1.5825298019797962,-0.04998487282900962
ENSSSCG00000011425,0.5682417991525653,0.7624046358194081,0.9637470950744764,2.2943935300464497,-0.2725560800630097
ENSSSCG00000011426,0.10772736498691025,1.250877309903114,1.2841539138377418,2.642758588727766,-0.19023130948250164
ENSSSCG00000011432,0.12865390502527896,0.7033913441266552,0.7203744118141426,1.5524196609660768,-0.060520078013863665
ENSSSCG00000011433,1.1071090273251694,0.7531017210511737,0.7103820801319991,2.5705928285083424,-0.06898178760058837
ENSSSCG00000011435,0.0831159529109251,0.4303682746807807,0.5116379981641961,1.0251222257559018,0.23761312427003795
ENSSSCG00000011438,0.7899997487964618,0.8394383909370546,0.7923876160874649,2.4218257558209815,-0.19009670808187334
ENSSSCG00000011446,0.4529784725978261,1.1124338087816028,1.4249918056681417,2.9904040870475708,0.16624929066831762
ENSSSCG00000011447,0.654489293095482,1.2229217875029164,1.5473497233478124,3.424760803946211,0.16782402717202788
ENSSSCG00000011449,1.0233204949148682,1.0858566173295432,1.420678864935792,3.5298559771802034,0.1104724134511849
ENSSSCG00000011454,0.6527989685875261,0.3890793054520376,0.42231891701686736,1.4641971910564309,-0.3826272750692689
ENSSSCG00000011455,0.17119578544451192,0.33709258879533766,0.44471692190815093,0.9530052961480006,-0.11682604428148792
ENSSSCG00000011458,0.38514420869458776,0.7404479640061569,0.7112253659751091,1.8368175386758536,-0.06258930395770114
ENSSSCG00000011463,0.29951762953964867,0.4656703833516617,0.4269050317174647,1.1920930446087752,-0.1256408135724903
ENSSSCG00000011465,0.20852045493298432,0.6652477037586464,0.6112550147867403,1.485023173478371,0.0074503032260424705
ENSSSCG00000011467,0.37900658203271625,0.518800611577541,0.27851608106392994,1.1763232746741872,-0.19359905851821618
ENSSSCG00000011471,0.31837605319561546,0.7098387634923624,0.7119361130269183,1.740150929714896,-0.06467990435109801
ENSSSCG00000011474,0.5932888205563341,0.6438289110955632,0.7726921191937511,2.0098098508456483,-0.16832852405646626
ENSSSCG00000011482,0.538319140214585,0.3893271199764556,0.6374821402943412,1.5651284004853818,-0.21337154298169078
ENSSSCG00000011485,0.43260016543689833,0.5968502143339324,0.8608932049116902,1.890343584682521,-0.26382812542442974
ENSSSCG00000011490,0.4576189935109264,1.377668328235359,1.2477219214135074,3.0830092431597924,-0.4142122360138794
ENSSSCG00000011491,0.573255660580515,0.8154170884035695,0.3505115928439167,1.7391843418280013,-0.02217779729966148
ENSSSCG00000011492,0.287937191662596,0.8550558232384329,1.1038871533675367,2.2468801682685657,-0.17358036982811684
ENSSSCG00000011493,0.5221046423606043,0.5509808272812502,0.6159048558284794,1.688990325470334,-0.20699833914590413
ENSSSCG00000011494,0.5363148218085818,0.8623963303016009,1.2293060447906927,2.6280171969008754,0.07223303322544826
ENSSSCG00000011495,0.22169019087654648,0.700908782517166,0.8017290133243068,1.7243279867180195,-0.35898185808593536
ENSSSCG00000011497,0.3168773310722393,0.37130493937105785,0.6625263407847044,1.3507086112280016,-0.2134692113975314
ENSSSCG00000011498,0.5515272230767111,0.3262762992702183,0.7782164901477928,1.6560200124947222,-0.07764994821355085
ENSSSCG00000011499,0.14418367122056552,0.33880440968466957,0.3800077209704977,0.8629958018757328,-0.10086371389069364
ENSSSCG00000011500,1.12453883947944,1.22789603708472,1.6807888901771355,4.033223766741296,-0.17610692048171814
ENSSSCG00000011501,0.2939053121462011,0.7628877714793876,0.8791648453005211,1.9359579289261095,-0.13897648036673196
ENSSSCG00000011504,0.33378205346462736,0.630198780580638,0.5847741410060149,1.5487549750512803,-0.3461794133249648
ENSSSCG00000011506,0.8352881199881432,0.9547962669827763,0.6704114118401591,2.4604957988110785,-0.07605612254523052
ENSSSCG00000011510,0.4073813147237356,0.41690434512770813,0.27553641584826793,1.0998220756997117,-0.09246844977409661
ENSSSCG00000011511,0.44534600420794307,1.2554539726278795,1.6458057132732784,3.346605690109101,-0.31402854814801695
ENSSSCG00000011514,0.295507022345773,0.4663138256635341,0.752584829065974,1.5144056770752812,-0.04986962911429112
ENSSSCG00000011516,0.4777318032719543,1.9191967593540729,2.3318400813219706,4.728768643947998,-0.3219758434296615
ENSSSCG00000011518,0.8192740422074497,1.2441185898336282,0.6500467437550413,2.7134393757961193,-0.22379196798232978
ENSSSCG00000011524,0.3277471441591126,0.7046796713365182,0.5523579602618642,1.584784775757495,-0.44428037198806947
ENSSSCG00000011527,0.1080310844358321,0.5955244567004083,0.5916982137741906,1.295253754910431,-0.2075655781266109
ENSSSCG00000011529,0.39955771689958225,0.9673332847811149,1.0759912407694028,2.4428822424501,-0.06645386258317351
ENSSSCG00000011530,0.6893859057672919,1.0341646824147617,0.9479790251934004,2.671529613375454,-0.0653550735147284
ENSSSCG00000011532,0.24203254077214229,0.6207940088041903,0.4328239887398595,1.2956505383161923,0.07207805446142117
ENSSSCG00000011535,0.14886325970973202,1.7553588091815118,1.6653880036482718,3.5696100725395157,-0.0030233088294309113
ENSSSCG00000011538,0.29214542500663465,0.5394253188903252,0.6257053528828509,1.4572760967798106,-0.11674138580374947
ENSSSCG00000011540,0.33690692349265294,0.4216070517819709,0.5987101164207425,1.3572240916953664,0.01664364441365363
ENSSSCG00000011542,0.7016508528537381,0.7746731116451996,0.9471652647684159,2.4234892292673536,0.056206506670309395
ENSSSCG00000011546,0.303670266574556,0.6194314806510699,0.7262924186180613,1.6493941658436873,-0.0352061638407332
ENSSSCG00000011548,0.16305776351630485,0.35630190423007035,0.21618662688693993,0.7355462946333151,-0.14324472441615782
ENSSSCG00000011549,0.08067351934559489,0.6488323708548228,0.7209241609931631,1.4504300511935808,0.004925840100352971
ENSSSCG00000011550,0.1173240519792461,0.60689390562374,0.6667700773839279,1.390988034986914,-0.17568789726516273
ENSSSCG00000011551,0.9626887122709614,0.8164075573493147,0.582468998775879,2.361565268396155,-0.31120686912079687
ENSSSCG00000011552,0.5032246255488485,0.5745406955620894,0.5831545484101716,1.6609198695211096,0.11039509373725459
ENSSSCG00000011562,0.42850840828061926,0.3389890145245077,0.6519042151659943,1.4194016379711214,0.10764458544669703
ENSSSCG00000011563,1.2862363699087276,1.3562505512959002,0.7820735194905031,3.424560440695131,-0.12307865095669406
ENSSSCG00000011565,0.20797342677618644,1.1792339153919853,1.059703948115709,2.4469112902838805,0.09855466999015934
ENSSSCG00000011567,0.5442055559341678,0.5736004624236883,0.7060139980795167,1.8238200164373728,-0.31952150646858346
ENSSSCG00000011570,0.4581537648140091,0.4909590701253299,0.7271359129179279,1.676248747857267,-0.38641797946506684
ENSSSCG00000011572,0.3832464843952696,0.5626262068048282,0.320045534587754,1.2659182257878518,-0.0957752841217959
ENSSSCG00000011575,0.26344935735106967,0.5718375895632403,0.8111685000887046,1.6464554470030146,-0.23349873348055306
ENSSSCG00000011578,0.14040423322796783,0.5618737705737967,0.553411197798465,1.2556892016002297,-0.04228224756346974
ENSSSCG00000011579,0.22196493504650186,0.6613582195463052,0.700723238318512,1.584046392911319,-0.28090928249163283
ENSSSCG00000011582,0.17520590779947423,0.8831777622885095,0.996318863638166,2.0547025337261497,-0.28272835112271877
ENSSSCG00000011587,0.3256739372697453,0.4965878207653241,0.6287150724172437,1.450976830452313,-0.20385254617557313
ENSSSCG00000011591,1.1706863133096777,1.3896314884932421,2.450101254096135,5.010419055899055,-0.5809089760928969
ENSSSCG00000011593,0.22477800643695148,0.19443231371330158,0.24644026016097167,0.6656505803112247,-0.3723365640770581
ENSSSCG00000011594,0.35860568650386554,1.015796187688126,0.9847788410432076,2.3591807152351993,-0.28925592712691
ENSSSCG00000011599,0.23665678240450297,0.622113850678597,0.7928434350123438,1.6516140680954439,-0.2709015395383191
ENSSSCG00000011600,0.1567687067734859,0.7275618615672992,0.7034322401551047,1.58776280849589,-0.27564082211914376
ENSSSCG00000011601,0.283498655993087,1.333355784885669,1.2500365153893158,2.8668909562680716,-0.004525581181281511
ENSSSCG00000011602,0.6366185527659102,0.7195348769519798,0.8896435378441476,2.245796967562038,-0.17886883783650498
ENSSSCG00000011603,0.8156716933189992,0.28603878875275984,0.7168448082103462,1.8185552902821054,-0.1467074790852199
ENSSSCG00000011604,0.7630549835555752,0.9542996760234942,1.0507726109647606,2.76812727054383,0.07971585501851963
ENSSSCG00000011611,0.3137321228882848,0.36496290478788873,0.3952653043154007,1.0739603319915743,-0.1156779981117911
ENSSSCG00000011612,0.18627984480384663,1.2017363996508466,1.2403178630473881,2.6283341075020816,0.1824940872946375
ENSSSCG00000011615,0.4712958740038048,0.9394400966790121,0.6042395195161593,2.0149754901989763,-0.053977983503120074
ENSSSCG00000011616,0.26560996731654896,0.7672657567379303,0.9117682237903579,1.9446439478448372,-0.02212072209152951
ENSSSCG00000011619,0.1365832139738197,0.29399046538257156,0.3250573065073726,0.7556309858637638,0.12056610995757737
ENSSSCG00000011620,0.18372212773056767,0.7454811306776292,0.6436120169370542,1.572815275345251,0.16610355359064885
ENSSSCG00000011621,0.7270555740588592,0.9165249368643207,0.41941821025571285,2.0629987211788925,0.006634792540846774
ENSSSCG00000011623,0.6650713561366619,1.3516093648355676,0.9135089564801201,2.9301896774523497,-0.21882810888363297
ENSSSCG00000011624,0.6883577330946468,0.6946189668213483,0.9443008289873766,2.327277528903372,-0.10061813159106058
ENSSSCG00000011628,0.35967410665462257,0.6018578168419841,0.5346940381571652,1.4962259616537719,-0.17325935381938656
ENSSSCG00000011629,0.1491560203280886,0.9208902164142222,0.8432120344388516,1.9132582711811623,-0.07961378882575514
ENSSSCG00000011631,0.3435778962704633,0.32418871614655814,0.2992905044069823,0.9670571168240036,0.009605014933072637
ENSSSCG00000011632,0.3477481177650896,0.3959369189097505,0.23070722358999435,0.9743922602648345,-0.17038195712283782
ENSSSCG00000011635,0.5650577126947041,0.5555120252566125,0.6196614881979072,1.7402312261492239,-0.24235796687106795
ENSSSCG00000011639,0.2919261078201785,0.28196271113688615,0.4134807614507441,0.9873695804078088,0.10277909967270023
ENSSSCG00000011642,0.3480971820540972,0.37479978928399,0.37126523800089517,1.0941622093389824,-0.12713161998690092
ENSSSCG00000011645,0.420296104769207,0.706854543006371,0.9885937642199624,2.11574441199554,-0.18944238595607168
ENSSSCG00000011650,0.45893719823056095,1.464911679942442,1.3431856979991073,3.2670345761721102,-0.230510216921021
ENSSSCG00000011652,0.3158755015352766,0.45401393439133675,0.5386284527505865,1.3085178886771998,-0.1483404373170831
ENSSSCG00000011653,0.6692817298346132,0.46946280617924246,0.6168157697765291,1.7555603057903848,0.007597935987009523
ENSSSCG00000011662,0.5085245956696318,0.4825887649326351,0.4173069021359503,1.4084202627382172,-0.04822303286213794
ENSSSCG00000011672,0.20140833307752484,0.3566044683834076,0.4996487804178537,1.0576615818787862,-0.022341706077214588
ENSSSCG00000011675,0.4449871166340955,1.1052431117720463,1.1120667327283777,2.6622969611345195,-0.13152755499097477
ENSSSCG00000011676,0.3719268045092034,0.9102686073479824,1.096426565551264,2.37862197740845,0.0685213985858685
ENSSSCG00000011677,0.3705130542614342,0.37380910490572916,0.2141108807463791,0.9584330399135425,-0.10490619099952148
ENSSSCG00000011678,0.4174615971189416,0.8044561286506455,0.9988597383337062,2.220777464103293,-0.20161587278429013
ENSSSCG00000011679,0.7978357260238262,0.5558488585662476,0.4357944037881526,1.7894789883782263,-0.06845210123846206
ENSSSCG00000011683,0.5443372627435071,1.6437050645048616,1.2761292686443915,3.4641715958927604,-0.4502712946651139
ENSSSCG00000011684,0.587607396984647,0.6809338509999673,0.5034967446725434,1.7720379926571577,-0.050908863923420956
ENSSSCG00000011689,0.2951210990821796,1.3261325012447167,1.2171050100668432,2.8383586103937395,-0.297427077933047
ENSSSCG00000011692,0.23010902927922255,0.54181142998115,0.5392231587252706,1.311143617985643,-0.18550640867194743
ENSSSCG00000011695,0.11342785400319674,0.7951388980802866,0.780214663128954,1.6887814152124374,-0.08718595057512932
ENSSSCG00000011699,0.25666187341772956,0.2014050332088532,0.18974904162740305,0.6478159482539858,-0.14938692678499657
ENSSSCG00000011700,0.19441178747455998,0.3875714512516765,0.28862179896092877,0.8706050376871652,-0.10757041029635162
ENSSSCG00000011705,0.8116599668814296,0.9685630894065083,1.1994221069898676,2.979645163277805,0.08244959076200979
ENSSSCG00000011708,0.6645970885582054,0.6260728901787964,0.8571208307496828,2.147790809486685,-0.2284185798176175
ENSSSCG00000011710,0.47984801799392285,1.0182160822196136,1.184201792138545,2.6822658923520812,-0.011369074721696671
ENSSSCG00000011714,0.7591562378848877,0.9584125699731978,0.926368299007312,2.6439371068653976,-0.3129887878480919
ENSSSCG00000011717,0.49195215164763284,0.5603185355609273,0.7361335903478564,1.7884042775564164,-0.19797409603964433
ENSSSCG00000011720,0.3653929130146887,0.7038734345291489,0.3718432860282237,1.4411096335720612,-0.03196759460224067
ENSSSCG00000011723,0.1129334139985091,0.549867880068644,0.569330227881968,1.2321315219491211,0.10541755702607107
ENSSSCG00000011731,0.8654278499626458,0.31870889514359196,1.0354116365651391,2.219548381671377,-0.0576489861776877
ENSSSCG00000011732,0.7022108635114187,1.1221456079717709,1.3108552053488591,3.135211676832049,-0.24347327276901867
ENSSSCG00000011733,0.3323810635077846,0.49691186313304986,0.6558447108532147,1.485137637494049,-0.06508738153992273
ENSSSCG00000011739,1.100309938215721,0.9709037897267164,0.889529612550731,2.9607433404931687,0.0035206701115926995
ENSSSCG00000011741,0.5078137068277632,0.4849851560454709,0.5346294222381256,1.5274282851113596,-0.08882682531211757
ENSSSCG00000011745,0.4754332477691291,0.5102935529017245,0.23300041129075286,1.2187272119616064,-0.036132963957572435
ENSSSCG00000011746,0.7456021652833331,0.7279508282820568,0.2834987112447233,1.7570517048101133,0.026026600801990662
ENSSSCG00000011752,0.21406371840061886,0.8761713131930929,0.8470886113078241,1.9373236429015357,-0.25370290480279073
ENSSSCG00000011760,0.5289027826359646,1.6393106009341372,1.6424457910270784,3.81065917459718,-0.2568859354864446
ENSSSCG00000011762,0.2742483140658784,0.9210597478015252,0.9732968810692666,2.1686049429366703,0.02139783373403867
ENSSSCG00000011763,0.27330135824720475,1.1024195395079808,1.1426406353234984,2.518361533078684,0.0305466482807388
ENSSSCG00000011764,0.5925636288499673,1.5100922187602226,1.4921433972220817,3.594799244832272,0.08980173003046092
ENSSSCG00000011765,0.8990904446908332,0.5758155449893045,1.064315595678044,2.539221585358182,-0.37532041294291774
ENSSSCG00000011766,0.2909482116506422,1.4669086647157912,1.2210620927850306,2.978918969151464,-0.5676333408031803
ENSSSCG00000011767,0.5128575840992148,0.49174999235516687,0.7439954351425255,1.7486030115969071,-0.10365084685534179
ENSSSCG00000011768,0.37957006254402403,0.4964749966950362,0.48454220705117435,1.3605872662902345,-0.23965289521472943
ENSSSCG00000011769,0.39858990007126927,0.5040627260671309,0.8900869878489212,1.7927396139873213,-0.15877303331006046
ENSSSCG00000011770,0.8296625674649568,1.8343247288542734,1.4291481852512913,4.093135481570521,0.12038362346343884
ENSSSCG00000011772,0.4173933024223661,0.7833213056980942,0.5552077039729384,1.7559223120933987,-0.03158973703800508
ENSSSCG00000011775,0.8806679596212884,0.4860172554159088,1.2633318149180541,2.630017029955251,0.001559316436365607
ENSSSCG00000011776,0.2511432733427405,0.3236532972206989,0.4726595124006681,1.0474560829641075,-0.22520080101506226
ENSSSCG00000011782,0.29250773882301395,0.4743718260647627,0.21664237830597924,0.9835219431937559,0.03221224791792769
ENSSSCG00000011788,0.42258114765613713,0.5233719936360125,0.727287720174095,1.6732408614662446,-0.17730626501148913
ENSSSCG00000011791,0.1564104959025366,0.7420257507331863,0.8011721216105644,1.6996083682462872,-0.35646068015773924
ENSSSCG00000011793,0.22175361885937886,0.478445805472456,0.4157809970954445,1.1159804214272795,-0.018044248044964864
ENSSSCG00000011794,0.5317637051049484,0.4969628955422317,0.7581981888980013,1.7869247895451816,-0.10657861566595944
ENSSSCG00000011795,0.12303288824350046,0.43634961068645256,0.5299108336270624,1.0892933325570153,-0.018191815516760187
ENSSSCG00000011798,0.4872804794316866,0.48260172105868177,0.5607885331685727,1.5306707336589411,0.13885768892618763
ENSSSCG00000011799,0.08271913492450708,0.7095161468591771,0.7882566263690556,1.5804919081527398,-0.19132619712992294
ENSSSCG00000011802,0.2478652455297713,0.7970407532352148,0.9006972466976741,1.9456032454626604,-0.34536594510341573
ENSSSCG00000011803,1.0994539112257955,0.843420320893187,1.0269869321851564,2.969861164304139,0.06499773199659623
ENSSSCG00000011804,0.29678921670461444,0.593433885455775,0.6545959073688989,1.5448190095292884,-0.03565655867565165
ENSSSCG00000011811,0.22480329310887387,0.7630155637732108,0.8719371512148211,1.8597560080969058,0.07162145315703891
ENSSSCG00000011819,0.42633181496800554,1.7025611217959398,2.0248873477968496,4.153780284560795,-0.28306967695909757
ENSSSCG00000011822,0.2967661929597405,0.6469575946272297,0.885100094408523,1.8288238819954932,-0.11360927018250104
ENSSSCG00000011825,0.3853885064471916,1.113404542696264,1.3618935084612194,2.8606865576046747,-0.18318901032032567
ENSSSCG00000011827,1.2358901970376361,0.6207457919704749,0.7810273238455573,2.637663312853668,0.002224726669387779
ENSSSCG00000011833,0.5214974657933767,0.4727008095960313,0.5051232248921498,1.4993215002815579,-0.07493943741544608
ENSSSCG00000011837,0.21925734637515293,0.6439727146378972,0.7605931787389996,1.6238232397520496,-0.23176283443461607
ENSSSCG00000011841,0.6989272417734896,0.7729253005347848,1.0553238762654358,2.5271764185737102,-0.11112229082022616
ENSSSCG00000011843,0.41802121683504756,0.9772222467280408,0.891218828355604,2.286462291918692,-0.08665373818023585
ENSSSCG00000011845,0.9775977818338817,0.3719111420937858,0.7677324979588297,2.117241421886497,-0.10157588589441471
ENSSSCG00000011846,0.7156368026183835,2.177257627919652,1.8360722556925473,4.728966686230583,0.04593498008322268
ENSSSCG00000011848,0.42261121991841877,1.5720981739623123,1.4167747836174835,3.4114841774982145,-0.11540592057905955
ENSSSCG00000011853,0.319906930844059,0.7758952120316644,0.7892381594615765,1.8850403023373,-0.07957432979594786
ENSSSCG00000011854,0.4849381549707791,0.49763064263498274,0.3003922968080658,1.2829610944138277,-0.11507868874613067
ENSSSCG00000011855,0.12519900322519223,0.6591927481673021,0.5644729149666234,1.3488646663591177,-0.24822744837308708
ENSSSCG00000011858,0.6846652532572495,0.46048092707910526,0.4854794458197907,1.6306256261561454,-0.022011036840429214
ENSSSCG00000011860,0.22575675214778848,0.5468348488418553,0.7536215497513082,1.526213150740952,-0.25954867374829677
ENSSSCG00000011864,0.30334847684103994,0.8589819856330714,0.8037750065957411,1.9661054690698525,0.005519599272292293
ENSSSCG00000011867,0.2794228267727327,0.5057678495540592,0.6801783611146647,1.4653690374414565,-0.22636578607531913
ENSSSCG00000011870,0.3687802558524137,0.8383057520501891,0.9268793053978259,2.133965313300429,-0.06060973158265537
ENSSSCG00000011873,0.6027172049285227,0.6821789913539853,0.718521301477578,2.003417497760086,-0.27791326177152914
ENSSSCG00000011874,0.5371078638593328,0.55261835533515,0.49105265508962415,1.580778874284107,-0.37085383781973946
ENSSSCG00000011875,0.3413114558788827,0.8232605208130434,0.6470569145056032,1.8116288911975293,-0.2690631387150097
ENSSSCG00000011877,0.22179491686424202,0.5988550653269853,0.7043531375952178,1.525003119786445,-0.006344007655740254
ENSSSCG00000011881,0.3239634604069728,0.3881256315631704,0.4027202289943899,1.1148093209645331,-0.3928532385012655
ENSSSCG00000011882,0.5693153776376039,1.1782787781246116,1.0640392040396374,2.811633359801853,0.023866348822172194
ENSSSCG00000011889,0.33035939890140226,0.8064635430442548,0.5613002270667496,1.6981231690124066,-0.05445714343879124
ENSSSCG00000011890,0.08151093953145315,0.46428201549255815,0.5001426806156269,1.0459356356396383,-0.033625760141554495
ENSSSCG00000011892,0.09648657117990636,0.4807866859615452,0.5525654291780763,1.1298386863195278,-0.12393980086085181
ENSSSCG00000011893,0.1851932837223895,1.5103880634406917,1.5730732241251706,3.268654571288252,0.15676902505812007
ENSSSCG00000011901,0.7587344879949621,0.4549888019095061,0.4525988446182532,1.6663221345227215,-0.17715634649986298
ENSSSCG00000011906,0.25741327218789495,0.7748132133128253,1.0190708223917706,2.051297307892491,-0.20150330853478823
ENSSSCG00000011912,0.36679032850592574,1.1537339171976797,1.1809525499862688,2.7014767956898744,-0.11088564501149697
ENSSSCG00000011913,0.2798189989613574,0.662821915360702,0.6130786927476255,1.555719607069685,-0.17490576025604218
ENSSSCG00000011914,0.18862620450638506,0.24840092886446968,0.2888343787083582,0.7258615120792129,0.0015260061695710207
ENSSSCG00000011915,0.2645965180915318,0.3969800282667985,0.4512849342807644,1.1128614806390946,-0.027566673927442636
ENSSSCG00000011916,0.3303851115629677,0.7343577374057607,0.8664838061988693,1.9312266551675978,-0.007186754697510171
ENSSSCG00000011917,0.5322143612767252,1.274576318267558,1.744784985873131,3.551575665417414,-0.07642823587821103
ENSSSCG00000011918,0.25897565381099075,0.32089797578033663,0.35034338100801243,0.9302170105993398,-0.10315118017725677
ENSSSCG00000011923,0.8456872174038148,1.2205431597835146,1.2084932359576157,3.2747236131449453,-0.07807417083774557
ENSSSCG00000011929,0.35325207884663967,0.32470247633222726,0.2860470349736063,0.9640015901524732,-0.1258955681277816
ENSSSCG00000011930,0.444462267462451,0.8411086130884298,0.7499780329652698,2.0355489135161506,0.09122433335137783
ENSSSCG00000011933,0.7191596847624955,0.2943983494397248,0.5320523878421375,1.5456104220443578,-0.13707403031583185
ENSSSCG00000011937,0.24323054156136276,0.6549863175439896,0.6072654064338666,1.5054822655392188,-0.09416740509712111
ENSSSCG00000011940,0.5927521146048574,1.2117821763334977,0.8568238680660454,2.6613581590044006,-0.30321831541784783
ENSSSCG00000011941,0.3302626064545676,0.4665960673134906,0.5047448913279522,1.3016035650960105,-0.11769284544235245
ENSSSCG00000011942,0.2957664280483539,0.7205814411961621,0.7368226792103286,1.7531705484548445,0.03697746079237115
ENSSSCG00000011943,0.5216392051863977,0.6646633938334454,1.0928275301930592,2.279130129212902,-0.04765802897169126
ENSSSCG00000011946,0.09506956795113439,0.11765157387457732,0.13921063785827567,0.35193177968398737,-0.15251727581255145
ENSSSCG00000011949,0.6197426524015597,0.4001461392351937,0.841094136736033,1.8609829283727863,-0.13074504683439192
ENSSSCG00000011950,0.3320569633011599,0.8518521477494251,0.8667508954761951,2.05066000652678,-0.30258592772241366
ENSSSCG00000011952,0.7457333620775012,1.5901820577153987,1.626699520169761,3.962614939962661,0.16334781675252508
ENSSSCG00000011953,0.7877755334664659,0.502583842544578,0.5193095374095851,1.809668913420629,-0.1142754217980491
ENSSSCG00000011956,0.27858366476726043,1.2917555020406455,1.068863035202717,2.639202202010623,0.04695717248906562
ENSSSCG00000011959,0.7872823855295095,0.4872382482555569,0.8133905616529532,2.0879111954380196,-0.1195743843821519
ENSSSCG00000011961,0.6641834201310312,0.37330775891451445,0.8968357797688095,1.934326958814355,-0.05872013451466113
ENSSSCG00000011962,0.46229932935820034,0.7927545986414143,0.8534993114820085,2.108553239481623,-0.2810911024222519
ENSSSCG00000011963,0.3497810793295142,1.0205744669914232,1.3034927098310423,2.6738482561519796,-0.03311657653199675
ENSSSCG00000011965,0.22320847783600278,0.7552842974766061,0.9407856099802813,1.9192783852928903,-0.36624061763107596
ENSSSCG00000011968,0.33303331910801937,0.33891358420893025,0.4355928922167364,1.107539795533686,-0.06620144291263136
ENSSSCG00000011970,0.5879207612937619,0.6538988173269918,0.5177217370871595,1.7595413157079132,0.13926662894690117
ENSSSCG00000011972,0.1659685171379003,0.29888210904611984,0.31365397994247046,0.7785046061264906,0.012501790269318074
ENSSSCG00000011977,0.3431499516386216,0.8764824644162791,1.038532701966838,2.2581651180217386,-0.31036516033031913
ENSSSCG00000011980,0.37456441898490567,0.46010469265475273,0.3972920792581984,1.2319611908978567,-0.11974823381192679
ENSSSCG00000011997,0.5417038385292346,0.6904980368926869,0.9326023449681079,2.1648042203900295,-0.12637696348596492
ENSSSCG00000012000,0.6864191736715743,0.5012908199011621,0.6714344971107252,1.8591444906834615,-0.14103955623739292
ENSSSCG00000012001,0.28545353463530454,0.6365204607661952,0.8850827536445914,1.8070567490460911,-0.282622643947561
ENSSSCG00000012006,0.15817897121066102,0.7110454319941057,0.6554640717464586,1.5246884749512253,-0.293099692117347
ENSSSCG00000012014,0.37383719579850466,0.6571340168975945,0.4642685254724616,1.495239738168561,-0.005835970054528397
ENSSSCG00000012018,0.2916935563208349,1.591573384527346,1.7176619425929258,3.6009288834411066,-0.5295867033373084
ENSSSCG00000012019,0.31507810982894147,1.1416965445158374,1.302303113569282,2.759077767914061,-0.4051178594789508
ENSSSCG00000012021,0.1774452447518417,1.2592064580028102,1.2285168575034375,2.6651685602580892,0.1855159182974737
ENSSSCG00000012027,0.39817399144507326,0.7822455792567929,0.9944076758769467,2.174827246578813,-0.11739988442751124
ENSSSCG00000012029,0.4329388242939508,0.44736368955666644,0.22372732593481146,1.1040298397854287,-0.06201548899264126
ENSSSCG00000012030,0.4088829478431125,0.6149021451994572,0.45967208760711525,1.483457180649685,0.12544303251341668
ENSSSCG00000012034,0.4940034066939981,0.26206628838956786,0.5569610801532047,1.3130307752367707,-0.35990311227272376
ENSSSCG00000012035,0.30160092767198754,0.5018780277041542,0.6983365512755894,1.5018155066517311,-0.11227884959952755
ENSSSCG00000012037,0.9638516260481017,0.8990043795540419,1.1610499272840746,3.023905932886218,-0.1377696184728848
ENSSSCG00000012042,0.4096318588397124,2.095469618774768,1.8201005616181407,4.325202039232621,0.16871677691090733
ENSSSCG00000012046,0.12534314282346573,1.5271418147201161,1.5743348453743846,3.2268198029179667,-0.03646004003478991
ENSSSCG00000012050,0.682731663838392,1.3344130012313047,1.246452451093602,3.2635971161632984,-0.35171720780194926
ENSSSCG00000012053,0.30544519958401267,0.3785475917012242,0.5731804371388816,1.2571732284241184,-0.2352439594315768
ENSSSCG00000012054,0.21363203891732518,0.344307932752632,0.5057741144872144,1.0637140861571717,-0.2458441830624274
ENSSSCG00000012055,0.4834025398053379,0.8257591065373879,0.5191348306694332,1.828296477012159,-0.34847602420851365
ENSSSCG00000012056,0.6921404047991775,0.782269754361348,1.1154033771568097,2.589813536317335,-0.10308979100274238
ENSSSCG00000012059,0.7717828284198512,0.7507111567579968,0.951292485522644,2.473786470700492,-0.043207041247496
ENSSSCG00000012062,0.4641735954760067,0.8339178755459661,0.9407390904325544,2.2388305614545274,-0.22455910091513925
ENSSSCG00000012063,0.17693492908824615,0.505586506852788,0.6604793995856337,1.3430008355266678,-0.11001828483995532
ENSSSCG00000012074,0.327015229839431,0.771704255982953,0.6033954076740274,1.7021148934964114,-0.1961538025247259
ENSSSCG00000012077,0.25812693888013766,0.501951678247232,0.5836445257138856,1.3437231428412553,-0.3282576236761222
ENSSSCG00000012087,0.1958825449134291,0.3968802563496796,0.424828430156016,1.0175912314191247,-0.07624752955359393
ENSSSCG00000012100,0.09918385286405193,1.1367116927664707,1.0993722093070362,2.3352677549375587,-0.40517888283673786
ENSSSCG00000012108,0.08221400429752104,0.34888712618003803,0.31259853594808945,0.7436996664256486,0.10070103600365253
ENSSSCG00000012110,1.1369081426633572,0.8919304409209938,0.6602776801915146,2.6891162637758654,-0.37799861509226174
ENSSSCG00000012111,0.8425489809291747,1.165409234511433,0.8619923054766595,2.8699505209172673,-0.001473312761637486
ENSSSCG00000012114,0.6496484986378468,0.7629751226847187,1.2111898343447265,2.6238134556672916,-0.17607425233600188
ENSSSCG00000012117,0.13228508478065923,1.6880603409779957,1.573699588443679,3.3940450142023337,-0.26792773728185393
ENSSSCG00000012118,0.16380171535920257,0.9292047401259628,0.8134088597461926,1.9064153152313579,-0.26720363720181955
ENSSSCG00000012119,0.6090839204282911,1.6493249817134126,1.1579159016150948,3.4163248037567984,0.01252925923172483
ENSSSCG00000012121,0.21980493467587967,0.644838808077153,0.6092548613812501,1.4738986041342828,-0.2400188991971305
ENSSSCG00000012123,0.18257736104545602,0.601867562603086,0.48524464368000964,1.2696895673285518,-0.08464864373902631
ENSSSCG00000012125,1.0285325128965357,0.7834512806960194,0.8542379328869348,2.66622172647949,-0.23726094902556266
ENSSSCG00000012126,0.41389191311796464,0.5672634912448161,0.4429383002370154,1.4240937045997963,-0.3726725542289316
ENSSSCG00000012130,0.6906443012024515,0.6261342406347513,1.1328731419023397,2.4496516837395426,-0.24735622515400466
ENSSSCG00000012131,0.5676087728168591,1.654061021381092,1.689156118580705,3.910825912778656,-0.3081593578106824
ENSSSCG00000012133,0.7953222064092632,1.0381017377513693,0.9267591545112228,2.760183098671855,-0.21952459913922628
ENSSSCG00000012134,0.718380569112163,0.6261535046885165,1.1050001529356706,2.44953422673635,-0.08609998245247534
ENSSSCG00000012148,0.1887849243922557,1.349130430002815,1.516274091791656,3.0541894461867267,-0.1697923357515746
ENSSSCG00000012149,0.5376966765606888,0.4002021511556465,0.7884794913310481,1.7263783190473834,-0.1481938052803681
ENSSSCG00000012150,0.4722795457699957,0.9345423292302726,0.730810151570269,2.1376320265705373,0.02757390377776364
ENSSSCG00000012152,0.37132084391591574,0.6065493117814523,0.6023257924749834,1.5801959481723515,-0.23486441838644875
ENSSSCG00000012155,0.33388645010276186,0.4595212311937496,0.5508614309813832,1.3442691122778947,-0.35636641378821926
ENSSSCG00000012156,0.5474061053699791,0.8706344994751618,0.5798096966694307,1.9978503015145717,-0.40944489032947623
ENSSSCG00000012157,0.17241894680956843,0.39513365316835836,0.510499314485891,1.0780519144638179,-0.22339156267642243
ENSSSCG00000012160,0.2814668160698309,0.9285204793174217,0.7760956955584817,1.9860829909457343,-0.4020621927800667
ENSSSCG00000012161,0.08855893279171995,1.1889359206201129,1.1448678799292649,2.4223627333410978,-0.3799169488659382
ENSSSCG00000012163,0.9731699488769915,0.7371791202044929,0.5708365232946547,2.281185592376139,-0.23294107841493578
ENSSSCG00000012164,0.18049864210804417,0.40092242515068255,0.4657111608763495,1.0471322281350763,-0.0954238872613429
ENSSSCG00000012165,0.3282956589061271,0.4197562568105404,0.44232623104450924,1.1903781467611767,-0.17808885997885962
ENSSSCG00000012166,0.6886697907070198,0.96131868019297,0.6629126919542935,2.312901162854283,-0.13899594524153294
ENSSSCG00000012167,0.927816089573121,0.5649544560759457,0.9801208891795793,2.472891434828646,-0.292234454873305
ENSSSCG00000012171,0.883289914033899,1.0923326051003581,1.180681787561695,3.156304306695952,0.12748344850039128
ENSSSCG00000012172,0.9783021044938868,0.9768796693379721,0.3384544984682739,2.293636272300133,0.10524267833107079
ENSSSCG00000012173,0.5241523906421102,1.9244331594089217,1.707029550189399,4.155615100240431,-0.03636981268893457
ENSSSCG00000012174,0.23634693107311305,0.946535551725611,0.8738294430437032,2.0567119258424276,0.09596773016359433
ENSSSCG00000012181,0.1341418279541787,0.5061000206508083,0.5137589965309065,1.1540008451358936,-0.14544097110947363
ENSSSCG00000012182,0.19518672786562657,0.6503295364753378,0.8113913536062,1.6569076179471645,-0.21002675130322343
ENSSSCG00000012192,0.49967980696085496,0.5317814272414403,0.361561905243725,1.3930231394460204,-0.2219330407580319
ENSSSCG00000012198,0.5564385319556294,1.0606534926748459,0.5900022924126883,2.207094317043164,-0.2707319246734207
ENSSSCG00000012202,0.2715216240241064,1.4749158405709828,1.5946259916826264,3.3410634562777157,0.030796035656811736
ENSSSCG00000012203,0.16634354411931945,0.38949431383810357,0.45088608599141794,1.006723943948841,-0.20780948946280758
ENSSSCG00000012233,0.41339583888945797,0.7760832160348199,0.7406180025281848,1.9300970574524627,-0.29676719470230756
ENSSSCG00000012234,0.5603766345342286,0.24407986668740916,0.40639157438145684,1.2108480756030946,-0.5949719288031426
ENSSSCG00000012235,0.2285100251872148,0.5055591889488753,0.5958787350244942,1.3299479491605841,-0.27892228144171494
ENSSSCG00000012247,0.4860834400624117,0.6047405797665077,0.9225895320869588,2.0134135519158782,-0.02561788336119188
ENSSSCG00000012250,0.6396582251332005,0.8679207232983772,0.5914830426592949,2.0990619910908728,-0.3449904630337872
ENSSSCG00000012251,0.602112726318225,0.6876335839321177,0.6601531760174761,1.949899486267819,-0.21031216555952983
ENSSSCG00000012252,0.6739259093826838,0.5611741265516902,0.7471704377252746,1.9822704736596486,-0.09695421943447217
ENSSSCG00000012253,0.3714404772067059,0.6296199848357906,0.9208548938548197,1.9219153558973163,-0.17611529571292905
ENSSSCG00000012258,0.42643863421277745,0.8909552091756174,0.7108535754543728,2.028247418842768,-0.009295237444269173
ENSSSCG00000012262,0.30238488094085014,0.6433354248980323,0.4997880610906054,1.445508366929488,-0.09268968552319395
ENSSSCG00000012264,0.1997749667765569,0.36992558593625297,0.5151229769590091,1.084823529671819,-0.08035395670895203
ENSSSCG00000012265,0.5402977849438186,0.8178062935778169,0.7074813694242024,2.0655854479458378,-0.28663635944868865
ENSSSCG00000012266,0.4605227201609545,0.6462228562373077,0.3781276076142871,1.484873184012549,-0.29287722663562443
ENSSSCG00000012267,0.7512295420550027,0.8482965035909877,0.6733107943686721,2.2728368400146626,-0.2243634207316415
ENSSSCG00000012269,0.591463539893281,0.7151438438597212,0.6146357445814911,1.9212431283344933,-0.05873465179893132
ENSSSCG00000012270,0.07100349029170962,1.159780445542069,1.192512998738282,2.4232969345720607,-0.009006792835151675
ENSSSCG00000012271,0.10051855071637662,1.1656585652503677,1.1860260396613072,2.4522031556280517,0.08908755062560718
ENSSSCG00000012275,0.1968076150764222,0.785604468294856,0.7134548831835601,1.6958669665548383,0.1230717897680157
ENSSSCG00000012276,0.1985802456909989,0.4222897187610123,0.47419003326127745,1.0950599977132887,0.05627928649380859
ENSSSCG00000012280,0.7924261052867302,0.9579766236435313,0.698805565108519,2.4492082940387805,0.10134038400840589
ENSSSCG00000012283,0.11741579810995825,0.9653485416703037,0.915445171122574,1.998209510902836,-0.21105217064912146
ENSSSCG00000012284,0.1366607539791959,0.7749941586416343,0.7388081848462006,1.6504630974670307,-0.17917198967294082
ENSSSCG00000012287,0.13540984511510334,0.7706022517936674,0.7488275906858881,1.654839687594659,-0.24440930470183778
ENSSSCG00000012288,0.11222407803271382,0.5216454521344636,0.5083895626674098,1.1422590928345873,-0.16721198062928205
ENSSSCG00000012290,0.1448817140332119,1.231518449731982,1.1212488320104401,2.4976489957756343,0.017329170674615736
ENSSSCG00000012291,0.1613212974131604,0.3566664685095225,0.3893718513689223,0.9073596172916052,0.07894030196298235
ENSSSCG00000012293,0.944595478177687,0.8729223896855527,0.7598209184849731,2.5773387863482125,0.03659275563241306
ENSSSCG00000012294,1.2204356173420576,1.2735848601371178,1.0624043777467131,3.556424855225888,0.09487656670823184
ENSSSCG00000012305,0.6392551887659784,0.7936308358956187,0.8889542807997904,2.3218403054613876,-0.2966357245772485
ENSSSCG00000012307,0.39727964768854696,0.7161107439463855,0.7705727081953105,1.8839630998302428,-0.20684694406299492
ENSSSCG00000012308,0.39075410127669924,0.6639170124634005,0.6656774641136728,1.7203485778537724,-0.30222174551672193
ENSSSCG00000012309,0.16194207038212882,0.5664332092685971,0.713862853559415,1.4422381332101408,-0.13044316132501033
ENSSSCG00000012310,0.5805898971033222,1.0609910142441443,1.5577176523497875,3.199298563697254,-0.6246195829400153
ENSSSCG00000012314,0.3386362597971593,0.12754707298107928,0.32456863951516784,0.7907519722934064,0.022519497087056087
ENSSSCG00000012315,0.31129703251518637,0.5712820271318481,0.5197316335631575,1.4023106932101919,-0.20673936061721543
ENSSSCG00000012322,0.4629848668748176,0.6118970068371598,0.5304426645733273,1.6053245382853047,0.04255954476260629
ENSSSCG00000012323,0.060044714811630866,0.5117063468451793,0.5518615903785784,1.1236126520353886,-0.12302836017081648
ENSSSCG00000012325,0.5918037644686891,1.6461324016343835,1.3954275280331143,3.633363694136187,0.06080078979574689
ENSSSCG00000012326,0.11699091441084701,1.368341023873511,1.3703405180295396,2.8556724563138975,0.17869870494165838
ENSSSCG00000012328,0.7379548813776605,0.6526428839599788,0.8205593819583398,2.211157147295979,0.022959206398812642
ENSSSCG00000012329,0.11829753296571692,0.5872310108994596,0.5044644977701774,1.209993041635354,-0.18243059976966897
ENSSSCG00000012332,0.20186201233711737,0.8928580319397,1.021493744704857,2.116213788981675,-0.2988857746268646
ENSSSCG00000012334,0.49020880306071957,1.2383658352049458,0.9516916244051591,2.6802662626708242,-0.03873463580393602
ENSSSCG00000012335,0.23739020456268847,1.0311137832688406,0.8811258906347661,2.1496298784662953,-0.12743397232429626
ENSSSCG00000012336,0.2979877327032477,0.8271131799012175,0.6480024728991335,1.7731033855035987,0.1474058041322989
ENSSSCG00000012348,0.7426005665542251,0.4681460657745543,0.9529822188791834,2.1637288512079627,-0.214321649174053
ENSSSCG00000012366,0.5254718686788414,1.1427340690883518,0.8388057848268826,2.5070117225940756,0.04437931390402166
ENSSSCG00000012377,0.644728389290908,0.6650420810892081,0.7165629392164041,2.0263334095965204,-0.1315732659456835
ENSSSCG00000012378,0.47928494795815113,0.8062617317868118,1.0220812148743383,2.3076278946193014,0.11850380057478446
ENSSSCG00000012382,0.6960802889150804,1.0914274463438671,1.6775458106615757,3.465053545920523,-0.08454090159425565
ENSSSCG00000012396,0.20264018586062654,0.5901031500895342,0.4012339706469699,1.1939773065971306,-0.03956523776212117
ENSSSCG00000012397,0.5421322736928859,0.46243327454462385,0.8465179975090612,1.851083545746571,-0.019842114343381484
ENSSSCG00000012400,0.6409422192045329,0.5838536020074584,0.5773618541027359,1.802157675314727,-0.15388633456919165
ENSSSCG00000012403,1.0045049813101183,0.5955672144849555,0.8991033055016929,2.499175501296767,-0.05371964078241955
ENSSSCG00000012405,0.5047620437765583,1.7716375134900404,1.7763556680523538,4.052755225318952,0.11928025867683911
ENSSSCG00000012416,0.2714621686433108,0.46021179020782776,0.5065955927620795,1.238269551613218,-0.2475297425504785
ENSSSCG00000012424,0.5892665984203711,0.5021932992806823,0.8688420038918823,1.9603019015929357,-0.03762440951737285
ENSSSCG00000012425,0.3844769951400944,0.25273595086922734,0.23868132401878867,0.8758942700281105,0.004634072093530379
ENSSSCG00000012427,0.13327718530288707,1.7282073537034575,1.67153106785643,3.5330156068627745,0.252217776928163
ENSSSCG00000012434,1.0148313086613998,0.8909217725495152,0.7231386346433903,2.6288917158543055,-0.1092101605629483
ENSSSCG00000012435,0.3815111228245327,1.0327503213323344,0.8297368452616126,2.24399828941848,0.002068734881381281
ENSSSCG00000012437,0.3784840816327477,0.7091317752088243,0.5471867989099437,1.6348026557515156,0.05673023811503059
ENSSSCG00000012440,0.5818157244857171,0.9740322067470983,0.8874976058470295,2.443345537079845,0.12078397436956595
ENSSSCG00000012452,0.42143775752332724,1.2348420115249517,1.0450347344018958,2.701314503450175,-0.19833241183089315
ENSSSCG00000012459,0.2594177963832179,0.5924029242058174,0.4141167912034518,1.2659375117924871,0.03003928125948536
ENSSSCG00000012463,0.3085592853557739,0.504664281106355,0.35660044338733815,1.169824009849467,-0.22155194557182464
ENSSSCG00000012474,0.4168550269226795,0.4566182260774229,0.5683431811942988,1.441816434194401,-0.3435158598980544
ENSSSCG00000012484,0.635255854446483,0.6467025793603647,0.06558760150374822,1.347546035310596,-0.38200643917818605
ENSSSCG00000012486,0.15369036103283532,0.7556498785877619,0.7895147358473787,1.698854975467976,0.05198088938064844
ENSSSCG00000012491,1.0262895320219454,0.6071162533141703,0.9707214238025257,2.6041272091386416,-0.1836668216328903
ENSSSCG00000012504,0.5896027668536241,0.7123860845552379,0.859053544385097,2.161042395793959,-0.20164482598295344
ENSSSCG00000012517,0.227455999597976,0.9951411948640521,1.027032016648553,2.249629211110581,-0.21657388803140468
ENSSSCG00000012518,0.18857526177696762,0.45236543549091285,0.3981711350308586,1.0391118322987392,-0.21426764265331463
ENSSSCG00000012520,0.6154027933571888,0.5502627232391576,1.1407898841987776,2.306455400795124,-0.324598173030149
ENSSSCG00000012521,0.3265201277265094,0.4130996700298172,0.6034918181189675,1.343111615875294,-0.2969149463017805
ENSSSCG00000012523,0.1863181476370227,1.1716882035064913,1.129759791553287,2.4877661426968007,-0.0658252624613599
ENSSSCG00000012528,0.506524746746775,0.8018899841858536,0.416639490037335,1.7250542209699637,-0.1252249194430236
ENSSSCG00000012534,0.4404211557952499,0.5085742768586542,0.7744605293595156,1.7234559620134196,-0.07054933917021165
ENSSSCG00000012542,0.2598636060883249,0.6826289713184188,0.4963425979987465,1.4388351754054902,-0.22654809523200028
ENSSSCG00000012545,0.2660297341928048,0.46631956660077123,0.5057509611335065,1.2381002619270824,-0.07731882317237043
ENSSSCG00000012551,0.4503807306859787,0.5386580342370961,0.8076751152535904,1.7967138801766653,-0.10096225607453846
ENSSSCG00000012556,0.20124499131291984,0.8819873136654738,1.023087129979127,2.1063194349575207,-0.17561062972531796
ENSSSCG00000012560,0.6342265798023428,0.8068162552465428,0.40612889729815127,1.8471717323470367,-0.160454025743931
ENSSSCG00000012569,0.2894756274471988,1.3979311873379705,1.2524754377810805,2.9398822525662496,-0.4106857176370646
ENSSSCG00000012571,0.11079087756757412,1.0181017322620947,0.9947551143771074,2.1236477242067764,-0.3743978519184462
ENSSSCG00000012572,0.11832762244149014,0.6368436733829916,0.6529716829172535,1.4081429787417354,-0.06016869315248401
ENSSSCG00000012581,1.2574348960089943,0.6313257456064262,0.8648710648699148,2.753631706485335,-0.17344001801197184
ENSSSCG00000012583,0.5520159636405633,0.6073632804618987,1.0005468102308255,2.1599260543332877,-0.22969440650767567
ENSSSCG00000012586,0.515775764887056,0.5772083000443843,0.495771547231101,1.5887556121625412,-0.1430760710338781
ENSSSCG00000012590,0.09367293701641395,0.8402926421578008,0.9312856232571171,1.865251202431332,-0.3441943489928648
ENSSSCG00000012591,0.29368904367051546,0.6223027103984147,0.7202975818304214,1.6362893358993515,-0.13328990920962022
ENSSSCG00000012597,0.43196391752005486,0.486042116276647,0.44828931101370917,1.366295344810411,-0.3779885307812678
ENSSSCG00000012602,0.6156742463307726,0.49442585645552106,0.3380188173528818,1.4481189201391755,0.03664515284282661
ENSSSCG00000012604,0.25513100643584785,1.0941896281382117,0.9556992673824303,2.3050199019564896,0.18126475882010284
ENSSSCG00000012607,0.7729857065561054,0.6448138239214648,1.1220468526875653,2.539846383165136,-0.5020713054411532
ENSSSCG00000012608,0.6117584712594373,1.9215785598972708,2.1864038780811867,4.719740909237895,-0.3911255099180266
ENSSSCG00000012613,0.6020465868557855,0.5501506343340131,0.4845437608846258,1.6367409820744245,-0.12234766830370875
ENSSSCG00000012617,0.46497284300188263,0.6014425979813568,0.6158291187148732,1.6822445596981126,-0.05644090047748577
ENSSSCG00000012621,0.3119658709021657,0.7284023345953612,0.5218929800792916,1.5622611855768187,-0.02226343401646443
ENSSSCG00000012622,1.1781036043453599,0.5324083357295037,0.6907023653154584,2.401214305390322,-0.1067135685515201
ENSSSCG00000012623,0.4382053997818448,1.8435320648031788,1.487407057137209,3.7691445217222324,0.09729709165568533
ENSSSCG00000012625,0.6221900221030229,0.6175145437623135,0.45478673131393893,1.6944912971792754,0.22651143416601857
ENSSSCG00000012627,0.3112924931777792,0.5220181587326175,0.692542445918752,1.5258530978291487,-0.38451457031572833
ENSSSCG00000012633,0.8083999026764771,0.35830441052855616,0.5623072996058384,1.7290116128108717,-0.289921068797254
ENSSSCG00000012634,0.14191937480719605,0.4467903445492707,0.44155513818210684,1.0302648575385736,-0.07698457464609781
ENSSSCG00000012639,0.9333135268338216,0.7873392297534951,1.14309599340865,2.863748749995967,-0.00832819703474005
ENSSSCG00000012642,1.3023583814480082,0.21539823062581293,1.3838895514508254,2.9016461635246467,-0.03919941494763162
ENSSSCG00000012649,0.29291639810484327,0.6440560097635469,0.5630998515557049,1.500072259424095,-0.059048141604040816
ENSSSCG00000012650,0.5153515606348418,0.3260008114366453,0.6750889781524014,1.5164413502238885,-0.24599802529259643
ENSSSCG00000012654,0.5843872889309594,1.2424459918301636,1.260595050617922,3.087428331379045,-0.10180182261413291
ENSSSCG00000012655,0.4631008245434878,0.5686983681946266,0.6719412863713127,1.703740479109427,-0.27600797177102976
ENSSSCG00000012657,0.26349921520461067,0.773653208843681,0.9016138932081973,1.9387663172564888,0.14092004119647158
ENSSSCG00000012659,0.9005262581298626,1.1527203957633614,0.3469626836238923,2.4002093375171163,-0.08786295113776646
ENSSSCG00000012663,0.3337560529929226,0.5396898536215609,0.5432747442144156,1.416720650828899,-0.13302037577653705
ENSSSCG00000012676,0.35180117343404377,0.47257398178615706,0.7143237482545535,1.5386989034747542,-0.33382889493011353
ENSSSCG00000012679,0.22749429945664398,0.7257602454539505,0.6996190004844315,1.652873545395026,-0.28300081553927914
ENSSSCG00000012680,0.2910526982176118,0.9445281017508288,0.748497775980431,1.9840785759488715,-0.19148695800332494
ENSSSCG00000012685,0.5972316235820342,0.3993637089887305,0.23190838807255376,1.2285037206433185,-0.21760333154509567
ENSSSCG00000012686,0.43229496676012685,1.260475020669044,1.1256471389472142,2.818417126376385,-0.1899103657885818
ENSSSCG00000012689,0.1050405789254659,0.4614046135399432,0.41209617056124664,0.9785413630266557,-0.1373477820359709
ENSSSCG00000012691,0.8681644910813445,0.5296285538371547,1.3951778096745004,2.7929708545929994,-0.26640277821131364
ENSSSCG00000012693,0.25014959711596485,0.5258069417064318,0.5972859572160102,1.3732424960384069,-0.0012192801535787466
ENSSSCG00000012695,0.40897740842054897,0.9324128814921755,0.5388466890887277,1.8802369790014524,-0.09548955616954996
ENSSSCG00000012698,0.41521002951059305,0.37728959298970954,0.11249214254543527,0.9049917650457379,-0.3000327347541336
ENSSSCG00000012699,0.5339050612065114,0.5511167900703522,0.7120654262274957,1.7970872775043591,-0.33261108100436393
ENSSSCG00000012700,0.24583860208290684,1.1151788406795637,1.208837309131677,2.5698547518941477,-0.4762663223719875
ENSSSCG00000012703,0.9788113594960173,1.010273550603192,0.9920599911846528,2.9811449012838622,0.11782229019125155
ENSSSCG00000012705,0.2746317686751826,0.5138782000173483,0.5967011724145069,1.3852111411070378,-0.04424625841746233
ENSSSCG00000012712,0.35803056378122355,0.8007971737504219,0.704007250215685,1.8628349877473305,-0.24191624182430654
ENSSSCG00000012713,0.7931664617754031,0.5588641997450989,0.5642835990161685,1.9163142605366705,-0.19065136474030459
ENSSSCG00000012727,0.08108130734163586,0.23746360262308092,0.2995793064901117,0.6181242164548285,-0.2131394246351674
ENSSSCG00000012730,0.34656450590171406,0.6388567153037092,0.6134650427951293,1.5988862640005526,-0.21019761881571902
ENSSSCG00000012731,0.19117461998202137,0.6718281587939884,0.7940112191777913,1.657013997953801,-0.2938162597002134
ENSSSCG00000012739,0.08291756648986191,0.3899024812949892,0.4589425356738743,0.9317625834587254,-0.10156838048723792
ENSSSCG00000012742,0.5119164708302016,0.1841677214680902,0.6682497372485716,1.3643339295468635,-0.2467776176659881
ENSSSCG00000012743,0.15145146304653048,0.9661572090236282,0.8636556269810922,1.981264299051251,-0.15872457064425757
ENSSSCG00000012744,0.14262146131028292,1.2238669257638997,1.1680512621585337,2.534539649232716,-0.08861055648838305
ENSSSCG00000012746,0.29786199394247825,0.6390438148706973,0.656797418282609,1.5937032270957845,-0.0007255726203426378
ENSSSCG00000012757,0.9000996105189233,0.4213507920950906,0.5445846266424762,1.8660350292564902,-0.17108652343178915
ENSSSCG00000012758,0.20482964711047266,0.916868541024405,1.065778602327893,2.1874767904627705,0.058923014446510845
ENSSSCG00000012771,1.3820919508612726,1.7310251518328266,1.5265366174406088,4.639653720134708,0.07679204530354125
ENSSSCG00000012772,0.1349442870513934,1.5784868504213185,1.451679071666248,3.16511020913896,0.16708876028361047
ENSSSCG00000012784,0.49088071929653404,1.1939645838222275,1.4351292028761096,3.119974505994871,0.15568370146527236
ENSSSCG00000012793,0.15204747521875037,1.2775971274905242,1.3242944803308079,2.7539390830400823,-0.16936826942069003
ENSSSCG00000012811,0.5512549574605631,1.2091961809444647,1.2977736062361946,3.0582247446412225,0.08457067743941392
ENSSSCG00000012813,0.10172810733287452,0.5006451047705752,0.5200646337587412,1.122437845862191,0.0478697533837241
ENSSSCG00000012816,0.22527120853622126,0.89739178043159,0.8576742269264591,1.9803372158942705,-0.2980219461726388
ENSSSCG00000012822,0.15929042887670453,0.7268356299807622,0.7159703761395678,1.6020964349970346,0.08579395653078356
ENSSSCG00000012823,0.4460840364081691,1.2981295223847102,1.1375391656732754,2.8817527244661547,0.08330396123539857
ENSSSCG00000012840,0.1326439920873736,0.433039995325682,0.5317416355860564,1.097425622999112,0.15005892995371875
ENSSSCG00000012842,0.08672349935314513,2.248645978380974,2.1635344216640573,4.498903899398176,0.14883209185256122
ENSSSCG00000012847,0.14743518316877516,1.390203447720765,1.350307192499457,2.887945823388997,0.2299930287257879
ENSSSCG00000012856,0.11325830882271214,1.618146462222266,1.6026973748676254,3.3341021459126035,-0.05198029907192805
ENSSSCG00000012879,0.3471611346016048,1.6889594791001148,1.7429310556352926,3.7790516693370124,0.06458938508489141
ENSSSCG00000012880,0.1520158193176069,0.9654939311940383,1.076991924058489,2.1945016745701342,-0.1741813404935452
ENSSSCG00000012884,0.2622907903684422,1.0447526379583991,1.056824106156906,2.363867534483747,-0.13938683947518687
ENSSSCG00000012885,0.2269203493045751,0.6074431133593383,0.67866198947503,1.5130254521389435,-0.24931906450541017
ENSSSCG00000012890,0.14492187588108538,1.6343330796485602,1.5686931582331423,3.347948113762788,0.2573601202406511
ENSSSCG00000012902,1.0156504517682632,0.8690339771709079,0.9356113056858502,2.820295734625021,-0.1376332611102339
ENSSSCG00000012904,0.4414328093560926,0.23747642285295434,0.5286318291224502,1.2075410613314972,0.08744084128300558
ENSSSCG00000012913,0.5511662774381223,0.9760005895279995,1.2156180040235227,2.7427848709896443,0.04099535354797422
ENSSSCG00000012914,0.5720328175752206,0.9404831384841913,1.194865625255928,2.7073815813153397,0.031183117708905212
ENSSSCG00000012943,0.6020297881338381,1.5346097245494692,0.9621216846520372,3.098761197335344,0.04336977480279114
ENSSSCG00000012957,0.4709163517295984,0.8859062032195392,1.0774525666256083,2.434275121574746,-0.02828714769218841
ENSSSCG00000012961,0.43192219577669055,1.4971815497492529,1.363715491134732,3.2928192366606757,0.023811250142268637
ENSSSCG00000012963,0.19238610732617262,0.9774993461651693,0.8446539918338388,2.014539445325181,-0.172694377414816
ENSSSCG00000012965,0.39352292383230764,0.5649423007619998,0.4410932813862476,1.399558505980555,-0.04081514108047892
ENSSSCG00000012966,0.10706911046643228,0.677816204289321,0.5834499260571735,1.3683352408129268,-0.03989382968688588
ENSSSCG00000012974,0.9552499981774895,0.9250411515653467,1.009930309964648,2.890221459707484,0.11386495699341043
ENSSSCG00000012980,0.12982220118846383,1.1568046067550937,1.054298165049058,2.3409249729926156,0.19800512902165424
ENSSSCG00000012981,0.1469939803959598,0.5319800392627037,0.5342689286133976,1.213242948272061,-0.026680656365240227
ENSSSCG00000012984,0.2247358601683799,0.37993366203080686,0.2135040867992251,0.818173608998412,-0.061722999538524025
ENSSSCG00000012985,0.19621759977857212,0.3430638345393616,0.2326797850824917,0.7719612194004255,-0.05890455438829085
ENSSSCG00000012995,0.4770223700874067,0.9342092560337514,0.6814961329009889,2.092727759022147,-0.13551510965719818
ENSSSCG00000012997,0.22591371710917102,0.7635582749145284,0.7950191578781947,1.784491149901894,0.002220634616371786
ENSSSCG00000012999,0.5967982868324032,1.0511692698760269,0.8404612823093287,2.4884288390177587,0.02694604822410397
ENSSSCG00000013001,0.5063666947028604,1.1808741630937347,1.1010353346043493,2.7882761924009447,0.24234675828106583
ENSSSCG00000013008,0.37884730080222007,0.30135442701423193,0.3766046693955203,1.0568063972119723,-0.0023075095712872134
ENSSSCG00000013016,0.1743126795546701,0.5531994041727577,0.6473460140453597,1.3748580977727876,-0.13107461377601456
ENSSSCG00000013017,0.1312034524211411,0.7683068515266978,0.688726043132789,1.5882363470806278,-0.018147490231486915
ENSSSCG00000013029,0.46585048314271243,1.7473161349792643,1.5081266295509257,3.721293247672903,0.047955761076340794
ENSSSCG00000013030,0.11455146410975438,2.660259807294434,2.5538314969577134,5.3286427683619015,0.07149304733179483
ENSSSCG00000013032,0.15198113433377555,0.9655340640593334,0.8697225662575382,1.9872377646506472,-0.20586045515080242
ENSSSCG00000013043,0.20875876630866919,0.5196684868244511,0.7004998774121978,1.428927130545318,-0.19679585410410108
ENSSSCG00000013045,0.5804641669335747,1.7293048494294752,1.3029163712348217,3.6126853875978715,0.006040679319684181
ENSSSCG00000013046,1.0332324788283285,0.5881374325274874,0.8071743518161999,2.4285442631720158,0.08042858817422438
ENSSSCG00000013048,0.2002350759473709,1.3062461286003504,1.1890929917708861,2.6955741963186073,-0.3698103403507362
ENSSSCG00000013049,0.0828640053569939,0.9093814904233462,0.8924345853545238,1.8846800811348638,-0.3754859936114945
ENSSSCG00000013050,0.16014116219303676,0.9339729197808267,0.7818205156466204,1.8759345976204838,-0.1686803724822035
ENSSSCG00000013052,0.6838697224558081,1.2538186170444778,0.9075849264550837,2.8452732659553694,0.012520130605251093
ENSSSCG00000013054,1.3622237916330928,1.3040091233115105,2.4830642595923345,5.1492971745369385,-0.24288424623719282
ENSSSCG00000013062,0.10164016190590505,0.5768351069619523,0.5463047955959265,1.2247800644637838,0.09192069652222136
ENSSSCG00000013064,0.7785117413463258,1.4088513937712748,1.6690713512503537,3.856434486367954,0.23767056103809425
ENSSSCG00000013066,0.15955325932327558,1.4500714185887216,1.336742512334172,2.9463671902461694,-0.17752889587681972
ENSSSCG00000013074,0.5652256127549614,1.0199574011739538,1.3834128994772321,2.9685959134061473,-0.21355896852361458
ENSSSCG00000013082,0.48725359985501654,0.3728365327302282,0.5689036528288921,1.428993785414137,0.19124114622855498
ENSSSCG00000013083,0.2746672833199843,1.2993228849658631,1.2151541918262516,2.789144360112099,-0.06381295812237932
ENSSSCG00000013084,0.23539051324903848,0.8245619990303372,0.7225323467906695,1.7824848590700453,-0.18045709763699355
ENSSSCG00000013086,0.4007903329094892,0.7341078306885017,0.44805835694254204,1.582956520540533,-0.23957251043423516
ENSSSCG00000013094,0.46206856835203797,0.3606002468165376,0.3838953714000204,1.2065641865685959,-0.22457835585883126
ENSSSCG00000013105,0.49492709500727605,1.0591221058879954,1.3005600007859333,2.854609201681205,-0.0007640038872643552
ENSSSCG00000013107,0.17921309149255144,0.5364446054060898,0.5521653186618136,1.2678230155604548,-0.06088584973007004
ENSSSCG00000013118,0.16171613410142477,1.5774650804772468,1.5565823894810693,3.295763604059741,0.001530471452469679
ENSSSCG00000013119,0.6754578123417222,1.9600607456724937,2.6062800492734732,5.24179860728769,-0.2928250946177825
ENSSSCG00000013124,0.6654665483187764,0.31284097926703225,0.674184423011731,1.6524919505975397,-0.18367179705619593
ENSSSCG00000013125,0.10994422253290731,0.6781208483584459,0.6325151395907229,1.4205802104820762,-0.1623398600185227
ENSSSCG00000013155,1.0389202071539847,1.0263060349217772,0.959205736805149,3.0244319788809113,-0.12348817231590085
ENSSSCG00000013174,0.6828080239173792,0.4877760207132242,0.4412920047880718,1.611876049418675,-0.19342166433776217
ENSSSCG00000013175,0.2465155306394031,0.8462933451990236,0.8497174416408867,1.9425263174793135,-0.09378146831452194
ENSSSCG00000013176,0.5824018577094913,0.8834182003228429,0.6633336331451793,2.1291536911775135,0.01492156221570432
ENSSSCG00000013177,0.6666687231519727,1.1326142655199574,1.065473789798337,2.8647567784702668,-0.05471952353070883
ENSSSCG00000013178,0.22332798525775588,0.9690944165107762,0.9596058061441874,2.1520282079127195,-0.13175171204694072
ENSSSCG00000013223,0.5039060368400432,0.4955039154770739,0.702349735243342,1.7017596875604593,-0.14068452477187599
ENSSSCG00000013227,0.48346409635960963,0.38955552576138397,0.6677323170028425,1.5407519391238362,-0.19397986565136807
ENSSSCG00000013232,0.4481162522930748,1.0763716827047172,1.117944734150312,2.642432669148104,0.09157844968217316
ENSSSCG00000013233,0.2658978243005464,0.36305139975123796,0.5040456617416192,1.1329948857934036,-0.16208183706225782
ENSSSCG00000013239,0.10061339440020801,1.6391100106335519,1.5517253112463403,3.2914487162801,0.0466371321333726
ENSSSCG00000013242,0.20599498896129845,0.285496844765938,0.3910805106394701,0.8825723443667066,-0.07104887868046421
ENSSSCG00000013243,0.2566641179817012,0.766374700386291,0.5848421130008041,1.6078809313687963,-0.19995215677222383
ENSSSCG00000013245,0.4103916506135637,0.5023548118134847,0.37673146152418424,1.2894779239512326,-0.06759475490229812
ENSSSCG00000013248,0.11357778990784075,0.6482610492724392,0.69718201349382,1.4590208526741,-0.2522558424881758
ENSSSCG00000013249,0.7271141308814367,0.9647095930057122,1.3121626467784944,3.0039863706656433,-0.13046117476705582
ENSSSCG00000013252,0.7157160444383103,0.6196352232160491,0.3813238594631514,1.7166751271175107,-0.4204551934646603
ENSSSCG00000013256,0.1190281160038571,0.8822714032986205,0.9708010526822571,1.9721005719847349,-0.11467199676943793
ENSSSCG00000013257,0.18331298169648877,0.5197112505920374,0.5523580754000079,1.2553823076885342,-0.19740516277139222
ENSSSCG00000013258,0.7731538266899222,1.0569456534659045,0.692481098954485,2.5225805791103117,-0.0885763453756694
ENSSSCG00000013262,0.4479685577399195,0.4192456224767349,0.5909528207256468,1.4581670009423013,-0.1745976431817356
ENSSSCG00000013270,0.3533322486648002,0.7263107353415598,0.4456742107027848,1.5253171947091446,-0.10675855022807165
ENSSSCG00000013281,0.2691034848948912,0.6767013236267279,0.6826387395554576,1.6284435480770767,-0.1411459483132185
ENSSSCG00000013284,0.36446706399589485,0.18389403896318732,0.36499492819634627,0.9133560311554284,-0.1706054967868293
ENSSSCG00000013285,0.3184089297408435,0.733032207153259,0.9472424711014585,1.9986836079955612,-0.033485280832684705
ENSSSCG00000013286,0.48699632507899077,0.3425448196295154,0.490918510170821,1.3204596548793273,0.007728082338960391
ENSSSCG00000013292,0.15412737873420573,0.5094014101920725,0.5510537964111367,1.214582585337415,-0.16821217057934157
ENSSSCG00000013293,0.45687036218009897,0.3042186333309962,0.6557962917043152,1.4168852872154103,0.009739160537437676
ENSSSCG00000013295,0.26931589500086306,0.5886106585663964,0.5619975877885457,1.4199241413558052,-0.24234954176418477
ENSSSCG00000013296,0.12133763920313284,0.6256482705985851,0.6709241493019963,1.4179100591037144,-0.09524538702714827
ENSSSCG00000013298,0.32619835019550136,0.607425259120892,0.6403053742958948,1.573928983612288,-0.01892175546000307
ENSSSCG00000013299,0.27147412057790604,0.5973523861183312,0.6139899847169826,1.48281649141322,-0.016133330153804477
ENSSSCG00000013300,0.7232371124530026,0.7097055397639768,1.388449117371426,2.821391769588405,-0.31997693092372925
ENSSSCG00000013302,0.11956539908210358,0.8130324811031602,0.7510648111769592,1.683662691362223,-0.05082559089242594
ENSSSCG00000013303,0.3629310423697967,0.8499038542585325,0.5054480886388218,1.7182829852671513,-0.24324635561998464
ENSSSCG00000013304,0.7134927453840231,0.9611926922723508,1.065515366481934,2.7402008041383077,-0.30867660012966336
ENSSSCG00000013308,0.24279243285771754,0.46553252099590975,0.41085580582614084,1.119180759679768,-0.10140651880397218
ENSSSCG00000013311,0.17449902199120723,0.5901487069592567,0.6761309946595389,1.440778723610003,-0.22708215764911008
ENSSSCG00000013312,1.020105679077454,1.3259163130262468,1.9184012111083175,4.264423203212019,-0.15016042707948588
ENSSSCG00000013313,0.20559426910891598,0.7409647320812979,0.8028282968795134,1.7493872980697271,-0.14334545730393877
ENSSSCG00000013314,0.5238718621206283,1.0252151892159165,0.5984397963077055,2.1475268476442504,-0.288160395409305
ENSSSCG00000013315,0.5473332721318395,0.6963991392415373,0.5382765780490126,1.7820089894223894,-0.05312493480341484
ENSSSCG00000013320,0.47659667714259285,1.1753478838966969,1.4692719743765585,3.121216535415848,-0.5362773256525476
ENSSSCG00000013321,0.2531994220686824,0.31865537416775835,0.5035450677837577,1.0753998640201985,-0.12636923680112466
ENSSSCG00000013322,0.5160010271202764,0.6321637915462625,0.36468982119839927,1.5128546398649383,-0.06397016494418897
ENSSSCG00000013331,0.8174118240698303,1.0135226171692422,0.5544271887674482,2.385361630006521,0.0037136525227340986
ENSSSCG00000013332,0.14067483663943936,1.4925559916907967,1.4422114237803454,3.0754422521105815,-0.30211280305009713
ENSSSCG00000013335,0.3620268258231706,0.5855277557581143,0.345013241517819,1.292567823099104,-0.30708696356566234
ENSSSCG00000013336,1.4141162921672044,0.9887631580039735,1.6588027470344555,4.061682197205633,-0.22075512979979778
ENSSSCG00000013337,0.23375814012840834,0.9207538248616395,1.0717317494767513,2.226243714466799,-0.28066047062728966
ENSSSCG00000013344,0.10347843463117581,0.5522104494262922,0.5834706363720512,1.2391595204295192,-0.12316123100994955
ENSSSCG00000013347,0.48961922841937283,0.39315329136837435,0.3930196668815756,1.2757921866693227,0.056933119905746433
ENSSSCG00000013351,0.23886290706182922,0.9075558890283172,1.1120527549947845,2.2584715510849307,-0.1831176407069725
ENSSSCG00000013352,0.1466324801361733,0.6151187802706193,0.4807974871888812,1.2425487475956738,-0.13915861197712856
ENSSSCG00000013361,0.674590170071302,1.2038211286748848,1.1031866755130617,2.981597974259248,-3.814702515886035e-05
ENSSSCG00000013362,0.329054714366337,0.9685605046700283,0.9594407718048931,2.257055990841258,-0.17455302213364526
ENSSSCG00000013363,0.36860075799658776,0.8128821389934194,1.0292461890747284,2.2107290860647355,-0.38501945847268093
ENSSSCG00000013366,1.163015605556849,0.5115559881010191,1.0245429494982212,2.6991145431560892,-0.08080707394673056
ENSSSCG00000013367,0.40661099694864683,0.5651134019613947,0.6284196855272173,1.6001440844372588,-0.0032782141056717676
ENSSSCG00000013380,0.4705560883000107,1.582488830014848,1.9336011102278978,3.9866460285427565,-0.17689386172149116
ENSSSCG00000013381,0.23568173165211398,1.5755559902915124,1.6393137365004884,3.4505514584441146,0.1716885546214953
ENSSSCG00000013382,0.11738196583676035,0.7737974554334133,0.7022380002510106,1.5934174215211843,-0.27711969072542103
ENSSSCG00000013385,0.362434535119489,0.679722940395302,0.7193606427499895,1.7615181182647806,-0.12635104817066414
ENSSSCG00000013386,0.23976112043015396,0.30966545913686117,0.3220769547075629,0.871503534274578,-0.24029882993533197
ENSSSCG00000013388,0.3915839042009801,0.6278728139004373,0.8290412943040542,1.8484980124054715,-0.23360515836336165
ENSSSCG00000013389,0.43172870024100846,0.856830657123729,0.4573840848661552,1.7459434422308926,-0.009122755751953378
ENSSSCG00000013391,1.3238306096270969,1.2897999552304444,0.783951425617631,3.3975819904751723,0.08706569664466408
ENSSSCG00000013392,0.647335769963108,0.9491927716875292,0.6511018090189752,2.2476303506696125,-0.07039342664347353
ENSSSCG00000013393,0.3962403479614836,0.5335235373401341,0.6159651816518152,1.545729066953433,-0.15437907204266468
ENSSSCG00000013395,0.7718358196338809,0.5942745841275976,0.43136271532727516,1.7974731190887536,-0.28968074252743
ENSSSCG00000013397,0.4770977554823595,1.2265600386565796,0.9692617348220665,2.6729195289610055,-0.19739782767299832
ENSSSCG00000013399,0.7508561622156286,0.3137894788361797,0.6425223677665354,1.7071680088183436,-0.1451177462883179
ENSSSCG00000013400,0.11286895556011169,0.5901801501850804,0.5335154712742897,1.2365645770194817,-0.12058529843116729
ENSSSCG00000013401,0.1179479377609871,0.4134865689185955,0.42284655204785243,0.9542810587274351,-0.21251139941636743
ENSSSCG00000013402,0.3627198990249765,0.5068731482961929,0.46576371208392336,1.3353567594050928,-0.1706814475306208
ENSSSCG00000013405,0.3401166159514143,1.1862948573871015,0.9164679922008909,2.4428794655394066,-0.04210663155735602
ENSSSCG00000013406,0.10921919845390143,1.1999361885496156,1.1687271359937152,2.4778825229972323,-0.12128849426445738
ENSSSCG00000013409,0.658902596345981,0.13552533502704414,0.5983850543680893,1.3928129857411145,-0.152511750548852
ENSSSCG00000013410,0.20543924918827566,0.3518103859447973,0.5361851837026282,1.0934348188357013,-0.17052281885391782
ENSSSCG00000013416,0.07955417662723478,0.4899154683452729,0.4309882816099925,1.0004579265825,-0.025173282113243503
ENSSSCG00000013419,0.36942969624549177,0.6337921766179722,0.4860834491274909,1.4893053219909547,-0.3854799804908307
ENSSSCG00000013421,0.25917593014743046,0.9604762798578703,0.9536524142079937,2.1733046242132943,0.045819254551029975
ENSSSCG00000013427,0.1416600644908309,1.649159926768873,1.5674639725106712,3.358283963770375,0.028881965459003907
ENSSSCG00000013429,0.8458328054096169,1.0445239049027961,0.6674131494654094,2.5577698597778227,-0.28727803036986366
ENSSSCG00000013432,0.12087396730666569,0.5828451911857687,0.5102320912270539,1.2139512497194884,-0.05392694636977007
ENSSSCG00000013433,0.30940666322118243,0.5254464431279234,0.8137928725304435,1.6486459788795493,-0.06846895467122247
ENSSSCG00000013437,0.6309145640142629,0.6449424335808235,0.43349131056946155,1.709348308164548,-0.075671094617712
ENSSSCG00000013445,0.15198246134569718,1.1137822878370407,0.9714590980655868,2.237223847248325,-0.15379261882865883
ENSSSCG00000013446,0.7654089554345581,1.3947254089650076,0.7234682234027094,2.883602587802275,0.025342493647105023
ENSSSCG00000013448,0.23158241582910938,1.188053560020729,1.178518188384378,2.5981541642342165,-0.19423298900634572
ENSSSCG00000013453,0.8852291687405749,0.4570241101453807,1.1307551021898845,2.4730083810758403,0.030320255105120517
ENSSSCG00000013457,0.6971361622644713,0.5527658585804422,1.0050169974242913,2.254919018269205,-0.12555381419330128
ENSSSCG00000013460,0.5339642257393348,0.540007389818885,0.8354618754043701,1.9094334909625899,-0.002811055738591116
ENSSSCG00000013463,0.2416448932187712,2.1917058902567224,2.0571102866286393,4.490461070104133,-0.01471797397337124
ENSSSCG00000013464,0.12446235054939071,0.5128693864634523,0.4068519314700692,1.0441836684829122,-0.0675139551833711
ENSSSCG00000013467,0.22650947862640863,0.7839912485729735,0.9232977039149536,1.9337984311143357,0.028682000408068002
ENSSSCG00000013469,0.2848516963205206,0.47653165905697775,0.6987014195116831,1.4600847748891814,-0.07120819760567075
ENSSSCG00000013470,0.7492685305137923,1.5822177226966403,1.2960777069161438,3.6275639601265763,0.037646108680196265
ENSSSCG00000013471,0.5657420367041691,0.6174873289580157,0.3222163906133133,1.5054457562754981,-0.20172021228192705
ENSSSCG00000013476,0.32986760320142144,0.6084182128689938,0.6978570959102113,1.6361429119806266,-0.13813044818735476
ENSSSCG00000013481,0.20213179400028639,0.8716764895372825,0.6832696142407719,1.7570778977783408,-0.08345061932626231
ENSSSCG00000013490,0.0812687705451779,0.5034658763861679,0.4905169263965682,1.075251573327914,-0.14487863687523067
ENSSSCG00000013496,0.6879381298402043,0.5216987990926968,0.6739092046028805,1.8835461335357815,-0.03675762257502902
ENSSSCG00000013499,0.34289681692596813,0.32106603776096154,0.5079914449993389,1.1719542996862686,-0.05467308058282264
ENSSSCG00000013501,0.6513593014403448,0.9521926572621121,1.2948122921330851,2.898364250835542,-0.4353216766193617
ENSSSCG00000013507,0.2522562385990916,0.9255860564995564,0.7231380156886337,1.9009803107872818,-0.03180675974818182
ENSSSCG00000013508,0.35222955693745467,0.9518397511311174,1.103680030744792,2.407749338813364,0.0054644797200546534
ENSSSCG00000013509,0.6110632982446367,0.5258052090599511,0.37099741458102503,1.507865921885613,-0.2632290661105663
ENSSSCG00000013511,0.9637583257135974,0.4540180311265588,0.806044227888549,2.2238205847287054,-0.11572909187839968
ENSSSCG00000013513,0.12917941056403406,0.5533471164651788,0.648158836578211,1.3306853636074238,-0.21540060888422094
ENSSSCG00000013517,0.4055080115324751,0.37554148758056854,0.6584712999709091,1.4395207990839527,-0.4220288660324169
ENSSSCG00000013522,0.7581631536637413,0.807611583892649,1.1792919050462516,2.7450666426026418,-0.0011055771960236996
ENSSSCG00000013523,0.39306396979616187,0.9375814363799796,0.7948398638377959,2.1254852700139373,0.02859122038497181
ENSSSCG00000013533,0.9639866348376281,0.7426221618295354,1.036446541227599,2.7430553378947624,-0.11448323924843784
ENSSSCG00000013534,0.4635445947177561,0.7001046035054169,0.42651307637962627,1.5901622746027992,-0.1781790419227768
ENSSSCG00000013538,0.4830281082140047,0.37384033944040856,0.5889609593694858,1.445829407023899,-0.14158211720260938
ENSSSCG00000013539,0.627230176628147,0.943603385955678,0.975572954393911,2.546406516977736,-0.03067538526704556
ENSSSCG00000013545,0.2807921474843745,0.7362108008765834,0.7037315146881389,1.7207344630490968,-0.07658758991696706
ENSSSCG00000013546,0.11168487840948779,0.6168342994338446,0.5856168000595817,1.314135977902914,-0.13379762919556898
ENSSSCG00000013554,0.22598425981651246,0.28540751627215566,0.23466668626682521,0.7460584623554933,0.0477385569371326
ENSSSCG00000013559,0.4563029820454654,1.0983414221757597,1.5304647349784497,3.085109139199675,-0.021119696144559635
ENSSSCG00000013568,0.08564688010828767,0.5235913323837019,0.4466033797984691,1.0558415922904587,-0.05414566466224202
ENSSSCG00000013582,0.16692547226602752,0.595567276572615,0.5736723441461914,1.3361650929848339,-0.14594651621549698
ENSSSCG00000013588,0.21693737087278578,0.6941531622013201,0.846921415318163,1.758011948392269,-0.24197381185818628
ENSSSCG00000013589,0.2789115271007756,0.8220245487073085,0.861277286648959,1.9622133624570433,-0.16271545243097052
ENSSSCG00000013591,0.24577937242784936,1.7544771815433844,1.8507761556105367,3.8510327095817702,0.07294286281983858
ENSSSCG00000013592,0.4528212891079483,0.8833668655477036,0.8615868046009506,2.1977749592566025,-0.03376052264060094
ENSSSCG00000013597,0.738506222660435,1.967130903188267,1.6437988139896407,4.349435939838343,0.07059375252266861
ENSSSCG00000013600,0.36271108266090163,0.9147323858888353,0.6443627589094555,1.9218062274591925,0.008083231112347539
ENSSSCG00000013602,0.8252278066756894,1.216354681785188,1.693892457692333,3.735474946153211,0.06871850565218882
ENSSSCG00000013607,1.0091762718078576,1.6681871466366267,2.50865540640804,5.186018824852525,-0.13366892645201567
ENSSSCG00000013615,0.25156177632023075,0.9389326416289803,0.7675850444873736,1.9580794624365847,0.1675261412539194
ENSSSCG00000013618,0.1446080495642023,0.7738927202106319,0.7112628962732445,1.6297636660480785,-0.019689718159083904
ENSSSCG00000013629,0.4570898740705516,1.1243248478965242,0.9625431488163081,2.543957870783384,0.011813534382879352
ENSSSCG00000013630,0.19933443752530242,1.205744103233303,1.0258951724917795,2.430973713250385,0.03997952524126533
ENSSSCG00000013633,0.30057575292045696,1.3227110559706678,1.182613597052383,2.8059004059435075,-0.14103933755327133
ENSSSCG00000013634,0.36055966548158386,1.4444060256503015,1.2839129548235397,3.0888786459554254,-0.09967965930923527
ENSSSCG00000013635,0.18782275650107283,0.7786195999971212,0.9138925305102142,1.8803348870084082,0.0104240007670176
ENSSSCG00000013638,0.5942748970783127,0.8789212057155912,0.7762728970340391,2.249468999827943,0.023030653496092738
ENSSSCG00000013644,0.21210745235767625,0.9169535318212061,0.7757830826013202,1.9048440667802025,-0.07704031106413363
ENSSSCG00000013645,0.17964962594758815,0.9211614764605199,0.792470378566607,1.893281480974715,-0.09179624621968203
ENSSSCG00000013647,0.23346103206736316,1.2340614313928746,1.3370428880387049,2.8045653514989426,0.12576673453038617
ENSSSCG00000013650,0.4048337701128421,1.0125400196276324,0.8776881443180686,2.295061934058543,-0.04297020445498119
ENSSSCG00000013656,0.129304184980751,1.3696245271933634,1.3254861875451514,2.8244148997192657,-0.04080064691544857
ENSSSCG00000013659,0.4387842186832291,1.7187291571197307,2.1457132879927965,4.303226663795757,-0.3656818284970574
ENSSSCG00000013661,0.12513093303125178,1.0024839238034917,1.0323614971042547,2.1599763539389985,0.20102686272578243
ENSSSCG00000013662,0.4753958771850156,0.9557786541305208,0.8564063620964402,2.2875808934119766,0.025895000920906876
ENSSSCG00000013670,0.22829738726656837,0.9042714728273895,0.940954788354269,2.073523648448227,-0.11237516075398025
ENSSSCG00000013715,0.4518367706421903,0.7808936456560461,1.0523720012910782,2.2851024175893144,-0.2896551274478949
ENSSSCG00000013717,0.48112496801906357,0.44296955035919866,0.7545491181692,1.6786436365474624,-0.20533428062514003
ENSSSCG00000013721,0.5009944666014419,1.2515721330886014,1.1756229893640524,2.928189589054096,0.07751523156776531
ENSSSCG00000013726,0.5232365629369494,0.4878256688204626,0.5242156229688681,1.5352778547262802,-0.10061075686485502
ENSSSCG00000013729,0.5847139744912117,0.6035308746040757,0.6568515646239335,1.845096413719221,0.045559818456401086
ENSSSCG00000013736,0.23566000053008254,1.7208250320518526,1.5431350868671407,3.4996201194490757,-0.06187752152449525
ENSSSCG00000013737,0.5167060800780131,0.43433093489523356,0.3077520238338496,1.2587890388070964,0.013228266836414707
ENSSSCG00000013740,0.8528790844569711,0.8481390510833884,1.4405067169315562,3.1415248524719157,-0.09590069696157325
ENSSSCG00000013745,0.6187142508744292,0.594116604297562,0.6567670890703549,1.8695979442423463,0.16726583864449399
ENSSSCG00000013746,0.750657216653446,0.7057668950753136,1.1066883757746224,2.563112487503382,0.12574522961613546
ENSSSCG00000013747,0.14274197534237731,1.409338982017377,1.2827830716402069,2.834864028999961,0.05146685419067817
ENSSSCG00000013751,0.19681305836794416,0.7247803126154511,0.8711363152979091,1.7927296862813042,0.0052417142022965005
ENSSSCG00000013755,0.17608377070745937,1.2093669705614876,1.1616977153371686,2.5471484566061156,-0.07331637846257735
ENSSSCG00000013756,0.5757103214034757,0.6780643941035108,0.5063564315573554,1.760131147064342,0.01790015527628656
ENSSSCG00000013757,0.6696282739090996,0.9185902435549225,0.9723140588499763,2.5605325763139986,0.16036526243913243
ENSSSCG00000013760,0.07869552781578312,0.5291432008612937,0.5549185199612059,1.162757248638283,-0.2208128024121914
ENSSSCG00000013766,0.09872406532645299,0.5796703104855704,0.6496890822936651,1.3280834581056884,-0.07953708493328437
ENSSSCG00000013767,0.08993367745851107,0.5518263952851402,0.6401219928700718,1.281882065613723,-0.1936370095222142
ENSSSCG00000013771,0.9108529826525278,0.56599885653296,0.7773824252453229,2.2542342644308104,-0.08239613802301186
ENSSSCG00000013772,0.9950051169662413,0.7083898829291141,0.6162015295916263,2.3195965294869816,-0.14281547392727273
ENSSSCG00000013776,0.2951556428432322,1.387196727881514,1.4005092445621625,3.082861615286909,0.10250731969832082
ENSSSCG00000013778,0.6955758841071767,1.0059475223927172,1.503581601488542,3.2051050079884362,0.2340406490768232
ENSSSCG00000013784,0.13503094428899817,1.318375793753625,1.2245591562478941,2.677965894290517,0.08095512637594256
ENSSSCG00000013786,0.29102790394036127,0.5859527077179987,0.434476067339486,1.311456678997846,-0.06835143053172486
ENSSSCG00000013836,0.09835493140716278,0.9316397954855168,0.8388483179219937,1.8688430448146733,-0.17524519822812556
ENSSSCG00000013837,0.38173217533593884,1.0805896048204369,0.885315043278025,2.3476368234344007,-0.04038473302943292
ENSSSCG00000013848,0.22660852018701197,1.0321820937583532,1.2089468415216231,2.467737455466988,0.031533001020733156
ENSSSCG00000013855,1.102762137943331,1.3263279411269715,1.3617565095501236,3.7908465886204263,-0.028373676401879
ENSSSCG00000013856,0.37577885951934586,0.45617950993643025,0.4515762898136711,1.2835346592694472,-0.05700110643710537
ENSSSCG00000013857,0.3610859743336006,0.9044550835843785,0.6843695234339915,1.9499105813519706,-0.07953243384369753
ENSSSCG00000013859,0.18186639425610246,0.6095335284863663,0.6140939233190653,1.405493846061534,-0.0781883848167773
ENSSSCG00000013860,0.2441736887098919,0.9123274959671851,0.8211145081236475,1.9776156928007245,-0.24694747969427594
ENSSSCG00000013861,0.7064680000779087,0.4997290232510912,0.7088702815843902,1.9150673049133902,0.001507236695187149
ENSSSCG00000013862,0.6130906372387801,0.47884085007419674,0.5528833738575203,1.6448148611704971,-0.09076170291966341
ENSSSCG00000013863,0.389189481802394,1.236519324852724,0.9257508830655474,2.5514596897206654,-0.029251903452893857
ENSSSCG00000013867,0.12533142890486815,0.35309694357533594,0.3461812844841529,0.8246096569643571,-0.13671238232404792
ENSSSCG00000013883,0.1092708789430104,0.37068015705090923,0.2830406656393808,0.7629917016333004,0.022018594707171206
ENSSSCG00000013885,0.31341257756018975,0.9165368582577273,0.7728427170257082,2.002792152843625,-0.2705244708872083
ENSSSCG00000013886,0.38603087877140474,0.6433026477392432,0.7123790312983866,1.7417125578090344,-0.0830116047323179
ENSSSCG00000013889,0.2946832229006297,2.3659209597126054,2.1809152790807715,4.8415194616940065,0.16482683118904604
ENSSSCG00000013893,0.23785354974405434,0.8891504468180209,0.7577179991269852,1.8847219956890604,-0.23299069033968378
ENSSSCG00000013895,0.2096983134793946,0.5398464600178348,0.5525610973997257,1.302105870896955,-0.20017736291486937
ENSSSCG00000013897,0.07962885166501488,0.5057947954166014,0.4881297737346169,1.0735534208162332,-0.1613470103219066
ENSSSCG00000013905,0.08689968666038375,0.5217576582076676,0.46746062549353057,1.076117970361582,0.00788725891394705
ENSSSCG00000013906,0.5239215562922133,1.6839568298744891,1.399968117304251,3.6078465034709533,0.11087620872555728
ENSSSCG00000013919,0.5019776364910951,1.0139972394741454,1.5080566776751234,3.0240315536403637,-0.013458113673146975
ENSSSCG00000013928,1.576068143925788,2.7564640224244696,2.6825380816309488,7.015070247981207,0.01733029992348367
ENSSSCG00000013932,0.08463977498000026,0.499544864021906,0.48083183338915203,1.0650164723910582,0.15028945971267885
ENSSSCG00000013938,0.6913276693330616,0.6999893885220292,0.5737496764321002,1.965066734287191,-0.05861344530319066
ENSSSCG00000013940,0.2630932065373662,0.40656239882410844,0.6183273524630443,1.2879829578245188,-0.21678033863491983
ENSSSCG00000013983,0.4337725521076219,0.46099454773643717,0.5401121999842396,1.4348792998282986,-0.1663218091376115
ENSSSCG00000013984,0.49792477545857017,0.25178158457864436,0.44527261118491374,1.1949789712221282,-0.17570451029901396
ENSSSCG00000013990,0.6144966370701824,1.6622950257460523,1.55348841582614,3.8302800786423745,0.12811132819688067
ENSSSCG00000013991,0.7008964237460557,1.0598468794847848,0.4163220556962331,2.1770653589270736,-0.2178520926195057
ENSSSCG00000013992,0.49940917535367374,0.6084624396625176,1.0812128213881362,2.1890844364043276,0.08372652770854198
ENSSSCG00000014002,0.19861431463656495,0.573770878558432,0.6830952269607111,1.455480420155708,-0.09621065565428102
ENSSSCG00000014003,0.34724976780222483,1.022379525614496,0.8277340298747501,2.197363323291471,-0.31512784536462357
ENSSSCG00000014009,0.684140641295325,0.501498918601065,0.6415745920332454,1.8272141519296354,-0.22304122463985096
ENSSSCG00000014010,0.4771976414699082,0.6440557496386236,0.3374417020291834,1.458695093137715,-0.1117801759528942
ENSSSCG00000014012,0.30282804080434406,0.5363950263061183,0.5159778513145195,1.3552009184249818,-0.21004213456973267
ENSSSCG00000014015,0.22492428085021468,1.1886208906050595,1.3455531238034852,2.7590982952587595,-0.051600065173940196
ENSSSCG00000014016,0.7791122088402014,0.7872661547244211,1.3140970600154265,2.880475423580049,-0.039106408292857005
ENSSSCG00000014019,0.8071933088978474,0.8355887750218994,1.1055317700629697,2.748313853982716,-0.3073153502143297
ENSSSCG00000014020,0.8819731188530294,0.7100899783510966,1.0324530043208862,2.6245161015250122,0.11537896688372624
ENSSSCG00000014022,0.6362757343526486,0.9352139391859227,1.2920585773386506,2.863548250877222,0.025257229939220558
ENSSSCG00000014023,0.45456735706124257,0.7237070468920715,0.8106770689199752,1.9889514728732893,-0.0018595896607849455
ENSSSCG00000014028,0.4579998740670179,0.913123561474792,0.846212412475427,2.217335848017237,-0.07197007187626771
ENSSSCG00000014030,0.2004701489612235,1.4179055373807772,1.2802361081120774,2.8986117944540783,0.06717326897485842
ENSSSCG00000014031,0.2554652205694555,1.3257035367485748,1.0999375978801853,2.6811063551982155,0.06179904901044816
ENSSSCG00000014033,0.4246786826478743,0.6811073054702563,0.7322599809252758,1.8380459690434066,0.2462724398163742
ENSSSCG00000014040,0.566515244131055,0.5316452869216441,0.6421800149557566,1.7403405460084558,-0.03187597637014486
ENSSSCG00000014041,0.27580554315271033,1.8020829959825355,1.7533041225088655,3.8311926616441117,0.14581097156452377
ENSSSCG00000014043,0.357082874795695,0.7551122687695525,0.7705844298106507,1.882779573375898,0.06835733818622747
ENSSSCG00000014044,1.353335814091791,1.0330646947201751,0.8882711833952397,3.274671692207206,-0.14177326764230724
ENSSSCG00000014046,0.1103820830402144,0.3491360658396553,0.3853838732799719,0.8449020221598416,-0.10621597188463142
ENSSSCG00000014052,0.12193919165566164,1.205403040478379,1.2161568898896398,2.5434991220236807,-0.4534706024474856
ENSSSCG00000014055,0.09885369593385772,1.1448927031071652,1.1536039848427095,2.3973503838837322,-0.4398456676093644
ENSSSCG00000014056,0.3645627658412148,0.7919118982998065,0.6824675199678839,1.8389421841089053,-0.24482007703308237
ENSSSCG00000014057,0.46886595725609836,1.3333497843063624,1.4285584943623884,3.230774235924849,-0.028943114248788072
ENSSSCG00000014060,0.3348053311846271,1.077647081004157,1.007147313444933,2.419599725633717,-0.23146164043950448
ENSSSCG00000014061,0.0960296854879462,0.5382391027509278,0.6339550240092253,1.2682238122480993,-0.05759304467354788
ENSSSCG00000014062,0.08745224381603112,0.3463712699220693,0.34480510796158825,0.7786286216996887,-0.18476922436849028
ENSSSCG00000014068,0.5611762659714231,0.4169434627913551,0.852598203259715,1.8307179320224933,-0.012745352238654056
ENSSSCG00000014070,0.31366650170465327,0.9266132037771525,0.6302030165110957,1.8704827219929014,-0.265209807103037
ENSSSCG00000014071,0.5836404898598453,0.4080003771490654,0.7543678116976268,1.7460086787065374,-0.04435727892710891
ENSSSCG00000014073,0.318537786700437,0.5926061700450143,0.6953925040881848,1.6065364608336359,0.06664983536734631
ENSSSCG00000014074,0.5140646185398416,0.8058435028346181,0.8184721991661708,2.13838032054063,0.022069728951141225
ENSSSCG00000014075,0.4567553601428916,1.4246548917824935,1.6576194465035958,3.5390296984289806,0.0027303731724713036
ENSSSCG00000014076,0.6268509568610079,0.8007753244890388,0.9427406733357037,2.37036695468575,-0.28087321695391154
ENSSSCG00000014079,0.18483308673169216,1.067753935459261,1.0697121663268545,2.3222991885178077,-0.35529856627032635
ENSSSCG00000014080,0.5925287090836436,0.7526643515356697,0.2642456998488832,1.6094387604681963,0.0015006931781654535
ENSSSCG00000014081,0.5535739454061058,0.3938512792125316,0.35829450190989276,1.30571972652853,-0.07053373512411086
ENSSSCG00000014082,0.2598648149201899,0.17790995959920325,0.26895449635234864,0.7067292708717419,-0.1387481139672879
ENSSSCG00000014083,0.3590029031053423,0.24702103044585616,0.22202216845266326,0.8280461020038616,-0.3623982434016418
ENSSSCG00000014084,0.3521943584216178,0.3110703530012291,0.4246784100470736,1.0879431214699204,-0.32280405356410646
ENSSSCG00000014088,0.826868226127216,1.0152985257633447,0.6783880923727117,2.5205548442632724,-0.0585705507832908
ENSSSCG00000014091,0.4780957144909573,0.6587399618774907,0.2446549726218531,1.381490648990301,0.03364529856442114
ENSSSCG00000014094,0.4035866263528294,0.43054088861737927,0.8016050843884298,1.6357325993586385,-0.10725382287588489
ENSSSCG00000014097,0.4036654800346904,0.9040890712830787,0.6976112288344729,2.0053657801522418,-0.347111972157861
ENSSSCG00000014098,0.5422975575789445,0.6506968666605308,0.9092083495819716,2.102202773821447,-0.23523553776825618
ENSSSCG00000014100,0.1919410787629486,1.659027875227113,1.5157522886479498,3.366721242638011,-0.009270797707123852
ENSSSCG00000014101,0.7928517433478043,0.41082125619408716,0.8148245113708046,2.018497510912696,-0.09318974114003063
ENSSSCG00000014112,0.5629060791247193,0.6918309591324785,0.7151230274160795,1.9698600656732772,-0.41033091576969993
ENSSSCG00000014113,0.16400965810977464,0.5006678328278726,0.5986315711638484,1.2633090621014955,-0.17148575630915036
ENSSSCG00000014114,0.5156708884110932,0.22106644575753626,0.6165998198097341,1.3533371539783636,-0.1062671554216934
ENSSSCG00000014116,0.8662565312022336,0.6287651404386123,0.429463193405204,1.92448486504605,-0.24439464613295966
ENSSSCG00000014117,0.40338592392760514,0.4551862023416239,0.584358564000009,1.4429306902692378,-0.3113860640011785
ENSSSCG00000014119,0.23801204197306164,0.8096131835473893,0.8062239060033447,1.8538491315237957,-0.06257946368955508
ENSSSCG00000014121,0.3273835921295024,0.44204120957217147,0.5323690518443104,1.301793853545984,0.12520081300414215
ENSSSCG00000014123,1.0064754638471514,2.5614236036082945,3.4967994913500617,7.064698558805508,-0.21050096129986315
ENSSSCG00000014126,0.4443598949134434,0.49577585067723107,0.6848694892457241,1.6250052348363986,-0.2538855674171276
ENSSSCG00000014129,0.6876475309339581,1.0325376235469685,1.0831287662465714,2.803313920727498,-0.11599112729601359
ENSSSCG00000014132,1.0223452135454008,0.5182550730242123,0.8114303258472483,2.3520306124168613,-0.11633954226320685
ENSSSCG00000014133,0.10437364719305894,2.173126001258816,2.071665392358466,4.349165040810341,0.20808824342379267
ENSSSCG00000014136,0.5232702723177293,0.8623557474240648,0.7391198718456783,2.1247458915874726,-0.14436486007665764
ENSSSCG00000014141,0.44307726046201745,0.6421094022584352,0.9753273701998713,2.0605140329203238,-0.1374096821520729
ENSSSCG00000014146,0.5800707838276625,1.2378972095950682,1.2608701612924098,3.0788381547151404,-0.2605512358575057
ENSSSCG00000014147,0.37147163273810924,1.1220816119256762,1.0886566373184614,2.582209881982247,-0.07598667438480733
ENSSSCG00000014148,0.5381295204360679,0.48984298142245125,0.9743066897490014,2.0022791916075207,-0.04086928663409774
ENSSSCG00000014149,0.24159881239851755,0.6165666160502504,0.7420150847837375,1.6001805132325053,-0.047657683635797955
ENSSSCG00000014151,0.5735198328805308,0.41247485829417513,0.6835114872529563,1.6695061784276621,-0.10029818092752282
ENSSSCG00000014156,0.45084815728236843,0.6839101996344811,0.44117901756672606,1.5759373744835756,-0.03257752030541128
ENSSSCG00000014157,0.30772486061048593,1.1365448650082386,0.967928715093173,2.4121984407118973,-0.2808389751152405
ENSSSCG00000014161,0.5323242845858909,0.5692350970085128,0.6136772045445636,1.7152365861389671,-0.2790322998764713
ENSSSCG00000014163,1.0599415489524875,1.1791320663979254,1.156903180450451,3.3959767958008635,-0.35289625871054214
ENSSSCG00000014165,0.4543862233290117,0.5499263411248541,0.7587789421222184,1.7630915065760842,-0.040203349338319615
ENSSSCG00000014168,1.2232136101339968,2.0350952935789812,3.0934631813404723,6.35177208505345,-0.07076855167850156
ENSSSCG00000014169,0.16168454808317995,0.4457816885541753,0.5900998914052114,1.1975661280425667,-0.10845837721935951
ENSSSCG00000014170,0.7544801007409093,0.581931684108643,0.9328396662425197,2.2692514510920723,-0.1585206301077994
ENSSSCG00000014171,0.27225024386528224,0.55941704044835,0.5170112428437913,1.3486785271574235,-0.13884450165317727
ENSSSCG00000014173,0.3148640655929492,0.6889054098131359,0.5808054094873013,1.5845748848933865,-0.30608420779332396
ENSSSCG00000014176,0.4799167760032744,0.576362870217373,0.1366134940779317,1.1928931402985792,-0.07879879524960763
ENSSSCG00000014177,0.5370988250309304,1.1288790360541356,1.5962452485701422,3.262223109655208,-0.09970405534667706
ENSSSCG00000014182,0.24669312028126403,0.8001419013766647,0.9098895092183746,1.9567245308763033,-0.23640704912750757
ENSSSCG00000014184,0.11402140872180508,0.6853994604972072,0.6082778025357581,1.4076986717547704,-0.0732260865472785
ENSSSCG00000014186,0.29162702230899973,0.7033080600623384,0.6737082463608659,1.668643328732204,-0.1774639666503827
ENSSSCG00000014190,0.4972684007240978,2.3500191659297043,2.805057339968994,5.652344906622796,-0.17470565759977566
ENSSSCG00000014195,0.5431544571023951,0.6233656014137983,0.20180306481396185,1.3683231233301554,-0.10021934937958946
ENSSSCG00000014196,0.532267922394409,0.6819062059173336,0.8945714265981355,2.108745554909878,-0.2927530645026166
ENSSSCG00000014197,0.422553519780114,0.40511311026794317,0.6915186068230577,1.519185236871115,-0.10621882481844151
ENSSSCG00000014198,0.9148671370731659,0.9920719078869363,0.6413053299792282,2.5482443749393306,-0.15508676167420649
ENSSSCG00000014199,0.6663147639812332,0.5323663130784527,0.9614322281148006,2.1601133051744865,-0.10831097834619653
ENSSSCG00000014203,0.21742586909134137,0.9094979079402138,1.0051101832286644,2.1320339602602196,-0.35716733473937606
ENSSSCG00000014204,0.733889433061501,0.7056145970888068,0.8712758298995111,2.310779860049819,-0.21855460649209366
ENSSSCG00000014207,0.4167021688119851,0.23726437507151918,0.3495149964294097,1.003481540312914,-0.09075652063567469
ENSSSCG00000014211,0.7304999182756488,0.6336882009103031,0.40216796978654196,1.7663560889724936,-0.15131626104621457
ENSSSCG00000014213,0.3661013453283433,0.6623363094977397,0.5490580858742856,1.5774957407003685,-0.23667239091805473
ENSSSCG00000014214,0.8318589566427309,1.3892976029665158,2.142920468884533,4.36407702849378,-0.4294080943161089
ENSSSCG00000014215,0.10887427534058983,0.5183654082284715,0.5384559976653157,1.165695681234377,-0.009467824764953866
ENSSSCG00000014217,0.3303669538997023,2.5864471738678816,2.52971808243262,5.446532210200203,-0.35502991262723294
ENSSSCG00000014219,0.35631878755064794,0.9220565185650497,0.8235937562041318,2.1019690623198297,-0.3652713550502556
ENSSSCG00000014221,0.6747671240757381,0.9558682727818844,0.5590860556896212,2.1897214525472437,-0.13300828062142503
ENSSSCG00000014222,0.4691503247644427,1.2957415111781891,1.6943808075192286,3.45927264346186,-0.4772436680053697
ENSSSCG00000014223,0.410425875460983,0.17526548143941517,0.46622716930135216,1.0519185262017503,-0.06773850019888256
ENSSSCG00000014224,0.1154231404213677,0.797940156486128,0.7458552306989277,1.6592185276064235,-0.1747994111806835
ENSSSCG00000014228,0.12958492831257248,0.6234228724396174,0.5777111354712424,1.3307189362234322,-0.12780677414877273
ENSSSCG00000014238,0.22205675641845632,0.6574598772032748,0.5133917282542413,1.3929083618759726,-0.3101767552140616
ENSSSCG00000014239,0.6024695255499589,0.29533240203195793,0.5695540832812714,1.4673560108631882,-0.2084219156948593
ENSSSCG00000014240,0.3088724209107068,1.0346308573168086,0.7537052103106421,2.0972084885381577,-0.3411841615919785
ENSSSCG00000014242,0.38102010551239057,1.1016607116919555,1.4537050922141472,2.936385909418493,-0.13850696017937147
ENSSSCG00000014244,0.17746402597277108,0.5600484343413323,0.49324466350587504,1.2307571238199784,-0.13299151080858876
ENSSSCG00000014247,0.5586381618513762,0.5552307877133332,0.9017820147450029,2.015650964309712,-0.09728859702843193
ENSSSCG00000014248,0.25127709586367897,0.5960962491120954,0.6574809068510841,1.5048542518268584,-0.06335970742414629
ENSSSCG00000014252,1.5581226726779611,0.7565849904493238,1.8764409805991187,4.191148643726404,-0.11618034700015055
ENSSSCG00000014255,0.10040616858929423,0.533525791032896,0.4881494899342315,1.1220814495564218,0.028590028190916928
ENSSSCG00000014258,0.6338506798155487,0.9892318473467474,0.5122501669363654,2.1353326940986617,-0.11980239662264655
ENSSSCG00000014259,0.09013682159246354,0.4940630784601236,0.5247340630227328,1.1089339630753199,-0.13855099097320306
ENSSSCG00000014264,0.08708100622185298,1.3578680060224353,1.3446765874452156,2.789625599689504,0.2584403570722775
ENSSSCG00000014267,0.26840786924554877,0.47287714176278856,0.4647743625642407,1.206059373572578,-0.1394231332799008
ENSSSCG00000014269,0.402190103988971,0.6886113887859129,0.3510627744614561,1.44186426723634,-0.15840704925813354
ENSSSCG00000014271,0.3857338653957761,0.4761777798928891,0.4154692116862836,1.2773808569749487,-0.18954495797694199
ENSSSCG00000014277,0.0814068568789797,0.27945126564432715,0.3394285771003101,0.700286699623617,-0.13960547784102306
ENSSSCG00000014280,0.25272920666098175,0.7174566812170813,0.7403656297821473,1.7105515176602104,-0.11836095303851857
ENSSSCG00000014283,0.5226667567614025,0.623572907653041,0.5256013572416202,1.6718410216560637,-0.22506903637679876
ENSSSCG00000014284,0.584674806233914,1.177326474915171,1.0842667689388918,2.8462680500879767,-0.254064529383873
ENSSSCG00000014285,0.24971911123515328,0.6030303816929613,0.761633592315077,1.6143830852431915,-0.16972990398337975
ENSSSCG00000014286,0.22657009030182318,0.6728435689891428,0.6528520812035912,1.552265740494557,-0.2646452810635221
ENSSSCG00000014288,0.4847940548868178,0.8005720671605491,0.940563862788415,2.2259299848357816,-0.531129758598021
ENSSSCG00000014289,0.5761889825665614,1.406466774006577,1.580084129913161,3.562739886486299,0.2202024128775973
ENSSSCG00000014291,0.6796706559613974,0.4053361032860854,0.468816507276885,1.5538232665243679,-0.11683142142279061
ENSSSCG00000014292,0.5404922146526303,1.2760311012703598,1.495556967847788,3.3120802837707783,0.08562951272950771
ENSSSCG00000014293,0.08141646048676195,0.6095578753052626,0.6314106914358212,1.322385027227846,-0.2710416571636696
ENSSSCG00000014296,0.2901057267259273,1.0885324069147626,1.0909012329727552,2.469539366613445,0.09223922893665965
ENSSSCG00000014298,0.9106572796553336,0.5484566800608508,1.001483383044353,2.460597342760537,-0.031167551921405256
ENSSSCG00000014302,0.17035127901844468,0.4707157852007133,0.4042860804284417,1.0453531446475997,-0.11041343239754631
ENSSSCG00000014304,0.3181062466897126,0.9092593657816657,0.5954023274803466,1.822767939951725,-0.15531695360442999
ENSSSCG00000014305,0.7366809149327688,0.886854281809381,0.7801472111487239,2.4036824078908734,0.09230566553036457
ENSSSCG00000014307,0.31728366715987105,0.7906865384721634,0.8418900793079719,1.9498602849400064,-0.017099439353758746
ENSSSCG00000014314,0.6016309452757993,1.1323336911109196,0.6571113140390673,2.3910759504257864,-0.039134891278919046
ENSSSCG00000014319,1.6920827284314708,1.8295951583806018,2.846515210213805,6.368193097025878,-0.3425640140420724
ENSSSCG00000014321,0.26601375098416896,0.6313525474933627,0.6700231794596857,1.5673894779372173,-0.25827562909963503
ENSSSCG00000014326,0.8082657548254524,0.5682481434274111,0.448990691613401,1.8255045898662645,-0.12485613485363173
ENSSSCG00000014327,0.9451530089871554,0.7678570530571144,0.8684158652581595,2.5814259273024294,-0.1151359827107533
ENSSSCG00000014329,0.14030566682353943,0.7476705807948053,0.6408301682805154,1.5288064158988601,-0.1373231503256359
ENSSSCG00000014336,0.265296855631446,0.6120738527292607,0.6896871443843724,1.5670578527450791,-0.07773925040286106
ENSSSCG00000014337,0.6182099046363062,0.7120278642214526,1.2530062467103524,2.583244015568111,0.10272167393470262
ENSSSCG00000014338,1.155722499768308,0.6768734169880793,1.073222907656214,2.9058188244126013,0.06611739613569495
ENSSSCG00000014339,0.4431576754258318,0.970292935349155,1.0723864009828692,2.485837011757856,-0.055674062089911686
ENSSSCG00000014343,0.43091173186509235,0.7789629868027685,0.8419539494676899,2.051828668135551,-0.036328576342485305
ENSSSCG00000014356,0.2587470793908978,0.29040757414017093,0.3175489561927073,0.866703609723776,-0.17784357245927765
ENSSSCG00000014361,0.6329903115597229,1.7583263553139865,1.4483642163387065,3.8396808832124156,-0.048834078575811735
ENSSSCG00000014362,0.408340967057174,0.4465204413654189,0.3171547433512045,1.1720161517737975,-0.245380627058565
ENSSSCG00000014364,0.49193939468251524,1.0154735545910627,0.8371061399857008,2.3445190892592787,0.026190619482205878
ENSSSCG00000014370,0.6621530237990848,0.9922123633363178,0.9212768789377357,2.5756422660731384,0.03741071036495932
ENSSSCG00000014371,0.17282895838143347,1.9389807744703476,1.834935798634552,3.946745531486333,0.14159752022804972
ENSSSCG00000014372,0.7106701213686891,1.8014464253689837,1.924237514365089,4.436354061102762,-0.08659673073275764
ENSSSCG00000014376,0.110481263932856,2.1784463506052494,2.078473463061829,4.367401077599935,-0.041686907717894794
ENSSSCG00000014377,0.37563187140068466,0.5413807696148328,0.6125538216897609,1.5295664627052785,-0.25662577419919086
ENSSSCG00000014387,0.5009899090709664,0.5989691624952126,0.21085028373993717,1.310809355306116,-0.19349952137947146
ENSSSCG00000014388,0.285076033354259,0.3517832613172647,0.5104417092951933,1.1473010039667169,-0.04696188996490261
ENSSSCG00000014394,0.42158540740619116,0.9868021143266882,1.2175263878287679,2.625913909561647,-0.07649959682211749
ENSSSCG00000014395,0.0840218610950225,0.7571903365343589,0.7672517401932154,1.608463937822597,-0.20880967073667317
ENSSSCG00000014399,0.09410402624052513,0.5798669758610038,0.6057842176540185,1.2797552197555473,-0.1762744980663576
ENSSSCG00000014401,0.3648150232227699,0.9966577462730507,0.694076348184516,2.0555491176803367,-0.25004869856618156
ENSSSCG00000014406,0.532013661165834,0.8818113499897359,1.2770060066725042,2.6908310178280743,-0.21399421985682002
ENSSSCG00000014411,0.16110604482931834,1.2421733622327127,1.2633500409872005,2.666629448049232,0.02581473339977508
ENSSSCG00000014414,0.3136263524961953,0.7039910494325338,0.8682671851927071,1.885884587121436,-0.16290029887130536
ENSSSCG00000014416,0.2627747812959254,1.0527169356782347,0.8430842533050787,2.1585759702792386,-0.1204757559457229
ENSSSCG00000014420,0.2748400540937068,1.0011981519589626,0.9900829550724262,2.2661211611250955,-0.30361498862675673
ENSSSCG00000014422,0.38294120223766265,1.1477193830631693,1.16156245859794,2.692223043898772,-0.4414837078619204
ENSSSCG00000014428,0.38515905716550347,0.5749327112313396,0.8164713776321195,1.7765631460289626,-0.11568214397190381
ENSSSCG00000014432,0.1635483366016637,0.5571132726609852,0.53341087381097,1.2540724830736187,-0.185713848533742
ENSSSCG00000014435,0.9008914566932467,0.5197564723865891,1.1379884525769712,2.558636381656807,-0.029623847543433012
ENSSSCG00000014538,0.9091825256280827,0.44234270614183313,0.8919868214483663,2.243512053218282,-0.13715404413080218
ENSSSCG00000014539,0.1514697894783649,0.2759452689173087,0.39924722647741534,0.8266622848730889,-0.0963062004600183
ENSSSCG00000014540,0.7967615240113861,0.8514025949539358,0.9832314459128273,2.631395564878149,0.13846978034888696
ENSSSCG00000014556,0.284257448354505,0.6668334930804561,0.6096048853796169,1.560695826814578,-0.042257779705624124
ENSSSCG00000014558,0.36851360608835537,0.24377451350880652,0.2053549164601769,0.8176430360573388,-0.0753111580316526
ENSSSCG00000014559,0.8124317382501918,0.8453422794613843,0.7547578361784804,2.4125318538900564,0.10551305633113978
ENSSSCG00000014568,0.20841342035017868,0.7022061289047455,0.8357679466037047,1.746387495858629,-0.15304530640946265
ENSSSCG00000014569,0.4667652152433613,1.7650077291945963,1.783066579192183,4.01483952363014,0.1674890656888784
ENSSSCG00000014570,0.23708232374573865,0.489765591720636,0.6078712271618453,1.33471914262822,-0.2915306271075046
ENSSSCG00000014577,0.3688866760495273,0.5764291410938776,0.5560508357372655,1.5013666528806704,-0.2191412034855633
ENSSSCG00000014578,0.27995912127411005,0.913883046442861,0.7694641740035285,1.9633063417204997,-0.30576565448530457
ENSSSCG00000014579,0.5545764046366914,0.6330145597119634,0.8160896558505034,2.0036806201991584,-0.11651770459738044
ENSSSCG00000014580,0.09444832176491318,0.49356937464979905,0.5756161417709892,1.1636338381857014,-0.05301575444437702
ENSSSCG00000014581,0.07088667767069817,0.44769563178004346,0.5115098705306154,1.030092179981357,-0.1672591377385841
ENSSSCG00000014598,0.09739100528653091,0.37749487259266107,0.38103717538670967,0.8559230532659017,-0.05101957100809352
ENSSSCG00000014600,0.41989118401224407,0.6786136821674801,0.5277848221954972,1.6262896883752211,-0.2931402616208067
ENSSSCG00000014628,0.08890586543834343,0.6847797542539843,0.7660249592790231,1.5397105789713508,0.02740654838317518
ENSSSCG00000014791,0.5664752003617926,0.6169983079145462,0.28394134647866354,1.4674148547550023,-0.09734384451957608
ENSSSCG00000014794,0.8939119058102035,0.6020168324087188,0.5837736179125798,2.0797023561315022,-0.1317152545821527
ENSSSCG00000014802,0.08044207875747189,0.7381662195025257,0.7237354250848614,1.542343723344859,-0.08836493467329011
ENSSSCG00000014806,0.478935322629297,1.5160519252245284,1.5523389574651187,3.547326205318944,-0.01162867040403462
ENSSSCG00000014820,0.4600106472130978,0.34305116374067796,0.5160554343146898,1.3191172452684654,-0.10270583939422283
ENSSSCG00000014827,0.23160280804800074,0.7034405530437124,0.5714163484947681,1.5064597095864811,-0.22497572404591912
ENSSSCG00000014828,0.8648464705421532,0.7751631465405039,1.1019043292126371,2.741913946295294,-0.04348352458424619
ENSSSCG00000014829,1.1502854142457812,0.9076945750831888,0.814422803000297,2.872402792329267,0.11624699255917523
ENSSSCG00000014830,0.3173133914463812,0.3726656196940528,0.3881854818445798,1.0781644929850138,0.08013373364524026
ENSSSCG00000014831,0.5026602500668075,0.3059539229789781,0.3157199641314422,1.124334137177228,0.03932904699905551
ENSSSCG00000014835,0.153570500299364,0.5368284614029826,0.5256836691306659,1.2160826308330126,-0.1983185479347067
ENSSSCG00000014838,0.2579416326216387,1.0011968672618248,0.8356781340010313,2.094816633884495,-0.39201287159916065
ENSSSCG00000014850,0.1861988733186429,1.0622540080578557,1.068777664410343,2.317230545786842,0.08874054470464929
ENSSSCG00000014853,0.11671098727873618,0.42165086788043354,0.4747692027800316,1.0131310579392012,-0.030365832963409566
ENSSSCG00000014855,0.8808344418186655,0.9908194494480088,1.586180736582816,3.4578346278494907,0.10850831703730902
ENSSSCG00000014868,0.2652801749466556,0.1204523438395819,0.27613678392241847,0.661869302708656,-0.08095270065167211
ENSSSCG00000014878,0.7562343638957407,1.1527945814833407,1.2958730935122857,3.204902038891367,-0.16053036090412764
ENSSSCG00000014881,0.4019136480717567,1.1482700191142827,1.3647931465466645,2.9149768137327037,-0.05214296392555583
ENSSSCG00000014882,0.12693798174837517,0.945458106290421,0.9938530795056248,2.066249167544421,-0.08996261806598618
ENSSSCG00000014884,0.40633810099088885,0.3159739305975229,0.51084302653388,1.2331550581222919,-0.11592937233909195
ENSSSCG00000014887,0.45393473996276734,0.43783762004028487,0.4125955727577069,1.3043679327607591,-0.11769918961826163
ENSSSCG00000014891,0.10621048168733695,0.4325333736663547,0.4560628784582791,0.9948067338119707,-0.16048373785505501
ENSSSCG00000014893,0.3118216543983567,0.5365478480617771,0.5489266922666345,1.3972961947267684,0.056180056664450605
ENSSSCG00000014898,0.2017793936653282,0.6092049969544281,0.6073812756684589,1.4183656662882151,-0.20123895870127317
ENSSSCG00000014899,0.7207097996386784,0.479423258053054,0.8395536916713636,2.039686749363096,0.02015750613247607
ENSSSCG00000014900,0.19292988557401514,0.6913287776020487,0.7348496081463405,1.6191082713224043,-0.23485859965932723
ENSSSCG00000014901,0.8118240870664386,0.7949004599799157,0.8919749331510426,2.4986994801973967,-0.08743262484653543
ENSSSCG00000014902,0.30359863248380015,0.5403228422140445,0.562562767093046,1.4064842417908907,-0.2893821917792206
ENSSSCG00000014903,0.29550993349918475,0.40222811609725284,0.595948293771934,1.2936863433683716,-0.0806296372909833
ENSSSCG00000014904,0.23529242602099648,1.33672776956759,1.2905779482203104,2.862598143808897,-0.35518494677935813
ENSSSCG00000014905,0.37013941781943505,0.8844569257147412,0.62456395913571,1.8791603026698862,-0.04685193721280412
ENSSSCG00000014907,0.583496572768646,0.2509692096876615,0.7999043324503738,1.6343701149066814,-0.034776404566340374
ENSSSCG00000014909,0.6949173882702104,0.5154634851570398,0.900329829725098,2.1107107031523484,-0.2993309017617979
ENSSSCG00000014913,0.6931923336416957,0.5369880014765883,0.8117573624612491,2.041937697579533,-0.22165406804085294
ENSSSCG00000014915,0.16718831974671647,0.5890528226600265,0.45323571148138775,1.2094768538881306,0.0726965979753758
ENSSSCG00000014920,0.5417296314571328,1.4459127000711542,1.8666242037513199,3.8542665352796073,-0.14416270782939472
ENSSSCG00000014924,0.45190469880283113,0.5638069868097336,0.7758940790328355,1.7916057646454002,0.1856868215970796
ENSSSCG00000014927,0.3867269951043761,0.8658443088367143,0.5573486629782336,1.809919966919324,-0.35604768139412785
ENSSSCG00000014930,0.07516305117558893,1.0724352468917093,1.1242547913056713,2.2718530893729696,-0.10485023325486245
ENSSSCG00000014931,0.1495294821236997,1.3570264944733719,1.32606751381963,2.832623490416702,-0.11397170348264617
ENSSSCG00000014933,0.40998256415365375,0.5163906293199705,0.7801591704942579,1.7065323639678822,-0.06118757369086631
ENSSSCG00000014934,0.613801684503049,0.9937285547610232,1.080385174516705,2.687915413780777,-0.04077201042383278
ENSSSCG00000014943,0.6450809440495763,0.5317206739027163,0.5750854765451582,1.7518870944974507,-0.5358828222077011
ENSSSCG00000014946,0.3444944205350431,0.8719329148521732,1.025849083910723,2.242276419297939,0.017236395712539924
ENSSSCG00000014948,0.31308280892296236,0.524218403666767,0.6577560182963303,1.4950572308860597,0.07279591746855511
ENSSSCG00000014949,0.5012735599328162,0.768951793769108,0.796124454827015,2.066349808528939,-0.2779654667351093
ENSSSCG00000014950,0.3299281759676479,0.6460674414375651,0.5075824492634471,1.48357806666866,-0.25478127358579156
ENSSSCG00000014955,0.8430437108897874,0.187614222350821,0.8843196687398911,1.9149776019804994,-0.25270226574215593
ENSSSCG00000014956,0.8651001276689613,1.1395791922459235,0.9844976900630111,2.9891770099778956,-0.1713419512219859
ENSSSCG00000014961,0.12157189746149312,1.2544897200101481,1.1563461233306025,2.5324077408022436,-0.09050552658956579
ENSSSCG00000014967,0.3519114719436475,1.0643334397400666,1.2826487984982717,2.698893710181986,-0.29298005551917117
ENSSSCG00000014969,1.122093438014071,0.862935691920261,0.4984358383192669,2.483464968253599,-0.1869616635104934
ENSSSCG00000014970,0.5534976476707991,0.9194135161337099,0.4979939375923114,1.9709051013968204,-0.3276507894213952
ENSSSCG00000014972,0.2189692088979654,0.4363487206051855,0.5867825026757463,1.242100432178897,-0.12189396906880375
ENSSSCG00000014976,0.7823033964737814,1.2568131879916624,0.6077193510451904,2.6468359355106346,-0.40214635737362264
ENSSSCG00000014977,0.0714113883137999,0.44030259338850514,0.4406343958168527,0.9523483775191578,-0.1881799209462514
ENSSSCG00000014979,0.5126700067399211,0.7002022009450874,0.8562605899608668,2.0691327976458753,-0.22697065619974297
ENSSSCG00000014980,0.6015944665797865,0.6121043745719986,0.7180014796851949,1.9317003208369798,-0.1745019824550469
ENSSSCG00000014984,0.5370356380022356,0.6331105846258388,0.9792842892260705,2.149430511854145,-0.12123707973092462
ENSSSCG00000014985,0.2795660829110967,0.6367630611850779,0.6087070495945145,1.5250361936906889,-0.1476022794397141
ENSSSCG00000014988,0.47008415401210313,0.8409175788755822,0.6633904364236171,1.9743921693113022,-0.26995925622481426
ENSSSCG00000014989,0.6791665247654803,0.5719579186620143,0.6949916535085444,1.9461160969360392,-0.08509931279941207
ENSSSCG00000014998,0.2933447394787399,0.7795018033720372,0.5830000642737476,1.6558466071245248,-0.17238526215812514
ENSSSCG00000014999,0.10159354269944425,0.49497284134805547,0.5154657131481128,1.1120320971956126,-0.08566216767817494
ENSSSCG00000015001,0.1502658671740652,0.49610506980245556,0.6109819365655142,1.257352873542035,-0.178039190872014
ENSSSCG00000015008,0.10362642581528694,0.9872794819769448,1.0330837599799634,2.1239896677721952,-0.21286187273449247
ENSSSCG00000015009,0.12947759879504753,0.9143817946106781,0.8628670165900708,1.9067264099957963,0.023645590306777035
ENSSSCG00000015011,0.3573977336595605,0.7231674900560043,0.8851407786154531,1.965706002331018,-0.09775681648625997
ENSSSCG00000015013,0.08851496245105107,0.6970539869472213,0.6876158270484265,1.4731847764466988,-0.08567599880712445
ENSSSCG00000015014,0.31528163460628167,0.5772115461011522,0.7901381922961168,1.6826313730035507,-0.21218577552278187
ENSSSCG00000015020,0.4644224580821943,2.912993736212133,3.0151927370334075,6.392608931327735,-0.516571961923646
ENSSSCG00000015027,0.15116042723874115,0.18555608906938661,0.3155573008688903,0.652273817177018,0.005200050821183395
ENSSSCG00000015030,0.3550456665264251,1.0773188957029947,1.2106825750647978,2.6430471372942175,0.03422252370958857
ENSSSCG00000015034,0.5745889306806465,0.8254910040450939,0.8451481150145143,2.2452280497402546,0.2373918473958696
ENSSSCG00000015040,0.19706899727721972,1.3903074960418838,1.251662732917989,2.8390392262370927,-0.0015868517386782423
ENSSSCG00000015044,0.6721923960659132,0.28180940298274504,0.8355261023959865,1.7895279014446448,-0.12408083888412356
ENSSSCG00000015050,0.5012158769910902,0.4409089989916261,0.6863551052478153,1.6284799812305315,-0.15839821863988812
ENSSSCG00000015052,0.19504282615171942,0.2751154062976201,0.411223317927599,0.8813815503769384,-0.17639770291436863
ENSSSCG00000015056,0.3729623775274918,0.873495345712838,0.9151866065867232,2.161644329827053,-0.12567840619223752
ENSSSCG00000015065,0.7001844487418074,0.8890059071644361,0.5319909329314599,2.1211812888377035,-0.24607164613765178
ENSSSCG00000015071,0.24681695682079471,0.44843961158722523,0.338116870604155,1.033373439012175,-0.1746645894968361
ENSSSCG00000015072,0.12573413145566212,0.34820121906651336,0.38863046409392116,0.8625658146160966,0.05631214627729554
ENSSSCG00000015074,0.16466190245282414,0.4995774039968643,0.3697827671765597,1.0340220736262482,-0.11325703550455206
ENSSSCG00000015077,0.4226184926701808,0.2850280176868029,0.5963951506268954,1.3040416609838792,-0.24731259819424262
ENSSSCG00000015079,0.11269957210152064,0.6070205162868046,0.6430351148883224,1.3627552032766477,-0.09510661066769979
ENSSSCG00000015080,0.2703700071512713,1.1036330800215224,1.2769211100100832,2.650924197182877,-0.25642067645862554
ENSSSCG00000015083,0.6894318047604552,0.8543937879806007,0.7873066368720065,2.331132229613062,-0.37032129656401974
ENSSSCG00000015090,0.5308755560051237,0.6312601959313741,0.22519412023515245,1.38732987217165,0.00796695300091279
ENSSSCG00000015091,0.9172745673014379,1.1739327765402034,1.7802029295953137,3.871410273436955,-0.008268885572495846
ENSSSCG00000015095,1.473468005584559,0.5988341634059361,1.3447264492678206,3.417028618258316,-0.09311805941465309
ENSSSCG00000015097,0.3716548201701872,0.6191447197430849,0.5058945403458047,1.496694080259077,0.031956699459184834
ENSSSCG00000015101,1.327416528047746,1.6079371684224362,2.545188357082012,5.480542053552194,-0.4781285462671792
ENSSSCG00000015102,0.33720352497833966,1.7326934659501503,1.4896987012048575,3.5595956921333474,0.19987100178766226
ENSSSCG00000015105,0.5215500739336534,0.6204206947349785,0.4651234291758145,1.6070941978444466,-0.045486611308034504
ENSSSCG00000015106,0.4065535673211693,0.7517062696994437,0.860578853059074,2.018838690079687,-0.031864043657538844
ENSSSCG00000015107,0.2954420123718547,0.2905519585931908,0.5459218825991097,1.1319158535641551,0.03966344569636077
ENSSSCG00000015108,0.3252532718616024,0.8780140482125343,0.685011416652603,1.8882787367267397,0.02055093714048584
ENSSSCG00000015110,0.37964714131298066,0.3439563946521665,0.46059575910718736,1.1841992950723346,-0.00014287468377169974
ENSSSCG00000015115,0.568457575223593,0.5058064891493425,0.8224146094396598,1.8966786738125951,0.04853654400164833
ENSSSCG00000015117,0.11074139841598542,0.7398210274705453,0.7887061913470939,1.6392686172336246,-0.18285840521228497
ENSSSCG00000015120,0.7934654124258457,0.777060663337012,1.4566172780289122,3.02714335379177,-0.422430575986496
ENSSSCG00000015129,0.11594286545108361,0.5623576095951384,0.629164938803433,1.307465413849655,-0.18056591768104216
ENSSSCG00000015135,0.3937380969949726,0.7074206194447665,0.9046489258444363,2.0058076422841755,-0.3820209093323473
ENSSSCG00000015136,0.3792754140732329,0.48880977846841195,0.6117979685040437,1.4798831610456884,-0.04054313585176729
ENSSSCG00000015139,0.07792431531617558,0.802231183478428,0.8005216985551952,1.680677197349799,-0.15436688774921495
ENSSSCG00000015140,0.3345157377294588,1.0254688090774544,1.2792742752534172,2.6392588220603304,0.07006719166018913
ENSSSCG00000015144,0.6528684159491089,0.7123794886168473,0.31129352332574534,1.6765414278917015,-0.22524069147493064
ENSSSCG00000015175,0.31770599823707135,0.5787105015763199,0.616033703313994,1.5124502031273852,-0.13576078998808466
ENSSSCG00000015196,0.4407942033781455,0.4986447737244011,0.5387001733596671,1.478139150462214,-0.28093093874557407
ENSSSCG00000015199,0.5479065819714987,0.5372045391415144,0.9177328322882665,2.0028439534012796,-0.14785644962357034
ENSSSCG00000015206,0.7699022278986503,0.9838219149986337,0.6433673618849653,2.3970915047822494,-0.4442308741801192
ENSSSCG00000015212,0.2893917723130007,0.271238354162458,0.40354059671192627,0.9641707231873851,-0.12035015621098467
ENSSSCG00000015213,0.1228509730949997,1.6047039058026207,1.5392294324760878,3.2667843113737085,0.09464226585684388
ENSSSCG00000015214,0.5046897358274932,1.2205097086155192,1.5728583520565804,3.298057796499593,0.0047395107035028495
ENSSSCG00000015215,0.25910361271415744,1.1489516090075294,1.1093070710256692,2.517362292747356,-0.008051561996450173
ENSSSCG00000015217,0.8892611715685441,1.438823308528608,1.72520559757674,4.053290077673892,-0.11935226745773941
ENSSSCG00000015222,0.4329603036193185,0.5215938772178872,0.5412489057031907,1.4958030865403964,-0.01195405644411131
ENSSSCG00000015227,0.2530964453821356,1.0939082591252374,1.2286832343462322,2.575687938853605,0.04806876324921311
ENSSSCG00000015231,0.12368859850230227,0.5477459968681659,0.47071222866081025,1.1421468240312784,0.10446895555216233
ENSSSCG00000015233,0.10124265136706632,0.7148982208282422,0.6360585298319997,1.4521994020273081,-0.036590398632382455
ENSSSCG00000015238,0.263320376391435,0.8299468578228443,0.7689928858997397,1.862260120114019,-0.19160130835406863
ENSSSCG00000015241,0.15706427723151123,0.9214223152148311,0.9389857965658344,2.017472389012177,0.03822044055229732
ENSSSCG00000015242,0.2794677637797094,1.1269931369765074,1.0681874108452958,2.4746483116015128,-0.30664578663601366
ENSSSCG00000015243,0.603586801745017,0.7846342512677714,0.5232303690112173,1.911451422024006,-0.09841712383962319
ENSSSCG00000015244,0.3295922464887396,0.5177750457314255,0.6613229528294258,1.508690245049591,-0.05330553237453749
ENSSSCG00000015247,0.8060401669451657,0.13242815529453572,0.7576037856802873,1.6960721079199887,-0.12111858612877306
ENSSSCG00000015252,0.17979126834474943,0.6567964424231467,0.7031735606758333,1.5397612714437294,-0.026049913249411746
ENSSSCG00000015256,0.1259687460765804,0.3331297617483378,0.2579493626657645,0.7170478704906827,-0.2265343992529383
ENSSSCG00000015267,0.3262472702175482,0.6126414489517453,0.7109776774835505,1.649866396652844,-0.1689546466698286
ENSSSCG00000015273,0.4796329216596439,0.6960860266609775,0.9886665699211203,2.1643855182417417,-0.05469290479213493
ENSSSCG00000015282,0.5543865553600656,0.16552935205193425,0.6392804920577503,1.35919639946975,-0.021127918452165384
ENSSSCG00000015283,0.33221854027824743,0.5541081764672837,0.5540532288580359,1.440379945603567,-0.12587684474823663
ENSSSCG00000015284,0.96188592814244,0.848553732378756,0.8861697940491381,2.6966094545703343,-0.08017490284391263
ENSSSCG00000015288,0.3856145338044174,1.2817085843966163,1.6005612553012671,3.2678843735023007,-0.26546623608195613
ENSSSCG00000015290,0.08427095953824405,0.5039964652282245,0.5584638137971034,1.146731238563572,-0.0986943873415438
ENSSSCG00000015293,0.3784376653096328,0.42116911396551737,0.3692555970675871,1.1688623763427373,-0.2243914714316169
ENSSSCG00000015298,0.310855256612184,0.7879987211777095,0.5739317544758346,1.6727857322657282,-0.05516449392323429
ENSSSCG00000015300,0.3433427231686201,0.525719855284476,0.6308999399362256,1.4999625183893217,-0.2092419155443227
ENSSSCG00000015301,0.09528767597215845,0.5575604603879052,0.5923325177412463,1.24518065410131,-0.06787996474174576
ENSSSCG00000015302,0.37212288751191824,0.33315586931255764,0.6179391150863327,1.3232178719108085,-0.24551041917991615
ENSSSCG00000015305,0.5610893701653114,0.5854126537447149,0.6483292490834565,1.7948312729934828,0.010242899266096341
ENSSSCG00000015307,0.16592343918704952,0.43598840576949727,0.5085733641227815,1.1104852090793282,-0.16525253535765466
ENSSSCG00000015310,0.8838617167058724,0.5817439093230778,0.4727282260457936,1.938333852074744,-0.11543201301516902
ENSSSCG00000015311,0.5044202617023502,0.5461941655071847,0.5598401141451883,1.610454541354723,-0.05268246631753424
ENSSSCG00000015313,0.6605499971561318,0.673549642902211,0.5999466905258456,1.9340463305841884,-0.054456294854246225
ENSSSCG00000015314,0.7352604019330254,0.3431105440436156,0.6474985488727443,1.7258694948493853,-0.22394303949021152
ENSSSCG00000015315,1.1051887628758876,0.37520447551957675,0.8539502448778701,2.3343434832733343,-0.11357999917816389
ENSSSCG00000015316,0.548449363439952,1.3111776585651433,1.1112942589105614,2.9709212809156567,-0.05529929895238156
ENSSSCG00000015320,0.34423865703906803,0.5796974944483029,0.8201021090494719,1.744038260536843,-0.10371688895706489
ENSSSCG00000015322,0.655462844143215,1.5870302435844705,1.2518475286510717,3.494340616378757,-0.25947447869168905
ENSSSCG00000015326,0.20108209228875312,0.8605875091312782,0.7517964207979185,1.8134660222179497,-0.19329300986252293
ENSSSCG00000015327,0.4922784076747538,1.5068400459277966,1.7925763449338405,3.791694798536391,-0.34188012675555757
ENSSSCG00000015328,0.19071290334397845,0.5938420289676587,0.6468652909947277,1.4314202233063649,-0.17930176309915943
ENSSSCG00000015329,0.35573131994493085,0.6096529041842874,0.7912146065635461,1.7565988306927645,-0.187289095370736
ENSSSCG00000015335,0.5477084417569521,1.2071368722302716,0.9313092460462392,2.686154560033463,-0.3435577789696411
ENSSSCG00000015336,0.2738911472449239,0.9759404178018064,0.8658202304794017,2.115651795526132,-0.07228817200942436
ENSSSCG00000015337,0.5228472449223306,0.6050482688866932,0.6166761037842305,1.7445716175932544,0.12310876700235453
ENSSSCG00000015340,0.7294826261914154,1.2884735099998137,0.6895753448858999,2.7075314810771287,-0.2542450333203984
ENSSSCG00000015343,0.4873287901329245,0.4430960389570633,0.6679076128411966,1.5983324419311844,-0.061628568668806484
ENSSSCG00000015345,0.5317758519915429,1.6022504831779962,2.0583281935159463,4.1923545286854855,-0.30573007766633914
ENSSSCG00000015346,0.5024518896963567,0.9703075755915845,1.4198944323716136,2.892653897659555,-0.3786004553463749
ENSSSCG00000015350,0.3694719369048835,1.0155901378266483,0.7810515473565464,2.166113622088078,-0.38042429910681286
ENSSSCG00000015353,0.49465777212925216,0.5182075750775266,0.8479298415912725,1.8607951887980514,-0.25977444913452796
ENSSSCG00000015355,0.3961695133680747,1.1744866894286807,0.8625194689122677,2.433175671709023,-0.3026487275376704
ENSSSCG00000015356,0.28590573791811474,0.7446781087201494,0.6853151252188165,1.7158989718570807,-0.19775520526032553
ENSSSCG00000015358,0.35657351672705817,0.7716366813923573,0.6961639457169094,1.8243741438363248,-0.30064312939531956
ENSSSCG00000015360,0.7890911930099168,0.5791404193043346,0.38791048023829877,1.7561420925525502,-0.15348842386400283
ENSSSCG00000015362,0.296677582669212,0.3992503724307964,0.38876189967887026,1.0846898547788786,0.12079070820003929
ENSSSCG00000015368,0.31413920918768845,0.46206466298729404,0.593955070088451,1.3701589422634335,-0.17429911076579924
ENSSSCG00000015378,0.27114169096173185,0.48701632332584815,0.6553212840133956,1.4134792983009756,-0.08072089757080783
ENSSSCG00000015379,0.5124338219220942,0.863836076194238,1.2524828093830787,2.6287527074994106,-0.35982049467355925
ENSSSCG00000015380,0.9455092881766375,1.078511475501035,0.7047129004018579,2.72873366407953,-0.3971787016361485
ENSSSCG00000015384,1.0612355448716526,0.7247437713439105,0.6525807155968573,2.4385600318124205,-0.022895527139866843
ENSSSCG00000015386,0.5578774124117243,0.47928595291127457,0.7666792491105276,1.8038426144335264,-0.0694455909105178
ENSSSCG00000015387,1.1030838518832415,0.8978809040755015,1.0039655740873965,3.0049303300461396,-0.013441591504801611
ENSSSCG00000015390,0.41184786637743936,0.4696851395732505,0.20966675750697705,1.091199763457667,-0.4060496294610828
ENSSSCG00000015391,0.36095819016350145,0.5249824094721894,0.43616936799370876,1.3221099676293995,-0.4183274259064334
ENSSSCG00000015393,0.9632371523005695,0.5274777261529314,0.7817166870253912,2.2724315654788922,0.05161298060008802
ENSSSCG00000015394,0.5738685652339433,0.8892035680021179,0.8451989411304475,2.308271074366509,-0.19801232869445667
ENSSSCG00000015396,0.3207180542179319,1.1036226951644177,1.2663095852258006,2.6906503346081503,-0.4288294749710618
ENSSSCG00000015398,0.5326679002815132,1.3356471811325543,0.9943394777486839,2.8626545591627512,-0.25361368375816723
ENSSSCG00000015399,0.19321308272920562,0.563822040356367,0.624063936718209,1.3810990598037816,-0.1707717782270471
ENSSSCG00000015401,0.6717941909347463,1.0219443704504152,0.49024505507636956,2.183983616461531,-0.4305274926390422
ENSSSCG00000015402,0.3842724349974818,0.6584860258222994,0.7996533960448277,1.8424118568646088,-0.24935796071557306
ENSSSCG00000015405,0.24909723311782872,0.7763057367000394,0.8245163792771989,1.849919349095067,-0.44422877487124596
ENSSSCG00000015407,0.48355668440959715,0.4134213834219204,0.3928926090360709,1.2898706768675885,-0.3205220031621147
ENSSSCG00000015410,0.8642143996374346,0.3629547366473763,1.217949094923969,2.44511823120878,-0.2939153085360352
ENSSSCG00000015411,0.9881469997282456,1.0976225095207366,0.9651494083828686,3.0509189176318507,-0.11928701235794308
ENSSSCG00000015412,0.47307209194146527,0.8276431749963461,1.1242357082552537,2.424950975193065,-0.2694975299254889
ENSSSCG00000015413,0.2904129388791871,0.46210000422185127,0.6432107169370964,1.3957236600381349,-0.03391605212325805
ENSSSCG00000015414,0.9541898866617401,0.8216295292555548,0.510679653605299,2.286499069522594,0.017714752335421538
ENSSSCG00000015422,0.789483414468975,0.8576966937345213,0.9877068240687533,2.6348869322722495,0.11768773439639214
ENSSSCG00000015423,1.6842576621263892,0.7610986984210293,1.025697737510831,3.471054098058249,0.024370713985042404
ENSSSCG00000015424,0.3407041002067301,0.45111738181120437,0.5309936859868291,1.3228151680047635,0.05879844491771323
ENSSSCG00000015425,0.3006126718436236,0.6604793521005116,0.5502821350960643,1.5113741590401994,-0.32705308425091373
ENSSSCG00000015427,0.34878203015242965,0.42324695455487477,0.44070057535519447,1.212729560062499,-0.15249287275396736
ENSSSCG00000015428,0.3195303963897957,0.845178966830829,1.0561457403815482,2.220855103602173,-0.1348194987819802
ENSSSCG00000015430,0.5781595258630693,0.6491944591813698,0.6202622308048076,1.8476162158492466,-0.2419609638072808
ENSSSCG00000015432,0.7017153382882989,0.6480360241871786,0.6973091979372419,2.0470605604127194,-0.1988012517951323
ENSSSCG00000015434,0.17690098426476025,0.6204099703195788,0.6267136718564501,1.4240246264407892,-0.004256938680884334
ENSSSCG00000015435,0.34657649026244947,0.5489977136661531,0.665320807736571,1.5608950116651736,-0.11152285793545266
ENSSSCG00000015442,0.6599774232338117,0.6600872444556658,0.6451331152776184,1.965197782967096,-0.20692477781974983
ENSSSCG00000015443,0.35298675639312277,1.037665335439758,1.1567298553100165,2.547381947142897,0.11289576254282048
ENSSSCG00000015444,0.530847568910188,0.5902640270354794,0.9826352484503299,2.1037468443959972,-0.07321058434069701
ENSSSCG00000015446,0.6774998452040735,0.47964200301557414,0.7818862464155224,1.93902809463517,-0.22602788594804757
ENSSSCG00000015453,0.8130143195885471,0.8076283282394087,0.9119862885850307,2.5326289364129866,-0.09217067054567994
ENSSSCG00000015455,0.6905174128227133,1.1794797248560294,0.9624269718218735,2.832424109500616,-0.10367466960717717
ENSSSCG00000015462,0.5342683194126424,0.6029427664544653,0.8010751423040597,1.9382862281711675,-0.3342979465345426
ENSSSCG00000015473,0.24746316139047034,0.7204914393517948,0.884045462995231,1.852000063737496,-0.030445656997097725
ENSSSCG00000015480,0.5708543992391137,0.731460967554326,1.2779202698642398,2.5802356366576795,0.018602654998683594
ENSSSCG00000015482,0.38036144526676546,0.4270345516972026,0.6780687759774648,1.485464772941433,-0.04790030311853633
ENSSSCG00000015483,0.28351732450739586,0.6547711742277385,0.5516351242584492,1.4899236229935835,-0.13082448727336138
ENSSSCG00000015485,0.4268543325193068,0.35379529617100913,0.25548896757118256,1.0361385962614986,-0.15345644341287426
ENSSSCG00000015486,0.8319347375827968,0.9565529708645159,1.1455946773388268,2.9340823857861396,0.025999614418277125
ENSSSCG00000015487,0.8680310008789808,1.0190411538506936,0.6635858371782379,2.5506579919079124,-0.23155092521485315
ENSSSCG00000015489,0.3464917438584271,0.5522906122314822,0.456201850173395,1.3549842062633042,-0.24329560840776498
ENSSSCG00000015491,0.7839227270284872,0.7230737590626665,0.42503038364056167,1.9320268697317151,-0.2412432708181404
ENSSSCG00000015492,0.21745402586764465,0.5128503088238894,0.5600964600473604,1.2904007947388942,0.04029896693634761
ENSSSCG00000015494,0.40002328010765187,0.4171880588167144,0.6146126383391095,1.4318239772634758,-0.2100039417401142
ENSSSCG00000015496,0.668162780284855,0.9179150187971487,0.33818499250305584,1.9242627915850594,-0.1528418077023989
ENSSSCG00000015497,0.3279838498625463,0.483672727856838,0.511379350650279,1.3230359283696633,-0.17407530857849488
ENSSSCG00000015498,0.4957559342324485,0.5872024706608093,0.6400158752228488,1.7229742801161065,-0.134765278821534
ENSSSCG00000015499,0.2532873481070443,0.2829248688518301,0.3209973610753387,0.857209578034213,-0.2829931379192413
ENSSSCG00000015504,0.610885059375263,1.0775714761859823,1.1481946257035276,2.836651161264773,0.1406708034542256
ENSSSCG00000015507,0.2603867859602889,0.9929869525722702,1.0395109291484401,2.2928846676809993,-0.521123563895908
ENSSSCG00000015509,0.48887510423794295,0.26062742682915424,0.3855085200587206,1.1350110511258178,-0.2142790899195278
ENSSSCG00000015512,0.3260367073488078,0.8409620453013897,0.6366544061140473,1.8036531587642448,-0.32897586235861476
ENSSSCG00000015513,0.23033526094404824,0.7922905028086981,0.9590194804706232,1.9816452442233694,-0.5239852644075451
ENSSSCG00000015515,0.08793502963156957,0.3656824971775559,0.40318167830619955,0.856799205115325,-0.17427932723069645
ENSSSCG00000015519,0.20637058739911543,0.7486079044579421,0.6644606435113515,1.619439135368409,-0.30506258251804536
ENSSSCG00000015522,0.3845213772174141,0.5579268011881693,0.7466351959584238,1.689083374364007,-0.129266772011111
ENSSSCG00000015523,0.5385484793013284,1.4279974436798364,1.080410600066804,3.0469565230479687,-0.17550767048333812
ENSSSCG00000015524,0.12962140882202594,0.2464652160569934,0.27873161446139194,0.6548182393404113,0.04000528205129972
ENSSSCG00000015527,0.5907319717336786,1.2749933005027714,0.863123287916546,2.728848560152996,-0.23981788593361283
ENSSSCG00000015534,0.4343625687458229,0.3428156494297457,0.37690092645436984,1.1540791446299385,0.07338781632833713
ENSSSCG00000015537,0.5339906774572046,0.8770115654574955,0.6160740442461795,2.0270762871608796,-0.26441526369446733
ENSSSCG00000015539,0.3124163357794602,0.7162650934271777,0.6523338225619174,1.6810152517685553,-0.43047883211084914
ENSSSCG00000015543,0.09117908810140514,0.49251796138696174,0.5795192941475352,1.1632163436359022,-0.11461056832887438
ENSSSCG00000015545,0.885864502737783,0.6779514052596378,0.7114288635250945,2.275244771522515,-0.03081102138804433
ENSSSCG00000015550,0.4964775247811075,0.6324745477877313,0.896225448564549,2.025177521133388,-0.4670057617817974
ENSSSCG00000015555,0.14155537245106825,0.27975473378535104,0.3398719293855702,0.7611820356219895,-0.010593757191288074
ENSSSCG00000015557,0.2296133901418,0.5168238992636301,0.5517344178880959,1.298171707293526,-0.11568022798623517
ENSSSCG00000015558,1.17126293227327,0.7569612907963669,0.6116691819187389,2.5398934049883755,-0.21895513326687252
ENSSSCG00000015559,0.27092530529080394,0.8987494293192505,0.7878875587241829,1.9575622933342374,-0.34032898074610285
ENSSSCG00000015560,0.41432080322595655,1.080556709535707,0.8974458690064675,2.392323381768131,0.033903480435346633
ENSSSCG00000015563,0.2915799776726743,0.6254250453098913,0.5304308016928885,1.4474358246754542,-0.25581579931799975
ENSSSCG00000015565,0.5414517678330907,0.9873976257521307,0.7545058900482806,2.283355283633502,-0.35957813280920664
ENSSSCG00000015566,0.4297075683716352,0.1677019789045297,0.28712937925079307,0.884538926526958,0.0023813211285381108
ENSSSCG00000015568,0.5384646217385235,1.0716348165439762,0.6879185104131486,2.298017948695648,-0.2468583636943259
ENSSSCG00000015569,0.7932352375535584,0.9478029324424402,1.0305308252754521,2.771568995271451,-0.31550110941403403
ENSSSCG00000015570,0.22866485754638413,0.36288570883803023,0.503452299160191,1.0950028655446054,-0.07910872106175812
ENSSSCG00000015576,0.7524954699530051,1.258118044431701,0.926017379881559,2.936630894266265,0.027925306487112833
ENSSSCG00000015577,0.24325137004334063,0.48157784895014777,0.5617891636064233,1.2866183825999116,0.060522045442664284
ENSSSCG00000015581,0.1903904402680846,1.0311520649508092,0.9031015708297422,2.124644076048636,-0.018520724487550697
ENSSSCG00000015582,0.07567082589600511,0.5819468867093192,0.6065389387219123,1.2641566513272366,-0.18095230163134307
ENSSSCG00000015583,0.14276132165650487,0.6781602673597483,0.6822165837836739,1.5031381727999271,-0.17845046568252818
ENSSSCG00000015586,0.4123985769632245,0.3787440779385336,0.4182474112425098,1.209390066144268,-0.20138068127322745
ENSSSCG00000015588,0.41753105433982357,0.9162186506557612,1.2343706430685442,2.568120348064129,-0.2005664961518542
ENSSSCG00000015589,0.45369127992560654,0.6385199161823155,0.3172317762589952,1.4094429723669173,-0.19064828270846512
ENSSSCG00000015592,0.17246094516794752,0.35526913554954115,0.4612703956466118,0.9890004763641005,-0.04008647868836628
ENSSSCG00000015593,0.4099406614144876,0.43507279164026086,0.5969240891648142,1.4419375422195626,-0.18580533482741213
ENSSSCG00000015598,0.0883804032237202,0.6474940928289596,0.632504359523294,1.368378855575974,-0.17577088828421783
ENSSSCG00000015599,0.5790097585269347,0.751108945590659,0.46144434377996635,1.7915630478975602,-0.005298149954253199
ENSSSCG00000015600,0.6950056365390748,0.7881140563668348,0.8449029476576528,2.3280226405635625,-0.16587636516697757
ENSSSCG00000015602,0.8016043385206117,0.845306818888716,0.5565655596554064,2.203476717064734,-0.005891033827410115
ENSSSCG00000015603,0.40356518830622135,0.4339406872265938,0.5696112861098322,1.4071171616426472,-0.252039675434586
ENSSSCG00000015604,0.8874490677828896,0.531644976733473,1.2122195796181743,2.6313136241345365,-0.07666819465466958
ENSSSCG00000015607,0.22819491260677113,0.6998518664950503,0.816070194328513,1.7441169734303346,-0.3260528776735157
ENSSSCG00000015610,0.47877007443008346,0.4627328103445468,0.6618939675855864,1.6033968523602167,-0.3922489141700208
ENSSSCG00000015611,0.5593764078181598,0.9698276059462605,0.8725444362989363,2.401748450063357,-0.03382920020522175
ENSSSCG00000015612,0.2652828114168183,0.49144949451144526,0.4968603709031156,1.2535926768313792,-0.12005285329052241
ENSSSCG00000015613,0.3789913596831247,0.32254175300593596,0.4130878645158511,1.1146209772049118,0.07624681577186289
ENSSSCG00000015648,0.1686899862988293,0.5322709213812612,0.41822375141033524,1.1191846590904257,0.047721725909260604
ENSSSCG00000015650,0.9397071071646523,0.8530546018328405,0.9393885776399084,2.7321502866374012,-0.01713127254840554
ENSSSCG00000015659,0.9776994818149838,1.0347974075417792,1.8271385159692932,3.839635405326056,-0.17946638255043898
ENSSSCG00000015667,0.3763763657924255,0.8351494807398229,0.6232864788497451,1.8348123253819932,-0.15201268690586864
ENSSSCG00000015668,0.2952829856040121,0.5922396218513655,0.7778649759696359,1.6653875834250136,0.017914232144236892
ENSSSCG00000015669,0.28730069854947865,0.627409138008366,0.5436375650000033,1.4583474015578477,-0.13005427128285615
ENSSSCG00000015670,0.35227804905325666,0.7025740704069093,0.6174165756726158,1.6722686951327819,-0.018331845926713282
ENSSSCG00000015689,1.3701583736586216,0.603725822768254,1.2430002697708173,3.216884466197693,0.03305931349825454
ENSSSCG00000015690,0.43104838402885953,0.7672486472619472,0.6708259550524122,1.869122986343219,-0.14699564895778156
ENSSSCG00000015691,0.24098190432209843,0.5376397383988899,0.7163238215514467,1.4949454642724351,-0.08753574312494737
ENSSSCG00000015692,0.5749325137031638,0.6391669367635208,0.6119393231280074,1.826038773594692,-0.09011443759279328
ENSSSCG00000015694,0.3930717264560744,0.5029734821885518,0.6234271231776762,1.5194723318223025,-0.16991586376804343
ENSSSCG00000015695,0.3372595033276524,0.21151131493880387,0.2523530993989295,0.8011239176653859,-0.3016968279412302
ENSSSCG00000015697,0.3663230631531192,0.18767287011904946,0.42322557225096913,0.9772215055231378,-0.07548281911533397
ENSSSCG00000015700,0.2597426022723906,0.41353709793715404,0.353311836416646,1.0265915366261906,-0.1763393014723066
ENSSSCG00000015701,0.32533772814283674,0.5965616217780403,0.528464808239156,1.450364158160033,-0.2606069893711315
ENSSSCG00000015707,0.49589602713525494,0.5338897197382928,0.8354994731843927,1.8652852200579404,-0.23352802425307298
ENSSSCG00000015710,0.45620505376331577,0.9427979214061587,0.7501139247190999,2.149116899888574,0.08936147769404047
ENSSSCG00000015712,0.6533859925296489,0.6689730343520224,0.7948309982773182,2.1171900251589895,-0.05688743854505917
ENSSSCG00000015714,0.34297128201821836,1.0724764249417167,1.0829303097530614,2.498378016712996,-0.07760033683999032
ENSSSCG00000015718,0.20434509299093973,0.5184790369499007,0.6902020626493658,1.4130261925902063,-0.0897434920348199
ENSSSCG00000015729,0.7584995439999369,0.3851327527024509,0.7008466457771443,1.844478942479532,-0.0661954157982218
ENSSSCG00000015730,0.43714298933315854,0.8223755517606993,0.772627345109813,2.0321458862036708,-0.030908737655071884
ENSSSCG00000015734,0.5162055853963678,0.4924523628638699,0.7729956731430138,1.7816536214032515,0.15101204162692955
ENSSSCG00000015743,0.06429937141221,0.1553810829634063,0.188767354900135,0.4084478092757513,-0.07221062804056473
ENSSSCG00000015753,0.505111369889528,0.9810122083780543,0.6225775843812497,2.108701162648832,-0.019328970342400394
ENSSSCG00000015754,0.6074554612845315,0.9038099907547128,0.9406910428235485,2.451956494862793,-0.10598169960302946
ENSSSCG00000015755,0.7118801426440372,0.6465333963202406,0.8673340715340713,2.225747610498349,0.06598502092682784
ENSSSCG00000015769,0.4251356732166841,0.9739086093480683,0.7612828277333848,2.1603271102981374,0.14767916039222498
ENSSSCG00000015771,0.6829016067878115,1.3441005007518594,1.4203367270663299,3.4473388346060005,-0.3319210543508775
ENSSSCG00000015774,0.1685587494081714,0.4891522800683718,0.5828073993590044,1.2405184288355475,-0.05281312089315735
ENSSSCG00000015775,0.09540127640770814,0.4697748550222504,0.48260913581767095,1.0477852672476295,-0.1552888981792843
ENSSSCG00000015777,0.43219586406809574,0.7170376839568267,1.0434054973307512,2.1926390453556737,-0.2618002232376609
ENSSSCG00000015779,0.3586817969708168,0.5486058862683042,0.5408135308861791,1.4481012141253,-0.28744162759212
ENSSSCG00000015784,0.4585647575275333,0.30712608042846956,0.5791481766144608,1.3448390145704636,-0.002159679979719919
ENSSSCG00000015785,0.2528993956755399,0.582123101851983,0.44636342164902526,1.2813859191765482,-0.1863345102727034
ENSSSCG00000015786,0.3073116997689408,0.9271762637453594,0.8069714898484815,2.0414594533627817,-0.2041511607680065
ENSSSCG00000015789,0.89405120149111,1.4207759215907014,1.3568687399901866,3.6716958630719985,-0.4733440536991337
ENSSSCG00000015791,0.956735149590584,0.6023624309274677,0.5390320417636656,2.0981296222817174,-0.13374794317115676
ENSSSCG00000015792,0.34382469004153665,1.9575635882003826,1.6913052020043668,3.992693480246286,-0.19133373425837447
ENSSSCG00000015793,0.9082295563849596,0.7730910453955339,0.6553995884690416,2.336720190249535,0.05643732950943367
ENSSSCG00000015794,0.16655651829078397,0.8377576061940417,0.7836474109800615,1.7879615354648872,-0.18854946671612718
ENSSSCG00000015798,0.9354164512692971,0.9146375686085598,0.38259814780421264,2.2326521676820694,-0.11789966691605067
ENSSSCG00000015810,0.20685092696075855,0.4279211156472832,0.3924538822659526,1.0272259248739943,-0.0686082283709976
ENSSSCG00000015814,0.2121299467828294,0.9404583047412164,1.005892363962331,2.1584806154863765,-0.2900238731085772
ENSSSCG00000015816,0.3695975255007472,0.7579402837865955,0.7085633542245541,1.8361011635118967,-0.1995179438347326
ENSSSCG00000015818,0.6391032913311779,1.4381159961410912,0.8993432624475063,2.9765625499197754,-0.23615349839428965
ENSSSCG00000015820,0.8050055444365505,1.0237542526918968,0.693369598729083,2.5221293958575304,-0.3170527439456262
ENSSSCG00000015823,0.65760661001324,1.312989647193825,1.2772862598496137,3.247882517056679,-0.01569302180124878
ENSSSCG00000015826,0.5418101061605968,1.3727521230159956,0.9463717953396888,2.8609340245162813,-0.08011542744275575
ENSSSCG00000015828,0.5245716256132203,1.2713719691531156,0.8092063277223062,2.6051499224886423,-0.23610490204001472
ENSSSCG00000015830,0.1471120849374387,0.6395556996244897,0.6808280105923034,1.4674957951542318,-0.16090096441585067
ENSSSCG00000015840,0.3610856103792896,0.518280028599044,0.27166321552966416,1.1510288545079976,-0.060654402312614916
ENSSSCG00000015842,1.348285961390837,1.5473291556195914,1.0988253264790968,3.994440443489525,-0.2137803602073118
ENSSSCG00000015843,0.4306727950948837,0.84867898205392,0.6274722014885843,1.906823978637388,-0.11245426482380477
ENSSSCG00000015844,0.42455847884249703,0.4323887173553788,0.7434900745513073,1.6004372707491832,-0.42191410378699656
ENSSSCG00000015845,0.3868936328299497,0.6290827827725052,0.621959316876765,1.6379357324792199,-0.125573759686699
ENSSSCG00000015846,0.10500662613445293,1.1207235855797162,1.0264614577408342,2.2521916694550033,0.01278089357193628
ENSSSCG00000015851,0.2299260131561597,0.6710571231183867,0.7562185201396072,1.6572016564141536,-0.17796756591031018
ENSSSCG00000015853,0.393513307165833,0.5442393518248769,0.3817407976384232,1.3194934566291332,-0.09044678060346341
ENSSSCG00000015857,1.009984237260217,0.6911287138840675,0.6523810137462283,2.3534939648905127,0.13732532894329694
ENSSSCG00000015859,0.5145107392749101,0.7726078529988271,0.617190958369217,1.9043095506429542,-0.2576017849890803
ENSSSCG00000015861,1.4188621676466715,0.8226622714557412,0.9678139764076585,3.2093384155100715,-0.05515796218342812
ENSSSCG00000015862,0.2450987485906841,0.6756903885937399,0.5366901351289113,1.4574792723133352,-0.03452961779410865
ENSSSCG00000015866,0.7564433323817773,1.4459474312633063,1.5088203262610287,3.7112110899061124,-0.39643210128795064
ENSSSCG00000015867,0.3993131089347933,0.7102278446684728,1.0436012547981126,2.1531422084013787,-0.12531108566941004
ENSSSCG00000015868,0.8828461515069627,1.7652028080858426,1.7796873516235807,4.427736311216386,-0.04386957925085509
ENSSSCG00000015872,0.16209355768531758,0.8530840144632368,0.8347314790943797,1.8499090512429341,0.06765635232109361
ENSSSCG00000015876,0.37967641413686487,0.4996350060174335,0.7787118979162314,1.65802331807053,-0.25064959403996095
ENSSSCG00000015878,0.2194708259768127,0.8786232841216809,1.0330030261584202,2.1310971362569138,-0.19774588699019724
ENSSSCG00000015879,0.23906794847189805,1.0805425241699933,1.1391799747049942,2.4587904473468853,-0.2946798406585698
ENSSSCG00000015880,0.4557080707017858,0.5136662996191858,0.701403647956888,1.6707780182778595,-0.24994813102029742
ENSSSCG00000015882,0.2083231767505705,0.6951468818172964,0.7622141325008925,1.6656841910687596,-0.192440504846895
ENSSSCG00000015883,1.0985256306937874,0.9920630757927403,0.19557085825196932,2.2861595647384974,-0.13547266562087673
ENSSSCG00000015888,0.33905608010518656,0.7843407922890954,1.0421434001526284,2.1655402725469104,-0.11532389988298374
ENSSSCG00000015889,0.7945466769551822,0.9738912329380184,0.9691125771841755,2.7375504870773764,-0.11223110693547075
ENSSSCG00000015892,0.675987125016383,0.478344819952434,0.8722380129346128,2.0265699579034298,0.0736591943745164
ENSSSCG00000015895,0.1465493328973244,0.5562974889881348,0.5570666852674991,1.2599135071529584,-0.2173285266408774
ENSSSCG00000015898,0.3856634586565252,0.7811939028623266,0.6297842602131986,1.7966416217320504,-0.3414349808640833
ENSSSCG00000015907,0.451623108019491,0.42499696888511673,0.49112775938572034,1.3677478362903281,-0.0008407639677377429
ENSSSCG00000015908,0.6678484698761306,0.6232398073378796,0.3761931442385606,1.6672814214525709,-0.2387833397297929
ENSSSCG00000015913,0.29010891986641385,0.707659942220181,0.8884640595972412,1.886232921683836,-0.2151573039432718
ENSSSCG00000015917,0.20832195219006916,0.7424720225260762,0.7309901392738551,1.6817841139900005,-0.18556762055514775
ENSSSCG00000015924,0.7366397593258814,0.6020797262138307,1.2702042923013954,2.608923777841108,-0.08154484482188494
ENSSSCG00000015931,0.7752662932640079,0.5264372592080581,0.3549811866346714,1.6566847391067374,-0.15352848645197578
ENSSSCG00000015933,0.3002186243651055,0.6705138171739842,0.428074363803965,1.3988068053430547,-0.12292154172939655
ENSSSCG00000015935,0.8451513194890206,0.40009757435083504,0.6831303856903026,1.9283792795301582,-0.221285629378402
ENSSSCG00000015936,0.36132326013814764,0.8435689012323425,0.6683666838982812,1.8732588452687713,-0.045869094119511955
ENSSSCG00000015938,0.32854136612788143,1.258824993782338,1.376836267492541,2.96420262740276,0.03434671323796965
ENSSSCG00000015940,0.6511153099163387,0.6519396836592339,0.2668966430545716,1.5699516366301443,-0.08058939308024499
ENSSSCG00000015943,0.49690988126427105,0.4860422589974245,0.8771812826457204,1.860133422907416,-0.058540079562321164
ENSSSCG00000015944,1.858093046577356,0.7982526684720338,1.2302304555069317,3.8865761705563218,-0.13013765852218956
ENSSSCG00000015947,0.3709540238753554,0.34884621111223646,0.5980146565533382,1.31781489154093,-0.018445911519664748
ENSSSCG00000015948,0.15925616201622575,0.7398490211701697,0.5961366431641286,1.495241826350524,-0.16068679287025467
ENSSSCG00000015949,0.5173685518909038,0.5748417452957868,0.5758552855585755,1.668065582745266,0.0031579628300821808
ENSSSCG00000015952,1.0938387826557225,0.8375875749323168,1.2558877624259674,3.1873141200140065,-0.023041027346505413
ENSSSCG00000015955,0.8265910278493342,1.0070358337436125,0.5984856868053333,2.43211254839828,-0.3088672458038682
ENSSSCG00000015958,0.32153195516435085,0.22792868836404143,0.4924077141486378,1.0418683576770302,-0.15330783098953774
ENSSSCG00000015959,0.12619641579851146,0.5101544346844266,0.5629921202680985,1.1993429707510366,-0.20330750617909935
ENSSSCG00000015960,0.3767610671905984,0.7389674764782062,0.8282724758923197,1.9440010195611241,-0.13279329989627536
ENSSSCG00000015961,0.4739705779132703,0.6132321753709572,0.4512442858608981,1.5384470391451255,-0.31989664637852566
ENSSSCG00000015962,0.9024748463502914,0.9612843437978124,0.5959373244514875,2.4596965145995915,-0.136333541941992
ENSSSCG00000015963,0.3035106768027302,0.705827093830542,0.9339018956045035,1.9432396662377758,0.13332154263578225
ENSSSCG00000015965,0.35373383985897733,0.7738194213710788,0.9583726254976233,2.0859258867276793,-0.1015067243999332
ENSSSCG00000015969,0.16242125519667946,0.7577117052994021,0.7025571993880299,1.6226901598841115,-0.25512915425564875
ENSSSCG00000015973,0.4423758241904479,1.8170127058395478,2.006427840410124,4.26581637044012,0.1663007825358029
ENSSSCG00000015976,0.24134032042612646,0.30172535956717966,0.26596962059281964,0.8090353005861257,-0.015672218620410756
ENSSSCG00000015987,0.7116114706074158,0.6100169480294707,0.36299065906541333,1.6846190777022998,-0.001530114189255705
ENSSSCG00000015988,0.8895193236858769,0.43974953035899683,0.5265988964646244,1.8558677505094983,-0.00032282156160275957
ENSSSCG00000015996,0.19029100293042334,0.6239731718386614,0.5440751095025143,1.3583392842715991,-0.03286379217978589
ENSSSCG00000016005,0.5577646359641806,0.7762789197523638,0.23618459879689724,1.5702281545134418,-0.33217916211360105
ENSSSCG00000016008,0.40458208991069494,0.4030534815653938,0.3857695483837277,1.1934051198598166,-0.19286134613933417
ENSSSCG00000016009,0.16481317465135836,0.5490041512160541,0.45888212686874413,1.1726994527361565,-0.4395648019812732
ENSSSCG00000016010,0.34060722890303385,0.6326407750173325,0.546546924065614,1.5197949279859804,-0.41473730478339826
ENSSSCG00000016017,0.26576136711373943,0.2692989387737805,0.2894720612448474,0.8245323671323674,0.010259106459438502
ENSSSCG00000016018,0.1667392914491564,0.5449696893411923,0.5889120302757854,1.3006210110661343,-0.20564769381793227
ENSSSCG00000016019,0.8382807861759092,0.41943367041382884,0.4956664122361874,1.7533808688259254,-0.08221246006451356
ENSSSCG00000016020,0.07827496853370405,0.4115978068477365,0.38310915439065407,0.8729819297720947,-0.09200493076325257
ENSSSCG00000016026,0.19203994900663005,0.7124953034059632,0.6282219977050979,1.5327572501176912,-0.06629992822081104
ENSSSCG00000016027,0.7430289898396207,0.43873239297223454,0.596589644394189,1.7783510272060443,-0.09353723975182426
ENSSSCG00000016036,1.0982606870957645,1.0429621188611682,0.42101882345997993,2.5622416294169126,-0.19119585779167347
ENSSSCG00000016041,0.5936394102845189,0.6652840983963879,0.7574736490478613,2.0163971577287683,0.012083505432818206
ENSSSCG00000016043,0.8058131301234754,0.5257505806687598,0.7000621132673431,2.0316258240595784,-0.030697026197019764
ENSSSCG00000016044,0.2991892933459389,1.7538517038947208,1.626228544317829,3.6792695415584884,-0.15433093110091634
ENSSSCG00000016045,0.6952594268205485,0.5458130856840309,0.4016552594844363,1.6427277719890157,-0.24138274057613643
ENSSSCG00000016049,0.46623497450412177,0.41187167733290647,0.7669633181412464,1.6450699699782745,-0.2675859533748889
ENSSSCG00000016050,0.4526604644170573,0.2795516238741238,0.39568812867153963,1.1279002169627208,-0.5386888695110321
ENSSSCG00000016052,0.43505088397525554,0.6751326113263142,1.0224295935811063,2.132613088882676,-0.4719444085533984
ENSSSCG00000016053,0.16826922488036591,0.7888988953552695,0.8847908922920747,1.84195901252771,-0.3713155890920227
ENSSSCG00000016056,0.4674478605797415,2.4494496466641866,2.0982486644796903,5.015146171723618,-0.18403918269511146
ENSSSCG00000016057,0.3057831777327627,0.7521802265417348,0.6555499247320552,1.7135133290065525,-0.4095138313839693
ENSSSCG00000016059,0.6001198261107296,0.6756066884444732,0.7582446523674725,2.0339711669226754,-0.32766713715335916
ENSSSCG00000016061,0.27843437719409864,0.42659057658035365,0.24336174145415232,0.9483866952286046,-0.288399142661736
ENSSSCG00000016062,0.33173119912622373,0.20406357247522885,0.3315421693680757,0.8673369409695283,-0.07833701270754581
ENSSSCG00000016067,0.09191626432171988,0.6785128555574711,0.6825075532578733,1.452936673137064,-0.09127117230776677
ENSSSCG00000016069,0.5789111303344237,0.7004548866199891,1.058863949281863,2.338229966236276,-0.3686559619925206
ENSSSCG00000016070,0.46438682295985884,0.21377206220087275,0.5090643050829406,1.1872231902436723,-0.07802688123963418
ENSSSCG00000016073,0.42641184346794836,0.4003756087927676,0.4403371985770963,1.2671246508378122,-0.15936689135055704
ENSSSCG00000016074,0.5645446102895151,0.7094490548694995,0.2657043888258663,1.5396980539848808,-0.22399111174705255
ENSSSCG00000016075,0.45519877735601355,0.6690092762228523,1.0931993480726476,2.2174074016515135,-0.04896116341953804
ENSSSCG00000016076,1.034910230486786,0.42038950563470967,1.3767592920580731,2.832059028179569,-0.12508980849299373
ENSSSCG00000016077,0.4653396489176596,1.3171240545923262,1.3296275772485329,3.1120912807585186,0.16789735231093222
ENSSSCG00000016078,0.6945614630707269,1.0358794813267194,0.7464806517972002,2.4769215961946465,0.0763353941647118
ENSSSCG00000016079,0.22138441566521713,0.8896014471123241,0.9762451569778632,2.0872310197554045,0.008976718735213378
ENSSSCG00000016082,0.35451701191816304,0.32933863937459545,0.5089776604451112,1.1928333117378696,-0.05797780551911122
ENSSSCG00000016085,0.20657153540129092,0.3639509357210044,0.5417140701841943,1.1122365413064896,-0.04467669510663501
ENSSSCG00000016086,0.4837870622659492,0.39359908339555283,0.41740441026720504,1.294790555928707,0.033949467348616195
ENSSSCG00000016087,0.4781519683736541,0.5219441974220738,0.6336390172423967,1.6337351830381246,0.06182083471839598
ENSSSCG00000016092,0.7547368606368303,0.6878810219289003,0.7261867835164759,2.1688046660822065,-0.15698894855175113
ENSSSCG00000016094,1.9786771874859297,1.014560186259243,1.0132642546747332,4.006501628419906,0.023393722522137745
ENSSSCG00000016095,0.37335927818128917,0.6371464985687856,0.5053991735050936,1.5159049502551682,0.06670813745923684
ENSSSCG00000016096,0.13286786109444015,0.2356367185561352,0.2905176562602988,0.6590222359108742,0.10827888518265485
ENSSSCG00000016098,0.2206886953691772,0.5311688927388706,0.4414870674680904,1.1933446555761382,-0.1492931051854147
ENSSSCG00000016100,0.46690866025353694,1.4071757537359906,1.212193086043038,3.0862775000325655,0.2605727088542209
ENSSSCG00000016104,0.7013090303038783,0.34414590363266157,0.747054595953344,1.7925095298898839,-0.20808695438482272
ENSSSCG00000016107,0.4241220770207937,0.3944293078053248,0.5638120525111219,1.3823634373372404,-0.25559297889942534
ENSSSCG00000016109,0.5414817770321875,0.5607600499797973,0.8731033796892079,1.975345206701193,-0.3364126140201203
ENSSSCG00000016110,0.07111411367183405,0.6687526162905704,0.6452226089341877,1.3850893388965921,-0.10936397257110789
ENSSSCG00000016111,0.9371777101708724,0.8091185433531255,1.520903233827699,3.267199487351697,-0.10391257300419007
ENSSSCG00000016113,0.7425455803769787,1.2615252829828434,0.8355274241432388,2.839598287503061,-0.2694218699452071
ENSSSCG00000016114,0.8470934788147287,0.7585660272987078,1.0280288365652597,2.6336883426786963,-0.3828313310565742
ENSSSCG00000016115,0.5150764283195152,1.0080190187060942,0.8127792076356847,2.335874654661294,-0.336745522480995
ENSSSCG00000016116,0.52214026149303,1.0339303376315467,1.1916223517295486,2.747692950854125,-0.059123135020447706
ENSSSCG00000016117,0.6488257948154728,1.3384918331295421,1.379738000004405,3.36705562794942,-0.18945016840540155
ENSSSCG00000016118,0.5661804338748608,0.7724754260432677,0.4837628750956848,1.8224187350138132,-0.11966587061518066
ENSSSCG00000016119,1.0320069838793622,0.5280522974712767,1.0950931324311957,2.6551524137818348,-0.27433020361217153
ENSSSCG00000016123,0.7789176517729478,0.6477280243231228,0.649983396911362,2.0766290730074326,-0.4408709546200865
ENSSSCG00000016125,0.17982239942031344,0.641162895631968,0.6211658225995906,1.4421511176518722,-0.21061855141491512
ENSSSCG00000016127,0.46071761167379355,0.7985506576850355,0.9936495700941972,2.2529178394530263,0.21475915045110686
ENSSSCG00000016128,0.7523307222509279,1.1011814468244225,1.5614448557536804,3.4149570248290306,0.15178460517078163
ENSSSCG00000016134,0.5889649990330116,0.8754846556070002,0.6630807342452213,2.127530388885233,-0.09593156301024314
ENSSSCG00000016138,0.7506126144845028,0.8239488982672875,0.7275759226118594,2.3021374353636497,-0.13980953562047554
ENSSSCG00000016140,0.38048299515442896,0.32367051855107043,0.6519703479109406,1.35612386161644,-0.22403939409780865
ENSSSCG00000016141,0.4173503946317958,0.8440167634325711,0.6008411412379107,1.8622082993022775,-0.21695048892908936
ENSSSCG00000016147,0.1435415802166573,0.21329232545749507,0.24569031508392747,0.6025242207580799,-0.11467637746850419
ENSSSCG00000016151,0.3113685427913243,0.7463161828423958,0.9623845628864944,2.0200692885202143,-0.07027394473045381
ENSSSCG00000016153,0.5522690006299986,0.5717958170963185,1.0231347603041738,2.1471995780304907,-0.20300656944723602
ENSSSCG00000016158,0.5137536457816911,0.23605674951684977,0.5279865551284539,1.2777969504269948,-0.08801901791915598
ENSSSCG00000016159,0.19612412014812497,0.39555995410177913,0.5847339116485236,1.1764179858984276,-0.004328559769124959
ENSSSCG00000016164,0.17299035121289125,0.8677270394671265,0.821074591124761,1.8617919818047788,-0.14074121692338593
ENSSSCG00000016166,0.12756802239712794,0.8610044240805009,0.9280590255017344,1.9166314719793633,-0.42535677143644957
ENSSSCG00000016168,0.3042612548353335,0.5140602359405209,0.6124406426082719,1.4307621333841263,-0.17447721161990454
ENSSSCG00000016170,0.8113251010560272,0.7266200713341179,1.0596726216841281,2.597617794074273,-0.20189513218279795
ENSSSCG00000016173,0.27403928902679914,1.1533535338541168,1.0299446852029461,2.457337508083862,0.08446225075014287
ENSSSCG00000016177,0.6031041615467532,0.8208163724274954,1.3032157597226246,2.7271362936968733,-0.11777388005313132
ENSSSCG00000016185,0.5741833661565366,0.23985767592422166,0.7020561747965216,1.51609721687728,0.0584489090422272
ENSSSCG00000016189,0.08444467744004198,0.8751113441615314,0.8108999775166378,1.7704559991182112,-0.07947371395632961
ENSSSCG00000016191,0.7899427894697033,0.28851502267424367,1.0035017748592387,2.081959587003186,-0.06612298469661843
ENSSSCG00000016192,0.6298794055703354,1.0985162401937312,0.9925173798093871,2.720913025573454,-0.015134554938980319
ENSSSCG00000016193,1.405129701365401,1.3299745759907626,0.8810426180606592,3.616146895416823,0.02532331972432825
ENSSSCG00000016194,0.43143427741212104,0.5344848455466339,0.8469985007964899,1.812917623755245,-0.29590511510870576
ENSSSCG00000016201,0.36084946785624256,0.45301447428750885,0.10252423252394857,0.9163881746677001,-0.09777108242942048
ENSSSCG00000016202,0.09605227654308497,0.3237733546512594,0.3600393738621799,0.7798650050565242,0.05144504744649016
ENSSSCG00000016214,0.1890447518956455,0.3487790664672653,0.25151392646644394,0.7893377448293548,0.02225508735112353
ENSSSCG00000016216,0.196189195877845,0.3964317625961233,0.4253444448807205,1.0179654033546888,-0.06746950831349953
ENSSSCG00000016217,0.10252422855761226,0.5364151063597986,0.610199619198136,1.2491389541155469,-0.2310754366409227
ENSSSCG00000016220,0.4575037137927014,0.6303682359051586,0.7143798855263771,1.802251835224237,0.20401983738782015
ENSSSCG00000016223,0.830542478085866,1.4009157437693607,1.4460196643766388,3.6774778862318653,-0.2855028919123326
ENSSSCG00000016224,0.38363603112130745,0.5545699502993253,0.783903662564045,1.7221096439846777,-0.0909788351801807
ENSSSCG00000016226,1.3346914084958097,1.5059447602805724,1.2086651689898622,4.049301337766244,-0.08245171968987577
ENSSSCG00000016232,1.018029818243591,0.8799108902169279,0.7610914174425305,2.6590321259030496,0.02329922180448975
ENSSSCG00000016233,0.08746976292805224,0.7242623800970197,0.7692889397129867,1.5810210827380586,0.07093900611815383
ENSSSCG00000016234,0.7933049423508114,0.7177785244998198,0.3086121382826325,1.8196956051332638,-0.1475036120395076
ENSSSCG00000016243,0.16391349816262069,0.6030522326850465,0.48868187685290254,1.2556476077005696,-0.24061302050528693
ENSSSCG00000016248,0.5348492138371653,0.9142672540581547,1.0299168032695065,2.4790332711648264,-0.20494765121081632
ENSSSCG00000016266,0.7299587135869947,1.8500013223192366,2.266321422914372,4.846281458820604,-0.17046996831147673
ENSSSCG00000016272,0.8130033734086212,0.37384812524512656,0.5004349816322,1.6872864802859477,-0.039393407186640944
ENSSSCG00000016273,0.292041444372663,0.8678807206073071,0.7794448308081166,1.9393669957880866,-0.017518215719048515
ENSSSCG00000016275,0.40842479084864103,0.42531633630459437,0.5726191009808819,1.4063602281341172,0.014689479065059843
ENSSSCG00000016279,0.6683685044104427,0.5290756675759429,0.3465368039254395,1.543980975911825,-0.11653316633831669
ENSSSCG00000016290,0.3747553791661822,0.9332581447517573,1.1258185432227046,2.433832067140644,-0.27890594224083876
ENSSSCG00000016291,0.10419832515589322,0.4913976625072142,0.5201421256122407,1.115738113275348,-0.09992230355165119
ENSSSCG00000016300,0.5865831741942277,0.48160006550355794,0.37802536122364305,1.4462086009214286,-0.23929224491913542
ENSSSCG00000016301,0.14793489069999777,1.0729482512225357,0.9386581181872093,2.1595412601097426,-0.22645829493384736
ENSSSCG00000016306,0.6231574023082277,1.1178976784348602,0.9576278426769526,2.6986829234200407,-0.21870071318063594
ENSSSCG00000016313,0.28305229994639497,0.5126762705124533,0.6624701587856257,1.458198729244474,-0.22776038938447613
ENSSSCG00000016323,1.2161309964625102,0.6164949758584798,1.0989065799393807,2.9315325522603706,-0.02861874717548515
ENSSSCG00000016332,0.6658997106293041,0.49469494865346547,0.8645254222322897,2.0251200815150594,-0.28630817099169326
ENSSSCG00000016339,0.13952088120862166,0.9251510270954435,0.8085209137739895,1.8731928220780547,-0.01739696876233669
ENSSSCG00000016346,0.5615879534666449,0.9129782061616574,0.455879863649135,1.9304460232774374,-0.1739679650456023
ENSSSCG00000016370,0.9680429672151121,0.7445092998456403,0.642617748126298,2.35517001518705,-0.028674507395061735
ENSSSCG00000016376,0.2357629480666235,0.45034106482118547,0.4245900064890926,1.1106940193769015,0.07917342939500928
ENSSSCG00000016378,0.08750085142536923,0.2532023008687826,0.3319636279275187,0.6726667802216706,-0.044637531223404886
ENSSSCG00000016379,0.12744052647316786,1.1786916773248346,1.2059382203132092,2.5120704241112115,0.06655617114814051
ENSSSCG00000016395,0.6519132507012273,0.6702190463683108,0.5065795541462814,1.8287118512158196,-0.08973782118126614
ENSSSCG00000016397,0.3742719318075357,1.3781791962970484,1.457533565170369,3.209984693274953,-0.4533297489375813
ENSSSCG00000016399,0.5286296603207732,0.7070043829935386,0.22075010385163513,1.4563841471659469,-0.16207524612787935
ENSSSCG00000016406,0.2398604642306238,0.12010283813498729,0.3037221502615998,0.6636854526272109,0.02608633574583208
ENSSSCG00000016411,0.6167338334693045,0.629077070882307,0.8543930373502456,2.100203941701857,-0.16777063333609898
ENSSSCG00000016412,0.15158520348979665,0.30226378589334724,0.3779097110111004,0.8317587003942443,-0.0829409365017194
ENSSSCG00000016420,0.23815332188406893,0.1875496664698126,0.395233878865498,0.8209368672193795,-0.06607996628001046
ENSSSCG00000016426,0.049069456732157735,1.0867103861971412,1.0957603325795677,2.231540175508867,-0.3246448786769386
ENSSSCG00000016430,0.6663120837718751,0.7843529809966835,1.1002415590378392,2.550906623806398,-0.1041906139403669
ENSSSCG00000016431,0.20834252348919874,0.580220762127318,0.5936795212061897,1.3822428068227066,-0.1534665425954233
ENSSSCG00000016432,0.3344128303625046,0.6025457169011078,0.5319653930840802,1.4689239403476926,-0.18339030804984488
ENSSSCG00000016434,0.4372409321233804,0.6981272345107187,0.8438275876939144,1.9791957543280136,-0.015101347079879276
ENSSSCG00000016437,0.06253551579747632,0.6862649396263257,0.6914580667830019,1.440258522206804,-0.22024085820503148
ENSSSCG00000016438,0.3654282649132454,0.7689860474860573,0.6982875022643156,1.8327018146636183,-0.25731124585320264
ENSSSCG00000016441,0.8369836103894404,1.0437063866339604,1.0922066940306492,2.97289669105405,-0.09925197129340127
ENSSSCG00000016452,0.20961510712501127,0.4067872405100902,0.45926856044955855,1.07567090808466,-0.0713691805745521
ENSSSCG00000016453,0.19362376732628292,0.13620692180134208,0.21895728800720668,0.5487879771348317,0.0034182693703125357
ENSSSCG00000016461,0.2923794738942427,0.6898412412604479,0.6065576078742553,1.5887783230289458,0.14047419188470062
ENSSSCG00000016464,0.4150747566669384,0.49052774379630787,0.2364807363232765,1.1420832367865228,-0.08562203638857876
ENSSSCG00000016478,0.1528155618378835,0.4719487447026188,0.5794403648474155,1.2042046713879178,-0.25346540522415273
ENSSSCG00000016487,0.5346762155538671,0.44779854343012154,0.9700244992166717,1.9524992582006604,-0.3344592185885593
ENSSSCG00000016488,0.5578694991806403,1.2995574680207718,1.219973341741104,3.077400308942516,0.11550236102356334
ENSSSCG00000016489,0.6763729511250697,1.6296922001553573,1.9659804214683232,4.27204557274875,-0.6472752512685067
ENSSSCG00000016491,0.2503401906837608,1.0933855712239249,1.270778352963128,2.6145041148708135,-0.4686272266274674
ENSSSCG00000016492,0.5590518413285889,0.8166793356233999,0.6593601917518949,2.0350913687038834,-0.16946017168637237
ENSSSCG00000016494,0.4812711593113739,0.3217181244867364,0.4450095302816385,1.2479988140797489,-0.2310243308620695
ENSSSCG00000016496,0.16785157293462596,0.7232994331277314,0.6016135001101447,1.492764506172502,-0.09591227160982675
ENSSSCG00000016497,0.08243771840032038,0.5947642070863516,0.667203509312171,1.3444054347988428,-0.19019451299490236
ENSSSCG00000016498,0.8269447831419066,1.5111423721427006,1.6584556981568515,3.9965428534414587,-0.09344802439791783
ENSSSCG00000016501,0.5695804129543581,0.3770078131828139,0.5891832701257057,1.535771496262878,-0.285758533800199
ENSSSCG00000016502,0.37300487566952806,0.7290076399214028,0.7017455857022236,1.8037581012931545,-0.544628983506297
ENSSSCG00000016509,0.6859274742191628,0.3888609364394491,0.9383382406813241,2.013126651339936,-0.14627366345837853
ENSSSCG00000016510,0.6290505048311793,0.5750390083317249,0.6167201623164349,1.8208096754793393,-0.3084838973684676
ENSSSCG00000016511,0.22964082851039821,0.5634979961578902,0.5276318034596411,1.3207706281279297,-0.0649827428800894
ENSSSCG00000016512,0.11426930782131402,0.15958157797768716,0.24466593965833294,0.5185168254573341,-0.009915499644577365
ENSSSCG00000016513,0.07369783454257586,0.5132871427029588,0.5727256771678865,1.1597106544134212,-0.18074539920958188
ENSSSCG00000016516,0.08878020209847047,0.6335156885585838,0.6481585694870101,1.3704544601440642,-0.16770502456604897
ENSSSCG00000016517,0.6231089234443581,0.537733867391557,0.8645637408816136,2.025406531717529,-0.3449996294714514
ENSSSCG00000016518,1.0347451840392001,0.503706313410912,0.5664026223488292,2.104854119798941,-0.11560899235828787
ENSSSCG00000016520,0.27176445883176026,0.46974866723374203,0.46745218413195294,1.2089653101974553,-0.02371626347786376
ENSSSCG00000016521,0.24084723945770892,0.7971972274767526,0.872470213204214,1.9105146801386756,-0.18815370629294323
ENSSSCG00000016532,0.18733419053671263,0.712140210195405,0.720742177443523,1.6202165781756406,-0.25232479239879346
ENSSSCG00000016535,0.23478086023168915,0.36759237695612607,0.4065280246488182,1.0089012618366335,0.23512116359187446
ENSSSCG00000016541,0.22009181079575504,0.27419184115263096,0.26989938747795883,0.7641830394263448,-0.05106801763018564
ENSSSCG00000016543,0.4520874740642387,0.9030730299758863,0.6591536785208442,2.014314182560969,-0.20191812909544615
ENSSSCG00000016545,0.8704724473905836,1.0770783900247138,1.2547595099189177,3.2023103473342154,-0.07505988282519915
ENSSSCG00000016548,0.3873722290867707,0.5731360353754816,0.48450302536633033,1.4450112898285827,0.039232743179404644
ENSSSCG00000016549,0.3222634980550097,0.21987621568787896,0.5098155035439251,1.0519552172868138,-0.25418386930123243
ENSSSCG00000016553,0.39157085830776794,0.8852966680290052,0.7549723959902128,2.031839922326986,-0.2808152938898208
ENSSSCG00000016554,0.2820015896376993,0.6932548630906021,0.8088354688366051,1.7840919215649065,-0.2548941176510687
ENSSSCG00000016562,0.13236674499545192,0.8999743758169556,0.966681266275196,1.9990223870876036,-0.287862138041088
ENSSSCG00000016563,0.29770714265685727,1.4597839768918204,1.72811804292806,3.4856091624767376,-0.15431912535881864
ENSSSCG00000016564,0.8431531930590631,1.1661697256182553,0.8676289756917369,2.8769518943690553,-0.2774945868067283
ENSSSCG00000016565,0.3393459673775287,0.20422654108335275,0.29769172551464956,0.841264233975531,-0.1287101349107577
ENSSSCG00000016566,0.24941665317997824,0.5945420889226891,0.5141543884032691,1.3581131305059364,-0.07181288243765414
ENSSSCG00000016567,0.3100120774504313,0.4951619506496755,0.7358089859918926,1.5409830140919993,-0.32707313372742214
ENSSSCG00000016572,0.6436691577852574,0.5396481836536707,0.6862093056832178,1.8695266471221457,-0.03917174983224763
ENSSSCG00000016578,0.5171511465136241,0.5250100967015618,0.6020182545312612,1.644179497746447,0.09484246974680657
ENSSSCG00000016579,0.7671835065967557,0.8323799450984564,1.3862998397089927,2.985863291404205,-0.3019410026389903
ENSSSCG00000016581,0.49493437568681803,0.44327443423826857,0.8092317727273824,1.747440582652469,-0.037821778167544284
ENSSSCG00000016590,0.16488120221716954,0.33062987460868287,0.3178665899565884,0.8133776667824408,-0.06556855636129652
ENSSSCG00000016593,0.09857762968859046,0.9582586727852098,0.968255399866687,2.0250917023404873,-0.04306542433888188
ENSSSCG00000016597,0.8118001353264853,0.7049389639508701,0.8840209442646741,2.4007600435420295,-0.08867754551732444
ENSSSCG00000016604,0.13779365946680275,0.3411851133816988,0.444308141807487,0.9232869146559886,-0.08565567682186882
ENSSSCG00000016611,0.6028347009557753,1.3076754961225503,0.7621096910586312,2.672619888136957,-0.41159346633966465
ENSSSCG00000016613,0.3411152332980449,0.6904896347133341,0.6868162898484532,1.718421157859832,-0.23751779059089903
ENSSSCG00000016614,0.4080726570139765,0.4870788409886178,0.571878544764493,1.4670300427670873,-0.2856305884983799
ENSSSCG00000016616,0.8841265346425575,0.8931872215648065,0.9450032161233424,2.7223169723307064,0.024282585682027867
ENSSSCG00000016619,1.1345238922547083,3.2048378883140947,3.0537968758166425,7.393158656385445,-0.24559361424341344
ENSSSCG00000016620,0.35143278716476717,0.46131299130602704,0.6708292494166745,1.4835750278874689,0.004652753133420394
ENSSSCG00000016625,0.5827421355842614,0.6730196809952222,0.8718461433135847,2.1276079598930684,-0.24025926689464078
ENSSSCG00000016629,0.1509714532724128,0.3359384080684359,0.25873833139619795,0.7456481927370466,-0.1339727223575968
ENSSSCG00000016643,0.6267155391776419,0.4318541552273249,0.6015606237191315,1.6601303181240983,0.011121423122909705
ENSSSCG00000016646,0.516158723730869,0.9392861375886348,0.6526087355289985,2.108053596848502,0.050608905930413145
ENSSSCG00000016653,0.5295415237925903,0.4792291539854522,0.9624621908805102,1.9712328686585527,-0.03070424274649594
ENSSSCG00000016658,0.14077991870590584,0.5957286630656742,0.48471346068198434,1.2212220424535642,-0.11631814808686758
ENSSSCG00000016659,0.1421851500508364,0.5634066846857229,0.6009864945037723,1.3065783292403315,-0.12220684540990313
ENSSSCG00000016661,0.37950608491333004,0.7916232851897935,0.5856157977675479,1.7567451678706716,0.023045047695295848
ENSSSCG00000016665,0.8089779930612221,0.3604286821076276,0.9671491617440355,2.136555836912885,-0.17930911191093205
ENSSSCG00000016668,0.4222476799250811,0.9795058750770669,1.1035597958016294,2.5053133508037773,-0.33087166549016783
ENSSSCG00000016671,0.17860937560282214,1.1077350484674604,0.9670397933455456,2.253384217415828,-0.39858529383813845
ENSSSCG00000016672,0.39451736472705906,0.5768864277360481,0.913559575205949,1.884963367669056,-0.22006911840204907
ENSSSCG00000016677,0.2913063786043322,0.7077181129761442,0.7050461093137517,1.704070600894228,0.10250149145440696
ENSSSCG00000016678,0.638405053267127,0.8528903824829254,0.9098530923970607,2.401148528147113,-0.1782678056423354
ENSSSCG00000016679,0.5517444918128686,0.2337555271398908,0.4077651756042405,1.1932651945569999,-0.10609402986663798
ENSSSCG00000016682,0.09096490665263866,0.521753307408322,0.5788904353331799,1.1916086493941407,-0.21596523558013533
ENSSSCG00000016684,0.07291591661070504,0.61423235484977,0.6758253637050301,1.3629736351655053,-0.15108115619834792
ENSSSCG00000016685,0.37804069375470334,0.6024369991355717,0.6504012523783292,1.6308789452686043,-0.31414261955155376
ENSSSCG00000016687,0.5912589461885603,0.4478657896039559,0.7666242097577783,1.8057489455502944,-0.4164812027350168
ENSSSCG00000016690,0.17775738467361274,0.47539802179161206,0.5825473458972338,1.2357027523624584,-0.12472572560107517
ENSSSCG00000016691,0.7499447083853638,1.4711348913311573,2.105068068291673,4.326147668008193,-0.44808965743194906
ENSSSCG00000016692,0.6987031811232428,0.7469010789901214,1.1019299354931569,2.547534195606521,-0.2330217523952975
ENSSSCG00000016695,0.8184385358624056,0.5786723623177663,0.6865784498450836,2.0836893480252554,-0.08635504217551383
ENSSSCG00000016708,0.3207739113430395,0.39962263869191206,0.47626544346049593,1.1966619934954474,-0.10091432169032696
ENSSSCG00000016711,0.7868292516294836,0.8896749785346303,1.1929625050316648,2.869466735195779,-0.04886650998810539
ENSSSCG00000016714,0.399910183468194,1.5622434685449629,1.596119811381035,3.558273463394192,0.10901833968035049
ENSSSCG00000016715,0.36153693709658835,1.027664156931784,1.0658212724603018,2.455022366488674,-0.29449906009215937
ENSSSCG00000016716,0.08982112836105441,0.9918246673637542,0.9799798802446718,2.0616256759694807,-0.38290244689147196
ENSSSCG00000016717,0.5657551894825332,0.5153909368720259,0.5275578668910024,1.6087039932455616,-0.32250077217977474
ENSSSCG00000016719,0.6010837879757592,1.3828585595070069,0.9518375585225239,2.93577990600529,-0.2550598107538793
ENSSSCG00000016724,1.2130131256721541,1.7336439495204126,1.043441375061779,3.990098450254346,0.1055813193581922
ENSSSCG00000016737,1.3971529690057152,1.1569299734992726,0.7388071877918363,3.2928901302968243,0.10380759743861596
ENSSSCG00000016738,0.5338814251376459,1.2302837079267874,1.6339344440579437,3.398099577122377,0.09929120665039107
ENSSSCG00000016743,0.13819258134904658,0.3827653912562948,0.34442559064123784,0.8653835632465792,0.02527349357385415
ENSSSCG00000016744,0.2851719707144172,1.6026622847453083,1.5018973281250858,3.389731583584811,0.07160372393903805
ENSSSCG00000016750,0.20740832914601343,1.0963727596201989,0.9440649188195788,2.247846007585791,0.10974997528141536
ENSSSCG00000016755,0.782744675819512,0.4668476927570658,1.1653454250079003,2.4149377935844782,-0.06727653471291675
ENSSSCG00000016758,0.4151444163605655,0.4827404008851156,0.7853905132205586,1.6832753304662398,-0.3521235200118556
ENSSSCG00000016760,0.1556336934669475,0.30507144704498224,0.45644941355541735,0.9171545540673471,-0.20592771284286768
ENSSSCG00000016768,0.288331924737375,0.5292290650162326,0.530982276039352,1.3485432657929595,0.05478514667512283
ENSSSCG00000016769,0.4425040315096273,0.45627301482412513,0.3446734401760991,1.2434504865098515,-0.27482641273563096
ENSSSCG00000016772,0.5099171781076466,0.6342165666301033,0.7325656377474283,1.876699382485178,-0.03328043735223823
ENSSSCG00000016773,0.07870334511114795,0.9389860223328327,0.8855806293901702,1.9032699968341509,-0.2366547706655661
ENSSSCG00000016778,0.21714135992823402,0.5673625985196188,0.6773071621460129,1.4618111205938658,-0.10321293452997095
ENSSSCG00000016781,0.06982612664630505,0.6161551287372531,0.6251220516275633,1.3111033070111215,-0.15376051949101688
ENSSSCG00000016782,0.2544309902021059,0.5337016880533966,0.6053604142338241,1.3934930924893267,-0.0859723093814401
ENSSSCG00000016784,0.1338973711983313,0.3984121008364437,0.51036603924141,1.042675511276185,-0.09682461218597625
ENSSSCG00000016792,0.10840228601746432,0.4281726553871892,0.5205438845327028,1.0571188259373563,-0.14606555279647795
ENSSSCG00000016793,0.6955778992960974,0.4601097873262099,0.597111271387327,1.7527989580096344,-0.008585826188174932
ENSSSCG00000016794,0.28922366679655054,0.7679528283088087,0.9465756807204377,2.003752175825797,-0.3001398087309143
ENSSSCG00000016808,0.1283786291155812,1.021690204743219,1.0017369485534444,2.1518057824122447,-0.13800310264464252
ENSSSCG00000016809,0.8066701820816318,0.3169202918130841,0.6138516678962369,1.737442141790953,-0.19818709601384848
ENSSSCG00000016810,0.2587630928622287,0.708949839936298,0.6313564818447632,1.59906941464329,-0.355915923108
ENSSSCG00000016816,0.23264779470772604,0.6529417833304028,0.8419483234119108,1.7275379014500396,-0.2773556101410474
ENSSSCG00000016817,0.7157555032489357,0.4651971781637151,0.9737497120568173,2.154702393469468,-0.01027253941018096
ENSSSCG00000016824,0.499964785514713,0.4801584395609978,0.6810394163138016,1.6611626413895124,-0.23022513432929628
ENSSSCG00000016826,0.2626477687266691,1.4155465679544692,1.1880401255089033,2.8662344621900413,-0.13449756887107223
ENSSSCG00000016827,0.33988587731736447,0.9162838806088387,0.6922307565103007,1.948400514436504,-0.05783027034579962
ENSSSCG00000016828,1.345067855223439,1.0643304351024385,0.7427295225763331,3.1521278129022106,-0.3154768499510964
ENSSSCG00000016834,0.5670346696969858,0.6795964093370593,0.5830969743303056,1.8297280533643507,-0.08063595508645781
ENSSSCG00000016835,0.382122484526138,0.2683461389610234,0.49122541903147177,1.1416940425186333,-0.16992242165826146
ENSSSCG00000016836,1.3027150525735987,2.4392363662981897,3.063719845461632,6.80567126433342,-0.15004875028869186
ENSSSCG00000016842,0.9308504344358993,0.3322694006441286,0.9250481569370612,2.188167992017089,-0.16720903582011845
ENSSSCG00000016843,0.31622011660806326,0.7798004276392332,0.9265180879220575,2.0225386321693537,-0.3986373108580969
ENSSSCG00000016845,0.5072381596972567,0.34752726856130367,0.8306839778528917,1.6854494061114522,-0.1501819742924875
ENSSSCG00000016846,0.3277389397742435,1.0700099774087704,1.1651262265881952,2.562875143771209,-0.16743333024269969
ENSSSCG00000016848,0.2625679463932295,0.691079876999866,0.7367572718947184,1.6904050952878138,-0.19947958551839826
ENSSSCG00000016850,0.7252305212140249,0.6970901932920388,0.709358450536327,2.1316791650423905,-0.24057646972814725
ENSSSCG00000016851,0.25758427881961304,0.6512074345956931,0.6290435359489586,1.5378352493642646,-0.15480343613217604
ENSSSCG00000016853,0.6065010221747942,1.1485701128887176,1.4278988070030412,3.1829699420665527,-0.2570497358052737
ENSSSCG00000016855,0.24957682179844976,1.007446085821131,0.8315998491833887,2.0886227568029696,-0.029651022605845134
ENSSSCG00000016863,0.1379771423379767,1.222608363208639,1.0971566623237134,2.4577421678703293,0.20133936783966316
ENSSSCG00000016865,0.8491199086368479,0.372556760402303,0.8916111959048639,2.1132878649440148,-0.10377219376242935
ENSSSCG00000016866,0.42534969532479017,1.142627054763779,1.061410828414573,2.6293875785031418,-0.35137747644972706
ENSSSCG00000016869,0.26546286093911464,0.6441309526223661,0.7190350339388136,1.6286288475002944,-0.16034588875353872
ENSSSCG00000016872,0.07179897051945765,0.561567569274592,0.592116148733474,1.2254826885275234,-0.07142934784116209
ENSSSCG00000016873,0.22861049095347885,0.611025508156737,0.583774216041029,1.4234102151512449,-0.16094977272477448
ENSSSCG00000016874,0.439289607626122,1.4205757523861502,1.3727475875326949,3.232612947544967,-0.310401328022239
ENSSSCG00000016876,0.8138998805391195,1.9072611117610507,1.534462781729465,4.255623774029635,-0.2492308667398598
ENSSSCG00000016877,0.37429285992941286,0.5553943675593754,0.5495469257765563,1.4792341532653446,-0.32906046556471286
ENSSSCG00000016883,0.18867756796077806,0.7410770772085657,0.7471151742794732,1.676869819448817,-0.42198735720469055
ENSSSCG00000016884,0.4800277300261169,0.4452644310420387,0.8253917844206508,1.7506839454888063,-0.09098441833436283
ENSSSCG00000016887,0.5950012492067848,0.9017634008710143,0.44867093521872115,1.94543558529652,-0.4030696879663716
ENSSSCG00000016888,0.7212776329459215,0.49996716006048386,0.6386229227641463,1.8598677157705517,-0.08157278952950255
ENSSSCG00000016892,0.1823854311046153,0.4169715062470209,0.5306690371778016,1.1300259745294379,0.17406235653183358
ENSSSCG00000016893,1.036631019544171,1.543097141774772,1.0924435412858233,3.672171702604767,0.21180056570439218
ENSSSCG00000016894,0.3294100092801541,0.4255733565651018,0.41841035698821444,1.1733937228334703,-0.22851694930420793
ENSSSCG00000016898,0.16100602674036682,0.5405141445308242,0.6785064454793456,1.3800266167505366,-0.04419441306883662
ENSSSCG00000016902,0.39737136151852126,0.41825005400527826,0.7537134979316976,1.569334913455497,-0.2894265970199836
ENSSSCG00000016903,0.3926872473182437,0.6906227950175459,1.0589114885767306,2.1422215309125203,-0.3926809678400994
ENSSSCG00000016907,0.31731834553951505,1.0124027489694787,1.2028514575092697,2.532572552018263,-0.006465913933438551
ENSSSCG00000016911,0.923252660924528,0.6849132148451801,0.4382996853088452,2.046465561078553,-0.1737392548184903
ENSSSCG00000016912,0.7205935093161923,0.48864977775125107,0.5762828335817597,1.785526120649203,-0.1428240230601402
ENSSSCG00000016913,0.4939967239627458,0.846753967407256,0.45878359504481747,1.7995342864148194,-0.21664973044629499
ENSSSCG00000016916,0.5897987640354265,0.9832901872695721,0.5997544634396116,2.17284341474461,-0.08687251834113284
ENSSSCG00000016918,0.5008169419148342,0.7913910856531973,1.0721894131757213,2.364397440743753,-0.017084415208090457
ENSSSCG00000016920,1.5786520362172807,1.7169914154834847,2.756072071841918,6.051715523542683,-0.31560914579361754
ENSSSCG00000016922,0.586756752975025,1.0542052736097898,1.4435580201344014,3.0845200467192164,-0.09511879201224835
ENSSSCG00000016934,0.11556923425105652,0.6806541135210293,0.7440397769812631,1.540263124753349,0.006802890888246564
ENSSSCG00000016938,0.4852240499282321,0.5840795405091254,0.29991942609764116,1.3692230165349986,-0.07079277953662856
ENSSSCG00000016941,0.18282426795478357,0.47011635026485254,0.46058979706293174,1.1135304152825678,-0.29618136327962874
ENSSSCG00000016942,0.1833462709724017,1.1600869498472037,1.1997524992877562,2.5431857201073615,-0.1613709855847545
ENSSSCG00000016943,0.2575300403487133,1.238360618289609,1.2325389668500868,2.728429625488409,-0.20662347065464945
ENSSSCG00000016945,0.8283888781415295,0.49862958329449286,0.7234031031760036,2.050421564612026,-0.049801844663472684
ENSSSCG00000016946,0.4741825504458551,0.705399882318909,0.4559260012670262,1.6355084340317902,-0.1117203992523923
ENSSSCG00000016948,0.6361703434012617,0.19652118038110628,0.5756086480969697,1.4083001718793375,-0.07778609228841091
ENSSSCG00000016949,0.5418843194775725,0.5025040471794143,0.16764645689195412,1.212034823548941,-0.15673856212596118
ENSSSCG00000016954,0.8190021644374387,1.3392034216779476,2.1380995616116794,4.2963051477270655,-0.17358656735957953
ENSSSCG00000016956,0.4505302008814278,0.5685865569625972,0.7668948782854039,1.786011636129429,-0.14334325599643097
ENSSSCG00000016958,1.0118137022444167,0.9928569349596243,1.8216683307881896,3.8263389679922306,-0.20292743537234473
ENSSSCG00000016959,0.5048804501490798,0.7460823608020978,1.13075198464404,2.381714795595218,-0.2670904869682237
ENSSSCG00000016960,0.36539030542055745,0.42863575001960774,0.5897956246458843,1.3838216800860494,-0.1046363008572226
ENSSSCG00000016961,0.5114066429338888,0.7573901583646203,0.6855254398092878,1.954322241107797,-0.07320403246450964
ENSSSCG00000016963,0.5607210291383595,0.47891142138174597,0.769803388592612,1.8094358391127177,-0.25488354766739574
ENSSSCG00000016968,0.7090857206095122,0.7583318452376255,1.1612519629062024,2.62866952875334,-0.02585307552183786
ENSSSCG00000016970,1.235183020432491,0.6609701269366656,0.6341005356764516,2.530253683045608,-0.0895134216813319
ENSSSCG00000016971,0.3328383388921428,0.9816789322714542,0.8788437194125319,2.193360990576129,0.005076815723291195
ENSSSCG00000016974,0.1469054252915784,0.7214792237375143,0.8505564678486126,1.7189411168777053,-0.30575423752748343
ENSSSCG00000016975,0.060167430278623125,0.5955198809917348,0.5625149638116415,1.2182022750819994,0.04263767266385748
ENSSSCG00000016981,0.3501047102041674,0.2941828450286128,0.3296830981476829,0.9739706533804631,-0.2916902413562498
ENSSSCG00000016982,0.312623134337918,0.35841391596983924,0.6134118478900312,1.2844488981977884,-0.3132550295990352
ENSSSCG00000016983,0.07129541030484199,0.2622538629582248,0.3097349686247396,0.6432842418878064,-0.00687609155203038
ENSSSCG00000016985,0.5891675229615178,0.5360676518341436,0.29683448740066326,1.4220696621963247,-0.023055474283667592
ENSSSCG00000016986,0.8334769839427096,0.9650880322734567,0.7134587655956546,2.5120237818118207,0.0557444421049408
ENSSSCG00000016989,0.2787974310383843,1.9592737447402993,1.9930213942057469,4.231092569984431,0.009432472952836425
ENSSSCG00000016990,0.8128110775933979,1.362129512962277,1.6098305569951816,3.7847711475508565,0.07238831816182512
ENSSSCG00000016991,0.561643329004619,0.6954368439813033,1.1423488212900477,2.39942899427597,0.0005069269318959303
ENSSSCG00000016998,0.3301240640222363,0.41805057757123587,0.4993406131198512,1.2475152547133235,-0.005665930866849104
ENSSSCG00000017000,0.8007220729983558,0.8364884403833558,0.655935544770014,2.293146058151726,-0.12260203592810368
ENSSSCG00000017012,0.2351721303808494,0.651059112384312,0.5847418223418789,1.4709730651070403,-0.21659417188058175
ENSSSCG00000017014,0.692099498543763,1.4316805733439604,1.9987571616989823,4.122537233586706,-0.08460790911080493
ENSSSCG00000017015,0.45673444937518015,0.7606299481081161,1.0919269139733598,2.309291311456656,0.07877565719395052
ENSSSCG00000017018,0.14139140120022725,0.6771903165099544,0.701474437827726,1.5200561555379077,-0.23148025273964318
ENSSSCG00000017022,0.42084108164489714,0.6258179218836284,0.5878212267045319,1.6344802302330574,-0.21060207207394568
ENSSSCG00000017024,1.4111860834343288,1.2460375959834589,1.0355888807297036,3.6928125601474915,0.004204043683555675
ENSSSCG00000017025,0.35264797360682515,0.943451143579996,0.792829722986568,2.088928840173389,-0.3374472737804534
ENSSSCG00000017032,1.2240169848602003,1.133836252243764,2.0575086208590614,4.415361857963026,-0.28934925159189867
ENSSSCG00000017033,0.9289654816395192,0.6126524753317759,0.8941805337538203,2.4357984907251153,-0.16257372059085784
ENSSSCG00000017038,0.5146069517140287,0.9430399683318851,1.0805958130580489,2.5382427331039628,-0.045615814990728656
ENSSSCG00000017042,0.3622679596967674,0.423904548643561,0.6541701655418968,1.4403426738822251,-0.04096742159830476
ENSSSCG00000017043,0.7915969343566545,0.5484167126154204,0.30453348682660425,1.6445471337986792,-0.3273002765502684
ENSSSCG00000017044,0.4883016564245539,0.6736289456858311,0.9638651766070045,2.1257957787173893,-0.33734142284030966
ENSSSCG00000017046,1.0964222535378807,1.6429368192606708,2.6965685876267305,5.435927660425282,-0.3963047823918976
ENSSSCG00000017047,0.8271625146268012,0.7673393024017917,0.8307732811768717,2.4252750982054647,-0.09757887237763538
ENSSSCG00000017051,0.4995386570792067,0.7599758930482237,0.7592351675608623,2.0187497176882925,-0.1749875960480621
ENSSSCG00000017052,0.382729611476872,0.5695120738392665,0.374752132592011,1.3269938179081495,-0.25393755048709427
ENSSSCG00000017054,0.4052684419497778,0.6563801346590105,0.9765981650750204,2.0382467416838086,-0.3373475983663622
ENSSSCG00000017058,1.3970101754202664,1.1271021104434242,1.537109313259117,4.061221599122808,-0.1664990563022545
ENSSSCG00000017061,0.2981633693568818,1.4858038965971776,1.223495277360549,3.0074625433146083,0.15797404289467204
ENSSSCG00000017063,0.09255937745421662,0.7188443710843334,0.7224409921141898,1.5338447406527398,-0.15639989985215966
ENSSSCG00000017065,0.38081378206177835,1.3084586720781253,1.3503119821381395,3.039584436278043,0.055189113781554076
ENSSSCG00000017066,0.2926378290706337,0.6962647969245284,0.9514960532908872,1.9403986792860493,-0.21391473079760545
ENSSSCG00000017067,0.589159655549948,0.38527273642377446,0.47840281477413404,1.4528352067478565,-0.21617404720264863
ENSSSCG00000017068,0.9016022097552088,2.2300041201661767,3.0347783166452045,6.1663846465665895,0.07198357812578388
ENSSSCG00000017069,0.6018680673261411,1.3901036630884125,1.448858024363834,3.4408297547783877,0.029587940758074478
ENSSSCG00000017072,0.08817509153184501,0.47043432279604996,0.49958527081205445,1.0581946851399495,-0.10540094023799583
ENSSSCG00000017073,0.3018383142617338,0.34634126968311746,0.495640470974741,1.1438200549195923,0.027198753434928332
ENSSSCG00000017078,0.07749416445533153,0.80463424728742,0.8219733208002286,1.7041017325429801,-0.05967631975785865
ENSSSCG00000017087,0.13276381699539794,0.843361268901301,0.8623682247948175,1.8384933106915164,0.19651704292735744
ENSSSCG00000017091,0.4978551773276076,0.40727325638676243,0.5490418864764969,1.454170320190867,-0.004951425061036451
ENSSSCG00000017094,0.8187019996864,0.7219804752432334,0.3597037500894844,1.9003862250191177,-0.1706399686968232
ENSSSCG00000017099,0.518943858528369,0.4458938218933357,0.31963384556368657,1.2844715259853912,0.020966110321141266
ENSSSCG00000017100,0.3760530583655773,0.32261691077761445,0.2617277147185637,0.9603976838617554,-0.035001151277583985
ENSSSCG00000017102,0.5785359315720455,0.978169366185327,0.7276982560546937,2.284403553812066,-0.44207100808179867
ENSSSCG00000017106,0.6143746990961902,0.46069555879378726,0.6750377017871811,1.7501079596771587,0.06558298136762719
ENSSSCG00000017114,0.17834293915420207,0.9038060370841223,0.8698741776006094,1.9520231538389339,0.10770031764295755
ENSSSCG00000017119,0.19242264875213372,1.2237532005520066,1.1836964603393318,2.599872309643472,-0.16361041392548376
ENSSSCG00000017125,0.8781648223325719,0.8334825187154835,0.27316838027823803,1.9848157213262934,-0.2661967316157144
ENSSSCG00000017133,0.17133902854183838,1.3544980667199025,1.33089125901535,2.8567283542770907,-0.1572118548679899
ENSSSCG00000017139,0.15506973139911906,0.29275268727033404,0.18128715246779495,0.6291095711372481,-0.06214466755628198
ENSSSCG00000017142,0.5226279642945395,1.1593465886965946,0.7598005282272967,2.441775081218431,-0.40027735456796637
ENSSSCG00000017155,0.7615575839478548,0.9162650395858202,1.0168076776490707,2.6946303011827455,0.08602243077305363
ENSSSCG00000017156,0.34510959071112685,0.6355915234879971,0.3918095271223751,1.3725106413214991,-0.3224409114250812
ENSSSCG00000017158,0.15466419014762747,0.7443733147670794,0.7952889143131694,1.6943264192278762,-0.26572302046752655
ENSSSCG00000017165,0.39085509741798374,0.5712352279324655,0.44993671696132437,1.4120270423117736,-0.10886048110881047
ENSSSCG00000017170,0.25854487304239016,0.8867826513236147,0.81150116102654,1.9568286853925447,-0.4001635969128922
ENSSSCG00000017172,0.4276946279431543,0.40940494393468185,0.7636531421660049,1.6007527140438411,0.00026939717218474584
ENSSSCG00000017184,0.48656287618535565,1.1305523152278958,1.017109348966319,2.6342245403795705,0.038586219684704375
ENSSSCG00000017186,0.5507719997645468,0.6834294179082879,1.2121829849949235,2.446384402667758,-0.21721609876468556
ENSSSCG00000017191,0.7121805194058052,0.3400800960209078,0.6859211500317013,1.7381817654584142,-0.06356512399058216
ENSSSCG00000017198,0.4904295636602116,0.8699927325649346,0.5316486713292188,1.892070967554365,-0.1383515410819655
ENSSSCG00000017201,0.09077186559117646,0.34271844515887184,0.3753254196264955,0.8088157303765438,-0.16768199389799876
ENSSSCG00000017202,0.23087356161960051,0.5685306959153829,0.44397213582141987,1.2433763933564033,0.005332461831655713
ENSSSCG00000017205,1.0271393104460165,0.8801998805711809,0.43720339414746034,2.3445425851646577,-0.15914643015916652
ENSSSCG00000017207,0.8234053690256233,0.6668308552427697,0.7649646702685401,2.2552008945369333,-0.09748791258778441
ENSSSCG00000017209,0.14578231411069062,1.8580626020477908,1.777318266304775,3.7811631824632563,0.039295138948821
ENSSSCG00000017212,0.9193130850336269,1.0802898552495404,0.9709268983142884,2.9705298385974555,-0.01276722876301788
ENSSSCG00000017213,0.09919437264597475,2.016344726559769,1.9332243169802672,4.048763416186011,0.17092818311711183
ENSSSCG00000017214,0.10475406630947567,1.958420371276003,1.88255027516226,3.9457247127477384,0.16851642215708315
ENSSSCG00000017230,0.20066048310442317,0.32910175599885716,0.26397885720018177,0.7937410963034621,-0.08529905645245009
ENSSSCG00000017231,0.279706128947026,1.5081308160502958,1.2439847063892184,3.03182165138654,0.22482599781265644
ENSSSCG00000017232,0.31781530524469487,1.3894544556966522,1.1070130852234201,2.814282846164767,0.22640715450271973
ENSSSCG00000017238,0.7231159202053625,1.273334115783349,1.9743573402446244,3.970807376233336,0.015151585646465444
ENSSSCG00000017239,0.08705210718522419,2.2778348569964995,2.207303396473461,4.572190360655185,0.1894884387175289
ENSSSCG00000017245,0.3623093712682626,0.9457383868874205,0.7274883251254982,2.0355360832811815,-0.13003399135658614
ENSSSCG00000017246,0.7008231100053651,0.760209932972469,0.48019064572983267,1.9412236887076668,-0.26855153957696754
ENSSSCG00000017248,0.43681154324604,0.9817135785385851,1.1366129812177115,2.555138103002337,-0.15580733319744916
ENSSSCG00000017251,0.14170986459433174,0.6967436922594452,0.6683631591992816,1.5068167160530586,-0.06584506359752519
ENSSSCG00000017254,0.08474375022825241,0.5384655796776195,0.6141460849353011,1.237355414841173,-0.01684034288688698
ENSSSCG00000017255,0.3320268148039451,1.2755994616582582,1.254241732913299,2.8618680093755025,-0.27319290839641314
ENSSSCG00000017259,0.3715303610114237,0.49473346109703026,0.5214155651876189,1.3876793872960729,-0.0739523349649836
ENSSSCG00000017262,1.256622196147802,1.4601967132025335,0.3200821753682983,3.0369010847186337,-0.19952185831988645
ENSSSCG00000017264,0.1663834275815822,0.6247618075834703,0.7264804867508726,1.517625721915925,0.010210403925685752
ENSSSCG00000017265,0.1380638697063597,0.38123014055538795,0.3713554532222434,0.890649463483991,-0.05260411495281123
ENSSSCG00000017268,0.10151296644167482,0.5717681667033923,0.57791379843205,1.2511949315771171,-0.06828340206717999
ENSSSCG00000017272,0.2673960683306941,0.22965731007675863,0.06699691571647091,0.5640502941239237,-0.13385281091435625
ENSSSCG00000017273,0.4488533245274541,0.42012867633062434,0.4628170818712924,1.3317990827293709,-0.03365701388518113
ENSSSCG00000017277,0.23052555824087445,0.7456477405531075,0.5558369235699774,1.5320102223639593,-0.028767558133582106
ENSSSCG00000017278,0.5810616380951532,0.6489304800941197,1.0512672829267962,2.2812594011160687,-0.044465197195508364
ENSSSCG00000017282,0.09344937696312643,0.45586203202307596,0.46865168999108003,1.0179630989772823,-0.1401063353377139
ENSSSCG00000017285,0.7624662564019796,1.3979847979717066,1.2813063694878477,3.441757423861534,-0.19719380364424474
ENSSSCG00000017287,0.2575183949377394,1.2960446582740421,1.3114027718605292,2.8649658250723107,0.12166546947206038
ENSSSCG00000017288,0.8682313753156077,0.6669911409173541,0.7834893078045605,2.318711824037522,-0.05139002897656291
ENSSSCG00000017289,0.9350704849303906,1.1270520282184353,1.1281453078610686,3.1902678210098947,-0.1440242053294948
ENSSSCG00000017290,0.42920953008506313,0.6952187156878508,0.4736945059180271,1.598122751690941,-0.1925198578697086
ENSSSCG00000017294,0.3856522230145808,0.5588112843306038,0.5466427289761778,1.4911062363213623,-0.17670669755656573
ENSSSCG00000017298,0.3185053670926256,0.43055419254919136,0.546710887576799,1.295770447218616,-0.18545762139717906
ENSSSCG00000017301,0.3355153848552993,0.44979655400531987,0.3067530824026725,1.0920650212632916,-0.22231759471293464
ENSSSCG00000017308,0.5882697149911791,1.411202458926223,1.1970089500960996,3.196481124013502,-0.10378462167187338
ENSSSCG00000017310,0.2707191061473299,0.30031285385965867,0.5398181917310075,1.110850151737996,-0.2500686329157059
ENSSSCG00000017311,0.20672768831562152,1.053584643645623,1.1070832651810751,2.3673955971423197,-0.277054064847293
ENSSSCG00000017313,0.1168376713367563,0.5760591565007056,0.6556109470645234,1.3485077749019854,-0.14530796572519863
ENSSSCG00000017316,0.364250524813571,0.3598578155438504,0.5499277144766875,1.274036054834109,-0.12327872432791026
ENSSSCG00000017317,0.37764667289892906,0.34851672132206546,0.5308517796369303,1.257015173857925,-0.30474356540298203
ENSSSCG00000017325,0.35912576583696254,0.6868547768304885,0.37265178269072663,1.4186323253581778,-0.29878480418278947
ENSSSCG00000017328,0.2524660584687078,0.5938400764610154,0.46398673640634397,1.310292871336067,-0.2234635042644419
ENSSSCG00000017333,0.2704197885786053,0.9554738336559007,0.7215740348183659,1.947467657052872,-0.25234790988531197
ENSSSCG00000017336,0.15809295746826213,0.43201383434931134,0.5885375405040915,1.178644332321665,0.059367633248360065
ENSSSCG00000017339,0.1638046733895041,1.632461514430761,1.762320665516335,3.5585868533366005,-0.0021757764892494395
ENSSSCG00000017340,0.07297595378102494,0.34119795970638866,0.4033139654398364,0.81748787892725,0.0436167175673081
ENSSSCG00000017346,1.0044606748680467,1.0735369116095685,0.9892721174507354,3.0672697039283507,0.021133622971269275
ENSSSCG00000017351,0.5392707319765718,0.7793676306462158,0.749300253273476,2.0679386158962636,-0.13261977280109652
ENSSSCG00000017352,0.6909291751642721,0.985179572035313,1.4248764638857123,3.1009852110852973,-0.031037969056851165
ENSSSCG00000017357,0.2975009324827866,0.7738135885959293,0.8757893972092586,1.9471039182879744,-0.11191930251243867
ENSSSCG00000017360,0.44425417674347767,1.0128088750875774,1.1739768174783036,2.631039869309359,-0.15899192381152513
ENSSSCG00000017362,0.1983974027986235,0.25475159730372754,0.4257589262479547,0.8789079263503057,-0.03309067870382595
ENSSSCG00000017364,0.5252148159535568,0.3591827207731512,0.512147945514512,1.39654548224122,-0.20192625232700492
ENSSSCG00000017378,0.5027163879584793,0.8474473881941021,1.2125326710069801,2.5626964471595617,-0.20712141900579273
ENSSSCG00000017380,0.5004905262267128,0.465861498594286,0.3144202052674216,1.2807722300884203,-0.13733099281681446
ENSSSCG00000017382,0.3636021103067437,0.34165863966569987,0.5912358398624763,1.2964965898349199,-0.22581560646853754
ENSSSCG00000017385,0.44618574248733406,0.9878884915693068,0.9091935330975859,2.343267767154227,0.05418622633662063
ENSSSCG00000017386,0.5460059778017019,0.6075764186767273,1.0576542758612983,2.2112366723397274,-0.15288235326303168
ENSSSCG00000017395,0.14660194862994877,0.4090531814495516,0.5219720026782204,1.077627132757721,-0.1530900407609192
ENSSSCG00000017396,0.70407536648688,1.0213669834265267,0.5541519834744459,2.279594333387853,-0.08274382296238277
ENSSSCG00000017397,0.7472390861938155,0.8341626398927476,0.3357255758936726,1.9171273019802357,-0.09485568230093401
ENSSSCG00000017401,0.5718350675869566,0.5183475786212595,0.8620415288952618,1.9522241751034777,-0.2465206856242633
ENSSSCG00000017402,0.4657380150789789,2.000936521067624,1.557475485291183,4.024150021437785,-0.1124494746635874
ENSSSCG00000017403,0.21197866557652922,0.7396235927685144,0.7869591706060332,1.7385614289510767,-0.35745846459974495
ENSSSCG00000017406,0.1785913327066823,0.8518738407680899,0.8074554867094171,1.8379206601841895,-0.2569906574182575
ENSSSCG00000017414,0.5592965739129371,0.9946959959563343,0.5527609958586939,2.1067535657279652,-0.2264793632358571
ENSSSCG00000017415,0.26418767348624916,0.5188755755529857,0.6899970293574824,1.4730602783967173,-0.3874284925066661
ENSSSCG00000017416,0.1392355826757574,0.6391800740697166,0.5696280763595567,1.3480437331050306,-0.3331605842521777
ENSSSCG00000017418,0.5458611013045326,0.7431142150391006,0.6594134684229586,1.9483887847665917,-0.18015843959339015
ENSSSCG00000017419,0.42249049175068526,0.3283726263338298,0.6787456623189156,1.4296087804034308,-0.1616627154429673
ENSSSCG00000017420,1.0172446294212596,1.1208796842661197,1.802413723765385,3.9405380374527645,-0.1867304700678157
ENSSSCG00000017421,0.24424705625513055,0.7335850732211479,0.6738312365743313,1.6516633660506097,0.03712139172884356
ENSSSCG00000017428,0.07047417339215643,1.0172634767299475,0.989548966687346,2.0772866168094497,0.1165818518913573
ENSSSCG00000017430,0.7126768218312539,0.5504306989247595,1.1582535223704788,2.4213610431264923,-0.0019130486443106316
ENSSSCG00000017471,0.5065195583243389,0.8214221800777015,1.000105599924717,2.3280473383267575,-0.17488897586529523
ENSSSCG00000017473,0.9234143471953326,1.1224255512170291,1.191862710115863,3.237702608528225,-0.058630237007957206
ENSSSCG00000017476,0.6603286411428666,0.7419242736825619,0.36328308745548216,1.7655360022809108,-0.296082850119817
ENSSSCG00000017477,0.31286494774816265,0.4888677618589506,0.5331554281130766,1.3348881377201898,-0.2356844566671317
ENSSSCG00000017479,0.8074283675178959,0.8987939731472795,0.3520117065348716,2.058234047200047,-0.35046019349741686
ENSSSCG00000017489,0.12217930611157847,1.158772227941043,1.213769845642206,2.4947213796948278,-0.17513316487572061
ENSSSCG00000017492,0.11673668567439216,0.3727538754726955,0.40780335041817817,0.8972939115652658,-0.09591874355342542
ENSSSCG00000017493,0.2508280121981221,0.5441019059595844,0.6569432969656351,1.4518732151233418,-0.18831432487213962
ENSSSCG00000017502,0.08826753847340772,0.35350810654407827,0.4229000876531948,0.8646757326706809,-0.09585907421212855
ENSSSCG00000017504,0.25398116869921356,0.5970225486612197,0.6723020202212162,1.5233057375816494,-0.07836438849727272
ENSSSCG00000017505,0.45728837137999,0.4686859982304109,0.4859562356151107,1.4119306052255116,-0.20947013672947098
ENSSSCG00000017506,1.11920507527282,0.38378208809093306,0.7873393340920735,2.2903264974558266,-0.3578829583742556
ENSSSCG00000017507,0.7270456305218255,0.7733502923578988,0.8382858054633188,2.338681728343043,-0.38864617706109983
ENSSSCG00000017509,0.5313434630403296,2.120201692588794,1.8569927557357413,4.508537911364865,0.16745897455615083
ENSSSCG00000017513,0.3322373256407672,0.25614216800524453,0.4256021256917084,1.01398161933772,-0.07336287056826063
ENSSSCG00000017514,0.3785259036844375,1.4196226028700862,1.2961624549372859,3.09431096149181,0.1601166331529666
ENSSSCG00000017516,0.1670544602824452,0.8822551099301315,0.7616361754120391,1.8109457456246159,-0.2087354998631304
ENSSSCG00000017525,0.3125325462340299,1.4375732808411081,1.6068383752779005,3.3569442023530387,-0.04193047272939758
ENSSSCG00000017527,0.12262277317454315,0.36120260924655767,0.4569755588001955,0.9408009412212963,-0.07550122974350347
ENSSSCG00000017528,0.12519589882446527,0.4599613251108305,0.5715803295762394,1.1567375535115352,-0.09252583802022929
ENSSSCG00000017529,1.1708246490281504,1.2975363496573606,0.8958102573358375,3.3641712560213484,-0.01069176654495662
ENSSSCG00000017543,0.3072038706899866,0.9773791753580585,0.764287180062491,2.048870226110536,-0.10208604551648476
ENSSSCG00000017546,0.879275518519669,0.8233258288158868,1.5114804891297036,3.2140818364652595,-0.15537139192491206
ENSSSCG00000017549,0.8107519827607192,1.3904095121158455,1.1369826068262554,3.33814410170282,0.14540830810020247
ENSSSCG00000017551,0.1830350495441716,0.5006076743186301,0.4456015135891466,1.1292442374519482,-0.20938266989566204
ENSSSCG00000017553,0.23027706185145208,0.8467209001494653,0.9942068235165049,2.0712047855174225,-0.0788956760898591
ENSSSCG00000017555,0.8716693480427705,1.3367243677711484,0.5741835062079211,2.78257722202184,-0.0037504910122573938
ENSSSCG00000017556,0.46007034647323647,0.5201980983618488,0.822571861411204,1.8028403062462894,-0.20160571623856466
ENSSSCG00000017563,0.6072564520177137,0.44283754740432213,0.8348850695913169,1.8849790690133528,-0.07996749363632641
ENSSSCG00000017571,0.905513733355382,0.9655869695663788,0.6940777886589083,2.565178491580669,0.02950515383710743
ENSSSCG00000017592,0.5079535788864347,0.4628192403307665,0.430369806783889,1.4011426260010902,-0.2660542448868822
ENSSSCG00000017593,0.4001480104541055,0.5482671211844091,0.9056782186884825,1.854093350326997,-0.05498821267217639
ENSSSCG00000017601,0.9302008767086533,0.774742331758887,0.6959530742261791,2.4008962826937195,0.020649429042893172
ENSSSCG00000017604,0.19924741975215524,0.6273931131810503,0.5091055877261804,1.335746120659386,-0.21886465073480088
ENSSSCG00000017605,0.6064351602133731,0.7638483534514509,0.7647324661020204,2.135015979766844,-0.11020044342968187
ENSSSCG00000017613,0.31168400748757813,0.8411684940608612,0.553991123431937,1.7068436249803765,-0.03211518212877935
ENSSSCG00000017615,0.5302047395037733,0.5546572462792275,0.496126630441405,1.5809886162244058,-0.2997291736808751
ENSSSCG00000017617,0.2970391538580737,0.5266085286882187,0.8083886785523106,1.6320363610986028,-0.11637447204959042
ENSSSCG00000017623,0.44443640664053446,0.8060271677131857,1.052016686708124,2.3024802610618442,-0.1719849631005409
ENSSSCG00000017626,0.3988305670283063,0.6809358327465647,1.0308112458912697,2.1105776456661407,-0.0021067115892513494
ENSSSCG00000017642,0.4742720293852527,0.6908296864295986,0.35916112249158644,1.5242628383064378,-0.05324604626539026
ENSSSCG00000017645,0.37415313608242906,0.5105933961220149,0.8000991127715584,1.6848456449760025,-0.11018393987679759
ENSSSCG00000017665,0.825134220434792,0.6166220326763519,0.43254935772498415,1.874305610836128,-0.1450047083240697
ENSSSCG00000017668,1.172978124095015,0.6993649106110954,0.8691665312696571,2.7415095659757673,0.14154950003537695
ENSSSCG00000017669,0.7460879995535206,0.7059598598321837,0.6449201338230137,2.096967993208718,-0.09143558269786325
ENSSSCG00000017670,0.12477000133471894,0.3174321299592677,0.4027267986755578,0.8449289299695444,0.026112268024282546
ENSSSCG00000017671,0.43212922183994096,1.2241366341227546,1.1387558881976416,2.795021744160337,-0.12005944927427957
ENSSSCG00000017672,0.6602898140164587,0.27954529701205366,0.7035287050656464,1.6433638160941588,-0.2594379442251247
ENSSSCG00000017673,0.8507922257958717,0.27526194434000656,0.8848105764353947,2.010864746571273,-0.10127207385676552
ENSSSCG00000017676,0.6397456342868799,0.6857951634838502,0.6238308819694368,1.949371679740167,-0.12708158071436582
ENSSSCG00000017678,0.22450460481324225,0.5772742748579719,0.7102243855287169,1.5120032651999311,-0.12440234978817837
ENSSSCG00000017682,1.0285922920670694,1.17639675929123,1.1575444032589675,3.3625334546172665,-0.1365170168101255
ENSSSCG00000017688,0.1106425261687161,0.5263758447141919,0.5569957859559442,1.1940141568388523,-0.25889570650034976
ENSSSCG00000017692,0.2827116039791661,1.2833912860305885,1.3459038304511488,2.9120067204609033,-0.2780296397183998
ENSSSCG00000017693,0.6026376049211537,0.785795461371515,0.8195608609125018,2.2079939272051705,-0.175154273161006
ENSSSCG00000017694,0.3066012197459057,0.543362766797937,0.6484209269564545,1.4983849135002973,-0.29728138574106155
ENSSSCG00000017712,0.4143362113961425,1.2418010682373681,1.2761489397262709,2.9322862193597814,0.014266263736898646
ENSSSCG00000017713,0.34711553572547077,0.33225533901201326,0.590609525554109,1.269980400291593,-0.16806856032093567
ENSSSCG00000017728,0.15648100088843916,0.43939407250099277,0.5236061505959949,1.1194812239854268,-0.17152703125668115
ENSSSCG00000017731,0.41906593670693837,1.579972094758482,1.7838436972420806,3.782881728707501,0.0024647841621322445
ENSSSCG00000017732,0.08906458480987899,0.9387588592670911,1.014254180900647,2.042077624977617,-0.04468576794157325
ENSSSCG00000017735,1.177839128064557,0.5047741959719934,0.6928184728626674,2.3754317968992176,-0.2149202788974734
ENSSSCG00000017741,0.4636752586736004,0.7536123504130299,0.8404154632737618,2.057703072360392,0.03158070107739905
ENSSSCG00000017743,0.3527980848956174,0.37724636231946856,0.16195777803997016,0.8920022252550561,-0.20737528661351817
ENSSSCG00000017744,0.3811555705794058,0.8799984217117615,1.0101196169119293,2.2712736092030967,0.0004121009607695289
ENSSSCG00000017745,1.004733817744573,0.6936279994595724,1.31341876725248,3.011780584456625,-0.24759310382645872
ENSSSCG00000017748,0.5468592270961685,0.6946464304158437,0.5010077271165805,1.7425133846285927,-0.2345375040635984
ENSSSCG00000017752,0.6874448596023683,0.6830560853328167,1.1555722045976557,2.5260731495328406,0.06755491051849377
ENSSSCG00000017756,0.739287268203785,0.36187592645586253,0.700623018321757,1.8017862129814046,-0.3083694312958262
ENSSSCG00000017759,0.16461714393422458,0.9428805112421128,0.9692788173482613,2.0767764725245987,-0.08408688515930196
ENSSSCG00000017764,0.4835615759409465,0.24366011215284683,0.6294184588788444,1.3566401469726377,-0.030347716441536613
ENSSSCG00000017769,1.1026670595532233,0.5888794797288844,0.8195529065923863,2.511099445874494,0.08595235161796147
ENSSSCG00000017772,0.7374855210040101,0.23332130579690794,0.7712956560000427,1.7421024828009606,-0.04618544905003538
ENSSSCG00000017773,0.3071124381168801,0.7078218345894205,0.6916867675543548,1.7066210402606554,-0.10892368142313412
ENSSSCG00000017776,0.17387856093793563,0.30893711197483675,0.3118136817353169,0.7946293546480894,0.11542096067860821
ENSSSCG00000017777,0.10307633011222957,0.4466101744836176,0.4329936713843404,0.9826801759801876,-0.07478138870827625
ENSSSCG00000017779,0.34241510045738627,0.6448538809620837,0.4847446552944187,1.4720136367138887,-0.249540226563398
ENSSSCG00000017783,0.1861356938118522,0.618849988415685,0.7042871019602617,1.5092727841877989,-0.14581527580349593
ENSSSCG00000017785,0.24031025990361302,0.6491673894664889,0.669321580048254,1.558799229418356,-0.13124010155326277
ENSSSCG00000017787,0.13109090263442733,0.5924135322572525,0.6158979530798573,1.339402387971537,-0.08771686265515626
ENSSSCG00000017790,0.13931281541592286,0.5510903295390349,0.6481990019024935,1.3386021468574514,-0.13472832887176694
ENSSSCG00000017791,0.5147735725739009,1.506250025406026,1.7210536074041878,3.7420772053841147,-0.0651623183876417
ENSSSCG00000017794,0.16577996533568617,0.7128824628163141,0.7208121776762273,1.5994746058282274,-0.23897650720496708
ENSSSCG00000017795,0.3267579774297925,1.3473014022157792,1.3132854819367925,2.987344861582364,-0.2579241160170442
ENSSSCG00000017796,0.6263182515965335,0.2229820738595931,0.47386170622019663,1.3231620316763233,-0.11181189712131752
ENSSSCG00000017797,0.5124297807561378,0.6399827421964374,0.5564901256223989,1.7089026485749739,-0.2498854041786257
ENSSSCG00000017799,0.5957863899209165,0.5045397360944355,0.5759373920731145,1.6762635180884664,-0.22672310602245532
ENSSSCG00000017803,0.277948202930576,0.6209876726656617,0.6042584313765365,1.503194306972774,0.11444591504012128
ENSSSCG00000017804,0.11661862438113298,0.5410080522982816,0.4943200024215367,1.1519466791009514,-0.16433280906297187
ENSSSCG00000017806,0.4770720055392258,0.5578241105770445,0.6132573654388909,1.648153481555161,0.023300192112976455
ENSSSCG00000017809,0.2720100939472472,1.6521756366085047,1.5299106939046028,3.4540964244603547,0.05644845093552176
ENSSSCG00000017810,0.3297175582881848,0.6140564448911554,0.8829317528091869,1.8267057559885271,-0.08705150801967594
ENSSSCG00000017812,0.21279119012330522,0.242950332530354,0.3509322798533111,0.8066738025069703,-0.12465355182173202
ENSSSCG00000017817,0.6429138595278083,0.47394817647058984,0.7241404174525631,1.8410024534509613,0.0014575239241490841
ENSSSCG00000017822,0.23007518242144326,0.3548828259952404,0.31554038062572265,0.9004983890424063,-0.04660488587813833
ENSSSCG00000017826,0.19235312129960605,0.996898971741,0.9601077259097777,2.1493598189503835,-0.20192756112933546
ENSSSCG00000017832,0.39016732664263903,0.6142099702797909,0.7139292348502423,1.7183065317726722,-0.09788080638847593
ENSSSCG00000017835,0.4499224660695443,1.3990023798690514,1.3665706002321207,3.215495446170716,-0.09746693609269913
ENSSSCG00000017836,0.12652329028103418,0.8010343391111929,0.9043312727916327,1.8318889021838598,-0.005634982439332865
ENSSSCG00000017861,0.2885219941333577,0.6314065561354939,0.7773971176003275,1.6973256678691793,-0.09131366049198099
ENSSSCG00000017865,0.37096896312073036,0.32101563709927877,0.6121786710035151,1.3041632712235243,-0.08446845492031595
ENSSSCG00000017868,0.36504486419414117,0.6105492683504486,0.7858626347066981,1.761456767251288,-0.22735274307535963
ENSSSCG00000017869,0.265691107523437,1.3382721003781073,1.3086655859465324,2.912628793848077,-0.2122519979804552
ENSSSCG00000017870,0.22529760987920122,1.5675932493854785,1.6853162322790558,3.4782070915437355,-0.21878340378368447
ENSSSCG00000017876,0.10328902489402193,0.3507223904880299,0.3515379297512742,0.805549345133326,-0.05222918148507499
ENSSSCG00000017877,0.35947216681248245,1.621463995175983,1.532780643416994,3.5137168054054593,-0.08277570233387176
ENSSSCG00000017879,0.1664159085768614,0.904545013202323,0.9195899030555728,1.9905508248347572,0.0030945926795593317
ENSSSCG00000017882,0.3887992234390906,0.9903256879778083,1.2026896619029563,2.581814573319855,0.028439114730626786
ENSSSCG00000017883,0.12454766052317558,0.43374936297810623,0.535501853924472,1.0937988774257539,-0.3870839015522043
ENSSSCG00000017885,0.06621327826451938,0.8164386355205023,0.820828836078783,1.7034807498638047,-0.3035890421062082
ENSSSCG00000017890,0.13611737701786567,0.3918058828515767,0.5020471620879485,1.0299704219573909,-0.1631718821878395
ENSSSCG00000017895,0.5061103662721022,0.7506353563868673,0.8445882407846915,2.101333963443661,-0.24283609105369267
ENSSSCG00000017902,0.11941875584527585,0.9583984937366568,0.8774779480693451,1.9552951976512778,0.10224709771018259
ENSSSCG00000017906,0.4186570571743506,0.6015342732917459,0.7391376571770218,1.7593289876431184,0.22397821065837223
ENSSSCG00000017907,0.4761652814182583,1.9573789191518056,1.5962239264741533,4.029768127044218,0.19843089902021818
ENSSSCG00000017909,0.21915197193104793,0.8557856848611443,0.8209691976293795,1.8959068544215718,-0.19573067952312181
ENSSSCG00000017913,1.025265190681122,1.8318527451270168,1.446997270614427,4.304115206422566,0.13272696274279902
ENSSSCG00000017917,0.08494978176909398,0.3980949593101673,0.41393023940997153,0.8969749804892329,-0.03662622021060795
ENSSSCG00000017919,0.2929564181781579,0.274131473730368,0.5492593626949663,1.1163472546034923,0.03968297677714023
ENSSSCG00000017920,0.2975113919738948,0.45235743945986423,0.5420559173455335,1.2919247487792926,-0.06505356890610862
ENSSSCG00000017925,0.0863934134680722,0.3605496750933408,0.44138914138140406,0.888332229942817,-0.0971148028077136
ENSSSCG00000017926,0.09564342998206445,0.5459238956142667,0.5903693142233802,1.2319366398197114,-0.11912363305088476
ENSSSCG00000017928,0.7630140275657664,2.0174012067660327,1.4324239780234878,4.212839212355287,0.09901103057145941
ENSSSCG00000017934,0.2571514751982586,1.8297768232157148,1.6948338782254662,3.7817621766394396,0.16883185501297818
ENSSSCG00000017935,0.6190174544291892,0.9468576101528893,0.7986889715139346,2.364564036096013,-0.1271804949012942
ENSSSCG00000017936,0.16148464682561006,0.3415297255154015,0.2248774156512816,0.7278917879922931,-0.017725234186803097
ENSSSCG00000017938,0.08692967131369782,1.0883650795093545,1.0318249189418256,2.207119669764878,-0.3606144765048516
ENSSSCG00000017940,0.20306502864927126,1.2836336788467824,1.227922713279635,2.7146214207756887,-0.060638273020148604
ENSSSCG00000017943,0.0902929291505812,0.5255488200503652,0.5896395763443589,1.2054813255453052,-0.05433924481378773
ENSSSCG00000017947,0.8801812370975496,1.1298064548210054,1.1896282587522102,3.1996159506707653,-0.0052424985622641545
ENSSSCG00000017953,0.3936970747778963,1.486573913426106,1.1695348741924056,3.0498058623964077,-0.056213495324779934
ENSSSCG00000017957,0.6111022312996701,1.014660700353619,1.220768635351247,2.8465315670045364,0.11460589860016275
ENSSSCG00000017962,0.05398895039003321,0.9295035075398063,0.8784996449238235,1.8619921028536628,-0.15925417038064738
ENSSSCG00000017968,0.4789276581250589,0.534954636570561,0.5007519999270496,1.5146342946226694,-0.35171173333879574
ENSSSCG00000017978,0.2236586627888346,0.8583373670605406,0.860617996387342,1.942614026236717,-0.29988767847295117
ENSSSCG00000017983,0.10046835761705425,0.6035394991461918,0.6064727603554035,1.3104806171186496,-0.21845172141237473
ENSSSCG00000017986,0.2887168014494911,2.417999528880871,2.3013443780396634,5.008060708370026,0.10491985228226519
ENSSSCG00000017995,0.14141076964249327,1.024094869323276,1.0268175149371697,2.1923231539029393,-0.1853191089669423
ENSSSCG00000017998,0.26760440012403075,0.889800899813601,0.9367350297050242,2.094140329642656,-0.24207576597271346
ENSSSCG00000018005,0.1148247249279903,0.41180144037550026,0.46184229801257054,0.9884684633160612,-0.1260292244069822
ENSSSCG00000018008,0.7244279966041479,0.7916476490796243,0.9838170475276965,2.4998926932114687,0.05367768175095664
ENSSSCG00000018009,0.9809990449130923,0.3653086520322538,0.837594417483595,2.183902114428941,-0.10449382367569086
ENSSSCG00000018016,0.3327784909766612,0.5409959526548567,0.6238399746450101,1.4976144182765279,-0.24698184610291612
ENSSSCG00000018019,0.09742034193988221,0.7372536235377094,0.656153366467426,1.4908273319450176,-0.10324294184628409
ENSSSCG00000018023,0.14116109588605721,0.27292821361404773,0.1509920337943969,0.5650813432945019,-0.016368094506960782
ENSSSCG00000018027,0.3297106020282045,0.9134698867908698,0.8418201417595298,2.085000630578604,0.0583663285758034
ENSSSCG00000018029,0.43744424212613486,0.5067018437440545,0.6902071294730043,1.6343532153431937,-0.2829403052507995
ENSSSCG00000018031,0.507494945448308,0.8801343276118732,1.1889891246544844,2.5766183977146655,-0.30100019758419055
ENSSSCG00000018033,0.6798993158255858,0.99228147977707,1.6430607639267285,3.315241559529384,0.022459790646108372
ENSSSCG00000018034,0.4252129433674321,1.1249464168834928,0.9198238552299471,2.4699832154808723,-0.4347736648307647
ENSSSCG00000018039,0.5418893299087941,1.2291241894820486,0.8355447253614052,2.606558244752248,-0.1685137432069499
ENSSSCG00000018045,0.18284597420205345,0.5596994543803374,0.5271088547070888,1.2696542832894797,-0.17700923549652262
ENSSSCG00000018049,0.6225621537900543,0.4388638889032139,0.25884381122645117,1.3202698539197195,-0.15852446391346153
ENSSSCG00000018057,0.3352312732246342,0.7241988964404779,0.5589792317589425,1.6184094014240546,-0.4006504019171805
ENSSSCG00000018061,0.3805362232444381,0.549611474481682,0.43080795571481195,1.360955653440932,0.0741512913325333
ENSSSCG00000018063,0.1710122901488666,1.921235958715335,1.9988154412385313,4.091063690102732,-0.014316579416708828
ENSSSCG00000018065,0.7650538555289099,0.9471710017334448,1.0341822636688829,2.746407120931238,-0.017369510689619068
ENSSSCG00000018067,0.40815830147464083,3.6890261383496163,3.929015208322612,8.02619964814687,-0.06250381635756505
ENSSSCG00000018069,0.23027294395578138,3.5147526755654406,3.7129271104029464,7.457952729924168,-0.07104513469595622
ENSSSCG00000018070,0.5849379669235688,1.3239684622418673,1.3223788230946811,3.2312852522601174,-0.022864478025093216
ENSSSCG00000018075,0.43511043105568503,2.7052525731921238,2.979352286631934,6.119715290879743,-0.05820203282702277
ENSSSCG00000018076,0.24391612942097396,3.42668829845138,3.4907497425100207,7.161354170382374,-0.06876369383268978
ENSSSCG00000018078,0.45644830790204466,2.8492553399949143,3.211025707632735,6.516729355529694,-0.02733426857032256
ENSSSCG00000018080,0.45650344541065435,2.823499106073523,2.608755573262008,5.888758124746185,-0.03844430066026984
ENSSSCG00000018081,0.4707140932105478,3.7432490195409818,4.133828996842595,8.347792109594124,-0.027969393543594616
ENSSSCG00000018082,0.5131695832086592,2.7748988423711816,3.075852361427261,6.3639207870071015,-0.06562473057659444
ENSSSCG00000018084,0.5555849270851626,1.0144405924052513,1.5282541918165504,3.0982797113069642,-0.06421200947723292
ENSSSCG00000018086,0.457818491712704,0.8952489848553299,1.1841576634977202,2.537225140065754,0.04376214678922815
ENSSSCG00000018087,0.4050362539678866,1.7032191519689042,1.7050539859134894,3.81330939185028,0.013826470788716797
ENSSSCG00000018091,0.20764207542335925,3.895062884550542,3.9453244798184017,8.048029439792304,-0.05444344990668382
ENSSSCG00000018092,0.38745490592410775,2.956093697010195,3.0969187179265933,6.440467320860896,-0.014076302711976275
ENSSSCG00000018093,0.6829357689160801,1.49907922914188,2.1580087416638833,4.340023739721843,-0.032219203803404366
ENSSSCG00000018094,0.49119736419345966,2.8392534123173965,3.1619049148851555,6.492355691396011,-0.05278368263663128
ENSSSCG00000018096,0.8057563162882053,4.121411390720819,3.6012380839227474,8.528405790931771,-0.04752558486053736
ENSSSCG00000018734,1.3710392395105597,1.2353465249385267,2.593880141266811,5.200265905715898,0.14756000114976942
ENSSSCG00000020663,0.4532678332461405,0.9146094798282803,1.2970820210868408,2.664959334161262,-0.22475071946091896
ENSSSCG00000020666,0.8081923686194481,1.0546681311012727,0.4396246384222321,2.302485138142953,-0.179943938299781
ENSSSCG00000020671,0.7145012628757123,0.7392745226736775,1.1474758284433912,2.601251613992781,-0.3506726162882983
ENSSSCG00000020675,0.21932610113534934,0.3426728624955106,0.42499507563691397,0.986994039267774,-0.06641787487090375
ENSSSCG00000020678,0.3655032432175091,0.939731242742905,1.0542321515341169,2.3594666374945312,-0.14258060169172962
ENSSSCG00000020686,0.17237377472180074,1.5591664503087885,1.6176520555709988,3.349192280601588,0.07888811042625397
ENSSSCG00000020702,0.7179611638235287,0.9861821032070899,1.1624675364888497,2.8666108035194684,-0.22404777475620824
ENSSSCG00000020710,0.6736474786495104,0.5039506805062264,1.109357296449343,2.2869554556050797,-0.2342118010433515
ENSSSCG00000020711,0.36245752173732876,0.6202052644904156,0.36472672750394336,1.3473895137316878,-0.12626852923428314
ENSSSCG00000020715,1.3122803946578123,1.5378695605150756,1.6449158840995068,4.495065839272395,-0.005835213048962551
ENSSSCG00000020717,0.16051885109230984,0.5885114312036304,0.6908423238114934,1.4398726061074336,-0.3832349656716263
ENSSSCG00000020735,0.4944180485987013,1.8630237556548048,2.046422692198196,4.4038644964517015,0.01746641208074202
ENSSSCG00000020737,0.7106123436871141,0.8099160822781382,1.0105659125721003,2.5310943385373523,0.07536809768986523
ENSSSCG00000020743,0.8848283358958036,1.5219152618073106,1.8693931582272945,4.276136755930409,-0.34890916741802125
ENSSSCG00000020754,0.23520861789173245,1.1655744486184982,1.2932982354180733,2.6940813019283043,0.02041279964795274
ENSSSCG00000020777,0.13306087326462288,0.8999642672946536,0.7689277035057276,1.8019528440650041,-0.1539698339243286
ENSSSCG00000020796,0.7649135370490499,0.6527998566240157,0.8880842817202229,2.3057976753932885,-0.2723273039157822
ENSSSCG00000020799,0.17807100085666494,0.4260594477911892,0.3285255864762009,0.932656035124055,0.03390514545146919
ENSSSCG00000020803,1.056596868320778,0.3961534515805508,0.8900598754291206,2.3428101953304497,-0.12809110182358346
ENSSSCG00000020808,0.5967770915919607,0.9528087342106378,1.3295508759579515,2.87913670176055,0.13917840647996468
ENSSSCG00000020817,0.49093300116472954,1.7430286889482636,1.6042198333949185,3.8381815235079118,0.14444544166300918
ENSSSCG00000020823,0.17389001744778576,0.6099793246835141,0.4971604011246206,1.2810297432559206,0.06186075723984746
ENSSSCG00000020830,0.35138969596129815,1.715837115865107,1.723934479072725,3.79116129089913,0.13396116084400325
ENSSSCG00000020842,0.7049649897336665,0.5890664451790185,0.7999289748653938,2.0939604097780786,-0.02638515731667392
ENSSSCG00000020853,0.9870819444242767,0.9653022312998619,0.44437571665800996,2.3967598923821485,-0.27864306953240287
ENSSSCG00000020856,0.8371662979109001,0.12180956696336251,0.9106790020367329,1.8696548669109956,-0.2628656439909314
ENSSSCG00000020858,0.12112376775143288,0.48370470264473514,0.48172751075346393,1.086555981149632,-0.17940738574699563
ENSSSCG00000020868,0.10287444487419697,0.8482569117582893,0.7672446622577326,1.7183760188902188,-0.04841076240542992
ENSSSCG00000020870,0.25264579320212893,0.6618025293305521,0.7616478484479844,1.6760961709806654,-0.12902848057195787
ENSSSCG00000020878,0.11417732804019354,0.2479414579326685,0.2640782638393536,0.6261970498122157,0.01125763054170928
ENSSSCG00000020879,1.1917160131682385,0.7348390413439614,1.6474147517715172,3.573969806283717,-0.14116152922729872
ENSSSCG00000020885,0.5063644993724044,0.9628174915133163,0.5240195605766994,1.9932015514624202,-0.05034127430444645
ENSSSCG00000020895,0.20554483572410928,0.4331221512661184,0.6118294990570712,1.250496486047299,-0.02502136391733347
ENSSSCG00000020898,1.3448699888955395,0.6489178338673244,0.8601169208383681,2.853904743601232,-0.1810863967716092
ENSSSCG00000020899,0.22449804572606646,0.5247137998801963,0.5164139066588284,1.265625752265091,0.012724212065490669
ENSSSCG00000020910,0.40525558042625714,0.33194484422149567,0.5832473221374226,1.3204477467851754,-0.06477110446418041
ENSSSCG00000020912,0.4760563705343837,0.6623606078216192,0.8209960943667189,1.959413072722722,-0.2708488213720217
ENSSSCG00000020926,0.43819849588119614,1.8276936275018811,1.6380144413422282,3.9039065647253053,0.027631097613003933
ENSSSCG00000020931,0.5639732076075145,0.7666821762080556,1.1960810458561055,2.5267364296716757,-0.016417653656288608
ENSSSCG00000020945,0.4247877716252069,0.819546617827584,1.0428875305540841,2.287221920006875,0.24709070546591955
ENSSSCG00000020954,0.999352368648322,0.9017805675872621,0.43510177546418505,2.3362347116997695,-0.23549797729413113
ENSSSCG00000020962,0.3960377121117738,0.7209009368450315,0.7775494340039466,1.894488082960752,-0.43133136423688606
ENSSSCG00000020964,0.35158243302821324,0.42587346333124304,0.5460536814765033,1.3235095778359596,-0.11861698211950296
ENSSSCG00000020984,0.4433002998331728,0.7698712459711893,0.8420093903498224,2.0551809361541844,0.10418042975688117
ENSSSCG00000020986,0.2766054441323646,0.48249163996745303,0.6422648723805398,1.4013619564803574,-0.1890267526788305
ENSSSCG00000020988,1.003574981199535,0.9944886150804702,1.4268355428810744,3.4248991391610795,0.015123398545279164
ENSSSCG00000020990,0.21598368533157272,0.7024983677206421,0.6206406274239018,1.5391226804761167,-0.20048289374405157
ENSSSCG00000021005,0.9270487629828434,0.19790561789373765,0.7613978134873117,1.886352194363893,-0.09340095827355686
ENSSSCG00000021007,0.2270331847872013,1.0497306862314655,1.2481963538963188,2.5249602249149854,0.10812773451498091
ENSSSCG00000021018,0.2267712619007754,0.39542004476242154,0.3774481274046113,0.9996394340678083,-0.4071331962907569
ENSSSCG00000021023,0.15597220510775195,1.1119056444766164,1.0481698090286213,2.3160476586129897,-0.1112049123317991
ENSSSCG00000021024,0.39450456730324074,0.24329643811518417,0.4568719629617862,1.0946729683802112,-0.17235953628096942
ENSSSCG00000021026,0.19104487485828298,0.5435436209685827,0.6157764848057068,1.3503649806325724,-0.18496731723031515
ENSSSCG00000021027,0.14864850352004183,0.5797814887858255,0.6706010510614576,1.3990310433673248,-0.3837000487461678
ENSSSCG00000021036,0.7040783728340695,0.5093426854487586,0.6639443069392363,1.8773653652220645,-0.2652103233032563
ENSSSCG00000021038,0.6500318908133841,0.8939452669703947,0.5516062486431096,2.0955834064268886,-0.22293532040928615
ENSSSCG00000021040,0.1378609269554567,0.49159299139133844,0.48377698187954826,1.1132309002263434,-0.23821605380376917
ENSSSCG00000021042,0.49075429137578175,0.7945236381328155,1.052960016656298,2.338237946164895,-0.040480451214309404
ENSSSCG00000021060,0.4906033482480596,0.8151520557026434,0.3697354648960325,1.6754908688467356,-0.31202682621834815
ENSSSCG00000021065,0.2573975145090926,0.642709340275466,0.4801927370078386,1.3802995917923973,-0.030867885670650165
ENSSSCG00000021069,0.2530313964138231,0.7870751411502462,0.9795363663516099,2.0196429039156794,-0.05940330965363052
ENSSSCG00000021072,0.4098687046189335,0.4841945718109368,0.6888004130593764,1.5828636894892467,-0.11660234347012159
ENSSSCG00000021075,0.4122171242298143,0.49307784271911964,0.6790950782661558,1.5843900452150899,-0.40273448443764814
ENSSSCG00000021092,0.861355968138649,0.47863861040094824,0.7492217184071223,2.0892162969467196,-0.3801432618771357
ENSSSCG00000021118,0.6397716595278933,0.5694503441853773,0.8684816767864246,2.0777036804996953,0.0492720483518157
ENSSSCG00000021129,0.399923492974176,0.5268482775644262,0.6507868658202952,1.5775586363588974,-0.13549087561294726
ENSSSCG00000021130,0.15247964440901374,1.6914955541544956,1.5960898383173725,3.440065036880882,-0.0015413375298179253
ENSSSCG00000021132,0.15073335005125915,0.32166613026723373,0.37460899581777396,0.8470084761362668,-0.20831949385633255
ENSSSCG00000021145,0.2570696638161287,0.5185202063090742,0.4261293194911453,1.2017191896163482,0.04318557297086358
ENSSSCG00000021161,0.5383378841533707,2.8303622024042845,2.4964834721456226,5.8651835587032775,0.016929220916232775
ENSSSCG00000021166,0.7325172931063167,0.6101188680517315,1.0019672882909223,2.3446034494489707,-0.19655773241586225
ENSSSCG00000021170,0.24788380447839894,0.3222238646951907,0.27504713167722894,0.8451548008508186,-0.03835577538570405
ENSSSCG00000021180,0.09329944281774637,2.1639472272981646,2.0920375277424936,4.349284197858404,-0.025560594785925636
ENSSSCG00000021184,0.1023839644226053,0.3375599268186445,0.366093488754108,0.8060373799953577,0.08258020653364279
ENSSSCG00000021200,0.38432938468071637,0.25007362209385536,0.5444331854057655,1.1788361921803372,-0.0583648763950338
ENSSSCG00000021203,0.5113438339810762,0.2600123899837514,0.5718835956824128,1.3432398196472404,0.10750730549880172
ENSSSCG00000021205,0.3383525390497167,0.9763656813455879,0.6821308289071935,1.996849049302498,-0.38904112362542576
ENSSSCG00000021207,0.5274517639713387,0.5226828227716316,0.9481996583455699,1.9983342450885402,-0.02196919905017467
ENSSSCG00000021208,0.42410633458087366,0.43998350434582023,0.407953665272344,1.2720435041990379,-0.21971777818849475
ENSSSCG00000021210,0.7468005940711283,1.1742071624172168,0.8761689073424486,2.7971766638307938,0.0566589618964039
ENSSSCG00000021216,0.28961537539433746,0.45941493601515476,0.5943915072496477,1.34342181865914,-0.09482414042466775
ENSSSCG00000021217,0.36470132361227564,0.8676335241820233,0.7740369487398289,2.006371796534128,0.18863420494154098
ENSSSCG00000021218,0.39200319000951556,0.8784824439807889,0.7676075445612716,2.038093178551576,-0.28427695793997004
ENSSSCG00000021229,0.552939162903971,0.5218707003733702,0.8272359238761949,1.9020457871535363,-0.1957882253937804
ENSSSCG00000021236,0.16064439289070026,1.3808776448766173,1.3870410721374358,2.9285631099047533,0.021039743035776794
ENSSSCG00000021250,0.4825688504315329,1.1046098424250077,1.0249168679360148,2.6120955607925556,-0.32827016212740184
ENSSSCG00000021255,0.3016503482919807,0.5811693867421273,0.463592120311495,1.346411855345603,-0.284145784392664
ENSSSCG00000021259,1.0979917549391787,0.5606692871706436,0.8146966318412662,2.4733576739510883,0.23735426085430705
ENSSSCG00000021270,0.7850908977327921,0.39916328212389474,0.7813655101600188,1.9656196900167056,-0.23924910907872468
ENSSSCG00000021271,0.43451690131200615,1.1801014788433708,1.3027360286544454,2.9173544088098224,-0.4729952866470276
ENSSSCG00000021275,0.49486371676255997,0.7906268665601482,1.2225427095716879,2.508033292894396,-0.15691402444220628
ENSSSCG00000021285,0.8709202272795464,0.6616223193117258,0.8677055325066306,2.400248079097903,-0.17999740647960663
ENSSSCG00000021287,0.6236657633122425,0.5829940405853473,0.7034409440677832,1.910100747965373,-0.060576882001125903
ENSSSCG00000021292,1.1172009820207536,0.7543172159263313,0.45435189282742683,2.3258700907745116,-0.18942256897404114
ENSSSCG00000021306,0.6428243405362617,0.5913928175799067,0.4044639127873385,1.6386810709035067,-0.36071913652804427
ENSSSCG00000021307,0.286524038400623,1.3496258637412257,1.0855453432336264,2.721695245375475,-0.3899809641491569
ENSSSCG00000021309,0.3157757877612584,0.44649944450807194,0.5508018069498587,1.313077039219189,-0.10168456484806432
ENSSSCG00000021310,0.9467900908292144,0.2582399021891154,0.7981866629201376,2.0032166559384676,-0.05596027715996367
ENSSSCG00000021319,0.22726176603362866,0.5797506713426133,0.5370922193426346,1.3441046567188766,0.19656304897680493
ENSSSCG00000021322,0.4851794828520179,0.36031116406989816,0.30388686677666354,1.1493775136985795,-0.2002214417067325
ENSSSCG00000021325,0.6314409893233597,0.7411472119722456,0.7307265319849084,2.1033147332805138,0.0728277723735505
ENSSSCG00000021333,0.2045447401798049,0.5958882151653828,0.7191366178069948,1.5195695731521823,-0.03564628389713037
ENSSSCG00000021353,0.41289350700338623,0.5423922147526904,0.7061477286561211,1.6614334504121977,-0.14639266531569953
ENSSSCG00000021354,0.24542767635419022,0.6466543860010388,0.4869293579840144,1.3790114203392434,-0.24050626806798037
ENSSSCG00000021355,0.10648345603219622,2.1414913777021694,2.061757707838097,4.309732541572463,-0.07327645493682139
ENSSSCG00000021359,0.39951290860288113,0.7832501182037951,0.6835002785641862,1.8662633053708624,-0.09420498589182168
ENSSSCG00000021361,0.17636902320429185,0.4138313623238772,0.35518528456073684,0.9453856700889058,-0.1333011004362175
ENSSSCG00000021363,0.25614481538926775,1.0555267066843195,1.2893915021266102,2.6010630242001973,-0.1849178334626917
ENSSSCG00000021371,0.32606857750838547,1.1744798722396645,1.101286492196569,2.6018349419446194,-0.09156077284607118
ENSSSCG00000021380,0.6371180903395474,0.4117720467401848,0.33784118604111485,1.386731323120847,-0.03241676911372186
ENSSSCG00000021383,0.14380014510365283,0.42736728822674663,0.530267354174187,1.1014347875045865,-0.1506075990853426
ENSSSCG00000021384,0.10515538888692147,0.7047706993669501,0.7176143812748981,1.5275404695287698,-0.133946515066274
ENSSSCG00000021393,0.854029788824036,0.503320702660365,0.9166316516086266,2.2739821430930274,-0.11048974003484954
ENSSSCG00000021408,0.546661331424094,1.3634925596405174,1.3914558028393673,3.3016096939039787,0.14517220708938924
ENSSSCG00000021410,0.8403931066543562,0.7724710020200058,0.6838598139601744,2.2967239226345364,0.05473929672380742
ENSSSCG00000021427,0.4985441899395876,0.7075282189040959,0.7274831455364302,1.933555554380114,-0.18727805882331158
ENSSSCG00000021439,0.755718502041524,0.658174304522424,0.5610841620620757,1.9749769686260237,-0.3193541689966459
ENSSSCG00000021440,0.7809314618491648,0.24634039543797986,0.9734104445022256,2.0006823017893702,-0.15376005736490053
ENSSSCG00000021443,0.291528046748851,0.5715107570909239,0.5135979362183897,1.3766367400581645,0.1325104194464152
ENSSSCG00000021461,0.25618161156717073,0.6974870455949709,0.8850053016119871,1.8386739587741285,0.10849864195928342
ENSSSCG00000021464,0.6346040934320816,1.011995019377753,1.472491451730444,3.1190905645402784,-0.011589528952436938
ENSSSCG00000021466,1.2829771203096523,0.7191525789662389,1.9175253899377627,3.919655089213654,-0.05398535679612991
ENSSSCG00000021472,1.4051106238161886,1.6967597094009714,1.2917994804180455,4.3936698136352055,0.03966438662616064
ENSSSCG00000021478,0.7260216838862403,1.177394603481534,0.7181254329055529,2.621541720273327,-0.21291704899200842
ENSSSCG00000021487,0.3485277534847698,1.5251703118043323,1.6010265416268037,3.4747246069159057,-0.2739615932402828
ENSSSCG00000021514,0.28913747179495214,0.38488146095709563,0.3247581981497451,0.998777130901793,0.009537316177910319
ENSSSCG00000021519,0.31041910111378923,0.77112006629275,0.5043467175739818,1.5858858849805209,-0.3586698782789722
ENSSSCG00000021527,0.18896083144225748,0.6172225126869777,0.5806431283138719,1.386826472443107,-0.24655571216471256
ENSSSCG00000021560,0.36816960763735423,1.2270067578379038,1.0434661746727054,2.6386425401479636,-0.11676004158899334
ENSSSCG00000021571,0.43425639538058325,0.7768568831560839,0.7404763693295484,1.9515896478662156,-0.31919053065778086
ENSSSCG00000021576,0.1407362331330564,0.5743310959547597,0.6973756833940289,1.412443012481845,-0.0853998534785082
ENSSSCG00000021579,0.08737548274141983,0.47722656469129243,0.4792289197079826,1.043830967140695,-0.21737740295772412
ENSSSCG00000021585,0.1273293103041447,0.5721334909018164,0.6637630627949337,1.3632258640008947,-0.26979546977591484
ENSSSCG00000021587,0.1661909215088352,1.1417435354025272,1.0533372040011044,2.361271660912467,0.292267202111072
ENSSSCG00000021591,0.4785908891383682,0.8362271604341398,0.6203545640171848,1.935172613589693,0.15382256598053937
ENSSSCG00000021601,0.35626322146610717,0.7918158743652354,0.9992975314310681,2.1473766272624104,-0.3450551223309775
ENSSSCG00000021606,0.15414508804507357,0.605405607611376,0.514188253933768,1.2737389495902174,-0.16641818556444898
ENSSSCG00000021620,0.6483259132616547,1.6409455572707348,1.6212012014653592,3.9104726719977485,0.0804354764707972
ENSSSCG00000021628,0.5268098362199293,0.9276268994415096,0.7744847644134119,2.2289215000748506,-0.07364204483359083
ENSSSCG00000021634,0.21054054113747347,0.7222434291064738,0.7104341247036663,1.6432180949476134,-0.11954119829367843
ENSSSCG00000021638,0.2203446189689418,0.7678037313022305,0.9849310491708511,1.9730793994420233,-0.06519884149814291
ENSSSCG00000021640,0.3020688496907439,0.32411316563217696,0.37289174866906794,0.9990737639919888,-0.09008672343642053
ENSSSCG00000021644,0.49930404443540094,0.8555317946050851,0.5391387775381979,1.893974616578684,-0.3031232809396506
ENSSSCG00000021652,0.6895261264328753,1.1733662299887402,0.8985508863018361,2.7614432427234514,0.0653409869765195
ENSSSCG00000021657,0.06849350400345415,0.3790633627192932,0.3259676847217519,0.7735245514444993,-0.08453388780997374
ENSSSCG00000021663,0.6341971431480596,0.29592375716419533,0.4622596143186738,1.3923805146309287,0.0576083523383606
ENSSSCG00000021664,0.3258399055905049,0.39414558031425606,0.2277412804584077,0.9477267663631687,-0.15357994719515375
ENSSSCG00000021672,0.1877296397428066,0.9945036457653645,0.8431113033510922,2.025344588859263,-0.15149588728830046
ENSSSCG00000021676,0.12011647475072244,0.7486532749486724,0.8256456421497591,1.6944153918491538,-0.20384488424829098
ENSSSCG00000021688,0.7099069297478939,0.556294557938202,0.5295119946305973,1.7957134823166934,-0.2874778134142341
ENSSSCG00000021698,0.16378342391307263,0.8640555454378223,0.7189258965353797,1.7467648658862747,0.0014121565488722507
ENSSSCG00000021702,0.12458648073935072,0.5078258620023632,0.528617300632911,1.161029643374625,-0.17700668876500317
ENSSSCG00000021704,0.2297492474590658,0.5810953556271305,0.5101835971819705,1.3210282002681668,-0.19019832285716584
ENSSSCG00000021718,0.5171222248081332,0.26255339261963134,0.3333478329161459,1.1130234503439105,-0.02274330792625314
ENSSSCG00000021731,0.573960012884545,1.2034184945533852,1.3440552216991768,3.121433729137107,0.06123020572732793
ENSSSCG00000021738,0.4725991270631548,0.8909658783478396,0.5733385482778286,1.936903553688823,-0.0027028254119789534
ENSSSCG00000021739,0.6044417652114714,0.36102739394631617,0.6917689096969548,1.6572380688547423,-0.023600280829843626
ENSSSCG00000021741,0.21217178943055115,0.44776735895078645,0.38326409689654406,1.0432032452778817,-0.11738728335391999
ENSSSCG00000021744,0.6889528479083513,0.8252832954618382,0.769286298848552,2.2835224422187412,-0.1555629073163225
ENSSSCG00000021746,0.7509202567756124,0.8787548748254269,0.9588582918272847,2.588533423428324,0.1297215329967199
ENSSSCG00000021749,0.21361238966367072,0.6343668890055564,0.6487672761486764,1.4967465548179035,-0.11830977650624068
ENSSSCG00000021750,0.0785300054891425,0.9804490238182075,0.9110667120976342,1.9700457414049843,-0.17042275219182149
ENSSSCG00000021757,0.5426493116991502,0.5066636302996099,1.0331482358340631,2.0824611778328235,-0.2494202791145601
ENSSSCG00000021761,0.2990183466308495,0.6107700985474893,0.37713435707372556,1.2869228022520645,-0.13690042368713237
ENSSSCG00000021764,0.7131886205602839,0.6592430067690751,1.248516932156285,2.620948559485644,-0.21138749968528925
ENSSSCG00000021767,0.4629383832451669,0.42851064555212753,0.6043890346503235,1.4958380634476178,-0.37559386913987847
ENSSSCG00000021774,0.6662951474656835,0.5329910497432403,0.806459421703999,2.005745618912923,-0.1859629745297749
ENSSSCG00000021784,0.6657192953707768,0.8425311954893083,1.2503593931154438,2.758609883975529,0.011186081127119852
ENSSSCG00000021791,0.38333388715187267,1.3679256261374528,1.7346226679891799,3.4858821812785052,-0.20475088447146864
ENSSSCG00000021793,0.42262820876159757,1.1500807474521832,1.4621316892448792,3.03484064545866,-0.3003559178771731
ENSSSCG00000021802,0.20422623613482152,0.4641130637581071,0.5940588226918899,1.2623981225848184,-0.3049398640843875
ENSSSCG00000021803,0.8918701254271642,0.8358343916859076,0.49594619551452523,2.223650712627597,-0.2387968000814955
ENSSSCG00000021813,0.35419518768638203,0.4918576077189614,0.7038778248401039,1.5499306202454473,-0.19019731450428679
ENSSSCG00000021814,0.2563419147970626,0.8931996579645128,1.0776327017739011,2.227174274535477,-0.2076388613041983
ENSSSCG00000021818,0.2778427147182949,0.708376928172873,0.9464191787823337,1.9326388216735015,-0.36303306362032967
ENSSSCG00000021822,0.25135508342903784,0.46570365885488446,0.6578023246007757,1.374861066884698,-0.22157664960372248
ENSSSCG00000021825,0.3598631101303661,1.969691571062696,1.6330376243110685,3.9625923055041308,0.18345472741592428
ENSSSCG00000021828,0.11600232800960096,0.6820800606733739,0.6800532513155696,1.4781356399985444,-0.37814217287672125
ENSSSCG00000021834,0.19986044206062528,0.3400769051833634,0.33067966228906076,0.8706170095330494,-0.19080440852005884
ENSSSCG00000021845,0.52499052575397,0.8963896797584218,0.6934021305496574,2.1147823360620492,-0.1781898964960654
ENSSSCG00000021846,0.5790443708871724,0.6403128977052013,1.0007221009361833,2.2200793695285572,-0.3499851196619792
ENSSSCG00000021874,0.2994838853058666,0.5225885168157631,0.4918367619397597,1.3139091640613894,-0.2985562912157246
ENSSSCG00000021885,0.06541420444333976,0.4918408734177994,0.5276429957642615,1.0848980736254008,-0.14029742311670038
ENSSSCG00000021890,0.2776132510996858,0.8307302288714882,0.6892207511259683,1.7975642310971423,-0.0983883111507787
ENSSSCG00000021891,0.19833221951544028,0.40310384325693766,0.4739864638968463,1.0754225266692243,-0.13066997641972847
ENSSSCG00000021893,0.18723471570476577,0.6862937779663961,0.7798353346435515,1.6533638283147134,-0.1700025545042465
ENSSSCG00000021898,0.12280458822181896,1.1693354918911887,1.1734748306620817,2.4656149107750895,-0.22524136482642568
ENSSSCG00000021918,0.08921151030624752,0.38784202684903235,0.46200704859206937,0.9390605857473493,-0.005852736990586357
ENSSSCG00000021934,0.5350401888721693,1.1869894791822029,0.6627476779267796,2.384777345981152,-0.20761391645742172
ENSSSCG00000021941,0.3604860458646355,0.5136773703967873,0.6233307595890825,1.4974941758505054,0.01475552539073727
ENSSSCG00000021946,0.5385741672194845,0.46523389689281264,0.7191098910575241,1.7229179551698213,-0.13824233688996965
ENSSSCG00000021956,0.6083218727153508,0.5678502047997588,1.0277360490077239,2.2039081265228333,-0.17122699127469793
ENSSSCG00000021959,0.5150601586561967,1.9362033549563795,2.359431493416218,4.810695007028794,-0.40296363617460185
ENSSSCG00000021966,0.8556930151598382,0.43200476202219074,0.6198136235889831,1.9075114007710121,-0.1429424788830878
ENSSSCG00000021973,0.5433139761012421,0.6431428099163164,0.8550546175367015,2.04151140355426,-0.047622178797315895
ENSSSCG00000021977,0.8062452807360257,1.1601575954969208,1.4577263651236125,3.4241292413565594,0.12054791334370923
ENSSSCG00000021988,0.44617176673028786,0.16242568866268275,0.3942012527791359,1.0027987081721066,-0.3237677314829302
ENSSSCG00000022011,0.25325692666357247,0.6033990997477824,0.8148368478619606,1.6714928742733155,-0.09889109712385138
ENSSSCG00000022032,0.29465501881862455,0.7496357313157247,0.9211642721853196,1.9654550223196687,-0.16988186940051328
ENSSSCG00000022034,0.12061803386788916,0.3826751180109849,0.29298338857915524,0.7962765404580294,-0.062107094560691474
ENSSSCG00000022058,0.10658050920335103,0.6975362040893182,0.701857813321063,1.5059745266137323,0.11840383133716008
ENSSSCG00000022066,0.2808728153893123,1.1166636026998253,1.0554765730268532,2.453012991115991,-0.14151655768351587
ENSSSCG00000022070,0.3236208944281161,1.3246363912799493,1.24969847869239,2.8979557644004554,-0.14480941938685632
ENSSSCG00000022073,0.29397962700779917,0.8708536298708563,1.1214814644446454,2.2863147213233006,-0.31309467219082693
ENSSSCG00000022080,0.27585754988100053,1.0093693002253419,0.7473370828017581,2.0325639329081007,0.07873286779064165
ENSSSCG00000022081,0.7059411889250777,0.8153191946831105,0.8230510505151529,2.344311434123341,0.04103356112634735
ENSSSCG00000022083,0.7412880995712356,0.5081223139351184,1.1458347144232175,2.395245127929572,-0.3437521590521972
ENSSSCG00000022091,0.461864214333053,0.710071037055165,0.7791722319535231,1.9511074833417412,-0.18177348875360239
ENSSSCG00000022099,0.22212854807817584,0.5543034945027888,0.3904171482688009,1.1668491908497656,-0.16348511014209294
ENSSSCG00000022101,0.5855135117007841,0.7734273567376433,0.6102573368748618,1.9691982053132893,-0.13254912580212666
ENSSSCG00000022107,0.47629363904035255,0.4875326497685996,0.28858734957379967,1.2524136383827518,0.06062044316560207
ENSSSCG00000022112,0.7535361731314938,0.653681682778126,0.7953552598287564,2.2025731157383763,-0.19748316622313075
ENSSSCG00000022128,0.2172402570350267,0.4684017585378335,0.5678845032511328,1.253526518823993,-0.3007014238050065
ENSSSCG00000022131,0.13586432353718214,0.11693266185233309,0.18552652756300306,0.43832351295251826,-0.05258243961144823
ENSSSCG00000022145,0.8755270074697732,0.8712442933334311,1.6121703225508066,3.358941623354011,-0.035891232077609046
ENSSSCG00000022147,0.6024636080154407,0.5440139954167929,0.6572640511125752,1.8037416545448086,-0.13395652862037907
ENSSSCG00000022149,0.47916234002585795,1.2145350384682398,1.0386420272082373,2.7323394057023354,-0.07636864115888163
ENSSSCG00000022155,0.47945758173149094,0.9391309764678261,1.1610623913280234,2.5796509495273403,-0.15932668195043181
ENSSSCG00000022159,0.36328836914921503,0.22694690158078332,0.5771686460141702,1.1674039167441685,-0.08784471236989812
ENSSSCG00000022161,0.16349996047382934,0.5284333110463033,0.45178917127354545,1.143722442793678,0.004906114471142482
ENSSSCG00000022164,0.19835066882730057,0.7136605415717905,0.7024860256507952,1.6144972360498864,-0.00799475143825159
ENSSSCG00000022168,0.2191379601143362,0.44258359471328435,0.34072714650066743,1.002448701328288,-0.24833121049211093
ENSSSCG00000022173,0.4829681013760706,0.6370419405974878,0.699575851929411,1.8195858939029694,-0.32955222553060176
ENSSSCG00000022175,0.36430311975409396,0.7252056159973765,0.9133731028524786,2.0028818386039493,-0.41866443547756504
ENSSSCG00000022176,0.41082466789496547,1.2775073456423236,1.0381101525425198,2.726442166079809,-0.010220573858502597
ENSSSCG00000022177,0.3625429750500792,0.20151174497349267,0.4777412986954181,1.04179601871899,-0.1251358022257097
ENSSSCG00000022178,0.5370452728358125,0.7093917407141543,0.8221834174764483,2.068620431026415,-0.12131781565584385
ENSSSCG00000022190,0.3172112850710775,0.7887749082881619,0.670475268984345,1.7764614623435844,-0.051582782946145836
ENSSSCG00000022192,0.5792504915217508,0.47284665937178844,0.3053281363892894,1.3574252872828287,-0.06648517497497139
ENSSSCG00000022195,0.20313372068557983,0.48593671712314673,0.5741978505124901,1.2632682883212167,-0.13516887832851696
ENSSSCG00000022196,0.09957336738504066,0.8302024311252826,0.8227760129621171,1.7525518114724403,-0.27153333807635915
ENSSSCG00000022206,0.27849418179626817,1.8588671428795895,1.808307976369577,3.9456693010454345,0.05397007253702018
ENSSSCG00000022212,0.4804731908359091,0.8533109878446742,0.8235537836027021,2.1573379622832856,-0.12193928882756495
ENSSSCG00000022222,0.8512272824451829,0.7400256321756695,0.62687628477787,2.218129199398722,0.07954797231017958
ENSSSCG00000022224,0.5661991911583502,0.564758928357865,0.7505873558579265,1.8815454753741419,-0.36724516032832266
ENSSSCG00000022225,0.737185656055955,0.7265869323272934,0.4897994863344612,1.9535720747177097,0.0954853534483488
ENSSSCG00000022227,0.3660091795287324,0.9518670165930444,0.7913092101216136,2.1091854062433906,-0.2411385301294671
ENSSSCG00000022236,0.06695125106738697,1.5048146548475407,1.4600666104493507,3.031832516364278,0.2262378104064367
ENSSSCG00000022237,0.22325294186096534,0.44101836795636384,0.6101195475616197,1.2743908573789489,-0.18027594795389218
ENSSSCG00000022240,0.5868297213020518,0.45995920517842714,0.769774374320424,1.8165633008009028,-0.10219652914680638
ENSSSCG00000022250,0.292227792449764,0.4672223995171258,0.646736790930647,1.4061869828975366,-0.18755472176982807
ENSSSCG00000022283,0.20319944825574252,0.5491031231759823,0.5352218845354181,1.287524455967143,-0.20840319638262178
ENSSSCG00000022288,0.3398434184375608,0.5519348625314292,0.8542296963735411,1.746007977342531,-0.24321520384944992
ENSSSCG00000022292,0.11915722703510222,0.5147898164218493,0.5397458451191502,1.1736928885761018,-0.12565738596655668
ENSSSCG00000022299,0.5341806094833085,0.9983282876818645,0.6570456493601825,2.1895545465253554,-0.019232578288764648
ENSSSCG00000022300,0.6992883821693315,0.3678455023627016,0.8209374888784002,1.8880713734104333,-0.016797803592713986
ENSSSCG00000022301,0.4424092186407681,0.9186998286637779,0.8590923469296267,2.2202013942341727,0.139000307854503
ENSSSCG00000022303,0.6158764878089845,0.4294138441384772,0.7116387427128715,1.7569290746603334,-0.055840910793212545
ENSSSCG00000022312,0.9124620896025286,0.924256157006846,0.4438181913602036,2.280536437969578,-0.10952475362986352
ENSSSCG00000022331,1.1635796191194916,0.24753661977155744,1.377310402214432,2.788426641105481,-0.11998656710740317
ENSSSCG00000022333,0.43492865995197394,0.6739646449611622,1.066619309168604,2.1755126140817405,-0.2681378322476912
ENSSSCG00000022345,0.08472735589062026,0.503184991145347,0.5343338525892447,1.122246199625212,-0.1903189688130903
ENSSSCG00000022353,0.5512359093780685,0.5916322931900759,0.504897590023387,1.6477657925915314,-0.04118434222865641
ENSSSCG00000022358,0.2849440821196329,0.4489332977561665,0.5861180186849514,1.3199953985607507,-0.18544921877982926
ENSSSCG00000022361,0.3585207428199551,0.548150158662749,0.7294604530784696,1.6361313545611738,-0.2705324930741385
ENSSSCG00000022380,0.46411260802059384,0.961531104124663,0.8460843532436857,2.2717280653889427,0.005749381389189867
ENSSSCG00000022383,0.23963820803361574,0.5205539429472382,0.5708326349511068,1.3310247859319608,-0.1755940126188482
ENSSSCG00000022384,0.5832822436506886,0.4046127389041558,0.31157434019024555,1.29946932274509,-0.3058772368242144
ENSSSCG00000022387,0.6534257607136668,1.4998352601767395,1.1620647261826111,3.3153257470730173,-0.22231271177776374
ENSSSCG00000022395,0.0898258090893556,0.6208393170016059,0.6186444021700089,1.3293095282609704,0.11359752746581442
ENSSSCG00000022396,0.5252564115126013,1.1865440781005885,1.0630688412632165,2.774869330876406,-0.17964780623113824
ENSSSCG00000022398,0.33188820189599233,0.9055587005735014,0.8742343762404855,2.111681278709979,0.07118448055857698
ENSSSCG00000022401,0.08183676968888622,0.39688558497255705,0.37995075049145394,0.8586731051528972,0.13393708577046234
ENSSSCG00000022402,0.5147470821233349,0.49778486557051477,0.8417660216018593,1.854297969295709,-0.2993529737304543
ENSSSCG00000022417,0.6548901123130773,0.9477257752739392,0.6472677057221538,2.2498835933091703,-0.19971119920055164
ENSSSCG00000022419,0.977419807843981,1.1076819380550527,1.9720340891852335,4.057135835084267,-0.09722983737083007
ENSSSCG00000022430,0.46671213084713,1.0231187209830248,0.7840622099610851,2.27389306179124,-0.0321523383603969
ENSSSCG00000022434,0.2917337824309041,0.8461203875258615,0.6083453237553742,1.7461994937121397,-0.2634459578322666
ENSSSCG00000022442,0.6426754762272758,0.8679442917905463,0.8717056442002399,2.382325412218062,-0.031157563203129485
ENSSSCG00000022445,0.23532983500199825,0.6373390013475098,0.5875763299281419,1.4602451662776499,-0.20157503129767854
ENSSSCG00000022447,0.5142504206195713,1.5973446258004758,1.6833467024955548,3.7949417489156017,-0.46466725728497804
ENSSSCG00000022454,0.4535625905464507,1.0326381402560092,0.7870073139396558,2.2732080447421157,-0.011095424169593233
ENSSSCG00000022462,0.12679123844412285,0.44531460340052254,0.5415201761322184,1.1136260179768638,-0.12314657643329287
ENSSSCG00000022464,0.9225699553350872,0.8468312124427447,0.3682879108567561,2.137689078634588,-0.1527775439240035
ENSSSCG00000022478,0.35403493836699335,0.359650903250576,0.6321284854820931,1.3458143270996623,-0.18579605869281668
ENSSSCG00000022479,1.2585789045174025,0.6401106844510058,0.6409053903923441,2.5395949793607526,-0.16171247488813795
ENSSSCG00000022486,1.2099421098723446,1.4196694524039382,2.3495071412078627,4.979118703484145,-0.28257284180810216
ENSSSCG00000022492,0.25996926863224845,0.6019789616742508,0.5101155388481183,1.3720637691546176,-0.3571875187351457
ENSSSCG00000022496,0.2973869728027816,0.24442012767193605,0.2806160436929693,0.8224231441676868,-0.3287186184312081
ENSSSCG00000022504,0.4329888368523749,0.27287610319690736,0.32934055385024025,1.0352054938995225,-0.1848921853480906
ENSSSCG00000022507,0.24618187358269275,0.6508815237255656,0.7442653108560516,1.64132870816431,0.00979154243840237
ENSSSCG00000022508,0.08025673107083697,0.8852448285455713,0.8465825464850923,1.8120841061015005,-0.155203381598982
ENSSSCG00000022521,0.39632901603839893,0.6383362833906978,0.5181523432632292,1.5528176426923261,-0.11973471968772914
ENSSSCG00000022525,0.1142496601595576,0.45406949347061837,0.3928287960024476,0.9611479496326235,-0.049982258761327475
ENSSSCG00000022534,0.4123611519423625,0.8191191136385604,0.8228660193709463,2.054346284951869,-0.3679404440636572
ENSSSCG00000022536,0.15932331085714227,0.5670224343218994,0.6719825284766014,1.398328273655643,-0.184113006701545
ENSSSCG00000022545,0.18632355504275788,1.5701744651722953,1.4547309482666573,3.2112289684817106,0.05375633901144833
ENSSSCG00000022550,0.5980134189137122,0.7345170372854553,0.7735661624505711,2.1060966186497385,-0.18909415532967683
ENSSSCG00000022559,0.6873780425527469,1.0124604272023676,0.39943943683432204,2.0992779065894367,-0.07173420689783652
ENSSSCG00000022609,0.351251070699535,0.30550821215171475,0.24665824976261844,0.9034175326138681,-0.10943308996076703
ENSSSCG00000022611,0.13733853390172368,0.5397880437507956,0.47145947804626775,1.148586055698787,-0.4295970834388253
ENSSSCG00000022616,1.0075501106422269,0.39064876229652823,0.7989242526919228,2.197123125630678,-0.12249356055464938
ENSSSCG00000022618,0.6432659338428989,0.48893436301880683,0.9431773373357049,2.0753776341974106,-0.22369152892222088
ENSSSCG00000022634,0.5051706616888092,0.4610698920466695,0.4279093527853896,1.3941499065208682,0.038166296452308374
ENSSSCG00000022636,0.517767840802579,0.590441111689316,0.21579667303474445,1.3240056255266395,-0.05069335087084316
ENSSSCG00000022643,0.30283603708603757,0.857106828258317,0.971252018955629,2.1311948842999833,-0.17166137091864367
ENSSSCG00000022647,0.7040443387618244,1.2650437822848473,0.8126134901365593,2.7817016111832307,0.1574165963420286
ENSSSCG00000022649,0.6040723660547703,0.5930781191384218,1.176444471069803,2.3735949562629948,-0.2916789992922189
ENSSSCG00000022656,0.36832343641520365,0.9098916059891345,1.2689008291170774,2.5471158715214157,0.06401434101785289
ENSSSCG00000022659,0.5295881135538248,0.8760710114419293,1.3164601132566265,2.7221192382523807,0.06603772102978743
ENSSSCG00000022661,0.7977758572914803,0.3062279895852368,0.5570631759490734,1.6610670228257904,-0.23362582127972895
ENSSSCG00000022664,0.277722210037298,0.4493356322249408,0.5856417340734545,1.3126995763356932,-0.13352307999990015
ENSSSCG00000022668,0.30377888983946877,0.39254448274781906,0.5456535773280461,1.241976949915334,-0.15512393019949006
ENSSSCG00000022671,0.3591322208444838,0.630780406505025,0.8029379445298439,1.7928505718793528,-0.23518877139207744
ENSSSCG00000022679,0.2315537570782514,0.3954941951854307,0.31313023239315296,0.9401781846568351,-0.2805117468455637
ENSSSCG00000022687,0.22058866063148116,0.8949442757911873,0.6854158325159644,1.8009487689386328,-0.23763963430769125
ENSSSCG00000022689,0.4364110246272833,0.31325493426630163,0.44675042415316735,1.1964163830467522,0.030461147851660444
ENSSSCG00000022705,0.2989909255091665,0.795631622960471,0.51560897105644,1.6102315195260775,-0.32851951865626056
ENSSSCG00000022708,0.9530796408494117,0.6778662236090945,0.682435425829232,2.3133812902877384,-0.019550214490092078
ENSSSCG00000022714,0.21753453279579785,0.8018349685884884,0.7750488317845782,1.7944183331688643,-0.02978047087368512
ENSSSCG00000022722,0.08880836853041046,0.34218670806393275,0.28658290074424325,0.7175779773385864,0.022221137645881035
ENSSSCG00000022725,0.8557498344788433,1.0106460688453591,1.827417556461769,3.6938134597859715,-0.14632563398419773
ENSSSCG00000022742,0.7479289088514566,1.1760984803095347,0.9692255660714254,2.8932529552324167,0.23788119738318367
ENSSSCG00000022757,0.75381792658872,0.760949175162022,1.0815457992828263,2.5963129010335684,0.13634091930296469
ENSSSCG00000022758,0.08980778952209918,0.43834149486938834,0.373201353891658,0.9013506382831455,0.022391377405875955
ENSSSCG00000022760,0.7790485961439652,1.108310039626623,1.447805598887953,3.3351642346585413,0.015632895773742227
ENSSSCG00000022773,0.4792507800384591,1.5896624536119048,1.8215510626885267,3.890464296338891,-0.08941073833882848
ENSSSCG00000022778,0.5073905420374235,0.8149310032049308,1.0332825220832953,2.3556040673256495,-0.032563031369688036
ENSSSCG00000022784,0.12154203502169005,0.7217158380169624,0.6901805359486517,1.533438408987304,-0.275602511012044
ENSSSCG00000022788,0.7443565632060912,0.7763941372468022,0.5736771038317261,2.09442780428462,0.14653406421576476
ENSSSCG00000022790,0.07655453040960747,1.0252747276523224,0.9877925672742428,2.089621825336173,0.07226092558385828
ENSSSCG00000022801,0.25615403809475984,0.9461317623413518,1.0160153278940212,2.2183011283301326,-0.4106680315194005
ENSSSCG00000022806,1.2567758214683948,0.6692884134882114,1.754993641279705,3.681057876236311,-0.15096251702862115
ENSSSCG00000022815,0.2685532610087756,0.801533775383586,1.0290442692849142,2.099131305677276,-0.28499229431681966
ENSSSCG00000022820,0.4873348265066645,0.6719770229724463,1.0152251048025474,2.174536954281658,0.11081309211302252
ENSSSCG00000022828,1.1906694619296412,0.49169671570548035,0.8517962439303552,2.534162421565477,0.007668275145306797
ENSSSCG00000022830,0.7633870696036528,2.020031044826189,1.4620700266565403,4.245488141086382,-0.3113098068931381
ENSSSCG00000022845,0.2528430328359666,0.21781972837733252,0.27732698652620413,0.7479897477395032,-0.06923783935228521
ENSSSCG00000022849,0.2697433835215101,0.69215373804693,0.6178690056984085,1.5797661272668488,-0.225341492533188
ENSSSCG00000022864,0.4317669800003152,1.07615790638437,1.0065919265065202,2.5145168128912054,0.12397125796271624
ENSSSCG00000022865,0.31731252628860196,0.6067118208026716,0.7164521840083439,1.6404765310996174,-0.33877875013556474
ENSSSCG00000022866,0.49164453036146594,0.9371674468158858,0.7494486887022174,2.178260665879569,0.06531130600520667
ENSSSCG00000022869,0.43804584013982695,0.9703014017477597,0.7902085777198198,2.1985558196074066,-0.13446021836529856
ENSSSCG00000022874,0.26431614152451877,0.7221419307698383,0.8845564017406274,1.8710144740349846,0.015513186699090147
ENSSSCG00000022895,0.6888416392781788,0.8402010363320741,1.1720601704407592,2.701102846051012,-0.33890533808025264
ENSSSCG00000022896,0.3051767263712805,0.4491279226366555,0.603773026845273,1.3580776758532092,-0.1654763663920042
ENSSSCG00000022900,0.5207973296239756,0.9355678238022946,1.275939732074346,2.732304885500616,-0.029280527492102026
ENSSSCG00000022901,0.17017469533395868,0.5318684501939227,0.4765387188592259,1.1785818643871073,0.06802841647270819
ENSSSCG00000022903,0.6459711750506816,1.3553462383039265,0.7448165274675956,2.7461339408222036,-0.29944569765947293
ENSSSCG00000022912,0.21118231814662214,0.3776934718895625,0.4371695245279311,1.0260453145641157,-0.04692247877962275
ENSSSCG00000022915,0.43905242550536916,1.0628727596178458,1.3265070134550145,2.8284321985782297,0.04365539004614012
ENSSSCG00000022919,0.18000168922976567,0.6580270637719072,0.7487743713791264,1.5868031243807992,-0.24419205917799144
ENSSSCG00000022925,0.22158147997827013,0.4547502052738811,0.4387163563137226,1.115048041565874,0.13504201145836256
ENSSSCG00000022932,0.8682058842967049,0.9036668462113663,1.1047823540181319,2.876655084526203,-0.0026191912659941103
ENSSSCG00000022940,0.7445012002736833,0.8974748959360831,0.654156499332612,2.2961325955423786,-0.018438258964105825
ENSSSCG00000022942,0.6556304399622992,0.8148657734015649,0.5678680979682937,2.038364311332158,-0.09807117467291458
ENSSSCG00000022945,0.9055837836951266,0.46895377180570824,0.8828398804228,2.257377435923635,-0.3847899304171442
ENSSSCG00000022947,0.33212973284210223,1.353111787269502,1.4090538737663938,3.094295393877998,0.09654600118282627
ENSSSCG00000022948,0.24927205097580094,0.8714647029169371,0.6502127898061993,1.7709495436989373,0.2703434554681634
ENSSSCG00000022952,0.6801283533491943,0.8308165512533572,0.5501482966531275,2.061093201255679,-0.03047860473381117
ENSSSCG00000022955,0.40266344880115207,0.8788379283248763,0.6263053799023621,1.9078067570283905,-0.01996367737497699
ENSSSCG00000022957,0.2354773557267566,0.9257933591014229,0.8486044402996102,2.00987515512779,-0.228206424492915
ENSSSCG00000022963,0.354720882647183,1.252798466753334,1.0080994957281102,2.615618845128627,-0.09765995719945685
ENSSSCG00000022968,0.12992649401924053,0.6054882384231158,0.6581077818737943,1.3935225143161505,-0.22560168973939598
ENSSSCG00000022982,0.06388603574354922,1.3292119204944004,1.3691332041537718,2.762231160391721,-0.3781891966676575
ENSSSCG00000022986,0.7685611216893926,1.6083185062087675,1.6791760619735572,4.056055689871717,-0.5069368835901129
ENSSSCG00000022993,0.44183144281609193,1.2590602422612274,1.1043026958227498,2.805194380900069,-0.2323128813732405
ENSSSCG00000022994,0.7611563584437449,0.7199573208341457,1.0722178184354398,2.55333149771333,-0.05545323875771818
ENSSSCG00000022998,0.9277503808227671,0.9056931149469923,0.7151780787763482,2.5486215745461074,-0.30443353691996294
ENSSSCG00000023026,0.18585733418758044,1.1876925592607477,1.0503588719402608,2.423908765388589,0.09579254857558607
ENSSSCG00000023027,0.21716605735166308,0.6459455698879658,0.8346866946788739,1.6977983219185027,-0.13893196635078636
ENSSSCG00000023050,0.7754807942588946,0.4490374518574868,0.6969491975765625,1.9214674436929438,-0.27999204894518925
ENSSSCG00000023062,0.19810849096680996,0.9151967831752976,0.7440332228484486,1.8573384969905562,-0.1538089307296489
ENSSSCG00000023105,0.5402562349883471,1.6337029061722805,1.4729946011475155,3.646953742308143,-0.17769515787291468
ENSSSCG00000023112,0.33214443804640675,0.9410966027679125,0.7195231055892011,1.9927641464035204,-0.1670338801975404
ENSSSCG00000023118,1.0081094162900692,1.3213650488478137,1.0558534815378011,3.3853279466756843,-0.0006738311481745728
ENSSSCG00000023122,0.17672938896248516,0.25613846518207645,0.4046896545614494,0.837557508706011,-0.12573138074011042
ENSSSCG00000023126,0.9040876380829347,0.8540626595812731,1.119067082293805,2.8772173799580125,-0.01917638730373468
ENSSSCG00000023128,0.4839857489320511,0.7986248056259161,0.9758627591926606,2.2584733137506277,0.11275264415727805
ENSSSCG00000023130,0.5696284219822003,0.3655085505063427,0.45704195732346964,1.3921789298120126,0.0011801884172879136
ENSSSCG00000023133,0.9612780608661781,0.22637894135571604,0.962737222200509,2.1503942244224032,-0.22366297414185027
ENSSSCG00000023139,0.5873393717327396,0.565230603045794,0.5189914553411732,1.6715614301197068,0.00416961861342673
ENSSSCG00000023140,0.30063817631856654,0.7646632543198979,0.740961162651759,1.8062625932902234,0.041897253381952854
ENSSSCG00000023141,0.17254905919855765,0.36712861948169007,0.35427353743952184,0.8939512161197696,-0.09197464008790472
ENSSSCG00000023155,0.22295655535247957,0.30049574680082236,0.31621569161533053,0.8396679937686324,0.05870037456644079
ENSSSCG00000023158,0.23821043761420987,1.9199619903930074,1.7974227967675467,3.955595224774764,0.054542071408398035
ENSSSCG00000023160,0.13671262876500806,0.7750813066614154,0.7382463393921919,1.6500402748186154,-0.13608375383922797
ENSSSCG00000023162,0.44551132855701864,0.5827129726763037,0.8759559024332845,1.904180203666607,-0.11154895115448038
ENSSSCG00000023174,0.34768042719376097,0.44541657592661593,0.6949135124720981,1.488010515592475,-0.3566446714604573
ENSSSCG00000023176,0.35373952142074977,0.33730747128058464,0.3287199294760918,1.0197669221774261,-0.2626574535326513
ENSSSCG00000023187,0.2552348505361041,0.6283820133079443,0.807216338693296,1.6908332025373445,-0.058593266306669466
ENSSSCG00000023191,0.7227124485297213,0.3017791918225005,0.6076167625118634,1.632108402864085,0.028542599570081147
ENSSSCG00000023195,1.7348268666529847,0.65235006778745,1.7592410626026145,4.146417997043049,-0.10755246415792188
ENSSSCG00000023229,0.48784420933256983,1.293645050863925,1.1558922312145812,2.937381491411076,-0.2515758036608846
ENSSSCG00000023231,1.0530475023714618,0.9641324941067185,1.0487242347012262,3.065904231179407,-0.10689615731133047
ENSSSCG00000023235,0.0812550856257388,0.599915450859908,0.65202247130686,1.3331930077925067,-0.04629887850961373
ENSSSCG00000023245,0.33686783336705084,1.2639060070518233,1.4621758385861732,3.0629496790050474,0.10199744325074614
ENSSSCG00000023247,0.2284477884018452,1.1415063255044973,1.1642716803934772,2.53422579429982,-0.12212395229775609
ENSSSCG00000023255,0.1931071980404619,0.5383176570205838,0.40443026770961565,1.1358551227706613,0.01275388205382008
ENSSSCG00000023263,0.6202803261608288,0.6550549417754229,0.8956419821654868,2.1709772501017386,0.19068450850338278
ENSSSCG00000023264,0.5832319256548748,1.2380854464483708,1.19085982205807,3.012177194161316,0.07188042141819229
ENSSSCG00000023266,0.7356281712045262,0.24186495716959475,0.9452920589936876,1.9227851873678086,-0.27022234481846974
ENSSSCG00000023269,0.3927185433174134,0.4935515845433592,0.22886316739238521,1.1151332952531576,-0.1728948978683572
ENSSSCG00000023276,0.22716933358420938,0.30641652739393277,0.10021881781804302,0.6338046787961851,-0.17685344515842216
ENSSSCG00000023277,0.24029188067966697,1.853596068131697,1.6480303267356557,3.7419182755470195,0.04966310275652892
ENSSSCG00000023296,0.6623215270923791,0.9855615553350932,0.8268387655894669,2.474721848016939,-0.11667434672371448
ENSSSCG00000023297,0.8190342007288637,0.25545585866918824,0.9198204408933498,1.9943105002914017,-0.139955476616771
ENSSSCG00000023303,0.27884270165877223,0.10944035608024763,0.3703869750837776,0.7586700328227974,-0.1479055049415774
ENSSSCG00000023304,0.5008961924711463,0.9880224908724888,0.9660543659183779,2.454973049262013,-0.07865668028828557
ENSSSCG00000023306,0.07350154674319669,0.3162934429914127,0.35656682806993645,0.7463618178045459,-0.21675029208009422
ENSSSCG00000023307,0.7684697363338343,0.6043548923424,1.0326133697301856,2.40543799840642,-0.23315703319276046
ENSSSCG00000023312,0.10252062888436948,0.8686767509529284,0.8118502186371938,1.7830475984744916,0.07564333410840762
ENSSSCG00000023315,0.21633506660832713,1.704566744343965,1.5086751194058836,3.429576930358176,0.10292871773760484
ENSSSCG00000023318,0.7038529677395096,1.2482589143473786,0.915054477632898,2.867166359719786,0.09087924292342595
ENSSSCG00000023320,0.4288097640939983,0.8677253132299176,0.7351026051788923,2.031637682502808,-0.38815283717751564
ENSSSCG00000023323,1.0106923631841527,1.8914680984153556,1.7702546534918515,4.6724151150913595,0.029068497012006006
ENSSSCG00000023324,0.2268543645246588,1.1267155261726618,1.1006311348088398,2.45420102550616,-0.29733539693688454
ENSSSCG00000023325,0.07109790051872242,2.187932702558507,2.1511622332486797,4.410192836325908,0.1939329418202923
ENSSSCG00000023326,0.37835513368642854,0.5301556464642057,0.7128495118145843,1.6213602919652186,0.10448648891583444
ENSSSCG00000023331,0.7231415344589703,2.776818743717204,2.257132384575935,5.757092662752109,0.0008234169954891335
ENSSSCG00000023334,0.3920216626915328,0.34964437153190253,0.1805671631370497,0.922233197360485,-0.28509881261341624
ENSSSCG00000023351,0.22540671438338267,0.7335004825266788,0.5885232327935855,1.547430429703647,-0.33531767322060385
ENSSSCG00000023357,1.4135076112317024,0.7641382898654617,0.7147003742211179,2.892346275318282,0.12009671381478527
ENSSSCG00000023366,0.836153847242983,0.1621280266786082,0.6765791054612094,1.6748609793828007,-0.14111636420439597
ENSSSCG00000023373,1.2433010561225082,1.233018684286451,1.4122885636104572,3.8886083040194164,-0.1750264090128421
ENSSSCG00000023376,0.4198139096686045,0.6364767460142499,0.8589714225076224,1.9152620781904768,-0.16529978889554806
ENSSSCG00000023380,0.8609956291511603,0.6891995493994143,0.5364280146187921,2.086623193169367,0.11681691883186883
ENSSSCG00000023391,0.7251665587589563,0.6530374519369866,0.709343321601134,2.087547332297077,-0.1832605187103524
ENSSSCG00000023393,0.15563011148225056,0.7048262761026899,0.726130937215902,1.5865873248008424,-0.21412235133024934
ENSSSCG00000023396,0.21074809378034878,0.6667130659041829,0.5612507673068985,1.4387119269914301,-0.0600311883273384
ENSSSCG00000023400,0.22478219315249526,0.9700472576977305,1.1572607633745127,2.3520902142247384,-0.27199533214391935
ENSSSCG00000023423,0.5042643390721158,1.085579492155761,1.0378849604760445,2.6277287917039214,-0.095168813863934
ENSSSCG00000023437,0.19264994296514917,0.20805407127563286,0.3734006919752811,0.7741047062160631,-0.2803717053205525
ENSSSCG00000023445,1.2206601687079215,0.4535384218800283,0.7784293594349951,2.452627950022945,-0.30642332829039737
ENSSSCG00000023451,0.32284151250466725,0.8711876361239738,1.0952959004001495,2.2893250490287906,-0.3382845876939978
ENSSSCG00000023479,0.16023960905702564,0.5971170897834115,0.6297331360558109,1.3870898348962482,-0.16533024009796718
ENSSSCG00000023482,0.8636502114648578,0.6816187750140253,0.6705257120591466,2.21579469853803,-0.08156955255795763
ENSSSCG00000023495,0.4163093535867318,1.1756520843875895,0.8328356832970618,2.424797121271383,-0.12341601066456212
ENSSSCG00000023498,0.27542966454449896,0.5505478111778555,0.6899628929981113,1.5159403687204658,-0.06881385441973312
ENSSSCG00000023503,0.17632448985262322,0.3316496228145624,0.44015477592074775,0.9481288885879333,0.004147889947570205
ENSSSCG00000023520,0.33843593409684936,0.5046306032424122,0.6160549535090801,1.4591214908483416,-0.16880825211778364
ENSSSCG00000023533,0.26555917877832963,0.676067579377079,0.8534323786666808,1.7950591368220894,-0.15698844560663705
ENSSSCG00000023539,0.1687393111932211,0.4983364438767834,0.45094402872472905,1.1180197837947334,-0.15541640433043996
ENSSSCG00000023548,0.26888424371571606,0.5524554359638092,0.5472804343701148,1.36862011404964,-0.16745651070281872
ENSSSCG00000023556,0.9669836931922696,1.0459527529642192,1.530849163738787,3.5437856098952762,-0.15546554565693882
ENSSSCG00000023562,0.6179517168550591,0.8098669769696396,1.2159624782034788,2.6437811720281776,0.020968527061838237
ENSSSCG00000023565,0.810276037851014,0.9924906096595085,1.2470326529830191,3.0497993004935418,-0.11393555667512789
ENSSSCG00000023592,0.7738111441613421,1.055229309899104,1.8175677037998215,3.6466081578602676,-0.15827765525884185
ENSSSCG00000023593,0.607946741535357,0.4583420847706768,0.5112223417081126,1.5775111680141465,-0.1849353939579433
ENSSSCG00000023596,0.2888650436818294,0.6578766130192583,0.569072814413244,1.5158144711143318,-0.13076787785172944
ENSSSCG00000023599,0.8583459102082457,0.8163397946615993,0.9593387970166204,2.6340245018864654,0.10852720756704946
ENSSSCG00000023618,0.21357681408580004,0.8437056671330323,0.7724494112520596,1.829731892470892,-0.2456338007832808
ENSSSCG00000023627,0.18242352432101916,0.4694295313681497,0.613451610897958,1.2653046665871268,-0.0868886507556537
ENSSSCG00000023630,0.5774508626902191,0.9387065393307169,1.1151109829152668,2.6312683849362024,-0.35528295941714316
ENSSSCG00000023636,0.8054738944847594,0.166542971447428,0.8587802912440535,1.830797157176241,0.026091669258199734
ENSSSCG00000023643,0.8606605538140014,1.6311802632945454,1.284120412852076,3.7759612299606227,0.031132505969082055
ENSSSCG00000023654,0.9926792015453391,0.904034472154497,1.6360896470685813,3.5328033207684175,-0.10113463079193155
ENSSSCG00000023658,0.49951357353333,0.3716773983336804,0.37183354220619236,1.2430245140732028,0.07522809297964522
ENSSSCG00000023660,0.46217406204603667,1.456352286148288,1.7734590375824175,3.691985385776742,-0.08760945972548226
ENSSSCG00000023661,0.27346586529126055,0.7804658101110661,0.7565061945772393,1.810437869979566,-0.17506190419136783
ENSSSCG00000023662,0.23003738547054786,0.7223467772199067,0.8130961072199571,1.7654802699104115,-0.41030920440767166
ENSSSCG00000023665,0.3939698358977435,0.9883514700615977,1.289844835667216,2.6721661416265574,-0.4363251491046283
ENSSSCG00000023666,0.2986843367761398,0.20483600475179084,0.43786515615532456,0.9413854976832552,-0.03915424881970042
ENSSSCG00000023674,0.6833794457213166,0.54740468309561,0.20815185747733356,1.4389359862942601,0.012690223046492742
ENSSSCG00000023680,0.43501697505896303,1.2476834781873418,1.1079814897378437,2.7906819429841487,-0.13596844038546632
ENSSSCG00000023691,0.23150297827392471,0.6415027905494256,0.6744541062665972,1.5474598750899475,-0.3321709686780427
ENSSSCG00000023709,0.1317661445106835,0.5516179457990984,0.5065061379685636,1.1898902282783455,-0.07665406628188165
ENSSSCG00000023714,0.4003962400447055,0.46878528834770894,0.4624126067349688,1.3315941351273832,-0.322138639609403
ENSSSCG00000023715,0.6538607216661185,0.8568707458878725,1.0013263821303011,2.5120578496842922,-0.2560000439484506
ENSSSCG00000023719,0.4189097679521182,1.0584630493444072,1.3005459343538777,2.777918751650403,-0.17023253086832052
ENSSSCG00000023724,0.5446211024522848,0.35924324395933166,0.7354646244749256,1.6393289708865422,-0.1087023392410533
ENSSSCG00000023727,0.44254342869181057,0.40470525160910376,0.4962168540824676,1.343465534383382,-0.24725522116840004
ENSSSCG00000023728,0.1922369288750355,0.8995827098608036,0.7787953764477017,1.8706150151835406,-0.45172777854563595
ENSSSCG00000023738,0.21437183350352362,0.48921611664733283,0.5163126124695029,1.2199005626203592,-0.12150505865421413
ENSSSCG00000023746,0.07591201088926816,1.3710859366724732,1.3590459521104614,2.806043899672203,-0.30894289065577607
ENSSSCG00000023749,0.18179851088101012,0.9462656010788386,0.7844351101555913,1.91249922211544,-0.10561400379461909
ENSSSCG00000023761,0.2743951573798707,0.946891403672938,1.0481893677446608,2.2694759287974695,0.018918963048139982
ENSSSCG00000023771,0.2729913640562321,0.8219197109487087,0.890503634369736,1.9854147093746768,0.026549465177287332
ENSSSCG00000023775,0.16693136552559207,0.43959258565140497,0.6006631766463254,1.2071871278233224,0.08306590597035587
ENSSSCG00000023776,0.5515362532829411,0.3628006772904318,0.6004124847487233,1.5147494153220962,-0.2851724547206822
ENSSSCG00000023784,0.41607314872775764,0.48716277821910065,0.7088426113736149,1.6120785383204732,-0.24488481938897047
ENSSSCG00000023788,0.17482524266045238,0.5647948589372799,0.6522859202230081,1.3919060218207404,-0.20820021786784668
ENSSSCG00000023793,0.41857304558766123,0.8200444785002653,0.5065358656177724,1.745153389705699,-0.2202752489413324
ENSSSCG00000023803,0.8878828935903033,0.6087856255701445,1.3200305379813133,2.816699057141761,-0.44829325611576665
ENSSSCG00000023807,0.23950363570383332,0.604397509666168,0.5771431358905592,1.4210442812605606,0.11194552652866953
ENSSSCG00000023814,0.19592218223267427,0.7071713061665568,0.7593810025718181,1.6624744909710492,-0.3086688686431134
ENSSSCG00000023829,0.1287847470165259,0.22443080650612282,0.10372258293291749,0.4569381364555662,-0.3124829089118161
ENSSSCG00000023848,0.38506497528804495,0.9730055305680471,0.6888086199423256,2.0468791257984176,-0.15517350306526526
ENSSSCG00000023850,0.5465147202403475,0.5922831204147783,0.5859404162587158,1.7247382569138416,-0.3020076383348259
ENSSSCG00000023862,0.4645013894881299,0.6550017022933194,0.44849121955478227,1.5679943113362318,-0.14597391370386578
ENSSSCG00000023865,0.26823222396404706,0.39413514215083423,0.5821665416184278,1.244533907733309,-0.08008541691781607
ENSSSCG00000023871,0.14903575459273008,0.7817520856867946,0.9264638504972158,1.8572516907767405,-0.34922710333528967
ENSSSCG00000023873,0.6554406028411721,1.7406781797908044,1.4861704548711998,3.8822892375031763,-0.11303231716432606
ENSSSCG00000023886,0.47599541733206735,1.3824126090141042,1.5079742095917512,3.3663822359379227,0.0003698200287256448
ENSSSCG00000023891,0.12449324418534428,0.549319567118695,0.570065177291107,1.243877988595146,-0.16148938522022385
ENSSSCG00000023903,0.1997442854882121,2.472201860589631,2.3043726358635634,4.976318781941407,0.13648323708318244
ENSSSCG00000023907,0.1589409049218698,0.3694504958089594,0.49822388643165044,1.0266152871624796,-0.09325676555972372
ENSSSCG00000023908,0.5652276469857803,0.6546801530261643,0.37360178302858904,1.5935095830405337,-0.2462885374255795
ENSSSCG00000023920,0.0953322238787958,0.6664129262712862,0.5983539545703147,1.3600991047203967,0.274120750880005
ENSSSCG00000023934,0.4731605961912413,0.5427994185991627,0.8124982750067988,1.8284582897972028,-0.3233113436937427
ENSSSCG00000023935,0.17497323102107454,0.2845917963767147,0.29127662071831123,0.7508416481161004,0.11227997064912773
ENSSSCG00000023948,0.4120448200842791,0.1157844887836799,0.4321392442533618,0.9599685531213208,-0.2695399565244206
ENSSSCG00000023955,0.41071970429647753,0.5015670732334517,0.4804501743500724,1.3927369518800017,-0.19700301244665452
ENSSSCG00000023956,0.36673132630270255,1.3304074209506136,1.3126311285413166,3.0097698757946327,-0.11764892062474316
ENSSSCG00000023971,0.2770523478369179,1.2143102245829054,1.4662661289655858,2.957628701385409,0.04527045547490757
ENSSSCG00000023973,0.5095263402316942,0.47267961352803883,0.4379889094386036,1.4201948631983365,0.10947383090248626
ENSSSCG00000023974,0.4067468593612592,0.9056302998552611,0.8364156631153021,2.1487928223318224,-0.30667605582426954
ENSSSCG00000023978,0.11738581249025794,0.31334177981778244,0.4057237269376365,0.8364513192456768,-0.15684803912124703
ENSSSCG00000023983,0.4992738580418529,0.47891548532527994,0.4868631609600092,1.465052504327142,-0.21082508162919175
ENSSSCG00000023984,1.1974984828062847,0.5961081561737495,0.8197886281870307,2.613395267167065,-0.049328336899690683
ENSSSCG00000023992,0.5700968642707207,0.8073592677434519,0.929202500062208,2.30665863207638,-0.10461581124088314
ENSSSCG00000023994,0.08742163184715854,0.46800450589541887,0.4644352098083446,1.019861347550922,-0.04057891687014074
ENSSSCG00000023996,0.5040498081740374,0.16278617694073064,0.5896393122613491,1.256475297376117,0.051684059212317356
ENSSSCG00000024009,0.2723279615383151,0.918994774243208,0.8755894241574383,2.0669121599389615,-0.2957852671264161
ENSSSCG00000024019,0.29537607711252784,0.9064465741510668,0.9719068887895157,2.1737295400531105,0.09757627807517652
ENSSSCG00000024022,0.17651474244915838,0.38831130690363963,0.44494126055919486,1.0097673099119928,-0.3007467429997918
ENSSSCG00000024027,1.160857563821408,1.4856119566474293,1.7099037261452563,4.356373246614094,-0.22880776230054467
ENSSSCG00000024028,0.5570631431504471,0.2055053448385619,0.4930746789349191,1.255643166923928,-0.26436608549341906
ENSSSCG00000024030,0.3922045178962887,0.7541963139427217,1.1329879892925565,2.279388821131567,-0.338844254088832
ENSSSCG00000024043,0.2061974589123119,0.49092115778798606,0.5487987311267378,1.2459173478270358,-0.10697697322940942
ENSSSCG00000024045,0.6821088380775537,0.8447882855185846,0.5149219249881966,2.041819048584335,-0.17028115735099283
ENSSSCG00000024065,0.197224324229056,0.48035529318326653,0.4632456217734998,1.1408252391858222,-0.14804082022134116
ENSSSCG00000024070,0.10002342421091995,1.2008981518620094,1.1734445954464865,2.474366171519416,-0.14096803626493132
ENSSSCG00000024072,0.09315640710828081,0.9844774511487264,1.0028376068303577,2.0804714650873652,0.18421126200588223
ENSSSCG00000024081,0.3619709890659859,0.5334587347716476,0.5395551742895666,1.4349848981272002,-0.21229567420917253
ENSSSCG00000024088,0.3688263588386099,0.6528245833632652,0.8347552446808783,1.8564061868827535,0.09605485859807443
ENSSSCG00000024109,0.4249083068025366,1.2433085994647644,1.0569983816152,2.725215287882501,-0.008345269555668207
ENSSSCG00000024119,0.12811111432555833,1.140426674229198,1.1276436474690579,2.3961814360238143,0.2672003186150764
ENSSSCG00000024125,0.5158606895690756,0.4989382871064244,0.23352305540694188,1.2483220320824417,-0.1504889321836051
ENSSSCG00000024126,0.7427071175414618,1.225114602534964,0.7965436394060293,2.764365359482455,0.09968808282208834
ENSSSCG00000024127,1.2193050427848018,1.010505549864892,1.3009837907481927,3.5307943833978865,-0.03466906129903959
ENSSSCG00000024131,0.3645030129592315,0.4802917852268175,0.43059195617773927,1.2753867543637882,-0.1713396066146028
ENSSSCG00000024132,0.1122601135516347,0.46445262410993443,0.5690658106945877,1.145778548356157,-0.2910493454025165
ENSSSCG00000024145,0.7741599454498415,0.7239306657367341,0.4109345158987541,1.9090251270853296,0.08109023004502947
ENSSSCG00000024149,1.4911096573078082,0.49090527511892423,1.4140429116430164,3.396057844069749,-0.13986390992280434
ENSSSCG00000024152,0.18680873033228593,0.5615526174039277,0.5435406189382456,1.2919019666744593,-0.15135961555178565
ENSSSCG00000024157,0.6116031864407844,0.9937284225889031,1.2742457559124427,2.87957736494213,-0.09788068660893193
ENSSSCG00000024158,0.15748533340025267,0.5334872382253764,0.5917125524756686,1.2826851241012975,-0.07557334947335724
ENSSSCG00000024163,0.13571166919589064,0.4519998761261354,0.5181300037807675,1.1058415491027935,-0.04948328329776099
ENSSSCG00000024168,0.7034268707185166,1.3562009011718785,1.9258335203159276,3.9854612922063226,0.05698480509792632
ENSSSCG00000024180,0.5970804620910612,0.6671481696089527,0.9009755522937324,2.1652041839937466,-0.17600393207347567
ENSSSCG00000024191,0.2817929964905086,0.604945056277176,0.5639084401345671,1.4506464929022518,-0.15638881847701988
ENSSSCG00000024197,0.5633937144379519,1.111038357527577,0.9276090200938734,2.6020410920594026,-0.021625626697219586
ENSSSCG00000024201,1.2582347402872844,0.3344682010365656,1.0453400458535587,2.6380429871774087,-0.18265377773029293
ENSSSCG00000024204,0.6573815063992794,0.7185416341010095,1.076770583219208,2.452693723719497,-0.21935347228703073
ENSSSCG00000024205,0.5028252950144698,0.43657885481315006,0.8837361794109023,1.8231403292385222,-0.23988395676726793
ENSSSCG00000024222,0.4973468483954785,0.4978980601764148,0.16523714874275994,1.1604820573146533,-0.1502623371962352
ENSSSCG00000024227,0.6861424508259474,1.4937006608771353,1.3388819483019578,3.518725060005041,-0.26510110409608895
ENSSSCG00000024232,0.615691462371544,0.8545880821781332,0.4900559615876434,1.9603355061373207,-0.18262484036637047
ENSSSCG00000024235,0.07193092585725641,0.724724801114459,0.6814464047521004,1.4781021317238157,-0.047096488749908995
ENSSSCG00000024242,0.26619742614600683,0.7889453894250674,0.8383271012792487,1.8934699168503228,0.09799628949789478
ENSSSCG00000024245,0.5107101758504959,0.8023053100487438,0.6052852523545577,1.9183007382537975,0.175965000747331
ENSSSCG00000024249,0.8157194460779181,1.2411549877932375,0.7767097272610229,2.8335841611321784,-0.5188760965664517
ENSSSCG00000024253,0.40251334000512434,0.740394257949849,0.7501904132331724,1.8930980111881457,-0.11878965983989648
ENSSSCG00000024254,0.1108767821953198,0.9880049326240931,0.879794105913477,1.9786758207328896,0.1809347911962421
ENSSSCG00000024257,0.12266992135953175,0.4041354952646441,0.5094875090026973,1.0362929256268731,-0.1290842705696261
ENSSSCG00000024259,0.16314608261365868,0.5063741474104492,0.4070756799024667,1.0765959099265745,-0.011522375369635289
ENSSSCG00000024260,0.6927895633185895,1.6646391197456374,1.970080113921598,4.327508796985825,0.1380264391310758
ENSSSCG00000024267,0.47101560932762554,1.6313048495716027,1.3796707251097964,3.4819911840090247,-0.04804527870126021
ENSSSCG00000024279,0.5905176360221216,1.0487498921197214,1.0989313734845803,2.738198901626423,-0.037357741687651415
ENSSSCG00000024290,0.312253988946703,0.6107297969232731,0.7219037842060951,1.6448875700760712,-0.26480631509411384
ENSSSCG00000024293,0.3264183355809393,0.5501437131564497,0.6150766990675599,1.491638747804949,-0.17517281892091388
ENSSSCG00000024296,0.993330841806346,0.43299119340795117,1.106489590129485,2.532811625343782,-0.26324811619595195
ENSSSCG00000024299,0.6641355593856135,0.7565663490916008,0.4340191789857053,1.8547210874629196,-0.2696147250023536
ENSSSCG00000024300,0.1322404622267302,0.32504225764438427,0.2706663600236698,0.7279490798947843,0.06461878087306523
ENSSSCG00000024302,0.23063132333509304,0.7641168803044135,0.7755165250331388,1.7702647286726454,-0.15302377209246193
ENSSSCG00000024312,0.17828443526752574,0.3481927398746585,0.5067480851986962,1.0332252603408802,-0.057083662045593786
ENSSSCG00000024313,1.196151347883542,2.3790514406101315,1.925426920267762,5.500629708761435,0.1542001744903439
ENSSSCG00000024316,0.33167694526585145,1.8170407628957446,1.6344058968996724,3.7831236050612684,0.14888107733547068
ENSSSCG00000024329,0.09090827244886884,1.0396024543889053,0.9665531990537082,2.097063925891482,0.030645271953767424
ENSSSCG00000024344,0.4723067454919922,0.7396906204762539,0.6404073682273818,1.8524047341956278,-0.19517504105705946
ENSSSCG00000024346,0.5000761894598619,0.7475063832344259,0.46740162180069106,1.7149841944949789,-0.1185806478684879
ENSSSCG00000024359,0.3847481348447357,0.49819027163485846,0.49280076886350566,1.3757391753430999,-0.19756084638913196
ENSSSCG00000024361,0.6016596264067625,0.9228091354733647,0.8765317945011967,2.401000556381324,-0.1500099250928508
ENSSSCG00000024373,0.523416786731015,1.0330265473624685,0.7288335202664533,2.2852768543599367,-0.17471746884603354
ENSSSCG00000024377,0.1589730905389301,0.3966218824539114,0.31294895505071835,0.8685439280435598,-0.1384329570469557
ENSSSCG00000024384,0.2776174710634586,0.46346656139485415,0.2885555264317124,1.0296395588900251,-0.09445034312479249
ENSSSCG00000024385,0.06472153223394529,1.0033460755329815,0.9695800811281033,2.03764768889503,0.01696916037500835
ENSSSCG00000024396,1.0650111541209535,0.9665818289368016,1.6363046008757471,3.6678975839335024,-0.2957673390771396
ENSSSCG00000024411,0.07605584670972494,0.5396507359078081,0.5897973705897931,1.2055039532073262,-0.10040332732291184
ENSSSCG00000024412,0.6258099386602284,1.0467478487896338,0.5843481583664849,2.2569059458163467,-0.28851859389252427
ENSSSCG00000024413,0.05317097214829117,1.4577608686023447,1.4817551326230032,2.992686973373639,-0.05710671264415936
ENSSSCG00000024417,0.6565036330778595,0.8621758497947208,1.0524988700744364,2.5711783529470167,-0.36834549505695235
ENSSSCG00000024418,0.23611057079511866,0.5556741957328045,0.5014977703192078,1.293282536847131,-0.13489497504518522
ENSSSCG00000024419,0.48072045649832545,0.3193841784387013,0.22081226394824388,1.0209168988852706,-0.2061288666388804
ENSSSCG00000024424,0.5384916909950266,0.46955476823478565,0.5246907188949302,1.5327371781247425,0.013142522584991333
ENSSSCG00000024429,0.20927056477062203,0.5237243828082643,0.6549800363575657,1.3879749839364521,-0.11182345829067981
ENSSSCG00000024437,0.7434435096440734,1.2072162478849437,1.426469353293323,3.3771291108223402,0.06969917981789668
ENSSSCG00000024443,0.4755737571178937,1.022141636232974,0.9576662909713458,2.4553816843222136,-0.20238784163258622
ENSSSCG00000024444,0.5078742002842785,0.742994564242689,1.071292206807254,2.3221609713342213,-0.2780988676104753
ENSSSCG00000024445,0.3597973222701961,0.5536409408042702,0.6854048738049517,1.598843136879418,-0.10246142943256865
ENSSSCG00000024453,0.2864284823825358,0.22562393597108507,0.16332640513954996,0.6753788234931709,-0.168646049184694
ENSSSCG00000024481,0.41865167824935967,0.5926903832349903,0.8143224164848701,1.8256644779692202,-0.2733360382546334
ENSSSCG00000024484,0.7837566156182455,0.8270476799943867,0.8514392276733911,2.4622435232860234,0.08090078616628937
ENSSSCG00000024485,0.38470328386320657,0.2766766819092227,0.36326225591980105,1.0246422216922304,-0.20522458137973618
ENSSSCG00000024486,0.4153328498583767,0.414760768032035,0.6919766361069836,1.5220702539973954,-0.2376831226470273
ENSSSCG00000024488,0.3503636182694853,1.4138860982168846,1.468004200198909,3.232253916685279,-0.16045165486362825
ENSSSCG00000024494,0.286983887201622,0.7478568322547438,0.592436209304498,1.627276928760864,-0.18265405433718906
ENSSSCG00000024496,0.8734344285856701,1.3205598200204762,0.9641455945498785,3.158139843156025,-0.4398023995872298
ENSSSCG00000024513,0.16705253817016708,0.45415392016755957,0.38822412758366,1.0094305859213866,-0.3494876443063445
ENSSSCG00000024514,0.1582269565909787,0.538659861838399,0.5843965358081504,1.2812833542375281,-0.09825844242685167
ENSSSCG00000024517,0.24960118130530523,0.6386513386210398,0.5493935402769164,1.4376460602032615,-0.14904015596514933
ENSSSCG00000024520,0.33496948306283464,0.7619701728302346,0.5045966998210827,1.601536355714152,-0.3813058944326626
ENSSSCG00000024529,0.5190205713644662,0.7679075975485564,0.5273623273148353,1.814290496227858,-0.27547001665011656
ENSSSCG00000024550,0.1694289205730329,2.019683074088905,2.020106606041915,4.209218600703853,0.09319240100270453
ENSSSCG00000024556,0.1839440120402972,0.21722468466426995,0.32344299855336467,0.7246116952579318,-0.336820096960882
ENSSSCG00000024563,0.4916258727882173,0.5692084845144603,0.17574062467175078,1.2365749819744283,-0.27832093108505934
ENSSSCG00000024564,0.27259929285371187,1.3050311779404113,1.3067656191037509,2.884396089897874,0.08149398118107053
ENSSSCG00000024591,0.2707799907151078,0.6214498036709125,0.756584814966476,1.6488146093524962,-0.1393821499140124
ENSSSCG00000024592,0.2211174105877434,0.42304660306739794,0.4144260380046674,1.0585900516598086,-0.11992008102604725
ENSSSCG00000024596,0.49822651327564943,1.5201243898798797,1.7459768623450729,3.764327765500602,-0.28458915482049313
ENSSSCG00000024598,0.5571357263773045,0.5191445216689716,0.5490468059414301,1.6253270539877063,-0.015710183337487596
ENSSSCG00000024604,0.36769948297659727,0.3288229259559498,0.35878486755537,1.055307276487917,-0.016088330047668416
ENSSSCG00000024614,0.5199397003012994,0.9135908321516866,0.9499507063556665,2.3834812388086526,0.07454996936287124
ENSSSCG00000024618,0.3029495977654824,0.9465756443731319,1.1654032976051463,2.4149285397437605,-0.12209520155510027
ENSSSCG00000024621,0.0591984194452616,0.5348553975460748,0.5289904386877042,1.1230442556790408,-0.0663129980996608
ENSSSCG00000024622,0.17454575572030864,0.9057681299787215,0.74366439812065,1.82397828381968,-0.32441649896696784
ENSSSCG00000024623,0.4578364234290556,0.3592633174105304,0.33476201786968696,1.151861758709273,-0.2860107564920278
ENSSSCG00000024626,0.17106982932757606,0.8700084847758897,0.784776477354985,1.8258547914584506,0.06127028686225683
ENSSSCG00000024628,0.5848046192185214,0.793670529444053,0.3817213387422675,1.7601964874048421,-0.023780912741968287
ENSSSCG00000024635,0.4432361050320866,0.7050001672213132,0.8536538193893083,2.001890091642708,-0.3026036594789719
ENSSSCG00000024636,0.6499132432919242,0.5175906865679611,0.8358749291832669,2.0033788590431523,-0.12323094433240672
ENSSSCG00000024648,0.63317318579961,0.8164306427978358,1.4243187196415688,2.8739225482390145,-0.13953102157484176
ENSSSCG00000024655,0.5701703304524074,1.4005455101178126,1.7839406881675572,3.754656528737777,0.14165765135615194
ENSSSCG00000024663,0.22118155982085838,0.4570745007754595,0.5794990308816692,1.2577550914779871,-0.19231418865719732
ENSSSCG00000024667,0.3659336640192043,0.27356912330339306,0.4009964164529629,1.0404992037755603,-0.18845390477307195
ENSSSCG00000024672,0.26054699970001516,0.6981266073462822,0.6825668285872363,1.6412404356335335,-0.11455081256009353
ENSSSCG00000024674,0.35335515821920604,0.5244205414204138,0.5102184850980136,1.3879941847376336,-0.07655901225374753
ENSSSCG00000024679,0.4847113513682804,0.7814994957461017,0.5561481741332274,1.8223590212476095,-0.4086160366477481
ENSSSCG00000024692,0.26560894542773966,1.229552361033841,1.3054713957399264,2.800632702201507,0.1521101710322835
ENSSSCG00000024693,0.4285220454795226,1.571652043392292,1.3241519657346708,3.3243260546064857,0.2449269506884377
ENSSSCG00000024694,0.13060031260336807,0.7541397375271937,0.8438684422602821,1.728608492390844,-0.27244168263397595
ENSSSCG00000024696,0.6339490040481618,1.6369916891926632,1.332436233508732,3.603376926749557,-0.287559962018656
ENSSSCG00000024714,0.13841187604581098,0.5791913182155918,0.5038784199178923,1.221481614179295,-0.12133242987831185
ENSSSCG00000024718,0.24610774074644784,0.7559992544984314,0.8731246005794476,1.875231595824327,-0.21142382002099547
ENSSSCG00000024722,0.8249402563112923,0.4558504609222279,1.0413550744155227,2.322145791649043,-0.1194971862996835
ENSSSCG00000024748,1.8628107071251905,1.096794757677438,0.8731019632100907,3.8327074280127187,0.005554732182820656
ENSSSCG00000024754,0.06094234061120177,0.408174481326898,0.4515042518323621,0.9206210737704619,-0.09376085482672439
ENSSSCG00000024761,0.4022349850066635,0.32933284838201665,0.44766436067191456,1.1792321940605948,-0.0900231447485753
ENSSSCG00000024765,0.8395814654105968,1.895644668617953,1.799139338824077,4.5343654728526275,-0.2793352924981746
ENSSSCG00000024770,0.27743682307130046,1.5180979941534685,1.654372688480853,3.449907505705622,-0.256892591754456
ENSSSCG00000024776,1.0750976859537276,1.9316915980993195,1.4586606276770984,4.465449911730145,0.040822979428163195
ENSSSCG00000024780,0.23128595483898745,0.4788672529250385,0.42491721653837605,1.1350704243024021,-0.06548981529355322
ENSSSCG00000024789,0.5613185061598105,0.5319386879772569,0.9979736454285268,2.0912308395655943,0.08682759723959103
ENSSSCG00000024791,0.10204507393868213,0.21639487698681445,0.1636292459001443,0.48206919682564087,-0.2007260056699169
ENSSSCG00000024794,0.25359989657037285,0.9222258704745661,0.8666058819452457,2.0424316489901844,-0.24639814897504647
ENSSSCG00000024800,0.8127448602348004,0.7889009796014095,1.0039490000477747,2.6055948398839845,0.09380211170489403
ENSSSCG00000024802,0.4979140960534252,0.7514841012055052,0.9560414110269354,2.205439608285866,-0.19339876326148067
ENSSSCG00000024813,0.585028615168655,1.0834445750893331,0.7749891182624369,2.443462308520425,-0.2872875630439469
ENSSSCG00000024818,0.45246347481245863,0.9054435354377567,1.2924882858453466,2.650395296095562,-0.213758449655012
ENSSSCG00000024864,0.29431172612039747,0.5240305778173318,0.4511884705810158,1.269530774518745,0.02833249129940838
ENSSSCG00000024881,0.5538659773479073,0.5253389945793585,0.31988504637003096,1.3990900182972967,-0.09559207063412736
ENSSSCG00000024892,0.7322347743592266,0.97613227843351,1.1393966782394094,2.847763731032146,-0.3599157847965973
ENSSSCG00000024895,0.2095605661011381,0.7144826749336134,0.5379663968553301,1.4620096378900815,-0.08545562083730006
ENSSSCG00000024904,0.9150729544891442,0.5341705354697783,0.7161889620905049,2.1654324520494272,-0.031515626866447495
ENSSSCG00000024912,0.07527679789100637,1.0061154619512322,0.9580846206748632,2.0394768805171015,0.06707507084566137
ENSSSCG00000024913,1.0815188849555633,0.4628809371288618,0.9541521272621858,2.498551949346611,-0.27792986144503773
ENSSSCG00000024916,0.4941717458920019,0.3365572646346487,0.3449766755274247,1.1757056860540753,-0.1400452711761916
ENSSSCG00000024927,0.5567573496283716,0.875284842313696,0.7492084374104303,2.181250629352498,-0.030064557017339177
ENSSSCG00000024932,1.193338721746566,0.34992659654337993,0.9607523722831712,2.504017690573117,-0.1780388074430655
ENSSSCG00000024933,0.20163769764030343,0.6491515503067861,0.7271683753158922,1.5779576232629817,-0.2309099702528398
ENSSSCG00000024938,0.5242083952735213,0.4764107002052856,0.41706868035366207,1.4176877758324689,-0.3050316204536435
ENSSSCG00000024966,0.8589215191564654,1.0283358942281384,1.6339416009300753,3.5211990143146794,-0.5872197906927965
ENSSSCG00000024970,0.4051196853356668,1.0661210710615032,0.7764770185691865,2.2477177749663566,-0.08657636786550506
ENSSSCG00000024972,0.486941099225803,1.143856939136423,0.9774973851030345,2.6082954234652607,-0.1445835463091054
ENSSSCG00000024975,0.4993514729748994,0.5493422284827844,0.8022461871711473,1.850939888628831,-0.10876719508802506
ENSSSCG00000024977,0.3200519599569452,0.3805667785679827,0.5800775042951861,1.280696242820114,-0.24237185071327938
ENSSSCG00000024983,0.188649751706925,1.0731421123384037,0.9780840581564761,2.2398759222018048,0.11037227826704354
ENSSSCG00000024990,0.12801312973429332,0.4526275144100675,0.5022802052772236,1.0829208494215843,0.0812055665856892
ENSSSCG00000024999,0.41514590131075624,0.690075839657984,0.36649879748107367,1.471720538449814,-0.29537167639697587
ENSSSCG00000025005,0.4313704126715772,1.1793131652503845,1.055757423499262,2.666441001421224,-0.2371631837083132
ENSSSCG00000025007,0.3607679049100273,0.8354569493959517,0.8187357120325536,2.014960566338533,0.031308684310481345
ENSSSCG00000025010,0.25615887641817914,0.7731745157819858,0.8761797927953338,1.905513184995499,0.10713856328250289
ENSSSCG00000025027,0.35446818756727305,1.0523584344509078,0.919005289896262,2.3258319119144426,-0.028309846677100237
ENSSSCG00000025028,1.0507098259841583,0.5090419873408653,1.193314443846788,2.7530662571718114,-0.07792449105291666
ENSSSCG00000025053,1.0177198611841234,0.912740816733076,0.8133911773183417,2.743851855235541,-0.06551231942935244
ENSSSCG00000025060,0.2543948847558586,1.39306377870282,1.5124249723747882,3.1598836358334665,0.057916938968572494
ENSSSCG00000025085,0.2677996765201986,0.7784551885218941,0.7266513074188848,1.7729061724609774,-0.2675658441498581
ENSSSCG00000025092,0.2801730494759558,1.277048648203744,1.2091840730252037,2.7664057707049032,0.10527613424513797
ENSSSCG00000025107,0.46006318139699687,1.648822551897178,1.7750898259058925,3.883975559200067,0.12044110009069177
ENSSSCG00000025114,0.5224875427193237,0.9123711806269104,0.9718467040161076,2.4067054273623416,-0.3211016448629361
ENSSSCG00000025120,0.5874085781752654,1.9067812148282726,2.3208393988327085,4.8150291918362464,-0.12071278591212943
ENSSSCG00000025130,0.37827731228423095,0.33239660168233925,0.45284496588024203,1.1635188798468121,-0.18142283952044871
ENSSSCG00000025134,1.0632568463706054,1.4166444266299756,0.5662824941010537,3.0461837671016347,-0.361062742594623
ENSSSCG00000025139,0.533768788829681,0.5041686002492071,0.8594194533891683,1.8973568424680565,-0.10826709124891673
ENSSSCG00000025151,0.08616158022910622,1.2735200343686652,1.209138287651671,2.5688199022494427,0.052603479773251825
ENSSSCG00000025152,0.44702024660591244,0.7859097145766117,1.1529262043153976,2.3858561654979216,-0.3421636384980522
ENSSSCG00000025156,0.2332046490965913,0.5816723517240557,0.7517539044350758,1.5666309052557228,-0.23552592583569318
ENSSSCG00000025160,0.09043261082965674,0.45002600132916853,0.4722605153955474,1.0127191275543728,-0.0818220075991183
ENSSSCG00000025174,0.3864780527677469,0.42176177637968754,0.34227112712013746,1.150510956267572,-0.09691828467882621
ENSSSCG00000025179,0.5039882584121766,0.4859329056686017,0.9347953050114635,1.9247164690922418,-0.09920362677109724
ENSSSCG00000025182,0.7104517587746224,0.793481919814261,0.20799512320446464,1.7119288017933478,-0.27501330524167106
ENSSSCG00000025186,0.12421105598013985,0.16678782766875885,0.28184087166574523,0.5728397553146439,-0.0572153376558161
ENSSSCG00000025187,0.4546406344192865,1.0940377482372186,1.0109965067835835,2.5596748894400885,0.17148785507251812
ENSSSCG00000025190,0.5848092722670457,1.0285470032848316,0.91297566391021,2.5263319394620876,-0.17444911515363076
ENSSSCG00000025203,0.5665105615974718,1.27484891009219,1.3913790457774158,3.2327385174670775,0.13890762443796956
ENSSSCG00000025206,0.3346941866826584,0.5452993419311478,0.5023205678324123,1.3823140964462186,-0.29855108895345245
ENSSSCG00000025218,0.35771653134334547,0.5124583015156369,0.4106318771772831,1.2808067100362655,-0.07203410575856078
ENSSSCG00000025221,0.153100378668198,0.6988066858812265,0.6673352395131836,1.5192423040626082,-0.18394577785788296
ENSSSCG00000025224,0.743490269677092,0.721981093810925,1.4530123384354245,2.9184837019234413,-0.41995663823148305
ENSSSCG00000025238,0.47181278064161003,0.6966858196826043,0.5625328630881218,1.7310314634123363,-0.26889957837982364
ENSSSCG00000025240,0.40451578719257936,1.051618363194018,0.7470758427242946,2.203209993110892,-0.08324073002820852
ENSSSCG00000025248,0.3792928839181732,0.5035360125592903,0.2598469111630653,1.1426758076405288,-0.09366328495634854
ENSSSCG00000025252,0.20419901085402006,0.4660610388177097,0.6465270338561985,1.3167870835279283,-0.2269018146720353
ENSSSCG00000025264,0.4814310926452569,0.557290224074924,0.6111724338789355,1.6498937505991165,0.09179189040489742
ENSSSCG00000025281,0.902482344219495,0.6688017849478709,1.280767362141375,2.852051491308741,-0.07344351402568754
ENSSSCG00000025286,0.250119449605045,0.5667200259117512,0.6049745964908033,1.4218140720075996,-0.20741027961080946
ENSSSCG00000025287,0.6161232345014642,0.48522647977572175,0.9343273801895936,2.0356770944667795,-0.2077825063312657
ENSSSCG00000025290,0.41113325303745657,0.5751395860761598,0.31801734505303997,1.3042901841666563,-0.0545872876251304
ENSSSCG00000025293,0.5160715462207721,0.5438909704345932,0.8760441651733718,1.936006681828737,-0.10487924759660668
ENSSSCG00000025295,0.12729025635647126,1.1628202224910722,1.0953957072085874,2.385506186056131,-0.037206556490206405
ENSSSCG00000025298,1.4338862177088771,0.8223130036312043,1.5919177929323318,3.8481170142724133,-0.029691205868601137
ENSSSCG00000025305,0.10680896291276942,0.8196159920361099,0.8094916033227004,1.7359165582715796,-0.0452676344931837
ENSSSCG00000025306,0.3768490490653698,0.3268492550378139,0.608682485038812,1.3123807891419956,-0.2628381383684696
ENSSSCG00000025315,0.5730957395614201,0.3252290935821259,0.2787517382236049,1.177076571367151,-0.3074052658292759
ENSSSCG00000025316,0.21067623216440443,0.2468544991669509,0.29376475815704417,0.7512954894883995,0.006633618090292361
ENSSSCG00000025321,0.12260693138311221,0.795016077377221,0.7049256491590267,1.62254865791936,-0.05475539701789459
ENSSSCG00000025323,0.2388384012075913,0.49894991421704954,0.7073616794804835,1.4451499949051243,-0.061008233599137277
ENSSSCG00000025326,0.8913447083501383,0.24632995819377437,0.7312278529545501,1.8689025194984628,0.07339432412236227
ENSSSCG00000025329,0.5531495811568689,0.8230381896754875,1.0880985248413055,2.464286295673662,0.05615324032556286
ENSSSCG00000025335,0.6174043460509356,0.840749766650988,0.570546737021729,2.028700849723653,-0.0479481395524071
ENSSSCG00000025344,0.159399321759114,0.4891177576451161,0.3641213483199675,1.0126384277241975,-0.16413194999494898
ENSSSCG00000025353,0.1339094125021723,0.3777214993817652,0.32588879518753455,0.837519707071472,-0.18354261128813404
ENSSSCG00000025355,0.1261983690350872,0.9905232939448904,0.9817331245784947,2.0984547875584725,0.1339726746813905
ENSSSCG00000025363,0.45823861713383796,0.7690449741392279,0.6615451574114911,1.8888287486845572,-0.06275922928189978
ENSSSCG00000025374,0.25713657128147255,0.4960275157574168,0.38140802370216476,1.134572110741054,-0.13848547649239282
ENSSSCG00000025406,0.7686130168179172,1.0560484752298003,0.5067464164984042,2.331407908546122,-0.22671247510268702
ENSSSCG00000025408,0.3747566359888501,1.2575503614715164,1.2075016015611009,2.8398085990214676,-0.12384150226650227
ENSSSCG00000025417,0.6072912485317582,1.3085270907421087,0.9298617738523166,2.8456801131261837,-0.3217504545567096
ENSSSCG00000025423,0.1763886931197355,0.3931792587365843,0.33914945674353103,0.9087174085998508,-0.025450721570463592
ENSSSCG00000025430,0.41548150920778615,0.7553463047473139,0.4401826094112711,1.6110104233663711,-0.32565900989981433
ENSSSCG00000025436,0.2737817765244172,0.3985375263219148,0.354053970147589,1.026373272993921,-0.2594937603477493
ENSSSCG00000025440,0.6946608167928795,0.31418041727764057,0.731743012897395,1.7405842469679151,-0.13035403597607326
ENSSSCG00000025448,0.490557759383815,0.7567067898638311,0.8358926168592151,2.0831571661068615,-0.047226925349661567
ENSSSCG00000025454,0.3750835616537897,1.5282222625543715,1.362177323138105,3.2654831473462664,-0.19859758512443362
ENSSSCG00000025460,0.08820653763131317,0.5567695450323946,0.6447343572377295,1.2897104399014374,0.0455900699836549
ENSSSCG00000025463,0.14365944974429,0.42601887577971154,0.49099523432962205,1.0606735598536237,0.10860154849405872
ENSSSCG00000025478,0.49224652285942105,1.314807788101568,1.6741729560270024,3.4812272669879913,-0.2808947644519054
ENSSSCG00000025486,0.8646130839342816,0.7414832653999589,1.3977068425895303,3.0038031919237707,0.16647025928911335
ENSSSCG00000025488,0.5238037076789377,1.5258887045940037,1.9175095524842636,3.967201964757205,-0.0485686834391741
ENSSSCG00000025492,0.3324167913291591,0.5011958773340509,0.6008793606823811,1.434492029345591,-0.21180862088939956
ENSSSCG00000025500,0.37079405753871025,0.6016012860157547,0.4721345634084926,1.4445299069629576,-0.26786244572723283
ENSSSCG00000025507,0.4465419674228256,2.1013275360988874,1.8776701490899972,4.42553965261171,0.16395996166268467
ENSSSCG00000025514,0.22799603002869256,0.3914575763725891,0.3599560637035119,0.9794096701047936,-0.20415570119362259
ENSSSCG00000025532,0.10377273784385169,0.8877363673083399,0.8308986573027796,1.8224077624549713,-0.19373628935710469
ENSSSCG00000025534,0.5077903043991764,0.7307305665277009,0.6435264045974376,1.8820472755243147,0.12111291181315731
ENSSSCG00000025542,0.10558182162146672,0.2712402512258985,0.3164487448632446,0.6932708177106098,-0.09559307972948775
ENSSSCG00000025568,0.6420548500390506,0.513091018612265,0.7716742958062432,1.9268201644575589,-0.09687513600064153
ENSSSCG00000025571,0.2518082330481549,0.9289976599307727,0.9786828442443729,2.1594887372233007,0.13547570334802025
ENSSSCG00000025589,0.06616077644892886,1.0472553224170604,1.0287374875734454,2.1421535864394348,0.12431865420634153
ENSSSCG00000025592,0.38636447211518377,1.0315868768528662,0.7501249005369798,2.1680762495050296,-0.3354193383069041
ENSSSCG00000025598,0.430759988005118,0.6740352181705979,0.970025476142675,2.074820682318391,-0.2622340291894125
ENSSSCG00000025599,0.4542119387286763,0.9104743142337854,0.9567005071985671,2.3213867601610287,0.0029252655217569265
ENSSSCG00000025602,0.2583129764107767,0.4694643498834233,0.2428547971380206,0.9706321234322206,-0.11437819602023803
ENSSSCG00000025606,0.7495258005898767,0.8842144785586188,0.9966868683935742,2.6304271475420697,-0.14141942214655046
ENSSSCG00000025616,0.903173473194965,0.5797654848372339,0.677053483304447,2.159992441336646,-0.24958760962822352
ENSSSCG00000025621,0.1273635337370923,0.5421375041903919,0.651958650467072,1.3214596883945562,-0.09557785806489892
ENSSSCG00000025638,0.17607925569869712,0.8760209675302091,0.9996516458340188,2.051751869062925,0.11990331697612508
ENSSSCG00000025651,0.27090649718888266,1.1895012812285333,1.0861601200377247,2.5465678984551405,-0.014726804183097303
ENSSSCG00000025652,0.6308139046284581,0.9455295934933188,1.1032803938691504,2.679623891990927,-0.1510618658625835
ENSSSCG00000025653,0.308253267156585,1.0701213424077132,0.8435025540852632,2.2218771636495616,0.008260128833216605
ENSSSCG00000025661,0.5384616010120514,1.4094515950698305,1.2642965488735363,3.2122097449554183,-0.08787921232462963
ENSSSCG00000025672,0.22703813524089816,0.4289341077516585,0.32423456073461293,0.9802068037271696,-0.21585868617370477
ENSSSCG00000025673,0.5714326896876318,0.6056378689856035,0.3731479067897647,1.550218465463,0.02475269736130111
ENSSSCG00000025674,0.4540337998833798,1.583422346353866,1.5055319428466225,3.542988089083868,0.0472205838079441
ENSSSCG00000025675,0.5087551473790524,1.3922504382594931,1.5675574615946146,3.46856304723316,0.0627379714794103
ENSSSCG00000025682,0.48085642796754713,0.6862835120148361,0.541913970642719,1.7090539106251021,-0.09579258461625008
ENSSSCG00000025689,0.6766694841043597,0.9467494829141936,0.6678462165413979,2.2912651835599513,-0.10547257097723871
ENSSSCG00000025691,0.3848111691342219,0.43627323999229334,0.3024680627891642,1.1235524719156795,-0.15738753392407046
ENSSSCG00000025701,0.235630554338523,0.36625141682281054,0.40598771200261446,1.007869683163948,-0.08610381911370593
ENSSSCG00000025703,0.33931524097605187,0.8668394042278169,0.6419196759512497,1.8480743211551185,-0.23686966896413514
ENSSSCG00000025704,0.14962777419732895,0.5727671945765859,0.47619693438790955,1.1985919031618244,0.05615224637202459
ENSSSCG00000025708,0.26255865576271886,0.46916414095249187,0.502316741425704,1.2340395381409146,-0.210435386895014
ENSSSCG00000025711,0.14287587805567972,0.578799894181503,0.6615713150024302,1.3832470872396128,-0.21156300335095168
ENSSSCG00000025729,0.5037744417955818,0.4512743619361868,0.6643524590205057,1.6194012627522743,-0.23879330614417563
ENSSSCG00000025744,0.31454190552058425,0.42444872480533474,0.26504396526819807,1.004034595594117,-0.10154770727400045
ENSSSCG00000025759,0.9823269477672065,1.4190057213462717,1.1086661834948202,3.5099988526082986,-0.21235078295002363
ENSSSCG00000025766,0.11101075905203761,1.0630085014387396,1.0266319367161632,2.2006511972069402,0.16434477181991552
ENSSSCG00000025768,0.7137935262947737,0.8300508370503425,0.22981308445372367,1.7736574477988398,0.05213749389124957
ENSSSCG00000025770,0.08423615946419695,0.5866252949211453,0.6427109784093581,1.3135724327947003,-0.19630628189147162
ENSSSCG00000025775,0.5504391138461546,0.5083232787652084,0.6805935896849622,1.7393559822963254,-0.21032306454920746
ENSSSCG00000025788,0.6270970077656911,0.30082201304537465,0.8892052574984642,1.8171242783095298,0.015050054764558472
ENSSSCG00000025791,0.14703666618879951,0.3495687487253302,0.450503965528928,0.9471093804430577,-0.07329943076473557
ENSSSCG00000025792,0.9313070643418557,0.562259252184487,0.5629501838795503,2.056516500405893,-0.027005859201986376
ENSSSCG00000025796,0.4417146133098943,0.343069680719482,0.3944213086171186,1.179205602646495,0.07806213500220806
ENSSSCG00000025806,0.8612857543221083,1.2440756848961443,1.376383560313412,3.4817449995316645,0.01955389989545478
ENSSSCG00000025810,0.1900542742758791,0.6068316239698235,0.576829056224456,1.3737149544701586,-0.17090142075653733
ENSSSCG00000025826,0.4427845312089637,0.7401486787729066,0.8892039041498764,2.072137114131747,-0.34926520968170327
ENSSSCG00000025830,0.2743473618824069,0.5360628202043473,0.5329319694309088,1.3433421515176631,-0.04284350943229553
ENSSSCG00000025834,0.17842903254020145,0.5938671489753005,0.5324438514901592,1.304740033005661,-0.2244497577599551
ENSSSCG00000025839,0.13960377016282774,0.5646483292105633,0.49042026665899824,1.1946723660323892,-0.20784158000815475
ENSSSCG00000025854,0.316978147548294,0.9694564124756871,0.9885649735074366,2.274999533531418,-0.09774302448128917
ENSSSCG00000025855,0.6515646713414793,0.8397063804453698,0.5542011365339177,2.045472188320767,-0.1406442471453622
ENSSSCG00000025856,0.46884592022237076,0.7853681994580776,1.0226463617848651,2.2768604814653135,-0.46920069288687805
ENSSSCG00000025869,0.2964565854504119,1.2039971988581821,1.2520370805487695,2.7524908648573634,-0.037744200390943165
ENSSSCG00000025876,0.4183908663013627,0.29786275243414084,0.25743192960766786,0.9736855483431714,-0.15017419144524857
ENSSSCG00000025881,0.7683964170505355,0.7619014553622894,1.0786871972614036,2.6089850696742287,0.20863532602560025
ENSSSCG00000025892,0.6496652277675564,0.4345558400854151,0.8192418996874472,1.9034629675404187,-0.14573270173817096
ENSSSCG00000025900,0.12109744122949583,0.4286904357581849,0.3980672336228542,0.9478551106105348,-0.10873182278032884
ENSSSCG00000025901,1.369811442864894,0.6343482630559615,1.6130400959585716,3.617199801879427,-0.21904570202452966
ENSSSCG00000025902,0.19390098276712567,0.20385905997525997,0.1011548501443225,0.49891489288670815,-0.17958623870720702
ENSSSCG00000025906,0.2583458901879483,1.3445260873601892,1.2185880647125198,2.8214600422606573,0.14390668247623922
ENSSSCG00000025910,0.5784382298786537,0.3604115713543918,0.7832911745904777,1.7221409758235233,-0.16362173594986923
ENSSSCG00000025912,1.2727565927134161,0.9386475594737649,0.4813396473253733,2.6927437995125545,-0.010773842520663797
ENSSSCG00000025921,0.5512476161802585,0.5242290806305558,0.3668331281913187,1.4423098250021331,-0.13496528745776976
ENSSSCG00000025928,0.4595881922816781,1.43998439855429,1.718492115875676,3.6180647067116443,0.21308942097729505
ENSSSCG00000025940,0.2654631165785432,0.3716589791744942,0.5688131290345847,1.205935224787622,-0.2490810085040185
ENSSSCG00000025941,0.7603427996221105,0.6557718531893878,0.8080959882919531,2.2242106411034515,0.018522820912192588
ENSSSCG00000025942,0.3267227091498613,1.5012603365499206,1.4376101692557517,3.2655932149555333,-0.1472858591927718
ENSSSCG00000025943,0.3163366870403808,0.7612235661138157,0.7047248197366424,1.782285072890839,-0.11746028265255395
ENSSSCG00000025953,0.545761032857689,0.6383980033925021,0.7360387723185973,1.9201978085687883,-0.21867491626215196
ENSSSCG00000025965,1.219500366052279,0.7284877032025318,1.1752193371188695,3.1232074063736803,-0.1612282138726759
ENSSSCG00000025966,0.7342999775628101,0.9114222962420974,0.9839292724321679,2.629651546237075,-0.005562410063732228
ENSSSCG00000025984,0.4921670016754555,0.6068952400093641,0.3096979213102462,1.408760162995066,-0.13350218375146333
ENSSSCG00000025986,0.2507438276830526,0.3387477148213759,0.4360574156346816,1.02554895813911,-0.1311335319755548
ENSSSCG00000025993,0.4811248543644245,0.9021723994675869,0.5612909475158723,1.9445882013478837,0.19063116357317464
ENSSSCG00000025996,0.18564471628594992,2.2439475606799584,2.1334567863262204,4.563049063292128,0.05182203004131795
ENSSSCG00000026001,0.8574299667585604,0.8177332768379988,0.2578355602720521,1.9329988038686114,-0.1578607135717189
ENSSSCG00000026018,0.7151834789015956,0.9226989423602435,1.3856558281007891,3.023538249362628,-0.19864875138514207
ENSSSCG00000026034,1.0376289525355789,0.8497684425743445,0.647934307537362,2.5353317026472855,-0.16159860050524374
ENSSSCG00000026042,0.8988783453699787,0.693096108680815,1.3497279114600202,2.941702365510814,0.006494279185136169
ENSSSCG00000026044,0.31937643304941143,0.5744872239761881,0.45758788276383044,1.35145153978943,-0.2273325422691467
ENSSSCG00000026045,0.6395413248874953,0.9840952162172991,0.5717066526437085,2.195343193748503,-0.3022657889799568
ENSSSCG00000026052,0.16578898188358265,0.5932479253510142,0.5548399576936652,1.313876864928262,-0.24083199152736018
ENSSSCG00000026055,0.7831191106211974,0.8631321866401588,0.7423075541276645,2.388558851389021,0.04719330187351481
ENSSSCG00000026063,0.2180910093184928,0.27883493353734484,0.3684602834472867,0.8653862263031243,-0.1950348409270675
ENSSSCG00000026064,0.45725270841660637,1.5785595830164365,1.4068155320811944,3.442627823514237,0.09003732919174534
ENSSSCG00000026078,1.8370718597076152,0.7349264795372551,2.288838296276978,4.860836635521848,-0.0664554294579597
ENSSSCG00000026082,0.3222278922532514,0.749660204268831,0.6063621203444487,1.678250216866531,-0.00925370132765693
ENSSSCG00000026083,0.5313582510314012,1.083717391505016,0.7533216945417986,2.368397337078216,-0.06732783897293743
ENSSSCG00000026087,0.6862009269986428,0.3851003212438291,0.6602506701117827,1.7315519183542547,-0.3199374540162579
ENSSSCG00000026098,0.07388825945368041,0.6324035643774238,0.6185958467428468,1.324887670573951,-0.17723865278977732
ENSSSCG00000026110,0.4305794346507267,1.177307116419538,1.2793403470663929,2.8872268981366576,-0.28068216571291904
ENSSSCG00000026116,0.26174301169827846,0.5272920469785805,0.3477330121735916,1.1367680708504504,-0.21801291245487292
ENSSSCG00000026152,0.21148179601551653,0.4384980690195059,0.5010350182238873,1.1510148832589095,-0.08056425768161492
ENSSSCG00000026153,0.5119257686315242,1.221641667634769,0.8773718194937368,2.61093925576003,0.13246483417087762
ENSSSCG00000026158,0.5228887321970378,0.28257977019417685,0.4914527708325096,1.2969212732237243,-0.2482599803136635
ENSSSCG00000026164,0.11220542490000751,0.6129938456070955,0.6237370963089162,1.348936366816019,-0.19501900874294475
ENSSSCG00000026167,0.6922853616596734,0.6658872842145765,0.7491866401782202,2.10735928605247,-0.24896274811278746
ENSSSCG00000026177,0.2771811794810841,0.5968325592292946,0.49725338333646674,1.3712671220468455,-0.25609194674143293
ENSSSCG00000026180,0.35427893507491925,0.7755693211298157,0.9811236772180383,2.110971933422773,-0.3479659173315775
ENSSSCG00000026181,0.29250796754300035,0.3024610068730277,0.25956368256260076,0.8545326569786288,-0.2520473655935323
ENSSSCG00000026194,0.2564420183977851,0.4212887590539331,0.3277313882161429,1.005462165667861,-0.22305075042755204
ENSSSCG00000026196,0.8893201049265249,1.0121865793086395,1.2730828487793886,3.174589533014553,-0.3927916122366383
ENSSSCG00000026224,0.246423267598229,0.5077573592583509,0.7183113517936324,1.4724919786502122,0.0013954500145954656
ENSSSCG00000026229,0.23349452134092671,1.7714695688139042,1.581884557283678,3.586848647438509,-0.046664769441918386
ENSSSCG00000026230,0.3747316115457114,1.6021184178117969,1.4140143323283516,3.3908643616858596,-0.054411988197959255
ENSSSCG00000026233,0.10182570125518392,0.3121825560435841,0.30502750035572307,0.719035757654491,-0.1591350407698462
ENSSSCG00000026239,0.3143297092607613,1.3205194144139827,1.2035936458023184,2.838442769477062,0.005769757976359946
ENSSSCG00000026246,0.1431490357574575,0.9701316229710396,0.8403872049545364,1.9536678636830336,-0.07147149925676574
ENSSSCG00000026257,0.11252759989343802,2.007494075254744,1.9645443445859117,4.084566019734094,0.01543914337186563
ENSSSCG00000026268,0.22893208547176735,0.3725379921598591,0.48014319986432985,1.0816132774959564,-0.26975005003126823
ENSSSCG00000026269,0.6775716696945218,0.8052346328387301,0.6197260341731509,2.102532336706403,-0.20689736043397672
ENSSSCG00000026271,0.23293263921381918,0.7117956945200345,0.5968049645818413,1.541533298315695,-0.15239066299953197
ENSSSCG00000026276,0.26014391126814357,0.39716681875585885,0.34790006034964727,1.0052107903736496,-0.130058864962551
ENSSSCG00000026281,0.4464555024641674,0.4736321223058526,0.2514972897819812,1.1715849145520012,-0.002617933733022385
ENSSSCG00000026290,0.06688635005171074,0.5848842789914005,0.6358801194265211,1.2876507484696322,-0.0274174048664956
ENSSSCG00000026294,0.5498908413691371,0.9950783520117585,1.1711505038585197,2.7161196972394155,-0.09365806767120675
ENSSSCG00000026301,0.16485479903389091,1.0790642077366746,1.177240311496052,2.4211593182666173,-0.2757607483222667
ENSSSCG00000026318,0.5112167799178822,0.7510077462292879,0.3822038226712681,1.6444283488184381,-0.24003532905056107
ENSSSCG00000026333,0.5295536795802566,0.6190317486579976,0.822996205517212,1.9715816337554661,-0.02959857871974109
ENSSSCG00000026346,0.2938099968952163,0.25964982977576784,0.15413666429466605,0.7075964909656502,-0.11474576641061428
ENSSSCG00000026354,0.3815182884840151,0.5125800606421611,0.5610320604865096,1.4551304096126858,-0.2765839085395914
ENSSSCG00000026360,0.43936885816344917,0.44871033075883665,0.48388536618709865,1.3719645551093844,-0.3586317044630467
ENSSSCG00000026382,0.6303004447078338,0.5922086321731279,0.7231349213893408,1.9456439982703024,-0.12006267874118322
ENSSSCG00000026383,0.07123275488150785,0.4640180805232732,0.5087509015483869,1.044001736953168,-0.16851436715075083
ENSSSCG00000026389,0.5513255035882064,0.6606494425703702,0.37989017905089634,1.5918651252094729,-0.14964424752730357
ENSSSCG00000026392,0.15064220783312027,0.5700769668582746,0.45417894341465676,1.1748981181060516,-0.0953622564622633
ENSSSCG00000026407,0.2554420314591618,0.8478649717199478,0.7237360998638575,1.8270431030429668,-0.27195526770489925
ENSSSCG00000026414,0.5415401602076814,1.0138810157855453,1.0805138705928057,2.6359350465860323,0.17001575579099068
ENSSSCG00000026433,0.2406535051742802,0.5439552693889237,0.5640896164355695,1.3486983909987735,-0.08663935818381366
ENSSSCG00000026446,0.22773199529666688,1.1247490829664186,1.1052786178461182,2.4577596961092034,0.12993290004201338
ENSSSCG00000026449,0.6185751885519253,0.692383772200537,0.3549601419275894,1.6659191026800517,-0.09498610725775612
ENSSSCG00000026466,0.42928476822096806,0.30639163988099605,0.5692080513543349,1.3048844594562992,0.09010852307291914
ENSSSCG00000026472,0.32498211865847754,1.1564155561243525,1.3401983154317239,2.821595990214554,0.13234583515263199
ENSSSCG00000026486,0.6017879604647345,0.720814429070211,1.1607999536224427,2.483402343157388,-0.36738221715929703
ENSSSCG00000026488,0.6366121806030784,1.1217402515510146,0.8067773198396596,2.565129751993753,-0.1635357187417902
ENSSSCG00000026498,0.22653912957603523,1.129465086193971,1.0249849519857985,2.380989167755805,-0.24086325705131473
ENSSSCG00000026499,0.49557791725826816,0.992563037166627,0.7938241569702015,2.2819651113950967,-0.24935214558488103
ENSSSCG00000026502,0.200618195450643,0.9215231517615771,0.8266044286298425,1.9487457758420628,-0.05695942643642245
ENSSSCG00000026505,0.1936208867626563,1.5374799369846985,1.3642026528854407,3.095303476632796,-0.016030515678869955
ENSSSCG00000026506,0.23074048263228575,0.45556272552395627,0.6729187728773853,1.3592219810336275,-0.12263597870715184
ENSSSCG00000026517,1.0688786003629738,2.6689058848114704,2.0897652458295672,5.827549731004011,-0.1582904706803071
ENSSSCG00000026520,0.13357829997761986,0.671447823778226,0.7781569990147552,1.583183122770601,-0.028356563661395853
ENSSSCG00000026527,0.7063321204541857,1.4894173191955504,0.8727796583507272,3.0685290980004636,-0.10939213206442475
ENSSSCG00000026537,0.16363506564902555,1.0560183101769438,1.0004103621063427,2.2200637379323123,-0.19443883760250302
ENSSSCG00000026547,0.5617519429361449,0.3478862471016172,0.841745347206811,1.7513835372445732,-0.2201409935253779
ENSSSCG00000026552,0.31814174861677835,0.7586707861050644,0.8200798425065552,1.8968923772283979,-0.12100223915787017
ENSSSCG00000026559,0.17805261563335453,0.6046771062299421,0.5932093626088436,1.3759390844721402,-0.19853464710443383
ENSSSCG00000026569,0.15470292043326944,0.16673761446081825,0.20625276216227714,0.5276932970563648,-0.011297630585375702
ENSSSCG00000026571,0.9132592418350947,0.6654671586834499,0.939003862423546,2.5177302629420906,-0.1024019062064497
ENSSSCG00000026579,0.36022379050052383,1.0523920360820367,1.1055488112379692,2.51816463782053,-0.293000047502971
ENSSSCG00000026590,0.1483812280710945,0.16787664313423428,0.2940788318798437,0.6103367030851725,0.09958078151785028
ENSSSCG00000026596,0.13013395366227756,0.4372688984018299,0.5186976998357249,1.0861005518998323,-0.24495549599825878
ENSSSCG00000026606,0.5441181239404136,1.25904917898367,1.0354866641575788,2.8386539670816626,0.04468478062721931
ENSSSCG00000026612,0.6386950931094387,0.6596897690227161,0.9996283841446832,2.298013246276838,0.17201442062668112
ENSSSCG00000026617,0.8834684162686063,1.4946035806982048,2.001232442296612,4.379304439263423,0.002878985082278571
ENSSSCG00000026618,0.6356793460547254,0.6047700166976178,0.7896779223779329,2.030127285130276,-0.18852528884437922
ENSSSCG00000026622,0.30868453307623517,0.6215606153489336,0.4400826458667343,1.370327794291903,-0.20804262083128286
ENSSSCG00000026644,0.48694751959910976,0.25802273945240634,0.4991474598997182,1.2441177189512342,-0.0477981013525217
ENSSSCG00000026653,0.3726037776086417,0.5827372863837799,0.5920317896437896,1.5473728536362112,-0.2102389564880289
ENSSSCG00000026655,0.298353674136834,0.558737734047958,0.7749663274993923,1.6320577356841843,-0.41124897097254715
ENSSSCG00000026663,1.5994017851708833,2.0284822404897946,3.2892497479862524,6.91713377364693,0.011613301006542355
ENSSSCG00000026665,0.5234551870004505,0.7900578199508601,0.6735588697493774,1.9870718767006879,-0.30567582180537034
ENSSSCG00000026686,0.20975726560887892,0.6189376707069042,0.7216421497018067,1.5503370860175898,0.2172490510809945
ENSSSCG00000026697,0.9585899223068851,0.26678215030297353,0.7720606995205374,1.997432772130396,-0.0975909299563392
ENSSSCG00000026699,0.390603374987232,0.7116378337696941,0.48499205937398576,1.587233268130912,-0.16238712738343924
ENSSSCG00000026700,0.37274802834377213,0.5256126643861624,0.5202685361820066,1.418629228911941,0.02003164306433419
ENSSSCG00000026705,0.6684462518097668,1.5454199367109562,1.8161949973651517,4.030061185885875,-0.03284006266415548
ENSSSCG00000026706,0.08932845220664587,0.5968239166949538,0.6496919569968533,1.335844325898453,-0.08657219283762131
ENSSSCG00000026710,0.3215725318465728,0.39973635909209265,0.33072521396971283,1.0520341049083783,0.137380133330841
ENSSSCG00000026714,1.1085664667375736,0.5123129383181084,0.7822905800247053,2.403169985080387,-0.14143074374789363
ENSSSCG00000026718,0.2769476630438304,0.46831090011665544,0.6919092307139658,1.4371677938744516,-0.1903213486967225
ENSSSCG00000026719,0.8141624884524649,0.9142833783494558,0.5656049245914312,2.294050791393352,-0.04396535102872248
ENSSSCG00000026722,0.571637263826181,0.4776783679262393,0.7142167033977613,1.7635323351501815,-0.34807086815885163
ENSSSCG00000026724,0.15568095696433965,0.4433438557021245,0.3283203379303823,0.9273451505968464,-0.05100763276450753
ENSSSCG00000026729,0.07993234023925275,0.4842344657990431,0.5256073306501375,1.0897741366884333,-0.17808200984807093
ENSSSCG00000026731,0.1830741484950354,0.19522248561997857,0.33178134729691355,0.7100779814119276,-0.35803756728326336
ENSSSCG00000026733,0.2151169089919928,0.4236217689110043,0.30156101869891466,0.9402996966019117,-0.17276087852677913
ENSSSCG00000026741,0.6181941371613627,0.8752560002172354,0.679749706382879,2.173199843761477,-0.03272439586448104
ENSSSCG00000026744,0.3430190997102163,0.9470357528920781,0.9844368812312242,2.2744917338335187,-0.027194800468055717
ENSSSCG00000026746,0.13799355405510064,0.944796140634141,0.8616169719241109,1.9444066666133526,-0.34273150240267175
ENSSSCG00000026748,0.1605921624753623,0.6176913752889185,0.4927995085923412,1.2710830463566218,-0.09608863189719355
ENSSSCG00000026752,0.43916461071373747,1.153192553016383,1.0245034982632857,2.616860661993406,-0.04094137732688389
ENSSSCG00000026753,1.046507058081127,0.681475695611567,1.0085064508852313,2.736489204577925,-0.14026113462096232
ENSSSCG00000026761,0.5539457530022721,0.9106047987537822,0.8400608926716954,2.3046114444277497,0.041560392520587
ENSSSCG00000026772,0.7971494732564331,0.6830004666545739,0.8837794492085959,2.363929389119603,0.14071864176714904
ENSSSCG00000026780,0.30038479990784267,0.6145405288448821,0.7701837163703074,1.6851090451230322,-0.2746044345456481
ENSSSCG00000026781,0.32504363354389953,0.8115076072401003,1.0446437750489561,2.181195015832956,-0.18606992802260744
ENSSSCG00000026784,0.4910947164459855,0.8806777724842593,0.9864366826402572,2.358209171570502,-0.13473149347073435
ENSSSCG00000026806,0.5883555986670556,1.3024695927457048,1.154309717714506,3.0451349091272664,0.013297614682005462
ENSSSCG00000026812,0.5316096786048878,0.6910060742345651,0.991474498841777,2.2140902516812297,0.17628518928166237
ENSSSCG00000026817,0.42879726956311065,0.4694408754630367,0.17920620554818323,1.0774443505743307,-0.12765531319143758
ENSSSCG00000026819,0.17520372965640654,0.5489503297942254,0.5417392528917998,1.2658933123424316,0.14113640987212164
ENSSSCG00000026829,0.6098009106457097,1.215196952687257,1.13123486438124,2.9562327277142066,-0.12110047248515916
ENSSSCG00000026833,0.3627161459088827,0.2367124569820524,0.37440576039853796,0.973834363289473,-0.03668396241381037
ENSSSCG00000026849,0.12982090712420885,0.5197059258900407,0.6201539767606717,1.2696808097749215,-0.20572954637478086
ENSSSCG00000026851,0.5659057659259137,0.436194882652278,0.6005393489411416,1.6026399975193333,-0.20969452519681217
ENSSSCG00000026863,0.30754215259218526,0.7504427481383994,0.8436009810904718,1.9015858818210565,-0.24955366446229652
ENSSSCG00000026894,0.4904772825542644,0.8000351820795238,0.9384820397050974,2.2289945043388855,-0.24994981862858381
ENSSSCG00000026896,0.6571138077372016,0.9204037933688196,0.3060026356049455,1.8835202367109667,-0.13693616975895267
ENSSSCG00000026898,0.5441926448880686,1.2736314609701411,1.1122058802772203,2.93002998613543,-0.022847133951118603
ENSSSCG00000026900,0.21350393188056419,0.4076465052819405,0.3137131214666337,0.9348635586291385,-0.2330072144448127
ENSSSCG00000026922,0.7478988844645308,1.1413059653057764,1.631975595541883,3.5211804453121904,0.15689585280124818
ENSSSCG00000026931,0.11554874544540529,0.2881583033883156,0.18664100188129307,0.590348050715014,0.11252179930205172
ENSSSCG00000026934,0.7293227860913041,0.6617486705400277,0.7674052871367626,2.1584767437680945,-0.055356678743310364
ENSSSCG00000026943,0.10442612666779594,0.38131158998287185,0.41726409086472427,0.903001807515392,-0.288079378035535
ENSSSCG00000026947,0.08289320611709083,0.37420949911003515,0.3850403819123288,0.8421430871394548,0.15639835655776355
ENSSSCG00000026953,0.6528321405908406,0.8417222609188587,0.6823705754014405,2.1769249769111396,-0.25774100293772073
ENSSSCG00000026954,0.12700144838893446,0.4025559322961957,0.4401332426862762,0.9696906233714063,-0.05627652528919768
ENSSSCG00000026959,0.4294404576314277,0.5848283047059416,0.2999752912216119,1.314244053558981,-0.2163410355648541
ENSSSCG00000026960,0.1541857207685345,0.8893711410864324,1.0107045653000375,2.054261427155004,-0.3089887652103255
ENSSSCG00000026969,0.6714602111198388,1.1204393480588812,0.8512062307658407,2.6431057899445607,-0.0868508019780569
ENSSSCG00000026977,0.199755268248018,0.6481293996362018,0.6415519689743425,1.4894366368585623,-0.048095038270634737
ENSSSCG00000026983,0.27285551733446195,0.6429234442491207,0.7817480012975914,1.6975269628811742,0.02554368339694128
ENSSSCG00000026990,0.07939855210487914,0.9091575257637404,0.8714560203263273,1.8600120981949468,0.11463630433021034
ENSSSCG00000026996,0.7381494573327392,0.45782796245713875,0.626932378247551,1.8229097980374291,0.21457568209716069
ENSSSCG00000027002,0.14584987186746587,0.9286063027909999,0.9487327637002814,2.0231889383587474,-0.2751426485491869
ENSSSCG00000027007,0.3169574759672188,0.6354302901731328,0.7038847413716329,1.6562725075119844,-0.1611460831606882
ENSSSCG00000027016,0.44881577599034533,0.5383276278948845,0.26680278612451847,1.2539461900097484,-0.12106890387563911
ENSSSCG00000027017,0.8266563669537927,0.9953105107560573,0.5574513373623294,2.3794182150721794,-0.11141480805974696
ENSSSCG00000027024,0.09843000827651881,0.5467672860195,0.5064385093022089,1.1516358035982277,0.09745368896689002
ENSSSCG00000027041,0.5265198414668306,1.5888750969091558,1.6137913068562133,3.7291862452321998,-0.4892755814162851
ENSSSCG00000027051,0.7555524482748944,1.1930644822405787,0.7624710856109014,2.711088016126374,0.10169272972511254
ENSSSCG00000027057,0.4216278659401292,2.367336420439861,2.1137623801461363,4.902726666526126,0.12331016294455363
ENSSSCG00000027063,0.22399294474285936,0.34273776335432193,0.17018899315234612,0.7369197012495274,-0.10192491179706781
ENSSSCG00000027072,1.2065792621368312,1.4304219230032393,1.0585963353099077,3.6955975204499785,0.19033869546490695
ENSSSCG00000027074,0.35314540124239424,0.4070297262828153,0.7205158114002602,1.4806909389254699,-0.1801387527923982
ENSSSCG00000027085,0.5279974585198112,1.4605579547219139,1.8036288340361295,3.792184247277855,0.1861028373862819
ENSSSCG00000027089,0.3171285251938954,0.30112689924473823,0.4606330669809576,1.078888491419591,-0.13464941533755231
ENSSSCG00000027093,0.19572665564105055,0.9146488371827994,0.8662136108211884,1.9765891036450385,0.25335016648228986
ENSSSCG00000027098,0.327034133562379,0.6684232517810902,0.7048314036265464,1.7002887889700156,-0.23276399940864037
ENSSSCG00000027100,0.3618563048362097,1.853427160332287,2.0870842836280388,4.302367748796535,0.10677705386469018
ENSSSCG00000027101,0.055678061459027324,0.8527700051579742,0.8143707290791595,1.7228187956961611,-0.07013585263735332
ENSSSCG00000027105,0.4838207836754381,0.3520273953845171,0.7966815170517141,1.6325296961116693,-0.21039548209123304
ENSSSCG00000027110,0.6016954614482533,0.7013405664179602,0.6299746623826561,1.9330106902488695,0.0009729772114605706
ENSSSCG00000027113,0.18835852258484775,0.7691346982553507,0.8534005381859845,1.8108937590261829,-0.23101060158640355
ENSSSCG00000027114,0.4133014255787408,1.2583924334724839,1.012107611047175,2.6838014700983996,0.15489139703681504
ENSSSCG00000027115,0.9627108819756305,0.6829800298955302,0.7547454678237417,2.400436379694902,-0.16058456103589472
ENSSSCG00000027119,1.05645092128785,1.6330171264706113,0.806626387358221,3.496094435116682,-0.04591873437449999
ENSSSCG00000027121,0.7169749171167304,0.9408804727655051,1.2659221168203312,2.9237775067025664,-0.014879759007805346
ENSSSCG00000027124,0.17578206015708867,0.625830783665431,0.772557270036794,1.5741701138593136,-0.2370625861596409
ENSSSCG00000027128,0.11104621375328776,0.8715353283261522,0.8490167838762757,1.8315983259557156,0.06870740028542396
ENSSSCG00000027131,0.5414189144894842,1.2664228405594251,1.7667153953259247,3.574557150374834,-0.13566993830360913
ENSSSCG00000027135,0.3921995277230496,1.3039571948040225,1.2022235658347624,2.8983802883618344,-0.026703682154358747
ENSSSCG00000027139,0.6709799499118779,0.6776849818963026,0.5415811454440935,1.890246077252274,-0.129069330173835
ENSSSCG00000027147,0.5647015484055014,0.7993269747002175,0.3879258795915762,1.751954402697295,-0.12937742925783396
ENSSSCG00000027153,0.2874376570850891,0.6182469354980458,0.39820647766837614,1.303891070251511,-0.028154160348137256
ENSSSCG00000027157,0.15250270303870883,0.5700975306617,0.6338744463565168,1.3564746800569256,-0.058803306872531116
ENSSSCG00000027161,0.6604941012509852,0.7231576657149923,0.3422772986129,1.7259290655788773,-0.21075429337208854
ENSSSCG00000027165,0.14503460405507412,1.0901346556859424,0.9760447170308187,2.2112139767718353,-0.05526382547631277
ENSSSCG00000027166,1.1152271843863204,0.6126876732948634,0.8854478414165836,2.6133626990977676,-0.06719656600285846
ENSSSCG00000027169,0.5357398790524669,0.8425773658874787,1.1243505909022167,2.5026678358421623,-0.18260867721649954
ENSSSCG00000027176,0.49778073005765033,0.862049431189336,0.518499989310692,1.8783301505576784,-0.07246665267846003
ENSSSCG00000027190,0.8127737396346445,1.2247053568481305,1.644011433256726,3.681490529739501,-0.295950378548596
ENSSSCG00000027205,0.5356596567755152,1.422381699739225,1.4639434888928022,3.4219848454075423,0.15248782106916017
ENSSSCG00000027206,0.6517302538194392,0.4418223319517506,0.9101050093267669,2.0036575950979563,-0.11036712724608991
ENSSSCG00000027207,0.3122597332993011,1.0874039193323146,1.028266830740534,2.42793048337215,-0.21444437158717988
ENSSSCG00000027211,0.9805966447169754,0.736483242026546,1.345842164607293,3.062922051350814,-0.09232697904484496
ENSSSCG00000027224,0.9935881583025055,0.8881910968430791,1.019226322672338,2.9010055778179225,-0.07036060233908739
ENSSSCG00000027230,0.5400675865149743,0.41095325646705333,0.6980813829165194,1.649102225898547,-0.2968966124968551
ENSSSCG00000027251,0.2814897585194974,0.5676390470386885,0.8113574380617438,1.6604862436199297,-0.2775120013656956
ENSSSCG00000027252,0.26660955980738676,1.1678257615748044,1.0433154242004863,2.4777507455826777,0.010416715773262536
ENSSSCG00000027256,0.5426344139633479,0.3161764660772232,0.4369664745015811,1.2957773545421523,0.02365456300747663
ENSSSCG00000027257,0.7025123233455164,1.9362649078405105,1.7879025685301544,4.426679799716181,0.1003523506429569
ENSSSCG00000027270,0.2547373997920422,1.3109235049044954,1.2965940299767875,2.862254934673325,0.06515850565217932
ENSSSCG00000027275,0.335700869343525,0.37563852527771585,0.616667059793424,1.3280064544146648,-0.24854327501079493
ENSSSCG00000027278,0.5380180767668142,0.6210047424088442,0.7800872057170525,1.939110024892711,-0.13277130708646073
ENSSSCG00000027287,0.8653595709591433,1.4365507086213172,0.9856094360300023,3.287519715610463,-0.04841048908995857
ENSSSCG00000027293,0.9604333492210917,2.3003377996775427,3.246881055618302,6.507652204516937,-0.14639848521221882
ENSSSCG00000027294,0.8345408353739344,3.444106332214824,3.6029750887411804,7.881622256329939,-0.0006962887114615552
ENSSSCG00000027301,0.08976325986224086,0.6526626890554709,0.7254778227056982,1.4679037716234098,0.0005729554322865893
ENSSSCG00000027312,0.14693385357925529,0.6096912458191615,0.5578656963929928,1.3144907957914094,-0.0974084745881785
ENSSSCG00000027320,0.10884399702268736,0.4577451146418768,0.420667745462081,0.9872568571266451,-0.029099452194807585
ENSSSCG00000027323,0.5351286505741586,1.0218199711099918,1.3353369256213519,2.8922855473055025,-0.00861796961189036
ENSSSCG00000027324,0.21988407626402057,0.3669299377459945,0.4488056542334101,1.035619668243425,-0.037118892563064436
ENSSSCG00000027327,0.20611610942535694,1.2208107268484947,1.1812724838832966,2.6081993201571483,0.0668968159364337
ENSSSCG00000027334,0.4639502689950918,0.8818571489180881,0.7706834981141212,2.116490916027301,0.009139982290664815
ENSSSCG00000027340,0.33786874919332344,0.3760487031595276,0.5883486150786581,1.3022660674315092,-0.2891481275790623
ENSSSCG00000027342,0.42689934699014565,0.5217384882369488,0.8539489423129981,1.8025867775400926,-0.18950906104289217
ENSSSCG00000027348,0.2719954373920747,0.3681979245892984,0.6230813996298714,1.2632747616112445,-0.0591685011579086
ENSSSCG00000027349,0.17839023971631437,1.2936934064170469,1.3691345567517665,2.841218202885128,-0.32297089851410077
ENSSSCG00000027351,0.533469655022494,0.5383307776722137,0.907416851007829,1.9792172837025368,-0.07165458594727643
ENSSSCG00000027358,0.22959202930035041,1.5685240024583755,1.4611254210260882,3.2592414527848144,0.15446056304587152
ENSSSCG00000027374,0.3235681903470691,0.8620832325167699,0.7698047131744811,1.95545613603832,-0.0009775654653896792
ENSSSCG00000027389,0.15572067772168974,0.31369505737704045,0.4626406870109467,0.9320564221096769,-0.21223302379416226
ENSSSCG00000027403,0.5682747841758545,0.6211727573231541,0.8824705130321825,2.0719180545311913,-0.12517710615023148
ENSSSCG00000027405,0.2947911241423534,0.6673860265650878,0.7806067431265553,1.7427838938339966,0.06592667402280152
ENSSSCG00000027410,0.264158466288553,0.4189477007204392,0.44109267268819247,1.1241988396971847,-0.29304096717613404
ENSSSCG00000027415,0.4428928084593239,0.6066694153491129,0.6931421767723976,1.7427044005808345,-0.23344513781496704
ENSSSCG00000027417,0.08772184216398851,0.40040078715534644,0.4840201009606772,0.9721427302800121,-0.13092154712090545
ENSSSCG00000027429,0.7884142299416593,0.33625207817266206,0.6253110909955732,1.7499773991098946,-0.10105234974306772
ENSSSCG00000027443,0.37058738393456153,1.0404787983313344,0.8905546605197278,2.3016208427856237,-0.2512145059033614
ENSSSCG00000027444,0.382531896732723,0.640754702460041,0.5980252919911323,1.6213118911838964,-0.2573838456027075
ENSSSCG00000027447,0.24392520097978007,0.4197899531753681,0.5849415641998944,1.2486567183550425,-0.05322900361145441
ENSSSCG00000027455,0.1772080806289278,0.6600838152003594,0.6392307054329207,1.476522601262208,-0.2983033772320082
ENSSSCG00000027457,0.3056769746528744,0.7030962079059813,0.8319363058585209,1.8407094884173767,-0.17903025126848066
ENSSSCG00000027459,0.3950317211920447,0.5813036605176353,0.478634902765168,1.454970284474848,-0.17514998645735452
ENSSSCG00000027472,0.533656026832418,1.2813534517448961,1.1673268695430976,2.9823363481204117,-0.040631280259184305
ENSSSCG00000027477,0.27299685875068613,0.5165811150492718,0.7331844100965494,1.5227623838965074,-0.2544413634577011
ENSSSCG00000027478,0.4093988194675174,0.33991358731305393,0.6382708247494187,1.38758323152999,-0.11999149557714849
ENSSSCG00000027480,0.6157560480769652,0.6398782417417253,0.4730842119782589,1.7287185017969495,-0.058284757025387844
ENSSSCG00000027487,0.39211156656188856,0.8812946427392291,0.7048133187834265,1.978219528084544,-0.27811389926265206
ENSSSCG00000027503,0.5779823727941867,0.8866698752832766,1.1992762390216702,2.6639284870991338,0.019438412823952755
ENSSSCG00000027505,0.14165669016114601,0.4331064854218848,0.5365793320563279,1.1113425076393586,-0.1971407039155052
ENSSSCG00000027506,0.6390113413563739,0.7407965816024773,0.5819912534095937,1.9617991763684448,-0.2358841190239444
ENSSSCG00000027509,0.12234044727553042,0.665052027493842,0.5791847808922979,1.3665772556616702,-0.03734061459426663
ENSSSCG00000027514,0.2787499682694488,0.3889835117650246,0.20873283469295636,0.8764663147274298,0.034044109015132176
ENSSSCG00000027516,0.5096177667680767,1.2232403157682372,1.0272870573186563,2.7601451398549703,-0.12292862761033228
ENSSSCG00000027525,0.16534005503983196,0.708343983967525,0.7714970308702384,1.6451810698775953,-0.042950391987915414
ENSSSCG00000027529,0.5839801772414596,0.5201894523428041,0.8843999192127032,1.9885695487969668,-0.21959732724688233
ENSSSCG00000027530,0.7154058006498426,0.6114748459462216,0.7447917954290645,2.071672442025129,-0.025713496619065666
ENSSSCG00000027551,0.4311363433825159,0.5644229697593295,0.8619342938591262,1.8574936070009715,-0.14985204940750685
ENSSSCG00000027556,0.2743336998277203,0.7912075444949412,0.892936538392279,1.9584777827149407,-0.030218733690981135
ENSSSCG00000027557,0.5357946883693112,0.4373501567367327,0.5786460386130475,1.5517908837190915,0.0455967216016816
ENSSSCG00000027558,0.08743237751026052,0.36760921631855725,0.4037309035063747,0.8587724973351925,-0.12372496027658218
ENSSSCG00000027571,0.19405707620225873,0.49913645393186656,0.5918870334484586,1.285080563582584,-0.13756282392638955
ENSSSCG00000027573,0.3030105516002128,1.6472451675565127,1.8400202432060875,3.790275962362813,0.19705133259517094
ENSSSCG00000027587,0.6185064645063193,0.7010257866922753,0.823056802458885,2.1425890536574794,-0.3611732835102929
ENSSSCG00000027594,1.017945526836316,0.5009108950674649,0.9136744157025651,2.432530837606346,-0.11886564446068973
ENSSSCG00000027607,0.303506760299683,0.7944704145875332,0.5921272863830696,1.6901044612702858,-0.36029886025326435
ENSSSCG00000027608,1.400234619379952,1.406175796185591,0.4631883449977938,3.269598760563337,-0.22066114676726437
ENSSSCG00000027628,0.27167576812122946,0.38996941727549167,0.6103175415504157,1.271962726947137,0.08286296220823534
ENSSSCG00000027629,0.3299702688137021,0.9042223317967901,0.8053776057260166,2.0395702063365087,-0.020592880471104538
ENSSSCG00000027646,0.4267218987664663,0.47293456498291275,0.5727139818867816,1.4723704456361606,-0.16264821539893723
ENSSSCG00000027652,1.8726171388026653,2.460963089711389,4.164298425044792,8.497878653558846,-0.1992476018236611
ENSSSCG00000027657,0.4178174408966289,0.2895085015970935,0.4343751751666401,1.1417011176603624,-0.2004864384595218
ENSSSCG00000027659,0.639997040760588,1.0084694307054092,1.34506760958442,2.9935340810504174,-0.02384067477460022
ENSSSCG00000027675,0.41493274800650526,0.8490052209138318,1.1226765729320634,2.3866145418524005,-0.27246693303303154
ENSSSCG00000027676,0.5079735011663997,0.8207032048554584,1.0797398857211693,2.4084165917430274,0.08224030083089344
ENSSSCG00000027681,0.5485007532569294,0.642251603001637,0.9629467365876946,2.153699092846261,-0.05567906536420574
ENSSSCG00000027686,0.39063648187635563,0.507945404347222,0.6250691593173684,1.5236510455409462,-0.07453202056516815
ENSSSCG00000027689,0.525271184884182,2.015337159834201,1.654372738115564,4.194981082833947,0.2763810397244587
ENSSSCG00000027700,0.48277556194784826,0.31250314001016893,0.6906514909135255,1.4859301928715427,-0.10018405336207713
ENSSSCG00000027701,0.32880318361064625,0.96874744598951,1.293553757704644,2.5911043873048003,-0.10726648344754151
ENSSSCG00000027711,0.08995749996165314,1.3772366321232918,1.4183750226177911,2.8855691547027362,0.07717570093502205
ENSSSCG00000027718,0.2131118634674572,1.0025251234426789,0.8892933994911444,2.1049303864012803,-0.2008409425463348
ENSSSCG00000027722,0.617492548953384,0.3996384523330028,0.775699871031874,1.7928308723182607,-0.28777324275752353
ENSSSCG00000027738,0.3575913967989382,0.8360853028764647,0.9213907124410233,2.115067412116426,-0.19412665561919046
ENSSSCG00000027741,0.4615836165845694,1.0265470107986938,1.1791592420652584,2.6672898694485214,-0.2939202644132386
ENSSSCG00000027746,0.38990944794908833,1.1314507671237453,1.4711912896353023,2.992551504708136,0.09238458160205201
ENSSSCG00000027765,0.4544197109623118,0.28722956192006244,0.6977269778952163,1.4393762507775905,-0.21434080811314743
ENSSSCG00000027767,0.38490898304905075,1.6821742293797768,1.3791464857915312,3.4462296982203586,-0.2788944308414418
ENSSSCG00000027770,0.1204218998846307,0.3260675284711792,0.3434738618428546,0.7899632901986645,-0.14680802282254737
ENSSSCG00000027774,0.5828530163935643,0.6643368636585801,0.5471788373428724,1.7943687173950171,-0.20383025248462014
ENSSSCG00000027777,0.30722470589500245,0.4321129290827395,0.25492024957688986,0.9942578845546318,-0.35781943183398973
ENSSSCG00000027778,0.4319044952637575,0.46162833060705233,0.3101074789304604,1.2036403048012703,-0.08149226514128596
ENSSSCG00000027790,0.4975051548247949,0.4706866986204948,0.41205735608822835,1.3802492095335182,-0.23755175670756287
ENSSSCG00000027792,0.13956308142915197,1.2643932072492827,1.3389206949583876,2.7428769836368225,-0.015893956522806466
ENSSSCG00000027806,0.23076287814117397,0.26771427902024686,0.38182714464373924,0.8803043018051601,-0.10960785318839776
ENSSSCG00000027840,1.0172496746764306,0.9883129259748921,1.371126626706662,3.3766892273579847,0.1346222210703929
ENSSSCG00000027846,0.8248986485341709,1.0004487512185365,0.3171589717915924,2.1425063715443,-0.06886967721498628
ENSSSCG00000027855,0.2652642239636398,1.1895506873371828,0.9324589750689154,2.387273886369738,-0.252652569447882
ENSSSCG00000027857,0.46449400909221117,0.40906863369056884,0.5546242443050297,1.4281868870878096,-0.17323903374401867
ENSSSCG00000027860,0.23469480998077139,0.5625051644374585,0.6053984129699898,1.4025983873882195,-0.1884732182552602
ENSSSCG00000027865,0.14642548232678804,1.3817912388216045,1.359901094334927,2.8881178154833194,-0.05202897684461088
ENSSSCG00000027869,0.9769515476750616,1.1075790825833385,0.7776173455777204,2.8621479758361206,-0.42164093417179865
ENSSSCG00000027872,0.27216061402257685,0.8794688217259042,0.6396372413215733,1.7912666770700545,-0.31521508403543425
ENSSSCG00000027894,0.7415265931715196,1.6044233427347177,1.1135069745717907,3.4594569104780275,-0.07581933597013867
ENSSSCG00000027898,0.43579513474334197,0.5413959953312707,0.6391927994569234,1.616383929531536,-0.19411994035491115
ENSSSCG00000027902,0.5681022257211026,0.7996452747141921,0.6785968224701244,2.0463443229054192,-0.08149762808711242
ENSSSCG00000027905,1.4192097249783369,1.3529283823600289,1.228813738836936,4.000951846175302,0.01788812428768132
ENSSSCG00000027907,1.9383807534562394,1.4551052453212099,1.1011704634597341,4.494656462237184,0.1050272132004307
ENSSSCG00000027941,0.07493928411937033,0.6053750140661743,0.591319770262337,1.2716340684478817,-0.14171029976841093
ENSSSCG00000027946,0.08701881489724465,0.8483260631702972,0.7931382260577312,1.728483104125273,-0.22733335104937138
ENSSSCG00000027974,0.27359511836858,0.9646486086998802,1.1320565262958777,2.370300253364338,0.052695200898394245
ENSSSCG00000027984,0.42018716686685303,0.39958193587850444,0.7249600679108017,1.5447291706561592,-0.07356882774290752
ENSSSCG00000028004,0.7765463978279755,0.6468018385147556,0.6823063640872381,2.105654600429969,-0.23251788950753577
ENSSSCG00000028005,0.49174183235444724,0.41897751974973063,0.4817618117517846,1.3924811638559624,-0.0008222780148275678
ENSSSCG00000028010,0.4119555545540711,0.5234202853679416,0.4589315771923456,1.3943074171143583,-0.14447862812914994
ENSSSCG00000028018,0.3287176015077022,0.5055098483163913,0.6978959453662152,1.5321233951903088,-0.04491880463574947
ENSSSCG00000028019,0.6977278895598369,1.0539854924301515,0.7828465948887464,2.534559976878735,0.030617874123491748
ENSSSCG00000028020,0.9366802768201384,1.4256828587086632,1.3329788034556522,3.6953419389844537,0.053439862752556196
ENSSSCG00000028025,0.37489984504142115,0.6252939548146977,0.5176047769048894,1.5177985767610083,0.1382095154794117
ENSSSCG00000028033,0.22044171006260135,1.044658744103878,1.099897594971096,2.3649980491375753,-0.21706640710609726
ENSSSCG00000028035,0.8279646852675628,0.9236368998948522,1.440185379800718,3.191786964963133,0.00876729100976661
ENSSSCG00000028047,0.12893739934335516,1.1223411799817122,1.2346196588744065,2.485898238199474,-0.3026284689051983
ENSSSCG00000028054,0.33794429290042943,1.0622614120902865,1.0519764291338516,2.4521821341245675,-0.24371807204511653
ENSSSCG00000028056,0.4487073512249051,0.7002732470416816,0.7458727689003254,1.8948533671669123,0.12036560254605708
ENSSSCG00000028065,0.725833550348199,0.7861601247701037,1.204367191688581,2.7163608668068835,-0.13853868401813066
ENSSSCG00000028066,0.6210134560463664,0.7556922428995825,1.2100005404341543,2.5867062393801032,-0.04066833694935406
ENSSSCG00000028078,0.06043445722554724,0.6389366866184223,0.6269416627090115,1.326312806552981,0.08798942558203178
ENSSSCG00000028080,0.28193200590663337,0.6431564608972525,0.6179294607683272,1.5430179275722131,-0.3450446863002441
ENSSSCG00000028092,0.19356643322861009,0.496026936340735,0.5421350803187877,1.231728449888133,-0.13959263155898455
ENSSSCG00000028097,1.441665575673862,1.4590405679555254,2.6067043407686183,5.507410484398006,-0.12105513072526043
ENSSSCG00000028113,0.1256190373650906,0.923483084584139,0.8986759625402457,1.9477780844894754,0.21592582801811525
ENSSSCG00000028117,0.7735004825208475,0.4765493467062216,0.884467184190959,2.1345170134180282,-0.14497894291978025
ENSSSCG00000028123,0.13907987812743008,1.51147105333895,1.555481695929979,3.2060326273963593,-0.07443807306571483
ENSSSCG00000028132,0.460580535134436,1.2182203359567079,1.1391447385699887,2.8179456096611326,0.2002977892655874
ENSSSCG00000028135,0.7687436872476491,0.44293087002131615,0.9813385368897583,2.193013094158723,0.10010380957569999
ENSSSCG00000028148,0.4781275232732872,0.5600599541459905,0.44635220046616964,1.4845396778854472,-0.3110041545954184
ENSSSCG00000028149,0.41997856707442316,1.1587893945953474,1.325768180983086,2.9045361426528564,-0.10029830851657014
ENSSSCG00000028168,0.780241892899917,0.497553920998555,0.9000473326552375,2.1778431465537094,-0.22771996061648525
ENSSSCG00000028169,0.4372809419308051,0.5659414870390955,0.7823495032303082,1.7855719322002086,-0.16510132209123796
ENSSSCG00000028178,0.6203282456151863,0.860160689882729,1.2219748945471243,2.7024638300450396,0.12646514217013158
ENSSSCG00000028182,0.3876301633742119,0.8838798517604477,0.7667239475895425,2.038233962724202,-0.3383022056177873
ENSSSCG00000028190,0.18453239177261108,0.7049059622730256,0.8036878447250485,1.6931261987706852,-0.2092668939232516
ENSSSCG00000028195,0.2699393183372759,0.8351666194776548,0.855120562517576,1.9602265003325066,-0.1670939258397929
ENSSSCG00000028201,0.8338384599249757,1.1006085047137713,0.8567727666852699,2.791219731324017,-0.17519769480940764
ENSSSCG00000028202,0.3013169369698298,0.3636279805278146,0.5251588292113109,1.1901037467089552,0.09227019246328505
ENSSSCG00000028225,0.3677009484696656,0.6074072899405003,0.866205381189844,1.84131361960001,-0.09112895356052572
ENSSSCG00000028227,1.1037400261471488,0.711003223635263,1.2542047939444882,3.0689480437269,0.19726248769176777
ENSSSCG00000028228,0.11963692822842864,0.6057703829360571,0.6185324218324666,1.3439397329969522,-0.05995112646157595
ENSSSCG00000028249,0.0857672169449579,1.1946539609471898,1.1902375040316266,2.4706586819237746,-0.12330704802488468
ENSSSCG00000028258,0.728718126966108,0.56054708738316,0.26305673734727975,1.5523219516965479,-0.025187661698957316
ENSSSCG00000028266,0.31468964634632185,0.5957470595759427,0.4147356668481052,1.3251723727703697,-0.06805481698195175
ENSSSCG00000028278,0.35179591978034425,0.43145059157108057,0.7711935918850553,1.5544401032364803,-0.18748612325917394
ENSSSCG00000028282,0.6205322692321216,0.9801465540679517,0.9329768155211265,2.5336556388212,-0.2697147844404124
ENSSSCG00000028288,0.5792686171186502,0.7384841436022965,0.8760656225114191,2.1938183832323657,0.019597140787549636
ENSSSCG00000028293,0.1298355685481772,0.4612489706340522,0.4187395536460572,1.0098240928282864,-0.14763687649373558
ENSSSCG00000028295,0.12240373302518205,0.5417521485129715,0.6290447924983287,1.2932006740364823,-0.20222694572038172
ENSSSCG00000028297,0.8428996090407822,0.4242745427273096,0.522134971863306,1.7893091236313978,-0.12974531578698978
ENSSSCG00000028304,0.465388168103164,0.720915067975931,0.4322423906639267,1.6185456267430218,-0.10764417103733431
ENSSSCG00000028310,0.3485631444540048,1.617725645589604,1.3661576673932152,3.332446457436824,-0.3310592678009594
ENSSSCG00000028322,0.4963758488326208,0.960048075706416,0.8557436923622215,2.3121676169012586,0.04081505888903608
ENSSSCG00000028327,1.3509779322098363,1.8451881839735393,2.599249376992667,5.795415493176042,-0.11220075738954369
ENSSSCG00000028331,0.07221186456589664,0.6290621807515321,0.6690261084579566,1.3703001537753854,-0.1509586744399651
ENSSSCG00000028336,0.707181093024882,0.8500191451834147,0.6703359475607,2.2275361857689964,0.01175740268280389
ENSSSCG00000028338,0.12111300022793982,0.7339899803988502,0.7580807276901812,1.613183708316971,-0.2530505554160779
ENSSSCG00000028343,0.13657408291459172,1.3979578931591325,1.3894343699017313,2.9239663459754555,0.08177096015837362
ENSSSCG00000028345,0.4823015188113438,0.13944669378048932,0.5195440257448061,1.1412922383366393,-0.01210314922289049
ENSSSCG00000028355,0.44070544207451345,1.898004215743211,1.857047904616577,4.195757562434301,0.15615742796774312
ENSSSCG00000028387,0.3158070021871233,0.4492129181757258,0.3232861573287429,1.088306077691592,-0.27510796663270876
ENSSSCG00000028397,0.5810091918051739,0.5895447640614271,0.6222148608739279,1.7927688167405287,0.00787425918298789
ENSSSCG00000028406,0.16302720197517467,0.3466868599820805,0.25181970362202216,0.7615337655792773,-0.08043865040403532
ENSSSCG00000028414,0.18629123864105718,1.9106594237506402,1.8818495103006818,3.978800172692379,0.11201612771384165
ENSSSCG00000028420,0.5833884553413178,0.8609183594844569,1.1240391328108037,2.5683459476365784,0.030262174530050742
ENSSSCG00000028423,1.538069898674366,0.9296203834146862,1.676337924250457,4.1440282063395095,-0.1055094953974601
ENSSSCG00000028431,0.5640708522839858,0.4628793119602708,0.7139654200950892,1.740915584339346,-0.0796042529179867
ENSSSCG00000028433,0.24138142868227516,0.7964720569282435,0.824331482814246,1.8621849684247644,-0.10960336445813408
ENSSSCG00000028444,0.3073159013199931,0.6039460453722258,0.4221547584915413,1.3334167051837602,-0.15389038855382628
ENSSSCG00000028454,0.3032175507762545,0.9574040094163145,0.8161204311887894,2.0767419913813585,-0.15659489651677333
ENSSSCG00000028458,0.14972189845222697,1.4895531738850494,1.4064601481965295,3.045735220533806,0.06935367020792961
ENSSSCG00000028464,0.11822560023090065,0.6683621132685912,0.5892309933763166,1.3758187068758083,0.11400717319229842
ENSSSCG00000028466,0.4915801182245022,0.5544718653171665,0.8510360710393206,1.8970880545809894,-0.0725089957880258
ENSSSCG00000028475,0.40542867680156575,0.7265667194737345,0.6142815943974661,1.7462769906727664,-0.04139126059941569
ENSSSCG00000028479,0.7100402317574176,0.640547292927347,0.9147914461754911,2.2653789708602554,0.07348347238379171
ENSSSCG00000028481,0.39934290336487815,0.29374193918445857,0.607737638768844,1.3008224813181808,-0.28071979420023563
ENSSSCG00000028485,0.4937228430307166,1.188634412484558,1.3884382486591629,3.0707955041744377,-0.013302080649851581
ENSSSCG00000028504,0.3246374132907381,0.8246400082629165,0.796101183810705,1.9453786053643596,0.04954088519863108
ENSSSCG00000028506,0.14098831166108178,0.7173418302576795,0.6645542021199586,1.5228843440387199,0.045477463737244025
ENSSSCG00000028509,0.5567308193763543,1.6385464376482957,1.4419634929375789,3.6372407499622286,0.06999324628594593
ENSSSCG00000028512,0.21421181745065987,0.46398364944589104,0.38339656971445096,1.0615920366110019,-0.05409778762970037
ENSSSCG00000028513,0.5693985400758197,0.4423477036207242,0.2701650580101714,1.2819113017067152,-0.17872608117636213
ENSSSCG00000028516,0.5311885390724215,0.6345632394660029,0.5445528697729102,1.7103046483113347,-0.08795887304204988
ENSSSCG00000028523,0.736894076229736,0.677953935669449,0.9448462974555525,2.3596943093547376,-0.11794835111858129
ENSSSCG00000028536,0.1859661334718068,0.5851124742189295,0.4728182264331983,1.2438968341239347,-0.14165558001075934
ENSSSCG00000028538,0.44279709917982524,0.3762316677192966,0.4184168927153401,1.2374456596144618,-0.11448358164362281
ENSSSCG00000028542,0.3301808478989398,0.38780658754526837,0.38137776387519623,1.0993651993194045,-0.16993205935080877
ENSSSCG00000028553,0.31724270613748196,0.8811565106956694,0.7428596652961382,1.9412588821292895,0.053303647160161734
ENSSSCG00000028558,0.7912228873035283,0.5328105458066027,0.8090162094047167,2.1330496425148477,-0.004048270615553555
ENSSSCG00000028561,0.4139098092270741,0.7015982755077281,0.7069280945828612,1.8224361793176636,-0.2530330162130326
ENSSSCG00000028581,0.43184367293414416,0.5314053769283069,0.7166759993798845,1.6799250492423354,-0.25799904982053223
ENSSSCG00000028585,0.6371100859959588,1.678323945702315,1.427631241911174,3.7430652736094476,-0.33598152598537784
ENSSSCG00000028592,0.3675690901296743,0.48061553853819583,0.47733054022120236,1.3255151688890725,0.06681591055107895
ENSSSCG00000028600,1.209280377159014,0.37460353543964475,1.0381930035240683,2.622076916122727,-0.10347651986929543
ENSSSCG00000028602,0.2892239065856789,0.6049172512981695,0.8275954380303054,1.721736595914154,0.06603763849505272
ENSSSCG00000028620,0.9013944200957354,0.40035095936698706,0.6276501968739313,1.929395576336654,-0.3200462894672161
ENSSSCG00000028623,0.8080329902082501,0.8003452878031361,1.141462833069814,2.7498411110812,-0.5088627993699038
ENSSSCG00000028633,1.115839827536549,1.0239995732497358,0.18349593557662738,2.3233353363629123,-0.12252347995149612
ENSSSCG00000028637,0.4892513520560371,0.4920641435278882,0.9221883116730358,1.903503807256961,-0.05202687742848675
ENSSSCG00000028638,1.2346958963468935,0.923047221364493,0.7155202796892547,2.873263397400641,0.027320746585172667
ENSSSCG00000028643,0.4046716123923133,1.1143210216911272,1.2978327510611969,2.8168253851446377,-0.320963234914182
ENSSSCG00000028646,0.703403054608198,0.9279446416381667,0.5133930605939946,2.1447407568403594,-0.044148698361901106
ENSSSCG00000028655,0.2613050183350911,1.4585198198911253,1.3453471557385381,3.0651719939647544,-0.0019277506198981716
ENSSSCG00000028661,0.07367804465123581,0.6989864406184976,0.7681289818787627,1.5407934671484962,-0.05253505007462384
ENSSSCG00000028662,0.7942150284218662,0.7166652486892092,0.9805236899843307,2.491403967095406,-0.2571728965660969
ENSSSCG00000028663,0.5269704965699908,1.5017091130414937,1.6043646550536281,3.6330442646651124,0.004404629382810487
ENSSSCG00000028677,0.24041881890377784,0.5845581671000156,0.6699802784372585,1.494957264441052,-0.3359299743405848
ENSSSCG00000028679,0.31203835079782416,0.7816497364784795,0.8955663145885844,1.989254401864888,-0.11039266116234384
ENSSSCG00000028694,0.8206041923800481,1.007755040162658,0.42655055924196894,2.254909791784675,0.0877005423202554
ENSSSCG00000028695,0.19426272011310425,0.8134269642156482,0.9011170626692575,1.90880674699801,-0.15994263660885152
ENSSSCG00000028698,0.30155192008555076,0.5035874644310264,0.7539012672169758,1.5590406517335529,-0.012532520833847894
ENSSSCG00000028699,0.17874412898176742,0.6026512515448066,0.7128352414941562,1.4942306220207302,-0.12041630741168598
ENSSSCG00000028707,0.7572944299054336,0.5840294770602739,0.5666244822900556,1.907948389255763,-0.1280556988334841
ENSSSCG00000028720,0.2602841300264832,0.42914976072642486,0.4159423031181228,1.105376193871031,-0.14080157119732045
ENSSSCG00000028737,0.4057352758125394,0.8239588237098839,0.6574048016689622,1.8870989011913855,-0.07210210239690062
ENSSSCG00000028748,0.33730876513136715,0.7934405387832649,0.7874270587470003,1.9181763626616324,-0.1800678516672167
ENSSSCG00000028755,0.22359214436154823,0.3570740241559767,0.35863591366100167,0.9393020821785266,0.1415498900263447
ENSSSCG00000028759,0.12134737532633427,0.5707228613833937,0.6724495426649616,1.3645197793746897,-0.3335190071703481
ENSSSCG00000028762,0.19756240851644705,0.5307546188677968,0.576578428915507,1.304895456299751,-0.1848516679393563
ENSSSCG00000028771,0.17791460330469122,0.15233096860192305,0.12807773330097208,0.45832330520758635,-0.03347174235414606
ENSSSCG00000028786,0.14426273576423151,0.9173980226177486,0.9020602581648127,1.9637210165467929,-0.06504344875525143
ENSSSCG00000028794,0.22057151542121425,0.8822924828430398,0.768172056628013,1.871036054892267,0.0524026080306827
ENSSSCG00000028802,0.24988100043516961,1.5535021026504279,1.4873786656669248,3.2907617687525224,0.19444751471382668
ENSSSCG00000028804,0.40768638752540615,0.5721839695055871,0.591173895289139,1.5710442523201322,-0.13528311710339355
ENSSSCG00000028810,0.8793785967670673,2.106200012830238,2.5280337919499423,5.513612401547247,-0.35445760890844563
ENSSSCG00000028821,0.6336538658850207,0.7880603432964471,0.3847617891431784,1.8064759983246463,-0.18321497359998912
ENSSSCG00000028827,0.37265240578647946,0.18550112282236486,0.3573667562324459,0.9155202848412902,-0.008490213364380616
ENSSSCG00000028840,0.8185198918272244,0.35970079479579103,1.133279291864722,2.3114999784877375,-0.11867339048648767
ENSSSCG00000028850,0.36623973664492643,2.1469742287984457,1.9163615220789239,4.429575487522296,0.18078203442224014
ENSSSCG00000028855,0.7137905740712988,0.3709509628274959,0.7901148947325595,1.874856431631354,-0.025423130147396743
ENSSSCG00000028856,0.2839537827934877,0.43913440976710744,0.41140243080359956,1.1344906233641947,0.10125122556627174
ENSSSCG00000028865,0.6359490380971725,1.4898596784288172,1.2958588976159011,3.421667614141891,0.055992234389189766
ENSSSCG00000028867,0.5298289836318828,0.6326724675832707,0.9418358930857949,2.1043373443009483,-0.11094477438995351
ENSSSCG00000028869,0.3093036362056666,0.5249516285890654,0.587862997647914,1.422118262442646,-0.32115704758232444
ENSSSCG00000028875,0.38991150106944655,0.9428145016535744,0.9849336595075457,2.3176596622305667,-0.09858835087490958
ENSSSCG00000028877,0.5574672747325385,0.6856317246790038,0.6354322840191642,1.8785312834307064,-0.06939168621213596
ENSSSCG00000028886,0.8209440810723895,0.2969135250448429,0.7481267081341652,1.8659843142513974,0.021812331692635377
ENSSSCG00000028889,0.2528480413142796,0.42409637623657603,0.5221282202588138,1.1990726378096694,-0.15236316418134316
ENSSSCG00000028892,0.35729105659387855,0.5182210245923454,0.498092161048916,1.37360424223514,-0.06145138224155628
ENSSSCG00000028902,0.5218774947473122,0.7965562140424018,1.0579492562256287,2.3763829650153427,-0.18452863699206695
ENSSSCG00000028905,0.1213220214603094,0.5438607046542726,0.6486969580837476,1.3138796841983296,-0.23796692919121584
ENSSSCG00000028920,0.46979334847009574,0.9176294498138116,0.8049420627382611,2.1923648610221687,0.0512960167405089
ENSSSCG00000028922,0.23922172762791513,0.6354193598705412,0.5905360442258667,1.4651771317243232,-0.10446422026811031
ENSSSCG00000028924,0.620807119185431,0.4721169441485754,0.613665067466887,1.7065891308008934,-0.0502347693121337
ENSSSCG00000028925,0.8114684577809473,1.597113536807502,1.2999800757693312,3.7085620703577806,-0.3840210396176826
ENSSSCG00000028942,0.08637705384835191,0.8021286469530068,0.8090211730656276,1.6975268738669862,-0.30080306723677264
ENSSSCG00000028943,0.0842999675321679,0.6361590153228632,0.610468504474745,1.330927487329776,0.0917232584211984
ENSSSCG00000028944,0.3844761398404588,0.573593670614723,0.6493374661470729,1.6074072766022547,-0.24866647209420484
ENSSSCG00000028947,0.6152912795060667,0.29970114008268445,0.42873707456688975,1.3437294941556408,-0.26157184769655645
ENSSSCG00000028949,0.7558797145794124,0.840804069799893,1.0106056911022434,2.607289475481549,-0.15580681265709062
ENSSSCG00000028964,0.8449888551745206,0.5396497030712618,0.9717190035037097,2.356357561749492,-0.04832944710070422
ENSSSCG00000028969,0.5016423692207762,0.70761251347435,0.8276940987658952,2.0369489814610215,-0.19962404937782047
ENSSSCG00000028973,0.3439420815040079,0.5204505555435741,0.5672689306960239,1.431661567743606,-0.05421401035147595
ENSSSCG00000028974,0.563330249832492,0.2927466199648813,0.702564863335877,1.5586417331332503,-0.15675944568563857
ENSSSCG00000028976,0.2276113780257802,0.8908759050913458,1.0315560176143967,2.1500433007315225,-0.2821817005246762
ENSSSCG00000028979,0.5123830441567766,0.8537065225888446,0.9710908383474339,2.337180405093055,-0.22311306345174858
ENSSSCG00000028981,0.7828977948512065,2.2109742599318585,2.470604437752635,5.4644764925357,-0.2285960904914181
ENSSSCG00000028983,0.1452293010350596,0.4287852504873678,0.2951975058138328,0.8692120573362603,-0.12358801697818969
ENSSSCG00000028995,0.43202019768428884,0.9781745960287592,0.8092090619442559,2.219403855657304,-0.3739222355367723
ENSSSCG00000028997,0.20751240312163874,0.632009619883481,0.606181519861489,1.445703542866609,-0.2625686978303232
ENSSSCG00000029002,0.5559469673903056,0.8097925525695344,0.48600027680962754,1.8517397967694675,0.055979563266097626
ENSSSCG00000029003,0.254967424308505,1.1164914026406796,1.2233861834145345,2.594845010363719,0.17338732449007369
ENSSSCG00000029005,0.5401710622741612,0.5147936155793044,0.7978922925125815,1.8528569703660471,-0.10180707277293354
ENSSSCG00000029029,0.12036643120439022,0.6061404727074794,0.5591756542288804,1.28568255814075,-0.15940043086070138
ENSSSCG00000029030,0.39605477283099544,0.6150228319964886,0.49146205786341235,1.5025396626908962,-0.15149991574003185
ENSSSCG00000029034,0.28198304287022763,2.279590935033247,2.0921701379813777,4.6537441158848525,0.154768461874567
ENSSSCG00000029035,0.5903982795693198,1.033131589595042,0.762865291195966,2.386395160360328,-0.15487864836921275
ENSSSCG00000029039,0.6072339473374936,1.2280311653150968,1.2457345937976274,3.0809997064502177,-0.31407607132818516
ENSSSCG00000029059,0.38087984558732146,1.2382556616921614,1.3076263006216862,2.926761807901169,-0.015145444142212769
ENSSSCG00000029066,0.7847423891046331,0.9912833243858004,0.8773516389887341,2.6533773524791675,0.09376079876261612
ENSSSCG00000029070,0.17396510459682193,0.38902927983855223,0.48218692926103013,1.0451813136964043,0.19541009127193873
ENSSSCG00000029073,0.11181158708787317,1.279369322952992,1.198181443990224,2.5893623540310893,-0.273895853082202
ENSSSCG00000029077,0.23820514262774684,0.6284298275385474,0.5296038200467397,1.396238790213034,-0.45958973206827436
ENSSSCG00000029082,0.5930629814931054,0.4369860800142667,0.4365973570435472,1.4666464185509192,-0.29530607046561663
ENSSSCG00000029094,0.5947698303866631,0.6555322138834573,0.3397050190987772,1.5900070633688976,-0.17972872050713853
ENSSSCG00000029097,0.47933598947801664,0.29067879641192534,0.46160060704359107,1.231615392933533,-0.011045992429658483
ENSSSCG00000029102,0.4589064088799386,0.18544431797551994,0.47909881723545616,1.1234495440909147,-0.09943654254416306
ENSSSCG00000029113,0.6182710319206234,0.9089396437911155,1.3714964728902859,2.898707148602025,-0.1855381435761527
ENSSSCG00000029119,0.2196526039164891,0.7749827867262348,0.6416095822670722,1.636244972909796,-0.08687184062544015
ENSSSCG00000029125,0.5405642469241015,0.22563282012505695,0.45719004675601643,1.2233871138051748,-0.11711157883766676
ENSSSCG00000029129,0.42051658523155144,0.8903329315138347,0.5241558607258221,1.8350053774712083,-0.2722357061744809
ENSSSCG00000029145,0.15025777048424618,0.4676333082535518,0.5064240566477709,1.124315135385569,0.08201926926644527
ENSSSCG00000029154,0.47218261526708044,0.5127796332380995,0.2856065738941855,1.2705688223993654,0.07624022007481948
ENSSSCG00000029160,0.31310764690246995,1.074222269413842,1.1607683780182927,2.5480982943346047,0.1259206489261057
ENSSSCG00000029163,0.1719158880235481,1.291908038960438,1.280661942797214,2.7444858697812,0.09173026017448913
ENSSSCG00000029165,0.09103570383239756,1.6589562323381701,1.582950758354777,3.332942694525345,-0.24683905003574594
ENSSSCG00000029168,0.5881987475691535,0.4805037956253634,0.41701016784396944,1.4857127110384865,-0.23317336184331522
ENSSSCG00000029169,0.7550319027131257,0.7987799700784364,0.7366017838190563,2.2904136566106184,-0.16424754395931135
ENSSSCG00000029170,0.5352832232947884,0.3106245762742451,0.5098060452622252,1.3557138448312587,-0.011313319971760646
ENSSSCG00000029174,0.13874862258187914,0.8431138884613274,0.8269843942111728,1.8088469052543794,-0.18247985246913145
ENSSSCG00000029179,0.28657233017122324,1.2628040160748941,1.040625922503782,2.5900022687498994,0.03662686218922222
ENSSSCG00000029183,0.8451583641633895,0.6246191211272064,1.1371157374058587,2.6068932226964545,-0.008355215221299627
ENSSSCG00000029186,0.13053830660088006,0.5149360670572812,0.5927413736951445,1.2382157473533058,-0.1718330454375024
ENSSSCG00000029196,0.5342943078101584,0.954067035286084,0.657742848635754,2.1461041917319963,-0.20039296079650323
ENSSSCG00000029198,0.5348653042508554,0.34877312900031937,0.5378678315077594,1.4215062647589343,-0.05854490517033935
ENSSSCG00000029199,0.14385328639227243,0.9049197791254511,1.0113694231755044,2.060142488693228,-0.3689126120525521
ENSSSCG00000029201,0.21900132434695957,0.5327204265093431,0.7082712343076547,1.4599929851639575,-0.23071315333672096
ENSSSCG00000029203,0.8054977983855657,1.2895045513322634,1.4403847376511552,3.535387087368984,-0.06697731745461354
ENSSSCG00000029226,0.5121990897625618,1.4214934401442156,1.3023326308152405,3.2360251607220176,0.06737019649309062
ENSSSCG00000029249,0.39146527922368196,0.8731753148628858,1.1697368808127102,2.4343774748992777,-0.24044035173919312
ENSSSCG00000029251,0.63453927505528,0.6681812986672067,1.1112001139030474,2.4139206876255344,-0.11592043341167169
ENSSSCG00000029256,0.44646766849636027,0.3210397635090724,0.6342134195576953,1.401720851563128,0.27860790772416205
ENSSSCG00000029257,0.309701659601545,0.6687678003686893,0.7442892598181544,1.7227587197883887,-0.16852872210938122
ENSSSCG00000029260,0.25484734698520717,0.34439348196606634,0.5303687854499475,1.1296096144012209,-0.13091484875578074
ENSSSCG00000029261,1.0523154254638776,0.4663414842836184,0.739721492802941,2.258378402550437,-0.22685969037920464
ENSSSCG00000029262,0.6317321916391756,0.39308137328278586,0.9996817069265601,2.0244952718485214,-0.1851228561968535
ENSSSCG00000029268,0.6296872690885571,0.4275911755129058,0.8826308780817019,1.9399093226831647,-0.173125862754293
ENSSSCG00000029281,0.1899317262468015,0.7175229618419937,0.6798311250882347,1.58728581317703,-0.25383996460159364
ENSSSCG00000029285,0.16403715266452062,0.6629106188211747,0.4997266786531892,1.3266744501388845,-0.11395786334577485
ENSSSCG00000029304,0.4669538495499811,0.6306541722962059,0.39072263829025217,1.4883306601364392,-0.08596043452213811
ENSSSCG00000029311,0.18729649302223456,0.5023780364107693,0.5884282092895842,1.278102738722588,-0.12093074056137135
ENSSSCG00000029313,0.47988373043224797,0.31921407273652364,0.5873067539384678,1.3864045571072394,-0.02648244434684393
ENSSSCG00000029326,0.3926953271548293,1.0441960411988214,0.8176965261881552,2.254587894541806,-0.0845159319469775
ENSSSCG00000029331,0.10820109997213685,0.5572773987498232,0.541112301933827,1.206590800655787,-0.057431358182085473
ENSSSCG00000029343,0.8782676543188264,1.001137904226444,0.4821945784735606,2.361600137018831,-0.07814519003117185
ENSSSCG00000029348,0.4621778433137177,0.30556344811248487,0.2577820707320805,1.025523362158283,-0.12616486307243044
ENSSSCG00000029352,0.3464377172529482,0.7299318950141125,0.672883252968698,1.7492528652357588,0.014506303505362741
ENSSSCG00000029365,0.1091515539648186,0.6573343376730603,0.7067089852463034,1.4731948768841823,-0.1938266745697649
ENSSSCG00000029371,0.4144672358845573,0.6339226475288203,0.8529739809921995,1.901363864405577,-0.34471365900773526
ENSSSCG00000029380,0.45051714889118727,0.953928266271769,1.2581598622674184,2.662605277430375,0.09821935067979154
ENSSSCG00000029385,0.8403986254144422,0.8219392814607205,0.5753000684668353,2.237637975341998,0.05657099810807263
ENSSSCG00000029393,0.5960570810455726,0.4115870404541033,0.34539833728620134,1.3530424587858774,-0.19717022509565393
ENSSSCG00000029403,0.38094083390028266,1.6755142639821357,1.3465075905680506,3.4029626884504687,-0.044660539942549496
ENSSSCG00000029408,1.0752185126500065,0.377474197935381,0.9280301484542869,2.3807228590396745,-0.11606955583320665
ENSSSCG00000029413,0.0642479689559788,0.7873267698925164,0.7461766077346347,1.59775134658313,-0.2167484479182488
ENSSSCG00000029420,0.2312374898661516,1.0910139511856216,1.0820373028332568,2.40428874388503,-0.1691361900680357
ENSSSCG00000029425,0.8739573274921703,1.330592698867362,0.8868618733662889,3.091411899725821,0.11778749674723693
ENSSSCG00000029438,0.12581120612976246,0.5652770421540074,0.4734497891685595,1.1645380374523295,-0.025889201311858786
ENSSSCG00000029443,1.2177685518009993,0.3968668768883,1.4190319843198869,3.0336674130091863,-0.05786276150403627
ENSSSCG00000029464,1.0460598387584645,0.7923187959282828,0.44810393931109876,2.286482573997846,-0.29458526665888485
ENSSSCG00000029474,0.3205174572449757,0.23968341131301715,0.4008557756316021,0.9610566441895949,-0.42630728014874913
ENSSSCG00000029478,1.4646877966725351,1.1832626996626632,1.7079756813221185,4.355926177657317,-0.2382168899282306
ENSSSCG00000029485,0.8070696673951713,0.5565792531406669,0.3889607946697344,1.7526097152055726,-0.10202571052932995
ENSSSCG00000029502,0.9722759217524908,0.9943113226535866,0.820349271703358,2.786936516109435,-0.16239829423023094
ENSSSCG00000029507,0.474836665081958,0.4948663672683316,0.7357778538024069,1.7054808861526964,-0.28487689766421737
ENSSSCG00000029509,0.4241796004508598,0.45567082324480623,0.6883024126299345,1.5681528363256005,-0.025318750635664713
ENSSSCG00000029518,1.1422436498365607,0.7409176787107674,1.1901698847199365,3.0733312132672648,-0.1978851840478666
ENSSSCG00000029538,0.3027203246390843,0.8000724682130024,1.0428847987188754,2.145677591570962,-0.25535756886225397
ENSSSCG00000029539,0.545533327839155,0.5677196101078329,0.32886395279643,1.4421168907434176,-0.12634676654615232
ENSSSCG00000029544,0.6682526925382705,1.0174358133538939,0.933098848648368,2.6187873545405322,-0.2125270248346698
ENSSSCG00000029547,0.31447309280394153,0.4413648663416772,0.5887150861597448,1.3445530453053636,-0.2149564072316863
ENSSSCG00000029569,0.3766740049416729,1.1750906297321893,0.8497004885526848,2.401465123226547,-0.3657978572139463
ENSSSCG00000029571,0.18019355661190195,1.097879590738933,1.0207963445984582,2.298869491949293,-0.12051221742383786
ENSSSCG00000029573,0.5559777397635863,1.0204289523679957,1.2536113284606778,2.83001802059226,-0.005710150289397227
ENSSSCG00000029576,0.45748375741864344,0.8411762508251902,0.7901529404688887,2.0888129487127225,-0.17953442520711302
ENSSSCG00000029578,0.23297849874637597,1.1039476794935061,0.9340927388407557,2.271018917080638,-0.03905140508432799
ENSSSCG00000029593,0.3107050293981702,2.717392225163507,2.934802378296051,5.962899632857728,-0.27378073139092285
ENSSSCG00000029594,0.5261219131187844,0.6027201472068804,0.44128061861248064,1.5701226789381455,-0.03671038798474548
ENSSSCG00000029600,0.2843775666528068,0.3253417608205182,0.4814327293532489,1.0911520568265738,-0.11046964952411721
ENSSSCG00000029602,0.17207859389291347,1.3642109565343439,1.2258932324759966,2.762182782903254,0.0028344465179119026
ENSSSCG00000029608,0.09151863182072871,0.975505097338033,0.8899767174712474,1.957000446630009,-0.13439952426375446
ENSSSCG00000029615,0.3782502478730122,0.8546139558246015,0.6687937775537608,1.9016579812513745,-0.2252069294500253
ENSSSCG00000029621,0.2453407719561838,0.889220022244885,0.9394276587969633,2.0739884529980324,-0.336778010062025
ENSSSCG00000029624,0.6778949394391895,1.5424775441555512,1.8077001678364293,4.02807265143117,0.01588369323684648
ENSSSCG00000029627,0.09913469604736892,0.4892714330707955,0.5147131246769043,1.103119253795069,-0.03348291090997974
ENSSSCG00000029633,0.5984355524236579,0.3447065908335146,0.7468013435973506,1.6899434868545231,-0.14689150231244388
ENSSSCG00000029637,0.46381454075754547,0.5028747349675307,0.39314658105086814,1.3598358567759443,-0.13198925986682467
ENSSSCG00000029649,0.659078791407114,0.3446625595171162,0.6426687100821432,1.6464100610063737,-0.1177491351824128
ENSSSCG00000029652,1.1421227965619183,0.9195109024597942,1.1197631259749803,3.1813968249966926,0.07014088927265077
ENSSSCG00000029662,0.3972695438720681,1.5312226952572565,1.3763464952998878,3.3048387344292127,0.0005541374658529358
ENSSSCG00000029697,0.11112818592256897,0.22514125545797276,0.32319469756018593,0.6594641389407276,-0.12863501575387792
ENSSSCG00000029698,1.2328689675999158,0.3101573580690044,1.0913066395997875,2.6343329652687077,-0.19141936332988765
ENSSSCG00000029708,0.8518601061743318,0.7575551056275645,0.4692022494869485,2.078617461288845,-0.13972433453970978
ENSSSCG00000029709,1.0853057963284138,0.6912482299710141,1.2183168455369644,2.994870871836392,-0.20280423901196099
ENSSSCG00000029711,0.41188019812550697,0.5088454349023555,0.5193881423687363,1.4401137753965987,-0.16408362156566383
ENSSSCG00000029724,0.7234490185124005,1.6811771586624307,1.4428732935442854,3.8474994707191166,0.18346346348542059
ENSSSCG00000029745,0.06799216041501725,1.1169468529510465,1.1118005315887831,2.296739544954847,-0.3229811304212833
ENSSSCG00000029756,0.21081559042886522,0.47684317481900285,0.6325168259557722,1.3201755912036401,-0.03303773409184831
ENSSSCG00000029760,0.9550641925370732,0.797640370460862,0.8171113590019782,2.5698159219999135,-0.24083398651127727
ENSSSCG00000029774,0.4397406795423717,0.35022217079638124,0.7349456439510761,1.524908494289829,-0.12165736548374702
ENSSSCG00000029776,0.1347495662554646,0.5448763310971664,0.5794223099356351,1.259048207288266,0.08400739608502726
ENSSSCG00000029785,0.33136269829639403,1.4646426832895059,1.4931928311121194,3.289198212698019,0.19276249432886364
ENSSSCG00000029790,0.9559757980602488,2.0600076334868764,1.7512888486358327,4.767272280182958,0.03604625215579057
ENSSSCG00000029799,0.08526263138290016,0.3006443766328969,0.3272873548478665,0.7131943628636634,0.14461644191326814
ENSSSCG00000029803,0.44724233672770103,0.5620040638072398,0.39269044195291475,1.4019368424878556,-0.08803860298237227
ENSSSCG00000029805,0.10984507775337839,0.18638742305010222,0.1668790731857863,0.46311157398926694,-0.15220874167599133
ENSSSCG00000029808,0.4918757930649447,0.5098729171160575,0.7124156303381032,1.7141643405191056,0.08251653523158242
ENSSSCG00000029811,0.1846299011998004,0.35555634718479084,0.35961348951172223,0.8997997378963135,-0.09087718047967708
ENSSSCG00000029813,0.17193267047799726,0.4901486416348856,0.5880214203387911,1.250102732451674,-0.07835591195635329
ENSSSCG00000029815,0.3119347795128902,0.9621799843209317,1.1221620546868438,2.3962768185206658,-0.2285216907434798
ENSSSCG00000029830,0.5019746361582437,1.229370944309528,1.0535904423201854,2.7849360227879574,0.1953031646848192
ENSSSCG00000029855,0.2953296472524367,0.5579426668223317,0.5666838292380607,1.4199561433128292,-0.12288242684664674
ENSSSCG00000029857,0.9663248534785613,0.7589694652729582,1.110630746777933,2.8359250655294526,0.0859423626364234
ENSSSCG00000029860,0.34055798307745294,0.5913684813761614,0.7491903132238896,1.681116777677504,-0.1902839926303206
ENSSSCG00000029865,0.3285820628858132,0.8323782624221793,1.0625621868647424,2.223522512172735,-0.32641315196528914
ENSSSCG00000029866,0.28594100482690243,0.5550614910399324,0.6432756724149528,1.4842781682817876,-0.22426717602933097
ENSSSCG00000029874,0.4418857604769784,0.7254670215695543,0.6153625683260524,1.7827153503725852,-0.0013970168361691696
ENSSSCG00000029875,0.2900578427613349,0.3098454021567511,0.1799939501199041,0.77989719503799,-0.0733444228753268
ENSSSCG00000029877,0.4929691246984418,0.5254993619291505,0.3899564346613015,1.4084249212888937,-0.15625599560964037
ENSSSCG00000029879,0.16855685103937826,0.6080432631889314,0.6071109797947283,1.383711094023038,-0.057521452029909964
ENSSSCG00000029886,0.4601355607051682,0.5543156691978947,0.8325614076620316,1.8470126375650944,-0.1463009371234402
ENSSSCG00000029902,0.10833049949576272,0.056907497013955574,0.1352710199697998,0.3005090164795181,-0.12393593008966516
ENSSSCG00000029918,0.7355852471265352,0.6955075523178237,0.44169295538082587,1.8727857548251845,0.03744174629729272
ENSSSCG00000029920,0.1890294008530065,0.7104242754359084,0.698851899701665,1.59830557599058,-0.0034469940517947726
ENSSSCG00000029943,0.2365403820924434,0.5682827467075631,0.4513306179415823,1.2561537467415889,-0.330367472565359
ENSSSCG00000029954,1.612197621486629,1.1413592251476177,1.426923269229298,4.180480115863545,0.07655400412412086
ENSSSCG00000029967,0.30774894990838814,0.17198637263187286,0.35596739027305835,0.8357027128133193,-0.20485964380558191
ENSSSCG00000029985,0.2535995885464928,0.3616551367371682,0.18008679992416632,0.7953415252078273,-0.18091418073010126
ENSSSCG00000029989,0.8809303081004674,0.6753046405944483,0.2955957359092951,1.8518306846042107,-0.2659721430350653
ENSSSCG00000029991,1.4431697990104975,0.6826902439837952,1.4435670894886385,3.5694271324829314,-0.08424664961641344
ENSSSCG00000029998,0.7738171820675691,1.9002278423383756,2.3905605504229257,5.064605574828871,-0.2562102154936361
ENSSSCG00000030002,0.5827046881485243,0.5999623563029202,0.6883090123528155,1.87097605680426,0.1165393305602916
ENSSSCG00000030005,0.7297621753576169,0.7495228095942553,1.0671165227370878,2.54640150768896,-0.06936864197056149
ENSSSCG00000030013,0.3320741491247128,1.0099979082099466,0.9401574492123723,2.282229506547032,-0.14457387370374422
ENSSSCG00000030015,0.7075174931097716,0.6958008706850332,1.1022782871476926,2.5055966509424974,-0.1848734915631536
ENSSSCG00000030018,0.6394360787441291,0.7869650482619722,1.290989218219201,2.7173903452253025,-0.10436251686752926
ENSSSCG00000030026,0.17085866995327068,0.7138141421971569,0.6920513491567105,1.576724161307138,-0.26903919317555836
ENSSSCG00000030030,0.10300884445903255,0.7452792652729467,0.69156556116189,1.5398536708938693,-0.2226231244187409
ENSSSCG00000030042,0.1639432275000763,0.39293699530758086,0.31895760069195206,0.8758378234996091,-0.12019709702193164
ENSSSCG00000030044,0.3648847754907366,0.8119656650112841,0.92924634612117,2.1060967866231906,0.02950178539144226
ENSSSCG00000030045,0.19061921778496985,1.4401665176375393,1.3194803964752229,2.950266131897732,0.06817733885614054
ENSSSCG00000030049,0.35809489294484714,0.9873297292420664,1.2543581160767352,2.5997827382636487,-0.07394062577571174
ENSSSCG00000030053,0.4344867292825433,0.4645055713834185,0.6019885196578573,1.500980820323819,-0.0460617928445093
ENSSSCG00000030067,0.4757048075352451,0.5130544424159983,0.7449523741253449,1.7337116240765882,-0.10039939021252549
ENSSSCG00000030089,0.7733233952151615,0.703525461335966,1.163528123907556,2.6403769804586834,-0.08563169565200025
ENSSSCG00000030108,0.6377965109382697,0.6232441881694695,0.32200008154006515,1.5830407806478044,-0.3159360710926669
ENSSSCG00000030112,0.7562419500618487,1.079134270820273,1.1497903219485988,2.9851665428307204,-0.47744182773957916
ENSSSCG00000030113,0.47889100529891376,0.5986811928865955,0.7958003229008772,1.8733725210863865,-0.31071687050810815
ENSSSCG00000030118,0.11999078406174825,0.7643844208703175,0.6851702383738867,1.5695454433059526,-0.4419852448216479
ENSSSCG00000030119,0.24103573517464755,1.0873930139179808,0.9903521858235542,2.3187809349161825,-0.14745460360125867
ENSSSCG00000030122,0.50063399947089,0.8771527672850871,0.9988464355995469,2.376633202355524,-0.20587325378360424
ENSSSCG00000030123,0.3388244089500893,0.9989408902877959,1.033882445814028,2.3716477450519133,-0.1425328460845404
ENSSSCG00000030125,0.6685435360287533,1.319032130191794,1.5668928403424636,3.554468506563011,0.11390108796965306
ENSSSCG00000030130,0.6098185566500385,1.0315554876690642,0.7934794262886031,2.434853470607706,-0.14862391156202395
ENSSSCG00000030147,0.5563690279481267,0.6051119566858165,0.21989636994160125,1.3813773545755446,-0.007481585035888876
ENSSSCG00000030149,0.35043578005640813,1.4064507511034554,1.3733723608079778,3.1302588919678414,0.02506796489662097
ENSSSCG00000030150,0.5566911235046412,0.48357748950023005,0.6227736921962577,1.663042305201129,-0.07915364173678255
ENSSSCG00000030154,0.4188494723918756,0.48232913238272823,0.35279769353637636,1.2539762983109801,-0.046680358999345785
ENSSSCG00000030155,0.31259674058095277,0.657048010133698,0.6730851507756299,1.6427299014902808,-0.09244580449227154
ENSSSCG00000030167,0.25569101458930593,0.5355672206302103,0.38977205598183007,1.1810302912013464,0.09963642028820657
ENSSSCG00000030168,0.15795999498632612,0.6433254918326603,0.7115141672446678,1.5127996540636541,-0.05456848396231594
ENSSSCG00000030174,0.2758435297896555,0.3484749575563497,0.47343360018232217,1.0977520875283275,0.16555073757488004
ENSSSCG00000030177,0.32596039208590544,1.0027609859554325,0.9750823199916996,2.303803698033038,0.07403237001311921
ENSSSCG00000030183,1.055945540648782,0.6552111441269725,0.6182649343926525,2.329421619168407,-0.10335700865588524
ENSSSCG00000030186,0.780596776224905,0.5318920779973578,0.6636927591868058,1.9761816134090686,-0.09985591687629211
ENSSSCG00000030197,0.26616044788765225,0.8280433669420942,0.6991713596027838,1.7933751744325304,-0.15428753017168353
ENSSSCG00000030204,0.3713466112448128,0.5630481718680616,0.4515060912979723,1.3859008744108465,-0.03888051143264595
ENSSSCG00000030211,0.7895460320831805,0.8371380861032245,0.9436191922590415,2.5703033104454467,-0.1936910994618912
ENSSSCG00000030217,0.4664690992409411,0.42820617809216377,0.5914649004881635,1.4861401778212682,-0.3924808628750679
ENSSSCG00000030222,0.7440604757408331,0.6548042992196202,0.3210802116498977,1.719944986610351,-0.20821665082684546
ENSSSCG00000030225,0.6976904637919573,1.1261441324698842,0.9689175332626491,2.7927521295244904,0.09817025807324303
ENSSSCG00000030228,0.10252986975749676,0.3879699872740645,0.44935810967078027,0.9398579667023416,-0.17722412153524414
ENSSSCG00000030253,0.6619782738161957,0.8514208379754665,0.9607817289456494,2.474180840737312,-0.0928296932730698
ENSSSCG00000030255,0.5838887033289653,1.28600311864249,1.4930085957695303,3.3629004177409856,0.08116615387841968
ENSSSCG00000030260,0.6764233441638778,0.8072995903502138,0.672946690546142,2.1566696250602337,-0.23018545694005613
ENSSSCG00000030262,0.2875205727919101,1.2068583408320088,1.15409640204202,2.648475315665939,-0.14532304990449613
ENSSSCG00000030268,0.1285663690704106,0.8695152394629485,0.9343748720296471,1.9324564805630062,-0.2165418414349583
ENSSSCG00000030274,0.23801560863741947,0.8837507399410692,0.9381106833652776,2.0598770319437665,-0.2666850168331769
ENSSSCG00000030278,1.1670420774554358,0.46460130603168837,1.3927598533824355,3.02440323686956,-0.28413268975642403
ENSSSCG00000030283,0.255691827636468,1.2576954165184955,1.0721499269574177,2.5855371711123816,-0.06650588106027805
ENSSSCG00000030284,0.9194486607944128,0.9650091876326561,0.8215765782536628,2.7060344266807315,-0.07676342928655527
ENSSSCG00000030289,0.7428604333170437,0.5598180212703471,1.196502771566253,2.4991812261536435,-0.011421585220209706
ENSSSCG00000030291,0.7597683843292767,0.3821545578200178,0.9086743054296814,2.0505972475789758,-0.17412302322789164
ENSSSCG00000030294,0.39660153728169206,0.5731081827929005,0.6355586343878438,1.6052683544624364,-0.4650465520546862
ENSSSCG00000030295,0.44383598715375117,1.0978598775330368,1.29290547864049,2.834601343327278,0.12928055352884005
ENSSSCG00000030300,0.828720415447345,1.714951370755664,1.3869371446089764,3.9306089308119856,-0.20304616034820075
ENSSSCG00000030318,0.5136528513354586,1.0543570649646488,0.8218308853697941,2.3898408016699015,0.044940592010490055
ENSSSCG00000030326,0.3583190691398211,0.3182122435301771,0.2659063271604198,0.942437639830418,-0.28266799774099505
ENSSSCG00000030328,0.3587630238668851,1.0983827262851997,1.2432855071400615,2.7004312572921463,0.16887665876401317
ENSSSCG00000030335,0.3729985832674255,0.3295291438946629,0.35783178437198804,1.0603595115340765,-0.2329562629240939
ENSSSCG00000030343,0.5538891569332467,0.3644515415173354,0.621441717845986,1.539782416296568,-0.09294440267944937
ENSSSCG00000030359,0.1902021739608198,0.23700048694418688,0.3758197986343032,0.8030224595393098,-0.14546201625903507
ENSSSCG00000030362,0.12994155559073786,0.9335314321123904,0.9097322354398698,1.9732052231429982,-0.2722806831094829
ENSSSCG00000030369,0.5272681124795985,0.3731432560221325,0.3617788742195238,1.2621902427212548,0.04725737262355435
ENSSSCG00000030373,0.43921889402595365,0.608651078306376,0.5664589739803901,1.6143289463127197,-0.19545923829237286
ENSSSCG00000030386,0.3056728369777925,0.4209178869897817,0.4768546768643171,1.2034454008318913,-0.09031227384654594
ENSSSCG00000030396,0.1319210951430373,0.24164579413324852,0.18869623876253314,0.562263128038819,-0.1125380828551065
ENSSSCG00000030408,0.17588528635370376,0.5358351146324147,0.5822861570515375,1.294006558037656,-0.19408233553867404
ENSSSCG00000030413,0.38172465450750975,0.6904880157429762,0.467202659667016,1.539415329917502,-0.29342895827150667
ENSSSCG00000030420,0.6432497326525154,0.5241809257014691,0.7689328391952776,1.9363634975492623,0.0552983787914557
ENSSSCG00000030421,0.4488348403494555,0.7866848117673487,0.5684902324605775,1.8040098845773818,-0.09386292172057786
ENSSSCG00000030423,1.366926938421316,1.2202100176348187,0.8083332931499947,3.3954702492061295,-0.2255611469563414
ENSSSCG00000030424,0.45893916976050103,0.49543250519365506,0.911165202328043,1.865536877282199,-0.23573674007411036
ENSSSCG00000030426,0.4618618540737869,1.5595665113903636,1.609105307154787,3.6305336726189377,-0.08187183880419688
ENSSSCG00000030428,0.6974496268787835,1.0108903170213945,0.995289148566544,2.703629092466722,0.0980899288921943
ENSSSCG00000030435,0.4655708845077652,0.4107226557288407,0.5516717725595895,1.4279653127961955,0.01728108937379266
ENSSSCG00000030438,1.163045538871028,1.3445713616438535,0.8339547804170158,3.341571680931897,-0.12047044007057761
ENSSSCG00000030443,0.8538681194612497,0.841313071447159,0.3239492251365482,2.0191304160449572,-0.14437537459346178
ENSSSCG00000030467,0.3139103896736737,0.7701231567374821,0.8659781041071243,1.95001165051828,-0.2277486156561304
ENSSSCG00000030469,0.7942416567381988,0.6000073349326265,0.3788205613649079,1.773069553035733,-0.08965359969129767
ENSSSCG00000030478,0.41330396304137906,1.3729143816867628,1.2033687550490249,2.9895870997771667,0.1082544181064628
ENSSSCG00000030480,1.2597542860050337,1.4367336296523743,2.4842162915705073,5.180704207227915,-0.21766135822046132
ENSSSCG00000030484,0.4763772039785066,0.7803252944311035,1.05210668624847,2.30880918465808,-0.24884169563164807
ENSSSCG00000030486,0.6492034465581045,0.6636483240398976,0.6750300327574272,1.9878818033554293,-0.05801443065445009
ENSSSCG00000030487,0.8079621081349352,0.9886250122807225,0.6955640102882708,2.4921511307039284,-0.16076736766804484
ENSSSCG00000030493,0.3650313429350651,0.6963593737561978,0.505370391916789,1.566761108608052,-0.25075653367738626
ENSSSCG00000030497,0.4686959183562269,0.8126793691565026,0.4171969242577473,1.698572211770477,-0.08421892625367898
ENSSSCG00000030502,0.45030066915406314,1.1798413141770796,1.2405380557376497,2.8706800390687928,-0.23267037831113316
ENSSSCG00000030507,0.3876039920698059,0.3072128399187713,0.5949046648621089,1.289721496850686,-0.16175535114837591
ENSSSCG00000030510,1.1647449210447607,0.6208687290599615,1.3022558748069055,3.0878695249116275,0.06827411968639567
ENSSSCG00000030528,0.6218683382038955,0.48224785635329015,0.7276532586783779,1.8317694532355637,-0.07746394863787037
ENSSSCG00000030535,0.5904710297098954,0.4694787789786699,0.8170852142529241,1.8770350229414894,-0.3889078082006548
ENSSSCG00000030546,0.10210380341295187,2.4467260982258665,2.4763994937764013,5.02522939541522,0.14835134745569897
ENSSSCG00000030547,0.9557512822354154,0.2669274311629404,0.8011677383009427,2.023846451699298,-0.03243322571813582
ENSSSCG00000030548,0.2960043080966075,1.1624044730004695,1.13794944428082,2.596358225377897,-0.17524251840504157
ENSSSCG00000030560,0.20816275940340592,0.30267409270859336,0.28022547138814424,0.7910623235001435,-0.2152438016446724
ENSSSCG00000030565,0.2591965229511816,0.5798875449763773,0.6043404659639189,1.4434245338914777,-0.2585222695950327
ENSSSCG00000030567,0.6676292668402661,1.3226104872048525,1.577973834030421,3.5682135880755395,0.17948139912477284
ENSSSCG00000030577,0.30850415854850854,1.4405749367939875,1.5130994701428635,3.2621785654853594,-0.05535700603543636
ENSSSCG00000030578,0.17279510037656995,1.2523248619785754,1.3514774940266976,2.776597456381843,-0.03898687936138938
ENSSSCG00000030581,0.378568941417371,0.5038367945517904,0.4927119530778685,1.37511768904703,-0.1845718509018103
ENSSSCG00000030603,0.49617548905108344,0.7795852939264267,0.6322005967262895,1.9079613797037998,-0.21020672727246753
ENSSSCG00000030605,0.5474827691899181,0.5964918305843206,0.4699719149794148,1.6139465147536536,-0.11636706648743937
ENSSSCG00000030608,0.4254297949689533,0.416093440909162,0.5761266918337009,1.4176499277118162,-0.050488907353048736
ENSSSCG00000030610,0.9380448196847304,0.4919800914901137,0.8806279116018432,2.310652822776687,-0.0768594167870153
ENSSSCG00000030616,0.7522511834282846,0.32418236451995536,0.853826506761273,1.930260054709513,-0.03262507565027607
ENSSSCG00000030617,0.8035262683387187,0.4827218061699351,0.9850147372339938,2.2712628117426474,-0.17226776411267594
ENSSSCG00000030632,1.0550658073984085,0.5453322092105066,1.0290051181943476,2.6294031348032627,-0.07207479335793537
ENSSSCG00000030637,0.07919743275280235,0.34563811104864917,0.32833742315961617,0.7531729669610676,-0.08399021444530036
ENSSSCG00000030642,0.832837427440828,1.797468089887302,2.531242711369544,5.161548228697674,-0.15965478327631802
ENSSSCG00000030643,0.27511757168644946,1.6490019184227593,1.5210498277748816,3.4451693178840905,-0.07543781179239789
ENSSSCG00000030653,0.2830325593143774,0.501823703399451,0.4082801672503716,1.1931364299642,-0.026569346877788814
ENSSSCG00000030660,0.18647314366708426,0.5113005776521035,0.5092075759165366,1.2069812972357243,-0.05558561478294688
ENSSSCG00000030668,0.18121862040769066,1.5049759561097036,1.4423394896542658,3.1285340661716603,0.132003111162356
ENSSSCG00000030671,0.4423911077840877,1.3904478212856268,1.1154640844998103,2.9483030135695247,-0.12073042503488957
ENSSSCG00000030679,0.4996485740316042,0.48423974746145126,0.7583221667880937,1.742210488281149,-0.16768345744624424
ENSSSCG00000030680,0.28791403974874374,0.7474806385795597,0.6576437282378308,1.6930384065661341,-0.3205634500035784
ENSSSCG00000030682,0.5721651704356557,0.6229617623012489,0.7262812828590133,1.921408215595918,-0.2907557036808274
ENSSSCG00000030685,0.5207323081711942,0.7703124340928847,0.5564646526932819,1.8475093949573609,-0.259464799920814
ENSSSCG00000030697,0.5295341902090877,0.3377472805772161,0.3087972629432529,1.1760787337295566,-0.22474523554656625
ENSSSCG00000030798,0.13629446093547945,1.0713306557471092,1.1137458244544303,2.321370941137019,0.021720956174170795
ENSSSCG00000030820,0.9265505527857586,0.7805766752630102,0.6466618207316617,2.3537890487804303,-0.21744709436175663
ENSSSCG00000030849,0.15226384972584756,2.1358491480014368,2.04549371958612,4.333606717313405,0.1639115669290202
ENSSSCG00000030857,0.08895596977229815,0.6031649111793499,0.5358829725135279,1.228003853465176,-0.038221562696853686
ENSSSCG00000030877,0.2972090985370569,1.047819837561754,0.9067000706348385,2.2517290067336493,-0.22335839092128904
ENSSSCG00000030957,0.5953241922048691,0.5488193421475422,0.8478752546718333,1.9920187890242447,-0.27970821274601054
ENSSSCG00000030998,0.5159103359778814,0.6481407004422568,0.4532070699739196,1.6172581063940576,-0.44608260535465655
ENSSSCG00000031011,0.14727580861407957,0.44160485635354635,0.5600643441524482,1.1489450091200741,-0.2426768045292426
ENSSSCG00000031031,0.4444058060222329,0.8839803421620268,0.8507824579125276,2.179168606096787,-0.35928299573687944
ENSSSCG00000031033,0.5662832028097639,0.691669074120475,0.9311739163915338,2.1891261933217727,-0.24240406992433483
ENSSSCG00000031053,0.6260973133961327,0.7361622861936093,1.077673841930141,2.4399334415198832,0.015546306190521846
ENSSSCG00000031072,0.381574012520566,0.6211951329515177,0.5118949131035861,1.5146640585756699,-0.32952247532465095
ENSSSCG00000031073,0.5824650292034702,1.1695951358154895,0.7216386816110438,2.473698846630003,-0.0035676809544744614
ENSSSCG00000031076,0.08754519472620621,1.2498932275923174,1.1691906829687602,2.506629105287284,-0.23745186334374865
ENSSSCG00000031077,0.2748187810027118,0.47353225378136193,0.3537778909725518,1.1021289257566256,0.06066109601136329
ENSSSCG00000031083,0.6203952516603626,0.5956185217166136,0.7482920266882699,1.964305800065246,0.1335330917757575
ENSSSCG00000031088,0.36305347391860404,2.081307146128501,2.119572934488137,4.563933554535242,0.15169420308309967
ENSSSCG00000031098,0.40542839170490286,0.4900809477194395,0.41767553308662553,1.3131848725109678,0.048495369763228435
ENSSSCG00000031109,0.48948194054785504,0.5710006188082285,0.7244974439174598,1.7849800032735434,-0.3662265125687169
ENSSSCG00000031117,0.4703994922965209,1.090045005665926,1.2979741410805778,2.858418639043025,0.1471076547988218
ENSSSCG00000031121,0.37970515894791784,0.8437439358627009,0.9117077158480478,2.1351568106586667,-0.06992661198966435
ENSSSCG00000031123,0.6210391744401128,0.580663231062513,0.9101181041622978,2.1118205096649234,-0.11149120854422462
ENSSSCG00000031129,0.09863219322638832,0.3849536564052481,0.4194004619514364,0.9029863115830727,0.08298629413922352
ENSSSCG00000031142,0.19425871499276362,0.6327363156072412,0.6158367372522998,1.4428317678523046,-0.2085918068144446
ENSSSCG00000031147,0.5349367065941179,0.6676387502137684,0.3917903521927636,1.5943658090006498,-0.03066394821854216
ENSSSCG00000031152,1.0965149622000137,0.3498454060668577,1.1796213182301958,2.625981686497067,-0.012039653468762969
ENSSSCG00000031159,0.6622858152695,0.5283276177576146,0.49923107409944056,1.689844507126555,-0.025584506062256006
ENSSSCG00000031169,1.0295519581044406,0.5577504741206492,0.8581447170949819,2.4454471493200716,0.05904296403613541
ENSSSCG00000031170,0.5771742819609468,1.2974037635273001,1.1221498785046289,2.996727923992876,-0.48765995402600754
ENSSSCG00000031172,0.4251601490219484,2.1225243738242234,1.9434737538386029,4.491158276684775,-0.3244055734816775
ENSSSCG00000031173,0.11221273029984066,0.41327470101859626,0.46904997719076463,0.9945374085092016,-0.3165174248992311
ENSSSCG00000031175,0.42233246985645473,0.6235765599009633,0.9124365545878067,1.9583455843452247,-0.15074458040631114
ENSSSCG00000031182,0.4335605747035318,1.0750694818820439,0.9153500061054944,2.4239800626910704,0.13434939129451198
ENSSSCG00000031220,0.32886478136502245,0.5313192664730317,0.7375779914160702,1.5977620392541243,-0.15771096507018467
ENSSSCG00000031236,0.4151866983080635,1.0515395067166493,1.3145405332292606,2.781266738253973,0.1658822635350509
ENSSSCG00000031244,0.14600436382413973,0.88365690842853,0.8124110994622074,1.842072371714877,-0.07653620635589811
ENSSSCG00000031247,0.14189108514162285,0.8090315377404788,0.7344677904164353,1.685390413298537,-0.17357331093346667
ENSSSCG00000031249,0.5053138774681354,1.0569614216735694,0.8813194780801673,2.4435947772218722,0.08312798015612424
ENSSSCG00000031251,0.808516883135469,0.7053676626884656,0.45692675728989557,1.9708113031138301,-0.11448870087462469
ENSSSCG00000031261,0.3803386687761053,0.6876654961232983,0.41558200818777313,1.4835861730871769,-0.04263156394677644
ENSSSCG00000031271,0.5097764272338492,0.31514357978464924,0.5678434716782429,1.3927634786967413,-0.18597183389187788
ENSSSCG00000031280,0.1294554509078591,1.1816103854964983,1.0890075149374703,2.4000733513418275,0.1543003331444595
ENSSSCG00000031288,0.1959397813196942,1.038420598859783,1.1290943371825803,2.3634547173620577,-0.13224894596934017
ENSSSCG00000031299,0.2550213682281882,1.542441301167263,1.7028503595736284,3.50031302896908,0.21381071155896703
ENSSSCG00000031300,0.05812158000373562,0.521750803960247,0.5655844001386241,1.1454567841026067,-0.09205980280820127
ENSSSCG00000031304,1.0273377564161394,1.1893289847600366,0.9859350508127795,3.202601791988956,-0.11215702349825306
ENSSSCG00000031324,0.6537708582325275,0.8757685165542316,0.5808239789906662,2.1103633537774256,-0.09769316057122535
ENSSSCG00000031332,1.595826774714443,1.3184572163585433,2.205566003793234,5.11984999486622,-0.2259543860454774
ENSSSCG00000031337,1.649629037863728,1.3753685157029683,2.5571137800807717,5.582111333647468,-0.13783519062749958
ENSSSCG00000031348,0.292493672363286,0.5259302632246516,0.7330919009398466,1.5515158365277841,-0.10863298333296068
ENSSSCG00000031349,0.17111573357205695,0.8078659871735728,0.7342954120073153,1.713277132752945,-0.15706598813769637
ENSSSCG00000031380,0.37175762096192316,1.364362207533806,1.167484417771317,2.9036042462670464,-0.017358551333077028
ENSSSCG00000031382,0.6994664139358205,0.677092764726953,0.44322384969857387,1.8197830283613474,-0.1811545800939383
ENSSSCG00000031424,0.6070754952891925,0.8086386603818944,0.6450957846594605,2.0608099403305475,-0.24599292914830484
ENSSSCG00000031426,0.3064933916874502,0.8898666916367628,1.118847165254913,2.315207248579126,-0.3296852914046494
ENSSSCG00000031429,1.1369024381642088,2.0318609026236647,3.1441292594726478,6.312892600260522,-0.3109403274639333
ENSSSCG00000031432,0.43096202651977084,1.8867154430817243,2.3023194540944076,4.619996923695902,-0.03780913294398136
ENSSSCG00000031433,0.6060648231066841,0.799435311621524,0.6440861475007584,2.0495862822289665,0.032920408280055984
ENSSSCG00000031435,0.26646934293414726,0.5862192004450194,0.7209741997123307,1.5736627430914973,-0.13622450448852536
ENSSSCG00000031441,0.08161027569251997,0.6923743531322933,0.7227242544729172,1.4967088832977304,-0.27231438522059176
ENSSSCG00000031442,0.7576238543303103,0.9327191207273203,0.7292819039832102,2.419624879040841,-0.059730294883299624
ENSSSCG00000031456,1.0014783798254474,1.4019864461315084,1.0412720023362547,3.4447368282932107,-0.18596571973134973
ENSSSCG00000031459,0.739927451111914,0.47888481125181004,0.602690152357755,1.8215024147214791,-0.2741508419395068
ENSSSCG00000031461,0.39333006010351707,0.6939778630582505,0.6447592854391341,1.7320672086009017,-0.02814718397390675
ENSSSCG00000031465,0.20062363813394923,0.6189121217420819,0.7846052197507306,1.6041409796267616,-0.4295552747705255
ENSSSCG00000031474,0.14625572980618906,1.0257450075058265,0.9194261454718875,2.091426882783903,0.21003922244646253
ENSSSCG00000031483,0.3968258938768459,0.9500160863979856,0.7978298904708009,2.1446718707456323,-0.15777477169653328
ENSSSCG00000031498,0.8001742548775139,0.699770259339814,0.5808432094025424,2.0807877236198706,-0.2041777506097557
ENSSSCG00000031509,0.28869927545022406,0.41547938292151154,0.2642838201787057,0.9684624785504412,-0.36884517663962196
ENSSSCG00000031524,0.5064998065086398,0.7948011528699143,0.8056139402136302,2.1069148995921845,0.07135307977016907
ENSSSCG00000031530,0.43485514339268944,0.6169025929028189,0.9082559705923627,1.9600137068878711,0.019148274980192802
ENSSSCG00000031541,0.7042936122961121,0.9012538437676774,0.7652332732347623,2.3707807292985517,-0.03859522426539309
ENSSSCG00000031547,0.19111158344578666,1.632884438902093,1.5492076389404106,3.37320366128829,-0.3070807436862142
ENSSSCG00000031572,0.6172612027682239,1.0439838053286592,0.8267453544368101,2.487990362533693,-0.15268723473918522
ENSSSCG00000031580,0.42274115527596673,1.9950629447551784,2.0214555494559625,4.4392596494871075,-0.02849446875299768
ENSSSCG00000031589,0.29511490978753707,0.7844340242854456,0.9894646452943785,2.069013579367361,-0.06708123587143831
ENSSSCG00000031592,0.2613858902234971,0.42581941285690034,0.6148378392747355,1.3020431423551329,-0.317667846864052
ENSSSCG00000031593,0.14526856614633474,1.8874848056038573,1.7708430437149822,3.803596415465174,0.10427350886035341
ENSSSCG00000031594,0.39779104315323605,0.342642959995256,0.5576947552072596,1.2981287583557517,-0.04893216382584233
ENSSSCG00000031598,0.15697647626847142,0.5990405260469973,0.7043205023827662,1.460337504698235,-0.09199922685384097
ENSSSCG00000031612,1.010421929460941,0.607737043442597,0.691150311298636,2.309309284202174,-0.18245213427441492
ENSSSCG00000031617,0.22680037861417018,0.44225258944457574,0.4947621969544556,1.1638151650132016,-0.052863764991755886
ENSSSCG00000031627,0.43602642401902947,1.553802995135426,1.3433482998731663,3.3331777190276215,-0.14278455381620375
ENSSSCG00000031631,0.3661151914579662,0.8748914243711665,0.7912571469677598,2.0322637627968927,0.014888959783784943
ENSSSCG00000031636,0.7446026659908836,0.7034831025077033,0.9874026296005701,2.435488398099157,-0.1772780534255012
ENSSSCG00000031639,0.36371774370592896,1.725165941707191,1.5539186876386104,3.6428023730517305,0.1197754446217496
ENSSSCG00000031652,0.49028764701609734,0.5975409615102003,0.6113097016913227,1.6991383102176203,-0.30502449459922637
ENSSSCG00000031659,0.4853201626972048,0.3671033641322039,0.6005293382100673,1.4529528650394758,0.1649676736629713
ENSSSCG00000031661,0.20081107510868673,0.6180381607253682,0.5492671766310333,1.3681164124650882,-0.1480892906081385
ENSSSCG00000031664,0.1237806786844861,0.406744714605956,0.4276731746609715,0.9581985679514136,-0.061280998643104954
ENSSSCG00000031680,1.053100943192048,2.337819568467257,3.3775036189261796,6.768424130585484,-0.2653373743545994
ENSSSCG00000031686,0.5295071903401686,0.9000681362261763,1.1762927947548323,2.605868121321177,-0.14910041773427296
ENSSSCG00000031694,0.47893570403919683,0.7862769630484024,0.9950131561082519,2.260225823195851,-0.3632231502276051
ENSSSCG00000031701,0.31153807378803794,0.5477715599812203,0.5039437200130394,1.3632533537822977,-0.2309290060038477
ENSSSCG00000031705,0.8464989547850285,0.905918124546801,0.5545030195431411,2.3069200988749703,-0.24113325249752485
ENSSSCG00000031706,0.16647267217068568,0.7022437789771573,0.7377245051175242,1.606440956265367,-0.20398687999347098
ENSSSCG00000031707,0.11081779795454798,0.7054676926759406,0.6404002577885282,1.4566857484190168,-0.1125835184553054
ENSSSCG00000031716,0.5681459991102639,0.8956170996432206,0.8104603489272924,2.274223447680777,-0.2747852844466142
ENSSSCG00000031719,0.15132751996230037,0.40265040502049837,0.4421468719148109,0.9961247968976097,-0.08804425458636937
ENSSSCG00000031723,0.4387623496475992,0.8682682998732101,0.6489086084618148,1.955939257982624,-0.1896185119963624
ENSSSCG00000031733,0.3794389946075321,0.9290822561785008,0.620294552464788,1.928815803250821,0.12157977133483346
ENSSSCG00000031736,0.3848815700808954,0.5317918730456421,0.22324707488621492,1.1399205180127525,-0.193434504048016
ENSSSCG00000031741,0.1598031507537484,1.3799383424698264,1.4522398595104984,2.991981352734073,0.13516335935858045
ENSSSCG00000031756,0.5185248633931105,1.343151343195323,1.1438876192617418,3.0055638258501753,-0.18341145924247695
ENSSSCG00000031764,0.2645003566467989,0.512750176581615,0.27335587081730683,1.0506064040457206,-0.12751974202798408
ENSSSCG00000031769,0.19782371359051396,1.5941284072144142,1.4367592364581963,3.2287113572631245,-0.12669090909964856
ENSSSCG00000031773,0.39437806409199205,0.8020837982234481,0.8191487880732803,2.0156106503887203,-0.11791967739565733
ENSSSCG00000031775,0.36372257929937557,0.4481215913645891,0.6237036482837196,1.4355478189476845,-0.23603545837149856
ENSSSCG00000031776,0.7382496616987781,0.9578864214508593,0.657690377609993,2.3538264607596306,-0.15127668158810564
ENSSSCG00000031780,0.3749905738572224,0.8157121421687701,1.0512506597816536,2.241953375807646,-0.2617642921873321
ENSSSCG00000031787,0.6688121046382816,0.5743905290834334,0.72213044861178,1.965333082333495,-0.1812775099918377
ENSSSCG00000031789,0.26274489558634206,0.43982627495519017,0.42434449980025474,1.126915670341787,-0.2281819872438205
ENSSSCG00000031791,0.7406021937539444,0.43180041495585986,0.828470835464464,2.0008734441742684,0.010147414758123594
ENSSSCG00000031793,0.5174648878158635,0.30187785858931115,0.4868797590504104,1.3062225054555852,0.06290162418655831
ENSSSCG00000031796,0.11768661703964048,0.5955479119910123,0.5572086715901489,1.2704432006208015,-0.20051077289521857
ENSSSCG00000031808,1.068765580998104,0.5299749789543522,0.8544709599472877,2.453211519899744,-0.009505017048288503
ENSSSCG00000031809,0.2524422128162297,0.5898381742734837,0.7379131209993643,1.5801935080890779,-0.24246863266583304
ENSSSCG00000031810,0.12806627856684988,0.7953874571411702,0.8274406101794761,1.7508943458874962,-0.11472814204741413
ENSSSCG00000031821,0.3264863050095064,0.46063376139073153,0.6580449753611768,1.4451650417614146,-0.15418050156054053
ENSSSCG00000031835,0.07861944129999757,0.640189889407886,0.6224056758015386,1.3412150065094222,-0.048876686049887326
ENSSSCG00000031838,0.45196189560130723,2.065479528104949,2.4336907780062194,4.9511322017124755,0.1558273939606234
ENSSSCG00000031847,1.0204030136078774,0.691398582912469,0.9746676022484485,2.686469198768795,-0.08141260859052127
ENSSSCG00000031857,0.20009846901236975,0.5445360902938162,0.39983025752062146,1.1444648168268075,0.010406675752161997
ENSSSCG00000031868,0.5280198230348226,0.8837181109739136,0.5841285121867403,1.9958664461954765,-0.27626201367965836
ENSSSCG00000031869,0.3186051787865816,1.1674802077966082,1.0281421975166969,2.5142275840998867,-0.04263087907789674
ENSSSCG00000031871,0.1651724380092174,0.5403548906424123,0.4392159943628618,1.1447433230144914,-0.05707356957401571
ENSSSCG00000031876,0.6623302490445542,0.8232813635436937,1.113833850168815,2.599445462757063,-0.5447913974260602
ENSSSCG00000031881,0.473581550190283,0.3901391897390519,0.3289907608839667,1.1927115008133016,-0.27926056018230405
ENSSSCG00000031882,0.5468444385562357,0.7061612878146772,0.5654541542086221,1.818459880579535,-0.028158076731778243
ENSSSCG00000031883,0.23953152910319775,1.0195981847701612,1.0463613487479557,2.3054910626213143,0.08912759393544768
ENSSSCG00000031892,0.35085432593931426,1.2490672078700897,1.4352503926348705,3.0351719264442742,0.13802386819449525
ENSSSCG00000031897,0.6606801632922372,0.9814392199211082,0.9028206303868718,2.5449400136002174,-0.24835922330227284
ENSSSCG00000031901,0.7202408935154874,0.952336626332178,0.2779749847688745,1.9505525046165397,-0.336039906459363
ENSSSCG00000031904,0.44536574922630306,0.8649885065098816,0.5497014340683377,1.8600556898045224,-0.30556316311811904
ENSSSCG00000031915,0.4820357970184215,0.5282507602697474,0.5322127739741821,1.5424993312623507,-0.18569398454032066
ENSSSCG00000031938,0.7140859769144737,1.2928152938270203,1.137759517841739,3.1446607885832334,0.05881397030052574
ENSSSCG00000031940,0.6957153491149335,0.6313167223295129,0.5193263587493814,1.8463584301938276,-0.29764512875224297
ENSSSCG00000031942,0.4231908537109884,1.0358182047962354,1.2862430102171325,2.7452520687243567,-0.25611083756723174
ENSSSCG00000031949,0.14100716032695237,0.5866358772938285,0.5616029170374532,1.289245954658234,-0.1635218261370319
ENSSSCG00000031951,0.5160218570981563,0.6410943789500297,0.967594492144777,2.124710728192963,-0.08093878466204206
ENSSSCG00000031954,0.8194971573357968,1.3324414977215584,0.7849571875647557,2.936895842622111,-0.220624195213276
ENSSSCG00000031957,0.6297473958267046,0.8904976431223517,0.6654486862045326,2.185693725153589,-0.4649256278629101
ENSSSCG00000031958,0.5696909004617866,0.6762572427726616,0.759732418686716,2.005680561921164,-0.32531009684223205
ENSSSCG00000031963,0.22227512335422706,0.9344348467511726,1.0466670937256362,2.203377063831036,-0.3105924584489933
ENSSSCG00000031967,0.33610976384002883,0.3798892820424898,0.5028329015999959,1.2188319474825144,0.03668381286116691
ENSSSCG00000031988,0.18071719522187535,0.5188647346880093,0.5953793995047382,1.294961329414623,-0.14023449600703008
ENSSSCG00000031990,0.6157459828450127,0.6011301236234223,0.623089889158848,1.8399659956272831,-0.0700670409365698
ENSSSCG00000031991,0.1753068571845439,0.3946766620086202,0.33546330945308017,0.9054468286462443,0.04968854254067107
ENSSSCG00000032007,0.24433372774945206,0.4210341369512445,0.5899324113806078,1.2553002760813043,0.06475513203074675
ENSSSCG00000032015,0.8220829550012714,0.5420129343004968,0.8643012889649786,2.2283971782667464,0.0034199575846270095
ENSSSCG00000032016,0.6699349344228375,1.1872602524004943,1.2524946637240144,3.1096898505473463,-0.07979785132996077
ENSSSCG00000032022,0.1240170217274029,1.0871185967115928,0.9913053374029486,2.2024409558419444,0.02354900638621697
ENSSSCG00000032023,0.7101159399244665,0.6449675635500971,0.7025196141669433,2.057603117641507,-0.05397837106296553
ENSSSCG00000032024,0.09362551299932594,0.2592417510838782,0.34177107981375,0.6946383438969541,-0.05324748869695821
ENSSSCG00000032028,0.9386319973304228,1.0867813196676166,1.2603404147460602,3.2857537317440997,0.027118402200595266
ENSSSCG00000032031,1.752314633745279,1.2268884772848996,1.0435344080262179,4.022737519056397,0.1617173819212933
ENSSSCG00000032043,0.3388666698604522,0.3778966668874414,0.3375233343602392,1.054286671108133,-0.03020000704099315
ENSSSCG00000032046,0.281975361203332,0.5086419208727684,0.449985015444602,1.2406022975207023,-0.08638288828290505
ENSSSCG00000032054,0.4520042441009557,0.890392565376285,0.695088115418461,2.037484924895702,-0.05376603980459123
ENSSSCG00000032055,0.35551267705524964,0.1919951844586958,0.25827631509724336,0.8057841766111888,-0.01106567210098332
ENSSSCG00000032056,0.4264639210158166,0.2899438269184869,0.6337752089915383,1.350182956925842,-0.11458454661887398
ENSSSCG00000032062,0.42457875167352976,0.8855583448829374,0.7782608325106009,2.0883979290670682,0.027804581058536844
ENSSSCG00000032067,0.2699293352812317,0.842657649387666,0.6400970988859408,1.7526840835548385,0.01430498024772699
ENSSSCG00000032081,0.12767717890761235,1.8596499909163573,1.7973446330689957,3.7846718028929653,0.1482251653582709
ENSSSCG00000032083,0.4197301841400989,1.5611942354040262,1.3428022540983402,3.323726673642465,-0.04086463676684598
ENSSSCG00000032086,1.0709553083483168,0.4034155563294154,0.9022204537127189,2.376591318390451,-0.2604164273973488
ENSSSCG00000032090,0.2931647456080408,1.9217280223016673,1.9000173514774834,4.114910119387192,0.041842229859999865
ENSSSCG00000032092,0.22290158234619684,0.8447875061775753,0.825838841521486,1.8935279300452579,0.016606406708729052
ENSSSCG00000032097,0.4566291913122518,0.7254174165494961,1.1460407411177096,2.328087348979458,-0.19151572627599192
ENSSSCG00000032111,0.575154251117047,1.3425276487702476,1.5314588509370881,3.4491407508243825,0.10846620317887845
ENSSSCG00000032113,0.1429848737120813,0.5737603329740647,0.7091120850602,1.425857291746346,-0.045939676088392244
ENSSSCG00000032119,0.8027442406872514,0.6272956264511216,0.2934151294342708,1.7234549965726438,-0.14956548877786718
ENSSSCG00000032129,0.3737476198694803,2.404044329826882,2.103873343633376,4.881665293329739,0.10095364622196915
ENSSSCG00000032134,0.5785391252256143,0.8257633010289454,0.9902064281368463,2.3945088543914057,-0.10283781376154527
ENSSSCG00000032141,0.09310723413241236,1.7649634072848785,1.676354828701111,3.5344254701184017,0.023925417173690844
ENSSSCG00000032144,0.5629935773468097,0.3958323313378873,0.2554327739045612,1.214258682589258,-0.18124836740526798
ENSSSCG00000032146,0.7107800178060295,0.6622295863282949,0.8418310660009395,2.214840670135264,-0.20207821417486735
ENSSSCG00000032165,0.15308539284795059,2.337125574333568,2.245118913657226,4.735329880838744,0.0709632031017296
ENSSSCG00000032166,0.3834851595183243,1.494698472618492,1.555318219685652,3.4335018518224683,0.19950261145043605
ENSSSCG00000032171,0.3040988429663161,0.6193430800578196,0.6551355882549915,1.5785775112791272,-0.21442958327212538
ENSSSCG00000032176,0.2899159042644556,1.3282566524069004,1.0937290603086083,2.711901616979964,-0.4208424124056187
ENSSSCG00000032177,0.1703140575477556,0.43975106180185314,0.5584652859228384,1.1685304052724472,-0.20964306561111068
ENSSSCG00000032180,0.6727539578702871,1.3173937077192381,0.8468635060237744,2.8370111716132995,-0.018475903628630667
ENSSSCG00000032181,0.20703210259963972,0.1293973686541113,0.29259049091640743,0.6290199621701584,-0.12392984844566884
ENSSSCG00000032182,0.8336056760540899,1.1267154085932707,0.9454322195298502,2.905753304177211,-0.18727422831774915
ENSSSCG00000032196,0.075030258010486,0.19910953075692459,0.21040404125544204,0.4845438300228526,-0.1351590287989358
ENSSSCG00000032197,0.1408822946697055,0.44860416901665356,0.5373439504611138,1.1268304141474728,-0.03751373712775784
ENSSSCG00000032198,0.9730663193428132,1.7134638916039016,2.679419500289895,5.36594971123661,-0.15553209036911247
ENSSSCG00000032213,0.5426907576191545,2.122388060270312,1.6467948113470416,4.311873629236508,0.032651880006815986
ENSSSCG00000032214,0.6894965277000018,0.3360992009981647,0.6003076177075619,1.6259033464057284,-0.14466065210988505
ENSSSCG00000032216,0.41092636306743086,0.4756422664222328,0.8841239980238406,1.7706926275135042,-0.22343939429472215
ENSSSCG00000032220,1.2584851790860883,1.2793180297135922,0.6886244305447834,3.2264276393444637,-0.04566864608325297
ENSSSCG00000032221,0.3960076843101623,0.6924433540243774,0.5971876780431373,1.685638716377677,-0.28930612651308074
ENSSSCG00000032223,0.5200449344200372,0.7318970404782451,0.6561711569350116,1.9081131318332938,0.10018579495200525
ENSSSCG00000032234,0.7159042508381235,0.5452755032985778,0.4039852514223106,1.665165005559012,0.09483945208413491
ENSSSCG00000032241,0.5655552069836487,0.5802727912212742,1.018232110628788,2.164060108833711,-0.32748820212594165
ENSSSCG00000032242,0.6213786697594524,1.7453038243647097,1.9601238057066652,4.326806299830827,0.11909695282564012
ENSSSCG00000032254,1.541116138232592,1.3205672210543467,0.635615022903534,3.497298382190473,0.12962643335576465
ENSSSCG00000032261,0.5670070008535604,0.8821700131016562,0.5325442031453134,1.98172121710053,-0.21365615247042483
ENSSSCG00000032269,0.3374897181097649,1.0952296822194412,0.9444002813974041,2.3771196817266103,-0.07961213580050347
ENSSSCG00000032275,0.7452647904302496,0.35582681869026855,0.5367498759871286,1.6378414851076468,0.041138252894844206
ENSSSCG00000032280,0.7896437177172836,0.32137086431443457,0.6792532708221521,1.7902678528538702,0.009543128905513341
ENSSSCG00000032284,0.62459099402465,1.5779559563266903,1.1854505653520806,3.387997515703421,-0.04079007831630292
ENSSSCG00000032288,0.4713482353006954,0.30499882546911583,0.6013748577212169,1.3777219184910283,-0.002704700798005327
ENSSSCG00000032297,0.6081159272849076,0.7639969767841401,0.9210281277001515,2.293141031769199,-0.191018601285085
ENSSSCG00000032304,0.21614983519245118,0.8022950257499033,0.857674138594665,1.8761189995370193,-0.18234176762865434
ENSSSCG00000032311,0.5496904294728888,0.34128985391610367,0.5996379411390359,1.4906182245280284,0.0291894374672938
ENSSSCG00000032312,0.5211410178458771,0.4534162325629842,0.22917888161785838,1.2037361320267197,-0.004172844894734216
ENSSSCG00000032315,0.31327074274693006,0.7426950568874426,0.6249026367088398,1.6808684363432125,-0.11697005852671177
ENSSSCG00000032323,0.4040903989077635,0.38162671795748926,0.48159006750824324,1.267307184373496,-0.0165633965888993
ENSSSCG00000032328,0.2787706902292684,0.4778805382061581,0.7373532499169998,1.4940044783524264,-0.17116615821003253
ENSSSCG00000032332,0.9123648314719286,0.3838893507464219,1.0052782032903804,2.3015323855087306,-0.23227171553053852
ENSSSCG00000032340,0.3009899031711235,0.43993091931780176,0.4289731314946716,1.1698939539835969,-0.14736440480211657
ENSSSCG00000032343,0.17533512271306165,0.6250704720285141,0.65085131041014,1.4512569051517157,-0.18551976001414477
ENSSSCG00000032344,0.4591064701770417,1.7574357443645534,1.5526140240912512,3.7691562386328465,-0.18860857528112174
ENSSSCG00000032357,0.5708783543718123,1.0121704065653157,0.7628175317316734,2.345866292668801,-0.241465919140614
ENSSSCG00000032360,0.2973981800069781,0.3290941231482695,0.5990970960646883,1.225589399219936,-0.20060482131900922
ENSSSCG00000032364,0.15792495887856428,1.925169000578707,2.029983178245432,4.113077137702703,0.08135772188709449
ENSSSCG00000032372,0.6484135519251771,0.799263280070309,0.8279162527320336,2.27559308472752,-0.22912787928191525
ENSSSCG00000032377,0.5257805767422915,0.3424934584840111,0.6162244336033473,1.4844984688296499,-0.22120572301464658
ENSSSCG00000032381,0.4180965419671046,0.5675511943239567,0.7098840183736758,1.6955317546647373,0.07735539448919751
ENSSSCG00000032390,0.43430067049863263,2.3449021958168177,2.0949651810055503,4.8741680473210005,0.1066126521218426
ENSSSCG00000032397,0.3328719873678558,0.39825334921821726,0.2756140169380468,1.0067393535241198,-0.043459590431648924
ENSSSCG00000032398,0.7779455196426811,1.6760253451492981,1.1276504099835005,3.58162127477548,-0.2482496876713269
ENSSSCG00000032404,0.3469877474499568,1.052280607240105,1.2068801828547135,2.606148537544775,-0.22598068233475385
ENSSSCG00000032408,0.12835774104367786,0.5620685107106422,0.5938883211978834,1.2843145729522034,-0.19629459599852506
ENSSSCG00000032423,0.31670111223360353,0.5671457082511517,0.8305336702865534,1.7143804907713087,-0.2617727099249968
ENSSSCG00000032424,0.08019222750984789,0.3497951792304607,0.4185954791968518,0.8485828859371605,-0.06419533471938715
ENSSSCG00000032444,0.21911071637519994,0.6767077816323109,0.8484992211823409,1.7443177191898518,-0.07817095392167286
ENSSSCG00000032445,0.6012125277549932,0.5082031745767932,0.7978704208721499,1.9072861232039362,-0.21328922941473025
ENSSSCG00000032452,0.3107070142677089,0.5787994667536006,0.5345074390446473,1.4240139200659567,-0.17337569994201996
ENSSSCG00000032456,0.1946977886485468,0.7408780350165384,0.6153805795918125,1.5509564032568977,-0.0983641496783735
ENSSSCG00000032457,0.39412370607624897,0.5478491505020946,0.6462607052523701,1.5882335618307137,0.0981808314372643
ENSSSCG00000032467,0.6332368355099156,1.1164027312458467,1.0404799576077985,2.790119524363561,-0.058781025153400085
ENSSSCG00000032469,0.40661848800412975,0.7586526672094811,0.5537237520203038,1.7189949072339146,-0.12834928058198086
ENSSSCG00000032475,0.4598307831916099,0.6557944712667864,0.5970617906543054,1.7126870451127016,-0.21915313891138286
ENSSSCG00000032477,1.1552995511444868,2.6318051501117927,3.6811028395037857,7.468207540760066,-0.13971060757158701
ENSSSCG00000032489,0.23724654169357068,0.5281736163230868,0.6579931873490115,1.423413345365669,-0.15717967754423323
ENSSSCG00000032494,0.3479864211017036,0.5343450328455316,0.5454060399470989,1.427737493894334,0.037041319721566164
ENSSSCG00000032495,0.3274259809102103,0.7703608961064828,0.5604808707780576,1.658267747794751,-0.2091657011571418
ENSSSCG00000032498,0.2879377791562133,0.9115673083382925,0.7461051667318105,1.9456102542263163,0.06394148162588645
ENSSSCG00000032505,0.4587718053327257,0.6273440262356099,0.47734098390272967,1.5634568154710653,-0.08851760169331137
ENSSSCG00000032506,0.7406058283578512,1.4407313006939542,1.698683189221477,3.8800203182732824,-0.03874426180233187
ENSSSCG00000032517,0.42664336041217005,0.890369389541028,0.9293710947073576,2.2463838446605555,-0.18929283806550828
ENSSSCG00000032527,0.2092425345305373,0.3941557325477796,0.33792872161756987,0.9413269886958868,-0.08363715015742999
ENSSSCG00000032531,0.5543905986589389,0.6941280284619161,0.2675830705184094,1.5161016976392645,-0.17019099820402311
ENSSSCG00000032532,0.5843813908406281,0.8086088834153543,0.5306239821880521,1.9236142564440346,-0.19715809212029053
ENSSSCG00000032541,0.2819430772859307,0.09363461307941146,0.3401952496755634,0.7157729400409056,-0.09844064876169882
ENSSSCG00000032552,0.49339696469913835,0.3711132869454357,0.7017628398588405,1.5662730915034144,-0.31807842975762407
ENSSSCG00000032554,0.6613347822856481,0.45249839843353135,0.596559153440137,1.7103923341593164,-0.3262314274375739
ENSSSCG00000032556,0.45966780142577146,1.2278156287629796,0.8568673577158147,2.5443507879045657,0.28849747200603393
ENSSSCG00000032557,0.10342843149728173,0.49389943306112416,0.5921124883543635,1.1894403529127695,0.04796161530239413
ENSSSCG00000032561,0.47016065752619873,0.9460075478514238,1.1567718536279155,2.5729400590055382,-0.26020447798213814
ENSSSCG00000032566,0.26670365057088175,0.6623714918094917,0.5938807119687111,1.5229558543490844,-0.1481571788288436
ENSSSCG00000032573,0.5183758427764656,0.7190708016427233,0.6867145104293135,1.9241611548485025,0.18682260439999449
ENSSSCG00000032574,0.28697370972795117,0.5881024735477804,0.575001741666915,1.4500779249426468,-0.1284812506364665
ENSSSCG00000032583,0.4557217427965416,1.320375347060675,1.5726159375966047,3.3487130274538215,0.07273371617580786
ENSSSCG00000032595,0.452704780127585,0.8841032778536496,0.7016679408722009,2.0384759988534356,0.016224703146954306
ENSSSCG00000032596,0.18193250415974815,0.5124255575785793,0.5926430163623309,1.2870010781006584,-0.09237709393917165
ENSSSCG00000032612,0.1451209335719113,0.5837834656970708,0.7116451294034181,1.4405495286724002,0.00973684271081444
ENSSSCG00000032613,0.4560561577983344,1.0579551963594152,0.8291452314856316,2.3431565856433814,0.028988042546561052
ENSSSCG00000032619,1.412210950145337,1.0339674127039433,1.0242777770214113,3.4704561398706915,-0.115014169090621
ENSSSCG00000032621,0.4076278876851868,0.411420435274694,0.3277348017891572,1.146783124749038,-0.10326541598428474
ENSSSCG00000032622,0.363038221018888,0.46263099474864094,0.791120340463038,1.616789556230567,0.0326214485953564
ENSSSCG00000032626,0.19871607072776065,0.49378230076375407,0.31875645604920627,1.011254827540721,-0.46104294876842133
ENSSSCG00000032632,0.937502937179241,0.7458162634959161,1.6551096815817357,3.338428882256893,-0.136463723112209
ENSSSCG00000032642,0.16106319587103451,0.5752939949173518,0.6046666455572609,1.3410238363456473,0.07029349093150587
ENSSSCG00000032645,0.5639245289994409,0.5007081396201222,0.7661994554048976,1.8308321240244607,-0.1721442800885283
ENSSSCG00000032648,0.3175483142979293,0.6525655930800016,0.6880447055624195,1.6581586129403503,-0.14809303195837165
ENSSSCG00000032650,0.5225857162754199,1.0312142282288572,1.473706829527871,3.0275067740321484,0.03509170633715976
ENSSSCG00000032655,0.4582840062491711,1.1458288335080162,1.004332743613614,2.608445583370801,-0.01292103162333645
ENSSSCG00000032658,0.20616128032649372,0.7400111008462835,0.6990607613934456,1.645233142566223,-0.26310042723410054
ENSSSCG00000032660,0.27049842403745306,0.3567938238709546,0.5964720128974296,1.2237642608058372,0.16119325558150444
ENSSSCG00000032669,0.8311190392754626,0.6849399564523645,0.2880792908628059,1.804138286590633,-0.3506171900944201
ENSSSCG00000032674,0.387290695873787,0.7941034221979125,0.9269933724004182,2.1083874904721176,-0.2593031299880884
ENSSSCG00000032690,1.0356021004165143,0.8969259172850594,1.665141184388573,3.597669202090147,0.0022827314315321734
ENSSSCG00000032702,0.960399047185539,0.5629745413116333,0.5447427424951423,2.0681163309923143,0.062398945062711375
ENSSSCG00000032709,0.6726882925422434,0.3635328984134306,1.0185628356057208,2.0547840265613946,-0.3308333883174471
ENSSSCG00000032710,0.18258550482984567,0.6012217988249262,0.6713729244418803,1.4551802280966522,-0.11453901936444723
ENSSSCG00000032711,0.3912546609084649,0.9499837647063588,0.8683210723561423,2.2095594979709663,0.1917419804404005
ENSSSCG00000032723,0.27210741495659774,0.9699406371192777,0.8484409508856625,2.090489002961538,0.043687393232611595
ENSSSCG00000032726,0.2896193268887756,0.8763172651887384,1.0290457696751267,2.1949823617526407,0.0008707351550682076
ENSSSCG00000032728,1.2930617733081422,0.5191263718173171,1.600691676911735,3.412879822037194,-0.19118823752944356
ENSSSCG00000032739,0.24268110275512875,1.414701118233055,1.323762889996886,2.9811451109850697,-0.1718935369251116
ENSSSCG00000032740,0.4337282799980898,0.37133461059804473,0.35883909822754806,1.1639019888236826,-0.19899643115837565
ENSSSCG00000032741,0.45626838289562255,0.5812724546409416,0.45874353532755063,1.4962843728641146,-0.273899502485868
ENSSSCG00000032748,0.3242101613251074,0.8946626911086724,0.8456318371846065,2.0645046896183863,0.008724455981119587
ENSSSCG00000032752,0.4011964629950231,0.4657569920937165,0.3503760368877231,1.2173294919764628,-0.07096175156856703
ENSSSCG00000032768,0.38606268063101,0.4044498793863758,0.568678508633046,1.3591910686504318,0.12953009107216998
ENSSSCG00000032778,0.36503232510245104,0.6510176779847395,0.6440498101350545,1.660099813222245,-0.4811746328446851
ENSSSCG00000032781,0.5493667832299175,0.38574152657582855,0.5234870178445203,1.4585953276502663,-0.12443195740508575
ENSSSCG00000032798,0.3420476895641803,0.5874572011941255,0.4222832182422285,1.3517881090005344,-0.18330502501123505
ENSSSCG00000032804,0.5266434788014112,0.9497853498600541,0.8099775028242392,2.2864063314857046,-0.1780131601113275
ENSSSCG00000032806,0.886603444480688,1.1689366954379896,1.0323810737043941,3.087921213623072,0.004272613960634335
ENSSSCG00000032814,0.3798738407185021,0.8809348283954817,0.7726238863301275,2.033432555444111,-0.32961368920948714
ENSSSCG00000032819,0.5337861820113735,1.1092661500105523,1.351511842983103,2.9945641750050287,-0.040793456419008806
ENSSSCG00000032820,0.4655949778375021,0.7541676342419188,0.3323216952094574,1.5520843072888784,-0.2588634749892985
ENSSSCG00000032827,0.23115475770238605,0.5218046363453578,0.6511075124174656,1.4040669064652094,-0.12210286892321888
ENSSSCG00000032831,0.5134778676923369,0.7993499190445907,1.0722977573802777,2.385125544117205,-0.07910628158360163
ENSSSCG00000032834,0.24525998081485154,0.597151793530723,0.7693807584211322,1.6117925327667066,-0.10490160255240466
ENSSSCG00000032835,0.5665648365737683,1.1587464987841696,1.3718783523041116,3.0971896876620493,0.052568048706106256
ENSSSCG00000032836,0.06010836794498366,0.5017605916960053,0.49416733713130295,1.0560362967722918,-0.2576296320081334
ENSSSCG00000032846,0.4885214188209832,0.996375627238643,0.8065190055422443,2.2914160516018707,-0.20101616453679416
ENSSSCG00000032860,0.26744646780640835,0.8358964519420643,0.999389280907658,2.1027322006561304,-0.015119065907490918
ENSSSCG00000032861,0.2230112967824162,0.8444414442686248,0.807772279944531,1.875225020995572,-0.3382955875728272
ENSSSCG00000032878,0.5330019003828502,0.6437362980230429,0.6142258589345551,1.7909640573404482,-0.18627797450366282
ENSSSCG00000032896,0.5829558503371784,2.0616485210310436,1.6410717047426688,4.2856760761108905,-0.139718352024264
ENSSSCG00000032905,0.35802330493939555,1.0575067675577876,1.0930950118367648,2.508625084333948,-0.03179945990330719
ENSSSCG00000032908,0.6532655402853558,0.9296325706706771,1.1246827156887171,2.70758082664475,0.10623214642858932
ENSSSCG00000032909,0.2768331683449382,1.0982455649387857,1.187947759023112,2.563026492306836,-0.28233573771376186
ENSSSCG00000032910,0.30621625812691466,0.5001157390573718,0.6739382494446919,1.4802702466289785,0.045905322899266916
ENSSSCG00000032914,0.5567095618744252,0.7154949285381987,0.7397505543714058,2.0119550447840298,0.05190032949357987
ENSSSCG00000032916,0.9080228329194837,1.261192969438286,1.3102578000679808,3.4794736024257507,0.18781185232603814
ENSSSCG00000032921,0.17020099485473986,0.5879133440170545,0.5663730810821258,1.32448741995392,-0.162270383307596
ENSSSCG00000032929,0.49874672727874253,0.3384340347056481,0.6608039080594427,1.4979846700438333,-0.20172988299130715
ENSSSCG00000032932,0.07881135014781056,0.568549531873426,0.590573982727809,1.2379348647490458,0.2928510744999675
ENSSSCG00000032936,0.41372562062754975,0.9075282644205028,0.6820521758428264,2.0033060608908793,-0.37836468429598163
ENSSSCG00000032941,0.3995482988203868,0.7296862232026298,0.6821167917576715,1.8113513137806883,-0.22330792886141557
ENSSSCG00000032942,0.2983204056564425,0.5036939864240769,0.2924184979080199,1.0944328899885392,0.030937481570555234
ENSSSCG00000032946,0.6659161349287421,0.5602290354081442,0.8140624922762266,2.040207662613113,-0.2076899729015285
ENSSSCG00000032947,0.646126130627709,1.163524934776371,1.1251587260325489,2.9348097914366287,0.07593401603229868
ENSSSCG00000032949,0.5588115163886739,0.7675426715816946,0.37782810494295715,1.7041822929133255,-0.24502602398397916
ENSSSCG00000032956,0.22265788632991315,0.5713621214324559,0.555239272264316,1.349259280026685,-0.19903225341937383
ENSSSCG00000032957,0.2708856295980827,0.3251135723858096,0.38526288629491745,0.9812620882788098,-0.10380649513085828
ENSSSCG00000032960,0.12864038667006086,0.6235380872431079,0.7021878167442376,1.4543662906574064,-0.09788505538716297
ENSSSCG00000032961,0.28498822867910645,0.6319796009711969,0.8778829414039153,1.7948507710542185,-0.031362707496844534
ENSSSCG00000032962,1.317364346216917,1.7562512043849294,2.7818732649570492,5.855488815558895,-0.2359037653629078
ENSSSCG00000032967,0.27571938620228303,0.8901388316261349,1.0062344308584927,2.1720926486869105,-0.08095465561342666
ENSSSCG00000032968,0.20383041842551644,0.217726946772744,0.3489604968504555,0.770517862048716,0.006671772656845172
ENSSSCG00000032971,0.5694604800470123,0.7275242594639117,0.8758675009994095,2.1728522405103337,-0.4567350815017931
ENSSSCG00000032973,0.5124346682822509,0.6446383814128621,0.7511673225389459,1.9082403722340588,-0.06902455403155007
ENSSSCG00000032979,0.5440722311785496,0.688090298644717,0.41138891184355486,1.6435514416668218,-0.19979924586005912
ENSSSCG00000032985,0.7891732485070057,0.303794213505297,0.6226966351362704,1.715664097148573,0.04114619485936315
ENSSSCG00000033000,0.5242679057526713,0.15847131761060015,0.5103088726587752,1.1930480960220469,-0.16378690568284116
ENSSSCG00000033019,0.5024448150171805,1.2719690735628817,1.685049929945788,3.45946381852585,0.23257512277636114
ENSSSCG00000033025,1.0515041447101865,0.7515788446646666,1.3242005980279346,3.1272835874027876,-0.18167614753826614
ENSSSCG00000033027,0.5552362347994357,1.2860638402824642,0.8595239489482824,2.700824024030182,0.06957275173727805
ENSSSCG00000033030,0.37366195852305417,0.3667817536635869,0.1497415990638088,0.8901853112504499,-0.14290786120556873
ENSSSCG00000033032,0.36126223244869865,0.3266421321038458,0.05304020068623287,0.7409445652387773,-0.08385025913174908
ENSSSCG00000033036,0.07758779942767334,0.5381388440035361,0.6028764478833607,1.21860309131457,-0.0012391783417213767
ENSSSCG00000033043,0.13400643030951556,0.3028056291503089,0.3825689468633495,0.819381006323174,-0.14057328389328272
ENSSSCG00000033051,0.12321007953606188,0.334834434853175,0.29936281012267774,0.7574073245119146,-0.07605412925627726
ENSSSCG00000033095,0.6300492447639312,1.2421234114821886,1.0166729971453203,2.8888456533914404,-0.10965820633085949
ENSSSCG00000033106,0.3046775433059013,0.6296521285605333,0.4930497657564896,1.4273794376229243,-0.3862695905096323
ENSSSCG00000033107,0.45770484243184034,1.369752353169264,1.2634325780659157,3.09088977366702,-0.017562483235657896
ENSSSCG00000033112,0.17890540365872998,0.6162966203671927,0.6129420874891939,1.4081441115151165,-0.11971200290760185
ENSSSCG00000033113,0.12270776571790828,0.5117712115588835,0.5695160152304185,1.2039949925072104,-0.14764798991203593
ENSSSCG00000033115,1.0008584191058956,0.716466954995779,0.5206399153323324,2.237965289434007,-0.25724850174800395
ENSSSCG00000033117,0.20228611362510246,0.5133923907749854,0.6123261560458714,1.3280046604459592,-0.1912513678859521
ENSSSCG00000033120,0.3025386014900047,0.3622184120574628,0.266734666746777,0.9314916802942446,-0.053581902370841955
ENSSSCG00000033123,0.24666109377695605,1.2018294584964686,1.298628576256007,2.7471191285294316,-0.10275455585578817
ENSSSCG00000033126,0.6393592121159777,0.6008405239204098,0.3827562459262753,1.6229559819626627,-0.24025747795116742
ENSSSCG00000033144,0.8503140478455986,1.0751210313744761,1.259561603301516,3.1849966825215907,-0.07086195910141374
ENSSSCG00000033149,0.40107643063807147,0.4353417729706752,0.41081950100400577,1.2472377046127523,0.11735876616990867
ENSSSCG00000033155,0.4391013242382522,0.4500900221338596,0.6096615100047573,1.4988528563768693,0.1087219865604119
ENSSSCG00000033156,0.4726693937592156,0.5653515466449762,0.14213036642109755,1.1801513068252893,-0.09475402759607476
ENSSSCG00000033161,1.1468100500315634,0.666300741428666,1.2688911181917661,3.0820019096519955,-0.02353309605938034
ENSSSCG00000033167,0.7272666152638051,0.6773187184179287,0.8164827165314739,2.2210680502132076,-0.08522581725999996
ENSSSCG00000033169,0.24050891493748408,2.1198712619762783,2.0286456880144557,4.389025864928218,0.1780855983633168
ENSSSCG00000033175,0.48991566458223973,0.8187778052823675,0.7218250183264012,2.0305184881910083,-0.10551373979322076
ENSSSCG00000033176,0.251532960519638,0.3369831315709191,0.47144200318011575,1.0599580952706729,-0.25454336046155546
ENSSSCG00000033177,0.5126429201907605,1.9598149543420549,2.384221999017426,4.856679873550242,0.023130154065427604
ENSSSCG00000033178,0.5279557132357721,0.6736133731958327,0.4576655969887571,1.6592346834203617,-0.321809535639541
ENSSSCG00000033180,0.5510097821999829,1.0290811616416193,0.5970374969715254,2.1771284408131275,-0.04741059622981656
ENSSSCG00000033185,0.8230484055805124,1.3198292328778638,1.5488065328884055,3.6916841713467816,-0.10583880585008472
ENSSSCG00000033189,0.27573942148472685,0.2890677275063287,0.5365900649200354,1.101397213911091,-0.24708616423984078
ENSSSCG00000033196,0.2707464204994097,0.5534985673326551,0.7623749312626599,1.5866199190947246,-0.04160763257954029
ENSSSCG00000033199,0.4383599636306134,0.746098268708698,0.7062988547204382,1.8907570870597494,-0.3059200224489637
ENSSSCG00000033213,0.5304398901696755,1.0563628272523473,1.127436700089546,2.7142394175115685,-0.21990695331873272
ENSSSCG00000033222,0.23881572705292659,0.6198267523662679,0.6177357928527569,1.4763782722719514,-0.15213131434163826
ENSSSCG00000033228,0.22169807799762273,0.6123934690704139,0.6492681326447368,1.4833596797127735,-0.122009203765524
ENSSSCG00000033245,0.31348756533148914,0.31433712339240405,0.4398183633854797,1.067643052109373,-0.2975449541566269
ENSSSCG00000033257,0.8056262466665297,0.9324225260290864,0.6496639830333569,2.387712755728973,-0.1889155062020168
ENSSSCG00000033259,0.21633940945960975,0.37971395282666764,0.5446566914120289,1.1407100536983061,0.02596235308890795
ENSSSCG00000033268,0.13877295598232645,0.5963137452685838,0.674247024218321,1.409333725469231,-0.15259430286677106
ENSSSCG00000033272,0.2951276058565549,1.640590900860164,1.7002491821964805,3.6359676889131993,-0.08691864649285057
ENSSSCG00000033278,0.4703524343574345,0.9018214246803701,1.2269410786974138,2.5991149377352185,-0.0723692525781546
ENSSSCG00000033291,0.2679412606963586,0.3835952462231914,0.4379980591033301,1.0895345660228801,-0.12003816077430002
ENSSSCG00000033295,0.30863631634908045,0.8115627550300512,0.9967341584212768,2.1169332298004084,-0.05487746506871057
ENSSSCG00000033298,0.516089331545095,1.5478001795689629,1.2192551629808535,3.2831446740949115,-0.2012432467056273
ENSSSCG00000033303,0.37442404239469046,0.4630538924372048,0.7767996556227377,1.614277590454633,-0.1606462814300665
ENSSSCG00000033314,1.228550723177569,0.452158244742996,1.4736733609092627,3.1543823288298274,-0.13259086119847976
ENSSSCG00000033319,0.5158724910920834,1.011558340718295,1.0245599850133011,2.55199081682368,-0.04081214458850164
ENSSSCG00000033323,0.9003720649749198,0.8092741704801032,1.2857702261305564,2.995416461585579,0.10019261430709055
ENSSSCG00000033324,0.2528171711138901,0.3367451712160741,0.39318470958345925,0.9827470519134236,-0.29033863076293936
ENSSSCG00000033326,0.14588808377299034,1.9916008630913784,1.9157757249964307,4.053264671860799,0.09710853605023954
ENSSSCG00000033329,0.12880087365394605,0.5094661852704304,0.5682965816764483,1.2065636406008247,-0.14119736803889021
ENSSSCG00000033332,0.3877055981893316,2.1627703548447434,2.018194369568567,4.568670322602642,0.02964061264917459
ENSSSCG00000033334,0.3999994026137176,0.7880827964788693,0.6187981652396631,1.8068803643322502,-0.058352379031703254
ENSSSCG00000033335,0.18311784433067774,1.3292633320047162,1.1750379346647613,2.687419111000155,-0.13561223255470478
ENSSSCG00000033340,0.2493212589855833,0.7677623106146945,0.9443964950004813,1.961480064600759,-0.1829419982210489
ENSSSCG00000033356,1.011631592233917,0.9666651215210951,0.9999712233635735,2.9782679371185856,-0.20560779667695284
ENSSSCG00000033366,0.13385249770387253,0.919900514212948,0.970348251572734,2.0241012634895545,-0.21931868125517703
ENSSSCG00000033367,0.2765806454218005,0.5212998502512741,0.7489207675904347,1.5468012632635093,-0.19551130724237584
ENSSSCG00000033368,0.35151010701904745,1.6349008276960788,1.8224974027351017,3.808908337450228,0.16636600042941327
ENSSSCG00000033373,0.34397125280260693,0.39431237948070563,0.44587505123323035,1.184158683516543,-0.2557912410168335
ENSSSCG00000033374,0.2635418151903434,2.190759973728186,1.9635599487387259,4.417861737657255,0.12232453538970384
ENSSSCG00000033377,0.6991473137452017,0.5395827982463085,0.48445824107433116,1.7231883530658414,-0.2245502181466448
ENSSSCG00000033390,0.6790170239124055,2.3282096794238623,1.8799816409679886,4.887208344304256,-0.10582392276249487
ENSSSCG00000033392,0.49109937803358805,0.8226903459480361,1.2127939914898649,2.526583715471489,-0.2976848682593402
ENSSSCG00000033395,0.886690687187964,0.6660358795999362,0.6103193753316096,2.16304594211951,-0.27251055419964565
ENSSSCG00000033402,0.3087204363899466,1.0084139525241904,0.7914095121524948,2.108543901066632,0.08808242378837525
ENSSSCG00000033411,0.4072219507818016,0.17647263719172285,0.4684859655998117,1.0521805535733362,-0.06015489412780279
ENSSSCG00000033420,0.562427621982282,0.5984026624848455,0.41700191348333787,1.5778321979504653,-0.15679245821241466
ENSSSCG00000033421,0.752221411481778,0.7460156127582084,0.6936215405965359,2.1918585648365223,0.06719534698667369
ENSSSCG00000033422,0.20525473092663743,0.26581198706377285,0.2775857446675769,0.7486524626579871,-0.17208053632981118
ENSSSCG00000033424,0.8494619299288035,1.6148798098854718,2.362417338401085,4.82675907821536,-0.25573763634083674
ENSSSCG00000033442,0.27591034858057034,0.7712913787766769,0.7126438664217015,1.7598455937789486,-0.21145718223275412
ENSSSCG00000033443,0.8666623389432176,0.87778061398915,0.9638986280821161,2.7083415810144835,-0.09880106307074771
ENSSSCG00000033444,0.4043974395130178,0.9282576217541142,0.9855695355228521,2.318224596789984,0.1004272277401382
ENSSSCG00000033450,0.11977285134412499,1.3899445534757462,1.4206854718310626,2.930402876650934,-0.026931555682186303
ENSSSCG00000033464,1.3370033758127302,2.014987158190504,1.0856101103677986,4.437600644371033,-0.05239928774380931
ENSSSCG00000033480,0.7872047705382363,1.2058093648241086,1.8751167212932611,3.868130856655606,-0.09841095445379876
ENSSSCG00000033497,0.13019818370206646,1.4713883270122463,1.3762389377358348,2.9778254484501474,-0.21969017986376135
ENSSSCG00000033500,0.7822250780631352,1.1934085729060808,1.4456826034722055,3.4213162544414217,0.12107732685009644
ENSSSCG00000033516,0.32476828273665703,2.6020146529896393,2.4143945452351723,5.341177480961468,0.07027103590944138
ENSSSCG00000033518,0.4547928019043002,1.09948665192083,0.8292068324541128,2.383486286279243,-0.10985835935019271
ENSSSCG00000033520,0.41576305210994974,0.7690410975160468,0.7413844213399177,1.9261885709659141,-0.1636434718776608
ENSSSCG00000033524,0.3432496755718023,0.9066197125171732,0.7614914356202113,2.011360823709187,-0.12490873915555492
ENSSSCG00000033526,0.09221710712214383,0.40858743948902454,0.39792944800271374,0.8987339946138821,0.03414682663012866
ENSSSCG00000033527,0.6993650661589479,0.4045206385171767,0.40783031682264226,1.5117160214987668,-0.051972456635187854
ENSSSCG00000033528,0.27713838338726376,0.8083631939974706,0.6206044202192941,1.7061059976040283,-0.16423517431021176
ENSSSCG00000033539,0.09662294145816053,0.36138031658318437,0.36209389214134746,0.8200971501826924,-0.12942063417694694
ENSSSCG00000033558,0.300457999593034,0.8790779853463161,1.0200367177933058,2.199572702732656,-0.3225822177167367
ENSSSCG00000033564,0.20439047579666592,0.6643824375339766,0.5072989834489838,1.3760718967796264,-0.043446653898024955
ENSSSCG00000033568,0.31798993091547073,0.4927725714287529,0.45227911020100225,1.263041612545226,-0.06230354924561139
ENSSSCG00000033570,0.18193856406193515,0.6161976736533437,0.6585291642289681,1.4566654019442469,-0.10506953443074654
ENSSSCG00000033574,0.12671768653176785,0.920132623133452,0.8977941419258653,1.944644451591085,-0.1772660296848835
ENSSSCG00000033577,0.3684843659605602,0.8445296213280566,0.9840876789088793,2.1971016661974963,-0.05430367027105702
ENSSSCG00000033591,0.812922320288418,0.45932615573864033,0.5728722235904364,1.845120699617495,0.045353781698632065
ENSSSCG00000033593,0.2773100909051584,0.26579841662372494,0.09157136804001155,0.6346798755688948,-0.20716003223274762
ENSSSCG00000033601,1.473418578716806,0.990712935135588,1.9033231068132488,4.367454620665643,-0.1439766077866305
ENSSSCG00000033602,0.411504698040587,0.8360338989137744,0.8235603687740181,2.0710989657283796,-0.0022215519366671913
ENSSSCG00000033608,0.05415434286873881,0.5457941845473157,0.5658569696469192,1.1658054970629737,-0.08248064658119708
ENSSSCG00000033611,0.3142525730319364,0.6781943113832991,0.8771341875474515,1.869581071962687,-0.11562279850051198
ENSSSCG00000033627,0.27921393421530055,0.2724781907860647,0.4428041768001165,0.9944963018014819,0.05711274052550983
ENSSSCG00000033634,0.33074655047686663,1.0337503124162837,0.9299938448947608,2.294490707787911,-0.1835719592883771
ENSSSCG00000033635,0.1562073105346086,0.9967126870055588,1.1002254125258202,2.2531454100659873,-0.06380267732177607
ENSSSCG00000033636,0.25496167559066935,0.5608749341930453,0.7005872990487573,1.516423908832472,-0.06700341283057097
ENSSSCG00000033647,0.6176610430431545,0.5626223878114843,0.510735978366997,1.691019409221636,-0.15214319608157506
ENSSSCG00000033648,0.2836862438178986,0.6397651467053076,0.7886742603744369,1.7121256508976432,-0.18959235050560314
ENSSSCG00000033653,1.0516451962608504,1.0737130614729458,1.2911490484637138,3.41650730619751,0.07737230492983657
ENSSSCG00000033654,0.13900737272472832,0.21544061024726316,0.3196325150660676,0.674080498038059,-0.1259221699242307
ENSSSCG00000033655,0.5375507748121113,1.019917142699667,0.9291830959729601,2.4866510134847384,-0.23185980100436027
ENSSSCG00000033657,0.268858404747901,0.6642071491953483,0.6982270923788625,1.6312926463221118,-0.23025199937350646
ENSSSCG00000033669,0.49982960227920614,1.824886290907987,1.7682628136059284,4.092978706793121,-0.016810546458996864
ENSSSCG00000033672,0.19730467046698655,0.3586738530928916,0.2684428002410504,0.8244213238009286,-0.005330544669278705
ENSSSCG00000033687,0.7190051662108006,0.7560121984090141,0.6276304880718544,2.102647852691669,0.08907480635047121
ENSSSCG00000033690,0.9367065843440108,0.5622679773913875,0.8680494906747264,2.3670240524101245,0.08227409428237417
ENSSSCG00000033692,0.2595411196875746,0.4798491877971922,0.3445371601485763,1.083927467633343,-0.1706858076150621
ENSSSCG00000033697,0.4288534562355396,2.007330595919669,2.308407638987034,4.744591691142242,0.12123115502663812
ENSSSCG00000033700,0.5380098762466204,1.109537075869001,0.8289728346562216,2.4765197867718434,0.09599814197335944
ENSSSCG00000033706,0.6177493829991098,0.4297078099079024,0.22795958135150987,1.275416774258522,-0.14673512497570843
ENSSSCG00000033708,0.19447084151756075,1.049036596675957,0.9626810849556502,2.2061885231491676,-0.22658898897708643
ENSSSCG00000033731,0.23523269969984292,0.7057986363491353,0.5794589333056771,1.5204902693546554,0.17591524076504877
ENSSSCG00000033732,0.3059444480711384,0.2908470617925218,0.4760345683812259,1.0728260782448862,-0.06373958455641143
ENSSSCG00000033733,0.12438234755831448,2.5510495663063413,2.431558392019061,5.106990305883716,0.07176316083209304
ENSSSCG00000033739,0.21076117264058333,0.43716206218287756,0.6070628666362263,1.2549861014596873,-0.17525638190308315
ENSSSCG00000033741,0.4638463549387259,0.34246805538822483,0.7315925800576492,1.5379069903845999,0.05530216202580085
ENSSSCG00000033753,0.7851508963829469,0.7266969826614955,0.4293260147648061,1.9411738938092487,-0.039990941679663876
ENSSSCG00000033757,0.25715961940888976,0.9037460489559398,0.9677537494443849,2.1286594178092146,0.2622738264408332
ENSSSCG00000033759,0.565031397087402,0.7018217840856267,0.444797763540852,1.7116509447138808,-0.3190875909360048
ENSSSCG00000033763,0.3703477197149536,0.6427968411012419,0.3302161004001053,1.343360661216301,-0.12456976305609305
ENSSSCG00000033768,0.30051185840989825,0.5491632397783326,0.6966761925654094,1.5463512907536403,-0.101299333805387
ENSSSCG00000033770,0.5210334065792325,0.44739411433908804,0.40228064501405586,1.3707081659323763,-0.34394021820905674
ENSSSCG00000033786,0.6663486190276855,1.078419245820338,0.7185758144084627,2.4633436792564862,-0.11960946594776833
ENSSSCG00000033791,0.3660004303183573,0.3067074826243479,0.2681703548071915,0.9408782677498966,-0.02436484907280609
ENSSSCG00000033800,0.2597056734794007,0.7572443471228665,0.8073036757895188,1.8242536963917861,-0.09356982863675418
ENSSSCG00000033811,0.5541391470425582,0.9619402772515943,1.0925055901654115,2.608585014459564,-0.2389528696941912
ENSSSCG00000033814,0.5139142878372412,0.6594975355520354,0.7205564304714256,1.8939682538607021,-0.04293771440419758
ENSSSCG00000033823,1.028556840794524,1.1732465660314302,0.5296851637258964,2.731488570551851,-0.04354807069060425
ENSSSCG00000033833,0.4489638072174392,0.45976736887769615,0.20070473448207524,1.1094359105772105,-0.27216451922949725
ENSSSCG00000033842,0.5010931216285176,2.100490419086624,1.7176041879589978,4.319187728674139,0.033081455979217494
ENSSSCG00000033843,0.1635988633356431,0.41596985991771934,0.2901774624114732,0.8697461856648356,-0.1379716615264168
ENSSSCG00000033849,0.5434020860477627,1.3629594942254022,0.9257818764947131,2.832143456767878,-0.19952189045283344
ENSSSCG00000033854,0.5815838240420309,1.7482629584936618,2.1533131730862203,4.483159955621913,0.17848086816827446
ENSSSCG00000033860,0.2589062924148469,0.9694677121376323,0.8813370943280316,2.109711098880511,-0.16385154428791104
ENSSSCG00000033871,0.17468412412720508,0.450034298493391,0.3652896910919395,0.9900081137125356,0.0010551273173827758
ENSSSCG00000033876,1.428006920334004,1.262023712415807,0.6031826981827484,3.2932133309325593,-0.20262533858651433
ENSSSCG00000033879,0.4011535070569173,0.6884468081248292,0.6414298885824072,1.7310302037641536,-0.25252116750126574
ENSSSCG00000033885,0.6155725248361725,0.9893115047759415,0.48359044936809803,2.088474478980212,-0.04282959261410809
ENSSSCG00000033894,0.2557006881385843,0.6781665410486113,0.6327742158841696,1.5666414450713653,-0.20537852335287515
ENSSSCG00000033912,0.5461431344216615,0.24404198953432688,0.5300222405228395,1.320207364478828,-0.13268026612090422
ENSSSCG00000033919,0.46562653962186473,0.6958877414124164,0.3924722462153214,1.5539865272496025,-0.3782867689189032
ENSSSCG00000033922,0.11532318678353315,0.6580480164131132,0.7712322756222826,1.544603478818929,-0.02898532205589184
ENSSSCG00000033926,0.1754424501220569,1.0250527370495728,0.9587286063591111,2.1592237935307406,0.03822175589202015
ENSSSCG00000033941,0.14735763920054568,0.5571933872804652,0.5684508263797694,1.2730018528607803,-0.2942715682891623
ENSSSCG00000033944,0.30886976648512093,0.6311865653795254,0.6677966245816092,1.6078529564462556,-0.027241617512998462
ENSSSCG00000033945,0.209636286985528,0.5994263660705472,0.6707284518050687,1.4797911048611438,-0.09403751272909179
ENSSSCG00000033958,0.12141537989607085,0.5435174045699467,0.514177330423869,1.1791101148898866,-0.18615972496978783
ENSSSCG00000033971,0.31159604466812785,0.2898551314981337,0.40669183383261026,1.0081430099988717,-0.13222088696641335
ENSSSCG00000033987,0.6001006261203644,0.9274153926288982,0.8285156234959505,2.356031642245213,-0.12021977429801975
ENSSSCG00000033998,1.1234839952845677,1.3417750278211704,1.6226991142652676,4.087958137371006,-0.10627152727777595
ENSSSCG00000034012,0.4158745896487632,0.17644648478903424,0.4860283884811144,1.0783494629189119,-0.018433569883674686
ENSSSCG00000034017,0.5378052816028823,0.668075173028667,0.5544105534129667,1.7602910080445162,-0.20220806316164733
ENSSSCG00000034019,0.6832817035581834,1.9700017024492031,2.074320414545823,4.72760382055321,0.11591166584820176
ENSSSCG00000034027,0.5161349229745589,0.5669290025447422,0.6065678604689588,1.68963178598826,-0.21773146213501288
ENSSSCG00000034031,0.21496945752663002,0.8758243711277958,0.72031186401252,1.811105692666946,-0.10478240426466869
ENSSSCG00000034035,0.4713760428816531,0.6889122600982349,0.5713321855468787,1.7316204885267668,0.01364631341180199
ENSSSCG00000034045,0.22004664419266468,0.6849203892923236,0.6089435383879843,1.5139105718729726,0.1113000809264742
ENSSSCG00000034058,0.24658020990885912,1.4241338452652461,1.283634738145305,2.9543487933194106,0.14640011911868187
ENSSSCG00000034066,0.697051331425204,1.1070725887206512,1.2191240609387568,3.0232479810846122,-0.04396042154298399
ENSSSCG00000034070,0.23040122239030653,0.7203390686208144,0.5386058258734057,1.4893461168845266,-0.21904650614376983
ENSSSCG00000034074,0.9663836826190975,0.4968311318081865,0.6043063562430965,2.0675211706703807,-0.08652163793365711
ENSSSCG00000034086,0.6788342472674843,1.5408566924580924,1.2686999546862103,3.488390894411787,0.17671764224972183
ENSSSCG00000034090,0.4645078909335453,0.5905557895838314,0.49989994734388576,1.5549636278612624,-0.0798215772539945
ENSSSCG00000034105,0.37863028034885293,1.2280475560634918,1.4348401408950036,3.041517977307348,-0.06958016294541469
ENSSSCG00000034113,0.6620522862284658,2.416146860126216,2.5605047787935,5.638703925148182,-0.36363925945889397
ENSSSCG00000034120,0.6515113929175391,1.1328381164681371,1.6395215028464463,3.4238710122321225,-0.3627136454114148
ENSSSCG00000034122,0.8412392985746119,0.7946143094115568,0.6376910899336381,2.2735446979198066,-0.0947426591035401
ENSSSCG00000034124,0.3030214887628848,0.8300640999609775,0.9263870009535295,2.0594725896773918,0.07031417453086922
ENSSSCG00000034129,0.4516481749462424,1.469838415066776,1.7518914867811912,3.6733780767942097,0.04842641421178877
ENSSSCG00000034137,0.18706664769375023,1.2350658530121388,1.359100273648833,2.781232774354722,0.2285895742095149
ENSSSCG00000034144,0.4783796442551344,0.32724552852813327,0.7093661345405752,1.514991307323843,-0.012007790209391791
ENSSSCG00000034146,0.08629590169088863,0.2442196896199964,0.303873316135048,0.634388907445933,-0.15462919442510561
ENSSSCG00000034147,0.13579677445384675,1.1889523429956839,1.1429053178566952,2.467654435306226,0.1780688857259921
ENSSSCG00000034151,0.12101394836954081,0.8179492377414403,0.8591767869916733,1.7981399731026544,-0.1546687430962945
ENSSSCG00000034153,0.27268273856806635,0.5315106985099028,0.6082653513174282,1.4124587883953974,-0.04993048603780713
ENSSSCG00000034156,0.26376443696108093,1.2967836675955722,1.4601386283127862,3.0206867328694393,-0.044191938861016584
ENSSSCG00000034159,0.3510884752466171,1.4858879650282615,1.7605288382126525,3.597505278487531,-0.011713413763467
ENSSSCG00000034173,0.2065732684426691,1.2906978329086296,1.0902132323782034,2.587484333729502,-0.11810016244955898
ENSSSCG00000034174,0.5270582453418228,0.6060421317729705,0.6567025613517079,1.7898029384665013,-0.06793411063232888
ENSSSCG00000034190,0.5902280489659418,1.3099842207584282,1.2710553283925312,3.171267598116901,-0.041389605516068954
ENSSSCG00000034192,0.3003891693122774,1.1418908219462995,0.9682036407458172,2.410483632004394,-0.3057300411724775
ENSSSCG00000034197,0.364934474892671,0.5695070694367387,0.7123386620138304,1.64678020634324,-0.0914188056825205
ENSSSCG00000034200,0.10698724255700733,0.49272997899650606,0.4932631471005691,1.0929803686540824,-0.13789698650986254
ENSSSCG00000034203,0.21280600717546078,0.37533945748084974,0.5634843388369939,1.1516298034933043,-0.06459511943192334
ENSSSCG00000034217,0.6607635062587733,1.15783136849642,1.4729028952272039,3.2914977699823975,0.01255014257353395
ENSSSCG00000034227,0.07957351657454413,1.9554505480422282,1.904536905575488,3.93956097019226,0.18790137055420403
ENSSSCG00000034229,0.501381407983815,0.607657804994426,0.38194898968928115,1.490988202667522,-0.13401511395371593
ENSSSCG00000034230,0.6229574730145585,1.587106561854684,1.749092637232029,3.9591566721012716,-0.0027305132435263596
ENSSSCG00000034239,0.8983281806295307,1.012492827195745,0.8018661440177715,2.7126871518430473,-0.21212194009096255
ENSSSCG00000034242,0.9875613162130459,0.6625458669212682,0.6198967518342525,2.2700039349685666,-0.2629101735675999
ENSSSCG00000034253,0.3837189714357246,0.9000432646161617,1.2467303822216045,2.530492618273491,-0.03876038654029078
ENSSSCG00000034261,0.429864495156119,0.7729385743188805,1.0063052514853317,2.209108320960331,0.005170829024627838
ENSSSCG00000034262,0.10848531531189638,0.4332887075012403,0.47723607005050134,1.019010092863638,-0.13452426554536034
ENSSSCG00000034265,0.666298243472561,0.8734095294479457,0.8495570786452719,2.3892648515657786,-0.2784488444679181
ENSSSCG00000034278,0.4469390815558641,1.483705081310754,1.5784683463079365,3.5091125091745545,0.07043455650933371
ENSSSCG00000034280,0.4191461311914616,0.9291281742664659,1.0471086980718367,2.395383003529764,-0.296651196039594
ENSSSCG00000034288,0.3376598226448103,0.40442601162647707,0.47372347413790855,1.2158093084091959,-0.050290924120312636
ENSSSCG00000034290,0.6958331011477689,0.8040597198236276,0.4227319645864471,1.9226247855578436,-0.11170080585017314
ENSSSCG00000034291,0.2583448126596452,0.28287467079794126,0.4469255213434295,0.9881450048010161,-0.5594296986994141
ENSSSCG00000034292,0.5780597723054652,0.2628899558865713,0.5688599354675948,1.4098096636596313,-0.1182802768765604
ENSSSCG00000034293,0.13081756215448975,0.5971978335445585,0.7222915379036534,1.4503069336027017,0.027054305640593215
ENSSSCG00000034297,0.545066585821263,0.5948119027802885,1.02875524856514,2.1686337371666915,-0.009605959236903506
ENSSSCG00000034301,0.35601225507246403,0.4589137853407685,0.7686601445265694,1.583586184939802,-0.08371720217255559
ENSSSCG00000034314,0.5673797419051371,1.2361382943576802,0.9345660012537367,2.738084037516554,0.20772227664820186
ENSSSCG00000034318,0.6659139366424567,1.2222981324345874,0.8202493542747751,2.708461423351819,0.07435640653990948
ENSSSCG00000034321,0.4147466852828519,1.110535243908279,1.5235754465287716,3.0488573757199022,-0.43799129521853913
ENSSSCG00000034339,0.7034622424081312,0.7851901688554105,1.2453307887421712,2.7339832000057127,-0.09211997378315097
ENSSSCG00000034348,0.10773461217569578,0.5132901371769302,0.53303220396695,1.154056953319576,-0.13397072583737685
ENSSSCG00000034350,0.10089307166944156,0.3643979162430954,0.45604018321547374,0.9213311711280108,0.11593110253240459
ENSSSCG00000034357,0.6628375086231396,0.9398186646772175,0.7305937145626843,2.3332498878630417,-0.06580740727704086
ENSSSCG00000034364,0.13057739768889137,0.43083389174885556,0.41607157804001427,0.9774828674777613,-0.058467321151667015
ENSSSCG00000034379,0.0818378642693832,0.7914868059035773,0.7384324792956829,1.6117571494686436,-0.05683621754959796
ENSSSCG00000034386,0.22702752532005743,0.7185963555705732,0.5608107133582578,1.5064345942488884,-0.18522671709034835
ENSSSCG00000034395,0.4383329731249997,0.3354685574739793,0.26088052892148145,1.0346820595204604,0.021496717867544417
ENSSSCG00000034398,0.3259316564603308,0.9098116743817116,0.7326740964530603,1.9684174272951027,-0.24511942133605905
ENSSSCG00000034406,0.1791861136248833,1.0281786721962503,1.0246662400200066,2.23203102584114,0.08203214417710421
ENSSSCG00000034414,0.8003192997083163,1.2805051089969803,1.0673547983411869,3.1481792070464834,-0.15044682286011798
ENSSSCG00000034415,0.8830767423104545,1.4620509226460434,1.29554226834034,3.640669933296838,0.027254673004726497
ENSSSCG00000034418,0.7427952536785369,1.7052523115545257,1.0150521628090072,3.46309972804207,-0.099447408151891
ENSSSCG00000034427,0.6951995850687702,0.3688421315145413,0.8663816676687225,1.930423384252034,-0.2702182422056128
ENSSSCG00000034448,0.3474934954874195,1.9590366012154237,2.0817699212396876,4.38830001794253,0.1810177076043198
ENSSSCG00000034449,0.5365881521830659,1.4204140563771313,1.3412210034542094,3.2982232120144066,-0.008329229750032238
ENSSSCG00000034450,0.5627463775746806,0.373932449320008,0.27603560704686614,1.2127144339415548,-0.083451019247384
ENSSSCG00000034468,0.3710677483408464,1.0505709291847483,1.2732894657200067,2.694928143245601,-0.1800316506835375
ENSSSCG00000034479,0.22520780647068644,0.5830224755932052,0.7526170132905928,1.5608472953544843,-0.22534866681225366
ENSSSCG00000034484,0.4950565146553052,0.6381490961188967,0.9377323653717548,2.0709379761459568,-0.1408479647755621
ENSSSCG00000034487,0.4805638675574113,1.5354809106265879,1.3407149017197015,3.3567596799037007,0.21937755051689242
ENSSSCG00000034491,0.6069183640305069,1.4320481013180961,1.967965436447639,4.006931901796242,-0.47315059414394217
ENSSSCG00000034493,0.2900267036865971,1.485350274535122,1.260393802195504,3.0357707804172227,-0.37847420230439843
ENSSSCG00000034494,0.3832343954497707,0.30618123961539007,0.40346839608934576,1.0928840311545065,-0.04569937670745928
ENSSSCG00000034501,0.46947008796158207,0.6431840415333864,0.6712887965307726,1.7839429260257411,0.018447237494158275
ENSSSCG00000034510,0.41341007343859104,0.4816831217138517,0.2571209138232013,1.1522141089756441,-0.1355028439957736
ENSSSCG00000034516,0.22723935478535812,0.9874149415813961,0.8244673196813643,2.0391216160481185,-0.11945977820177228
ENSSSCG00000034518,0.46656263864221736,0.7321786484203351,0.2808451685865457,1.479586455649098,-0.09167932694649923
ENSSSCG00000034521,0.5621790816962136,0.6954367535647061,0.5682969440592014,1.825912779320121,-0.012318895059107481
ENSSSCG00000034522,0.76649156088049,0.7976484346048376,0.7338654796774942,2.298005475162822,-0.0938372471122545
ENSSSCG00000034540,0.5648774756514637,0.6539808505879041,0.4111421152748325,1.6300004415142004,-0.07466755286974804
ENSSSCG00000034572,0.7194952356473123,0.6746751365330437,1.145757489497243,2.539927861677599,-0.1111850277153101
ENSSSCG00000034581,0.4966411936157909,0.7919838591550911,0.5571193520962366,1.8457444048671188,-0.041591816279722735
ENSSSCG00000034607,0.09484770471152236,0.9409455384859383,0.9222009259402273,1.9579941691376879,-0.005126944965146016
ENSSSCG00000034608,0.16205574220439561,0.5800350180668389,0.512183433921154,1.2542741941923885,-0.13905540107788722
ENSSSCG00000034610,0.673529296760029,0.8543374721588407,1.2861328213252206,2.8139995902440904,-0.07280559743854276
ENSSSCG00000034611,0.19969762214611794,0.872809393367626,0.8716580121167059,1.9441650276304498,-0.15119478936786468
ENSSSCG00000034616,0.23742356343335283,0.6689413215621511,0.8071010724507299,1.7134659574462339,-0.07707815405012394
ENSSSCG00000034617,0.6460404986098899,1.9741858805021952,1.974518677579721,4.594745056691806,0.1725794155643741
ENSSSCG00000034618,0.38088593988815506,0.36150370597410936,0.5544138409246726,1.2968034867869371,-0.15233291918832467
ENSSSCG00000034624,0.36609101691471,0.7035622645552785,0.6750200285621809,1.7446733100321694,-0.17139625040079676
ENSSSCG00000034625,0.19643110238171865,0.5741817870361663,0.43133797882554015,1.2019508682434252,-0.07078625435621316
ENSSSCG00000034630,0.12444117606590478,0.5418330578611431,0.5533828052942885,1.2196570392213364,-0.12529880530104223
ENSSSCG00000034632,0.3029944995250507,0.7750918075409918,0.7712172537606882,1.8493035608267308,-0.3208736338238519
ENSSSCG00000034635,0.17222143616756513,0.7918791146386569,0.7012816722959313,1.6653822231021533,-0.14007248490138938
ENSSSCG00000034645,0.31214603426747106,0.5613931896618339,0.7311189787380244,1.6046582026673293,-0.16120259321241345
ENSSSCG00000034651,0.6740677550898679,1.0487196342596605,0.7049604761220452,2.4277478654715736,-0.011940272008821556
ENSSSCG00000034653,0.10990536784351401,0.32077173487364624,0.3306899803883239,0.7613670831054842,-0.05861738286823895
ENSSSCG00000034655,0.3888660413389088,0.7039938610943051,0.691569176974495,1.7844290794077087,0.05029992649921668
ENSSSCG00000034686,0.6682871368007276,0.9017778905447941,0.9271793513771972,2.4972443787227188,-0.24831197979162975
ENSSSCG00000034695,0.33772725430281464,0.7263001001137512,0.8127997889803095,1.8768271433968753,-0.14691081170903478
ENSSSCG00000034696,0.26483732787002334,0.9789791388052719,0.9197356454897591,2.1635521121650543,-0.047451454725465504
ENSSSCG00000034704,0.6094827100664028,0.834287454993027,1.2557683813525296,2.6995385464119597,-0.2373178420351038
ENSSSCG00000034706,0.5432056122076346,1.3395878893704385,1.080334547230773,2.963128048808846,-0.06294941562817781
ENSSSCG00000034708,0.08435541093221822,0.38712006997207865,0.435530193161511,0.9070056740658079,0.13713376878630443
ENSSSCG00000034711,1.1511622884206925,0.7924295613580778,0.7743963190152751,2.7179881687940455,-0.18662038345694168
ENSSSCG00000034714,0.33263272484162176,0.36660665604482706,0.281089571805311,0.9803289526917598,-0.2628673831531638
ENSSSCG00000034725,0.2710817443896981,0.6129571706882896,0.5351005841396691,1.419139499217657,-0.15260936237237466
ENSSSCG00000034730,0.36629015545832105,0.6450183267198095,0.3592179865705305,1.3705264687486611,-0.26347588850057446
ENSSSCG00000034733,0.20864134642076615,0.31717206339978665,0.42722757554668844,0.9530409853672412,-0.3011922912653182
ENSSSCG00000034743,0.44977836308756514,0.6150606357739719,0.5770522044066183,1.6418912032681554,-0.27007131053829
ENSSSCG00000034752,0.3242245403937975,0.9474919069380826,0.7640384747408556,2.035754922072736,0.13643089741233888
ENSSSCG00000034753,0.2493664158066155,0.31581214181066375,0.33400499948737145,0.8991835571046507,-0.25264894484319406
ENSSSCG00000034756,0.16769395923918928,0.6583996743148793,0.7034130078044121,1.5295066413584806,-0.21939778415140423
ENSSSCG00000034758,0.8337704360065327,1.4066936984612013,1.8961888952386305,4.136653029706364,-0.033544330789546245
ENSSSCG00000034768,0.1815588744901285,0.5710486871366918,0.5216626170753673,1.2742701787021877,-0.21070486586735393
ENSSSCG00000034771,0.9337044001679943,0.7917883736813858,0.6724000070762237,2.397892780925604,-0.06802126245244039
ENSSSCG00000034774,0.3102235746788127,0.9696224288273793,0.849892915660248,2.12973891916644,-0.2921137126052817
ENSSSCG00000034782,0.5106090274333325,0.6559541569613404,0.6680650539937055,1.8346282383883783,0.22525038682199994
ENSSSCG00000034786,0.3426008821462702,0.4457867375957838,0.44630893671054295,1.234696556452597,-0.035563273091293555
ENSSSCG00000034794,0.27585081121238963,0.78926048306346,1.0465331432332519,2.1116444375091015,-0.0212860766566498
ENSSSCG00000034795,0.34247268194033004,0.531836170980282,0.6040692120089945,1.4783780649296066,-0.2997579670195906
ENSSSCG00000034798,0.16116780644909315,0.3184414904910483,0.21059888911858013,0.6902081860587216,-0.013523977306355543
ENSSSCG00000034799,0.6068203486492763,1.1383467131761908,1.6716700515365344,3.4168371133620017,0.01920078352433812
ENSSSCG00000034810,0.17257367763322745,0.5303997142293913,0.3967686309283857,1.0997420227910044,0.07662128848726546
ENSSSCG00000034811,0.20542292268386592,0.5520395408875653,0.518435877923806,1.2758983414952372,0.040046065576453
ENSSSCG00000034815,0.17481441249946006,1.081366794880563,1.112015098262857,2.36819630564288,-0.08553020487530968
ENSSSCG00000034816,1.4410738793666036,1.6928402313599782,2.6812704928502433,5.815184603576824,-0.10297258913258807
ENSSSCG00000034818,0.4394650351632918,0.7588368305672765,1.030587774411731,2.2288896401422993,-0.1413119125928074
ENSSSCG00000034843,0.1338852213292936,0.5594988691556411,0.45748176843317356,1.1508658589181082,-0.14120504434806275
ENSSSCG00000034844,0.24328823866101557,0.9916343893604728,1.026203178538457,2.2611258065599453,-0.18923506614378355
ENSSSCG00000034859,0.14328304106562384,1.3029582169701877,1.1793888426124954,2.6256301006483067,0.119163366051831
ENSSSCG00000034860,0.2574873902758657,0.5479243152104429,0.546847422696194,1.3522591281825025,0.05823965041258752
ENSSSCG00000034864,0.6426639829476888,0.7999735520469367,0.6572433764842861,2.0998809114789116,0.046139458733203235
ENSSSCG00000034868,0.3326070155967931,0.5267530261940349,0.6441910396984337,1.5035510814892619,-0.08642738536021315
ENSSSCG00000034876,0.6085192386209172,1.1010833397076185,0.8735035201576398,2.5831060984861756,0.09300321480529798
ENSSSCG00000034896,0.7383219396099242,0.8602114684222816,0.7335912688688021,2.332124676901008,0.0029911619878703333
ENSSSCG00000034898,0.23842129206608248,1.3195006023638371,1.2087797189714806,2.7667016134014,0.03225262860967537
ENSSSCG00000034913,0.25647104964568723,0.9898394559689074,1.0269509282305136,2.273261433845108,0.1649959196133552
ENSSSCG00000034916,0.36462229048414374,1.4483702971931247,1.202218053867533,3.015210641544802,-0.15087438458970157
ENSSSCG00000034919,0.38929723303697406,0.8313857028152876,0.6666183555153173,1.8873012913675788,-0.16544891201890416
ENSSSCG00000034923,0.10479275402965284,0.4007003857234122,0.35506717298896046,0.8605603127420256,0.06665588874576342
ENSSSCG00000034924,0.4763671903484823,0.44062608139845993,0.4917084867793511,1.4087017585262933,-0.17156242807608615
ENSSSCG00000034927,0.5179112677875032,1.0087601232980299,1.3793218554690259,2.905993246554559,0.01649613851000293
ENSSSCG00000034937,0.2219534449699274,1.044564770581334,1.004134742437792,2.2706529579890535,0.21281259983644207
ENSSSCG00000034942,0.3678775833092341,1.1205775230273671,1.1012108070430962,2.5896659133796973,0.039383914040611735
ENSSSCG00000034952,0.4343354239669517,1.1196183451857649,1.1288662622460555,2.682820031398772,0.016101366184614396
ENSSSCG00000034954,0.6784220947444617,0.5957363273935482,0.7940714109299403,2.0682298330679503,-0.14281379550933546
ENSSSCG00000034958,1.164252050364518,0.9334270136403683,0.929199498238589,3.0268785622434753,-0.06728669970118105
ENSSSCG00000034963,0.21975329073304983,0.5091068996809601,0.6374348423405141,1.366295032754524,-0.04800511173897938
ENSSSCG00000034964,0.21222665665880944,0.9980474447154152,0.8883366813706602,2.0986107827448848,-0.09346185628043267
ENSSSCG00000034966,0.9785600020257201,0.8982558249115188,0.37296349323110173,2.2497793201683405,0.010496111462128753
ENSSSCG00000034980,0.38612337303503247,2.050976977492503,1.7967321043513504,4.233832454878886,0.204457393188595
ENSSSCG00000034984,0.6114843794247222,0.33449198907647226,0.7147284416465701,1.6607048101477646,0.14105952883962286
ENSSSCG00000034993,0.4150407662958688,1.0573138601330159,0.9899901290857931,2.462344755514678,-0.29917668444568846
ENSSSCG00000034994,0.21959078448665087,1.1066657785487457,1.233857750276717,2.5601143133121136,-0.30489317236018454
ENSSSCG00000034997,0.20153752251468104,0.7388309926148451,0.847762354246404,1.7881308693759301,-0.09716310614522518
ENSSSCG00000035000,0.36510192253191365,0.5977899768180006,0.742781387926328,1.7056732872762423,-0.27599755398311326
ENSSSCG00000035006,0.15867690475813082,0.2565339677329089,0.2763004475691872,0.691511320060227,-0.05981958424880602
ENSSSCG00000035007,0.30098037451688925,1.501521141103457,1.5625322199055778,3.365033735525924,0.17648213606565594
ENSSSCG00000035025,0.40037920105624114,0.8817339193273335,0.5031806814747266,1.785293801858301,-0.13646822876368322
ENSSSCG00000035034,0.16016998967509666,0.9305262516741079,0.9020857146448705,1.992781955994075,0.09584877403582202
ENSSSCG00000035037,0.25907875642829803,0.7283617060353379,0.5358577474542968,1.5232982099179329,-0.1550825986830755
ENSSSCG00000035038,0.18160542953919082,0.7666160331077957,0.8310459302587021,1.7792673929056886,-0.3310149523669528
ENSSSCG00000035048,1.3290260824610416,1.0749506477306663,1.8197003749460308,4.223677105137739,0.09740500411051475
ENSSSCG00000035059,0.6277482060167109,0.8082161793333499,0.3651476641119481,1.801112049462009,-0.12751111618864663
ENSSSCG00000035073,0.50380376016737,0.8885340323123978,0.573669152366047,1.966006944845815,-0.18139544672549987
ENSSSCG00000035078,0.07139043325350897,0.3981717036263591,0.45563181422017485,0.9251939511000429,-0.16305867110155825
ENSSSCG00000035080,0.6768034889596715,1.3499039057303472,1.6446600386562957,3.6713674333463144,0.16994610865711773
ENSSSCG00000035082,0.46942052337949147,0.9410299724648625,0.809239828673742,2.219690324518096,-0.03314930347330594
ENSSSCG00000035090,0.41306160509778345,0.9784669119230192,1.1430233343891139,2.5345518514099163,-0.1027127977141041
ENSSSCG00000035098,0.7790418270395386,0.808728008803833,1.037008254957025,2.6247780908003966,-0.12932671801298665
ENSSSCG00000035101,1.2911551861343316,1.080339702259256,0.32909709674036575,2.7005919851339533,0.07246882640180627
ENSSSCG00000035102,0.12824593045332566,0.712230032508165,0.7861856056687575,1.6266615686302481,-0.20992334289115183
ENSSSCG00000035118,0.27681345591708023,1.5252028112924545,1.4852032645616395,3.287219531771174,-0.05342178033575139
ENSSSCG00000035119,0.5677584982670155,0.5181715552859344,0.6906399133468379,1.7765699668997879,-0.16729145214662297
ENSSSCG00000035120,0.6432859825382211,1.4774888217468913,0.8900760296574683,3.0108508339425804,-0.13941564350173702
ENSSSCG00000035124,0.44430484911621787,0.4483114467993644,0.723656872379549,1.6162731682951312,-0.34023547907922547
ENSSSCG00000035132,0.16952587775676653,0.347608478070793,0.23404993854670322,0.7511842943742627,-0.002301633168307103
ENSSSCG00000035133,1.0253852551344973,1.1582288477866243,0.5982730376643798,2.7818871405855017,-0.19931927492285806
ENSSSCG00000035134,0.4260582829437097,1.3394237847808455,1.4310417554763308,3.196523823200886,0.05556957348033881
ENSSSCG00000035136,0.6737436827330271,0.534679906744372,1.0626993836939354,2.2711229731713347,-0.29858031655241457
ENSSSCG00000035153,0.06970957256404961,0.3098977754651248,0.36201207600490115,0.7416194240340755,-0.12315659215822808
ENSSSCG00000035161,0.5335213740563939,0.6353441424869858,0.6355903967540742,1.804455913297454,-0.16250814278231093
ENSSSCG00000035193,0.6249443755341882,1.1090798898251104,1.3088300580824137,3.0428543234417127,0.053841313215700244
ENSSSCG00000035196,0.12900099656427041,0.3228294437743677,0.30732753425798526,0.7591579745966233,-0.2083906346011871
ENSSSCG00000035199,0.28185895227070756,0.5666924271343583,0.6539521791619373,1.5025035585670032,0.03959864761587376
ENSSSCG00000035209,0.5454550081897444,1.126292335198635,1.1086397224712097,2.780387065859589,0.1634010271147434
ENSSSCG00000035211,0.22558648344908755,0.9468669334949448,1.0177014844076828,2.190154901351715,-0.33812350809650393
ENSSSCG00000035213,1.5506616425514723,1.556916100006304,2.669099057595348,5.776676800153124,-0.1461371726323445
ENSSSCG00000035227,0.07150424218436278,0.7518842120543615,0.6859289047586008,1.509317358997325,0.02735763822144586
ENSSSCG00000035238,0.7417473838578258,0.4947530681292011,0.9323266329017086,2.1688270848887354,0.24732215331156318
ENSSSCG00000035240,0.2383831105180363,0.6098265790923523,0.7183542793872734,1.566563968997662,-0.21083935216679436
ENSSSCG00000035243,0.3674731783408458,0.7244355526128825,0.5316328247282306,1.623541555681959,-0.08752424778188157
ENSSSCG00000035253,0.3242667285266983,1.2644897127644155,1.0128807757868212,2.601637217077935,-0.3065778064595604
ENSSSCG00000035254,0.31822369301583464,0.33375621672842426,0.42876026151583835,1.0807401712600972,-0.06949100825049438
ENSSSCG00000035258,0.4729802672774819,1.2562650314044896,1.281628506292092,3.0108738049740635,-0.27698389528070255
ENSSSCG00000035259,0.534834136974872,0.3862912543861607,0.5067965499005165,1.4279219412615491,-0.2517887464227209
ENSSSCG00000035264,0.1667050139601107,0.656521686643658,0.6285700748976171,1.4517967755013856,-0.11280010926581907
ENSSSCG00000035281,0.335765693284771,0.2822642001564494,0.324237581637501,0.9422674750787214,-0.05196360306371693
ENSSSCG00000035284,0.1629666080927817,0.5784733747229359,0.673138344149085,1.4145783269648027,-0.19908491080077176
ENSSSCG00000035318,0.48177225480302244,1.07614992172464,1.2342444749809207,2.792166651508583,-0.1350054509741769
ENSSSCG00000035320,0.3875584901331076,0.8887562866883065,0.7628545321430621,2.039169308964476,-0.1867135666099486
ENSSSCG00000035324,0.0755257644229686,0.5102119210931881,0.5485954082422253,1.134333093758382,-0.1413689830405413
ENSSSCG00000035332,0.5712460324336589,0.9359488796931852,0.5498855524584614,2.0570804645853054,-0.42781041597283886
ENSSSCG00000035341,0.3354850358528878,0.6721939150695797,0.7906708667981043,1.7983498177205717,-0.018451224513991
ENSSSCG00000035344,0.0999952581754217,2.0544133598957144,1.955454573888855,4.109863191959991,-0.05792660636030005
ENSSSCG00000035347,0.09317587935379049,0.17618409648834868,0.2124095754730583,0.4817695513151975,-0.006480968334989669
ENSSSCG00000035355,1.3249967713550013,1.6870627776595941,2.781013666227023,5.793073215241618,-0.03773807108984837
ENSSSCG00000035357,0.5657895952012166,0.8340365698810327,0.7964733977737055,2.1962995628559545,-0.3401981498593195
ENSSSCG00000035364,0.19456919256804558,0.7504888080929529,0.7308577486114093,1.675915749272408,0.059340087808145
ENSSSCG00000035366,0.3602856569491436,0.41495570056901676,0.5911441191770036,1.366385476695164,-0.28452871081697884
ENSSSCG00000035376,1.8584317126906067,2.535035439987293,0.7737197983896605,5.167186951067561,-0.06570096689832206
ENSSSCG00000035379,0.3311721362039575,0.35741049764344135,0.4109669587726442,1.099549592620043,-0.17030340960674722
ENSSSCG00000035390,0.37773326660240997,0.8591649868628242,0.9925373576043677,2.2294356110696016,-0.1243525254189333
ENSSSCG00000035400,0.6669442452121018,0.6970122739859017,1.2210380913856633,2.584994610583667,-0.23130790782629243
ENSSSCG00000035410,0.39940456084298503,0.457523346348435,0.681055780325733,1.537983687517153,-0.08816428822976134
ENSSSCG00000035421,0.19116290802971236,0.5437786271726385,0.6238795236982542,1.3588210589006051,-0.21075429965367684
ENSSSCG00000035430,0.3096445088452001,1.5119702468415104,1.3428867878883721,3.1645015435750823,-0.47899326334768544
ENSSSCG00000035432,0.22748576036421622,0.5350892957251234,0.6961085144782051,1.4586835705675447,-0.3031789477301076
ENSSSCG00000035434,0.33523796082365237,2.122721358817377,1.8606590723918686,4.3186183920328975,0.1200312973464926
ENSSSCG00000035442,0.16181965564517808,0.39988268922827175,0.34731681732904846,0.9090191622024983,-0.09745346544278238
ENSSSCG00000035452,0.6119201520791481,1.0422306750499262,1.0416386691839588,2.695789496313033,-0.08610044579674789
ENSSSCG00000035454,0.20855692863513667,0.21405969748948087,0.1453799152053898,0.5679965413300073,0.029052404811818634
ENSSSCG00000035455,0.1795119815745731,0.6965009610703737,0.6586977956601702,1.534710738305117,-0.06603961653165466
ENSSSCG00000035472,0.7718907537002916,0.5577963521198227,0.5236251184785088,1.853312224298623,-0.0924243311796971
ENSSSCG00000035473,0.13567081959716812,0.44836840190780436,0.5012144115830294,1.0852536330880018,-0.04177352562586833
ENSSSCG00000035478,0.4066054277513967,0.4119906727066067,0.70889138412715,1.5274874845851534,-0.3369743016041786
ENSSSCG00000035479,0.07398606476262476,0.31459792277064386,0.3082540494198864,0.696838036953155,-0.07820640321054238
ENSSSCG00000035488,0.3504703621552566,0.20042529880691504,0.2812472913530459,0.8321429523152175,-0.16366578604274365
ENSSSCG00000035493,0.5479342171404047,0.8156223226360961,0.5404741529684269,1.9040306927449278,-0.18172539699095577
ENSSSCG00000035495,0.8868842768377497,1.0382693168290065,1.7744375700404205,3.6995911637071766,-0.22460795661639674
ENSSSCG00000035501,0.30431938926658286,0.303367090333216,0.3873195997171717,0.9950060793169706,-0.044346394667765764
ENSSSCG00000035505,0.5383045569825877,0.6702539913909622,0.4344793138796179,1.6430378622531678,-0.054178778126231314
ENSSSCG00000035518,0.8298590310838801,0.8403787129140756,0.5157853785821359,2.186023122580092,-0.11048559581070388
ENSSSCG00000035523,0.24541290097916227,0.311918317345262,0.1636137689544657,0.7209449872788899,-0.08961215121445215
ENSSSCG00000035527,0.676067013173164,0.39755152610172645,0.7057378978881058,1.7793564371629964,-0.04967637089350968
ENSSSCG00000035532,0.28148847785261477,1.319870565015966,1.4536205056303277,3.0549795484989084,0.24102473713724928
ENSSSCG00000035539,0.4214611183616804,0.5571474663901219,0.7295701491985244,1.7081787339503265,-0.15666689221672658
ENSSSCG00000035544,1.39462090190107,0.47360304736256936,1.1718221272138474,3.040046076477487,-0.19407447064356245
ENSSSCG00000035554,0.2614439997268639,0.5698782920224189,0.8011613285586663,1.6324836203079491,-0.16189945077080023
ENSSSCG00000035564,1.4279084960926343,0.7692537980189064,0.7186784942250951,2.9158407883366357,-0.0744808794787587
ENSSSCG00000035575,1.1536229078609646,1.1627409266621362,2.2140281260547177,4.530391960577818,-0.046513269509876
ENSSSCG00000035578,1.0288578008543299,0.8056161359269252,1.1876276913005712,3.0221016280818263,0.1915478007758767
ENSSSCG00000035582,0.8043365833205643,0.4500972637755931,0.5031728767629974,1.7576067238591548,-0.23142054122135156
ENSSSCG00000035586,0.094728668134522,0.3580289608336192,0.41546710446645185,0.868224733434593,-0.01434135955451166
ENSSSCG00000035595,0.20720892309297007,0.4407530840328836,0.5713023260077433,1.219264333133597,-0.2050463508822063
ENSSSCG00000035596,0.24611533764662474,0.3977968604363567,0.5435724320747635,1.1874846301577449,-0.1366388586320651
ENSSSCG00000035600,0.7696111882653283,0.5034064414301515,0.6587343598186217,1.9317519895141013,-0.24354795245649002
ENSSSCG00000035615,0.13921273917523075,0.20828363498995453,0.2175598574066439,0.5650562315718293,0.0964943129410415
ENSSSCG00000035618,0.6867874150889122,0.9490598911547639,0.6977550456314532,2.333602351875129,-0.046408042321019895
ENSSSCG00000035619,0.8344382032292191,1.6709034545717247,2.3261999015720405,4.831541559372985,-0.19744284702248863
ENSSSCG00000035621,0.26379230300351203,0.5417492248979646,0.7566866704183592,1.5622281983198358,-0.10272106297676684
ENSSSCG00000035622,0.44962083787732365,1.1138969378118182,1.1058885481314353,2.669406323820577,-0.09678085146613845
ENSSSCG00000035623,0.13183495248547805,0.7641536412060997,0.7985952093939145,1.6945838030854923,-0.2493357130804535
ENSSSCG00000035628,0.33382392813965994,0.42407640937425645,0.2418706394944902,0.9997709770084066,-0.15114625987203717
ENSSSCG00000035639,0.19561698709692263,1.278459473916307,1.2901076829785911,2.764184143991821,-0.08686895593604399
ENSSSCG00000035648,0.38941071978010033,0.5060919211471818,0.787179377560166,1.6826820184874482,-0.23745039148330202
ENSSSCG00000035650,0.07231060079172165,0.37664340047743766,0.3823188387967762,0.8312728400659355,-0.1381365096854216
ENSSSCG00000035653,0.3753333696795735,1.0237267722888297,0.8831488469533103,2.2822089889217136,-0.07739938311982977
ENSSSCG00000035658,0.08554211564243218,0.7753348971528369,0.8060197439423133,1.6668967567375823,0.01035659049399791
ENSSSCG00000035663,0.16093701788415218,0.21778518220286916,0.2881417312092274,0.6668639312962488,-0.2813325625119195
ENSSSCG00000035666,0.08999043839717911,0.9337274201499415,0.8906462906938563,1.9143641492409769,0.0706371380173683
ENSSSCG00000035667,0.3625741780619816,0.5942518239045751,0.3564545054489996,1.3132805074155562,-0.5003616167592663
ENSSSCG00000035671,0.778609212149752,1.4589957943471632,1.0665088702956673,3.3041138767925826,-0.2319179710682576
ENSSSCG00000035673,0.7519427660946132,0.5145701044352538,0.8852879396400527,2.1518008101699198,-0.1982605156019809
ENSSSCG00000035676,0.30070481342893135,0.9740112229422033,0.7298507696356441,2.0045668060067787,0.21299015845913405
ENSSSCG00000035684,0.4208367092274215,1.5604303297792008,1.322662526501995,3.303929565508617,0.009244998490018039
ENSSSCG00000035686,0.3484536691013145,1.004397121552362,1.0971156788781675,2.449966469531844,-0.014569084330732042
ENSSSCG00000035690,0.46704638057515047,0.4160862731958722,0.5044596919288977,1.3875923456999204,-0.03805537147008946
ENSSSCG00000035693,0.3083298280945605,0.7377994696622318,0.8533469639956711,1.8994762617524632,-0.0367579855200392
ENSSSCG00000035696,0.4637805063994177,0.45960478914299807,0.8252225833520317,1.7486078788944475,0.23786204265360486
ENSSSCG00000035702,0.40113346968192504,0.4680275198405091,0.45376997677253195,1.3229309662949662,-0.22012717111796523
ENSSSCG00000035715,0.22056880825215713,0.3729371745338482,0.3553314421787462,0.9488374249647515,-0.16501886389102793
ENSSSCG00000035719,0.4706743308214359,0.41954361331878043,0.28710304198106007,1.1773209861212763,0.06047112497192141
ENSSSCG00000035728,0.23626591189936283,1.1568664840331515,1.136041710778852,2.529174106711366,0.11323097300427208
ENSSSCG00000035730,0.3658690571508805,0.723404453176903,0.5996907700555022,1.6889642803832858,-0.04693990238411045
ENSSSCG00000035738,0.24374872045504287,0.5669715812096159,0.4905658522244634,1.301286153889122,0.10418861655484873
ENSSSCG00000035741,0.3873765323923376,0.774662351358358,0.6633295240450321,1.8253684077957277,-0.09329649203439205
ENSSSCG00000035746,0.4561246647891609,0.5040463914783517,0.2251299535883585,1.1853010098558712,-0.24122553112764056
ENSSSCG00000035747,1.2259013598488837,1.6693699008661982,0.7118036773540206,3.6070749380691023,-0.06622841586981512
ENSSSCG00000035750,0.5087403418658695,1.0877900383107415,0.964869164218868,2.561399544395479,-0.004316165677863491
ENSSSCG00000035757,0.15732929079717142,1.3608752625606462,1.2816857591754136,2.7998903125332313,-0.4260493435441973
ENSSSCG00000035762,0.3880902316685356,1.5359025759274385,1.7494662994579964,3.6734591070539704,0.12372014883560933
ENSSSCG00000035768,0.2733966302693124,1.5606255334824675,1.5802951480377332,3.414317311789513,0.18120595783979435
ENSSSCG00000035771,0.5287024679700143,0.9121487166081005,1.2480126511434981,2.6888638357216132,-0.03979317132545642
ENSSSCG00000035775,0.747615032003782,0.43186247760769736,0.541677489537099,1.7211549991485784,0.18975829390137922
ENSSSCG00000035790,0.2980936749677631,0.7971303354138394,0.6264301749307775,1.72165418531238,-0.03887755517747359
ENSSSCG00000035798,0.3779079283582797,0.476330389581006,0.7213263689263324,1.5755646868656181,-0.22075620137658353
ENSSSCG00000035811,0.15570228386976742,1.880018555807903,1.9237461421703355,3.959466981848006,0.14266480503433857
ENSSSCG00000035820,0.24681394599019277,1.8085142604287707,1.9371558177527692,3.9924840241717328,0.11084928935946789
ENSSSCG00000035824,0.504558787806752,0.3832747890886961,0.8170473711811769,1.704880948076625,-0.14831049183488806
ENSSSCG00000035827,0.6200708889926455,1.0163255294937907,0.9726457164946901,2.6090421349811264,-0.15745527238397103
ENSSSCG00000035842,0.9212788066011057,0.7547910867463289,1.2603513696384994,2.936421262985934,0.0138062732035548
ENSSSCG00000035863,0.411094713134215,1.6963163597391095,1.643468766087197,3.750879838960522,0.029288323722594756
ENSSSCG00000035867,0.5332982006812245,1.1425157552085154,1.0762161603578864,2.752030116247626,-0.1916871597167298
ENSSSCG00000035873,0.16039235610834876,0.37857087085032537,0.2810020461854862,0.8199652731441603,-0.052685761476763966
ENSSSCG00000035875,0.2505425602522616,0.8489348603221037,1.0925851254626,2.1920625460369654,-0.1414437449430711
ENSSSCG00000035876,0.8050451449308736,0.9494923555047882,0.8030111178364403,2.557548618272102,-0.24776081692784221
ENSSSCG00000035883,0.18221705803076696,0.5977901819359337,0.7373446436338935,1.5173518836005941,-0.22934339208155421
ENSSSCG00000035887,0.3009203585892759,0.5899427457497972,0.5458549028247713,1.4367180071638446,-0.17860225007570654
ENSSSCG00000035893,0.34618425675022607,0.5824398003790842,0.42506923554404813,1.3536932926733585,-0.23992586514709088
ENSSSCG00000035901,0.3991459516152504,1.156385261186889,0.9660785804307092,2.5216097932328485,-0.1902842200601176
ENSSSCG00000035904,0.7151057017375013,1.5961488331094251,1.7838356795761372,4.095090214423064,0.12242824547028852
ENSSSCG00000035907,1.203691791194398,1.5369127658867232,1.9151892674257718,4.655793824506893,-0.0037423535677307846
ENSSSCG00000035908,1.2818595884622273,1.319310133116168,2.180880308850084,4.782050030428479,0.019358082466474122
ENSSSCG00000035909,0.24809816404869053,0.7652584705722443,0.9364736299444912,1.949830264565426,-0.45021549128306126
ENSSSCG00000035912,0.3194380203058572,1.0491478833021275,1.3380887904032464,2.706674694011231,-0.43719060348190697
ENSSSCG00000035914,0.9543047682467314,0.8756440720112441,0.6594145862538651,2.4893634265118405,-0.034627245596605405
ENSSSCG00000035923,0.6761347933331485,0.39439245712743126,0.3705864422593004,1.4411136927198802,0.06194973333579651
ENSSSCG00000035934,0.9158347822822701,1.0406449548470171,0.37737119687808396,2.333850934007371,0.018871448172393317
ENSSSCG00000035938,0.2743777118511221,0.5454082145144635,0.7826931495345676,1.602479075900153,-0.20499497458905647
ENSSSCG00000035945,0.18099436923920123,0.375006947663099,0.33634300355577257,0.8923443204580728,0.14366938053917416
ENSSSCG00000035954,0.772238102430151,0.9079727882402359,0.830525614248914,2.510736504919301,-0.10456553127787849
ENSSSCG00000035956,0.21893039754138266,0.6449838030159879,0.6744838003754284,1.538398000932799,-0.20989896017167628
ENSSSCG00000035967,0.15397211750205408,1.403766028315985,1.268935787250041,2.82667393306808,-0.17414941326810415
ENSSSCG00000035969,0.1521115837348414,0.7014327323424271,0.7404248772204362,1.5939691932977045,-0.2374690185385717
ENSSSCG00000035973,0.15606338644298914,1.2799956504988799,1.356286372796455,2.7923454097383242,0.07689788951721618
ENSSSCG00000035991,0.3360696785340877,0.4057966231942815,0.6813952187590072,1.4232615204873764,0.003514926165692034
ENSSSCG00000035992,0.7148840502140423,0.9507230515026802,0.9532727699722998,2.6188798716890225,-0.04562473010293706
ENSSSCG00000035995,0.3752823517102128,1.182750029761151,0.9933914069775045,2.5514237884488686,0.06401207365306255
ENSSSCG00000035997,0.430117793728253,1.5862743078249688,1.749308127727365,3.7657002292805863,0.19015785412447858
ENSSSCG00000036001,0.383570362042845,0.37819311985587184,0.3744090122546694,1.1361724941533864,0.018278191232983056
ENSSSCG00000036002,0.36128378309031994,0.6449713327162274,0.30105950998180253,1.30731462578835,-0.14159158174664477
ENSSSCG00000036005,0.7115866738580219,1.3994444237299373,0.8914113063827955,3.002442403970755,-0.039140126319850366
ENSSSCG00000036007,0.08751670215445771,0.8327695018615553,0.7455366737993488,1.6658228778153619,-0.24260837530798954
ENSSSCG00000036008,0.17469493535631073,0.6490685868746553,0.767612662410934,1.5913761846419,-0.2364120456498141
ENSSSCG00000036013,0.13388324745749228,0.9485640159200968,1.0510322095013276,2.133479472878917,-0.27022574349245254
ENSSSCG00000036014,1.4474792802094778,1.2727853188504559,1.4569517779713759,4.177216377031309,0.09809091028957707
ENSSSCG00000036026,0.5914524479833938,0.7647036686271413,0.643467306743314,1.999623423353849,-0.3213797540226325
ENSSSCG00000036028,0.8926514189580422,1.5539470217656088,2.441998145225885,4.888596585949536,-0.2564310995110937
ENSSSCG00000036039,0.14098181647056798,0.5930721439542074,0.5880139963599712,1.3220679567847466,-0.08436730060910268
ENSSSCG00000036047,0.44352205272317713,0.4561796833823779,0.2437746739632201,1.143476410068775,-0.08792375947332269
ENSSSCG00000036049,0.6612233837283349,0.823175448549548,0.7120691922709312,2.196468024548814,-0.3506659870607178
ENSSSCG00000036050,1.3101855325095637,1.4826920616913177,0.5321153303757996,3.324992924576681,-0.13270881068365625
ENSSSCG00000036057,0.1803782439633298,0.8731753246771125,0.9263978895310354,1.9799514581714777,-0.16348758925485127
ENSSSCG00000036065,0.3491196111920531,0.7931816146377099,0.9577255082740066,2.1000267341037695,-0.4165301751673388
ENSSSCG00000036067,0.6256914801569907,0.28522369072653675,0.7381178074210986,1.649032978304626,-0.10784054338646264
ENSSSCG00000036074,1.056940976751395,1.0889387927835115,0.3845302613703236,2.53041003090523,0.0352320461171897
ENSSSCG00000036081,0.6424318331962756,0.6219221736688928,1.0769727574630126,2.3413267643281808,-0.16522538952169197
ENSSSCG00000036083,0.48933683377060017,1.092804419312541,1.0067333855476177,2.5888746386307586,-0.048896735016237626
ENSSSCG00000036086,0.3247647209579217,0.630837245532169,0.6777869706064816,1.6333889370965724,-0.23673488406136856
ENSSSCG00000036091,0.08073552990623796,0.8011172598326319,0.7420708643295678,1.6239236540684376,-0.13068325355917046
ENSSSCG00000036106,0.09944137008503888,1.5533238168518182,1.4646555441771614,3.1174207311140183,-0.007162348925874932
ENSSSCG00000036113,0.311747529601671,0.5460117978025818,0.6439931845994721,1.501752512003725,-0.1636216391966974
ENSSSCG00000036114,0.21777019593309455,1.147878789495149,1.1828185784883285,2.548467563916572,0.2708359806610062
ENSSSCG00000036115,0.89131713959738,1.1483377600519191,0.45471541849346225,2.4943703181427614,-0.292401243304306
ENSSSCG00000036129,0.341360683698554,0.9719685589836824,0.8007753655875459,2.1141046082697823,-0.2938793263298969
ENSSSCG00000036132,0.0764942783366581,0.6899393863928985,0.6440436994509396,1.4104773641804962,-0.21662005804471246
ENSSSCG00000036139,0.14492522061410767,1.3246802268305538,1.3609343767809616,2.830539824225623,-0.44788972684265876
ENSSSCG00000036152,0.2560229964338202,0.342362435275439,0.4469078710554216,1.045293302764681,0.012948716941067608
ENSSSCG00000036157,0.11443882188740519,0.9491489820174781,1.0333598367029362,2.0969476406078194,-0.3893240444760394
ENSSSCG00000036168,0.07335886385396967,0.24643790046239958,0.24555291515827124,0.5653496794746405,0.052942036568952314
ENSSSCG00000036169,0.503976510767347,1.0135302615024735,1.2619027108396925,2.779409483109513,-0.2600136054859459
ENSSSCG00000036178,0.45983198646951196,1.2948525325360902,1.2659372869134107,3.0206218059190126,-0.11555540993433393
ENSSSCG00000036191,0.2216649267313056,0.5438786758923944,0.627767318340889,1.3933109209645889,-0.29867639559729114
ENSSSCG00000036201,0.34204211617136504,0.8515308771451885,0.7148577869221243,1.9084307802386777,-0.25882816102604517
ENSSSCG00000036206,0.9996704344119303,1.4474274443992543,0.9636755449110915,3.410773423722276,-0.2958397950051838
ENSSSCG00000036208,0.24746402296733322,1.1496997525071746,0.9106434448233451,2.3078072202978532,-0.1538328180931949
ENSSSCG00000036210,0.4139631469958241,0.39293637177938007,0.40179619437202213,1.2086957131472262,-0.20645403600669635
ENSSSCG00000036213,0.3453912230447494,0.7322970409356419,0.850673888910453,1.9283621528908443,-0.1681292486303304
ENSSSCG00000036219,0.19834372285780297,0.6067751880563605,0.781356795290844,1.5864757062050074,-0.25121494421724605
ENSSSCG00000036220,0.19116233588517634,0.8087959724040853,0.7962369655097934,1.796195273799055,-0.2607297612279445
ENSSSCG00000036229,1.3628231619755697,0.20750525933906266,1.4389272844890808,3.0092557058037133,-0.14727350758976118
ENSSSCG00000036234,0.6683190141597014,1.2260903472696,0.7292044123036487,2.6236137737329503,-0.2248825065815455
ENSSSCG00000036236,0.3663752700350847,0.854547571131022,1.0185713722828065,2.2394942134489133,-0.19730274506866388
ENSSSCG00000036247,0.4061214528051825,0.2502573790433289,0.47017193397740176,1.1265507658259133,-0.11661792190919641
ENSSSCG00000036256,0.8969370256369548,1.1009516210542953,1.1138566351390358,3.1117452818302858,-0.0653456430415735
ENSSSCG00000036257,1.0029491419243608,0.8500553333355618,0.23748248554805068,2.0904869608079735,0.03249158029803683
ENSSSCG00000036280,0.12051759089503278,0.6604592236117978,0.6049604577146632,1.3859372722214938,-0.0736949603861273
ENSSSCG00000036284,1.3312057479674853,2.607472951040082,3.544227258003284,7.482905957010851,-0.27881239861908186
ENSSSCG00000036286,0.31923961760652836,0.07986662914444861,0.3275662470819406,0.7266724938329175,-0.1603622150815955
ENSSSCG00000036293,1.1375139821647948,1.306541911090844,0.8914640294911451,3.335519922746784,0.03567486161281599
ENSSSCG00000036294,0.23536242276227198,0.6310673809158195,0.5515720131024957,1.4180018167805872,-0.07649724893969963
ENSSSCG00000036296,0.2679337604717528,1.5958826504435564,1.6437214027350264,3.5075378136503357,0.18735691357858944
ENSSSCG00000036306,0.16741061966606194,0.8576675380051545,0.8192153988608147,1.844293556532031,-0.2556863584048904
ENSSSCG00000036310,0.3222278885868262,0.2683367472644733,0.26945662842801826,0.8600212642793177,0.12289574983403168
ENSSSCG00000036311,0.8989484184517739,1.0693936841303175,0.7006475051181789,2.6689896077002704,-0.008665911287775297
ENSSSCG00000036314,0.4565325863881803,0.778619642813395,0.9057315206033353,2.1408837498049107,-0.2981652820820673
ENSSSCG00000036322,0.5045732787051129,0.21416218277625307,0.6636999953146386,1.3824354567960047,-0.03273253834392686
ENSSSCG00000036326,0.5321698263028057,0.9068564060685537,0.4770038226946942,1.9160300550660536,-0.2854323366262672
ENSSSCG00000036339,0.9085819482345948,0.4308959433970532,0.7947928566082978,2.134270748239946,-0.19019483881134103
ENSSSCG00000036350,0.2552465172568987,1.1078422405345394,1.0588789890148518,2.42196774680629,0.04045931733338965
ENSSSCG00000036367,0.14697554159309328,0.5220124432732687,0.6239792380390689,1.292967222905431,-0.07646037365790691
ENSSSCG00000036381,0.29304368257133817,1.1589378426156522,0.9034249777171024,2.355406502904093,-0.308098442199509
ENSSSCG00000036385,0.1295783513275944,1.3077779507341825,1.273013542753374,2.7103698448151508,-0.11661945860773087
ENSSSCG00000036387,0.39693608106785144,0.22910122809138028,0.3902734311669311,1.0163107403261629,-0.033557817976166734
ENSSSCG00000036411,1.1428017511154636,0.40114293010490853,0.9207556608834294,2.4647003421038014,0.08744140178590872
ENSSSCG00000036417,0.3618254106554316,0.41417053965582196,0.40581536459669254,1.181811314907946,-0.07962933884591661
ENSSSCG00000036418,0.1923267097969814,0.8117319111198463,0.9326082418779247,1.9366668627947525,-0.3729560334753763
ENSSSCG00000036423,0.31197946755344297,0.7506091330523825,0.4490758060780301,1.5116644066838556,-0.27087936862376183
ENSSSCG00000036431,0.4478395903469899,0.5036398635068913,0.8196355099932551,1.7711149638471362,-0.21148311275896448
ENSSSCG00000036438,0.5408676069943955,1.0661382737398872,0.6940995440452348,2.3011054247795175,-0.28031085294071
ENSSSCG00000036443,0.2058285922123588,0.47591125242567694,0.5663467898242653,1.2480866344623012,-0.13253930017517648
ENSSSCG00000036445,0.39838435907967296,0.5333958375150484,0.839456324796288,1.7712365213910093,-0.24465511380198796
ENSSSCG00000036452,0.14088413547468448,1.1040219590424178,1.1858340982129771,2.4307401927300796,-0.40732537389355356
ENSSSCG00000036466,0.2688954336105041,0.5486813077817744,0.7236761471380498,1.5412528885303285,-0.007380642403753672
ENSSSCG00000036480,0.6119661340401927,0.5415864719318647,0.930047212115041,2.0835998180870985,-0.3181686370506214
ENSSSCG00000036483,1.452911836301807,0.7579739830618647,0.8897662118811899,3.1006520312448616,-0.004573869606119164
ENSSSCG00000036488,0.60233766434468,1.6678718864363729,1.7715202657573672,4.04172981653842,-0.20494878232170408
ENSSSCG00000036491,0.8994802042059267,0.8391898263653975,1.567741326001742,3.306411356573066,-0.03223866129368131
ENSSSCG00000036493,0.4697993887476477,1.143721284060914,1.3075644003318658,2.9210850731404276,-0.022270845096986545
ENSSSCG00000036494,0.3537090824076957,1.2330810012714168,1.0869636460972432,2.673753729776356,0.059638441550421924
ENSSSCG00000036499,0.6692634162975085,0.7539449683288796,0.7154442454013092,2.138652630027697,-0.32139805627351836
ENSSSCG00000036501,0.20483612534517034,0.6758782639398417,0.5933486029750019,1.4740629922600141,0.017660453374742844
ENSSSCG00000036503,0.14716569616210612,0.4679063168273714,0.4993589717081827,1.1144309846976603,-0.12682525022001537
ENSSSCG00000036505,0.6234729190872214,0.7885831652919207,1.0239236664471965,2.4359797508263386,-0.09931395705169224
ENSSSCG00000036520,1.2353714795716575,0.9110698959911073,2.0334421246716325,4.179883500234397,-0.2552886187174321
ENSSSCG00000036527,0.2163942108466182,0.9455609616079262,0.9389366075676692,2.1008917800222138,0.0628226088142097
ENSSSCG00000036529,0.5074966298140178,0.6486992637897457,0.6008871734796556,1.757083067083419,-0.11607285744818407
ENSSSCG00000036536,0.3603007484374042,0.720433319694667,0.6688481758415369,1.7495822439736082,-0.18271861400559028
ENSSSCG00000036537,0.2480277223935354,1.1014986102917146,1.0506638935508439,2.400190226236094,-0.13122228444693398
ENSSSCG00000036549,0.0916297079453506,0.5133799218407349,0.5439764681232124,1.1489860979092978,-0.046576401247980306
ENSSSCG00000036551,0.26047958983471475,0.5576614351578193,0.736866892206042,1.555007917198576,-0.0804819309745891
ENSSSCG00000036553,0.10396097450199791,0.6453028720215113,0.6961817858232772,1.4454456323467864,-0.21987251492281673
ENSSSCG00000036554,0.976721576823858,0.6968778403958694,1.0440519291753172,2.7176513463950447,-0.1440926082364985
ENSSSCG00000036556,0.28169492289921333,0.4445798747449108,0.7079239841469425,1.4341987817910666,-0.022367320211078963
ENSSSCG00000036560,0.9971592607589929,1.2994020021241257,0.9509961603091808,3.2475574231922995,0.012758579762892538
ENSSSCG00000036564,0.1397468422652921,0.32337969104634845,0.330280042100652,0.7934065754122925,-0.21136327001176822
ENSSSCG00000036584,0.42080750840857845,0.7509491780055375,0.41216569062352604,1.583922377037642,-0.14892512842348535
ENSSSCG00000036592,0.3684141697508261,1.105030675723342,0.849923976169524,2.323368821643692,0.02725470267010094
ENSSSCG00000036603,0.2619385401942516,0.4870200878590545,0.40813568092086616,1.1570943089741723,-0.009259142470068366
ENSSSCG00000036607,0.14817875720342058,0.6137425347147051,0.6005339252917826,1.3624552172099083,-0.1267478372997233
ENSSSCG00000036610,0.6303744720347088,0.513239299481927,0.9589186698671186,2.1025324413837545,-0.24440055301378183
ENSSSCG00000036613,0.37801821843421113,0.3794881060727478,0.5916466193583336,1.3491529438652925,-0.18289891828604518
ENSSSCG00000036614,0.11572995828577051,1.291027776468559,1.2378615683926872,2.6446193031470164,-0.10111600340478613
ENSSSCG00000036634,0.7856206065038969,1.3284536170728531,0.5926288570383297,2.7067030806150796,-0.29468035835258877
ENSSSCG00000036639,0.1254825493389489,0.31911333666755193,0.39575303653425964,0.8403489225407604,-0.02662096619984842
ENSSSCG00000036643,0.506274210617905,1.336823361061303,0.9759439823250604,2.8190415540042686,-0.18655749008174555
ENSSSCG00000036656,0.37859774828419324,0.5940068210741947,0.5729715478985552,1.545576117256943,-0.10279473540632048
ENSSSCG00000036658,0.4021219554718779,1.7785121209034462,1.4049455526940267,3.585579629069351,-0.006453476825103232
ENSSSCG00000036659,0.5122180477120056,0.845260147582084,1.2355820662087775,2.5930602615028673,-0.10793574924319223
ENSSSCG00000036665,0.11808856193854694,0.6710472225692787,0.7885407174738881,1.5776765019817138,-0.027255848364712405
ENSSSCG00000036673,0.43289854164219665,0.5488715667051854,0.5596140563173194,1.5413841646647015,0.1278955954618377
ENSSSCG00000036676,0.6212686525217258,0.29238661157836,0.7168453851796034,1.6305006492796892,0.08648186353007349
ENSSSCG00000036686,0.6218475638824815,0.9457186560993281,1.1767892317307165,2.744355451712526,-0.23877964190194279
ENSSSCG00000036695,0.7410525567132024,2.7060843445360807,3.357358352990118,6.804495254239401,-0.41852420637414833
ENSSSCG00000036705,0.3076373379066869,0.7443785325882354,0.6773870156191568,1.729402886114079,-0.2236842621725617
ENSSSCG00000036711,0.34403635378588815,1.393015214808474,1.4023103542112183,3.1393619228055805,-0.14776884240375557
ENSSSCG00000036712,0.27073939668071473,0.2759186975629225,0.394239715000462,0.9408978092440992,0.04250177134297203
ENSSSCG00000036716,0.5462185997789887,2.2994860996010185,2.0177434595378854,4.863448158917892,0.13996933286902724
ENSSSCG00000036722,0.16693038078083894,0.8846551634288321,0.9355413254709384,1.9871268696806095,0.13378161667442692
ENSSSCG00000036731,0.5451008373838746,0.5220875098811576,0.6448297042767626,1.7120180515417946,0.13931192149213745
ENSSSCG00000036744,0.4962411939293432,1.0498411767228422,1.2249636230919183,2.771045993744104,-0.34283064807527447
ENSSSCG00000036746,0.1452081764509516,0.5587099835607352,0.4990297611934293,1.2029479212051162,-0.08747941769448074
ENSSSCG00000036748,0.11203960118768827,0.6590187606944196,0.6244103705066046,1.3954687323887125,-0.10755124652537686
ENSSSCG00000036751,0.17743505539350748,0.3812480944405725,0.49047761932708867,1.0491607691611686,-0.1900702059644337
ENSSSCG00000036755,0.1909931334848527,0.7107813662837911,0.8806282263821319,1.7824027261507758,-0.01736849416379477
ENSSSCG00000036756,0.5121741356369033,0.36077980931297393,0.4078831171594955,1.2808370621093728,-0.17738252845134286
ENSSSCG00000036758,0.6736298335472368,0.4510342932845627,0.7381919417848571,1.8628560686166566,-0.20212288357774746
ENSSSCG00000036766,0.5696927728785516,0.8733859545021655,0.9978491099467103,2.4409278373274272,-0.19124633637027172
ENSSSCG00000036767,0.149227486895393,1.0219739959047516,1.0365334570507476,2.2077349398508925,-0.04008341711008142
ENSSSCG00000036775,0.258777175404028,0.5872884293854636,0.6547796733097097,1.5008452780992012,-0.12315290304023115
ENSSSCG00000036781,0.3892365735111171,0.415822240261777,0.5103952202889604,1.3154540340618546,-0.1568335302342476
ENSSSCG00000036783,0.38594016168671075,0.9669030889058741,0.6912204719337706,2.0440637225263556,-0.04349067126154934
ENSSSCG00000036785,0.4082138225746683,0.8882324724800117,0.6955441661730917,1.9919904612277717,-0.31651177791244706
ENSSSCG00000036789,0.8454502985721097,0.6250500106018586,0.6336713108881259,2.104171620062094,0.11466338608508288
ENSSSCG00000036790,0.31331806638417903,0.5001032888654111,0.4334548918998509,1.246876247149441,-0.13535814673398458
ENSSSCG00000036792,0.21186742509169595,0.6249426289656173,0.5234515003181229,1.3602615543754362,-0.13139239942477346
ENSSSCG00000036796,0.0706633734316465,0.5819737752123177,0.6356765304922054,1.2883136791361696,-0.2783240582356699
ENSSSCG00000036810,0.09343350261093512,0.5337143819115697,0.5351526797012396,1.1623005642237443,-0.11207619062807407
ENSSSCG00000036817,0.36917317605032657,1.3103491183195064,1.0094239404134773,2.68894623478331,0.0520474855694886
ENSSSCG00000036824,0.18949508533603437,0.4177293602690741,0.47518916624770247,1.082413611852811,0.23712131026991537
ENSSSCG00000036828,0.3555865977724349,0.12486214136837298,0.30334748204210293,0.7837962211829108,0.05368129526846243
ENSSSCG00000036832,0.5055459574174085,0.6396014509349943,0.9914454664688493,2.136592874821252,-0.26708972518298946
ENSSSCG00000036835,0.301797710203293,0.5153939988645349,0.3771893848720621,1.19438109393989,-0.2404051342127241
ENSSSCG00000036844,0.11831017505630714,0.7707598048670278,0.7671390659172475,1.6562090458405825,-0.02076252376389794
ENSSSCG00000036855,0.7489521090155881,0.8124273840733853,0.6238627330640913,2.185242226153065,-0.13681862697284344
ENSSSCG00000036865,0.62421082506754,1.4882706890827333,1.9633978842554978,4.075879398405771,-0.3454514789794033
ENSSSCG00000036870,0.36953830793175496,0.964836190356749,0.7087774001561704,2.043151898444674,-0.28366632172519374
ENSSSCG00000036877,0.2326981791979598,0.8014285683585243,0.6473860249927246,1.6815127725492087,-0.003866215494723017
ENSSSCG00000036880,0.14828662680046906,0.5522914340442215,0.4079880975235489,1.1085661583682396,-0.06270799373129507
ENSSSCG00000036883,0.27924915122619215,1.7895146394978698,1.7772519103622793,3.8460157010863414,0.22382832757183552
ENSSSCG00000036885,0.4595833973171483,0.5112413361576122,0.7765680853367471,1.7473928188115078,-0.08335878998067003
ENSSSCG00000036898,0.5750188746435014,0.7374786524761062,0.7810011938876779,2.0934987210072853,0.07452464028802218
ENSSSCG00000036920,0.3850363363711062,0.7023812537728871,0.9599668011782637,2.047384391322257,0.05393652641511595
ENSSSCG00000036924,0.574111881352492,0.96141237571406,1.1219783828007361,2.657502639867288,0.040379441881250984
ENSSSCG00000036943,0.1441364031478069,0.39742409035213155,0.46497099674261133,1.00653149024255,-0.1275113083390091
ENSSSCG00000036944,0.4280050290130306,0.49345843239905957,0.31128222331368677,1.232745684725777,-0.04014916579347699
ENSSSCG00000036952,0.5638701673967546,0.8661674842202893,0.8430408677087644,2.273078519325808,-0.010948571239083608
ENSSSCG00000036960,0.42660388304180114,2.075960650929844,2.2606017708957764,4.763166304867422,0.0010745514441971964
ENSSSCG00000036970,0.4292793398767504,0.3355783057877663,0.16993444945055752,0.9347920951150741,-0.014527071554954921
ENSSSCG00000036975,0.13770280595255283,0.5896168093882237,0.6063087116847283,1.333628327025505,-0.05380908043012436
ENSSSCG00000036996,0.2960885966382816,0.28954385439059893,0.15964811466144482,0.7452805656903253,-0.026859632221749953
ENSSSCG00000037002,0.5410953091859614,0.5206015519675863,0.4472755702997749,1.5089724314533224,-0.24051308888590595
ENSSSCG00000037015,0.8262488846987313,0.8849229474111161,1.4411744061382488,3.1523462382480965,-0.10185459885480773
ENSSSCG00000037016,0.16373888439902548,0.24738987842382915,0.3232604324506613,0.7343891952735159,0.20844146297371696
ENSSSCG00000037030,1.1318102323525683,0.8193607416368587,1.032256435287665,2.983427409277092,0.11098483422257356
ENSSSCG00000037032,0.16183033118956694,0.520271338612959,0.5241578740023044,1.2062595438048302,0.23259517306382155
ENSSSCG00000037053,0.4139192707567161,1.2420743243859689,1.3813096565303942,3.0373032516730794,-0.07279487351240616
ENSSSCG00000037077,0.7957887464408655,0.9066489600217851,1.1468495148981095,2.8492872213607603,-0.029850240764348328
ENSSSCG00000037105,0.15699738741001085,0.4293745612130854,0.5273852947319358,1.1137572433550322,-0.12354002321992123
ENSSSCG00000037116,0.1523092365304538,0.9278411524568128,0.7996884182683497,1.8798388072556163,-0.28630497944576944
ENSSSCG00000037121,0.1494879757755074,0.5040728689209119,0.5564495342294876,1.210010378925907,-0.11245438557300892
ENSSSCG00000037127,0.29537396745917,0.7669573424406025,0.7822929738971939,1.8446242837969664,0.19730627923202665
ENSSSCG00000037131,1.008290848453704,1.8160872449525156,1.3709849305580413,4.195363023964261,0.07296651514404952
ENSSSCG00000037143,0.41375536096140036,1.496160766646948,1.4983239836519975,3.408240111260346,0.053148683133187116
ENSSSCG00000037146,0.10541128111436632,0.5516732375615806,0.6133807375013781,1.2704652561773249,0.13336551127562885
ENSSSCG00000037159,0.2398024364354194,0.409632732283535,0.6148910960068443,1.2643262647257987,-0.13385787631155985
ENSSSCG00000037170,0.5710894974104095,1.7812579478757622,1.8382145345675767,4.190561979853748,0.09336554410797777
ENSSSCG00000037184,0.23809628667463076,0.9719731113778916,0.9276522251532078,2.13772162320573,-0.2911587396357995
ENSSSCG00000037185,0.4356124517816968,0.21914243274827389,0.433141669327464,1.0878965538574348,-0.0072978856266852155
ENSSSCG00000037201,0.21925114129149467,0.42079201722945386,0.2848462871734964,0.924889445694445,-0.03943046353157725
ENSSSCG00000037204,0.24619563349259202,0.230293775416654,0.15623713728212246,0.6327265461913685,-0.15718108501786948
ENSSSCG00000037209,0.08351181743228808,1.0320985083345575,1.047741576775656,2.1633519025425016,-0.2559187305619178
ENSSSCG00000037213,0.43275715742186327,1.1168397524051903,0.885574827444646,2.435171737271699,-0.04402932482116705
ENSSSCG00000037216,0.4105855833118831,0.8922071354424586,1.2542070727205634,2.556999791474905,-0.17392650430227835
ENSSSCG00000037232,0.09166811212734803,0.2896204393608793,0.3704755335894893,0.7517640850777166,-0.08604218503733262
ENSSSCG00000037236,0.567793884672738,0.9170547212574921,1.0712212713490281,2.556069877279258,0.16783480787904986
ENSSSCG00000037238,0.17470245592647135,0.3428860591415809,0.46426470198940684,0.9818532170574591,-0.07091611301880209
ENSSSCG00000037241,0.3184067571553383,0.3980231884419298,0.41976401371427413,1.1361939593115422,-0.4725818377795885
ENSSSCG00000037245,0.23323034066949205,0.9927734058474992,1.099091109332408,2.3250948558493993,0.018072467675354306
ENSSSCG00000037254,0.2625387610850547,0.4548994964199502,0.6871823406384522,1.404620598143457,-0.3327981543127797
ENSSSCG00000037256,0.5610529403461624,0.9605941118228758,1.091650939796276,2.613297991965314,-0.08763557708928464
ENSSSCG00000037263,0.6363721863736973,1.0385295448405414,0.5229666025699419,2.1978683337841805,-0.2865210128371842
ENSSSCG00000037264,0.48066848016194325,0.5886353021964463,0.8490952046970491,1.9183989870554385,-0.20735555545383066
ENSSSCG00000037267,0.38455707602540906,0.5259964414781594,0.5784342855742317,1.4889878030778,-0.19344031824031535
ENSSSCG00000037270,0.22387802597398584,0.6067504739653534,0.5206215020390257,1.3512500019783649,-0.23085389720752533
ENSSSCG00000037274,0.4675505676567823,1.790651515567479,1.846159293714031,4.104361376938292,0.012342406513486899
ENSSSCG00000037275,0.26271753213747645,1.197285481928841,1.4043277671304732,2.8643307811967906,0.21580381561312628
ENSSSCG00000037277,0.41209825555482005,0.8645430858091884,1.1064669905733,2.3831083319373083,-0.0465588152888912
ENSSSCG00000037284,0.36105631095559343,0.4594144700833171,0.696731354147769,1.5172021351866793,-0.1578626478552997
ENSSSCG00000037288,1.4242580920553856,1.1322474351184055,2.244757248340736,4.801262775514527,-0.1775976933163196
ENSSSCG00000037292,0.37815442900186846,0.5573146113463039,0.7977799624845248,1.733249002832697,-0.2722080491920223
ENSSSCG00000037299,0.40241076745526405,1.726403147794069,1.4964895264376155,3.625303441686948,-0.03719683117628417
ENSSSCG00000037305,0.2831871437025929,1.8780907858957125,1.9759238049431445,4.13720173454145,-0.0775934732493967
ENSSSCG00000037307,0.24410203408773096,0.9179318060127898,1.0891406590743675,2.2511744991748883,-0.2090913320278146
ENSSSCG00000037309,0.5964429830315789,1.1137625284315384,0.9246213977212249,2.6348269091843424,-0.2828354096831303
ENSSSCG00000037310,0.082943029106565,1.201016180194547,1.1297943983200978,2.4137536076212096,0.1444767727909785
ENSSSCG00000037314,0.23935678636075214,1.6651733764331047,1.8268633357152955,3.7313934985091524,-0.049560321067095015
ENSSSCG00000037325,0.9921424225754718,0.7435745063202759,1.3559617858711621,3.0916787147669096,-0.23494189970126544
ENSSSCG00000037332,0.7130641015953445,1.0129690611003217,0.678725006426947,2.404758169122613,-0.09977115832225604
ENSSSCG00000037336,0.2830031329098192,0.8883633025800456,0.6550120626005397,1.8263784980904045,-0.24943926314756498
ENSSSCG00000037341,0.1851086740473359,0.45122007620827914,0.33202141728382095,0.968350167539436,-0.16622495261304912
ENSSSCG00000037343,0.49984029501353866,0.89228237340506,0.7912584184808753,2.183381086899474,0.20219447465048754
ENSSSCG00000037355,0.4720699906701586,0.3975326400799537,0.2389387276329394,1.1085413583830517,-0.23447881992306804
ENSSSCG00000037360,0.11624308857985684,1.7891665094697182,1.7237137018391062,3.6291232998886813,0.05354703043245793
ENSSSCG00000037372,0.20946636174478023,1.3925677197262045,1.4419264655322328,3.0439605470032176,-0.06387563913073446
ENSSSCG00000037381,0.5236506278356091,0.8514298228327841,0.93792076877885,2.3130012194472434,-0.061460358085370835
ENSSSCG00000037384,0.4866806057487576,0.6710584660920409,0.9048735648833627,2.062612636724161,-0.028753955388484742
ENSSSCG00000037406,0.5636940652344774,1.2062278852416182,1.544777081498955,3.3146990319750507,-0.1391010841194774
ENSSSCG00000037420,0.43462562355713863,1.109386782465028,1.2114721614219066,2.755484567444073,-0.2774984466437821
ENSSSCG00000037431,0.8720734929294233,1.13791222573877,1.0276075767764097,3.037593295444603,0.1655391069009019
ENSSSCG00000037432,0.26236239255263843,0.9359981605213796,0.8559503981942993,2.0543109512683175,0.058970436650758934
ENSSSCG00000037439,0.7438277978134249,0.8040342879702586,1.1403680117342505,2.688230097517934,0.0007399626866710205
ENSSSCG00000037445,1.6837397170016761,1.237942999344718,1.099358404414984,4.021041120761378,0.013054167929416185
ENSSSCG00000037451,0.5914265200845951,0.6627027656661215,0.783392420888253,2.0375217066389695,-0.39381541598111397
ENSSSCG00000037463,0.6037291046066778,0.8937029610409504,0.9218160150144661,2.4192480806620944,0.002917960049332033
ENSSSCG00000037465,0.5203232491938699,1.5830306375618746,1.5478765569004855,3.65123044365623,0.0752265385517077
ENSSSCG00000037468,0.16517418760408145,0.5240808270887805,0.5972465539471346,1.2865015686399963,-0.34211848575254283
ENSSSCG00000037481,1.0307839442717697,1.2160279929844744,1.5508810563167437,3.797692993572988,-0.05146872422926056
ENSSSCG00000037499,0.2625140525282971,0.38313685135604647,0.5525681120483276,1.198219015932671,-0.1766302754295072
ENSSSCG00000037507,1.4970721753539942,1.0801918848121048,1.234513344771055,3.8117774049371542,-0.211296479945973
ENSSSCG00000037510,0.6398757057782133,0.933184210905728,0.7440147584386649,2.3170746751226066,0.12440777542246113
ENSSSCG00000037513,0.30754893607977574,0.7605825086565703,0.7967496437624665,1.8648810884988127,-0.12296761658710804
ENSSSCG00000037514,0.38981065721680247,0.40776155269113995,0.6377608559870667,1.435333065895009,-0.1539359631263098
ENSSSCG00000037516,0.42928191741103505,0.8127585916042726,0.692152138667115,1.9341926476824225,-0.2736148627350007
ENSSSCG00000037549,0.48768757273830926,0.831135481421876,0.6160730801296547,1.9348961342898399,-0.03362286790331127
ENSSSCG00000037556,0.7586660608668232,0.5668601526580698,0.7123817795251899,2.0379079930500827,-0.21343259071381943
ENSSSCG00000037558,0.5163734299213172,1.1941738706881428,1.3070684675085147,3.0176157681179747,-0.1402380827251081
ENSSSCG00000037561,0.18594914850901578,0.22438204939081613,0.2655584964043004,0.6758896943041324,-0.019274247955415005
ENSSSCG00000037566,0.5059973602818713,1.1828056343156348,1.3651102738825085,3.0539132684800148,0.1375908030350688
ENSSSCG00000037567,1.421792120540046,0.6624779454100712,1.4662841846828947,3.5505542506330117,-0.04532696981997721
ENSSSCG00000037572,0.33502363472846075,0.408653344701948,0.5625867019234544,1.306263681353863,-0.3402473401080764
ENSSSCG00000037580,0.1353660575913077,0.5501933884124982,0.540292630192981,1.2258520761967868,-0.15133006429071189
ENSSSCG00000037583,0.5877151599187824,0.9525074466021853,0.42580648550500994,1.9660290920259775,-0.1867051975454573
ENSSSCG00000037591,0.3211031298330665,0.6604684093877344,0.903827410956215,1.8853989501770159,-0.06884947645231841
ENSSSCG00000037592,0.6053611952684207,0.5020385207034281,0.9252541250881934,2.0326538410600423,-0.16488906505902406
ENSSSCG00000037594,0.48902313595388996,0.69480953547821,0.27249333178819096,1.456326003220291,-0.03977062136395276
ENSSSCG00000037595,0.39007717177871687,0.6676633898502925,0.688000132318175,1.7457406939471845,-0.07834449937684379
ENSSSCG00000037598,0.40740278346079856,1.1886790113721994,1.2871523048350586,2.8832340996680568,-0.1932904484614446
ENSSSCG00000037602,0.43743916969568925,1.4454665153835118,1.8418905617560137,3.724796246835215,-0.09378803323235389
ENSSSCG00000037605,0.09120088035227654,1.7524630424866618,1.726030889655161,3.5696948124940997,-0.189860877648605
ENSSSCG00000037606,0.36136498539243445,0.7745425415042426,0.9412072431839112,2.077114770080588,0.13470519361691619
ENSSSCG00000037609,0.28095458867093354,0.6053682643574635,0.4973568674687594,1.3836797204971565,0.01213317771081766
ENSSSCG00000037612,0.19619422014994806,0.8642204084844903,0.8775566827559033,1.9379713113903416,-0.17626592220914922
ENSSSCG00000037617,0.35147519894734075,0.699552153949688,0.8743671996399921,1.9253945525370209,-0.26398118520078157
ENSSSCG00000037621,0.2534413188890986,0.9017931833205488,0.6676233573938073,1.8228578596034546,-0.20120697977680327
ENSSSCG00000037632,0.8354621445438951,1.1641403809773136,1.6549690211754455,3.654571546696654,-0.15977959839245856
ENSSSCG00000037637,0.13991886567227127,0.5154108999429214,0.4002730644612517,1.0556028300764444,-0.04236251954265092
ENSSSCG00000037642,0.1528680090834055,0.35013948686334806,0.4554920689919529,0.9584995649387065,0.01366522891955977
ENSSSCG00000037645,0.08440991607119105,0.8217747992083231,0.7696111524164702,1.6757958676959843,0.1497268750719199
ENSSSCG00000037646,0.2403849086423865,1.3977031781931646,1.1699129737814087,2.80800106061696,0.06625535498932042
ENSSSCG00000037647,0.18158186345614222,0.8909709896668103,0.8619555275443458,1.9345083806672982,-0.20139222301050885
ENSSSCG00000037653,0.4837322857944126,0.5934407248474622,0.766548140644639,1.843721151286514,0.05270355927216488
ENSSSCG00000037655,0.7422894075942315,1.6057966752156765,1.2873053417368763,3.6353914245467838,-0.09326483534088346
ENSSSCG00000037660,0.9192015138982277,2.490155460349021,1.850577511503187,5.259934485750436,0.014449850523065588
ENSSSCG00000037663,0.15031721309306428,1.2002133191318414,1.188750755153392,2.539281287378298,-0.20274557392788645
ENSSSCG00000037670,0.7985594133341757,0.8139649391915043,1.0798776764584128,2.692402028984093,-0.28872210955696714
ENSSSCG00000037673,0.7547971810792313,0.9040551972760978,1.452963828560987,3.111816206916316,-0.043432566858515695
ENSSSCG00000037674,1.0822539868734375,3.9118118767027985,3.4745532953002036,8.46861915887644,0.18683983351579475
ENSSSCG00000037676,0.1930464130150713,0.8010707628626041,0.6316251101678924,1.625742286045568,-0.34094533735651855
ENSSSCG00000037698,0.2244486755381097,0.7437727669380401,0.9543918396779987,1.9226132821541484,-0.2550619443228309
ENSSSCG00000037701,0.3148446378062955,0.4907512847589277,0.6682641789293376,1.473860101494561,-0.2608272353238755
ENSSSCG00000037705,0.35658608908015843,1.1547289644785654,1.3523130602367435,2.8636281137954676,-0.22328325270339613
ENSSSCG00000037706,0.2032668048146537,0.7197828677949253,0.6731520442738199,1.5962017168833988,-0.23116142569672174
ENSSSCG00000037710,0.55110062569415,0.7066774264812659,0.3800175615989664,1.637795613774382,-0.1073092606832437
ENSSSCG00000037719,0.40495230781370684,0.2922068155231231,0.562768791548349,1.259927914885179,-0.1049214809677709
ENSSSCG00000037728,0.07764892545234844,0.2780003877851584,0.340881596755874,0.6965309099933807,0.04917243333270163
ENSSSCG00000037732,0.12724053148737444,0.6607354144632784,0.6388359213014589,1.4268118672521117,0.02420834249749503
ENSSSCG00000037733,0.27645159296396843,0.654151749858536,0.7322264062834618,1.6628297491059663,-0.07718410950484231
ENSSSCG00000037744,0.4537581932054874,0.7370798565927089,0.6093958459852671,1.8002338957834634,0.038657408121609005
ENSSSCG00000037746,0.44823769152296244,1.3641137826535488,1.5805073691187905,3.3928588432953015,-0.06365831140908812
ENSSSCG00000037766,0.37787270298315034,0.6768478085429299,0.7551217962546434,1.8098423077807237,-0.35233685559022887
ENSSSCG00000037767,0.30789209267281253,1.1485190059791428,1.1417513824098733,2.598162481061829,0.14821172535189084
ENSSSCG00000037772,0.7443032631211228,1.8209989991613331,2.0995362610699004,4.664838523352357,0.12949596306479658
ENSSSCG00000037777,0.20689501603410132,0.9118715953991001,0.7793325299609227,1.8980991413941242,-0.03800059729624225
ENSSSCG00000037781,0.6209551063799965,1.3683482157574993,0.7820832466221558,2.7713865687596515,-0.05535294926410316
ENSSSCG00000037782,0.15783689248580907,0.8981290707836396,0.9034688536214114,1.9594348168908602,0.12244935597518156
ENSSSCG00000037792,0.29151416516999623,1.4645868624643752,1.4088200435348726,3.164921071169244,0.02909563313672623
ENSSSCG00000037793,0.2588520338967764,0.9922045711574601,1.2074262628710593,2.4584828679252957,-0.10587312808305518
ENSSSCG00000037803,0.38014257917548205,0.923714256233989,0.6166350323871858,1.920491867796657,0.2090629896832612
ENSSSCG00000037808,0.09275341741625548,0.7995550098785714,0.7427130606517929,1.6350214879466198,-0.21165572711431757
ENSSSCG00000037811,0.4127944535221561,0.8706365293717931,0.858887292100968,2.142318274994917,-0.33117393074671364
ENSSSCG00000037845,0.7112530628038854,1.1416484107405662,0.5738587394087359,2.426760212953188,-0.09764327895448363
ENSSSCG00000037869,0.12232565330496345,2.0647836473673933,1.9426098844004978,4.1297191850728545,0.17370258137290234
ENSSSCG00000037892,0.08201502984346822,0.8454465604054832,0.8785217517047808,1.8059833419537321,-0.2598502331809475
ENSSSCG00000037912,0.4069642408082128,0.3188367705330478,0.3556325057903766,1.0814335171316372,-0.061796538666590364
ENSSSCG00000037914,0.3995631362783596,0.35320940378335763,0.27059689476035725,1.0233694348220745,-0.10570375066898188
ENSSSCG00000037920,0.504518709768719,1.5116741295040383,1.4462292225057645,3.462422061778522,0.042871522662918625
ENSSSCG00000037954,1.0609696441429084,0.5397796316789567,0.6673834638071814,2.2681327396290465,-0.2993214112830201
ENSSSCG00000037958,0.9359791411583118,1.635642874019193,1.5893405295909002,4.160962544768405,-0.14878243471490205
ENSSSCG00000037963,0.39275667634979916,1.237814454751638,1.228409657905524,2.858980789006961,-0.1747906130471614
ENSSSCG00000037977,0.604070933029456,0.4010843530871689,0.6645177260060048,1.6696730121226295,-0.2750083508493034
ENSSSCG00000037979,0.1797470798290746,0.57524799875598,0.5600022350184636,1.3149973136035182,0.19828164414374314
ENSSSCG00000037985,0.4697266709640617,1.3744897621795502,1.190321369378982,3.034537802522594,0.058590013574039264
ENSSSCG00000037999,0.26228053204870255,1.7260868652887147,1.724434993668738,3.7128023910061554,-0.013178536452339847
ENSSSCG00000038003,0.09267218145196122,0.5107687383784042,0.5727549895936179,1.1761959094239833,-0.1424238337600958
ENSSSCG00000038006,0.25833204175412555,1.406990709910519,1.2280850087364428,2.8934077604010873,-0.05124660783581222
ENSSSCG00000038008,0.24697055257202208,2.1591932504330713,1.9475531664661805,4.353716969471273,-0.012126284957812213
ENSSSCG00000038009,0.7425751999271796,0.8909743145810323,0.7642897857715634,2.3978393002797755,-0.2320118337491551
ENSSSCG00000038026,0.5915246617021972,0.47290083835892516,0.4858967806325517,1.550322280693674,-0.19136050382641837
ENSSSCG00000038027,0.15651611886523595,0.6490235726491163,0.5678215641528758,1.3733612556672279,-0.05155358942061024
ENSSSCG00000038031,0.37339488408446747,0.48639026802096397,0.3853382010596957,1.2451233531651271,0.03211816834481972
ENSSSCG00000038041,0.1706411803048853,0.7407649311809231,0.7250279158762889,1.6364340273620974,-0.3905083005007134
ENSSSCG00000038042,0.4134249875893216,1.6288378786293418,1.483572465410637,3.5258353316293007,0.08172792838922023
ENSSSCG00000038066,0.30695442681684276,0.6013335511716871,0.8164986538024389,1.7247866317909688,-0.33140260203523425
ENSSSCG00000038071,0.15530256310239712,1.022447113766678,1.1556411698875129,2.333390846756588,-0.40414114656226163
ENSSSCG00000038076,0.2425898460017,2.521577360204287,2.3122917280645643,5.076458934270551,0.1596047357562639
ENSSSCG00000038079,0.06486767790232963,0.7876226454385109,0.7435166695998909,1.5960069929407315,0.154462881083359
ENSSSCG00000038082,0.09267484397406489,0.5442624781587518,0.5331412160316493,1.170078538164466,-0.13680645416696
ENSSSCG00000038085,0.24685894710216005,0.6586493002585599,0.6180459182589957,1.5235541656197156,0.06970175936747519
ENSSSCG00000038095,0.5257013659367427,0.7409900545275402,1.0362751331505322,2.302966553614815,-0.1699192747840053
ENSSSCG00000038112,0.3897047367442589,0.7809876009455416,0.5248542021464958,1.6955465398362963,-0.290237044288744
ENSSSCG00000038128,0.13482481509802363,0.3941699462557788,0.4250250832149481,0.9540198445687504,-0.18476226096277137
ENSSSCG00000038132,0.5146555202448628,0.4428268627751526,0.538114704347584,1.4955970873675994,-0.049434063051660315
ENSSSCG00000038151,0.09679464193887197,0.19738588926248185,0.23681278170890857,0.5309933129102624,0.11328945291742212
ENSSSCG00000038156,0.26913189582286623,0.45808649904026105,0.4515265219089409,1.178744916772068,-0.10114799169858153
ENSSSCG00000038158,0.4024205515805501,1.1431130597814503,1.0881159844803114,2.6336495958423116,-0.333536929608475
ENSSSCG00000038172,0.5188980614986096,0.5625673960072833,0.5542777164120963,1.635743173917989,0.02815325018655646
ENSSSCG00000038181,0.4387049737195401,0.9499050627148922,1.2303840254047553,2.618994061839188,-0.24262762057990994
ENSSSCG00000038184,0.2467746607478555,0.7859483877613017,0.8922205423467918,1.924943590855949,-0.31274679684769097
ENSSSCG00000038186,0.41173470649966737,0.7986407700300391,0.9184244994817287,2.128799976011435,-0.24098534854277476
ENSSSCG00000038187,0.2103876388596971,0.4799022958698966,0.4060388502922488,1.0963287850218424,0.02699522510855352
ENSSSCG00000038189,0.20405819706798003,0.931922530482582,0.779878111387251,1.915858838937813,-0.18260453533998783
ENSSSCG00000038191,0.6416599089271585,0.5930122851490573,0.7020988390510132,1.936771033127229,-0.10860089755348394
ENSSSCG00000038222,0.5672796606651399,1.0372593697156816,1.3439937086198976,2.948532739000719,-0.059214969544918984
ENSSSCG00000038248,0.25113478027524566,0.47774203256993436,0.5248347162842913,1.2537115291294714,-0.2642229181534215
ENSSSCG00000038251,0.5293062460653919,1.0476106600965047,1.1901159152843395,2.767032821446236,-0.1271668885172848
ENSSSCG00000038253,0.5576363160002255,0.218961666322998,0.3887012066035475,1.165299188926771,-0.1641656158668091
ENSSSCG00000038260,0.49637373261026735,1.025520422743907,1.4941632543669894,3.0160574097211637,-0.09343272763888402
ENSSSCG00000038281,0.3833940864550893,0.705710852492523,0.6263967559271509,1.7155016948747632,-0.35021184663354
ENSSSCG00000038285,0.24761795289985647,0.5734191167371113,0.3947311782426118,1.2157682478795795,-0.15936524432906354
ENSSSCG00000038287,0.16493623305615993,0.20598034154388697,0.24483148259904866,0.6157480571990955,0.05007328071797969
ENSSSCG00000038289,0.6864050292076466,1.0229141455327746,0.8557245587151892,2.56504373345561,-0.13287896240900451
ENSSSCG00000038290,0.3618704531232193,1.1819456752588495,1.2140559050518134,2.757872033433882,-0.41731762464518307
ENSSSCG00000038300,0.07392600182556626,0.471754225056699,0.5446678627941609,1.0903480896764262,-0.1752460801074091
ENSSSCG00000038304,0.42890518217125356,0.954420245102994,0.8540038017639451,2.2373292290381928,-0.18675996281969992
ENSSSCG00000038307,0.45174365558527935,1.217770029894717,1.2707286378969005,2.940242323376897,-0.005722341992821031
ENSSSCG00000038308,0.30752739404550034,1.7166848213087424,1.717629269353098,3.741841484707341,0.10674024393746138
ENSSSCG00000038327,0.13131519399433675,0.5657729400813576,0.4625686183347974,1.1596567524104917,-0.07500086381664307
ENSSSCG00000038329,0.3225632287316893,0.3681925916483572,0.34850227854990024,1.0392580989299467,0.07046408844196367
ENSSSCG00000038359,0.3672323514366638,1.0242120916664672,1.1950214490125786,2.5864658921157098,0.08576899682514401
ENSSSCG00000038360,0.5924649403264566,0.613019344133414,1.0683552028480117,2.273839487307882,0.03956634802275983
ENSSSCG00000038362,1.232737864386396,2.0740508175015355,0.8875730588201332,4.1943617407080644,-0.08828725904032397
ENSSSCG00000038366,0.6978386329211009,1.0328979827208202,1.599740083471609,3.33047669911353,0.02780240014214566
ENSSSCG00000038367,0.7496639643147439,0.860809287026949,1.4379072388929615,3.0483804902346545,-0.12360521145493311
ENSSSCG00000038374,0.29972165384286753,0.9204756159783124,0.8085674074307858,2.0287646772519654,-0.2615322416884704
ENSSSCG00000038376,0.5495803867430263,0.5987794875358675,0.5192721701464739,1.6676320444253676,-0.22771749489075185
ENSSSCG00000038383,0.6305602338052096,1.2584935706155518,0.8955824608996393,2.7846362653204006,-0.43803515229644086
ENSSSCG00000038394,0.6093376455092806,0.5547421287266459,0.6323451802459683,1.7964249544818949,-0.2386667145502237
ENSSSCG00000038397,0.2444519927473701,0.7486484424619932,0.5160388632401934,1.5091392984495569,-0.16088186927397108
ENSSSCG00000038399,0.3107628611649319,1.8577828171715336,1.814500165532253,3.9830458438687186,0.13860408670254526
ENSSSCG00000038401,0.5105804931402024,1.058649297828528,1.077335849909146,2.646565640877877,-0.33756152310359866
ENSSSCG00000038404,0.2534195449002927,0.37585212320583505,0.19411274970167985,0.8233844178078076,-0.08858261637621621
ENSSSCG00000038410,0.27417572286810216,1.635564673843083,1.7145630875108668,3.624303484222052,-0.22975104328128051
ENSSSCG00000038417,0.44598106407512816,0.2665633636520453,0.5718804658612269,1.2844248935884004,-0.3124033194416001
ENSSSCG00000038420,0.14391392231226774,1.0187226571388486,0.8822949958187688,2.044931575269885,0.21834996587042033
ENSSSCG00000038422,0.8351657077340465,0.8255688942777605,0.8279846970272648,2.488719299039072,0.038935582866620876
ENSSSCG00000038423,0.3151478534175825,0.6288397199670713,0.37584098252245746,1.3198285559071112,0.016338927584509007
ENSSSCG00000038436,0.20674782812945816,2.5132051002366507,2.3658488603382652,5.085801788704375,0.05583625246390868
ENSSSCG00000038442,0.14174950044715534,0.7819907908863387,0.6665797449342848,1.5903200362677787,-0.2285208697577367
ENSSSCG00000038443,0.5343166442745017,0.46162408107932557,0.4958623236919125,1.49180304904574,-0.24113862769629665
ENSSSCG00000038444,0.28990029012963836,1.667612103595399,1.799750975193672,3.7572633689187094,-0.09086164102618637
ENSSSCG00000038452,0.07185245591931569,0.5236538002929197,0.5848058645403269,1.1803121207525624,-0.08917926497947803
ENSSSCG00000038465,0.5241780394281741,0.8196796155804352,1.0132224480206118,2.3570801030292214,-0.014959473700221045
ENSSSCG00000038466,0.4020493326140028,1.1495009062579804,1.5342896364314567,3.08583987530344,0.03558744788815635
ENSSSCG00000038469,0.6141677966713268,0.9705187913496915,0.8915110332954174,2.4761976213164356,-0.2639797818345978
ENSSSCG00000038474,0.17547219931276964,0.8880946982082119,0.9054766896585578,1.9690435871795393,0.08229967277480126
ENSSSCG00000038477,0.13597079334402093,1.0697547302248391,0.99154459306315,2.19727011663201,-0.10310869981003519
ENSSSCG00000038478,0.728767822617679,0.6108160329648605,0.8475477407416357,2.1871315963241753,-0.15938530006271887
ENSSSCG00000038487,0.4095898865409619,0.7359913622397941,0.8183092902406859,1.9638905390214418,-0.13155551109891928
ENSSSCG00000038493,0.7644627915435002,1.6343798011037134,0.938035899422615,3.336878492069829,0.04363385001751448
ENSSSCG00000038494,0.33268110428588776,0.91144418549367,0.8598860628073962,2.104011352586954,-0.2846694455380534
ENSSSCG00000038500,0.9735702661882315,0.4407570796517725,1.1502043710859842,2.5645317169259885,-0.1331219065707572
ENSSSCG00000038506,0.38301611583776984,0.375656554948551,0.17799840270739037,0.9366710734937111,-0.04995732081539344
ENSSSCG00000038507,0.9583169717819653,2.2547950476924705,2.7235530799408814,5.936665099415317,0.13476774805997557
ENSSSCG00000038520,0.23565050130226223,0.2413244060256739,0.20533262979889744,0.6823075371268336,-0.14470377423900968
ENSSSCG00000038521,0.1931561575249332,0.7985390633337692,0.6812584718442332,1.6729536927029356,-0.20018090503770783
ENSSSCG00000038533,0.46905960013576775,0.6182185993599306,0.9894648717287918,2.0767430712244903,-0.17314932780717507
ENSSSCG00000038534,0.39100448328316595,0.6660958805254971,0.5507191710497701,1.607819534858433,-0.06934638086548095
ENSSSCG00000038536,0.1841239714095888,0.5587473820830225,0.6082254821382154,1.3510968356308268,-0.21546455635982453
ENSSSCG00000038540,0.3925753733113679,0.6935193100660243,0.491300049295961,1.577394732673353,-0.2502779806884444
ENSSSCG00000038541,0.06903978950865061,1.3724171046997518,1.4189752068713213,2.8604321010797236,-0.22408573911349203
ENSSSCG00000038543,0.5264960092784309,0.4311607850906092,0.5056438585392832,1.4633006529083232,-0.25286562183277433
ENSSSCG00000038549,0.30794660303044974,1.0773262699205797,1.1723860830984072,2.5576589560494365,-0.03804534871281537
ENSSSCG00000038550,0.24515111486720761,0.32141127493265803,0.1113608284251963,0.677923218225062,0.0023249545105825443
ENSSSCG00000038554,0.43843700041946365,0.13224978202204474,0.5292303679130961,1.0999171503546044,-0.14083924752107366
ENSSSCG00000038558,0.5691102680671918,0.5172917932725924,0.29872278921037915,1.3851248505501634,-0.20036243947673557
ENSSSCG00000038562,0.6637284790604303,0.5021599224265048,0.6565065452750399,1.822394946761975,-0.17241620059769272
ENSSSCG00000038579,0.3113003707611063,0.23635742765387058,0.38167205463875664,0.9293298530537335,0.2100911185199267
ENSSSCG00000038581,0.5251848781135444,1.3562338809539662,1.2196493535695319,3.1010681126370425,0.15277707244950178
ENSSSCG00000038584,0.12808733745119302,0.5855918628719559,0.59030448085516,1.303983681178309,-0.20409617835898472
ENSSSCG00000038587,0.9428120285609495,0.794664266217538,1.4891281778554433,3.2266044726339307,0.06758197953930899
ENSSSCG00000038588,0.7020312120020649,0.918981058727406,1.6034795248244167,3.224491795553887,-0.021197552744785155
ENSSSCG00000038594,0.07446577867185757,0.6139976572325215,0.6582638234897484,1.3467272593941275,0.1671911184543457
ENSSSCG00000038597,0.1983803197291405,0.5484771296020842,0.4817552650665894,1.228612714397814,-0.025727704465542442
ENSSSCG00000038607,0.07197872821830921,0.6304021195807088,0.685140103442908,1.387520951241926,-0.1668551667097887
ENSSSCG00000038615,0.8137886826685075,0.8485584613797994,1.146673231533529,2.809020375581836,-0.06323106970402229
ENSSSCG00000038617,0.24777473469087946,0.7133792639694165,0.7871202053859503,1.7482742040462462,-0.25552146930230263
ENSSSCG00000038627,0.10681948259040569,0.7073807783151592,0.8069408811855349,1.6211411420911,-0.23071560499469598
ENSSSCG00000038628,1.1377958906009933,0.830562687988661,0.46447344532969026,2.4328320239193446,-0.04738268827713052
ENSSSCG00000038630,0.6818100247162735,0.5483255275261995,0.845181003767611,2.0753165560100837,-0.17493193374337326
ENSSSCG00000038632,0.6797523209938935,0.40153818112481415,0.5064261143151269,1.5877166164338345,-0.1972624278675808
ENSSSCG00000038643,0.44480603669331414,0.7281281355750557,0.4635988397650831,1.636533012033453,-0.18372114976914028
ENSSSCG00000038646,0.9725834610583325,0.8100759188151369,0.695165044590413,2.4778244244638823,-0.09917434959366374
ENSSSCG00000038650,0.6985786722120488,1.3599600232095654,1.6787127971019993,3.7372514925236135,0.16347448816657306
ENSSSCG00000038657,0.42050671927901867,0.505870937250281,0.5360469429818369,1.4624245995111365,-0.08652090219490781
ENSSSCG00000038677,0.13236268862146908,1.4322075878659632,1.4180704077238058,2.982640684211238,0.06263129329459667
ENSSSCG00000038682,0.1661485721196364,1.2824421625486748,1.172157583518899,2.6207483181872107,0.08725949063684266
ENSSSCG00000038694,0.32104308625324685,0.5562331931611091,0.4160997391832938,1.2933760185976497,0.014751985271024759
ENSSSCG00000038700,0.10056484415266047,1.799188375663349,1.706688290894831,3.606441510710841,-0.08203607587890639
ENSSSCG00000038712,0.4454377245152167,0.4049641161225582,0.5754609819335407,1.4258628225713155,-0.2125161316432432
ENSSSCG00000038715,0.16598273044284287,1.05264099076934,0.914596992561982,2.133220713774165,0.054295006880557176
ENSSSCG00000038724,0.179957783569322,1.059655047443436,0.945817492345608,2.185430323358366,-0.16490627780367179
ENSSSCG00000038726,0.11094258130311195,0.5733247756603811,0.5606703779093234,1.2449377348728166,0.12046399845365965
ENSSSCG00000038727,0.549139123144154,1.0143841067723829,1.3666708964692744,2.9301941263858113,-0.22984859019163814
ENSSSCG00000038730,0.49252849614908045,0.8572704841577993,0.6736706417062992,2.023469622013179,-0.37700383023014034
ENSSSCG00000038731,0.3244094501585887,1.0479998114729099,1.0569554198463744,2.429364681477873,-0.2093154967151976
ENSSSCG00000038735,0.32754188033284787,0.43521341965119514,0.35680355958600535,1.1195588595700483,-0.13792047967409107
ENSSSCG00000038738,0.07566927520370614,1.2466572943876613,1.2438844760652854,2.5662110456566527,-0.2893731314690275
ENSSSCG00000038752,1.0738832372696314,0.5527560959983278,1.104658138371737,2.7312974716396963,-0.059404452664982316
ENSSSCG00000038757,0.16044299371880769,0.4356081378765429,0.3782736150623143,0.9743247466576649,0.014927202788905105
ENSSSCG00000038760,0.2976385663121784,0.47657642154716995,0.5415322273962603,1.3157472152556084,-0.15739916839392729
ENSSSCG00000038762,0.46098079227370803,1.0256748553855222,1.3528864103911376,2.839542058050368,0.10763213228857926
ENSSSCG00000038763,0.7183512672931315,0.8014686700655338,0.39782778463314855,1.917647721991814,-0.43065752284315273
ENSSSCG00000038774,0.15643635140556783,0.24735303893279212,0.3620526673249446,0.7658420576633045,-0.1986117667520655
ENSSSCG00000038776,1.5333068675866397,1.1339010495159394,0.9239846446824181,3.591192561784997,0.19998953951488316
ENSSSCG00000038800,0.6852362566534169,1.1262437796316613,0.9813552760153523,2.7928353123004306,0.09073917156360004
ENSSSCG00000038825,0.6006078061427542,1.4076408668378295,1.1960580446457265,3.2043067176263103,-0.1726110793718175
ENSSSCG00000038826,0.4580973230662882,1.6929687269898035,1.4337237809667185,3.5847898310228103,0.15648822168623108
ENSSSCG00000038838,0.12972268152552532,0.22364335806353178,0.1736253655486589,0.526991405137716,-0.0011268307606230098
ENSSSCG00000038853,0.15431743450285854,0.46896785806368113,0.5606715775383214,1.183956870104861,-0.33833154370404833
ENSSSCG00000038854,0.678654326626412,0.8495192582454913,0.5376129991025754,2.0657865839744787,0.06531238601288057
ENSSSCG00000038856,0.28031579640449844,0.506148169392112,0.53712151637733,1.3235854821739403,-0.22345275429241607
ENSSSCG00000038861,0.6107967627376414,0.19880434287986423,0.6513395643973826,1.4609406700148884,-0.05105093165965476
ENSSSCG00000038867,0.36995216329297276,0.5004256349337053,0.20100505940956398,1.071382857636242,0.08225665918649357
ENSSSCG00000038868,0.534013450438794,0.26955557392911345,0.5601462412161031,1.3637152655840106,-0.017283119102589863
ENSSSCG00000038872,0.2906932198503331,0.501239485724065,0.7174530774083714,1.5093857829827695,-0.11343944850015965
ENSSSCG00000038873,1.1280301171612737,1.0758482522481958,1.5371570600074838,3.7410354294169537,-0.1330506893513987
ENSSSCG00000038877,0.26837034161836676,0.269333920299803,0.29984298509998,0.8375472470181498,-0.11252138535568858
ENSSSCG00000038880,0.23584383627069946,2.2785922418001,2.1609254891655283,4.675361567236328,0.2030367789443443
ENSSSCG00000038895,0.25853004657430473,0.9850267371882593,1.0583096157630867,2.3018663995256508,0.0464607722807544
ENSSSCG00000038900,0.365009664871574,0.9189944629840071,0.9240968175185225,2.2081009453741034,-0.12921689311511575
ENSSSCG00000038907,0.6058863590203469,1.082543190063879,1.0708674947291517,2.7592970438133775,-0.009673874551484635
ENSSSCG00000038913,0.7501510550875538,0.4144500584476231,0.502040226381802,1.6666413399169788,-0.1268397916085419
ENSSSCG00000038914,0.33192745077890856,2.1392638229730405,1.98186630410151,4.45305757785346,0.06491506513175588
ENSSSCG00000038917,0.8975432804889714,0.3853556740699634,0.8115798825722349,2.09447883713117,-0.2684099357189341
ENSSSCG00000038919,0.24469856946521729,0.916850540637497,0.7516744753358373,1.9132235854385518,-0.24611910619140887
ENSSSCG00000038931,0.4406092938034216,0.6991828129292571,0.7731049885819304,1.9128970953146092,-0.03871990109953907
ENSSSCG00000038932,0.45174670547105095,0.33432664938543655,0.5399677245682285,1.3260410794247162,-0.25418101727935655
ENSSSCG00000038933,0.9254344819713148,0.5803251617124258,1.2397114885688503,2.745471132252591,-0.07430586846079193
ENSSSCG00000038941,0.6211927460868469,1.2693821120383073,1.8221238048589643,3.7126986629841188,0.005655343713629549
ENSSSCG00000038947,0.48770571339877,0.8068752883218123,0.8914583404842376,2.18603934220482,0.0607340136456812
ENSSSCG00000038948,0.10502952984929936,0.5278885204972301,0.5640348213023941,1.1969528716489237,0.06017731881394077
ENSSSCG00000038949,0.09568218117102438,0.6130985540258768,0.5780578565645283,1.2868385917614296,-0.09590365459515945
ENSSSCG00000038953,0.33146340319455864,0.8365192966265362,0.7069732164419114,1.8749559162630063,0.04741059901917066
ENSSSCG00000038955,0.10260789060150181,1.4432365686571222,1.3410387655420541,2.886883224800678,-0.11838323954931075
ENSSSCG00000038958,0.5348456176358106,0.7011782423677213,0.8836262808770784,2.1196501408806103,-0.28751940422477323
ENSSSCG00000038960,0.4094218538058017,0.7290004890419262,0.4066733019974361,1.5450956448451638,-0.0817767399988686
ENSSSCG00000038963,0.13602394209972285,0.4487450469529743,0.5156342499118107,1.1004032389645078,-0.018934771839419464
ENSSSCG00000038967,0.6148261332010538,0.8883812708138089,0.45133255645199355,1.9545399604668563,-0.29441018695596316
ENSSSCG00000038968,0.8640444796098972,1.45280805121505,1.1402617067921528,3.4571142376171,-0.16305780050806315
ENSSSCG00000038970,0.16355299971909434,0.4183205533534671,0.2769312900581362,0.8588048431306976,-0.0047516198822959285
ENSSSCG00000038973,0.6334836079308933,0.758534673233525,0.7287574668864235,2.120775748050842,-0.1634090931971071
ENSSSCG00000038977,0.19434901203726584,0.4459456144283798,0.34672767987134945,0.9870223063369952,-0.20208878500311084
ENSSSCG00000038987,0.9180292892928084,1.8007424020935385,1.6543032603106849,4.373074951697031,-0.004672222527170541
ENSSSCG00000038989,0.6112344344609588,2.7122464109788478,3.224694964496384,6.548175809936191,-0.010860288465729947
ENSSSCG00000038990,0.3936590328298496,0.8618750436786811,1.1271292672137025,2.382663343722233,-0.42383201125915926
ENSSSCG00000038994,0.52343210837338,2.084795008012821,2.597460872016756,5.205687988402957,0.01634274972955039
ENSSSCG00000039004,0.547144760917382,0.5069467515472773,0.9545806396740824,2.0086721521387414,0.025646445796111507
ENSSSCG00000039012,0.18027022907757104,0.6963993315257433,0.6698993340384819,1.5465688946417964,-0.19310867371386362
ENSSSCG00000039021,0.1739434056633689,0.9835851365510802,0.9429077234589052,2.100436265673354,0.12076818725807821
ENSSSCG00000039046,0.6078711560979712,1.989663277644366,1.8603094913431035,4.457843925085441,0.1747908219490764
ENSSSCG00000039049,0.2621973925620427,0.33419323693943964,0.1118452870590984,0.7082359165605807,-0.14233062446080616
ENSSSCG00000039056,0.18054817637120865,0.34347940859398085,0.42233891921869254,0.946366504183882,-0.10455386437937636
ENSSSCG00000039060,0.42990271272741243,0.8378352652434318,0.596427981187907,1.8641659591587512,-0.29749276568365707
ENSSSCG00000039061,0.3180798416333322,0.6488552936029964,0.6065023824845996,1.5734375177209283,-0.044136658934368085
ENSSSCG00000039073,0.13406258511587407,0.6211707832178884,0.7487171446308707,1.5039505129646331,-0.04972922303692528
ENSSSCG00000039085,0.09454521671464101,0.9176570661989776,0.8605924014198704,1.8727946843334888,-0.1321991955196869
ENSSSCG00000039095,0.13400595689330286,0.6477238468545574,0.7634438189266345,1.5451736226744948,-0.050311315914549674
ENSSSCG00000039107,0.15173669272834184,0.49752053392862233,0.5211008514136071,1.1703580780705711,-0.08253962737107728
ENSSSCG00000039109,0.07336891254510428,0.1703501050915926,0.2108157025930389,0.45453472022973573,-0.10097366663307063
ENSSSCG00000039130,0.36599032576967916,1.538668857244968,1.733607581921694,3.638266764936341,0.15290654059724312
ENSSSCG00000039137,0.5720468555391865,1.717965486990531,1.42608437534999,3.7160967178797075,-0.01821936630312925
ENSSSCG00000039148,0.3329049656418768,1.1444376147596143,1.26411958478071,2.741462165182201,0.10435995967714638
ENSSSCG00000039157,0.47792604303628927,0.42310870917756493,0.6522807363073692,1.5533154885212235,-0.05606070666070359
ENSSSCG00000039161,0.08218087250365816,0.5170132777480783,0.5639367017400944,1.1631308519918306,-0.10975615309989323
ENSSSCG00000039171,0.2000348618140895,0.6036780340140389,0.6406144495263374,1.4443273453544658,-0.22633944687295066
ENSSSCG00000039185,0.657848203809646,0.5455866485932142,0.763165445425247,1.9666002978281072,-0.23258667450634152
ENSSSCG00000039191,0.44040369785572786,0.844659582019764,1.2409885097981477,2.526051789673639,-0.013740069055905482
ENSSSCG00000039198,0.21083758301798208,0.7609332410532256,0.8270540097915738,1.7988248338627815,-0.13589910241742326
ENSSSCG00000039201,0.19374490687135673,1.5983583932472938,1.6124492691243377,3.4045525692429885,0.05492495730521877
ENSSSCG00000039202,0.40589280718475895,0.8535761475024943,1.0969638348425552,2.3564327895298085,0.042791763381327244
ENSSSCG00000039215,0.27013647702111865,0.43136763233771525,0.32903092314556664,1.0305350325044005,-0.4723833700699225
ENSSSCG00000039216,0.25160758906359953,0.6978961075954273,0.7990851078866155,1.7485888045456424,-0.005140683925015327
ENSSSCG00000039218,0.16603208796431723,0.39896527837049034,0.43516743240666483,1.0001647987414723,-0.22190213211461648
ENSSSCG00000039221,0.4730409901651361,0.2954953088681138,0.30283814858668495,1.071374447619935,0.08429771784785378
ENSSSCG00000039230,0.3260781030044884,1.263558760724788,1.0781585253409731,2.6677953890702497,0.11267424855717796
ENSSSCG00000039235,0.514041026798691,0.7449625615369466,0.4820711648147147,1.7410747531503523,0.18660720324121316
ENSSSCG00000039243,0.17025119902701374,2.2653855752931795,2.1628158477633543,4.598452622083547,-0.008030341851214
ENSSSCG00000039245,0.1181432262098681,0.5527994600782736,0.6405712490690282,1.3115139353571699,-0.1516892546563526
ENSSSCG00000039249,0.6180142608201273,0.16332846754782696,0.7603829650531051,1.5417256934210593,-0.08529392261669709
ENSSSCG00000039258,0.22634928908936935,0.4024071991677141,0.5221132854419809,1.1508697736990645,-0.1939582458536306
ENSSSCG00000039265,0.6862044464539241,1.2165551391930065,1.4011928059696561,3.303952391616587,0.045453498440869974
ENSSSCG00000039267,0.4045371645480286,1.3282161611705932,1.1706607386374144,2.903414064356036,0.08548739714052635
ENSSSCG00000039285,0.39603056459135993,1.4017913190669713,1.1325943353371815,2.9304162189955125,-0.1045971473323795
ENSSSCG00000039290,0.43644120272617515,0.912660965337711,0.7579526643677859,2.107054832431672,-0.14535213572403116
ENSSSCG00000039295,0.44688716906906856,0.9027636929713602,0.7371829088885893,2.086833770929018,0.1168290001715203
ENSSSCG00000039301,1.5798484093739877,1.0147629179521536,0.8175498660458763,3.4121611933720177,-0.14946041438727678
ENSSSCG00000039309,0.8591174625847057,0.352030884524147,0.8262667080163087,2.0374150551251615,-0.002717352563351406
ENSSSCG00000039314,0.6944059008741323,0.6778843286412244,1.2985840796448997,2.6708743091602565,0.1093129180279433
ENSSSCG00000039315,0.23815987834808738,1.763925447249774,1.6373774830766734,3.6394628086745353,0.14200342674441277
ENSSSCG00000039317,0.5156389620343178,0.8400370674148264,0.5683040488844664,1.9239800783336107,-0.09551364451674739
ENSSSCG00000039321,0.7578689718275448,0.9328776755037742,0.46065023623561835,2.1513968835669375,-0.028123628973105885
ENSSSCG00000039324,0.20272544045317314,1.2106965082684922,1.0339082807999909,2.447330229521656,-0.12723256230770502
ENSSSCG00000039327,0.4864440911410173,1.0108004350668112,1.1864555567389359,2.683700082946764,-0.3507901465513937
ENSSSCG00000039330,0.5261811749315459,1.5492365891170763,1.1379788747976052,3.213396638846228,-0.07566932015947779
ENSSSCG00000039331,0.7173383174261269,1.3413210831768363,1.7849048069961257,3.843564207599089,-0.08844262176680744
ENSSSCG00000039336,0.47589652319521236,1.994873599509549,2.19008148257165,4.660851605276411,-0.2650506724353766
ENSSSCG00000039338,0.40397358859137017,0.6409853784164145,0.46798695668837026,1.5129459236961549,-0.07676830242020512
ENSSSCG00000039341,0.38845581755061726,1.305590215622629,1.5532918623665026,3.247337895539749,-0.11457348998561072
ENSSSCG00000039351,0.4010165506283991,0.7809430247310073,0.94123180750616,2.123191382865566,-0.10050853442615035
ENSSSCG00000039370,0.6439289980320313,0.93795702332632,0.474099433667376,2.0559854550257275,-0.22747564982145052
ENSSSCG00000039373,0.5514649278527246,0.6919334050443877,0.5658952616613052,1.8092935945584174,-0.247920987032061
ENSSSCG00000039390,0.46840478286578063,0.9409725352727913,1.0654351165552405,2.4748124346938125,0.05081640308507504
ENSSSCG00000039393,1.1290758887609664,1.8009838897396162,1.6028605583754527,4.532920336876035,-0.2362962786892729
ENSSSCG00000039397,0.6271222743391659,0.7556854053872127,0.7747541114802706,2.1575617912066494,-0.047998537932961764
ENSSSCG00000039398,0.693048921709884,0.844345673611469,0.6714224330881038,2.208817028409457,-0.17099757052177067
ENSSSCG00000039399,0.11532232027480485,0.6045766894180004,0.6314850644160334,1.3513840741088385,-0.04622300255765837
ENSSSCG00000039416,0.15910067254083696,0.6771354635093155,0.6590977336925389,1.4953338697426912,-0.05711459322023588
ENSSSCG00000039417,1.1993385041481686,1.1392470833698858,1.965949659961503,4.304535247479557,-0.12840241692575174
ENSSSCG00000039425,0.20867327945997002,0.4166769252565504,0.3933650140284235,1.018715218744944,-0.19492453478266994
ENSSSCG00000039426,0.14656183450529206,0.7463020129062036,0.7053210058426228,1.5981848532541183,-0.05806224519214115
ENSSSCG00000039460,0.10930767136188628,2.205485891662419,2.129805666821167,4.444599229845473,0.17364773357587962
ENSSSCG00000039469,0.43044067249239043,0.21490964779255428,0.33271896568238385,0.9780692859673286,-0.2671333790136909
ENSSSCG00000039472,0.6007963194904671,3.21212139113794,3.705285100890757,7.518202811519164,-0.11206252225222962
ENSSSCG00000039473,0.7635091111253157,0.9151869934109735,0.26675681543500107,1.9454529199712904,-0.18600754228908686
ENSSSCG00000039480,0.6630330768189305,0.47051792632223904,0.3829086503318917,1.5164596534730612,-0.17866015177378064
ENSSSCG00000039494,0.24408205913745648,1.6573029646736408,1.5610578474217323,3.4624428712328292,0.21429633260504063
ENSSSCG00000039506,0.3171592624667023,1.6065483809066654,1.7637593883760454,3.687467031749413,0.1549503667490918
ENSSSCG00000039508,0.18184969697678438,0.9569719932724056,0.962709523948557,2.101531214197747,-0.2765426741904812
ENSSSCG00000039514,0.496613385969557,1.2472514505437398,1.734100556506537,3.4779653930198338,-0.4856488666446898
ENSSSCG00000039516,0.11858310148011929,0.8446344548665355,0.8497889082420699,1.8130064645887247,-0.10240842313635477
ENSSSCG00000039523,0.8426872138252351,0.7840063511268084,0.6362902713762801,2.2629838363283237,0.032713492082627735
ENSSSCG00000039538,0.5736317734073326,0.8293657631072017,0.4107372410473601,1.8137347775618942,0.023228876169149232
ENSSSCG00000039539,0.09102251677744616,0.9479361584873232,0.9286859545561968,1.967644629820966,-0.2069601493342936
ENSSSCG00000039542,0.053597093149891625,1.3862137015089597,1.369566026778939,2.80937682143779,-0.2891010065609505
ENSSSCG00000039544,0.5978635383268555,2.092252884504257,2.412505159296772,5.102621582127885,0.010728150096908667
ENSSSCG00000039546,0.5062386563704457,0.5632595039332318,0.9729170466019234,2.0424152069056007,-0.09904551186658149
ENSSSCG00000039549,1.4936193770089268,1.0930208251836169,1.7365973360117546,4.323237538204298,-0.21272346710297152
ENSSSCG00000039550,0.5788746934840654,0.6658207839590401,0.9112182755807319,2.1559137530238375,0.10040879440009882
ENSSSCG00000039551,0.1542014326458701,1.55456649935241,1.4759051029723602,3.1846730349706402,-0.2518318799290388
ENSSSCG00000039555,0.9018420995148009,0.5076714739976654,0.4747067922098789,1.8842203657223453,-0.12072906990514569
ENSSSCG00000039560,0.5985718623632891,2.674375543646391,3.1791185081537003,6.452065914163381,-0.2145846711302527
ENSSSCG00000039562,0.29181796492478723,0.7944997373696664,0.5586554963210987,1.6449731986155522,-0.3025809446614792
ENSSSCG00000039580,0.19048005997781475,0.46001960157216865,0.49812216641734497,1.1486218279673284,-0.10673286573924766
ENSSSCG00000039582,0.9407890044295817,1.4143711695695143,1.0651583201715262,3.4203184941706217,0.029589866932917118
ENSSSCG00000039591,1.028358909927032,0.5986236094212114,0.8587483230015865,2.48573084234983,-0.14540864461326264
ENSSSCG00000039594,0.40981277255426785,0.45619840818738416,0.7665690507996786,1.6325802315413305,-0.1098759362253243
ENSSSCG00000039598,0.09805415953015562,0.7166505251611737,0.6683120226725471,1.4830167073638765,0.013012000883867243
ENSSSCG00000039607,0.15739466079365558,0.5696328750846872,0.48821417500336767,1.2152417108817104,0.008373652849789841
ENSSSCG00000039609,0.4741046090565598,0.9870514864181416,1.1564170918692356,2.617573187343937,-0.23122878092301988
ENSSSCG00000039614,0.45603569572195074,2.1362375988674915,2.4554518945959303,5.047725189185373,-0.28613652626026975
ENSSSCG00000039616,0.14741322510279853,0.583404514827638,0.6367688194105757,1.3675865593410124,-0.024886791273851423
ENSSSCG00000039618,0.30180019310307216,1.27052432867421,1.3656717990146416,2.9379963207919237,0.1228578406182331
ENSSSCG00000039626,0.24544009926924842,1.063232604988314,0.9601928057266225,2.268865509984185,-0.01789675838184468
ENSSSCG00000039635,0.5270936303541387,0.7072095170034038,0.6397490038931718,1.8740521512507144,0.2519826665163558
ENSSSCG00000039638,0.38459948363964924,3.915728074598212,3.9885104242829104,8.288837982520771,-0.38248730381949164
ENSSSCG00000039640,0.36826809575742303,1.1625736396257087,1.2672960054546576,2.7981377408377894,-0.18085727532791643
ENSSSCG00000039652,0.5328543551575926,0.3090711294454984,0.3305950709979937,1.1725205556010847,-0.23753418665560178
ENSSSCG00000039654,0.4556608722803515,0.39691071564664204,0.5318620456474541,1.3844336335744476,-0.10480903015875691
ENSSSCG00000039655,0.8760287075888106,0.5935278998530605,1.4126846024886495,2.8822412099305206,-0.15260042673390842
ENSSSCG00000039656,0.5484675249514926,0.8404058647407259,0.6228788305331132,2.0117522202253317,-0.09759805975356622
ENSSSCG00000039658,0.47408010155818914,0.3331015154319145,0.6920908340543538,1.4992724510444573,-0.25511757985219663
ENSSSCG00000039659,0.38195468266040744,1.3683321522006477,1.0227315077792836,2.7730183426403388,0.17291946596033841
ENSSSCG00000039662,1.344742288895294,1.3564343503777014,1.3702652697194668,4.071441908992463,0.1990287508780852
ENSSSCG00000039695,0.46520838470835457,0.5076281618459391,0.5635949193451427,1.5364314658994362,-0.16800399804278024
ENSSSCG00000039701,0.732191754986474,0.49954335942658595,1.1573252309189737,2.389060345332034,-0.2646006866307806
ENSSSCG00000039707,0.40222482140015564,0.4180326902022631,0.6512084215013282,1.471465933103747,-0.2734879875143608
ENSSSCG00000039714,0.30773337991973576,0.3932735346948079,0.47454963932108457,1.1755565539356283,-0.08869469197095779
ENSSSCG00000039719,0.0732722343538025,1.2190841909267092,1.1776748951596159,2.4700313204401274,-0.1289800649580926
ENSSSCG00000039731,0.34317204104319005,1.81455027925643,1.6902123974186807,3.847934717718301,0.25410251066973033
ENSSSCG00000039740,0.3229049138991336,1.9542132343172556,1.8538652473330417,4.130983395549431,0.1398829765979397
ENSSSCG00000039760,0.22533651695995077,1.2517923315502162,1.2976908919012917,2.7748197404114587,-0.5297989683205131
ENSSSCG00000039763,0.5015359635345814,0.5516184896145958,0.534362051106118,1.5875165042552952,-0.033862163277749845
ENSSSCG00000039769,0.8567903897876472,0.8097927032314335,0.7805322802335867,2.447115373252667,-0.4335868935110227
ENSSSCG00000039778,0.09457261134546896,0.38178397953081405,0.4645073537179407,0.9408639445942237,0.043666120792448
ENSSSCG00000039782,0.5068082443660203,1.2636863157284182,1.017522866652558,2.788017426746997,0.04927531600772632
ENSSSCG00000039793,0.6452106958852516,0.8175994340538654,0.5023286706574209,1.965138800596538,-0.2515267636844682
ENSSSCG00000039802,0.38685805122050687,0.8096464429509741,0.9498093269438412,2.1463138211153225,-0.12456941560089549
ENSSSCG00000039812,0.9497860610849629,0.995081437457323,0.41369647030661433,2.3585639688489004,-0.30182975464178147
ENSSSCG00000039823,0.2859461106388135,0.7073962905691162,0.6349437103539054,1.628286111561835,-0.26492194920477047
ENSSSCG00000039842,0.09506390589297069,0.6864216041626349,0.6315828841867152,1.4130683942423206,-0.18938251547948134
ENSSSCG00000039850,0.06682128538233471,0.7210872171372203,0.7294556499818602,1.5173641525014152,-0.2538157516112808
ENSSSCG00000039854,0.6751761153200175,1.0369782053517997,0.5022742768509532,2.2144285975227707,-0.23541162821777503
ENSSSCG00000039862,0.3169415357095403,0.4985465274655459,0.3893201564367059,1.2048082196117922,-0.03074701013019041
ENSSSCG00000039867,0.2331541655776838,0.4607018463631257,0.4121084175146714,1.105964429455481,-0.006086477253648734
ENSSSCG00000039885,0.5454098060281878,1.73235696361757,2.0865079628251206,4.364274732470879,-0.020001313718914893
ENSSSCG00000039887,0.5626957121209155,0.4741200378870487,0.5148717390674382,1.5516874890754024,-0.20627399803651147
ENSSSCG00000039888,0.7128453220526229,2.59431283293742,2.390431006326978,5.697589161317021,-0.11701821400129021
ENSSSCG00000039889,0.6969546225823717,0.7416459293755451,0.6091771099186435,2.04777766187656,-0.18309546158055942
ENSSSCG00000039890,0.17296591775187783,0.5884483301403424,0.6743048449943829,1.435719092886603,-0.14086254884921917
ENSSSCG00000039896,0.28281221897779035,0.3878940925952415,0.22662358368623542,0.8973298952592672,0.017438988270429612
ENSSSCG00000039905,0.9935725183116636,0.17365457031317466,0.9333904048642577,2.100617493489096,-0.013416208189296987
ENSSSCG00000039915,0.06878590443736428,0.47909164991397896,0.477094403039283,1.0249719573906262,0.03088273666854145
ENSSSCG00000039929,0.10013146647323419,0.6139916848687523,0.5643271051184736,1.2784502564604603,-0.16551042196262572
ENSSSCG00000039940,0.6105209491692957,0.652889708207475,0.8520253950686841,2.115436052445455,-0.25988847469974896
ENSSSCG00000039950,0.3104134733485384,0.6218166771691946,0.3735627734344835,1.3057929239522166,-0.17630764288431816
ENSSSCG00000039952,0.32573142899594937,0.7964887863595803,1.0761935638877582,2.198413779243288,-0.22592855676439494
ENSSSCG00000039953,1.2131430368127711,1.034666652131827,1.1549798330969656,3.402789522041564,-0.11633360125831388
ENSSSCG00000039962,1.2547856843885483,1.3995034967449755,0.5377069085313105,3.1919960896648343,-0.16408564727127808
ENSSSCG00000039969,0.6451466669134236,0.3542083821100203,0.5772198309849376,1.5765748800083816,-0.18191128854152522
ENSSSCG00000039972,0.2602040903077928,0.4617984091138058,0.4197252824842808,1.1417277819058793,-0.25812209103177736
ENSSSCG00000039978,0.33614231496805475,0.3421715197215098,0.5461529749545457,1.2244668096441103,-0.012288988416056938
ENSSSCG00000039991,0.3440222082931422,0.4768838762328141,0.7008518405147931,1.5217579250407494,0.010271116983668924
ENSSSCG00000039996,0.18109123524351534,0.7402665214384273,0.6996998335621655,1.6210575902441082,-0.26488624477652695
ENSSSCG00000040007,0.12128563918977295,0.2058135448297878,0.27034550275657776,0.5974446867761385,-0.02530008336684501
ENSSSCG00000040013,0.8681657531289225,0.607667326697801,0.6036869983011054,2.079520078127829,-0.2418229066275142
ENSSSCG00000040037,0.17564703442917914,0.31638972764939255,0.3190384548215866,0.8110752169001583,-0.09269585597649752
ENSSSCG00000040056,0.8829298752859905,3.032203127395921,3.7528768164785,7.668009819160412,-0.05785624395944009
ENSSSCG00000040057,0.17062486426435183,0.6270780904571668,0.6225615870255352,1.4202645417470539,-0.14172315496757848
ENSSSCG00000040060,0.5642066308081604,0.7872215699397267,1.1311312372603806,2.4825594380082676,0.09751916061770101
ENSSSCG00000040073,0.8474664421880876,0.5244363160460639,0.4258848441307744,1.7977876023649257,-0.06465382575670409
ENSSSCG00000040086,0.24980345453842648,0.7856281359744481,0.81025339196542,1.8456849824782946,-0.20191103432912336
ENSSSCG00000040087,0.2577571118325341,0.471310207201618,0.5776379078152672,1.3067052268494193,-0.22141680244459092
ENSSSCG00000040088,0.09003349384675934,0.7619749395297241,0.7943365344633279,1.6463449678398112,-0.21084769921499122
ENSSSCG00000040118,0.19670574878169605,1.2824414572596894,1.1351242640661265,2.614271470107512,0.1854898028046995
ENSSSCG00000040139,0.20562719688183523,0.5843976542055149,0.5939477060017772,1.3839725570891273,-0.16421694424814917
ENSSSCG00000040144,0.25851143366542,0.45373816134495765,0.3499248614196346,1.0621744564300122,0.02888379159527825
ENSSSCG00000040157,0.16761784272482874,1.450539368812793,1.3292740721196843,2.947431283657306,-0.05303686469230934
ENSSSCG00000040172,0.16348970055592638,0.5526398329637153,0.5686994590719059,1.2848289925915477,-0.17100298042280734
ENSSSCG00000040178,0.45765927320291255,0.4891439063661302,0.8659079760256516,1.8127111555946944,-0.09959242881984727
ENSSSCG00000040180,0.25728180293532343,0.3944021173126344,0.542110348090138,1.1937942683380958,-0.1330495778072542
ENSSSCG00000040181,0.520839893220098,1.0599885289305682,1.006222116360744,2.58705053851141,-0.2397253424471904
ENSSSCG00000040184,0.9283308809733753,0.5486086664636177,1.4319685114431644,2.9089080588801575,-0.44973936257871433
ENSSSCG00000040185,0.5437533637711505,0.8561519144892393,0.7601393577998286,2.1600446360602183,0.16141278907789885
ENSSSCG00000040187,0.3988725756369644,0.8013825378339332,0.6649937759693837,1.8652488894402812,-0.22508118136454064
ENSSSCG00000040188,0.28546239908781496,0.8517811884348748,0.7610698534730421,1.8983134409957318,-0.3694531292080718
ENSSSCG00000040199,0.17673488336335855,0.21092660164319801,0.3162425126582119,0.7039039976647685,-0.055238817780254496
ENSSSCG00000040202,0.298432515985169,0.790583068176918,0.5868435305766442,1.6758591147387312,-0.15174490422615394
ENSSSCG00000040203,0.20191855129938086,1.1541253939249823,1.3266434619842056,2.6826874072085687,0.24754922878629504
ENSSSCG00000040220,0.6816740960477613,1.017886565838985,0.7857096893246843,2.4852703512114305,-0.35687198561546374
ENSSSCG00000040260,0.5084305144007,0.8768776949823127,0.659363780139253,2.0446719895222656,-0.26460288300666257
ENSSSCG00000040265,0.2511686151479194,0.9277174572699651,0.8182965239128004,1.9971825963306848,-0.2595289410626463
ENSSSCG00000040272,0.1820595693733623,0.5355122961402179,0.4333980919384944,1.1509699574520746,-0.18395377661524806
ENSSSCG00000040273,0.30797577609141225,2.638871154511727,2.7337373673362078,5.6805842979393475,0.1117281504223894
ENSSSCG00000040286,0.43047666579349875,0.40617997070892137,0.5248571493432679,1.361513785845688,-0.14915729570072722
ENSSSCG00000040294,0.2878995828609772,0.3411761672182465,0.5860432003793208,1.2151189504585445,-0.005070686722008544
ENSSSCG00000040296,0.2545065894484311,0.7501034117463825,0.5833702529376938,1.5879802541325074,-0.19477096843892228
ENSSSCG00000040317,0.13704811447153908,0.2786070756079237,0.2846057991186201,0.7002609891980829,0.12038736103071825
ENSSSCG00000040325,0.3923179130945637,2.611089255570931,2.378873645264892,5.382280813930387,0.08147258178101402
ENSSSCG00000040334,1.0612238744708098,0.7914607791805884,1.4536834937665521,3.3063681474179507,-0.166919640579037
ENSSSCG00000040337,0.28668845215973343,1.3444277959812163,1.2338220023447515,2.864938250485701,-0.2342880328855486
ENSSSCG00000040339,0.31140421401445867,1.094464381929898,0.8491474820205468,2.2550160779649033,-0.3430912818987202
ENSSSCG00000040344,0.29393217633907676,0.4793841174009245,0.6801527588976863,1.4534690526376877,-0.11329679014435357
ENSSSCG00000040349,0.4945634884562321,0.4949052480000078,0.49221715498990387,1.4816858914461437,-0.2857418065394419
ENSSSCG00000040355,1.4030439639347911,0.5724039783608537,1.2243014506415892,3.199749392937234,-0.3514239468001091
ENSSSCG00000040366,0.07173117136372359,0.6250238414019698,0.6251052269837171,1.3218602397494106,-0.1517184704681235
ENSSSCG00000040373,0.15081849707385633,1.207531937707145,1.124338237791228,2.4826886725722295,-0.0642142725621889
ENSSSCG00000040383,0.8513311307113746,1.3104642710146088,1.1972116097301078,3.3590070114560913,-0.11810386872884457
ENSSSCG00000040386,0.6989151998942069,1.5078588000599427,0.9408734004566701,3.14764740041082,-0.07899292371072197
ENSSSCG00000040389,0.7185744014624853,1.6094096087260412,0.9660753803055719,3.2940593904940982,-0.1842294261625861
ENSSSCG00000040397,0.1429535797551956,0.4759631739613419,0.6041637770231906,1.2230805307397281,-0.09641948074494867
ENSSSCG00000040400,0.21677272586400556,0.5394914119987266,0.6028187856228211,1.3590829234855533,-0.13183762319751355
ENSSSCG00000040403,1.650525253594113,1.3405422488884526,2.926125934965039,5.9171934374476045,0.029676773840922925
ENSSSCG00000040408,0.1864301937642355,0.6286574870693523,0.7091132420937788,1.5242009229273665,-0.38456513689437805
ENSSSCG00000040411,0.14607199271267227,0.5525151113351352,0.6820177089460225,1.38060481299383,-0.12575671267068567
ENSSSCG00000040413,0.5698292041963923,1.8266458165645119,1.9882797376878345,4.3847547584487385,-0.14773306687672047
ENSSSCG00000040418,0.17329880592966457,0.7309457058019441,0.6885664385062099,1.5928109502378187,-0.26799167719420536
ENSSSCG00000040421,1.30265622252619,1.2089763225928352,0.6455520790189355,3.157184624137961,-0.004958860274454769
ENSSSCG00000040422,0.39438763869789656,0.5338482992177164,0.44949680436716816,1.377732742282781,-0.12219520804026146
ENSSSCG00000040425,0.25867954902299106,0.725049780005848,0.5119072500609183,1.4956365790897572,-0.0373357354167922
ENSSSCG00000040433,0.3530406223313377,0.5682562303789268,0.8475705928842348,1.7688674455944993,-0.05603471290243307
ENSSSCG00000040434,0.14996074585804492,0.5105747835908294,0.5685759825574082,1.2291115120062825,-0.16118664233706698
ENSSSCG00000040439,1.1000930784614587,0.9162517029903091,0.46629061423735324,2.482635395689121,0.04772586651109417
ENSSSCG00000040449,0.15264357438862614,0.9160540698446415,0.9130359930359244,1.981733637269192,0.14611124032419182
ENSSSCG00000040453,0.4036416222548963,0.5842656626904217,0.5459291066599641,1.533836391605282,-0.15831744081670407
ENSSSCG00000040457,0.16012127637445403,1.042302698644228,0.8910904442026235,2.0935144192213055,-0.27025469732080004
ENSSSCG00000040470,0.3416453923671008,1.2955384909411538,1.4321651664378543,3.069349049746109,0.10933076665131014
ENSSSCG00000040479,0.38422399191869944,0.4511218512933966,0.24691216737499197,1.082258010587088,-0.22436928632435768
ENSSSCG00000040486,0.29194027137583034,1.8245259631950765,1.63372675351564,3.7501929880865466,0.03926640170236167
ENSSSCG00000040494,0.9688462453956762,1.5382103600540842,1.7644591189887362,4.271515724438497,0.168525906979195
ENSSSCG00000040498,0.6705777344118556,1.241962482985995,1.4471393669756145,3.359679584373465,-0.13600972963565627
ENSSSCG00000040509,0.25004664091416684,0.7817447640989396,0.7857925208480846,1.8175839258611908,-0.13335448114701515
ENSSSCG00000040524,0.10097367835328114,0.43955583031435025,0.45631300136195935,0.9968425100295908,0.2287617702133733
ENSSSCG00000040528,0.5028001739792926,1.2488426178266925,1.5208178139683706,3.2724606057743557,-0.12776425222843366
ENSSSCG00000040533,0.1518586941690797,0.5064088082960936,0.5550490335459739,1.2133165360111473,-0.04151177127424058
ENSSSCG00000040535,0.1049999694932738,0.44127361909684293,0.5003248409840999,1.0465984295742166,-0.08323152532176034
ENSSSCG00000040538,0.5192828516658988,0.8677456552774684,0.8985926137522396,2.2856211206956067,-0.1630552397207751
ENSSSCG00000040550,0.3581928735446897,0.6925778268183366,0.463800247190692,1.5145709475537181,-0.41935888503897817
ENSSSCG00000040559,0.14581851694319753,0.20099365059862728,0.15683185998855562,0.5036440275303804,0.015778514229862838
ENSSSCG00000040562,0.6230375923286204,0.9443102078400843,0.6384783163916751,2.20582611656038,-0.1466347438256248
ENSSSCG00000040566,0.25387886560791717,0.2954149913955634,0.2979262039796833,0.8472200609831638,-0.3359137943736147
ENSSSCG00000040570,0.6059456440967045,1.0994115085376897,0.5734347376531784,2.2787918902875726,-0.003855753109220619
ENSSSCG00000040571,0.32061890771361284,1.158771642749181,1.225237424185391,2.7046279746481847,0.10370121610452077
ENSSSCG00000040577,0.49560100151413083,0.37667648875487786,0.682424763327722,1.5547022535967305,0.011723098946220254
ENSSSCG00000040578,0.1284476762945868,0.526988133875801,0.43149108597663044,1.0869268961470184,-0.12462757928702847
ENSSSCG00000040581,0.07225279042018497,0.45778692169625446,0.5061615064383206,1.03620121855476,-0.025985862617371392
ENSSSCG00000040593,0.4260931640613087,0.4442748899675088,0.24061765475404379,1.1109857087828612,-0.22233390022848817
ENSSSCG00000040595,0.4922545407563015,0.6887928775514788,0.8115551970568109,1.9926026153645913,-0.2099881406703637
ENSSSCG00000040603,0.9846384206808463,1.065687044607403,1.1584787682669635,3.2088042335552127,-0.2623002577589352
ENSSSCG00000040607,0.09627830586367069,1.0633403717690206,1.0199972387635927,2.1796159163962843,-0.3101473840718575
ENSSSCG00000040608,0.4495724343905584,1.2772482332615358,1.204198621966758,2.931019289618852,0.04113235938671306
ENSSSCG00000040615,0.5571013553452351,0.7404387736264697,0.8704580073204136,2.1679981362921183,-0.2672302372352632
ENSSSCG00000040617,0.4424736776774953,0.6039402955060446,0.6374484164864921,1.6838623896700318,-0.4256869038011265
ENSSSCG00000040624,0.13329284532508567,1.122194481012689,1.0281827107561836,2.283670037093958,-0.24578258030617048
ENSSSCG00000040632,0.4199806859384111,0.9593580527224573,0.8955466402040159,2.274885378864884,-0.06341560560542814
ENSSSCG00000040634,0.2875258017333626,0.772493401641191,0.8920432002464715,1.9520624036210252,0.11823255415589465
ENSSSCG00000040639,0.2792288428592166,0.3516326877905383,0.1015127067404424,0.7323742373901974,0.05207491275227913
ENSSSCG00000040642,0.2701637830995363,1.2358003357893306,1.463927676534123,2.9698917954229898,0.16136107419849283
ENSSSCG00000040650,0.5561769956282655,1.0618203204492722,0.7944606791250519,2.4124579952025895,-0.31745177012973586
ENSSSCG00000040657,0.7926728453289996,0.7063480541524275,0.5640536668722469,2.063074566353674,-0.15695874895279635
ENSSSCG00000040678,0.4195216945134266,1.6105246578784507,1.6481117458272483,3.678158098219125,-0.16317571420181892
ENSSSCG00000040680,0.8207842523391048,1.0286796812407206,1.5790431449566598,3.4285070785364855,-0.10124393162165068
ENSSSCG00000040687,0.5847136602665787,0.590954527432024,0.8266991073319042,2.002367295030507,-0.16042344219993007
ENSSSCG00000040688,0.7632572046422703,1.163761100759782,0.647702690237181,2.5747209956392334,-0.2667202180320648
ENSSSCG00000040690,0.14254658221982305,0.31035246880684914,0.25086910671104995,0.7037681577377222,-0.07241949747301843
ENSSSCG00000040697,0.5531630791799651,1.4763839977334368,1.3356203588552529,3.3651674357686545,-0.3022059623255644
ENSSSCG00000040702,0.37036560965838056,1.2064960771976736,1.2152999075720388,2.7921615944280926,-0.03349566302622289
ENSSSCG00000040706,0.2725404477237032,1.046578065774867,1.0192846879021324,2.338403201400703,-0.10633819462691685
ENSSSCG00000040713,0.2559524735696371,1.4985298878319986,1.619201750820531,3.3736841122221666,-0.16737613302120072
ENSSSCG00000040728,0.9808422549181101,1.0737928695758203,1.9966425600338218,4.0512776845277525,-0.38878760608513174
ENSSSCG00000040731,0.8521058688474477,1.6674541902810822,0.8725283115227667,3.3920883706512965,-0.11752495796474256
ENSSSCG00000040735,0.17306525657687022,0.5390575397330338,0.6798330093236058,1.39195580563351,-0.21789943800437436
ENSSSCG00000040743,0.4167914765060194,1.3193777792777912,1.6469659808207,3.3831352366045104,0.04841547356374881
ENSSSCG00000040745,0.09110996085878655,0.49308797722762515,0.5759322959277758,1.1601302340141877,0.03323905656027238
ENSSSCG00000040746,0.25707973640157555,1.075380216774513,1.2159783651235312,2.5484383182996195,0.1309507454206309
ENSSSCG00000040749,0.43919486278492686,0.5141350224640644,0.8470786963359036,1.800408581584895,-0.20700535819771812
ENSSSCG00000040763,0.2381928382122283,0.36995046594952463,0.40074462669362065,1.0088879308553738,-0.07562713989524057
ENSSSCG00000040768,0.15756399396446902,0.5386908039352625,0.5939231010020212,1.2901778989017527,-0.22428971611716936
ENSSSCG00000040773,0.4043467543658647,0.8716508917841834,0.9157394672936642,2.1917371134437125,-0.06565309148081334
ENSSSCG00000040778,0.3430433216273175,1.2289072633617253,1.0738392653375346,2.6457898503265773,-0.3181090782421188
ENSSSCG00000040786,0.33250434721138133,0.7759785083956678,0.7642716833750188,1.872754538982068,-0.2996463019223803
ENSSSCG00000040796,0.2076534107733921,0.35206160906668327,0.37572005938699704,0.9354350792270724,-0.10322479757172504
ENSSSCG00000040811,0.7077835599898279,0.7193050271795214,1.147480663259627,2.5745692504289766,-0.012964921764032446
ENSSSCG00000040815,0.3223448274594334,0.3168659661591151,0.6287205849907491,1.2679313786092976,-0.035969559543686594
ENSSSCG00000040816,0.19103222542709355,2.0319166950096545,2.1672030592528055,4.390151979689554,-0.07171949118794765
ENSSSCG00000040825,0.1256664429945547,0.5563319180767804,0.5633330846799421,1.2453314457512774,-0.028268964893614183
ENSSSCG00000040827,0.3499530568113256,0.7508575339742235,0.898399609918146,1.9992102007036952,0.01956099035207632
ENSSSCG00000040828,0.5989688264389385,0.6679690579392176,0.7794086357339898,2.046346520112146,-0.21841825604107726
ENSSSCG00000040833,0.4814298184012501,0.8427700765015564,0.5586891347014691,1.8828890296042757,-0.16376573053235283
ENSSSCG00000040835,0.8048425568704978,1.3399304729469592,0.8737810027206971,3.018554032538154,-0.12479150527752862
ENSSSCG00000040836,0.48110278757973785,0.6108401928173579,0.8042835349557242,1.89622651535282,-0.3902484064242952
ENSSSCG00000040838,0.32839854227031223,0.4969417718315006,0.3783365308261665,1.2036768449279793,-0.17925450487231984
ENSSSCG00000040855,0.19638053304309566,0.8504231278444083,0.9323489826978666,1.9791526435853706,-0.007932508406711532
ENSSSCG00000040857,0.3715110624851248,0.9817420902743355,0.9435063180266937,2.296759470786154,0.16164539816409976
ENSSSCG00000040859,0.23981006863316132,1.3059894271349193,1.123136868200888,2.6689363639689683,-0.18550687009707736
ENSSSCG00000040863,0.8344036585195758,1.1703157801972865,0.7652136049713169,2.7699330436881793,-0.0899625759668267
ENSSSCG00000040879,0.47080457151433297,0.7660411785947596,0.7220430960834419,1.9588888461925344,-0.013331199948481164
ENSSSCG00000040883,0.24118820567839025,0.6145379641225472,0.4414769071742705,1.297203076975208,0.026200247753755606
ENSSSCG00000040887,0.5787286527975222,0.47835454976584213,0.7856142884756998,1.842697491039064,-0.010487976872177866
ENSSSCG00000040888,0.1900627325346028,1.126374236517699,1.2258725654515978,2.5423095345038993,-0.39130876861603187
ENSSSCG00000040889,0.411420694016236,1.6489292779482188,1.3187781221330197,3.3791280940974744,0.05193135851218103
ENSSSCG00000040904,0.6925914438088815,0.8104399839209625,0.7780241077388758,2.28105553546872,-0.27719456198892906
ENSSSCG00000040905,0.6975584186113749,1.399782139580678,0.9528213998762104,3.0501619580682635,-0.24645059586884316
ENSSSCG00000040912,0.3829454943597067,1.1917089465232658,1.3311194900592158,2.905773930942188,0.018804530148832918
ENSSSCG00000040920,0.5839980802925443,0.5418409893967746,0.6621669435376166,1.7880060132269353,-0.31335601881486297
ENSSSCG00000040922,0.41483432104882306,0.8164477524016496,0.5818595233568018,1.8131415968072744,-0.09632632452447014
ENSSSCG00000040929,0.5025963143402479,1.461424783541721,1.8436619367434512,3.80768303462542,0.07965944519643435
ENSSSCG00000040943,0.2538488488005908,0.7228773625616348,0.5789702308463156,1.555696442208541,0.04611695504307043
ENSSSCG00000040944,0.09859045986732215,0.5367949031627803,0.5585898824397969,1.1939752454698995,-0.19068169795026924
ENSSSCG00000040946,0.7391197189426119,0.33368793236146455,0.9886758083317646,2.0614834596358413,-0.3122420431082865
ENSSSCG00000040954,0.872085263592766,1.4679606499067557,0.701985246931084,3.042031160430606,0.06153638784375341
ENSSSCG00000040959,0.2850828283115768,0.7448412891062256,0.7502286444781618,1.7801527618959643,-0.030867627783732143
ENSSSCG00000040961,0.13943390257090119,0.6692687043435744,0.7675855614601925,1.5762881683746681,-0.21338197669465805
ENSSSCG00000040973,0.153857538373378,0.5309589622670176,0.6162261528969343,1.3010426535373298,-0.0789652433827237
ENSSSCG00000040977,0.3620785140648533,1.1066757551853577,1.2787118277471046,2.7474660969973153,-0.025575059686092014
ENSSSCG00000040989,0.2356706696884823,0.9519852225907162,1.0911979252487223,2.2788538175279207,0.1193872261328175
