factor,view,GO_ID,GO_term,GO_category,k_sig,k_bg,n_sig,n_bg,p_raw,n_genes_sig_total,q_bh
F7,METH_pos,GO:0032190,acrosin binding,Function,3,3,30,2545,1.479537680479363e-06,30,0.001377449580526287
F3,RNA_pos,GO:0032190,acrosin binding,Function,3,3,30,2545,1.479537680479363e-06,30,0.001377449580526287
F1,METH_pos,GO:0032190,acrosin binding,Function,3,3,30,2545,1.479537680479363e-06,30,0.001377449580526287
F7,METH_pos,GO:0007339,binding of sperm to zona pellucida,Process,3,4,30,2545,5.871005736819564e-06,30,0.0027329531704895073
F3,RNA_pos,GO:0007339,binding of sperm to zona pellucida,Process,3,4,30,2545,5.871005736819564e-06,30,0.0027329531704895073
F1,METH_pos,GO:0007339,binding of sperm to zona pellucida,Process,3,4,30,2545,5.871005736819564e-06,30,0.0027329531704895073
F3,RNA_neg,GO:0030027,lamellipodium,Component,3,7,30,2545,5.0153894430900315e-05,30,0.020011403877929226
F7,METH_pos,GO:0060468,prevention of polyspermy,Process,2,2,30,2545,0.0001343737257663936,30,0.02345661350409608
F1,METH_pos,GO:0035804,structural constituent of egg coat,Function,2,2,30,2545,0.0001343737257663936,30,0.02345661350409608
F3,RNA_pos,GO:0035805,egg coat,Component,2,2,30,2545,0.0001343737257663936,30,0.02345661350409608
F1,METH_pos,GO:0035805,egg coat,Component,2,2,30,2545,0.0001343737257663936,30,0.02345661350409608
F1,METH_pos,GO:0060468,prevention of polyspermy,Process,2,2,30,2545,0.0001343737257663936,30,0.02345661350409608
F7,METH_pos,GO:0035805,egg coat,Component,2,2,30,2545,0.0001343737257663936,30,0.02345661350409608
F7,METH_pos,GO:0035804,structural constituent of egg coat,Function,2,2,30,2545,0.0001343737257663936,30,0.02345661350409608
F3,RNA_pos,GO:0060468,prevention of polyspermy,Process,2,2,30,2545,0.0001343737257663936,30,0.02345661350409608
F3,RNA_pos,GO:0035804,structural constituent of egg coat,Function,2,2,30,2545,0.0001343737257663936,30,0.02345661350409608
F6,RNA_neg,GO:0097038,perinuclear endoplasmic reticulum,Component,2,3,30,2545,0.000400162101938222,30,0.04534900712789621
F5,RNA_neg,GO:0002020,protease binding,Function,2,3,30,2545,0.000400162101938222,30,0.04534900712789621
F1,RNA_pos,GO:0044027,negative regulation of gene expression via chromosomal CpG island methylation,Process,2,3,30,2545,0.000400162101938222,30,0.04534900712789621
F1,METH_pos,GO:0044027,negative regulation of gene expression via chromosomal CpG island methylation,Process,2,3,30,2545,0.000400162101938222,30,0.04534900712789621
F1,RNA_pos,GO:0032190,acrosin binding,Function,2,3,30,2545,0.000400162101938222,30,0.04534900712789621
F1,METH_neg,GO:0005243,gap junction channel activity,Function,2,4,30,2545,0.0007944531981396242,30,0.04534900712789621
F1,METH_neg,GO:0005922,connexin complex,Component,2,4,30,2545,0.0007944531981396242,30,0.04534900712789621
F1,METH_neg,GO:0007267,cell-cell signaling,Process,2,4,30,2545,0.0007944531981396242,30,0.04534900712789621
F7,METH_pos,GO:0005125,cytokine activity,Function,2,4,30,2545,0.0007944531981396242,30,0.04534900712789621
F4,RNA_pos,GO:0000281,mitotic cytokinesis,Process,2,4,30,2545,0.0007944531981396242,30,0.04534900712789621
F3,RNA_neg,GO:0014069,postsynaptic density,Component,2,4,30,2545,0.0007944531981396242,30,0.04534900712789621
F1,RNA_pos,GO:0007339,binding of sperm to zona pellucida,Process,2,4,30,2545,0.0007944531981396242,30,0.04534900712789621
F3,RNA_neg,GO:0005886,plasma membrane,Component,8,184,30,2545,0.0009410702719341153,30,0.04534900712789621
F5,METH_neg,GO:0005576,extracellular region,Component,3,18,30,2545,0.0010710186523396918,30,0.04534900712789621
F6,METH_pos,GO:0008250,oligosaccharyltransferase complex,Component,2,5,30,2545,0.001314381585784449,30,0.04534900712789621
F6,RNA_neg,GO:0044782,cilium organization,Process,2,5,30,2545,0.001314381585784449,30,0.04534900712789621
F5,RNA_neg,GO:0006879,intracellular iron ion homeostasis,Process,2,5,30,2545,0.001314381585784449,30,0.04534900712789621
F4,RNA_neg,GO:0016887,ATP hydrolysis activity,Function,4,44,30,2545,0.0015358627461823074,30,0.04534900712789621
F3,METH_pos,GO:0005975,carbohydrate metabolic process,Process,3,21,30,2545,0.0017044216597141186,30,0.04534900712789621
F2,METH_neg,GO:0005783,endoplasmic reticulum,Component,5,78,30,2545,0.0018572639182053356,30,0.04534900712789621
F5,RNA_neg,GO:0031146,SCF-dependent proteasomal ubiquitin-dependent protein catabolic process,Process,2,6,30,2545,0.0019571277027941925,30,0.04534900712789621
F6,METH_neg,GO:0030139,endocytic vesicle,Component,2,6,30,2545,0.0019571277027941925,30,0.04534900712789621
F3,RNA_neg,GO:0007156,homophilic cell-cell adhesion,Process,2,6,30,2545,0.0019571277027941925,30,0.04534900712789621
F6,METH_neg,GO:0034472,snRNA 3'-end processing,Process,2,6,30,2545,0.0019571277027941925,30,0.04534900712789621
F1,RNA_pos,GO:0001786,phosphatidylserine binding,Function,2,7,30,2545,0.002719917226139509,30,0.04534900712789621
F2,METH_neg,GO:0031418,L-ascorbic acid binding,Function,2,7,30,2545,0.002719917226139509,30,0.04534900712789621
F1,RNA_pos,GO:0012506,vesicle membrane,Component,2,7,30,2545,0.002719917226139509,30,0.04534900712789621
F3,METH_pos,GO:0009986,cell surface,Component,2,7,30,2545,0.002719917226139509,30,0.04534900712789621
F4,METH_pos,GO:0001786,phosphatidylserine binding,Function,2,7,30,2545,0.002719917226139509,30,0.04534900712789621
F4,METH_pos,GO:0012506,vesicle membrane,Component,2,7,30,2545,0.002719917226139509,30,0.04534900712789621
F2,RNA_pos,GO:0004722,protein serine/threonine phosphatase activity,Function,2,8,30,2545,0.0036000204521164734,30,0.04534900712789621
F5,RNA_pos,GO:0005778,peroxisomal membrane,Component,2,8,30,2545,0.0036000204521164734,30,0.04534900712789621
F7,RNA_neg,GO:0007059,chromosome segregation,Process,2,8,30,2545,0.0036000204521164734,30,0.04534900712789621
F1,METH_neg,GO:0004722,protein serine/threonine phosphatase activity,Function,2,8,30,2545,0.0036000204521164734,30,0.04534900712789621
F6,RNA_pos,GO:0006364,rRNA processing,Process,2,8,30,2545,0.0036000204521164734,30,0.04534900712789621
F6,METH_neg,GO:0032039,integrator complex,Component,2,8,30,2545,0.0036000204521164734,30,0.04534900712789621
F4,METH_pos,GO:0005737,cytoplasm,Component,10,343,30,2545,0.004263411301130182,30,0.04534900712789621
F1,RNA_pos,GO:0003729,mRNA binding,Function,3,29,30,2545,0.0043938845137442865,30,0.04534900712789621
F1,RNA_pos,GO:0005544,calcium-dependent phospholipid binding,Function,2,9,30,2545,0.004594751684269728,30,0.04534900712789621
F6,RNA_pos,GO:0006635,fatty acid beta-oxidation,Process,2,9,30,2545,0.004594751684269728,30,0.04534900712789621
F4,METH_pos,GO:0005544,calcium-dependent phospholipid binding,Function,2,9,30,2545,0.004594751684269728,30,0.04534900712789621
F2,RNA_neg,GO:0007229,integrin-mediated signaling pathway,Process,2,9,30,2545,0.004594751684269728,30,0.04534900712789621
F5,RNA_neg,GO:0019005,SCF ubiquitin ligase complex,Component,2,9,30,2545,0.004594751684269728,30,0.04534900712789621
F4,METH_neg,GO:0003777,microtubule motor activity,Function,2,9,30,2545,0.004594751684269728,30,0.04534900712789621
F6,RNA_neg,GO:0015485,cholesterol binding,Function,2,9,30,2545,0.004594751684269728,30,0.04534900712789621
F7,RNA_pos,GO:0003677,DNA binding,Function,4,61,30,2545,0.005135633555541163,30,0.04534900712789621
F2,METH_pos,GO:0005516,calmodulin binding,Function,2,10,29,2545,0.005332562980673619,29,0.04534900712789621
F3,RNA_neg,GO:0005509,calcium ion binding,Function,4,62,30,2545,0.005444992830789179,30,0.04534900712789621
F5,RNA_pos,GO:0005509,calcium ion binding,Function,4,62,30,2545,0.005444992830789179,30,0.04534900712789621
F7,METH_pos,GO:0008083,growth factor activity,Function,2,10,30,2545,0.0057014686288755665,30,0.04534900712789621
F1,METH_neg,GO:0046961,"proton-transporting ATPase activity, rotational mechanism",Function,2,10,30,2545,0.0057014686288755665,30,0.04534900712789621
F2,RNA_neg,GO:0005925,focal adhesion,Component,2,10,30,2545,0.0057014686288755665,30,0.04534900712789621
F2,METH_pos,GO:0005923,bicellular tight junction,Component,2,11,29,2545,0.0064716673025903716,29,0.04534900712789621
F5,RNA_neg,GO:0005829,cytosol,Component,6,148,30,2545,0.006483688476632603,30,0.04534900712789621
F2,METH_pos,GO:0006468,protein phosphorylation,Process,4,68,29,2545,0.006691400994374029,29,0.04534900712789621
F1,METH_neg,GO:1902600,proton transmembrane transport,Process,2,11,30,2545,0.006917571797898943,30,0.04534900712789621
F6,RNA_neg,GO:0036064,ciliary basal body,Component,2,11,30,2545,0.006917571797898943,30,0.04534900712789621
F1,RNA_neg,GO:0030170,pyridoxal phosphate binding,Function,2,11,30,2545,0.006917571797898943,30,0.04534900712789621
F2,METH_pos,GO:0031410,cytoplasmic vesicle,Component,2,12,29,2545,0.007711331070763156,29,0.04534900712789621
F2,RNA_neg,GO:0007160,cell-matrix adhesion,Process,2,12,30,2545,0.008240503919339288,30,0.04534900712789621
F2,METH_neg,GO:0005506,iron ion binding,Function,2,12,30,2545,0.008240503919339288,30,0.04534900712789621
F6,RNA_pos,GO:0031410,cytoplasmic vesicle,Component,2,12,30,2545,0.008240503919339288,30,0.04534900712789621
F4,RNA_neg,GO:0005667,transcription regulator complex,Component,2,13,30,2545,0.009667749354880933,30,0.04534900712789621
F5,RNA_pos,GO:0005777,peroxisome,Component,2,13,30,2545,0.009667749354880933,30,0.04534900712789621
F4,METH_neg,GO:0045893,positive regulation of DNA-templated transcription,Process,2,13,30,2545,0.009667749354880933,30,0.04534900712789621
F6,METH_pos,GO:0005777,peroxisome,Component,2,13,30,2545,0.009667749354880933,30,0.04534900712789621
F4,RNA_pos,GO:0003724,RNA helicase activity,Function,2,14,30,2545,0.011196833524764808,30,0.04534900712789621
F3,METH_neg,GO:0007018,microtubule-based movement,Process,2,14,30,2545,0.011196833524764808,30,0.04534900712789621
F2,RNA_neg,GO:0005178,integrin binding,Function,2,14,30,2545,0.011196833524764808,30,0.04534900712789621
F4,METH_neg,GO:0007018,microtubule-based movement,Process,2,14,30,2545,0.011196833524764808,30,0.04534900712789621
F2,METH_pos,GO:0015421,ABC-type oligopeptide transporter activity,Function,1,1,29,2545,0.011394891944990177,29,0.04534900712789621
F2,METH_pos,GO:0090374,oligopeptide export from mitochondrion,Process,1,1,29,2545,0.011394891944990177,29,0.04534900712789621
F2,METH_pos,GO:0008432,JUN kinase binding,Function,1,1,29,2545,0.011394891944990177,29,0.04534900712789621
F2,METH_pos,GO:1990244,histone H2AT120 kinase activity,Function,1,1,29,2545,0.011394891944990177,29,0.04534900712789621
F2,METH_pos,GO:1901529,positive regulation of anion channel activity,Process,1,1,29,2545,0.011394891944990177,29,0.04534900712789621
F2,METH_pos,GO:0090314,positive regulation of protein targeting to membrane,Process,1,1,29,2545,0.011394891944990177,29,0.04534900712789621
F2,METH_pos,GO:0006670,sphingosine metabolic process,Process,1,1,29,2545,0.011394891944990177,29,0.04534900712789621
F2,METH_pos,GO:0002055,adenine binding,Function,1,1,29,2545,0.011394891944990177,29,0.04534900712789621
F2,METH_pos,GO:0006168,adenine salvage,Process,1,1,29,2545,0.011394891944990177,29,0.04534900712789621
F2,METH_pos,GO:0003999,adenine phosphoribosyltransferase activity,Function,1,1,29,2545,0.011394891944990177,29,0.04534900712789621
F2,METH_pos,GO:0044209,AMP salvage,Process,1,1,29,2545,0.011394891944990177,29,0.04534900712789621
F2,METH_pos,GO:0003365,establishment of cell polarity involved in ameboidal cell migration,Process,1,1,29,2545,0.011394891944990177,29,0.04534900712789621
F2,METH_pos,GO:0005964,phosphorylase kinase complex,Component,1,1,29,2545,0.011394891944990177,29,0.04534900712789621
F2,METH_pos,GO:0004689,phosphorylase kinase activity,Function,1,1,29,2545,0.011394891944990177,29,0.04534900712789621
F2,METH_pos,GO:0030239,myofibril assembly,Process,1,1,29,2545,0.011394891944990177,29,0.04534900712789621
F2,METH_pos,GO:0005977,glycogen metabolic process,Process,1,1,29,2545,0.011394891944990177,29,0.04534900712789621
F2,METH_pos,GO:0005078,MAP kinase scaffold activity,Function,1,1,29,2545,0.011394891944990177,29,0.04534900712789621
F2,METH_pos,GO:0004614,phosphoglucomutase activity,Function,1,1,29,2545,0.011394891944990177,29,0.04534900712789621
F2,METH_pos,GO:0046651,lymphocyte proliferation,Process,1,1,29,2545,0.011394891944990177,29,0.04534900712789621
F2,METH_pos,GO:0034080,CENP-A containing chromatin assembly,Process,1,1,29,2545,0.011394891944990177,29,0.04534900712789621
F2,METH_pos,GO:0007309,oocyte axis specification,Process,1,1,29,2545,0.011394891944990177,29,0.04534900712789621
F2,METH_pos,GO:0034709,methylosome,Component,1,1,29,2545,0.011394891944990177,29,0.04534900712789621
F2,METH_pos,GO:0032936,SREBP-SCAP complex,Component,1,1,29,2545,0.011394891944990177,29,0.04534900712789621
F2,METH_pos,GO:0045540,regulation of cholesterol biosynthetic process,Process,1,1,29,2545,0.011394891944990177,29,0.04534900712789621
F2,METH_pos,GO:0030334,regulation of cell migration,Process,1,1,29,2545,0.011394891944990177,29,0.04534900712789621
F2,METH_pos,GO:0004092,carnitine O-acetyltransferase activity,Function,1,1,29,2545,0.011394891944990177,29,0.04534900712789621
F2,METH_pos,GO:0005721,pericentric heterochromatin,Component,1,1,29,2545,0.011394891944990177,29,0.04534900712789621
F2,METH_pos,GO:0031508,pericentric heterochromatin formation,Process,1,1,29,2545,0.011394891944990177,29,0.04534900712789621
F2,METH_pos,GO:0045046,protein import into peroxisome membrane,Process,1,1,29,2545,0.011394891944990177,29,0.04534900712789621
F2,METH_pos,GO:0014706,striated muscle tissue development,Process,1,1,29,2545,0.011394891944990177,29,0.04534900712789621
F2,METH_pos,GO:0042392,sphingosine-1-phosphate phosphatase activity,Function,1,1,29,2545,0.011394891944990177,29,0.04534900712789621
F2,METH_pos,GO:0030331,nuclear estrogen receptor binding,Function,1,1,29,2545,0.011394891944990177,29,0.04534900712789621
F2,METH_pos,GO:0030159,signaling receptor complex adaptor activity,Function,1,1,29,2545,0.011394891944990177,29,0.04534900712789621
F2,METH_pos,GO:0000939,inner kinetochore,Component,1,1,29,2545,0.011394891944990177,29,0.04534900712789621
F7,METH_pos,GO:0061709,reticulophagy,Process,1,1,30,2545,0.011787819253438112,30,0.04534900712789621
F7,METH_pos,GO:0033619,membrane protein proteolysis,Process,1,1,30,2545,0.011787819253438112,30,0.04534900712789621
F7,METH_neg,GO:0005956,protein kinase CK2 complex,Component,1,1,30,2545,0.011787819253438112,30,0.04534900712789621
F7,METH_neg,GO:0006414,translational elongation,Process,1,1,30,2545,0.011787819253438112,30,0.04534900712789621
F7,METH_neg,GO:0017156,calcium-ion regulated exocytosis,Process,1,1,30,2545,0.011787819253438112,30,0.04534900712789621
F7,METH_neg,GO:0006620,post-translational protein targeting to endoplasmic reticulum membrane,Process,1,1,30,2545,0.011787819253438112,30,0.04534900712789621
F1,RNA_pos,GO:0006805,xenobiotic metabolic process,Process,1,1,30,2545,0.011787819253438112,30,0.04534900712789621
F7,METH_neg,GO:0044753,amphisome,Component,1,1,30,2545,0.011787819253438112,30,0.04534900712789621
F7,METH_neg,GO:0030125,clathrin vesicle coat,Component,1,1,30,2545,0.011787819253438112,30,0.04534900712789621
F7,METH_neg,GO:0016868,intramolecular phosphotransferase activity,Function,1,1,30,2545,0.011787819253438112,30,0.04534900712789621
F6,METH_neg,GO:0070390,transcription export complex 2,Component,1,1,30,2545,0.011787819253438112,30,0.04534900712789621
F6,METH_neg,GO:0052816,long-chain fatty acyl-CoA hydrolase activity,Function,1,1,30,2545,0.011787819253438112,30,0.04534900712789621
F6,METH_neg,GO:0030896,checkpoint clamp complex,Component,1,1,30,2545,0.011787819253438112,30,0.04534900712789621
F6,METH_neg,GO:0099078,BORC complex,Component,1,1,30,2545,0.011787819253438112,30,0.04534900712789621
F1,RNA_neg,GO:0004074,biliverdin reductase [NAD(P)H] activity,Function,1,1,30,2545,0.011787819253438112,30,0.04534900712789621
F2,METH_neg,GO:0006999,nuclear pore organization,Process,1,1,30,2545,0.011787819253438112,30,0.04534900712789621
F7,METH_pos,GO:0098554,cytoplasmic side of endoplasmic reticulum membrane,Component,1,1,30,2545,0.011787819253438112,30,0.04534900712789621
F2,METH_neg,GO:0098957,anterograde axonal transport of mitochondrion,Process,1,1,30,2545,0.011787819253438112,30,0.04534900712789621
F2,METH_neg,GO:0005315,phosphate transmembrane transporter activity,Function,1,1,30,2545,0.011787819253438112,30,0.04534900712789621
F2,METH_neg,GO:1990547,mitochondrial phosphate ion transmembrane transport,Process,1,1,30,2545,0.011787819253438112,30,0.04534900712789621
F2,METH_neg,GO:0019797,procollagen-proline 3-dioxygenase activity,Function,1,1,30,2545,0.011787819253438112,30,0.04534900712789621
F2,METH_neg,GO:0032963,collagen metabolic process,Process,1,1,30,2545,0.011787819253438112,30,0.04534900712789621
F2,METH_neg,GO:0010756,positive regulation of plasminogen activation,Process,1,1,30,2545,0.011787819253438112,30,0.04534900712789621
F3,RNA_pos,GO:1990034,calcium ion export across plasma membrane,Process,1,1,30,2545,0.011787819253438112,30,0.04534900712789621
F3,RNA_pos,GO:0008171,O-methyltransferase activity,Function,1,1,30,2545,0.011787819253438112,30,0.04534900712789621
F3,RNA_pos,GO:0007605,sensory perception of sound,Process,1,1,30,2545,0.011787819253438112,30,0.04534900712789621
F2,METH_neg,GO:0000253,3-beta-hydroxysteroid 3-dehydrogenase (NADP+) activity,Function,1,1,30,2545,0.011787819253438112,30,0.04534900712789621
F2,METH_neg,GO:0047024,"5-alpha-androstane-3-beta,17-beta-diol dehydrogenase (NADP+) activity",Function,1,1,30,2545,0.011787819253438112,30,0.04534900712789621
F7,METH_pos,GO:0008544,epidermis development,Process,1,1,30,2545,0.011787819253438112,30,0.04534900712789621
F7,METH_pos,GO:0032798,Swi5-Sfr1 complex,Component,1,1,30,2545,0.011787819253438112,30,0.04534900712789621
F7,METH_pos,GO:0006004,fucose metabolic process,Process,1,1,30,2545,0.011787819253438112,30,0.04534900712789621
F1,RNA_pos,GO:0050790,regulation of catalytic activity,Process,1,1,30,2545,0.011787819253438112,30,0.04534900712789621
F1,RNA_neg,GO:0003334,keratinocyte development,Process,1,1,30,2545,0.011787819253438112,30,0.04534900712789621
F1,RNA_neg,GO:0004045,peptidyl-tRNA hydrolase activity,Function,1,1,30,2545,0.011787819253438112,30,0.04534900712789621
F1,RNA_neg,GO:0006552,L-leucine catabolic process,Process,1,1,30,2545,0.011787819253438112,30,0.04534900712789621
F1,RNA_neg,GO:0016829,lyase activity,Function,1,1,30,2545,0.011787819253438112,30,0.04534900712789621
F1,RNA_neg,GO:0019464,glycine decarboxylation via glycine cleavage system,Process,1,1,30,2545,0.011787819253438112,30,0.04534900712789621
F1,RNA_neg,GO:0004375,glycine dehydrogenase (decarboxylating) activity,Function,1,1,30,2545,0.011787819253438112,30,0.04534900712789621
F7,RNA_pos,GO:0035473,lipase binding,Function,1,1,30,2545,0.011787819253438112,30,0.04534900712789621
F7,RNA_pos,GO:0008217,regulation of blood pressure,Process,1,1,30,2545,0.011787819253438112,30,0.04534900712789621
F7,RNA_pos,GO:0010916,negative regulation of very-low-density lipoprotein particle clearance,Process,1,1,30,2545,0.011787819253438112,30,0.04534900712789621
F1,RNA_neg,GO:0042602,riboflavin reductase (NADPH) activity,Function,1,1,30,2545,0.011787819253438112,30,0.04534900712789621
F1,RNA_neg,GO:0004419,hydroxymethylglutaryl-CoA lyase activity,Function,1,1,30,2545,0.011787819253438112,30,0.04534900712789621
F1,RNA_neg,GO:0046951,ketone body biosynthetic process,Process,1,1,30,2545,0.011787819253438112,30,0.04534900712789621
F1,RNA_neg,GO:0015055,secretin receptor activity,Function,1,1,30,2545,0.011787819253438112,30,0.04534900712789621
F1,RNA_neg,GO:2000210,positive regulation of anoikis,Process,1,1,30,2545,0.011787819253438112,30,0.04534900712789621
F1,RNA_neg,GO:2000811,negative regulation of anoikis,Process,1,1,30,2545,0.011787819253438112,30,0.04534900712789621
F1,RNA_neg,GO:0050459,ethanolamine-phosphate phospho-lyase activity,Function,1,1,30,2545,0.011787819253438112,30,0.04534900712789621
F6,METH_neg,GO:0008508,bile acid:sodium symporter activity,Function,1,1,30,2545,0.011787819253438112,30,0.04534900712789621
F6,METH_neg,GO:0004363,glutathione synthase activity,Function,1,1,30,2545,0.011787819253438112,30,0.04534900712789621
F6,METH_neg,GO:0043295,glutathione binding,Function,1,1,30,2545,0.011787819253438112,30,0.04534900712789621
F6,METH_neg,GO:0032957,inositol trisphosphate metabolic process,Process,1,1,30,2545,0.011787819253438112,30,0.04534900712789621
F6,METH_neg,GO:0052726,"inositol-1,3,4-trisphosphate 5-kinase activity",Function,1,1,30,2545,0.011787819253438112,30,0.04534900712789621
F6,METH_neg,GO:0047325,"inositol-3,4,5,6-tetrakisphosphate 1-kinase activity",Function,1,1,30,2545,0.011787819253438112,30,0.04534900712789621
F6,METH_neg,GO:0052725,"inositol-1,3,4-trisphosphate 6-kinase activity",Function,1,1,30,2545,0.011787819253438112,30,0.04534900712789621
F6,METH_neg,GO:0042277,peptide binding,Function,1,1,30,2545,0.011787819253438112,30,0.04534900712789621
F6,METH_neg,GO:0005507,copper ion binding,Function,1,1,30,2545,0.011787819253438112,30,0.04534900712789621
F6,METH_neg,GO:0009062,fatty acid catabolic process,Process,1,1,30,2545,0.011787819253438112,30,0.04534900712789621
F7,METH_neg,GO:0005315,phosphate transmembrane transporter activity,Function,1,1,30,2545,0.011787819253438112,30,0.04534900712789621
F6,METH_neg,GO:0009437,carnitine metabolic process,Process,1,1,30,2545,0.011787819253438112,30,0.04534900712789621
F6,METH_neg,GO:0004095,carnitine O-palmitoyltransferase activity,Function,1,1,30,2545,0.011787819253438112,30,0.04534900712789621
F6,METH_neg,GO:0004312,fatty acid synthase activity,Function,1,1,30,2545,0.011787819253438112,30,0.04534900712789621
F6,METH_neg,GO:0031177,phosphopantetheine binding,Function,1,1,30,2545,0.011787819253438112,30,0.04534900712789621
F6,METH_neg,GO:0004315,3-oxoacyl-[acyl-carrier-protein] synthase activity,Function,1,1,30,2545,0.011787819253438112,30,0.04534900712789621
F6,METH_neg,GO:0015721,bile acid and bile salt transport,Process,1,1,30,2545,0.011787819253438112,30,0.04534900712789621
F6,METH_neg,GO:0032956,regulation of actin cytoskeleton organization,Process,1,1,30,2545,0.011787819253438112,30,0.04534900712789621
F6,METH_neg,GO:0031932,TORC2 complex,Component,1,1,30,2545,0.011787819253438112,30,0.04534900712789621
F6,METH_neg,GO:0031931,TORC1 complex,Component,1,1,30,2545,0.011787819253438112,30,0.04534900712789621
F6,METH_neg,GO:0032418,lysosome localization,Process,1,1,30,2545,0.011787819253438112,30,0.04534900712789621
F6,METH_neg,GO:0005109,frizzled binding,Function,1,1,30,2545,0.011787819253438112,30,0.04534900712789621
F1,METH_pos,GO:2000649,regulation of sodium ion transmembrane transporter activity,Process,1,1,30,2545,0.011787819253438112,30,0.04534900712789621
F1,METH_pos,GO:0035803,egg coat formation,Process,1,1,30,2545,0.011787819253438112,30,0.04534900712789621
F1,METH_pos,GO:2000344,positive regulation of acrosome reaction,Process,1,1,30,2545,0.011787819253438112,30,0.04534900712789621
F6,METH_pos,GO:0098837,postsynaptic recycling endosome,Component,1,1,30,2545,0.011787819253438112,30,0.04534900712789621
F6,METH_pos,GO:0141039,phosphatidylinositol 3-kinase inhibitor activity,Function,1,1,30,2545,0.011787819253438112,30,0.04534900712789621
F6,METH_pos,GO:0000224,peptide-N4-(N-acetyl-beta-glucosaminyl)asparagine amidase activity,Function,1,1,30,2545,0.011787819253438112,30,0.04534900712789621
F6,METH_pos,GO:0009113,purine nucleobase biosynthetic process,Process,1,1,30,2545,0.011787819253438112,30,0.04534900712789621
F6,METH_pos,GO:0004044,amidophosphoribosyltransferase activity,Function,1,1,30,2545,0.011787819253438112,30,0.04534900712789621
F6,METH_pos,GO:0042721,TIM22 mitochondrial import inner membrane insertion complex,Component,1,1,30,2545,0.011787819253438112,30,0.04534900712789621
F6,METH_pos,GO:0071566,UFM1 activating enzyme activity,Function,1,1,30,2545,0.011787819253438112,30,0.04534900712789621
F6,METH_pos,GO:0071569,protein ufmylation,Process,1,1,30,2545,0.011787819253438112,30,0.04534900712789621
F6,METH_pos,GO:0090481,pyrimidine nucleotide-sugar transmembrane transport,Process,1,1,30,2545,0.011787819253438112,30,0.04534900712789621
F6,METH_pos,GO:0030667,secretory granule membrane,Component,1,1,30,2545,0.011787819253438112,30,0.04534900712789621
F6,METH_pos,GO:0008320,transmembrane protein transporter activity,Function,1,1,30,2545,0.011787819253438112,30,0.04534900712789621
F6,METH_pos,GO:0030672,synaptic vesicle membrane,Component,1,1,30,2545,0.011787819253438112,30,0.04534900712789621
F1,METH_pos,GO:0045089,positive regulation of innate immune response,Process,1,1,30,2545,0.011787819253438112,30,0.04534900712789621
F1,METH_pos,GO:0019855,calcium channel inhibitor activity,Function,1,1,30,2545,0.011787819253438112,30,0.04534900712789621
F6,METH_pos,GO:0008458,carnitine O-octanoyltransferase activity,Function,1,1,30,2545,0.011787819253438112,30,0.04534900712789621
F6,METH_pos,GO:0071031,nuclear mRNA surveillance of mRNA 3'-end processing,Process,1,1,30,2545,0.011787819253438112,30,0.04534900712789621
F6,METH_pos,GO:0030125,clathrin vesicle coat,Component,1,1,30,2545,0.011787819253438112,30,0.04534900712789621
F6,METH_pos,GO:0031499,TRAMP complex,Component,1,1,30,2545,0.011787819253438112,30,0.04534900712789621
F6,METH_pos,GO:0051898,negative regulation of phosphatidylinositol 3-kinase/protein kinase B signal transduction,Process,1,1,30,2545,0.011787819253438112,30,0.04534900712789621
F6,METH_pos,GO:0045039,protein insertion into mitochondrial inner membrane,Process,1,1,30,2545,0.011787819253438112,30,0.04534900712789621
F6,METH_pos,GO:0051383,kinetochore organization,Process,1,1,30,2545,0.011787819253438112,30,0.04534900712789621
F1,METH_pos,GO:0017080,sodium channel regulator activity,Function,1,1,30,2545,0.011787819253438112,30,0.04534900712789621
F6,RNA_neg,GO:0045333,cellular respiration,Process,1,1,30,2545,0.011787819253438112,30,0.04534900712789621
F6,RNA_neg,GO:0016409,palmitoyltransferase activity,Function,1,1,30,2545,0.011787819253438112,30,0.04534900712789621
F6,RNA_neg,GO:0035299,"inositol-1,3,4,5,6-pentakisphosphate 2-kinase activity",Function,1,1,30,2545,0.011787819253438112,30,0.04534900712789621
F6,RNA_neg,GO:0046850,regulation of bone remodeling,Process,1,1,30,2545,0.011787819253438112,30,0.04534900712789621
F6,RNA_neg,GO:0030008,TRAPP complex,Component,1,1,30,2545,0.011787819253438112,30,0.04534900712789621
F6,RNA_neg,GO:1905605,positive regulation of blood-brain barrier permeability,Process,1,1,30,2545,0.011787819253438112,30,0.04534900712789621
F6,RNA_neg,GO:0150105,protein localization to cell-cell junction,Process,1,1,30,2545,0.011787819253438112,30,0.04534900712789621
F1,METH_pos,GO:0045338,farnesyl diphosphate metabolic process,Process,1,1,30,2545,0.011787819253438112,30,0.04534900712789621
F1,METH_pos,GO:0051996,squalene synthase [NAD(P)H] activity,Function,1,1,30,2545,0.011787819253438112,30,0.04534900712789621
F1,METH_pos,GO:0060631,regulation of meiosis I,Process,1,1,30,2545,0.011787819253438112,30,0.04534900712789621
F6,METH_pos,GO:0004096,catalase activity,Function,1,1,30,2545,0.011787819253438112,30,0.04534900712789621
F6,METH_pos,GO:0042542,response to hydrogen peroxide,Process,1,1,30,2545,0.011787819253438112,30,0.04534900712789621
F6,METH_pos,GO:0015165,pyrimidine nucleotide-sugar transmembrane transporter activity,Function,1,1,30,2545,0.011787819253438112,30,0.04534900712789621
F7,METH_neg,GO:0036498,IRE1-mediated unfolded protein response,Process,1,1,30,2545,0.011787819253438112,30,0.04534900712789621
F6,RNA_neg,GO:0003993,acid phosphatase activity,Function,1,1,30,2545,0.011787819253438112,30,0.04534900712789621
F6,RNA_neg,GO:0052745,inositol phosphate phosphatase activity,Function,1,1,30,2545,0.011787819253438112,30,0.04534900712789621
F6,RNA_neg,GO:0004767,sphingomyelin phosphodiesterase activity,Function,1,1,30,2545,0.011787819253438112,30,0.04534900712789621
F6,RNA_neg,GO:0004308,exo-alpha-sialidase activity,Function,1,1,30,2545,0.011787819253438112,30,0.04534900712789621
F1,METH_pos,GO:0004567,beta-mannosidase activity,Function,1,1,30,2545,0.011787819253438112,30,0.04534900712789621
F1,METH_pos,GO:0007158,neuron cell-cell adhesion,Process,1,1,30,2545,0.011787819253438112,30,0.04534900712789621
F1,METH_pos,GO:0004441,"inositol-1,4-bisphosphate 1-phosphatase activity",Function,1,1,30,2545,0.011787819253438112,30,0.04534900712789621
F1,METH_pos,GO:1904812,rRNA acetylation involved in maturation of SSU-rRNA,Process,1,1,30,2545,0.011787819253438112,30,0.04534900712789621
F1,METH_pos,GO:1990883,18S rRNA cytidine N-acetyltransferase activity,Function,1,1,30,2545,0.011787819253438112,30,0.04534900712789621
F6,RNA_neg,GO:0008119,thiopurine S-methyltransferase activity,Function,1,1,30,2545,0.011787819253438112,30,0.04534900712789621
F6,RNA_neg,GO:0030166,proteoglycan biosynthetic process,Process,1,1,30,2545,0.011787819253438112,30,0.04534900712789621
F6,RNA_neg,GO:0044458,motile cilium assembly,Process,1,1,30,2545,0.011787819253438112,30,0.04534900712789621
F6,RNA_neg,GO:0016051,carbohydrate biosynthetic process,Process,1,1,30,2545,0.011787819253438112,30,0.04534900712789621
F6,RNA_neg,GO:0006685,sphingomyelin catabolic process,Process,1,1,30,2545,0.011787819253438112,30,0.04534900712789621
F6,RNA_pos,GO:0030125,clathrin vesicle coat,Component,1,1,30,2545,0.011787819253438112,30,0.04534900712789621
F6,RNA_pos,GO:0010124,phenylacetate catabolic process,Process,1,1,30,2545,0.011787819253438112,30,0.04534900712789621
F6,RNA_pos,GO:0003988,acetyl-CoA C-acyltransferase activity,Function,1,1,30,2545,0.011787819253438112,30,0.04534900712789621
F6,RNA_pos,GO:0097255,R2TP complex,Component,1,1,30,2545,0.011787819253438112,30,0.04534900712789621
F6,RNA_pos,GO:0071007,U2-type catalytic step 2 spliceosome,Component,1,1,30,2545,0.011787819253438112,30,0.04534900712789621
F6,RNA_pos,GO:0006046,N-acetylglucosamine catabolic process,Process,1,1,30,2545,0.011787819253438112,30,0.04534900712789621
F6,RNA_pos,GO:0004342,glucosamine-6-phosphate deaminase activity,Function,1,1,30,2545,0.011787819253438112,30,0.04534900712789621
F6,RNA_pos,GO:0019262,N-acetylneuraminate catabolic process,Process,1,1,30,2545,0.011787819253438112,30,0.04534900712789621
F6,RNA_pos,GO:0006043,D-glucosamine catabolic process,Process,1,1,30,2545,0.011787819253438112,30,0.04534900712789621
F1,METH_neg,GO:0031982,vesicle,Component,1,1,30,2545,0.011787819253438112,30,0.04534900712789621
F1,METH_neg,GO:0008009,chemokine activity,Function,1,1,30,2545,0.011787819253438112,30,0.04534900712789621
F6,RNA_neg,GO:0008146,sulfotransferase activity,Function,1,1,30,2545,0.011787819253438112,30,0.04534900712789621
F7,METH_neg,GO:0072380,TRC complex,Component,1,1,30,2545,0.011787819253438112,30,0.04534900712789621
F6,RNA_neg,GO:0042277,peptide binding,Function,1,1,30,2545,0.011787819253438112,30,0.04534900712789621
F7,METH_neg,GO:0045127,N-acetylglucosamine kinase activity,Function,1,1,30,2545,0.011787819253438112,30,0.04534900712789621
F6,RNA_pos,GO:1901890,positive regulation of cell junction assembly,Process,1,1,30,2545,0.011787819253438112,30,0.04534900712789621
F6,RNA_pos,GO:2000049,positive regulation of cell-cell adhesion mediated by cadherin,Process,1,1,30,2545,0.011787819253438112,30,0.04534900712789621
F6,RNA_pos,GO:0070528,protein kinase C signaling,Process,1,1,30,2545,0.011787819253438112,30,0.04534900712789621
F6,RNA_pos,GO:0002090,regulation of receptor internalization,Process,1,1,30,2545,0.011787819253438112,30,0.04534900712789621
F6,RNA_pos,GO:0032418,lysosome localization,Process,1,1,30,2545,0.011787819253438112,30,0.04534900712789621
F6,RNA_pos,GO:0003844,"1,4-alpha-glucan branching enzyme activity",Function,1,1,30,2545,0.011787819253438112,30,0.04534900712789621
F6,RNA_pos,GO:0006843,mitochondrial citrate transmembrane transport,Process,1,1,30,2545,0.011787819253438112,30,0.04534900712789621
F6,RNA_pos,GO:0071913,citrate secondary active transmembrane transporter activity,Function,1,1,30,2545,0.011787819253438112,30,0.04534900712789621
F6,RNA_pos,GO:0099078,BORC complex,Component,1,1,30,2545,0.011787819253438112,30,0.04534900712789621
F6,RNA_pos,GO:0003920,GMP reductase activity,Function,1,1,30,2545,0.011787819253438112,30,0.04534900712789621
F1,METH_neg,GO:0030594,neurotransmitter receptor activity,Function,1,1,30,2545,0.011787819253438112,30,0.04534900712789621
F6,RNA_pos,GO:0042134,rRNA primary transcript binding,Function,1,1,30,2545,0.011787819253438112,30,0.04534900712789621
F6,RNA_pos,GO:0004826,phenylalanine-tRNA ligase activity,Function,1,1,30,2545,0.011787819253438112,30,0.04534900712789621
F6,RNA_pos,GO:0006432,phenylalanyl-tRNA aminoacylation,Process,1,1,30,2545,0.011787819253438112,30,0.04534900712789621
F6,RNA_pos,GO:0009328,phenylalanine-tRNA ligase complex,Component,1,1,30,2545,0.011787819253438112,30,0.04534900712789621
F7,RNA_pos,GO:0048237,rough endoplasmic reticulum lumen,Component,1,1,30,2545,0.011787819253438112,30,0.04534900712789621
F7,RNA_pos,GO:0048019,receptor antagonist activity,Function,1,1,30,2545,0.011787819253438112,30,0.04534900712789621
F7,RNA_pos,GO:0002091,negative regulation of receptor internalization,Process,1,1,30,2545,0.011787819253438112,30,0.04534900712789621
F7,RNA_pos,GO:0070326,very-low-density lipoprotein particle receptor binding,Function,1,1,30,2545,0.011787819253438112,30,0.04534900712789621
F1,RNA_pos,GO:0045109,intermediate filament organization,Process,1,1,30,2545,0.011787819253438112,30,0.04534900712789621
F7,RNA_pos,GO:0045666,positive regulation of neuron differentiation,Process,1,1,30,2545,0.011787819253438112,30,0.04534900712789621
F7,RNA_pos,GO:0050291,sphingosine N-acyltransferase activity,Function,1,1,30,2545,0.011787819253438112,30,0.04534900712789621
F1,RNA_neg,GO:0047184,1-acylglycerophosphocholine O-acyltransferase activity,Function,1,1,30,2545,0.011787819253438112,30,0.04534900712789621
F1,RNA_neg,GO:0023041,neuronal signal transduction,Process,1,1,30,2545,0.011787819253438112,30,0.04534900712789621
F1,RNA_neg,GO:0045031,G protein-coupled ATP receptor activity,Function,1,1,30,2545,0.011787819253438112,30,0.04534900712789621
F7,RNA_pos,GO:0090114,COPII-coated vesicle budding,Process,1,1,30,2545,0.011787819253438112,30,0.04534900712789621
F7,RNA_pos,GO:0032511,late endosome to vacuole transport via multivesicular body sorting pathway,Process,1,1,30,2545,0.011787819253438112,30,0.04534900712789621
F7,RNA_pos,GO:0003920,GMP reductase activity,Function,1,1,30,2545,0.011787819253438112,30,0.04534900712789621
F7,RNA_pos,GO:1902560,GMP reductase complex,Component,1,1,30,2545,0.011787819253438112,30,0.04534900712789621
F7,RNA_pos,GO:0000502,proteasome complex,Component,1,1,30,2545,0.011787819253438112,30,0.04534900712789621
F7,RNA_pos,GO:0042176,regulation of protein catabolic process,Process,1,1,30,2545,0.011787819253438112,30,0.04534900712789621
F6,RNA_pos,GO:0015889,cobalamin transport,Process,1,1,30,2545,0.011787819253438112,30,0.04534900712789621
F6,RNA_pos,GO:0031419,cobalamin binding,Function,1,1,30,2545,0.011787819253438112,30,0.04534900712789621
F6,RNA_pos,GO:0016600,flotillin complex,Component,1,1,30,2545,0.011787819253438112,30,0.04534900712789621
F6,RNA_pos,GO:0004553,"hydrolase activity, hydrolyzing O-glycosyl compounds",Function,1,1,30,2545,0.011787819253438112,30,0.04534900712789621
F6,RNA_pos,GO:0005978,glycogen biosynthetic process,Process,1,1,30,2545,0.011787819253438112,30,0.04534900712789621
F6,RNA_pos,GO:0004527,exonuclease activity,Function,1,1,30,2545,0.011787819253438112,30,0.04534900712789621
F1,METH_neg,GO:0017046,peptide hormone binding,Function,1,1,30,2545,0.011787819253438112,30,0.04534900712789621
F1,METH_neg,GO:0008528,G protein-coupled peptide receptor activity,Function,1,1,30,2545,0.011787819253438112,30,0.04534900712789621
F6,RNA_pos,GO:1902560,GMP reductase complex,Component,1,1,30,2545,0.011787819253438112,30,0.04534900712789621
F6,RNA_pos,GO:0000492,box C/D snoRNP assembly,Process,1,1,30,2545,0.011787819253438112,30,0.04534900712789621
F6,RNA_pos,GO:0034457,Mpp10 complex,Component,1,1,30,2545,0.011787819253438112,30,0.04534900712789621
F5,METH_neg,GO:0030331,nuclear estrogen receptor binding,Function,1,1,30,2545,0.011787819253438112,30,0.04534900712789621
F5,METH_neg,GO:0006624,vacuolar protein processing,Process,1,1,30,2545,0.011787819253438112,30,0.04534900712789621
F6,RNA_pos,GO:0005179,hormone activity,Function,1,1,30,2545,0.011787819253438112,30,0.04534900712789621
F1,METH_neg,GO:0023041,neuronal signal transduction,Process,1,1,30,2545,0.011787819253438112,30,0.04534900712789621
F1,METH_neg,GO:0005436,sodium:phosphate symporter activity,Function,1,1,30,2545,0.011787819253438112,30,0.04534900712789621
F1,METH_neg,GO:0030643,intracellular phosphate ion homeostasis,Process,1,1,30,2545,0.011787819253438112,30,0.04534900712789621
F1,METH_neg,GO:0045031,G protein-coupled ATP receptor activity,Function,1,1,30,2545,0.011787819253438112,30,0.04534900712789621
F1,METH_neg,GO:0004089,carbonate dehydratase activity,Function,1,1,30,2545,0.011787819253438112,30,0.04534900712789621
F1,METH_neg,GO:0044341,sodium-dependent phosphate transport,Process,1,1,30,2545,0.011787819253438112,30,0.04534900712789621
F6,RNA_pos,GO:0031700,adrenomedullin receptor binding,Function,1,1,30,2545,0.011787819253438112,30,0.04534900712789621
F6,RNA_pos,GO:0010460,positive regulation of heart rate,Process,1,1,30,2545,0.011787819253438112,30,0.04534900712789621
F6,RNA_pos,GO:0003073,regulation of systemic arterial blood pressure,Process,1,1,30,2545,0.011787819253438112,30,0.04534900712789621
F6,RNA_pos,GO:1990410,adrenomedullin receptor signaling pathway,Process,1,1,30,2545,0.011787819253438112,30,0.04534900712789621
F5,METH_neg,GO:0048246,macrophage chemotaxis,Process,1,1,30,2545,0.011787819253438112,30,0.04534900712789621
F5,METH_neg,GO:0006446,regulation of translational initiation,Process,1,1,30,2545,0.011787819253438112,30,0.04534900712789621
F1,METH_neg,GO:0004807,triose-phosphate isomerase activity,Function,1,1,30,2545,0.011787819253438112,30,0.04534900712789621
F1,METH_neg,GO:0046166,glyceraldehyde-3-phosphate biosynthetic process,Process,1,1,30,2545,0.011787819253438112,30,0.04534900712789621
F1,METH_neg,GO:0005852,eukaryotic translation initiation factor 3 complex,Component,1,1,30,2545,0.011787819253438112,30,0.04534900712789621
F1,METH_neg,GO:0006552,L-leucine catabolic process,Process,1,1,30,2545,0.011787819253438112,30,0.04534900712789621
F1,METH_neg,GO:0006601,creatine biosynthetic process,Process,1,1,30,2545,0.011787819253438112,30,0.04534900712789621
F1,METH_neg,GO:0015670,carbon dioxide transport,Process,1,1,30,2545,0.011787819253438112,30,0.04534900712789621
F5,METH_neg,GO:0006685,sphingomyelin catabolic process,Process,1,1,30,2545,0.011787819253438112,30,0.04534900712789621
F5,METH_neg,GO:0004767,sphingomyelin phosphodiesterase activity,Function,1,1,30,2545,0.011787819253438112,30,0.04534900712789621
F5,METH_neg,GO:0008494,translation activator activity,Function,1,1,30,2545,0.011787819253438112,30,0.04534900712789621
F5,METH_neg,GO:0016788,"hydrolase activity, acting on ester bonds",Function,1,1,30,2545,0.011787819253438112,30,0.04534900712789621
F5,METH_neg,GO:0050918,positive chemotaxis,Process,1,1,30,2545,0.011787819253438112,30,0.04534900712789621
F5,METH_neg,GO:0019863,IgE binding,Function,1,1,30,2545,0.011787819253438112,30,0.04534900712789621
F5,METH_neg,GO:1990244,histone H2AT120 kinase activity,Function,1,1,30,2545,0.011787819253438112,30,0.04534900712789621
F5,METH_neg,GO:0030071,regulation of mitotic metaphase/anaphase transition,Process,1,1,30,2545,0.011787819253438112,30,0.04534900712789621
F5,METH_neg,GO:0055090,acylglycerol homeostasis,Process,1,1,30,2545,0.011787819253438112,30,0.04534900712789621
F5,METH_neg,GO:0005154,epidermal growth factor receptor binding,Function,1,1,30,2545,0.011787819253438112,30,0.04534900712789621
F1,METH_neg,GO:0030731,guanidinoacetate N-methyltransferase activity,Function,1,1,30,2545,0.011787819253438112,30,0.04534900712789621
F1,METH_neg,GO:0004419,hydroxymethylglutaryl-CoA lyase activity,Function,1,1,30,2545,0.011787819253438112,30,0.04534900712789621
F1,METH_neg,GO:0046951,ketone body biosynthetic process,Process,1,1,30,2545,0.011787819253438112,30,0.04534900712789621
F1,METH_neg,GO:0045103,intermediate filament-based process,Process,1,1,30,2545,0.011787819253438112,30,0.04534900712789621
F1,METH_neg,GO:0015055,secretin receptor activity,Function,1,1,30,2545,0.011787819253438112,30,0.04534900712789621
F1,METH_neg,GO:0070779,D-aspartate import across plasma membrane,Process,1,1,30,2545,0.011787819253438112,30,0.04534900712789621
F1,METH_neg,GO:0098712,L-glutamate import across plasma membrane,Process,1,1,30,2545,0.011787819253438112,30,0.04534900712789621
F1,METH_neg,GO:0019563,glycerol catabolic process,Process,1,1,30,2545,0.011787819253438112,30,0.04534900712789621
F5,METH_neg,GO:0001772,immunological synapse,Component,1,1,30,2545,0.011787819253438112,30,0.04534900712789621
F5,METH_neg,GO:0045806,negative regulation of endocytosis,Process,1,1,30,2545,0.011787819253438112,30,0.04534900712789621
F5,METH_neg,GO:0048030,disaccharide binding,Function,1,1,30,2545,0.011787819253438112,30,0.04534900712789621
F5,METH_neg,GO:0002548,monocyte chemotaxis,Process,1,1,30,2545,0.011787819253438112,30,0.04534900712789621
F5,METH_neg,GO:0090280,positive regulation of calcium ion import,Process,1,1,30,2545,0.011787819253438112,30,0.04534900712789621
F5,METH_neg,GO:2001237,negative regulation of extrinsic apoptotic signaling pathway,Process,1,1,30,2545,0.011787819253438112,30,0.04534900712789621
F5,METH_neg,GO:0030593,neutrophil chemotaxis,Process,1,1,30,2545,0.011787819253438112,30,0.04534900712789621
F5,METH_neg,GO:0008199,ferric iron binding,Function,1,1,30,2545,0.011787819253438112,30,0.04534900712789621
F5,METH_neg,GO:0006826,iron ion transport,Process,1,1,30,2545,0.011787819253438112,30,0.04534900712789621
F5,METH_neg,GO:0042157,lipoprotein metabolic process,Process,1,1,30,2545,0.011787819253438112,30,0.04534900712789621
F5,METH_neg,GO:0042472,inner ear morphogenesis,Process,1,1,30,2545,0.011787819253438112,30,0.04534900712789621
F5,METH_neg,GO:0042491,inner ear auditory receptor cell differentiation,Process,1,1,30,2545,0.011787819253438112,30,0.04534900712789621
F2,RNA_pos,GO:0008009,chemokine activity,Function,1,1,30,2545,0.011787819253438112,30,0.04534900712789621
F5,METH_neg,GO:0004145,diamine N-acetyltransferase activity,Function,1,1,30,2545,0.011787819253438112,30,0.04534900712789621
F5,METH_neg,GO:0019809,spermidine binding,Function,1,1,30,2545,0.011787819253438112,30,0.04534900712789621
F5,METH_neg,GO:0033700,phospholipid efflux,Process,1,1,30,2545,0.011787819253438112,30,0.04534900712789621
F5,METH_neg,GO:0060228,phosphatidylcholine-sterol O-acyltransferase activator activity,Function,1,1,30,2545,0.011787819253438112,30,0.04534900712789621
F5,METH_neg,GO:0034361,very-low-density lipoprotein particle,Component,1,1,30,2545,0.011787819253438112,30,0.04534900712789621
F5,METH_neg,GO:0034364,high-density lipoprotein particle,Component,1,1,30,2545,0.011787819253438112,30,0.04534900712789621
F5,METH_neg,GO:0034362,low-density lipoprotein particle,Component,1,1,30,2545,0.011787819253438112,30,0.04534900712789621
F5,METH_neg,GO:1903561,extracellular vesicle,Component,1,1,30,2545,0.011787819253438112,30,0.04534900712789621
F5,METH_neg,GO:0042627,chylomicron,Component,1,1,30,2545,0.011787819253438112,30,0.04534900712789621
F5,METH_pos,GO:0120147,formylglycine-generating oxidase activity,Function,1,1,30,2545,0.011787819253438112,30,0.04534900712789621
F5,METH_pos,GO:0018158,protein oxidation,Process,1,1,30,2545,0.011787819253438112,30,0.04534900712789621
F5,METH_pos,GO:0140663,ATP-dependent FeS chaperone activity,Function,1,1,30,2545,0.011787819253438112,30,0.04534900712789621
F5,METH_pos,GO:0031492,nucleosomal DNA binding,Function,1,1,30,2545,0.011787819253438112,30,0.04534900712789621
F5,METH_pos,GO:0019797,procollagen-proline 3-dioxygenase activity,Function,1,1,30,2545,0.011787819253438112,30,0.04534900712789621
F5,METH_pos,GO:0032963,collagen metabolic process,Process,1,1,30,2545,0.011787819253438112,30,0.04534900712789621
F5,METH_pos,GO:0034227,tRNA thio-modification,Process,1,1,30,2545,0.011787819253438112,30,0.04534900712789621
F5,METH_pos,GO:0030267,glyoxylate reductase (NADPH) activity,Function,1,1,30,2545,0.011787819253438112,30,0.04534900712789621
F5,METH_pos,GO:0008465,hydroxypyruvate reductase (NADH) activity,Function,1,1,30,2545,0.011787819253438112,30,0.04534900712789621
F2,RNA_pos,GO:0030594,neurotransmitter receptor activity,Function,1,1,30,2545,0.011787819253438112,30,0.04534900712789621
F2,RNA_pos,GO:0006805,xenobiotic metabolic process,Process,1,1,30,2545,0.011787819253438112,30,0.04534900712789621
F2,RNA_pos,GO:0071385,cellular response to glucocorticoid stimulus,Process,1,1,30,2545,0.011787819253438112,30,0.04534900712789621
F5,METH_pos,GO:0038166,angiotensin-activated signaling pathway,Process,1,1,30,2545,0.011787819253438112,30,0.04534900712789621
F5,METH_neg,GO:0048245,eosinophil chemotaxis,Process,1,1,30,2545,0.011787819253438112,30,0.04534900712789621
F5,METH_neg,GO:0008009,chemokine activity,Function,1,1,30,2545,0.011787819253438112,30,0.04534900712789621
F5,RNA_neg,GO:0043843,ADP-specific glucokinase activity,Function,1,1,30,2545,0.011787819253438112,30,0.04534900712789621
F5,RNA_neg,GO:0051497,negative regulation of stress fiber assembly,Process,1,1,30,2545,0.011787819253438112,30,0.04534900712789621
F5,RNA_neg,GO:0036424,L-phosphoserine phosphatase activity,Function,1,1,30,2545,0.011787819253438112,30,0.04534900712789621
F5,METH_pos,GO:0030141,secretory granule,Component,1,1,30,2545,0.011787819253438112,30,0.04534900712789621
F5,METH_pos,GO:0007218,neuropeptide signaling pathway,Process,1,1,30,2545,0.011787819253438112,30,0.04534900712789621
F5,METH_pos,GO:0046883,regulation of hormone secretion,Process,1,1,30,2545,0.011787819253438112,30,0.04534900712789621
F5,METH_pos,GO:0008217,regulation of blood pressure,Process,1,1,30,2545,0.011787819253438112,30,0.04534900712789621
F5,METH_pos,GO:0031683,G-protein beta/gamma-subunit complex binding,Function,1,1,30,2545,0.011787819253438112,30,0.04534900712789621
F2,RNA_pos,GO:0004601,peroxidase activity,Function,1,1,30,2545,0.011787819253438112,30,0.04534900712789621
F5,METH_pos,GO:0051383,kinetochore organization,Process,1,1,30,2545,0.011787819253438112,30,0.04534900712789621
F5,METH_pos,GO:0031821,G protein-coupled serotonin receptor binding,Function,1,1,30,2545,0.011787819253438112,30,0.04534900712789621
F5,METH_pos,GO:0050291,sphingosine N-acyltransferase activity,Function,1,1,30,2545,0.011787819253438112,30,0.04534900712789621
F5,METH_pos,GO:0097363,protein O-acetylglucosaminyltransferase activity,Function,1,1,30,2545,0.011787819253438112,30,0.04534900712789621
F5,METH_pos,GO:0034458,3'-5' RNA helicase activity,Function,1,1,30,2545,0.011787819253438112,30,0.04534900712789621
F5,METH_pos,GO:0008441,"3'(2'),5'-bisphosphate nucleotidase activity",Function,1,1,30,2545,0.011787819253438112,30,0.04534900712789621
F5,RNA_neg,GO:2000049,positive regulation of cell-cell adhesion mediated by cadherin,Process,1,1,30,2545,0.011787819253438112,30,0.04534900712789621
F5,RNA_neg,GO:0070528,protein kinase C signaling,Process,1,1,30,2545,0.011787819253438112,30,0.04534900712789621
F5,RNA_neg,GO:0002090,regulation of receptor internalization,Process,1,1,30,2545,0.011787819253438112,30,0.04534900712789621
F5,RNA_neg,GO:0016600,flotillin complex,Component,1,1,30,2545,0.011787819253438112,30,0.04534900712789621
F2,RNA_pos,GO:0045031,G protein-coupled ATP receptor activity,Function,1,1,30,2545,0.011787819253438112,30,0.04534900712789621
F2,RNA_pos,GO:0033631,cell-cell adhesion mediated by integrin,Process,1,1,30,2545,0.011787819253438112,30,0.04534900712789621
F2,RNA_pos,GO:0030020,extracellular matrix structural constituent conferring tensile strength,Function,1,1,30,2545,0.011787819253438112,30,0.04534900712789621
F5,RNA_neg,GO:0042447,hormone catabolic process,Process,1,1,30,2545,0.011787819253438112,30,0.04534900712789621
F5,RNA_neg,GO:0050435,amyloid-beta metabolic process,Process,1,1,30,2545,0.011787819253438112,30,0.04534900712789621
F5,RNA_neg,GO:0035459,vesicle cargo loading,Process,1,1,30,2545,0.011787819253438112,30,0.04534900712789621
F5,RNA_neg,GO:0006415,translational termination,Process,1,1,30,2545,0.011787819253438112,30,0.04534900712789621
F5,RNA_neg,GO:0003747,translation release factor activity,Function,1,1,30,2545,0.011787819253438112,30,0.04534900712789621
F5,RNA_neg,GO:0030177,positive regulation of Wnt signaling pathway,Process,1,1,30,2545,0.011787819253438112,30,0.04534900712789621
F5,METH_pos,GO:0006694,steroid biosynthetic process,Process,1,1,30,2545,0.011787819253438112,30,0.04534900712789621
F5,RNA_neg,GO:0006032,chitin catabolic process,Process,1,1,30,2545,0.011787819253438112,30,0.04534900712789621
F5,RNA_neg,GO:0009725,response to hormone,Process,1,1,30,2545,0.011787819253438112,30,0.04534900712789621
F5,RNA_neg,GO:0051045,negative regulation of membrane protein ectodomain proteolysis,Process,1,1,30,2545,0.011787819253438112,30,0.04534900712789621
F5,RNA_neg,GO:0034097,response to cytokine,Process,1,1,30,2545,0.011787819253438112,30,0.04534900712789621
F2,RNA_pos,GO:0005587,collagen type IV trimer,Component,1,1,30,2545,0.011787819253438112,30,0.04534900712789621
F2,RNA_pos,GO:0004617,phosphoglycerate dehydrogenase activity,Function,1,1,30,2545,0.011787819253438112,30,0.04534900712789621
F2,RNA_pos,GO:0009948,anterior/posterior axis specification,Process,1,1,30,2545,0.011787819253438112,30,0.04534900712789621
F2,RNA_pos,GO:0006601,creatine biosynthetic process,Process,1,1,30,2545,0.011787819253438112,30,0.04534900712789621
F2,RNA_pos,GO:0023041,neuronal signal transduction,Process,1,1,30,2545,0.011787819253438112,30,0.04534900712789621
F5,RNA_neg,GO:0005782,peroxisomal matrix,Component,1,1,30,2545,0.011787819253438112,30,0.04534900712789621
F5,RNA_neg,GO:0051059,NF-kappaB binding,Function,1,1,30,2545,0.011787819253438112,30,0.04534900712789621
F5,RNA_neg,GO:0071356,cellular response to tumor necrosis factor,Process,1,1,30,2545,0.011787819253438112,30,0.04534900712789621
F5,RNA_neg,GO:0004568,chitinase activity,Function,1,1,30,2545,0.011787819253438112,30,0.04534900712789621
F5,RNA_neg,GO:1901890,positive regulation of cell junction assembly,Process,1,1,30,2545,0.011787819253438112,30,0.04534900712789621
F2,RNA_pos,GO:0031750,D3 dopamine receptor binding,Function,1,1,30,2545,0.011787819253438112,30,0.04534900712789621
F2,RNA_pos,GO:0031749,D2 dopamine receptor binding,Function,1,1,30,2545,0.011787819253438112,30,0.04534900712789621
F2,RNA_pos,GO:0031751,D4 dopamine receptor binding,Function,1,1,30,2545,0.011787819253438112,30,0.04534900712789621
F2,RNA_pos,GO:0004419,hydroxymethylglutaryl-CoA lyase activity,Function,1,1,30,2545,0.011787819253438112,30,0.04534900712789621
F2,RNA_pos,GO:0046951,ketone body biosynthetic process,Process,1,1,30,2545,0.011787819253438112,30,0.04534900712789621
F2,RNA_pos,GO:0006552,L-leucine catabolic process,Process,1,1,30,2545,0.011787819253438112,30,0.04534900712789621
F5,RNA_pos,GO:0003976,UDP-N-acetylglucosamine-lysosomal-enzyme N-acetylglucosaminephosphotransferase activity,Function,1,1,30,2545,0.011787819253438112,30,0.04534900712789621
F5,RNA_pos,GO:0016256,N-glycan processing to lysosome,Process,1,1,30,2545,0.011787819253438112,30,0.04534900712789621
F5,RNA_pos,GO:0051279,regulation of release of sequestered calcium ion into cytosol,Process,1,1,30,2545,0.011787819253438112,30,0.04534900712789621
F5,RNA_pos,GO:0070847,core mediator complex,Component,1,1,30,2545,0.011787819253438112,30,0.04534900712789621
F5,RNA_pos,GO:0008597,calcium-dependent protein serine/threonine phosphatase regulator activity,Function,1,1,30,2545,0.011787819253438112,30,0.04534900712789621
F5,RNA_pos,GO:0045670,regulation of osteoclast differentiation,Process,1,1,30,2545,0.011787819253438112,30,0.04534900712789621
F5,RNA_pos,GO:0070985,transcription factor TFIIK complex,Component,1,1,30,2545,0.011787819253438112,30,0.04534900712789621
F5,RNA_pos,GO:0008353,RNA polymerase II CTD heptapeptide repeat kinase activity,Function,1,1,30,2545,0.011787819253438112,30,0.04534900712789621
F5,RNA_pos,GO:0033316,meiotic spindle assembly checkpoint signaling,Process,1,1,30,2545,0.011787819253438112,30,0.04534900712789621
F5,RNA_pos,GO:0006473,protein acetylation,Process,1,1,30,2545,0.011787819253438112,30,0.04534900712789621
F5,RNA_pos,GO:0007031,peroxisome organization,Process,1,1,30,2545,0.011787819253438112,30,0.04534900712789621
F5,RNA_pos,GO:0016558,protein import into peroxisome matrix,Process,1,1,30,2545,0.011787819253438112,30,0.04534900712789621
F5,RNA_pos,GO:0045779,negative regulation of bone resorption,Process,1,1,30,2545,0.011787819253438112,30,0.04534900712789621
F5,RNA_pos,GO:0009968,negative regulation of signal transduction,Process,1,1,30,2545,0.011787819253438112,30,0.04534900712789621
F5,RNA_pos,GO:0071008,U2-type post-mRNA release spliceosomal complex,Component,1,1,30,2545,0.011787819253438112,30,0.04534900712789621
F5,RNA_pos,GO:0001174,transcriptional start site selection at RNA polymerase II promoter,Process,1,1,30,2545,0.011787819253438112,30,0.04534900712789621
F5,RNA_pos,GO:1990114,RNA polymerase II core complex assembly,Process,1,1,30,2545,0.011787819253438112,30,0.04534900712789621
F5,RNA_pos,GO:0000979,RNA polymerase II core promoter sequence-specific DNA binding,Function,1,1,30,2545,0.011787819253438112,30,0.04534900712789621
F5,RNA_pos,GO:0097550,transcription preinitiation complex,Component,1,1,30,2545,0.011787819253438112,30,0.04534900712789621
F5,RNA_pos,GO:0016407,acetyltransferase activity,Function,1,1,30,2545,0.011787819253438112,30,0.04534900712789621
F5,RNA_pos,GO:0034227,tRNA thio-modification,Process,1,1,30,2545,0.011787819253438112,30,0.04534900712789621
F5,RNA_pos,GO:0070652,HAUS complex,Component,1,1,30,2545,0.011787819253438112,30,0.04534900712789621
F5,RNA_pos,GO:0015910,long-chain fatty acid import into peroxisome,Process,1,1,30,2545,0.011787819253438112,30,0.04534900712789621
F5,RNA_pos,GO:0042760,very long-chain fatty acid catabolic process,Process,1,1,30,2545,0.011787819253438112,30,0.04534900712789621
F2,RNA_pos,GO:0030731,guanidinoacetate N-methyltransferase activity,Function,1,1,30,2545,0.011787819253438112,30,0.04534900712789621
F7,RNA_pos,GO:0034063,stress granule assembly,Process,1,1,30,2545,0.011787819253438112,30,0.04534900712789621
F7,RNA_pos,GO:0072344,rescue of stalled cytosolic ribosome,Process,1,1,30,2545,0.011787819253438112,30,0.04534900712789621
F7,RNA_pos,GO:0047617,fatty acyl-CoA hydrolase activity,Function,1,1,30,2545,0.011787819253438112,30,0.04534900712789621
F1,RNA_neg,GO:0016594,glycine binding,Function,1,1,30,2545,0.011787819253438112,30,0.04534900712789621
F1,RNA_neg,GO:0017046,peptide hormone binding,Function,1,1,30,2545,0.011787819253438112,30,0.04534900712789621
F1,RNA_neg,GO:0008528,G protein-coupled peptide receptor activity,Function,1,1,30,2545,0.011787819253438112,30,0.04534900712789621
F7,RNA_pos,GO:0002934,desmosome organization,Process,1,1,30,2545,0.011787819253438112,30,0.04534900712789621
F7,RNA_pos,GO:0038166,angiotensin-activated signaling pathway,Process,1,1,30,2545,0.011787819253438112,30,0.04534900712789621
F7,RNA_pos,GO:0031956,medium-chain fatty acid-CoA ligase activity,Function,1,1,30,2545,0.011787819253438112,30,0.04534900712789621
F7,RNA_pos,GO:0006046,N-acetylglucosamine catabolic process,Process,1,1,30,2545,0.011787819253438112,30,0.04534900712789621
F7,RNA_pos,GO:0004342,glucosamine-6-phosphate deaminase activity,Function,1,1,30,2545,0.011787819253438112,30,0.04534900712789621
F7,RNA_pos,GO:0019262,N-acetylneuraminate catabolic process,Process,1,1,30,2545,0.011787819253438112,30,0.04534900712789621
F7,RNA_pos,GO:0006043,D-glucosamine catabolic process,Process,1,1,30,2545,0.011787819253438112,30,0.04534900712789621
F7,RNA_pos,GO:0016363,nuclear matrix,Component,1,1,30,2545,0.011787819253438112,30,0.04534900712789621
F4,METH_neg,GO:0061136,regulation of proteasomal protein catabolic process,Process,1,1,30,2545,0.011787819253438112,30,0.04534900712789621
F4,METH_neg,GO:0000082,G1/S transition of mitotic cell cycle,Process,1,1,30,2545,0.011787819253438112,30,0.04534900712789621
F4,METH_neg,GO:0008592,regulation of Toll signaling pathway,Process,1,1,30,2545,0.011787819253438112,30,0.04534900712789621
F4,METH_neg,GO:0030667,secretory granule membrane,Component,1,1,30,2545,0.011787819253438112,30,0.04534900712789621
F4,METH_neg,GO:0000813,ESCRT I complex,Component,1,1,30,2545,0.011787819253438112,30,0.04534900712789621
F4,METH_neg,GO:0043162,ubiquitin-dependent protein catabolic process via the multivesicular body sorting pathway,Process,1,1,30,2545,0.011787819253438112,30,0.04534900712789621
F4,METH_neg,GO:0016447,somatic recombination of immunoglobulin gene segments,Process,1,1,30,2545,0.011787819253438112,30,0.04534900712789621
F4,METH_neg,GO:0030896,checkpoint clamp complex,Component,1,1,30,2545,0.011787819253438112,30,0.04534900712789621
F4,METH_neg,GO:0030837,negative regulation of actin filament polymerization,Process,1,1,30,2545,0.011787819253438112,30,0.04534900712789621
F5,RNA_pos,GO:0031674,I band,Component,1,1,30,2545,0.011787819253438112,30,0.04534900712789621
F4,METH_pos,GO:0006168,adenine salvage,Process,1,1,30,2545,0.011787819253438112,30,0.04534900712789621
F4,METH_pos,GO:0002055,adenine binding,Function,1,1,30,2545,0.011787819253438112,30,0.04534900712789621
F4,METH_pos,GO:0019290,siderophore biosynthetic process,Process,1,1,30,2545,0.011787819253438112,30,0.04534900712789621
F4,METH_pos,GO:0045947,negative regulation of translational initiation,Process,1,1,30,2545,0.011787819253438112,30,0.04534900712789621
F4,METH_pos,GO:1900026,positive regulation of substrate adhesion-dependent cell spreading,Process,1,1,30,2545,0.011787819253438112,30,0.04534900712789621
F4,METH_pos,GO:2001046,positive regulation of integrin-mediated signaling pathway,Process,1,1,30,2545,0.011787819253438112,30,0.04534900712789621
F2,RNA_neg,GO:0001968,fibronectin binding,Function,1,1,30,2545,0.011787819253438112,30,0.04534900712789621
F2,RNA_neg,GO:0019960,C-X3-C chemokine binding,Function,1,1,30,2545,0.011787819253438112,30,0.04534900712789621
F2,RNA_neg,GO:0098639,collagen binding involved in cell-matrix adhesion,Function,1,1,30,2545,0.011787819253438112,30,0.04534900712789621
F4,METH_neg,GO:0031016,pancreas development,Process,1,1,30,2545,0.011787819253438112,30,0.04534900712789621
F4,METH_neg,GO:0030073,insulin secretion,Process,1,1,30,2545,0.011787819253438112,30,0.04534900712789621
F4,METH_neg,GO:0001889,liver development,Process,1,1,30,2545,0.011787819253438112,30,0.04534900712789621
F4,METH_pos,GO:0070326,very-low-density lipoprotein particle receptor binding,Function,1,1,30,2545,0.011787819253438112,30,0.04534900712789621
F4,METH_pos,GO:0098869,cellular oxidant detoxification,Process,1,1,30,2545,0.011787819253438112,30,0.04534900712789621
F4,METH_pos,GO:0003858,3-hydroxybutyrate dehydrogenase activity,Function,1,1,30,2545,0.011787819253438112,30,0.04534900712789621
F4,METH_pos,GO:0061589,calcium activated phosphatidylserine scrambling,Process,1,1,30,2545,0.011787819253438112,30,0.04534900712789621
F4,METH_pos,GO:0061590,calcium activated phosphatidylcholine scrambling,Process,1,1,30,2545,0.011787819253438112,30,0.04534900712789621
F4,METH_pos,GO:0016868,intramolecular phosphotransferase activity,Function,1,1,30,2545,0.011787819253438112,30,0.04534900712789621
F4,METH_pos,GO:0004363,glutathione synthase activity,Function,1,1,30,2545,0.011787819253438112,30,0.04534900712789621
F4,METH_pos,GO:0043295,glutathione binding,Function,1,1,30,2545,0.011787819253438112,30,0.04534900712789621
F4,METH_pos,GO:0070652,HAUS complex,Component,1,1,30,2545,0.011787819253438112,30,0.04534900712789621
F2,RNA_neg,GO:0033540,fatty acid beta-oxidation using acyl-CoA oxidase,Process,1,1,30,2545,0.011787819253438112,30,0.04534900712789621
F2,RNA_neg,GO:0000038,very long-chain fatty acid metabolic process,Process,1,1,30,2545,0.011787819253438112,30,0.04534900712789621
F2,RNA_neg,GO:0005504,fatty acid binding,Function,1,1,30,2545,0.011787819253438112,30,0.04534900712789621
F4,METH_pos,GO:0031509,subtelomeric heterochromatin formation,Process,1,1,30,2545,0.011787819253438112,30,0.04534900712789621
F4,METH_pos,GO:0044209,AMP salvage,Process,1,1,30,2545,0.011787819253438112,30,0.04534900712789621
F4,METH_pos,GO:0003999,adenine phosphoribosyltransferase activity,Function,1,1,30,2545,0.011787819253438112,30,0.04534900712789621
F4,METH_pos,GO:0006414,translational elongation,Process,1,1,30,2545,0.011787819253438112,30,0.04534900712789621
F4,METH_pos,GO:0051920,peroxiredoxin activity,Function,1,1,30,2545,0.011787819253438112,30,0.04534900712789621
F4,METH_pos,GO:0035473,lipase binding,Function,1,1,30,2545,0.011787819253438112,30,0.04534900712789621
F2,RNA_neg,GO:0018812,3-hydroxyacyl-CoA dehydratase activity,Function,1,1,30,2545,0.011787819253438112,30,0.04534900712789621
F2,RNA_neg,GO:0030497,fatty acid elongation,Process,1,1,30,2545,0.011787819253438112,30,0.04534900712789621
F2,RNA_neg,GO:0042761,very long-chain fatty acid biosynthetic process,Process,1,1,30,2545,0.011787819253438112,30,0.04534900712789621
F2,RNA_neg,GO:0030148,sphingolipid biosynthetic process,Process,1,1,30,2545,0.011787819253438112,30,0.04534900712789621
F2,RNA_neg,GO:0004596,protein-N-terminal amino-acid acetyltransferase activity,Function,1,1,30,2545,0.011787819253438112,30,0.04534900712789621
F2,RNA_neg,GO:0036502,Derlin-1-VIMP complex,Component,1,1,30,2545,0.011787819253438112,30,0.04534900712789621
F4,METH_pos,GO:0010916,negative regulation of very-low-density lipoprotein particle clearance,Process,1,1,30,2545,0.011787819253438112,30,0.04534900712789621
F4,METH_pos,GO:0048237,rough endoplasmic reticulum lumen,Component,1,1,30,2545,0.011787819253438112,30,0.04534900712789621
F4,METH_pos,GO:0048019,receptor antagonist activity,Function,1,1,30,2545,0.011787819253438112,30,0.04534900712789621
F4,METH_pos,GO:0002091,negative regulation of receptor internalization,Process,1,1,30,2545,0.011787819253438112,30,0.04534900712789621
F4,RNA_neg,GO:0008569,minus-end-directed microtubule motor activity,Function,1,1,30,2545,0.011787819253438112,30,0.04534900712789621
F4,RNA_neg,GO:0004149,dihydrolipoyllysine-residue succinyltransferase activity,Function,1,1,30,2545,0.011787819253438112,30,0.04534900712789621
F4,RNA_neg,GO:0015203,polyamine transmembrane transporter activity,Function,1,1,30,2545,0.011787819253438112,30,0.04534900712789621
F4,RNA_neg,GO:0000725,recombinational repair,Process,1,1,30,2545,0.011787819253438112,30,0.04534900712789621
F4,RNA_neg,GO:0071479,cellular response to ionizing radiation,Process,1,1,30,2545,0.011787819253438112,30,0.04534900712789621
F4,RNA_neg,GO:0032389,MutLalpha complex,Component,1,1,30,2545,0.011787819253438112,30,0.04534900712789621
F4,RNA_neg,GO:0009611,response to wounding,Process,1,1,30,2545,0.011787819253438112,30,0.04534900712789621
F4,RNA_neg,GO:0034464,BBSome,Component,1,1,30,2545,0.011787819253438112,30,0.04534900712789621
F4,RNA_neg,GO:0019104,DNA N-glycosylase activity,Function,1,1,30,2545,0.011787819253438112,30,0.04534900712789621
F4,RNA_neg,GO:0060633,negative regulation of transcription initiation by RNA polymerase II,Process,1,1,30,2545,0.011787819253438112,30,0.04534900712789621
F4,RNA_neg,GO:0015662,P-type ion transporter activity,Function,1,1,30,2545,0.011787819253438112,30,0.04534900712789621
F4,RNA_neg,GO:1902047,polyamine transmembrane transport,Process,1,1,30,2545,0.011787819253438112,30,0.04534900712789621
F2,RNA_neg,GO:0016435,rRNA (guanine) methyltransferase activity,Function,1,1,30,2545,0.011787819253438112,30,0.04534900712789621
F4,METH_pos,GO:0008009,chemokine activity,Function,1,1,30,2545,0.011787819253438112,30,0.04534900712789621
F7,RNA_pos,GO:0060400,negative regulation of growth hormone receptor signaling pathway,Process,1,1,30,2545,0.011787819253438112,30,0.04534900712789621
F7,RNA_pos,GO:1990112,RQC complex,Component,1,1,30,2545,0.011787819253438112,30,0.04534900712789621
F7,RNA_pos,GO:1990116,ribosome-associated ubiquitin-dependent protein catabolic process,Process,1,1,30,2545,0.011787819253438112,30,0.04534900712789621
F7,RNA_neg,GO:0022409,positive regulation of cell-cell adhesion,Process,1,1,30,2545,0.011787819253438112,30,0.04534900712789621
F7,RNA_neg,GO:0004368,glycerol-3-phosphate dehydrogenase (quinone) activity,Function,1,1,30,2545,0.011787819253438112,30,0.04534900712789621
F7,RNA_neg,GO:0050766,positive regulation of phagocytosis,Process,1,1,30,2545,0.011787819253438112,30,0.04534900712789621
F7,RNA_neg,GO:0050729,positive regulation of inflammatory response,Process,1,1,30,2545,0.011787819253438112,30,0.04534900712789621
F7,RNA_neg,GO:0070053,thrombospondin receptor activity,Function,1,1,30,2545,0.011787819253438112,30,0.04534900712789621
F7,RNA_neg,GO:0036502,Derlin-1-VIMP complex,Component,1,1,30,2545,0.011787819253438112,30,0.04534900712789621
F1,RNA_neg,GO:0030594,neurotransmitter receptor activity,Function,1,1,30,2545,0.011787819253438112,30,0.04534900712789621
F1,RNA_neg,GO:0005960,glycine cleavage complex,Component,1,1,30,2545,0.011787819253438112,30,0.04534900712789621
F7,RNA_neg,GO:0030097,hemopoiesis,Process,1,1,30,2545,0.011787819253438112,30,0.04534900712789621
F7,RNA_neg,GO:0004610,phosphoacetylglucosamine mutase activity,Function,1,1,30,2545,0.011787819253438112,30,0.04534900712789621
F7,RNA_neg,GO:0070935,3'-UTR-mediated mRNA stabilization,Process,1,1,30,2545,0.011787819253438112,30,0.04534900712789621
F4,RNA_pos,GO:0048489,synaptic vesicle transport,Process,1,1,30,2545,0.011787819253438112,30,0.04534900712789621
F4,RNA_pos,GO:0098837,postsynaptic recycling endosome,Component,1,1,30,2545,0.011787819253438112,30,0.04534900712789621
F4,RNA_pos,GO:0031106,septin ring organization,Process,1,1,30,2545,0.011787819253438112,30,0.04534900712789621
F4,RNA_pos,GO:0005826,actomyosin contractile ring,Component,1,1,30,2545,0.011787819253438112,30,0.04534900712789621
F4,RNA_pos,GO:0000915,actomyosin contractile ring assembly,Process,1,1,30,2545,0.011787819253438112,30,0.04534900712789621
F4,RNA_pos,GO:0017040,N-acylsphingosine amidohydrolase activity,Function,1,1,30,2545,0.011787819253438112,30,0.04534900712789621
F4,RNA_pos,GO:0045835,negative regulation of meiotic nuclear division,Process,1,1,30,2545,0.011787819253438112,30,0.04534900712789621
F4,RNA_pos,GO:0036089,cleavage furrow formation,Process,1,1,30,2545,0.011787819253438112,30,0.04534900712789621
F4,RNA_neg,GO:0006874,intracellular calcium ion homeostasis,Process,1,1,30,2545,0.011787819253438112,30,0.04534900712789621
F4,RNA_neg,GO:0019829,ATPase-coupled monoatomic cation transmembrane transporter activity,Function,1,1,30,2545,0.011787819253438112,30,0.04534900712789621
F4,RNA_neg,GO:0042277,peptide binding,Function,1,1,30,2545,0.011787819253438112,30,0.04534900712789621
F4,RNA_pos,GO:2000344,positive regulation of acrosome reaction,Process,1,1,30,2545,0.011787819253438112,30,0.04534900712789621
F4,RNA_pos,GO:0016740,transferase activity,Function,1,1,30,2545,0.011787819253438112,30,0.04534900712789621
F4,RNA_pos,GO:0004181,metallocarboxypeptidase activity,Function,1,1,30,2545,0.011787819253438112,30,0.04534900712789621
F4,RNA_pos,GO:0030511,positive regulation of transforming growth factor beta receptor signaling pathway,Process,1,1,30,2545,0.011787819253438112,30,0.04534900712789621
F4,RNA_pos,GO:0045545,syndecan binding,Function,1,1,30,2545,0.011787819253438112,30,0.04534900712789621
F4,RNA_pos,GO:0030672,synaptic vesicle membrane,Component,1,1,30,2545,0.011787819253438112,30,0.04534900712789621
F7,RNA_neg,GO:0031210,phosphatidylcholine binding,Function,1,1,30,2545,0.011787819253438112,30,0.04534900712789621
F7,RNA_neg,GO:0008429,phosphatidylethanolamine binding,Function,1,1,30,2545,0.011787819253438112,30,0.04534900712789621
F7,RNA_neg,GO:0033316,meiotic spindle assembly checkpoint signaling,Process,1,1,30,2545,0.011787819253438112,30,0.04534900712789621
F7,METH_pos,GO:0002224,toll-like receptor signaling pathway,Process,1,1,30,2545,0.011787819253438112,30,0.04534900712789621
F1,RNA_pos,GO:0007158,neuron cell-cell adhesion,Process,1,1,30,2545,0.011787819253438112,30,0.04534900712789621
F1,RNA_pos,GO:0044753,amphisome,Component,1,1,30,2545,0.011787819253438112,30,0.04534900712789621
F1,RNA_pos,GO:0009235,cobalamin metabolic process,Process,1,1,30,2545,0.011787819253438112,30,0.04534900712789621
F1,RNA_pos,GO:1904812,rRNA acetylation involved in maturation of SSU-rRNA,Process,1,1,30,2545,0.011787819253438112,30,0.04534900712789621
F1,RNA_pos,GO:1990883,18S rRNA cytidine N-acetyltransferase activity,Function,1,1,30,2545,0.011787819253438112,30,0.04534900712789621
F7,METH_pos,GO:0035803,egg coat formation,Process,1,1,30,2545,0.011787819253438112,30,0.04534900712789621
F7,METH_pos,GO:2000344,positive regulation of acrosome reaction,Process,1,1,30,2545,0.011787819253438112,30,0.04534900712789621
F3,METH_neg,GO:1990116,ribosome-associated ubiquitin-dependent protein catabolic process,Process,1,1,30,2545,0.011787819253438112,30,0.04534900712789621
F4,RNA_pos,GO:0031016,pancreas development,Process,1,1,30,2545,0.011787819253438112,30,0.04534900712789621
F4,RNA_pos,GO:0030073,insulin secretion,Process,1,1,30,2545,0.011787819253438112,30,0.04534900712789621
F4,RNA_pos,GO:0001889,liver development,Process,1,1,30,2545,0.011787819253438112,30,0.04534900712789621
F4,RNA_pos,GO:0035803,egg coat formation,Process,1,1,30,2545,0.011787819253438112,30,0.04534900712789621
F3,METH_neg,GO:0006685,sphingomyelin catabolic process,Process,1,1,30,2545,0.011787819253438112,30,0.04534900712789621
F3,METH_neg,GO:0030719,P granule organization,Process,1,1,30,2545,0.011787819253438112,30,0.04534900712789621
F3,METH_neg,GO:0042602,riboflavin reductase (NADPH) activity,Function,1,1,30,2545,0.011787819253438112,30,0.04534900712789621
F3,METH_neg,GO:0050773,regulation of dendrite development,Process,1,1,30,2545,0.011787819253438112,30,0.04534900712789621
F3,METH_neg,GO:0032839,dendrite cytoplasm,Component,1,1,30,2545,0.011787819253438112,30,0.04534900712789621
F3,METH_neg,GO:0004487,methylenetetrahydrofolate dehydrogenase (NAD+) activity,Function,1,1,30,2545,0.011787819253438112,30,0.04534900712789621
F3,METH_neg,GO:0004074,biliverdin reductase [NAD(P)H] activity,Function,1,1,30,2545,0.011787819253438112,30,0.04534900712789621
F3,METH_neg,GO:1990112,RQC complex,Component,1,1,30,2545,0.011787819253438112,30,0.04534900712789621
F3,METH_neg,GO:0000400,four-way junction DNA binding,Function,1,1,30,2545,0.011787819253438112,30,0.04534900712789621
F3,METH_neg,GO:0004518,nuclease activity,Function,1,1,30,2545,0.011787819253438112,30,0.04534900712789621
F3,METH_neg,GO:0042327,positive regulation of phosphorylation,Process,1,1,30,2545,0.011787819253438112,30,0.04534900712789621
F3,METH_neg,GO:0045504,dynein heavy chain binding,Function,1,1,30,2545,0.011787819253438112,30,0.04534900712789621
F3,METH_neg,GO:0003963,RNA-3'-phosphate cyclase activity,Function,1,1,30,2545,0.011787819253438112,30,0.04534900712789621
F3,METH_neg,GO:0072344,rescue of stalled cytosolic ribosome,Process,1,1,30,2545,0.011787819253438112,30,0.04534900712789621
F1,RNA_pos,GO:0034063,stress granule assembly,Process,1,1,30,2545,0.011787819253438112,30,0.04534900712789621
F1,RNA_pos,GO:0004751,ribose-5-phosphate isomerase activity,Function,1,1,30,2545,0.011787819253438112,30,0.04534900712789621
F1,RNA_pos,GO:0006014,D-ribose metabolic process,Process,1,1,30,2545,0.011787819253438112,30,0.04534900712789621
F1,RNA_pos,GO:0050819,negative regulation of coagulation,Process,1,1,30,2545,0.011787819253438112,30,0.04534900712789621
F7,METH_pos,GO:0033906,hyaluronoglucuronidase activity,Function,1,1,30,2545,0.011787819253438112,30,0.04534900712789621
F7,METH_pos,GO:0004000,adenosine deaminase activity,Function,1,1,30,2545,0.011787819253438112,30,0.04534900712789621
F7,METH_pos,GO:0030214,hyaluronan catabolic process,Process,1,1,30,2545,0.011787819253438112,30,0.04534900712789621
F7,METH_pos,GO:0004415,hyalurononglucosaminidase activity,Function,1,1,30,2545,0.011787819253438112,30,0.04534900712789621
F7,METH_pos,GO:0032755,positive regulation of interleukin-6 production,Process,1,1,30,2545,0.011787819253438112,30,0.04534900712789621
F7,METH_pos,GO:0007249,canonical NF-kappaB signal transduction,Process,1,1,30,2545,0.011787819253438112,30,0.04534900712789621
F7,METH_pos,GO:0038187,pattern recognition receptor activity,Function,1,1,30,2545,0.011787819253438112,30,0.04534900712789621
F7,METH_pos,GO:0003726,double-stranded RNA adenosine deaminase activity,Function,1,1,30,2545,0.011787819253438112,30,0.04534900712789621
F7,METH_pos,GO:0016139,glycoside catabolic process,Process,1,1,30,2545,0.011787819253438112,30,0.04534900712789621
F7,METH_pos,GO:0034154,toll-like receptor 7 signaling pathway,Process,1,1,30,2545,0.011787819253438112,30,0.04534900712789621
F1,RNA_pos,GO:0045089,positive regulation of innate immune response,Process,1,1,30,2545,0.011787819253438112,30,0.04534900712789621
F1,RNA_pos,GO:0019855,calcium channel inhibitor activity,Function,1,1,30,2545,0.011787819253438112,30,0.04534900712789621
F1,RNA_pos,GO:1905602,positive regulation of receptor-mediated endocytosis involved in cholesterol transport,Process,1,1,30,2545,0.011787819253438112,30,0.04534900712789621
F7,METH_pos,GO:0098553,lumenal side of endoplasmic reticulum membrane,Component,1,1,30,2545,0.011787819253438112,30,0.04534900712789621
F7,METH_pos,GO:0004560,alpha-L-fucosidase activity,Function,1,1,30,2545,0.011787819253438112,30,0.04534900712789621
F7,METH_pos,GO:0006382,adenosine to inosine editing,Process,1,1,30,2545,0.011787819253438112,30,0.04534900712789621
F7,METH_pos,GO:0008251,tRNA-specific adenosine deaminase activity,Function,1,1,30,2545,0.011787819253438112,30,0.04534900712789621
F7,METH_pos,GO:1990837,sequence-specific double-stranded DNA binding,Function,1,1,30,2545,0.011787819253438112,30,0.04534900712789621
F7,METH_pos,GO:0071513,phosphopantothenoylcysteine decarboxylase complex,Component,1,1,30,2545,0.011787819253438112,30,0.04534900712789621
F7,METH_pos,GO:0004633,phosphopantothenoylcysteine decarboxylase activity,Function,1,1,30,2545,0.011787819253438112,30,0.04534900712789621
F7,METH_pos,GO:0070652,HAUS complex,Component,1,1,30,2545,0.011787819253438112,30,0.04534900712789621
F7,METH_pos,GO:0030314,junctional membrane complex,Component,1,1,30,2545,0.011787819253438112,30,0.04534900712789621
F3,METH_pos,GO:0070492,oligosaccharide binding,Function,1,1,30,2545,0.011787819253438112,30,0.04534900712789621
F3,METH_pos,GO:0071008,U2-type post-mRNA release spliceosomal complex,Component,1,1,30,2545,0.011787819253438112,30,0.04534900712789621
F3,METH_pos,GO:0004408,holocytochrome-c synthase activity,Function,1,1,30,2545,0.011787819253438112,30,0.04534900712789621
F3,METH_pos,GO:0018063,cytochrome c-heme linkage,Process,1,1,30,2545,0.011787819253438112,30,0.04534900712789621
F3,METH_pos,GO:0004567,beta-mannosidase activity,Function,1,1,30,2545,0.011787819253438112,30,0.04534900712789621
F3,METH_pos,GO:0051903,S-(hydroxymethyl)glutathione dehydrogenase [NAD(P)+] activity,Function,1,1,30,2545,0.011787819253438112,30,0.04534900712789621
F3,METH_pos,GO:0004022,alcohol dehydrogenase (NAD+) activity,Function,1,1,30,2545,0.011787819253438112,30,0.04534900712789621
F3,METH_pos,GO:0004731,purine-nucleoside phosphorylase activity,Function,1,1,30,2545,0.011787819253438112,30,0.04534900712789621
F3,METH_pos,GO:0009116,nucleoside metabolic process,Process,1,1,30,2545,0.011787819253438112,30,0.04534900712789621
F3,METH_neg,GO:0046034,ATP metabolic process,Process,1,1,30,2545,0.011787819253438112,30,0.04534900712789621
F3,METH_neg,GO:0033180,"proton-transporting V-type ATPase, V1 domain",Component,1,1,30,2545,0.011787819253438112,30,0.04534900712789621
F3,METH_neg,GO:0004767,sphingomyelin phosphodiesterase activity,Function,1,1,30,2545,0.011787819253438112,30,0.04534900712789621
F3,METH_pos,GO:0017177,glucosidase II complex,Component,1,1,30,2545,0.011787819253438112,30,0.04534900712789621
F3,METH_pos,GO:0090374,oligopeptide export from mitochondrion,Process,1,1,30,2545,0.011787819253438112,30,0.04534900712789621
F3,METH_pos,GO:0015421,ABC-type oligopeptide transporter activity,Function,1,1,30,2545,0.011787819253438112,30,0.04534900712789621
F3,METH_pos,GO:0097060,synaptic membrane,Component,1,1,30,2545,0.011787819253438112,30,0.04534900712789621
F3,METH_pos,GO:1902945,metalloendopeptidase activity involved in amyloid precursor protein catabolic process,Function,1,1,30,2545,0.011787819253438112,30,0.04534900712789621
F3,METH_pos,GO:0004181,metallocarboxypeptidase activity,Function,1,1,30,2545,0.011787819253438112,30,0.04534900712789621
F3,METH_pos,GO:0046294,formaldehyde catabolic process,Process,1,1,30,2545,0.011787819253438112,30,0.04534900712789621
F3,METH_pos,GO:0001968,fibronectin binding,Function,1,1,30,2545,0.011787819253438112,30,0.04534900712789621
F3,METH_pos,GO:0019960,C-X3-C chemokine binding,Function,1,1,30,2545,0.011787819253438112,30,0.04534900712789621
F3,METH_pos,GO:0098639,collagen binding involved in cell-matrix adhesion,Function,1,1,30,2545,0.011787819253438112,30,0.04534900712789621
F2,METH_neg,GO:0006826,iron ion transport,Process,1,1,30,2545,0.011787819253438112,30,0.04534900712789621
F3,METH_pos,GO:0001845,phagolysosome assembly,Process,1,1,30,2545,0.011787819253438112,30,0.04534900712789621
F3,METH_pos,GO:0015074,DNA integration,Process,1,1,30,2545,0.011787819253438112,30,0.04534900712789621
F3,METH_pos,GO:0061462,protein localization to lysosome,Process,1,1,30,2545,0.011787819253438112,30,0.04534900712789621
F3,METH_pos,GO:0046464,acylglycerol catabolic process,Process,1,1,30,2545,0.011787819253438112,30,0.04534900712789621
F3,METH_pos,GO:0047372,monoacylglycerol lipase activity,Function,1,1,30,2545,0.011787819253438112,30,0.04534900712789621
F3,RNA_neg,GO:0010644,cell communication by electrical coupling,Process,1,1,30,2545,0.011787819253438112,30,0.04534900712789621
F3,RNA_neg,GO:0099634,postsynaptic specialization membrane,Component,1,1,30,2545,0.011787819253438112,30,0.04534900712789621
F3,RNA_neg,GO:0003955,NAD(P)H dehydrogenase (quinone) activity,Function,1,1,30,2545,0.011787819253438112,30,0.04534900712789621
F3,RNA_neg,GO:0045820,negative regulation of glycolytic process,Process,1,1,30,2545,0.011787819253438112,30,0.04534900712789621
F3,RNA_neg,GO:0043456,regulation of pentose-phosphate shunt,Process,1,1,30,2545,0.011787819253438112,30,0.04534900712789621
F3,RNA_neg,GO:0004331,"fructose-2,6-bisphosphate 2-phosphatase activity",Function,1,1,30,2545,0.011787819253438112,30,0.04534900712789621
F3,RNA_neg,GO:0006580,ethanolamine metabolic process,Process,1,1,30,2545,0.011787819253438112,30,0.04534900712789621
F2,METH_neg,GO:0050790,regulation of catalytic activity,Process,1,1,30,2545,0.011787819253438112,30,0.04534900712789621
F2,METH_neg,GO:0004000,adenosine deaminase activity,Function,1,1,30,2545,0.011787819253438112,30,0.04534900712789621
F2,METH_neg,GO:0006414,translational elongation,Process,1,1,30,2545,0.011787819253438112,30,0.04534900712789621
F2,METH_neg,GO:0008199,ferric iron binding,Function,1,1,30,2545,0.011787819253438112,30,0.04534900712789621
F2,METH_neg,GO:0010757,negative regulation of plasminogen activation,Process,1,1,30,2545,0.011787819253438112,30,0.04534900712789621
F3,METH_pos,GO:0033919,"glucan 1,3-alpha-glucosidase activity",Function,1,1,30,2545,0.011787819253438112,30,0.04534900712789621
F3,RNA_neg,GO:0031253,cell projection membrane,Component,1,1,30,2545,0.011787819253438112,30,0.04534900712789621
F3,RNA_neg,GO:0071577,zinc ion transmembrane transport,Process,1,1,30,2545,0.011787819253438112,30,0.04534900712789621
F3,RNA_neg,GO:0007043,cell-cell junction assembly,Process,1,1,30,2545,0.011787819253438112,30,0.04534900712789621
F3,RNA_neg,GO:0005587,collagen type IV trimer,Component,1,1,30,2545,0.011787819253438112,30,0.04534900712789621
F3,RNA_neg,GO:0048787,presynaptic active zone membrane,Component,1,1,30,2545,0.011787819253438112,30,0.04534900712789621
F3,RNA_neg,GO:0030864,cortical actin cytoskeleton,Component,1,1,30,2545,0.011787819253438112,30,0.04534900712789621
F3,RNA_neg,GO:0007416,synapse assembly,Process,1,1,30,2545,0.011787819253438112,30,0.04534900712789621
F3,RNA_neg,GO:0002860,positive regulation of natural killer cell mediated cytotoxicity directed against tumor cell target,Process,1,1,30,2545,0.011787819253438112,30,0.04534900712789621
F3,RNA_neg,GO:0002891,positive regulation of immunoglobulin mediated immune response,Process,1,1,30,2545,0.011787819253438112,30,0.04534900712789621
F3,RNA_neg,GO:0046814,coreceptor-mediated virion attachment to host cell,Process,1,1,30,2545,0.011787819253438112,30,0.04534900712789621
F3,RNA_neg,GO:0050862,positive regulation of T cell receptor signaling pathway,Process,1,1,30,2545,0.011787819253438112,30,0.04534900712789621
F3,RNA_neg,GO:0033005,positive regulation of mast cell activation,Process,1,1,30,2545,0.011787819253438112,30,0.04534900712789621
F2,METH_neg,GO:0031683,G-protein beta/gamma-subunit complex binding,Function,1,1,30,2545,0.011787819253438112,30,0.04534900712789621
F3,RNA_neg,GO:0070291,N-acylethanolamine metabolic process,Process,1,1,30,2545,0.011787819253438112,30,0.04534900712789621
F3,RNA_neg,GO:0098974,postsynaptic actin cytoskeleton organization,Process,1,1,30,2545,0.011787819253438112,30,0.04534900712789621
F3,RNA_neg,GO:0061003,positive regulation of dendritic spine morphogenesis,Process,1,1,30,2545,0.011787819253438112,30,0.04534900712789621
F3,RNA_neg,GO:0046914,transition metal ion binding,Function,1,1,30,2545,0.011787819253438112,30,0.04534900712789621
F3,RNA_neg,GO:0001675,acrosome assembly,Process,1,1,30,2545,0.011787819253438112,30,0.04534900712789621
F3,RNA_neg,GO:0050840,extracellular matrix binding,Function,1,1,30,2545,0.011787819253438112,30,0.04534900712789621
F3,RNA_neg,GO:0004601,peroxidase activity,Function,1,1,30,2545,0.011787819253438112,30,0.04534900712789621
F2,METH_neg,GO:0004303,estradiol 17-beta-dehydrogenase [NAD(P)+] activity,Function,1,1,30,2545,0.011787819253438112,30,0.04534900712789621
F2,METH_neg,GO:0003726,double-stranded RNA adenosine deaminase activity,Function,1,1,30,2545,0.011787819253438112,30,0.04534900712789621
F2,METH_neg,GO:0031821,G protein-coupled serotonin receptor binding,Function,1,1,30,2545,0.011787819253438112,30,0.04534900712789621
F2,METH_neg,GO:0006605,protein targeting,Process,1,1,30,2545,0.011787819253438112,30,0.04534900712789621
F3,RNA_neg,GO:0016339,calcium-dependent cell-cell adhesion,Process,1,1,30,2545,0.011787819253438112,30,0.04534900712789621
F3,RNA_neg,GO:0034332,adherens junction organization,Process,1,1,30,2545,0.011787819253438112,30,0.04534900712789621
F3,RNA_neg,GO:0044331,cell-cell adhesion mediated by cadherin,Process,1,1,30,2545,0.011787819253438112,30,0.04534900712789621
F3,RNA_neg,GO:0030546,signaling receptor activator activity,Function,1,1,30,2545,0.011787819253438112,30,0.04534900712789621
F3,RNA_neg,GO:0030881,beta-2-microglobulin binding,Function,1,1,30,2545,0.011787819253438112,30,0.04534900712789621
F2,METH_neg,GO:0006382,adenosine to inosine editing,Process,1,1,30,2545,0.011787819253438112,30,0.04534900712789621
F2,METH_neg,GO:0008251,tRNA-specific adenosine deaminase activity,Function,1,1,30,2545,0.011787819253438112,30,0.04534900712789621
F2,METH_neg,GO:0050811,GABA receptor binding,Function,1,1,30,2545,0.011787819253438112,30,0.04534900712789621
F2,METH_neg,GO:0050772,positive regulation of axonogenesis,Process,1,1,30,2545,0.011787819253438112,30,0.04534900712789621
F3,RNA_pos,GO:0010996,response to auditory stimulus,Process,1,1,30,2545,0.011787819253438112,30,0.04534900712789621
F3,RNA_pos,GO:0004567,beta-mannosidase activity,Function,1,1,30,2545,0.011787819253438112,30,0.04534900712789621
F3,RNA_pos,GO:0051279,regulation of release of sequestered calcium ion into cytosol,Process,1,1,30,2545,0.011787819253438112,30,0.04534900712789621
F3,RNA_pos,GO:0048665,neuron fate specification,Process,1,1,30,2545,0.011787819253438112,30,0.04534900712789621
F3,RNA_pos,GO:0045670,regulation of osteoclast differentiation,Process,1,1,30,2545,0.011787819253438112,30,0.04534900712789621
F3,RNA_pos,GO:2000738,positive regulation of stem cell differentiation,Process,1,1,30,2545,0.011787819253438112,30,0.04534900712789621
F3,RNA_pos,GO:0051718,"DNA (cytosine-5-)-methyltransferase activity, acting on CpG substrates",Function,1,1,30,2545,0.011787819253438112,30,0.04534900712789621
F3,RNA_pos,GO:0110031,negative regulation of G2/MI transition of meiotic cell cycle,Process,1,1,30,2545,0.011787819253438112,30,0.04534900712789621
F3,RNA_neg,GO:0030020,extracellular matrix structural constituent conferring tensile strength,Function,1,1,30,2545,0.011787819253438112,30,0.04534900712789621
F3,RNA_pos,GO:0009968,negative regulation of signal transduction,Process,1,1,30,2545,0.011787819253438112,30,0.04534900712789621
F3,RNA_pos,GO:0030667,secretory granule membrane,Component,1,1,30,2545,0.011787819253438112,30,0.04534900712789621
F2,METH_neg,GO:0000224,peptide-N4-(N-acetyl-beta-glucosaminyl)asparagine amidase activity,Function,1,1,30,2545,0.011787819253438112,30,0.04534900712789621
F2,METH_neg,GO:0010644,cell communication by electrical coupling,Process,1,1,30,2545,0.011787819253438112,30,0.04534900712789621
F1,RNA_neg,GO:0010482,regulation of epidermal cell division,Process,1,1,30,2545,0.011787819253438112,30,0.04534900712789621
F3,RNA_pos,GO:0015183,L-aspartate transmembrane transporter activity,Function,1,1,30,2545,0.011787819253438112,30,0.04534900712789621
F3,RNA_pos,GO:0001889,liver development,Process,1,1,30,2545,0.011787819253438112,30,0.04534900712789621
F3,RNA_pos,GO:0035803,egg coat formation,Process,1,1,30,2545,0.011787819253438112,30,0.04534900712789621
F3,RNA_pos,GO:2000344,positive regulation of acrosome reaction,Process,1,1,30,2545,0.011787819253438112,30,0.04534900712789621
F2,METH_neg,GO:0070762,nuclear pore transmembrane ring,Component,1,1,30,2545,0.011787819253438112,30,0.04534900712789621
F3,RNA_pos,GO:0042554,superoxide anion generation,Process,1,1,30,2545,0.011787819253438112,30,0.04534900712789621
F3,RNA_pos,GO:0031016,pancreas development,Process,1,1,30,2545,0.011787819253438112,30,0.04534900712789621
F3,RNA_pos,GO:0030073,insulin secretion,Process,1,1,30,2545,0.011787819253438112,30,0.04534900712789621
F3,RNA_pos,GO:0016176,superoxide-generating NADPH oxidase activator activity,Function,1,1,30,2545,0.011787819253438112,30,0.04534900712789621
F3,RNA_pos,GO:0045779,negative regulation of bone resorption,Process,1,1,30,2545,0.011787819253438112,30,0.04534900712789621
F7,METH_pos,GO:0031528,microvillus membrane,Component,1,1,30,2545,0.011787819253438112,30,0.04534900712789621
F7,METH_pos,GO:0022408,negative regulation of cell-cell adhesion,Process,1,1,30,2545,0.011787819253438112,30,0.04534900712789621
F7,METH_pos,GO:0032534,regulation of microvillus assembly,Process,1,1,30,2545,0.011787819253438112,30,0.04534900712789621
F7,METH_pos,GO:0060429,epithelium development,Process,1,1,30,2545,0.011787819253438112,30,0.04534900712789621
F7,METH_pos,GO:0030660,Golgi-associated vesicle membrane,Component,1,1,30,2545,0.011787819253438112,30,0.04534900712789621
F1,RNA_pos,GO:0010757,negative regulation of plasminogen activation,Process,1,1,30,2545,0.011787819253438112,30,0.04534900712789621
F1,RNA_pos,GO:0035803,egg coat formation,Process,1,1,30,2545,0.011787819253438112,30,0.04534900712789621
F1,RNA_pos,GO:2000344,positive regulation of acrosome reaction,Process,1,1,30,2545,0.011787819253438112,30,0.04534900712789621
F7,METH_pos,GO:1904380,endoplasmic reticulum mannose trimming,Process,1,1,30,2545,0.011787819253438112,30,0.04534900712789621
F7,METH_pos,GO:0043227,membrane-bounded organelle,Component,1,1,30,2545,0.011787819253438112,30,0.04534900712789621
F7,METH_pos,GO:0071561,nucleus-vacuole junction,Component,1,1,30,2545,0.011787819253438112,30,0.04534900712789621
F7,METH_pos,GO:0033634,positive regulation of cell-cell adhesion mediated by integrin,Process,1,1,30,2545,0.011787819253438112,30,0.04534900712789621
F7,METH_neg,GO:1990547,mitochondrial phosphate ion transmembrane transport,Process,1,1,30,2545,0.011787819253438112,30,0.04534900712789621
F4,RNA_pos,GO:0005783,endoplasmic reticulum,Component,4,78,30,2545,0.0122125521024914,30,0.046918374170919507
F4,RNA_pos,GO:0003924,GTPase activity,Function,3,42,30,2545,0.01245158189368125,30,0.04777097284210403
F6,RNA_neg,GO:0000398,"mRNA splicing, via spliceosome",Process,2,15,30,2545,0.012825322339799026,30,0.049070034650765315
F7,RNA_pos,GO:0005768,endosome,Component,2,15,30,2545,0.012825322339799026,30,0.049070034650765315
F1,RNA_neg,GO:0005739,mitochondrion,Component,5,125,30,2545,0.013974523618491799,30,0.05339376807995567
F4,RNA_pos,GO:0005525,GTP binding,Function,3,44,30,2545,0.01413918713452599,30,0.053949111566572526
F6,METH_neg,GO:0016192,vesicle-mediated transport,Process,2,16,30,2545,0.014550821640426754,30,0.05536845346282278
F3,METH_pos,GO:0005765,lysosomal membrane,Component,2,16,30,2545,0.014550821640426754,30,0.05536845346282278
F2,RNA_neg,GO:0004842,ubiquitin-protein transferase activity,Function,2,17,30,2545,0.016370976642770728,30,0.05824862325056918
F7,RNA_neg,GO:0005515,protein binding,Function,9,353,30,2545,0.016767924229922952,30,0.05824862325056918
F7,METH_pos,GO:0005576,extracellular region,Component,2,18,30,2545,0.018283471391574612,30,0.05824862325056918
F4,RNA_neg,GO:0003712,transcription coregulator activity,Function,2,19,30,2545,0.02028602821996206,30,0.05824862325056918
F4,METH_pos,GO:0098609,cell-cell adhesion,Process,2,19,30,2545,0.02028602821996206,30,0.05824862325056918
F6,RNA_neg,GO:0016020,membrane,Component,5,139,30,2545,0.021330340556130426,30,0.05824862325056918
F6,RNA_neg,GO:0005813,centrosome,Component,2,20,30,2545,0.0223764072159356,30,0.05824862325056918
F7,RNA_neg,GO:0005813,centrosome,Component,2,20,30,2545,0.0223764072159356,30,0.05824862325056918
F2,METH_pos,GO:0010906,regulation of glucose metabolic process,Process,1,2,29,2545,0.022664368412598383,29,0.05824862325056918
F2,METH_pos,GO:0030055,cell-substrate junction,Component,1,2,29,2545,0.022664368412598383,29,0.05824862325056918
F2,METH_pos,GO:0004683,calcium/calmodulin-dependent protein kinase activity,Function,1,2,29,2545,0.022664368412598383,29,0.05824862325056918
F2,METH_pos,GO:0070830,bicellular tight junction assembly,Process,1,2,29,2545,0.022664368412598383,29,0.05824862325056918
F2,METH_pos,GO:0016208,AMP binding,Function,1,2,29,2545,0.022664368412598383,29,0.05824862325056918
F2,METH_pos,GO:0042383,sarcolemma,Component,1,2,29,2545,0.022664368412598383,29,0.05824862325056918
F2,METH_pos,GO:0017064,fatty acid amide hydrolase activity,Function,1,2,29,2545,0.022664368412598383,29,0.05824862325056918
F2,METH_pos,GO:0019894,kinesin binding,Function,1,2,29,2545,0.022664368412598383,29,0.05824862325056918
F2,METH_pos,GO:0006346,DNA methylation-dependent constitutive heterochromatin formation,Process,1,2,29,2545,0.022664368412598383,29,0.05824862325056918
F2,METH_pos,GO:0032934,sterol binding,Function,1,2,29,2545,0.022664368412598383,29,0.05824862325056918
F2,METH_pos,GO:0032933,SREBP signaling pathway,Process,1,2,29,2545,0.022664368412598383,29,0.05824862325056918
F2,METH_pos,GO:0019254,"carnitine metabolic process, CoA-linked",Process,1,2,29,2545,0.022664368412598383,29,0.05824862325056918
F2,METH_pos,GO:0016929,deSUMOylase activity,Function,1,2,29,2545,0.022664368412598383,29,0.05824862325056918
F2,METH_pos,GO:0030289,protein phosphatase 4 complex,Component,1,2,29,2545,0.022664368412598383,29,0.05824862325056918
F2,METH_pos,GO:0004740,pyruvate dehydrogenase (acetyl-transferring) kinase activity,Function,1,2,29,2545,0.022664368412598383,29,0.05824862325056918
F4,RNA_pos,GO:0019955,cytokine binding,Function,1,2,30,2545,0.023441264781109833,30,0.05824862325056918
F7,METH_neg,GO:0016671,"oxidoreductase activity, acting on a sulfur group of donors, disulfide as acceptor",Function,1,2,30,2545,0.023441264781109833,30,0.05824862325056918
F6,METH_pos,GO:0006913,nucleocytoplasmic transport,Process,1,2,30,2545,0.023441264781109833,30,0.05824862325056918
F1,RNA_pos,GO:0005882,intermediate filament,Component,1,2,30,2545,0.023441264781109833,30,0.05824862325056918
F7,METH_neg,GO:0048205,COPI coating of Golgi vesicle,Process,1,2,30,2545,0.023441264781109833,30,0.05824862325056918
F7,METH_neg,GO:0015186,L-glutamine transmembrane transporter activity,Function,1,2,30,2545,0.023441264781109833,30,0.05824862325056918
F7,METH_neg,GO:0006868,L-glutamine transport,Process,1,2,30,2545,0.023441264781109833,30,0.05824862325056918
F1,RNA_pos,GO:0060468,prevention of polyspermy,Process,1,2,30,2545,0.023441264781109833,30,0.05824862325056918
F6,METH_pos,GO:0031901,early endosome membrane,Component,1,2,30,2545,0.023441264781109833,30,0.05824862325056918
F3,RNA_pos,GO:0015293,symporter activity,Function,1,2,30,2545,0.023441264781109833,30,0.05824862325056918
F6,METH_pos,GO:0000506,glycosylphosphatidylinositol-N-acetylglucosaminyltransferase (GPI-GnT) complex,Component,1,2,30,2545,0.023441264781109833,30,0.05824862325056918
F3,RNA_pos,GO:0005518,collagen binding,Function,1,2,30,2545,0.023441264781109833,30,0.05824862325056918
F3,RNA_pos,GO:0035335,peptidyl-tyrosine dephosphorylation,Process,1,2,30,2545,0.023441264781109833,30,0.05824862325056918
F7,METH_neg,GO:0015035,protein-disulfide reductase activity,Function,1,2,30,2545,0.023441264781109833,30,0.05824862325056918
F5,METH_neg,GO:0042555,MCM complex,Component,1,2,30,2545,0.023441264781109833,30,0.05824862325056918
F3,RNA_pos,GO:0007274,neuromuscular synaptic transmission,Process,1,2,30,2545,0.023441264781109833,30,0.05824862325056918
F5,METH_neg,GO:0000421,autophagosome membrane,Component,1,2,30,2545,0.023441264781109833,30,0.05824862325056918
F3,RNA_pos,GO:0051480,regulation of cytosolic calcium ion concentration,Process,1,2,30,2545,0.023441264781109833,30,0.05824862325056918
F5,RNA_neg,GO:1990481,mRNA pseudouridine synthesis,Process,1,2,30,2545,0.023441264781109833,30,0.05824862325056918
F5,RNA_pos,GO:0000390,spliceosomal complex disassembly,Process,1,2,30,2545,0.023441264781109833,30,0.05824862325056918
F5,RNA_neg,GO:0034142,toll-like receptor 4 signaling pathway,Process,1,2,30,2545,0.023441264781109833,30,0.05824862325056918
F2,RNA_pos,GO:0050220,prostaglandin-E synthase activity,Function,1,2,30,2545,0.023441264781109833,30,0.05824862325056918
F5,METH_neg,GO:1902975,mitotic DNA replication initiation,Process,1,2,30,2545,0.023441264781109833,30,0.05824862325056918
F5,RNA_neg,GO:0008061,chitin binding,Function,1,2,30,2545,0.023441264781109833,30,0.05824862325056918
F5,RNA_pos,GO:0051225,spindle assembly,Process,1,2,30,2545,0.023441264781109833,30,0.05824862325056918
F5,RNA_pos,GO:0048813,dendrite morphogenesis,Process,1,2,30,2545,0.023441264781109833,30,0.05824862325056918
F1,METH_neg,GO:0007188,adenylate cyclase-modulating G protein-coupled receptor signaling pathway,Process,1,2,30,2545,0.023441264781109833,30,0.05824862325056918
F1,METH_neg,GO:0070402,NADPH binding,Function,1,2,30,2545,0.023441264781109833,30,0.05824862325056918
F2,RNA_neg,GO:0036513,Derlin-1 retrotranslocation complex,Component,1,2,30,2545,0.023441264781109833,30,0.05824862325056918
F3,RNA_pos,GO:0019911,structural constituent of myelin sheath,Function,1,2,30,2545,0.023441264781109833,30,0.05824862325056918
F4,RNA_pos,GO:0004180,carboxypeptidase activity,Function,1,2,30,2545,0.023441264781109833,30,0.05824862325056918
F7,METH_neg,GO:0050220,prostaglandin-E synthase activity,Function,1,2,30,2545,0.023441264781109833,30,0.05824862325056918
F7,METH_pos,GO:0046716,muscle cell cellular homeostasis,Process,1,2,30,2545,0.023441264781109833,30,0.05824862325056918
F6,METH_pos,GO:0034455,t-UTP complex,Component,1,2,30,2545,0.023441264781109833,30,0.05824862325056918
F7,METH_pos,GO:0048311,mitochondrion distribution,Process,1,2,30,2545,0.023441264781109833,30,0.05824862325056918
F3,RNA_pos,GO:0070573,metallodipeptidase activity,Function,1,2,30,2545,0.023441264781109833,30,0.05824862325056918
F1,METH_pos,GO:0031175,neuron projection development,Process,1,2,30,2545,0.023441264781109833,30,0.05824862325056918
F5,RNA_pos,GO:0045595,regulation of cell differentiation,Process,1,2,30,2545,0.023441264781109833,30,0.05824862325056918
F4,RNA_pos,GO:0017064,fatty acid amide hydrolase activity,Function,1,2,30,2545,0.023441264781109833,30,0.05824862325056918
F4,METH_pos,GO:0006814,sodium ion transport,Process,1,2,30,2545,0.023441264781109833,30,0.05824862325056918
F2,RNA_pos,GO:0038063,collagen-activated tyrosine kinase receptor signaling pathway,Process,1,2,30,2545,0.023441264781109833,30,0.05824862325056918
F4,METH_pos,GO:0016208,AMP binding,Function,1,2,30,2545,0.023441264781109833,30,0.05824862325056918
F4,METH_pos,GO:0005254,chloride channel activity,Function,1,2,30,2545,0.023441264781109833,30,0.05824862325056918
F1,METH_neg,GO:0140009,L-aspartate import across plasma membrane,Process,1,2,30,2545,0.023441264781109833,30,0.05824862325056918
F5,RNA_neg,GO:0045807,positive regulation of endocytosis,Process,1,2,30,2545,0.023441264781109833,30,0.05824862325056918
F3,RNA_pos,GO:0048167,regulation of synaptic plasticity,Process,1,2,30,2545,0.023441264781109833,30,0.05824862325056918
F3,RNA_pos,GO:0051260,protein homooligomerization,Process,1,2,30,2545,0.023441264781109833,30,0.05824862325056918
F1,METH_neg,GO:0033179,"proton-transporting V-type ATPase, V0 domain",Component,1,2,30,2545,0.023441264781109833,30,0.05824862325056918
F1,METH_neg,GO:0003960,quinone reductase (NADPH) activity,Function,1,2,30,2545,0.023441264781109833,30,0.05824862325056918
F2,METH_neg,GO:0033615,mitochondrial proton-transporting ATP synthase complex assembly,Process,1,2,30,2545,0.023441264781109833,30,0.05824862325056918
F2,METH_neg,GO:0003756,protein disulfide isomerase activity,Function,1,2,30,2545,0.023441264781109833,30,0.05824862325056918
F2,METH_neg,GO:0004066,asparagine synthase (glutamine-hydrolyzing) activity,Function,1,2,30,2545,0.023441264781109833,30,0.05824862325056918
F2,METH_neg,GO:0048311,mitochondrion distribution,Process,1,2,30,2545,0.023441264781109833,30,0.05824862325056918
F7,METH_pos,GO:1902902,negative regulation of autophagosome assembly,Process,1,2,30,2545,0.023441264781109833,30,0.05824862325056918
F7,METH_pos,GO:0015036,disulfide oxidoreductase activity,Function,1,2,30,2545,0.023441264781109833,30,0.05824862325056918
F7,METH_pos,GO:0051225,spindle assembly,Process,1,2,30,2545,0.023441264781109833,30,0.05824862325056918
F1,RNA_pos,GO:0030155,regulation of cell adhesion,Process,1,2,30,2545,0.023441264781109833,30,0.05824862325056918
F5,METH_neg,GO:0031116,positive regulation of microtubule polymerization,Process,1,2,30,2545,0.023441264781109833,30,0.05824862325056918
F2,METH_neg,GO:0000145,exocyst,Component,1,2,30,2545,0.023441264781109833,30,0.05824862325056918
F3,RNA_pos,GO:0008532,"N-acetyllactosaminide beta-1,3-N-acetylglucosaminyltransferase activity",Function,1,2,30,2545,0.023441264781109833,30,0.05824862325056918
F3,RNA_pos,GO:0042552,myelination,Process,1,2,30,2545,0.023441264781109833,30,0.05824862325056918
F3,RNA_pos,GO:0140009,L-aspartate import across plasma membrane,Process,1,2,30,2545,0.023441264781109833,30,0.05824862325056918
F2,METH_neg,GO:0047496,vesicle transport along microtubule,Process,1,2,30,2545,0.023441264781109833,30,0.05824862325056918
F5,METH_neg,GO:0035371,microtubule plus-end,Component,1,2,30,2545,0.023441264781109833,30,0.05824862325056918
F1,RNA_pos,GO:0003886,DNA (cytosine-5-)-methyltransferase activity,Function,1,2,30,2545,0.023441264781109833,30,0.05824862325056918
F1,RNA_pos,GO:0006346,DNA methylation-dependent constitutive heterochromatin formation,Process,1,2,30,2545,0.023441264781109833,30,0.05824862325056918
F6,METH_pos,GO:0017185,peptidyl-lysine hydroxylation,Process,1,2,30,2545,0.023441264781109833,30,0.05824862325056918
F6,METH_pos,GO:0008475,procollagen-lysine 5-dioxygenase activity,Function,1,2,30,2545,0.023441264781109833,30,0.05824862325056918
F7,METH_pos,GO:0030242,autophagy of peroxisome,Process,1,2,30,2545,0.023441264781109833,30,0.05824862325056918
F7,METH_pos,GO:0007098,centrosome cycle,Process,1,2,30,2545,0.023441264781109833,30,0.05824862325056918
F5,RNA_pos,GO:0005675,transcription factor TFIIH holo complex,Component,1,2,30,2545,0.023441264781109833,30,0.05824862325056918
F6,METH_pos,GO:0044877,protein-containing complex binding,Function,1,2,30,2545,0.023441264781109833,30,0.05824862325056918
F5,RNA_pos,GO:0001784,phosphotyrosine residue binding,Function,1,2,30,2545,0.023441264781109833,30,0.05824862325056918
F1,METH_pos,GO:0005868,cytoplasmic dynein complex,Component,1,2,30,2545,0.023441264781109833,30,0.05824862325056918
F1,METH_pos,GO:0045505,dynein intermediate chain binding,Function,1,2,30,2545,0.023441264781109833,30,0.05824862325056918
F2,RNA_neg,GO:0043236,laminin binding,Function,1,2,30,2545,0.023441264781109833,30,0.05824862325056918
F2,RNA_pos,GO:0010997,anaphase-promoting complex binding,Function,1,2,30,2545,0.023441264781109833,30,0.05824862325056918
F2,RNA_pos,GO:1905786,positive regulation of anaphase-promoting complex-dependent catabolic process,Process,1,2,30,2545,0.023441264781109833,30,0.05824862325056918
F7,METH_pos,GO:0045324,late endosome to vacuole transport,Process,1,2,30,2545,0.023441264781109833,30,0.05824862325056918
F7,METH_pos,GO:0042500,"aspartic endopeptidase activity, intramembrane cleaving",Function,1,2,30,2545,0.023441264781109833,30,0.05824862325056918
F7,METH_pos,GO:0007281,germ cell development,Process,1,2,30,2545,0.023441264781109833,30,0.05824862325056918
F1,RNA_pos,GO:0035804,structural constituent of egg coat,Function,1,2,30,2545,0.023441264781109833,30,0.05824862325056918
F1,RNA_pos,GO:0004859,phospholipase inhibitor activity,Function,1,2,30,2545,0.023441264781109833,30,0.05824862325056918
F1,METH_pos,GO:0098887,"neurotransmitter receptor transport, endosome to postsynaptic membrane",Process,1,2,30,2545,0.023441264781109833,30,0.05824862325056918
F3,RNA_pos,GO:0001510,RNA methylation,Process,1,2,30,2545,0.023441264781109833,30,0.05824862325056918
F3,RNA_pos,GO:0038063,collagen-activated tyrosine kinase receptor signaling pathway,Process,1,2,30,2545,0.023441264781109833,30,0.05824862325056918
F6,METH_pos,GO:0016255,attachment of GPI anchor to protein,Process,1,2,30,2545,0.023441264781109833,30,0.05824862325056918
F6,METH_pos,GO:0042765,GPI-anchor transamidase complex,Component,1,2,30,2545,0.023441264781109833,30,0.05824862325056918
F3,RNA_pos,GO:0048788,cytoskeleton of presynaptic active zone,Component,1,2,30,2545,0.023441264781109833,30,0.05824862325056918
F4,RNA_pos,GO:0006518,peptide metabolic process,Process,1,2,30,2545,0.023441264781109833,30,0.05824862325056918
F4,RNA_pos,GO:0001822,kidney development,Process,1,2,30,2545,0.023441264781109833,30,0.05824862325056918
F3,RNA_pos,GO:0030311,poly-N-acetyllactosamine biosynthetic process,Process,1,2,30,2545,0.023441264781109833,30,0.05824862325056918
F3,RNA_pos,GO:0098882,structural constituent of presynaptic active zone,Function,1,2,30,2545,0.023441264781109833,30,0.05824862325056918
F3,RNA_pos,GO:0048790,maintenance of presynaptic active zone structure,Process,1,2,30,2545,0.023441264781109833,30,0.05824862325056918
F4,RNA_pos,GO:0032790,ribosome disassembly,Process,1,2,30,2545,0.023441264781109833,30,0.05824862325056918
F2,METH_neg,GO:0097345,mitochondrial outer membrane permeabilization,Process,1,2,30,2545,0.023441264781109833,30,0.05824862325056918
F4,RNA_pos,GO:0003756,protein disulfide isomerase activity,Function,1,2,30,2545,0.023441264781109833,30,0.05824862325056918
F4,RNA_pos,GO:0051402,neuron apoptotic process,Process,1,2,30,2545,0.023441264781109833,30,0.05824862325056918
F6,RNA_pos,GO:0003938,IMP dehydrogenase activity,Function,1,2,30,2545,0.023441264781109833,30,0.05824862325056918
F7,METH_pos,GO:0016529,sarcoplasmic reticulum,Component,1,2,30,2545,0.023441264781109833,30,0.05824862325056918
F6,RNA_pos,GO:0000930,gamma-tubulin complex,Component,1,2,30,2545,0.023441264781109833,30,0.05824862325056918
F6,RNA_pos,GO:0031083,BLOC-1 complex,Component,1,2,30,2545,0.023441264781109833,30,0.05824862325056918
F1,RNA_pos,GO:0008092,cytoskeletal protein binding,Function,1,2,30,2545,0.023441264781109833,30,0.05824862325056918
F3,RNA_neg,GO:0045211,postsynaptic membrane,Component,1,2,30,2545,0.023441264781109833,30,0.05824862325056918
F6,RNA_pos,GO:0043169,cation binding,Function,1,2,30,2545,0.023441264781109833,30,0.05824862325056918
F4,METH_pos,GO:0003746,translation elongation factor activity,Function,1,2,30,2545,0.023441264781109833,30,0.05824862325056918
F4,RNA_neg,GO:0030983,mismatched DNA binding,Function,1,2,30,2545,0.023441264781109833,30,0.05824862325056918
F7,METH_pos,GO:0010181,FMN binding,Function,1,2,30,2545,0.023441264781109833,30,0.05824862325056918
F7,METH_pos,GO:1904382,mannose trimming involved in glycoprotein ERAD pathway,Process,1,2,30,2545,0.023441264781109833,30,0.05824862325056918
F7,METH_pos,GO:0004571,"mannosyl-oligosaccharide 1,2-alpha-mannosidase activity",Function,1,2,30,2545,0.023441264781109833,30,0.05824862325056918
F6,METH_pos,GO:0042744,hydrogen peroxide catabolic process,Process,1,2,30,2545,0.023441264781109833,30,0.05824862325056918
F6,RNA_neg,GO:0045216,cell-cell junction organization,Process,1,2,30,2545,0.023441264781109833,30,0.05824862325056918
F3,RNA_neg,GO:0005518,collagen binding,Function,1,2,30,2545,0.023441264781109833,30,0.05824862325056918
F3,RNA_neg,GO:0014704,intercalated disc,Component,1,2,30,2545,0.023441264781109833,30,0.05824862325056918
F5,RNA_pos,GO:0005324,long-chain fatty acid transmembrane transporter activity,Function,1,2,30,2545,0.023441264781109833,30,0.05824862325056918
F5,RNA_pos,GO:0007098,centrosome cycle,Process,1,2,30,2545,0.023441264781109833,30,0.05824862325056918
F6,RNA_neg,GO:0034058,endosomal vesicle fusion,Process,1,2,30,2545,0.023441264781109833,30,0.05824862325056918
F2,RNA_pos,GO:1904668,positive regulation of ubiquitin protein ligase activity,Process,1,2,30,2545,0.023441264781109833,30,0.05824862325056918
F2,RNA_pos,GO:1990757,ubiquitin ligase activator activity,Function,1,2,30,2545,0.023441264781109833,30,0.05824862325056918
F1,METH_pos,GO:0003886,DNA (cytosine-5-)-methyltransferase activity,Function,1,2,30,2545,0.023441264781109833,30,0.05824862325056918
F5,RNA_neg,GO:0003886,DNA (cytosine-5-)-methyltransferase activity,Function,1,2,30,2545,0.023441264781109833,30,0.05824862325056918
F5,RNA_neg,GO:0006346,DNA methylation-dependent constitutive heterochromatin formation,Process,1,2,30,2545,0.023441264781109833,30,0.05824862325056918
F5,RNA_neg,GO:0009313,oligosaccharide catabolic process,Process,1,2,30,2545,0.023441264781109833,30,0.05824862325056918
F3,RNA_neg,GO:0050839,cell adhesion molecule binding,Function,1,2,30,2545,0.023441264781109833,30,0.05824862325056918
F1,METH_pos,GO:0006346,DNA methylation-dependent constitutive heterochromatin formation,Process,1,2,30,2545,0.023441264781109833,30,0.05824862325056918
F1,RNA_pos,GO:0009052,"pentose-phosphate shunt, non-oxidative branch",Process,1,2,30,2545,0.023441264781109833,30,0.05824862325056918
F6,RNA_neg,GO:0032958,inositol phosphate biosynthetic process,Process,1,2,30,2545,0.023441264781109833,30,0.05824862325056918
F7,METH_pos,GO:0015937,coenzyme A biosynthetic process,Process,1,2,30,2545,0.023441264781109833,30,0.05824862325056918
F6,RNA_neg,GO:0043001,Golgi to plasma membrane protein transport,Process,1,2,30,2545,0.023441264781109833,30,0.05824862325056918
F7,METH_pos,GO:0004114,"3',5'-cyclic-nucleotide phosphodiesterase activity",Function,1,2,30,2545,0.023441264781109833,30,0.05824862325056918
F1,RNA_pos,GO:0005080,protein kinase C binding,Function,1,2,30,2545,0.023441264781109833,30,0.05824862325056918
F1,RNA_pos,GO:0016235,aggresome,Component,1,2,30,2545,0.023441264781109833,30,0.05824862325056918
F6,RNA_neg,GO:0033962,P-body assembly,Process,1,2,30,2545,0.023441264781109833,30,0.05824862325056918
F6,RNA_neg,GO:0018345,protein palmitoylation,Process,1,2,30,2545,0.023441264781109833,30,0.05824862325056918
F5,RNA_neg,GO:0006616,"SRP-dependent cotranslational protein targeting to membrane, translocation",Process,1,2,30,2545,0.023441264781109833,30,0.05824862325056918
F4,RNA_pos,GO:0097320,plasma membrane tubulation,Process,1,2,30,2545,0.023441264781109833,30,0.05824862325056918
F5,RNA_neg,GO:0005885,Arp2/3 protein complex,Component,1,2,30,2545,0.023441264781109833,30,0.05824862325056918
F5,RNA_neg,GO:0034314,Arp2/3 complex-mediated actin nucleation,Process,1,2,30,2545,0.023441264781109833,30,0.05824862325056918
F5,RNA_neg,GO:0004719,protein-L-isoaspartate (D-aspartate) O-methyltransferase activity,Function,1,2,30,2545,0.023441264781109833,30,0.05824862325056918
F1,METH_neg,GO:0005882,intermediate filament,Component,1,2,30,2545,0.023441264781109833,30,0.05824862325056918
F6,RNA_neg,GO:0000390,spliceosomal complex disassembly,Process,1,2,30,2545,0.023441264781109833,30,0.05824862325056918
F5,RNA_neg,GO:0030942,endoplasmic reticulum signal sequence receptor activity,Function,1,2,30,2545,0.023441264781109833,30,0.05824862325056918
F6,RNA_neg,GO:0048039,ubiquinone binding,Function,1,2,30,2545,0.023441264781109833,30,0.05824862325056918
F2,RNA_neg,GO:0071949,FAD binding,Function,1,2,30,2545,0.023441264781109833,30,0.05824862325056918
F3,RNA_neg,GO:0003824,catalytic activity,Function,1,2,30,2545,0.023441264781109833,30,0.05824862325056918
F6,RNA_neg,GO:0009313,oligosaccharide catabolic process,Process,1,2,30,2545,0.023441264781109833,30,0.05824862325056918
F3,RNA_neg,GO:0030175,filopodium,Component,1,2,30,2545,0.023441264781109833,30,0.05824862325056918
F6,RNA_neg,GO:0090557,establishment of endothelial intestinal barrier,Process,1,2,30,2545,0.023441264781109833,30,0.05824862325056918
F6,RNA_neg,GO:0030041,actin filament polymerization,Process,1,2,30,2545,0.023441264781109833,30,0.05824862325056918
F7,RNA_neg,GO:0048788,cytoskeleton of presynaptic active zone,Component,1,2,30,2545,0.023441264781109833,30,0.05824862325056918
F6,RNA_neg,GO:0010001,glial cell differentiation,Process,1,2,30,2545,0.023441264781109833,30,0.05824862325056918
F7,RNA_neg,GO:0098535,de novo centriole assembly involved in multi-ciliated epithelial cell differentiation,Process,1,2,30,2545,0.023441264781109833,30,0.05824862325056918
F7,RNA_neg,GO:0008608,attachment of spindle microtubules to kinetochore,Process,1,2,30,2545,0.023441264781109833,30,0.05824862325056918
F7,RNA_neg,GO:0098882,structural constituent of presynaptic active zone,Function,1,2,30,2545,0.023441264781109833,30,0.05824862325056918
F6,RNA_neg,GO:0001501,skeletal system development,Process,1,2,30,2545,0.023441264781109833,30,0.05824862325056918
F2,METH_neg,GO:0017185,peptidyl-lysine hydroxylation,Process,1,2,30,2545,0.023441264781109833,30,0.05824862325056918
F2,METH_neg,GO:0008475,procollagen-lysine 5-dioxygenase activity,Function,1,2,30,2545,0.023441264781109833,30,0.05824862325056918
F2,METH_neg,GO:0017022,myosin binding,Function,1,2,30,2545,0.023441264781109833,30,0.05824862325056918
F6,RNA_neg,GO:0072534,perineuronal net,Component,1,2,30,2545,0.023441264781109833,30,0.05824862325056918
F3,RNA_neg,GO:0050220,prostaglandin-E synthase activity,Function,1,2,30,2545,0.023441264781109833,30,0.05824862325056918
F6,RNA_neg,GO:0002052,positive regulation of neuroblast proliferation,Process,1,2,30,2545,0.023441264781109833,30,0.05824862325056918
F3,RNA_neg,GO:0030426,growth cone,Component,1,2,30,2545,0.023441264781109833,30,0.05824862325056918
F3,RNA_neg,GO:0007163,establishment or maintenance of cell polarity,Process,1,2,30,2545,0.023441264781109833,30,0.05824862325056918
F5,RNA_pos,GO:0004114,"3',5'-cyclic-nucleotide phosphodiesterase activity",Function,1,2,30,2545,0.023441264781109833,30,0.05824862325056918
F6,RNA_neg,GO:0031965,nuclear membrane,Component,1,2,30,2545,0.023441264781109833,30,0.05824862325056918
F4,METH_neg,GO:0061578,K63-linked deubiquitinase activity,Function,1,2,30,2545,0.023441264781109833,30,0.05824862325056918
F6,RNA_neg,GO:0005675,transcription factor TFIIH holo complex,Component,1,2,30,2545,0.023441264781109833,30,0.05824862325056918
F5,METH_pos,GO:0030234,enzyme regulator activity,Function,1,2,30,2545,0.023441264781109833,30,0.05824862325056918
F5,METH_pos,GO:0043065,positive regulation of apoptotic process,Process,1,2,30,2545,0.023441264781109833,30,0.05824862325056918
F5,RNA_pos,GO:0019722,calcium-mediated signaling,Process,1,2,30,2545,0.023441264781109833,30,0.05824862325056918
F5,RNA_pos,GO:0035335,peptidyl-tyrosine dephosphorylation,Process,1,2,30,2545,0.023441264781109833,30,0.05824862325056918
F3,RNA_neg,GO:0051156,glucose 6-phosphate metabolic process,Process,1,2,30,2545,0.023441264781109833,30,0.05824862325056918
F4,RNA_neg,GO:0046907,intracellular transport,Process,1,2,30,2545,0.023441264781109833,30,0.05824862325056918
F2,RNA_neg,GO:0031416,NatB complex,Component,1,2,30,2545,0.023441264781109833,30,0.05824862325056918
F3,RNA_neg,GO:0016342,catenin complex,Component,1,2,30,2545,0.023441264781109833,30,0.05824862325056918
F2,RNA_neg,GO:0043024,ribosomal small subunit binding,Function,1,2,30,2545,0.023441264781109833,30,0.05824862325056918
F2,RNA_neg,GO:0070476,rRNA (guanine-N7)-methylation,Process,1,2,30,2545,0.023441264781109833,30,0.05824862325056918
F4,METH_pos,GO:0030060,L-malate dehydrogenase (NAD+) activity,Function,1,2,30,2545,0.023441264781109833,30,0.05824862325056918
F3,RNA_neg,GO:0008889,glycerophosphodiester phosphodiesterase activity,Function,1,2,30,2545,0.023441264781109833,30,0.05824862325056918
F4,METH_neg,GO:0004620,glycerophospholipase activity,Function,1,2,30,2545,0.023441264781109833,30,0.05824862325056918
F1,METH_neg,GO:0010997,anaphase-promoting complex binding,Function,1,2,30,2545,0.023441264781109833,30,0.05824862325056918
F1,METH_neg,GO:1905786,positive regulation of anaphase-promoting complex-dependent catabolic process,Process,1,2,30,2545,0.023441264781109833,30,0.05824862325056918
F1,METH_neg,GO:1904668,positive regulation of ubiquitin protein ligase activity,Process,1,2,30,2545,0.023441264781109833,30,0.05824862325056918
F4,METH_neg,GO:0030131,clathrin adaptor complex,Component,1,2,30,2545,0.023441264781109833,30,0.05824862325056918
F4,METH_neg,GO:0006312,mitotic recombination,Process,1,2,30,2545,0.023441264781109833,30,0.05824862325056918
F5,METH_pos,GO:0005834,heterotrimeric G-protein complex,Component,1,2,30,2545,0.023441264781109833,30,0.05824862325056918
F5,METH_pos,GO:0007188,adenylate cyclase-modulating G protein-coupled receptor signaling pathway,Process,1,2,30,2545,0.023441264781109833,30,0.05824862325056918
F5,METH_pos,GO:0050750,low-density lipoprotein particle receptor binding,Function,1,2,30,2545,0.023441264781109833,30,0.05824862325056918
F3,RNA_neg,GO:0019158,mannokinase activity,Function,1,2,30,2545,0.023441264781109833,30,0.05824862325056918
F1,METH_neg,GO:1990757,ubiquitin ligase activator activity,Function,1,2,30,2545,0.023441264781109833,30,0.05824862325056918
F1,METH_neg,GO:0005903,brush border,Component,1,2,30,2545,0.023441264781109833,30,0.05824862325056918
F3,RNA_neg,GO:0006644,phospholipid metabolic process,Process,1,2,30,2545,0.023441264781109833,30,0.05824862325056918
F3,RNA_neg,GO:0001678,intracellular glucose homeostasis,Process,1,2,30,2545,0.023441264781109833,30,0.05824862325056918
F3,RNA_neg,GO:0008865,fructokinase activity,Function,1,2,30,2545,0.023441264781109833,30,0.05824862325056918
F3,RNA_neg,GO:0004340,glucokinase activity,Function,1,2,30,2545,0.023441264781109833,30,0.05824862325056918
F3,RNA_neg,GO:0005536,D-glucose binding,Function,1,2,30,2545,0.023441264781109833,30,0.05824862325056918
F3,RNA_neg,GO:0030427,site of polarized growth,Component,1,2,30,2545,0.023441264781109833,30,0.05824862325056918
F4,RNA_neg,GO:0006352,DNA-templated transcription initiation,Process,1,2,30,2545,0.023441264781109833,30,0.05824862325056918
F2,METH_neg,GO:0010001,glial cell differentiation,Process,1,2,30,2545,0.023441264781109833,30,0.05824862325056918
F2,METH_neg,GO:0001501,skeletal system development,Process,1,2,30,2545,0.023441264781109833,30,0.05824862325056918
F2,METH_neg,GO:0072534,perineuronal net,Component,1,2,30,2545,0.023441264781109833,30,0.05824862325056918
F2,METH_neg,GO:0002052,positive regulation of neuroblast proliferation,Process,1,2,30,2545,0.023441264781109833,30,0.05824862325056918
F2,METH_neg,GO:0043065,positive regulation of apoptotic process,Process,1,2,30,2545,0.023441264781109833,30,0.05824862325056918
F2,METH_neg,GO:0005834,heterotrimeric G-protein complex,Component,1,2,30,2545,0.023441264781109833,30,0.05824862325056918
F2,METH_neg,GO:0007188,adenylate cyclase-modulating G protein-coupled receptor signaling pathway,Process,1,2,30,2545,0.023441264781109833,30,0.05824862325056918
F1,RNA_neg,GO:0019722,calcium-mediated signaling,Process,1,2,30,2545,0.023441264781109833,30,0.05824862325056918
F6,RNA_neg,GO:0050839,cell adhesion molecule binding,Function,1,2,30,2545,0.023441264781109833,30,0.05824862325056918
F7,RNA_neg,GO:0048790,maintenance of presynaptic active zone structure,Process,1,2,30,2545,0.023441264781109833,30,0.05824862325056918
F7,RNA_neg,GO:0030426,growth cone,Component,1,2,30,2545,0.023441264781109833,30,0.05824862325056918
F7,RNA_neg,GO:0006352,DNA-templated transcription initiation,Process,1,2,30,2545,0.023441264781109833,30,0.05824862325056918
F7,RNA_neg,GO:0036513,Derlin-1 retrotranslocation complex,Component,1,2,30,2545,0.023441264781109833,30,0.05824862325056918
F4,METH_neg,GO:0042552,myelination,Process,1,2,30,2545,0.023441264781109833,30,0.05824862325056918
F4,METH_neg,GO:0070936,protein K48-linked ubiquitination,Process,1,2,30,2545,0.023441264781109833,30,0.05824862325056918
F1,METH_neg,GO:0019722,calcium-mediated signaling,Process,1,2,30,2545,0.023441264781109833,30,0.05824862325056918
F4,METH_neg,GO:1990907,beta-catenin-TCF complex,Component,1,2,30,2545,0.023441264781109833,30,0.05824862325056918
F1,METH_neg,GO:0006094,gluconeogenesis,Process,1,2,30,2545,0.023441264781109833,30,0.05824862325056918
F2,RNA_pos,GO:0004859,phospholipase inhibitor activity,Function,1,2,30,2545,0.023441264781109833,30,0.05824862325056918
F6,RNA_pos,GO:0048205,COPI coating of Golgi vesicle,Process,1,2,30,2545,0.023441264781109833,30,0.05824862325056918
F5,METH_pos,GO:0044877,protein-containing complex binding,Function,1,2,30,2545,0.023441264781109833,30,0.05824862325056918
F1,METH_neg,GO:0009098,L-leucine biosynthetic process,Process,1,2,30,2545,0.023441264781109833,30,0.05824862325056918
F7,RNA_neg,GO:0006048,UDP-N-acetylglucosamine biosynthetic process,Process,1,2,30,2545,0.023441264781109833,30,0.05824862325056918
F1,METH_neg,GO:0009099,L-valine biosynthetic process,Process,1,2,30,2545,0.023441264781109833,30,0.05824862325056918
F3,RNA_neg,GO:0038063,collagen-activated tyrosine kinase receptor signaling pathway,Process,1,2,30,2545,0.023441264781109833,30,0.05824862325056918
F3,RNA_neg,GO:0045773,positive regulation of axon extension,Process,1,2,30,2545,0.023441264781109833,30,0.05824862325056918
F3,RNA_neg,GO:0045177,apical part of cell,Component,1,2,30,2545,0.023441264781109833,30,0.05824862325056918
F3,METH_pos,GO:0060468,prevention of polyspermy,Process,1,2,30,2545,0.023441264781109833,30,0.05824862325056918
F7,RNA_neg,GO:0006869,lipid transport,Process,1,2,30,2545,0.023441264781109833,30,0.05824862325056918
F1,METH_neg,GO:0004084,branched-chain-amino-acid:2-oxoglutarate transaminase activity,Function,1,2,30,2545,0.023441264781109833,30,0.05824862325056918
F4,METH_neg,GO:0019911,structural constituent of myelin sheath,Function,1,2,30,2545,0.023441264781109833,30,0.05824862325056918
F1,METH_neg,GO:0015501,glutamate:sodium symporter activity,Function,1,2,30,2545,0.023441264781109833,30,0.05824862325056918
F4,METH_neg,GO:0070628,proteasome binding,Function,1,2,30,2545,0.023441264781109833,30,0.05824862325056918
F5,METH_pos,GO:0030041,actin filament polymerization,Process,1,2,30,2545,0.023441264781109833,30,0.05824862325056918
F1,METH_neg,GO:0005313,L-glutamate transmembrane transporter activity,Function,1,2,30,2545,0.023441264781109833,30,0.05824862325056918
F6,RNA_pos,GO:0006164,purine nucleotide biosynthetic process,Process,1,2,30,2545,0.023441264781109833,30,0.05824862325056918
F4,RNA_neg,GO:0032454,histone H3K9 demethylase activity,Function,1,2,30,2545,0.023441264781109833,30,0.05824862325056918
F5,METH_pos,GO:0097345,mitochondrial outer membrane permeabilization,Process,1,2,30,2545,0.023441264781109833,30,0.05824862325056918
F4,RNA_neg,GO:0005885,Arp2/3 protein complex,Component,1,2,30,2545,0.023441264781109833,30,0.05824862325056918
F2,RNA_pos,GO:0019722,calcium-mediated signaling,Process,1,2,30,2545,0.023441264781109833,30,0.05824862325056918
F4,METH_neg,GO:0046475,glycerophospholipid catabolic process,Process,1,2,30,2545,0.023441264781109833,30,0.05824862325056918
F4,METH_neg,GO:0002084,protein depalmitoylation,Process,1,2,30,2545,0.023441264781109833,30,0.05824862325056918
F4,METH_neg,GO:0051260,protein homooligomerization,Process,1,2,30,2545,0.023441264781109833,30,0.05824862325056918
F2,METH_neg,GO:0003746,translation elongation factor activity,Function,1,2,30,2545,0.023441264781109833,30,0.05824862325056918
F2,METH_neg,GO:0008198,ferrous iron binding,Function,1,2,30,2545,0.023441264781109833,30,0.05824862325056918
F4,RNA_neg,GO:0034314,Arp2/3 complex-mediated actin nucleation,Process,1,2,30,2545,0.023441264781109833,30,0.05824862325056918
F6,RNA_pos,GO:0030623,U5 snRNA binding,Function,1,2,30,2545,0.023441264781109833,30,0.05824862325056918
F7,RNA_neg,GO:0048167,regulation of synaptic plasticity,Process,1,2,30,2545,0.023441264781109833,30,0.05824862325056918
F7,RNA_neg,GO:0006072,glycerol-3-phosphate metabolic process,Process,1,2,30,2545,0.023441264781109833,30,0.05824862325056918
F1,METH_neg,GO:0042383,sarcolemma,Component,1,2,30,2545,0.023441264781109833,30,0.05824862325056918
F1,RNA_neg,GO:0009098,L-leucine biosynthetic process,Process,1,2,30,2545,0.023441264781109833,30,0.05824862325056918
F1,RNA_neg,GO:0009099,L-valine biosynthetic process,Process,1,2,30,2545,0.023441264781109833,30,0.05824862325056918
F1,RNA_neg,GO:0004084,branched-chain-amino-acid:2-oxoglutarate transaminase activity,Function,1,2,30,2545,0.023441264781109833,30,0.05824862325056918
F7,RNA_neg,GO:0007274,neuromuscular synaptic transmission,Process,1,2,30,2545,0.023441264781109833,30,0.05824862325056918
F3,METH_pos,GO:0035805,egg coat,Component,1,2,30,2545,0.023441264781109833,30,0.05824862325056918
F1,METH_neg,GO:0051453,regulation of intracellular pH,Process,1,2,30,2545,0.023441264781109833,30,0.05824862325056918
F3,METH_pos,GO:0006518,peptide metabolic process,Process,1,2,30,2545,0.023441264781109833,30,0.05824862325056918
F7,RNA_pos,GO:0006164,purine nucleotide biosynthetic process,Process,1,2,30,2545,0.023441264781109833,30,0.05824862325056918
F7,RNA_pos,GO:0003938,IMP dehydrogenase activity,Function,1,2,30,2545,0.023441264781109833,30,0.05824862325056918
F4,RNA_neg,GO:0030286,dynein complex,Component,1,2,30,2545,0.023441264781109833,30,0.05824862325056918
F1,RNA_neg,GO:0007188,adenylate cyclase-modulating G protein-coupled receptor signaling pathway,Process,1,2,30,2545,0.023441264781109833,30,0.05824862325056918
F4,RNA_neg,GO:1990481,mRNA pseudouridine synthesis,Process,1,2,30,2545,0.023441264781109833,30,0.05824862325056918
F1,RNA_neg,GO:0070273,phosphatidylinositol-4-phosphate binding,Function,1,2,30,2545,0.023441264781109833,30,0.05824862325056918
F1,RNA_neg,GO:0002084,protein depalmitoylation,Process,1,2,30,2545,0.023441264781109833,30,0.05824862325056918
F2,RNA_neg,GO:0032968,positive regulation of transcription elongation by RNA polymerase II,Process,1,2,30,2545,0.023441264781109833,30,0.05824862325056918
F4,RNA_neg,GO:0045505,dynein intermediate chain binding,Function,1,2,30,2545,0.023441264781109833,30,0.05824862325056918
F4,RNA_neg,GO:0003906,DNA-(apurinic or apyrimidinic site) endonuclease activity,Function,1,2,30,2545,0.023441264781109833,30,0.05824862325056918
F7,RNA_pos,GO:0003886,DNA (cytosine-5-)-methyltransferase activity,Function,1,2,30,2545,0.023441264781109833,30,0.05824862325056918
F7,RNA_pos,GO:0006346,DNA methylation-dependent constitutive heterochromatin formation,Process,1,2,30,2545,0.023441264781109833,30,0.05824862325056918
F3,METH_pos,GO:0017185,peptidyl-lysine hydroxylation,Process,1,2,30,2545,0.023441264781109833,30,0.05824862325056918
F3,METH_pos,GO:0008475,procollagen-lysine 5-dioxygenase activity,Function,1,2,30,2545,0.023441264781109833,30,0.05824862325056918
F3,METH_pos,GO:0035804,structural constituent of egg coat,Function,1,2,30,2545,0.023441264781109833,30,0.05824862325056918
F6,RNA_pos,GO:1904257,zinc ion import into Golgi lumen,Process,1,2,30,2545,0.023441264781109833,30,0.05824862325056918
F3,METH_pos,GO:0008061,chitin binding,Function,1,2,30,2545,0.023441264781109833,30,0.05824862325056918
F3,METH_pos,GO:0006491,N-glycan processing,Process,1,2,30,2545,0.023441264781109833,30,0.05824862325056918
F6,RNA_pos,GO:0004758,serine C-palmitoyltransferase activity,Function,1,2,30,2545,0.023441264781109833,30,0.05824862325056918
F7,RNA_pos,GO:0008889,glycerophosphodiester phosphodiesterase activity,Function,1,2,30,2545,0.023441264781109833,30,0.05824862325056918
F6,RNA_pos,GO:0003985,acetyl-CoA C-acetyltransferase activity,Function,1,2,30,2545,0.023441264781109833,30,0.05824862325056918
F6,RNA_pos,GO:0045807,positive regulation of endocytosis,Process,1,2,30,2545,0.023441264781109833,30,0.05824862325056918
F7,RNA_pos,GO:0006637,acyl-CoA metabolic process,Process,1,2,30,2545,0.023441264781109833,30,0.05824862325056918
F6,RNA_pos,GO:0000244,spliceosomal tri-snRNP complex assembly,Process,1,2,30,2545,0.023441264781109833,30,0.05824862325056918
F7,METH_neg,GO:0032968,positive regulation of transcription elongation by RNA polymerase II,Process,1,2,30,2545,0.023441264781109833,30,0.05824862325056918
F7,METH_neg,GO:0005080,protein kinase C binding,Function,1,2,30,2545,0.023441264781109833,30,0.05824862325056918
F5,METH_neg,GO:0120020,cholesterol transfer activity,Function,1,2,30,2545,0.023441264781109833,30,0.05824862325056918
F5,METH_pos,GO:0010906,regulation of glucose metabolic process,Process,1,2,30,2545,0.023441264781109833,30,0.05824862325056918
F5,METH_pos,GO:0004740,pyruvate dehydrogenase (acetyl-transferring) kinase activity,Function,1,2,30,2545,0.023441264781109833,30,0.05824862325056918
F7,METH_neg,GO:0016235,aggresome,Component,1,2,30,2545,0.023441264781109833,30,0.05824862325056918
F1,RNA_neg,GO:0033179,"proton-transporting V-type ATPase, V0 domain",Component,1,2,30,2545,0.023441264781109833,30,0.05824862325056918
F3,METH_pos,GO:0043236,laminin binding,Function,1,2,30,2545,0.023441264781109833,30,0.05824862325056918
F1,RNA_pos,GO:0035805,egg coat,Component,1,2,30,2545,0.023441264781109833,30,0.05824862325056918
F7,METH_neg,GO:0003746,translation elongation factor activity,Function,1,2,30,2545,0.023441264781109833,30,0.05824862325056918
F3,METH_pos,GO:0016620,"oxidoreductase activity, acting on the aldehyde or oxo group of donors, NAD or NADP as acceptor",Function,1,2,30,2545,0.023441264781109833,30,0.05824862325056918
F3,METH_pos,GO:0000390,spliceosomal complex disassembly,Process,1,2,30,2545,0.023441264781109833,30,0.05824862325056918
F7,METH_neg,GO:0016620,"oxidoreductase activity, acting on the aldehyde or oxo group of donors, NAD or NADP as acceptor",Function,1,2,30,2545,0.023441264781109833,30,0.05824862325056918
F7,METH_neg,GO:0004719,protein-L-isoaspartate (D-aspartate) O-methyltransferase activity,Function,1,2,30,2545,0.023441264781109833,30,0.05824862325056918
F4,METH_pos,GO:0045216,cell-cell junction organization,Process,1,2,30,2545,0.023441264781109833,30,0.05824862325056918
F4,METH_neg,GO:0030983,mismatched DNA binding,Function,1,2,30,2545,0.023441264781109833,30,0.05824862325056918
F5,METH_neg,GO:0004473,malate dehydrogenase (decarboxylating) (NADP+) activity,Function,1,2,30,2545,0.023441264781109833,30,0.05824862325056918
F5,RNA_pos,GO:0038063,collagen-activated tyrosine kinase receptor signaling pathway,Process,1,2,30,2545,0.023441264781109833,30,0.05824862325056918
F5,RNA_pos,GO:0007175,negative regulation of epidermal growth factor-activated receptor activity,Process,1,2,30,2545,0.023441264781109833,30,0.05824862325056918
F1,METH_neg,GO:0008253,5'-nucleotidase activity,Function,1,2,30,2545,0.023441264781109833,30,0.05824862325056918
F1,METH_neg,GO:0045177,apical part of cell,Component,1,2,30,2545,0.023441264781109833,30,0.05824862325056918
F2,RNA_pos,GO:0031274,positive regulation of pseudopodium assembly,Process,1,2,30,2545,0.023441264781109833,30,0.05824862325056918
F5,METH_neg,GO:0043236,laminin binding,Function,1,2,30,2545,0.023441264781109833,30,0.05824862325056918
F5,METH_neg,GO:0008198,ferrous iron binding,Function,1,2,30,2545,0.023441264781109833,30,0.05824862325056918
F6,RNA_neg,GO:0000439,transcription factor TFIIH core complex,Component,1,2,30,2545,0.023441264781109833,30,0.05824862325056918
F7,RNA_pos,GO:0042709,succinate-CoA ligase complex,Component,1,2,30,2545,0.023441264781109833,30,0.05824862325056918
F7,RNA_pos,GO:0006104,succinyl-CoA metabolic process,Process,1,2,30,2545,0.023441264781109833,30,0.05824862325056918
F7,RNA_pos,GO:0004776,succinate-CoA ligase (GDP-forming) activity,Function,1,2,30,2545,0.023441264781109833,30,0.05824862325056918
F7,RNA_pos,GO:0030234,enzyme regulator activity,Function,1,2,30,2545,0.023441264781109833,30,0.05824862325056918
F3,METH_pos,GO:0003756,protein disulfide isomerase activity,Function,1,2,30,2545,0.023441264781109833,30,0.05824862325056918
F3,METH_pos,GO:0035312,5'-3' DNA exonuclease activity,Function,1,2,30,2545,0.023441264781109833,30,0.05824862325056918
F1,RNA_neg,GO:0030054,cell junction,Component,1,2,30,2545,0.023441264781109833,30,0.05824862325056918
F1,RNA_neg,GO:0003985,acetyl-CoA C-acetyltransferase activity,Function,1,2,30,2545,0.023441264781109833,30,0.05824862325056918
F1,RNA_neg,GO:0010314,phosphatidylinositol-5-phosphate binding,Function,1,2,30,2545,0.023441264781109833,30,0.05824862325056918
F1,RNA_neg,GO:0008483,transaminase activity,Function,1,2,30,2545,0.023441264781109833,30,0.05824862325056918
F7,RNA_pos,GO:0050750,low-density lipoprotein particle receptor binding,Function,1,2,30,2545,0.023441264781109833,30,0.05824862325056918
F3,METH_neg,GO:0032870,cellular response to hormone stimulus,Process,1,2,30,2545,0.023441264781109833,30,0.05824862325056918
F2,RNA_neg,GO:0034647,histone H3K4me/H3K4me2/H3K4me3 demethylase activity,Function,1,2,30,2545,0.023441264781109833,30,0.05824862325056918
F2,RNA_neg,GO:0001578,microtubule bundle formation,Process,1,2,30,2545,0.023441264781109833,30,0.05824862325056918
F4,METH_pos,GO:0051225,spindle assembly,Process,1,2,30,2545,0.023441264781109833,30,0.05824862325056918
F5,METH_neg,GO:0003886,DNA (cytosine-5-)-methyltransferase activity,Function,1,2,30,2545,0.023441264781109833,30,0.05824862325056918
F5,METH_neg,GO:0006346,DNA methylation-dependent constitutive heterochromatin formation,Process,1,2,30,2545,0.023441264781109833,30,0.05824862325056918
F7,RNA_pos,GO:0060468,prevention of polyspermy,Process,1,2,30,2545,0.023441264781109833,30,0.05824862325056918
F7,RNA_pos,GO:0035804,structural constituent of egg coat,Function,1,2,30,2545,0.023441264781109833,30,0.05824862325056918
F7,RNA_pos,GO:0034237,protein kinase A regulatory subunit binding,Function,1,2,30,2545,0.023441264781109833,30,0.05824862325056918
F7,RNA_pos,GO:0014704,intercalated disc,Component,1,2,30,2545,0.023441264781109833,30,0.05824862325056918
F1,RNA_neg,GO:0008253,5'-nucleotidase activity,Function,1,2,30,2545,0.023441264781109833,30,0.05824862325056918
F6,METH_neg,GO:0000930,gamma-tubulin complex,Component,1,2,30,2545,0.023441264781109833,30,0.05824862325056918
F6,METH_neg,GO:0031929,TOR signaling,Process,1,2,30,2545,0.023441264781109833,30,0.05824862325056918
F7,RNA_pos,GO:0035805,egg coat,Component,1,2,30,2545,0.023441264781109833,30,0.05824862325056918
F3,METH_neg,GO:1902902,negative regulation of autophagosome assembly,Process,1,2,30,2545,0.023441264781109833,30,0.05824862325056918
F3,METH_neg,GO:0046475,glycerophospholipid catabolic process,Process,1,2,30,2545,0.023441264781109833,30,0.05824862325056918
F6,METH_neg,GO:0006750,glutathione biosynthetic process,Process,1,2,30,2545,0.023441264781109833,30,0.05824862325056918
F6,METH_neg,GO:0006637,acyl-CoA metabolic process,Process,1,2,30,2545,0.023441264781109833,30,0.05824862325056918
F3,METH_neg,GO:0004477,methenyltetrahydrofolate cyclohydrolase activity,Function,1,2,30,2545,0.023441264781109833,30,0.05824862325056918
F4,METH_pos,GO:0050750,low-density lipoprotein particle receptor binding,Function,1,2,30,2545,0.023441264781109833,30,0.05824862325056918
F4,METH_pos,GO:0007098,centrosome cycle,Process,1,2,30,2545,0.023441264781109833,30,0.05824862325056918
F4,METH_pos,GO:0017185,peptidyl-lysine hydroxylation,Process,1,2,30,2545,0.023441264781109833,30,0.05824862325056918
F4,METH_pos,GO:0008475,procollagen-lysine 5-dioxygenase activity,Function,1,2,30,2545,0.023441264781109833,30,0.05824862325056918
F4,METH_pos,GO:0016620,"oxidoreductase activity, acting on the aldehyde or oxo group of donors, NAD or NADP as acceptor",Function,1,2,30,2545,0.023441264781109833,30,0.05824862325056918
F4,METH_pos,GO:0000900,mRNA regulatory element binding translation repressor activity,Function,1,2,30,2545,0.023441264781109833,30,0.05824862325056918
F1,METH_neg,GO:0031594,neuromuscular junction,Component,1,2,30,2545,0.023441264781109833,30,0.05824862325056918
F3,METH_neg,GO:0071339,MLL1 complex,Component,1,2,30,2545,0.023441264781109833,30,0.05824862325056918
F3,METH_neg,GO:0016922,nuclear receptor binding,Function,1,2,30,2545,0.023441264781109833,30,0.05824862325056918
F6,METH_neg,GO:0030512,negative regulation of transforming growth factor beta receptor signaling pathway,Process,1,2,30,2545,0.023441264781109833,30,0.05824862325056918
F6,METH_neg,GO:0034647,histone H3K4me/H3K4me2/H3K4me3 demethylase activity,Function,1,2,30,2545,0.023441264781109833,30,0.05824862325056918
F6,METH_neg,GO:0031083,BLOC-1 complex,Component,1,2,30,2545,0.023441264781109833,30,0.05824862325056918
F3,METH_neg,GO:0005868,cytoplasmic dynein complex,Component,1,2,30,2545,0.023441264781109833,30,0.05824862325056918
F3,METH_neg,GO:0043186,P granule,Component,1,2,30,2545,0.023441264781109833,30,0.05824862325056918
F3,METH_neg,GO:0009378,four-way junction helicase activity,Function,1,2,30,2545,0.023441264781109833,30,0.05824862325056918
F3,METH_neg,GO:0045003,double-strand break repair via synthesis-dependent strand annealing,Process,1,2,30,2545,0.023441264781109833,30,0.05824862325056918
F3,METH_neg,GO:0045773,positive regulation of axon extension,Process,1,2,30,2545,0.023441264781109833,30,0.05824862325056918
F3,METH_neg,GO:0046716,muscle cell cellular homeostasis,Process,1,2,30,2545,0.023441264781109833,30,0.05824862325056918
F2,RNA_neg,GO:0006402,mRNA catabolic process,Process,1,2,30,2545,0.023441264781109833,30,0.05824862325056918
F2,RNA_neg,GO:0010906,regulation of glucose metabolic process,Process,1,2,30,2545,0.023441264781109833,30,0.05824862325056918
F2,RNA_neg,GO:0004740,pyruvate dehydrogenase (acetyl-transferring) kinase activity,Function,1,2,30,2545,0.023441264781109833,30,0.05824862325056918
F4,METH_pos,GO:0030552,cAMP binding,Function,1,2,30,2545,0.023441264781109833,30,0.05824862325056918
F4,METH_pos,GO:0034236,protein kinase A catalytic subunit binding,Function,1,2,30,2545,0.023441264781109833,30,0.05824862325056918
F4,METH_pos,GO:0005952,cAMP-dependent protein kinase complex,Component,1,2,30,2545,0.023441264781109833,30,0.05824862325056918
F4,METH_pos,GO:2000480,negative regulation of cAMP-dependent protein kinase activity,Process,1,2,30,2545,0.023441264781109833,30,0.05824862325056918
F4,METH_pos,GO:0006750,glutathione biosynthetic process,Process,1,2,30,2545,0.023441264781109833,30,0.05824862325056918
F4,METH_pos,GO:0000127,transcription factor TFIIIC complex,Component,1,2,30,2545,0.023441264781109833,30,0.05824862325056918
F3,METH_neg,GO:0048311,mitochondrion distribution,Process,1,2,30,2545,0.023441264781109833,30,0.05824862325056918
F3,METH_neg,GO:0043024,ribosomal small subunit binding,Function,1,2,30,2545,0.023441264781109833,30,0.05824862325056918
F6,METH_pos,GO:0071036,nuclear polyadenylation-dependent snoRNA catabolic process,Process,1,2,30,2545,0.023441264781109833,30,0.05824862325056918
F6,METH_pos,GO:0071039,nuclear polyadenylation-dependent CUT catabolic process,Process,1,2,30,2545,0.023441264781109833,30,0.05824862325056918
F6,METH_pos,GO:0071037,nuclear polyadenylation-dependent snRNA catabolic process,Process,1,2,30,2545,0.023441264781109833,30,0.05824862325056918
F1,METH_pos,GO:0030155,regulation of cell adhesion,Process,1,2,30,2545,0.023441264781109833,30,0.05824862325056918
F3,METH_neg,GO:0046983,protein dimerization activity,Function,2,21,30,2545,0.024552405695537866,30,0.06084726628894167
F3,RNA_neg,GO:0016477,cell migration,Process,2,21,30,2545,0.024552405695537866,30,0.06084726628894167
F7,METH_pos,GO:0005975,carbohydrate metabolic process,Process,2,21,30,2545,0.024552405695537866,30,0.06084726628894167
F4,METH_neg,GO:0016579,protein deubiquitination,Process,2,22,30,2545,0.026811857682598732,30,0.06638787101728569
F1,RNA_pos,GO:0016567,protein ubiquitination,Process,2,23,30,2545,0.02915263339499269,30,0.07199231217702438
F3,RNA_pos,GO:0004672,protein kinase activity,Function,2,23,30,2545,0.02915263339499269,30,0.07199231217702438
F1,METH_pos,GO:0016567,protein ubiquitination,Process,2,23,30,2545,0.02915263339499269,30,0.07199231217702438
F2,METH_pos,GO:0044027,negative regulation of gene expression via chromosomal CpG island methylation,Process,1,3,29,2545,0.033809760986737054,29,0.07230862095592581
F2,METH_pos,GO:0080008,Cul4-RING E3 ubiquitin ligase complex,Component,1,3,29,2545,0.033809760986737054,29,0.07230862095592581
F2,METH_pos,GO:0000070,mitotic sister chromatid segregation,Process,1,3,29,2545,0.033809760986737054,29,0.07230862095592581
F2,METH_pos,GO:0072542,protein phosphatase activator activity,Function,1,3,29,2545,0.033809760986737054,29,0.07230862095592581
F2,RNA_pos,GO:0035556,intracellular signal transduction,Process,2,25,30,2545,0.034069814800019756,30,0.07230862095592581
F4,METH_neg,GO:0004843,cysteine-type deubiquitinase activity,Function,2,25,30,2545,0.034069814800019756,30,0.07230862095592581
F5,RNA_pos,GO:0035556,intracellular signal transduction,Process,2,25,30,2545,0.034069814800019756,30,0.07230862095592581
F5,RNA_neg,GO:0030544,Hsp70 protein binding,Function,1,3,30,2545,0.034961816120695634,30,0.07230862095592581
F2,RNA_pos,GO:0031119,tRNA pseudouridine synthesis,Process,1,3,30,2545,0.034961816120695634,30,0.07230862095592581
F7,METH_neg,GO:0042985,negative regulation of amyloid precursor protein biosynthetic process,Process,1,3,30,2545,0.034961816120695634,30,0.07230862095592581
F2,RNA_pos,GO:0030838,positive regulation of actin filament polymerization,Process,1,3,30,2545,0.034961816120695634,30,0.07230862095592581
F2,RNA_pos,GO:0001516,prostaglandin biosynthetic process,Process,1,3,30,2545,0.034961816120695634,30,0.07230862095592581
F5,RNA_pos,GO:0017025,TBP-class protein binding,Function,1,3,30,2545,0.034961816120695634,30,0.07230862095592581
F5,RNA_pos,GO:0021987,cerebral cortex development,Process,1,3,30,2545,0.034961816120695634,30,0.07230862095592581
F3,RNA_pos,GO:0034587,piRNA processing,Process,1,3,30,2545,0.034961816120695634,30,0.07230862095592581
F7,METH_neg,GO:0030544,Hsp70 protein binding,Function,1,3,30,2545,0.034961816120695634,30,0.07230862095592581
F7,METH_pos,GO:0052629,"phosphatidylinositol-3,5-bisphosphate 3-phosphatase activity",Function,1,3,30,2545,0.034961816120695634,30,0.07230862095592581
F5,RNA_pos,GO:0034501,protein localization to kinetochore,Process,1,3,30,2545,0.034961816120695634,30,0.07230862095592581
F5,RNA_pos,GO:0006469,negative regulation of protein kinase activity,Process,1,3,30,2545,0.034961816120695634,30,0.07230862095592581
F2,RNA_pos,GO:0006564,L-serine biosynthetic process,Process,1,3,30,2545,0.034961816120695634,30,0.07230862095592581
F2,RNA_pos,GO:0050684,regulation of mRNA processing,Process,1,3,30,2545,0.034961816120695634,30,0.07230862095592581
F2,RNA_pos,GO:0000245,spliceosomal complex assembly,Process,1,3,30,2545,0.034961816120695634,30,0.07230862095592581
F5,RNA_neg,GO:0006564,L-serine biosynthetic process,Process,1,3,30,2545,0.034961816120695634,30,0.07230862095592581
F3,RNA_pos,GO:0006469,negative regulation of protein kinase activity,Process,1,3,30,2545,0.034961816120695634,30,0.07230862095592581
F3,RNA_pos,GO:0030422,siRNA processing,Process,1,3,30,2545,0.034961816120695634,30,0.07230862095592581
F2,METH_neg,GO:0006516,glycoprotein catabolic process,Process,1,3,30,2545,0.034961816120695634,30,0.07230862095592581
F2,METH_neg,GO:0033314,mitotic DNA replication checkpoint signaling,Process,1,3,30,2545,0.034961816120695634,30,0.07230862095592581
F7,METH_pos,GO:0034271,"phosphatidylinositol 3-kinase complex, class III, type I",Component,1,3,30,2545,0.034961816120695634,30,0.07230862095592581
F7,METH_pos,GO:0034272,"phosphatidylinositol 3-kinase complex, class III, type II",Component,1,3,30,2545,0.034961816120695634,30,0.07230862095592581
F5,RNA_pos,GO:0051123,RNA polymerase II preinitiation complex assembly,Process,1,3,30,2545,0.034961816120695634,30,0.07230862095592581
F5,RNA_neg,GO:0043171,peptide catabolic process,Process,1,3,30,2545,0.034961816120695634,30,0.07230862095592581
F5,RNA_neg,GO:0072659,protein localization to plasma membrane,Process,1,3,30,2545,0.034961816120695634,30,0.07230862095592581
F3,RNA_pos,GO:0008173,RNA methyltransferase activity,Function,1,3,30,2545,0.034961816120695634,30,0.07230862095592581
F3,RNA_pos,GO:0035102,PRC1 complex,Component,1,3,30,2545,0.034961816120695634,30,0.07230862095592581
F3,RNA_pos,GO:0016504,peptidase activator activity,Function,1,3,30,2545,0.034961816120695634,30,0.07230862095592581
F3,RNA_pos,GO:1903479,mitotic actomyosin contractile ring assembly actin filament organization,Process,1,3,30,2545,0.034961816120695634,30,0.07230862095592581
F3,RNA_pos,GO:0006516,glycoprotein catabolic process,Process,1,3,30,2545,0.034961816120695634,30,0.07230862095592581
F2,METH_neg,GO:0006517,protein deglycosylation,Process,1,3,30,2545,0.034961816120695634,30,0.07230862095592581
F2,METH_neg,GO:0006893,Golgi to plasma membrane transport,Process,1,3,30,2545,0.034961816120695634,30,0.07230862095592581
F1,METH_pos,GO:0036444,calcium import into the mitochondrion,Process,1,3,30,2545,0.034961816120695634,30,0.07230862095592581
F7,METH_pos,GO:0016236,macroautophagy,Process,1,3,30,2545,0.034961816120695634,30,0.07230862095592581
F1,RNA_pos,GO:0001764,neuron migration,Process,1,3,30,2545,0.034961816120695634,30,0.07230862095592581
F3,RNA_neg,GO:0032436,positive regulation of proteasomal ubiquitin-dependent protein catabolic process,Process,1,3,30,2545,0.034961816120695634,30,0.07230862095592581
F1,RNA_pos,GO:1990246,uniplex complex,Component,1,3,30,2545,0.034961816120695634,30,0.07230862095592581
F1,RNA_pos,GO:0036444,calcium import into the mitochondrion,Process,1,3,30,2545,0.034961816120695634,30,0.07230862095592581
F7,METH_pos,GO:0034727,piecemeal microautophagy of the nucleus,Process,1,3,30,2545,0.034961816120695634,30,0.07230862095592581
F7,METH_pos,GO:0046856,phosphatidylinositol dephosphorylation,Process,1,3,30,2545,0.034961816120695634,30,0.07230862095592581
F5,RNA_pos,GO:0004693,cyclin-dependent protein serine/threonine kinase activity,Function,1,3,30,2545,0.034961816120695634,30,0.07230862095592581
F5,RNA_neg,GO:0044027,negative regulation of gene expression via chromosomal CpG island methylation,Process,1,3,30,2545,0.034961816120695634,30,0.07230862095592581
F1,RNA_pos,GO:0035973,aggrephagy,Process,1,3,30,2545,0.034961816120695634,30,0.07230862095592581
F5,RNA_neg,GO:0031119,tRNA pseudouridine synthesis,Process,1,3,30,2545,0.034961816120695634,30,0.07230862095592581
F5,RNA_neg,GO:0006614,SRP-dependent cotranslational protein targeting to membrane,Process,1,3,30,2545,0.034961816120695634,30,0.07230862095592581
F5,RNA_neg,GO:0005786,"signal recognition particle, endoplasmic reticulum targeting",Component,1,3,30,2545,0.034961816120695634,30,0.07230862095592581
F5,RNA_neg,GO:0008312,7S RNA binding,Function,1,3,30,2545,0.034961816120695634,30,0.07230862095592581
F2,RNA_neg,GO:0030544,Hsp70 protein binding,Function,1,3,30,2545,0.034961816120695634,30,0.07230862095592581
F3,RNA_neg,GO:0006816,calcium ion transport,Process,1,3,30,2545,0.034961816120695634,30,0.07230862095592581
F2,METH_neg,GO:0042985,negative regulation of amyloid precursor protein biosynthetic process,Process,1,3,30,2545,0.034961816120695634,30,0.07230862095592581
F7,METH_pos,GO:0051607,defense response to virus,Process,1,3,30,2545,0.034961816120695634,30,0.07230862095592581
F7,RNA_neg,GO:0004712,protein serine/threonine/tyrosine kinase activity,Function,1,3,30,2545,0.034961816120695634,30,0.07230862095592581
F7,METH_pos,GO:0007420,brain development,Process,1,3,30,2545,0.034961816120695634,30,0.07230862095592581
F3,RNA_neg,GO:0042985,negative regulation of amyloid precursor protein biosynthetic process,Process,1,3,30,2545,0.034961816120695634,30,0.07230862095592581
F3,RNA_neg,GO:0001516,prostaglandin biosynthetic process,Process,1,3,30,2545,0.034961816120695634,30,0.07230862095592581
F4,METH_neg,GO:0008474,palmitoyl-(protein) hydrolase activity,Function,1,3,30,2545,0.034961816120695634,30,0.07230862095592581
F3,RNA_neg,GO:0048856,anatomical structure development,Process,1,3,30,2545,0.034961816120695634,30,0.07230862095592581
F3,RNA_neg,GO:0008013,beta-catenin binding,Function,1,3,30,2545,0.034961816120695634,30,0.07230862095592581
F7,RNA_neg,GO:0070536,protein K63-linked deubiquitination,Process,1,3,30,2545,0.034961816120695634,30,0.07230862095592581
F7,RNA_neg,GO:0034501,protein localization to kinetochore,Process,1,3,30,2545,0.034961816120695634,30,0.07230862095592581
F7,RNA_neg,GO:0031262,Ndc80 complex,Component,1,3,30,2545,0.034961816120695634,30,0.07230862095592581
F4,METH_neg,GO:0099175,regulation of postsynapse organization,Process,1,3,30,2545,0.034961816120695634,30,0.07230862095592581
F4,METH_neg,GO:0035869,ciliary transition zone,Component,1,3,30,2545,0.034961816120695634,30,0.07230862095592581
F4,METH_neg,GO:2000042,negative regulation of double-strand break repair via homologous recombination,Process,1,3,30,2545,0.034961816120695634,30,0.07230862095592581
F3,RNA_neg,GO:0016757,glycosyltransferase activity,Function,1,3,30,2545,0.034961816120695634,30,0.07230862095592581
F3,RNA_neg,GO:0000902,cell morphogenesis,Process,1,3,30,2545,0.034961816120695634,30,0.07230862095592581
F3,RNA_neg,GO:0097190,apoptotic signaling pathway,Process,1,3,30,2545,0.034961816120695634,30,0.07230862095592581
F1,RNA_neg,GO:0007596,blood coagulation,Process,1,3,30,2545,0.034961816120695634,30,0.07230862095592581
F4,METH_neg,GO:0017116,single-stranded DNA helicase activity,Function,1,3,30,2545,0.034961816120695634,30,0.07230862095592581
F2,RNA_pos,GO:0006909,phagocytosis,Process,1,3,30,2545,0.034961816120695634,30,0.07230862095592581
F5,METH_pos,GO:0016226,iron-sulfur cluster assembly,Process,1,3,30,2545,0.034961816120695634,30,0.07230862095592581
F1,RNA_neg,GO:0004602,glutathione peroxidase activity,Function,1,3,30,2545,0.034961816120695634,30,0.07230862095592581
F7,RNA_neg,GO:0030970,"retrograde protein transport, ER to cytosol",Process,1,3,30,2545,0.034961816120695634,30,0.07230862095592581
F4,METH_neg,GO:0140664,ATP-dependent DNA damage sensor activity,Function,1,3,30,2545,0.034961816120695634,30,0.07230862095592581
F5,METH_pos,GO:0031262,Ndc80 complex,Component,1,3,30,2545,0.034961816120695634,30,0.07230862095592581
F5,METH_pos,GO:0045132,meiotic chromosome segregation,Process,1,3,30,2545,0.034961816120695634,30,0.07230862095592581
F5,METH_pos,GO:0051315,attachment of mitotic spindle microtubules to kinetochore,Process,1,3,30,2545,0.034961816120695634,30,0.07230862095592581
F5,METH_pos,GO:0008173,RNA methyltransferase activity,Function,1,3,30,2545,0.034961816120695634,30,0.07230862095592581
F7,RNA_neg,GO:0051607,defense response to virus,Process,1,3,30,2545,0.034961816120695634,30,0.07230862095592581
F7,RNA_pos,GO:0043023,ribosomal large subunit binding,Function,1,3,30,2545,0.034961816120695634,30,0.07230862095592581
F3,METH_pos,GO:0006509,membrane protein ectodomain proteolysis,Process,1,3,30,2545,0.034961816120695634,30,0.07230862095592581
F7,RNA_pos,GO:0008541,"proteasome regulatory particle, lid subcomplex",Component,1,3,30,2545,0.034961816120695634,30,0.07230862095592581
F1,RNA_neg,GO:0006865,amino acid transport,Process,1,3,30,2545,0.034961816120695634,30,0.07230862095592581
F1,RNA_neg,GO:0008474,palmitoyl-(protein) hydrolase activity,Function,1,3,30,2545,0.034961816120695634,30,0.07230862095592581
F1,RNA_neg,GO:0080025,"phosphatidylinositol-3,5-bisphosphate binding",Function,1,3,30,2545,0.034961816120695634,30,0.07230862095592581
F7,RNA_pos,GO:0044027,negative regulation of gene expression via chromosomal CpG island methylation,Process,1,3,30,2545,0.034961816120695634,30,0.07230862095592581
F3,METH_pos,GO:0032190,acrosin binding,Function,1,3,30,2545,0.034961816120695634,30,0.07230862095592581
F7,RNA_pos,GO:0007097,nuclear migration,Process,1,3,30,2545,0.034961816120695634,30,0.07230862095592581
F7,RNA_pos,GO:0045110,intermediate filament bundle assembly,Process,1,3,30,2545,0.034961816120695634,30,0.07230862095592581
F7,RNA_pos,GO:0021987,cerebral cortex development,Process,1,3,30,2545,0.034961816120695634,30,0.07230862095592581
F5,METH_neg,GO:0008203,cholesterol metabolic process,Process,1,3,30,2545,0.034961816120695634,30,0.07230862095592581
F5,METH_neg,GO:0007173,epidermal growth factor receptor signaling pathway,Process,1,3,30,2545,0.034961816120695634,30,0.07230862095592581
F5,METH_neg,GO:0030048,actin filament-based movement,Process,1,3,30,2545,0.034961816120695634,30,0.07230862095592581
F1,RNA_neg,GO:0042171,lysophosphatidic acid acyltransferase activity,Function,1,3,30,2545,0.034961816120695634,30,0.07230862095592581
F3,METH_pos,GO:0006516,glycoprotein catabolic process,Process,1,3,30,2545,0.034961816120695634,30,0.07230862095592581
F1,METH_neg,GO:0048038,quinone binding,Function,1,3,30,2545,0.034961816120695634,30,0.07230862095592581
F1,METH_neg,GO:0050684,regulation of mRNA processing,Process,1,3,30,2545,0.034961816120695634,30,0.07230862095592581
F5,METH_neg,GO:0033344,cholesterol efflux,Process,1,3,30,2545,0.034961816120695634,30,0.07230862095592581
F3,METH_neg,GO:0031080,nuclear pore outer ring,Component,1,3,30,2545,0.034961816120695634,30,0.07230862095592581
F3,METH_neg,GO:1990246,uniplex complex,Component,1,3,30,2545,0.034961816120695634,30,0.07230862095592581
F3,METH_neg,GO:0036444,calcium import into the mitochondrion,Process,1,3,30,2545,0.034961816120695634,30,0.07230862095592581
F4,RNA_pos,GO:0008021,synaptic vesicle,Component,1,3,30,2545,0.034961816120695634,30,0.07230862095592581
F3,METH_pos,GO:0007076,mitotic chromosome condensation,Process,1,3,30,2545,0.034961816120695634,30,0.07230862095592581
F6,METH_neg,GO:0048471,perinuclear region of cytoplasm,Component,1,3,30,2545,0.034961816120695634,30,0.07230862095592581
F4,RNA_pos,GO:0004693,cyclin-dependent protein serine/threonine kinase activity,Function,1,3,30,2545,0.034961816120695634,30,0.07230862095592581
F6,METH_neg,GO:0006816,calcium ion transport,Process,1,3,30,2545,0.034961816120695634,30,0.07230862095592581
F6,METH_neg,GO:0006633,fatty acid biosynthetic process,Process,1,3,30,2545,0.034961816120695634,30,0.07230862095592581
F3,METH_neg,GO:0043023,ribosomal large subunit binding,Function,1,3,30,2545,0.034961816120695634,30,0.07230862095592581
F6,RNA_pos,GO:0043015,gamma-tubulin binding,Function,1,3,30,2545,0.034961816120695634,30,0.07230862095592581
F6,RNA_pos,GO:0046512,sphingosine biosynthetic process,Process,1,3,30,2545,0.034961816120695634,30,0.07230862095592581
F4,METH_pos,GO:1902476,chloride transmembrane transport,Process,1,3,30,2545,0.034961816120695634,30,0.07230862095592581
F6,RNA_pos,GO:0004693,cyclin-dependent protein serine/threonine kinase activity,Function,1,3,30,2545,0.034961816120695634,30,0.07230862095592581
F4,METH_pos,GO:0004402,histone acetyltransferase activity,Function,1,3,30,2545,0.034961816120695634,30,0.07230862095592581
F6,RNA_pos,GO:0002020,protease binding,Function,1,3,30,2545,0.034961816120695634,30,0.07230862095592581
F6,RNA_pos,GO:0006882,intracellular zinc ion homeostasis,Process,1,3,30,2545,0.034961816120695634,30,0.07230862095592581
F6,RNA_pos,GO:0072659,protein localization to plasma membrane,Process,1,3,30,2545,0.034961816120695634,30,0.07230862095592581
F3,METH_neg,GO:0052629,"phosphatidylinositol-3,5-bisphosphate 3-phosphatase activity",Function,1,3,30,2545,0.034961816120695634,30,0.07230862095592581
F3,METH_neg,GO:0035999,tetrahydrofolate interconversion,Process,1,3,30,2545,0.034961816120695634,30,0.07230862095592581
F3,METH_pos,GO:0008173,RNA methyltransferase activity,Function,1,3,30,2545,0.034961816120695634,30,0.07230862095592581
F1,METH_neg,GO:0000245,spliceosomal complex assembly,Process,1,3,30,2545,0.034961816120695634,30,0.07230862095592581
F6,METH_neg,GO:0016973,poly(A)+ mRNA export from nucleus,Process,1,3,30,2545,0.034961816120695634,30,0.07230862095592581
F3,METH_neg,GO:0007283,spermatogenesis,Process,1,3,30,2545,0.034961816120695634,30,0.07230862095592581
F1,METH_neg,GO:0031119,tRNA pseudouridine synthesis,Process,1,3,30,2545,0.034961816120695634,30,0.07230862095592581
F5,METH_neg,GO:0044027,negative regulation of gene expression via chromosomal CpG island methylation,Process,1,3,30,2545,0.034961816120695634,30,0.07230862095592581
F1,RNA_neg,GO:0099175,regulation of postsynapse organization,Process,1,3,30,2545,0.034961816120695634,30,0.07230862095592581
F4,METH_pos,GO:0051014,actin filament severing,Process,1,3,30,2545,0.034961816120695634,30,0.07230862095592581
F6,RNA_neg,GO:0031087,deadenylation-independent decapping of nuclear-transcribed mRNA,Process,1,3,30,2545,0.034961816120695634,30,0.07230862095592581
F4,METH_pos,GO:0008154,actin polymerization or depolymerization,Process,1,3,30,2545,0.034961816120695634,30,0.07230862095592581
F3,METH_pos,GO:0006303,double-strand break repair via nonhomologous end joining,Process,1,3,30,2545,0.034961816120695634,30,0.07230862095592581
F1,METH_pos,GO:0006516,glycoprotein catabolic process,Process,1,3,30,2545,0.034961816120695634,30,0.07230862095592581
F4,METH_pos,GO:0097190,apoptotic signaling pathway,Process,1,3,30,2545,0.034961816120695634,30,0.07230862095592581
F4,RNA_pos,GO:0007088,regulation of mitotic nuclear division,Process,1,3,30,2545,0.034961816120695634,30,0.07230862095592581
F4,METH_pos,GO:0030031,cell projection assembly,Process,1,3,30,2545,0.034961816120695634,30,0.07230862095592581
F7,RNA_pos,GO:0072659,protein localization to plasma membrane,Process,1,3,30,2545,0.034961816120695634,30,0.07230862095592581
F6,METH_neg,GO:0043171,peptide catabolic process,Process,1,3,30,2545,0.034961816120695634,30,0.07230862095592581
F7,RNA_pos,GO:0032190,acrosin binding,Function,1,3,30,2545,0.034961816120695634,30,0.07230862095592581
F2,RNA_neg,GO:0030970,"retrograde protein transport, ER to cytosol",Process,1,3,30,2545,0.034961816120695634,30,0.07230862095592581
F6,RNA_neg,GO:0043171,peptide catabolic process,Process,1,3,30,2545,0.034961816120695634,30,0.07230862095592581
F5,METH_neg,GO:0043138,3'-5' DNA helicase activity,Function,1,3,30,2545,0.034961816120695634,30,0.07230862095592581
F6,METH_pos,GO:0006516,glycoprotein catabolic process,Process,1,3,30,2545,0.034961816120695634,30,0.07230862095592581
F5,METH_neg,GO:0007265,Ras protein signal transduction,Process,1,3,30,2545,0.034961816120695634,30,0.07230862095592581
F5,METH_neg,GO:0000727,double-strand break repair via break-induced replication,Process,1,3,30,2545,0.034961816120695634,30,0.07230862095592581
F1,METH_pos,GO:0070822,Sin3-type complex,Component,1,3,30,2545,0.034961816120695634,30,0.07230862095592581
F4,RNA_neg,GO:0002682,regulation of immune system process,Process,1,3,30,2545,0.034961816120695634,30,0.07230862095592581
F4,RNA_neg,GO:0000118,histone deacetylase complex,Component,1,3,30,2545,0.034961816120695634,30,0.07230862095592581
F4,RNA_neg,GO:0001817,regulation of cytokine production,Process,1,3,30,2545,0.034961816120695634,30,0.07230862095592581
F4,RNA_pos,GO:0032190,acrosin binding,Function,1,3,30,2545,0.034961816120695634,30,0.07230862095592581
F2,RNA_pos,GO:0006509,membrane protein ectodomain proteolysis,Process,1,3,30,2545,0.034961816120695634,30,0.07230862095592581
F1,METH_neg,GO:0006865,amino acid transport,Process,1,3,30,2545,0.034961816120695634,30,0.07230862095592581
F7,RNA_pos,GO:0042273,ribosomal large subunit biogenesis,Process,1,3,30,2545,0.034961816120695634,30,0.07230862095592581
F3,METH_neg,GO:0004488,methylenetetrahydrofolate dehydrogenase (NADP+) activity,Function,1,3,30,2545,0.034961816120695634,30,0.07230862095592581
F4,RNA_pos,GO:0004896,cytokine receptor activity,Function,1,3,30,2545,0.034961816120695634,30,0.07230862095592581
F4,METH_pos,GO:0006816,calcium ion transport,Process,1,3,30,2545,0.034961816120695634,30,0.07230862095592581
F3,METH_neg,GO:0001708,cell fate specification,Process,1,3,30,2545,0.034961816120695634,30,0.07230862095592581
F6,METH_neg,GO:0090263,positive regulation of canonical Wnt signaling pathway,Process,1,3,30,2545,0.034961816120695634,30,0.07230862095592581
F1,METH_neg,GO:0006469,negative regulation of protein kinase activity,Process,1,3,30,2545,0.034961816120695634,30,0.07230862095592581
F4,METH_pos,GO:0048306,calcium-dependent protein binding,Function,1,3,30,2545,0.034961816120695634,30,0.07230862095592581
F1,METH_neg,GO:0000221,"vacuolar proton-transporting V-type ATPase, V1 domain",Component,1,3,30,2545,0.034961816120695634,30,0.07230862095592581
F4,METH_pos,GO:0006383,transcription by RNA polymerase III,Process,1,3,30,2545,0.034961816120695634,30,0.07230862095592581
F2,RNA_neg,GO:0051123,RNA polymerase II preinitiation complex assembly,Process,1,3,30,2545,0.034961816120695634,30,0.07230862095592581
F2,RNA_neg,GO:0017119,COG complex,Component,1,3,30,2545,0.034961816120695634,30,0.07230862095592581
F2,RNA_neg,GO:0005669,transcription factor TFIID complex,Component,1,3,30,2545,0.034961816120695634,30,0.07230862095592581
F1,METH_neg,GO:0030018,Z disc,Component,1,3,30,2545,0.034961816120695634,30,0.07230862095592581
F6,METH_neg,GO:0043015,gamma-tubulin binding,Function,1,3,30,2545,0.034961816120695634,30,0.07230862095592581
F6,RNA_neg,GO:0006689,ganglioside catabolic process,Process,1,3,30,2545,0.034961816120695634,30,0.07230862095592581
F6,METH_pos,GO:0031262,Ndc80 complex,Component,1,3,30,2545,0.034961816120695634,30,0.07230862095592581
F6,METH_pos,GO:0045132,meiotic chromosome segregation,Process,1,3,30,2545,0.034961816120695634,30,0.07230862095592581
F6,METH_pos,GO:0051315,attachment of mitotic spindle microtubules to kinetochore,Process,1,3,30,2545,0.034961816120695634,30,0.07230862095592581
F6,METH_pos,GO:0006406,mRNA export from nucleus,Process,1,3,30,2545,0.034961816120695634,30,0.07230862095592581
F6,METH_neg,GO:0042273,ribosomal large subunit biogenesis,Process,1,3,30,2545,0.034961816120695634,30,0.07230862095592581
F6,METH_pos,GO:0045271,respiratory chain complex I,Component,1,3,30,2545,0.034961816120695634,30,0.07230862095592581
F4,RNA_neg,GO:0140664,ATP-dependent DNA damage sensor activity,Function,1,3,30,2545,0.034961816120695634,30,0.07230862095592581
F4,RNA_neg,GO:0043171,peptide catabolic process,Process,1,3,30,2545,0.034961816120695634,30,0.07230862095592581
F4,RNA_neg,GO:0030970,"retrograde protein transport, ER to cytosol",Process,1,3,30,2545,0.034961816120695634,30,0.07230862095592581
F2,RNA_neg,GO:0055088,lipid homeostasis,Process,1,3,30,2545,0.034961816120695634,30,0.07230862095592581
F6,METH_neg,GO:0031463,Cul3-RING ubiquitin ligase complex,Component,1,3,30,2545,0.034961816120695634,30,0.07230862095592581
F4,RNA_neg,GO:0061665,SUMO ligase activity,Function,1,3,30,2545,0.034961816120695634,30,0.07230862095592581
F4,RNA_neg,GO:0006284,base-excision repair,Process,1,3,30,2545,0.034961816120695634,30,0.07230862095592581
F4,METH_pos,GO:0061608,nuclear import signal receptor activity,Function,1,3,30,2545,0.034961816120695634,30,0.07230862095592581
F6,METH_neg,GO:0000973,post-transcriptional tethering of RNA polymerase II gene DNA at nuclear periphery,Process,1,3,30,2545,0.034961816120695634,30,0.07230862095592581
F6,METH_neg,GO:0097190,apoptotic signaling pathway,Process,1,3,30,2545,0.034961816120695634,30,0.07230862095592581
F3,METH_neg,GO:0034587,piRNA processing,Process,1,3,30,2545,0.034961816120695634,30,0.07230862095592581
F4,RNA_neg,GO:0031119,tRNA pseudouridine synthesis,Process,1,3,30,2545,0.034961816120695634,30,0.07230862095592581
F6,METH_neg,GO:0030121,AP-1 adaptor complex,Component,1,3,30,2545,0.034961816120695634,30,0.07230862095592581
F4,RNA_neg,GO:0031519,PcG protein complex,Component,1,3,30,2545,0.034961816120695634,30,0.07230862095592581
F2,RNA_neg,GO:0048188,Set1C/COMPASS complex,Component,1,3,30,2545,0.034961816120695634,30,0.07230862095592581
F3,METH_neg,GO:0043138,3'-5' DNA helicase activity,Function,1,3,30,2545,0.034961816120695634,30,0.07230862095592581
F7,METH_neg,GO:0001516,prostaglandin biosynthetic process,Process,1,3,30,2545,0.034961816120695634,30,0.07230862095592581
F7,RNA_pos,GO:0006629,lipid metabolic process,Process,1,3,30,2545,0.034961816120695634,30,0.07230862095592581
F4,RNA_neg,GO:0051959,dynein light intermediate chain binding,Function,1,3,30,2545,0.034961816120695634,30,0.07230862095592581
F6,RNA_pos,GO:0007189,adenylate cyclase-activating G protein-coupled receptor signaling pathway,Process,1,3,30,2545,0.034961816120695634,30,0.07230862095592581
F6,RNA_pos,GO:0000245,spliceosomal complex assembly,Process,1,3,30,2545,0.034961816120695634,30,0.07230862095592581
F5,METH_neg,GO:0080008,Cul4-RING E3 ubiquitin ligase complex,Component,1,3,30,2545,0.034961816120695634,30,0.07230862095592581
F7,RNA_pos,GO:0032436,positive regulation of proteasomal ubiquitin-dependent protein catabolic process,Process,1,3,30,2545,0.034961816120695634,30,0.07230862095592581
F6,RNA_pos,GO:0042771,intrinsic apoptotic signaling pathway in response to DNA damage by p53 class mediator,Process,1,3,30,2545,0.034961816120695634,30,0.07230862095592581
F3,METH_neg,GO:0046856,phosphatidylinositol dephosphorylation,Process,1,3,30,2545,0.034961816120695634,30,0.07230862095592581
F5,METH_neg,GO:0017116,single-stranded DNA helicase activity,Function,1,3,30,2545,0.034961816120695634,30,0.07230862095592581
F7,METH_neg,GO:0042795,snRNA transcription by RNA polymerase II,Process,1,3,30,2545,0.034961816120695634,30,0.07230862095592581
F6,METH_pos,GO:0008021,synaptic vesicle,Component,1,3,30,2545,0.034961816120695634,30,0.07230862095592581
F1,METH_pos,GO:0061608,nuclear import signal receptor activity,Function,1,3,30,2545,0.034961816120695634,30,0.07230862095592581
F6,METH_pos,GO:0006517,protein deglycosylation,Process,1,3,30,2545,0.034961816120695634,30,0.07230862095592581
F2,RNA_neg,GO:0042795,snRNA transcription by RNA polymerase II,Process,1,3,30,2545,0.034961816120695634,30,0.07230862095592581
F6,METH_pos,GO:0016607,nuclear speck,Component,1,3,30,2545,0.034961816120695634,30,0.07230862095592581
F7,METH_neg,GO:0003333,amino acid transmembrane transport,Process,1,3,30,2545,0.034961816120695634,30,0.07230862095592581
F7,METH_neg,GO:0035973,aggrephagy,Process,1,3,30,2545,0.034961816120695634,30,0.07230862095592581
F5,RNA_pos,GO:0043596,nuclear replication fork,Component,1,3,30,2545,0.034961816120695634,30,0.07230862095592581
F1,METH_pos,GO:0001764,neuron migration,Process,1,3,30,2545,0.034961816120695634,30,0.07230862095592581
F5,RNA_pos,GO:0048188,Set1C/COMPASS complex,Component,1,3,30,2545,0.034961816120695634,30,0.07230862095592581
F5,RNA_pos,GO:0004712,protein serine/threonine/tyrosine kinase activity,Function,1,3,30,2545,0.034961816120695634,30,0.07230862095592581
F1,METH_pos,GO:1990246,uniplex complex,Component,1,3,30,2545,0.034961816120695634,30,0.07230862095592581
F1,RNA_pos,GO:0005509,calcium ion binding,Function,3,62,30,2545,0.03502812894857416,30,0.07230862095592581
F4,METH_pos,GO:0005509,calcium ion binding,Function,3,62,30,2545,0.03502812894857416,30,0.07230862095592581
F1,RNA_neg,GO:0005509,calcium ion binding,Function,3,62,30,2545,0.03502812894857416,30,0.07230862095592581
F7,RNA_neg,GO:0005509,calcium ion binding,Function,3,62,30,2545,0.03502812894857416,30,0.07230862095592581
F3,METH_neg,GO:0005509,calcium ion binding,Function,3,62,30,2545,0.03502812894857416,30,0.07230862095592581
F5,RNA_pos,GO:0005524,ATP binding,Function,6,217,30,2545,0.03747061794637477,30,0.07723648407691862
F3,METH_neg,GO:0005524,ATP binding,Function,6,217,30,2545,0.03747061794637477,30,0.07723648407691862
F3,RNA_pos,GO:0051015,actin filament binding,Function,2,27,30,2545,0.03928761641528444,30,0.08080288118401285
F3,RNA_neg,GO:0051015,actin filament binding,Function,2,27,30,2545,0.03928761641528444,30,0.08080288118401285
F6,METH_neg,GO:0006888,endoplasmic reticulum to Golgi vesicle-mediated transport,Process,2,27,30,2545,0.03928761641528444,30,0.08080288118401285
F1,METH_pos,GO:0003729,mRNA binding,Function,2,29,30,2545,0.04479025203767475,30,0.08296864711363207
F2,METH_pos,GO:0035329,hippo signaling,Process,1,4,29,2545,0.044832387631656256,29,0.08296864711363207
F2,METH_pos,GO:0016926,protein desumoylation,Process,1,4,29,2545,0.044832387631656256,29,0.08296864711363207
F2,METH_pos,GO:0044325,transmembrane transporter binding,Function,1,4,29,2545,0.044832387631656256,29,0.08296864711363207
F2,METH_pos,GO:0001525,angiogenesis,Process,1,4,29,2545,0.044832387631656256,29,0.08296864711363207
F1,RNA_pos,GO:0008191,metalloendopeptidase inhibitor activity,Function,1,4,30,2545,0.046350937094880966,30,0.08296864711363207
F4,RNA_neg,GO:0005788,endoplasmic reticulum lumen,Component,1,4,30,2545,0.046350937094880966,30,0.08296864711363207
F4,RNA_neg,GO:0006298,mismatch repair,Process,1,4,30,2545,0.046350937094880966,30,0.08296864711363207
F4,RNA_neg,GO:0005930,axoneme,Component,1,4,30,2545,0.046350937094880966,30,0.08296864711363207
F4,RNA_neg,GO:0008104,intracellular protein localization,Process,1,4,30,2545,0.046350937094880966,30,0.08296864711363207
F4,RNA_neg,GO:0045252,oxoglutarate dehydrogenase complex,Component,1,4,30,2545,0.046350937094880966,30,0.08296864711363207
F4,RNA_neg,GO:0070006,metalloaminopeptidase activity,Function,1,4,30,2545,0.046350937094880966,30,0.08296864711363207
F5,RNA_neg,GO:0031012,extracellular matrix,Component,1,4,30,2545,0.046350937094880966,30,0.08296864711363207
F3,RNA_pos,GO:0070527,platelet aggregation,Process,1,4,30,2545,0.046350937094880966,30,0.08296864711363207
F2,RNA_pos,GO:0009790,embryo development,Process,1,4,30,2545,0.046350937094880966,30,0.08296864711363207
F2,RNA_neg,GO:0015630,microtubule cytoskeleton,Component,1,4,30,2545,0.046350937094880966,30,0.08296864711363207
F5,RNA_pos,GO:0006367,transcription initiation at RNA polymerase II promoter,Process,1,4,30,2545,0.046350937094880966,30,0.08296864711363207
F7,METH_neg,GO:0051787,misfolded protein binding,Function,1,4,30,2545,0.046350937094880966,30,0.08296864711363207
F7,METH_pos,GO:0004438,phosphatidylinositol-3-phosphate phosphatase activity,Function,1,4,30,2545,0.046350937094880966,30,0.08296864711363207
F7,METH_neg,GO:0070530,K63-linked polyubiquitin modification-dependent protein binding,Function,1,4,30,2545,0.046350937094880966,30,0.08296864711363207
F7,METH_neg,GO:0051726,regulation of cell cycle,Process,1,4,30,2545,0.046350937094880966,30,0.08296864711363207
F6,RNA_pos,GO:0032797,SMN complex,Component,1,4,30,2545,0.046350937094880966,30,0.08296864711363207
F7,METH_neg,GO:0060090,molecular adaptor activity,Function,1,4,30,2545,0.046350937094880966,30,0.08296864711363207
F3,RNA_pos,GO:0000987,cis-regulatory region sequence-specific DNA binding,Function,1,4,30,2545,0.046350937094880966,30,0.08296864711363207
F3,RNA_pos,GO:0031012,extracellular matrix,Component,1,4,30,2545,0.046350937094880966,30,0.08296864711363207
F5,RNA_neg,GO:0010951,negative regulation of endopeptidase activity,Process,1,4,30,2545,0.046350937094880966,30,0.08296864711363207
F5,RNA_neg,GO:0005125,cytokine activity,Function,1,4,30,2545,0.046350937094880966,30,0.08296864711363207
F2,RNA_pos,GO:0005922,connexin complex,Component,1,4,30,2545,0.046350937094880966,30,0.08296864711363207
F6,RNA_neg,GO:0070006,metalloaminopeptidase activity,Function,1,4,30,2545,0.046350937094880966,30,0.08296864711363207
F6,RNA_neg,GO:0046540,U4/U6 x U5 tri-snRNP complex,Component,1,4,30,2545,0.046350937094880966,30,0.08296864711363207
F6,RNA_pos,GO:0042802,identical protein binding,Function,1,4,30,2545,0.046350937094880966,30,0.08296864711363207
F4,METH_pos,GO:0008201,heparin binding,Function,1,4,30,2545,0.046350937094880966,30,0.08296864711363207
F2,RNA_neg,GO:0008023,transcription elongation factor complex,Component,1,4,30,2545,0.046350937094880966,30,0.08296864711363207
F6,RNA_neg,GO:0005540,hyaluronic acid binding,Function,1,4,30,2545,0.046350937094880966,30,0.08296864711363207
F6,RNA_neg,GO:0005801,cis-Golgi network,Component,1,4,30,2545,0.046350937094880966,30,0.08296864711363207
F6,RNA_neg,GO:0006289,nucleotide-excision repair,Process,1,4,30,2545,0.046350937094880966,30,0.08296864711363207
F5,RNA_neg,GO:0044528,regulation of mitochondrial mRNA stability,Process,1,4,30,2545,0.046350937094880966,30,0.08296864711363207
F4,METH_pos,GO:0045454,cell redox homeostasis,Process,1,4,30,2545,0.046350937094880966,30,0.08296864711363207
F5,RNA_neg,GO:0000963,mitochondrial RNA processing,Process,1,4,30,2545,0.046350937094880966,30,0.08296864711363207
F5,RNA_neg,GO:0035770,ribonucleoprotein granule,Component,1,4,30,2545,0.046350937094880966,30,0.08296864711363207
F5,RNA_pos,GO:0070527,platelet aggregation,Process,1,4,30,2545,0.046350937094880966,30,0.08296864711363207
F5,RNA_pos,GO:0140359,ABC-type transporter activity,Function,1,4,30,2545,0.046350937094880966,30,0.08296864711363207
F1,RNA_pos,GO:0016281,eukaryotic translation initiation factor 4F complex,Component,1,4,30,2545,0.046350937094880966,30,0.08296864711363207
F3,RNA_pos,GO:0005776,autophagosome,Component,1,4,30,2545,0.046350937094880966,30,0.08296864711363207
F2,METH_neg,GO:0034976,response to endoplasmic reticulum stress,Process,1,4,30,2545,0.046350937094880966,30,0.08296864711363207
F3,RNA_pos,GO:0015175,neutral L-amino acid transmembrane transporter activity,Function,1,4,30,2545,0.046350937094880966,30,0.08296864711363207
F1,RNA_pos,GO:0010494,cytoplasmic stress granule,Component,1,4,30,2545,0.046350937094880966,30,0.08296864711363207
F1,RNA_pos,GO:0070530,K63-linked polyubiquitin modification-dependent protein binding,Function,1,4,30,2545,0.046350937094880966,30,0.08296864711363207
F5,RNA_neg,GO:0006006,glucose metabolic process,Process,1,4,30,2545,0.046350937094880966,30,0.08296864711363207
F5,RNA_neg,GO:0008191,metalloendopeptidase inhibitor activity,Function,1,4,30,2545,0.046350937094880966,30,0.08296864711363207
F4,RNA_neg,GO:0001227,"DNA-binding transcription repressor activity, RNA polymerase II-specific",Function,1,4,30,2545,0.046350937094880966,30,0.08296864711363207
F6,RNA_neg,GO:0034975,protein folding in endoplasmic reticulum,Process,1,4,30,2545,0.046350937094880966,30,0.08296864711363207
F6,RNA_neg,GO:0006914,autophagy,Process,1,4,30,2545,0.046350937094880966,30,0.08296864711363207
F4,RNA_pos,GO:0051787,misfolded protein binding,Function,1,4,30,2545,0.046350937094880966,30,0.08296864711363207
F1,METH_neg,GO:0004862,cAMP-dependent protein kinase inhibitor activity,Function,1,4,30,2545,0.046350937094880966,30,0.08296864711363207
F6,RNA_pos,GO:0000387,spliceosomal snRNP assembly,Process,1,4,30,2545,0.046350937094880966,30,0.08296864711363207
F4,RNA_pos,GO:0034976,response to endoplasmic reticulum stress,Process,1,4,30,2545,0.046350937094880966,30,0.08296864711363207
F1,METH_pos,GO:1990756,ubiquitin-like ligase-substrate adaptor activity,Function,1,4,30,2545,0.046350937094880966,30,0.08296864711363207
F1,METH_pos,GO:0051560,mitochondrial calcium ion homeostasis,Process,1,4,30,2545,0.046350937094880966,30,0.08296864711363207
F6,METH_pos,GO:0071038,TRAMP-dependent tRNA surveillance pathway,Process,1,4,30,2545,0.046350937094880966,30,0.08296864711363207
F4,RNA_pos,GO:0005763,mitochondrial small ribosomal subunit,Component,1,4,30,2545,0.046350937094880966,30,0.08296864711363207
F6,METH_pos,GO:0006120,"mitochondrial electron transport, NADH to ubiquinone",Process,1,4,30,2545,0.046350937094880966,30,0.08296864711363207
F5,METH_neg,GO:0007020,microtubule nucleation,Process,1,4,30,2545,0.046350937094880966,30,0.08296864711363207
F4,METH_pos,GO:0044325,transmembrane transporter binding,Function,1,4,30,2545,0.046350937094880966,30,0.08296864711363207
F4,METH_pos,GO:0001525,angiogenesis,Process,1,4,30,2545,0.046350937094880966,30,0.08296864711363207
F6,METH_pos,GO:0071035,nuclear polyadenylation-dependent rRNA catabolic process,Process,1,4,30,2545,0.046350937094880966,30,0.08296864711363207
F1,METH_pos,GO:0006695,cholesterol biosynthetic process,Process,1,4,30,2545,0.046350937094880966,30,0.08296864711363207
F2,RNA_neg,GO:0019843,rRNA binding,Function,1,4,30,2545,0.046350937094880966,30,0.08296864711363207
F2,RNA_neg,GO:0017196,N-terminal peptidyl-methionine acetylation,Process,1,4,30,2545,0.046350937094880966,30,0.08296864711363207
F7,RNA_pos,GO:0004867,serine-type endopeptidase inhibitor activity,Function,1,4,30,2545,0.046350937094880966,30,0.08296864711363207
F5,RNA_pos,GO:0004364,glutathione transferase activity,Function,1,4,30,2545,0.046350937094880966,30,0.08296864711363207
F4,METH_pos,GO:0005801,cis-Golgi network,Component,1,4,30,2545,0.046350937094880966,30,0.08296864711363207
F4,METH_pos,GO:0006108,malate metabolic process,Process,1,4,30,2545,0.046350937094880966,30,0.08296864711363207
F1,METH_neg,GO:0015175,neutral L-amino acid transmembrane transporter activity,Function,1,4,30,2545,0.046350937094880966,30,0.08296864711363207
F1,METH_pos,GO:0004715,non-membrane spanning protein tyrosine kinase activity,Function,1,4,30,2545,0.046350937094880966,30,0.08296864711363207
F6,METH_pos,GO:0006506,GPI anchor biosynthetic process,Process,1,4,30,2545,0.046350937094880966,30,0.08296864711363207
F1,METH_pos,GO:0016281,eukaryotic translation initiation factor 4F complex,Component,1,4,30,2545,0.046350937094880966,30,0.08296864711363207
F2,RNA_pos,GO:0007266,Rho protein signal transduction,Process,1,4,30,2545,0.046350937094880966,30,0.08296864711363207
F4,RNA_pos,GO:0005125,cytokine activity,Function,1,4,30,2545,0.046350937094880966,30,0.08296864711363207
F4,RNA_pos,GO:0007339,binding of sperm to zona pellucida,Process,1,4,30,2545,0.046350937094880966,30,0.08296864711363207
F6,METH_pos,GO:0045022,early endosome to late endosome transport,Process,1,4,30,2545,0.046350937094880966,30,0.08296864711363207
F3,RNA_neg,GO:0051017,actin filament bundle assembly,Process,1,4,30,2545,0.046350937094880966,30,0.08296864711363207
F6,METH_pos,GO:0006325,chromatin organization,Process,1,4,30,2545,0.046350937094880966,30,0.08296864711363207
F7,METH_pos,GO:0006623,protein targeting to vacuole,Process,1,4,30,2545,0.046350937094880966,30,0.08296864711363207
F3,RNA_neg,GO:0004867,serine-type endopeptidase inhibitor activity,Function,1,4,30,2545,0.046350937094880966,30,0.08296864711363207
F5,RNA_pos,GO:0005763,mitochondrial small ribosomal subunit,Component,1,4,30,2545,0.046350937094880966,30,0.08296864711363207
F6,METH_neg,GO:0070006,metalloaminopeptidase activity,Function,1,4,30,2545,0.046350937094880966,30,0.08296864711363207
F7,METH_pos,GO:0031012,extracellular matrix,Component,1,4,30,2545,0.046350937094880966,30,0.08296864711363207
F1,RNA_pos,GO:1990756,ubiquitin-like ligase-substrate adaptor activity,Function,1,4,30,2545,0.046350937094880966,30,0.08296864711363207
F1,RNA_pos,GO:0051560,mitochondrial calcium ion homeostasis,Process,1,4,30,2545,0.046350937094880966,30,0.08296864711363207
F1,RNA_pos,GO:0000423,mitophagy,Process,1,4,30,2545,0.046350937094880966,30,0.08296864711363207
F3,RNA_pos,GO:0006914,autophagy,Process,1,4,30,2545,0.046350937094880966,30,0.08296864711363207
F1,RNA_pos,GO:0004364,glutathione transferase activity,Function,1,4,30,2545,0.046350937094880966,30,0.08296864711363207
F4,METH_pos,GO:0051560,mitochondrial calcium ion homeostasis,Process,1,4,30,2545,0.046350937094880966,30,0.08296864711363207
F4,METH_pos,GO:0004862,cAMP-dependent protein kinase inhibitor activity,Function,1,4,30,2545,0.046350937094880966,30,0.08296864711363207
F1,METH_pos,GO:0008191,metalloendopeptidase inhibitor activity,Function,1,4,30,2545,0.046350937094880966,30,0.08296864711363207
F4,RNA_pos,GO:0031012,extracellular matrix,Component,1,4,30,2545,0.046350937094880966,30,0.08296864711363207
F3,METH_neg,GO:0004438,phosphatidylinositol-3-phosphate phosphatase activity,Function,1,4,30,2545,0.046350937094880966,30,0.08296864711363207
F1,METH_pos,GO:0031012,extracellular matrix,Component,1,4,30,2545,0.046350937094880966,30,0.08296864711363207
F1,METH_pos,GO:0005125,cytokine activity,Function,1,4,30,2545,0.046350937094880966,30,0.08296864711363207
F3,METH_neg,GO:0051560,mitochondrial calcium ion homeostasis,Process,1,4,30,2545,0.046350937094880966,30,0.08296864711363207
F2,RNA_pos,GO:0004364,glutathione transferase activity,Function,1,4,30,2545,0.046350937094880966,30,0.08296864711363207
F7,RNA_pos,GO:0005243,gap junction channel activity,Function,1,4,30,2545,0.046350937094880966,30,0.08296864711363207
F3,METH_neg,GO:0019843,rRNA binding,Function,1,4,30,2545,0.046350937094880966,30,0.08296864711363207
F6,METH_neg,GO:0030117,membrane coat,Component,1,4,30,2545,0.046350937094880966,30,0.08296864711363207
F5,METH_neg,GO:0007099,centriole replication,Process,1,4,30,2545,0.046350937094880966,30,0.08296864711363207
F6,METH_neg,GO:0051560,mitochondrial calcium ion homeostasis,Process,1,4,30,2545,0.046350937094880966,30,0.08296864711363207
F3,METH_neg,GO:0007010,cytoskeleton organization,Process,1,4,30,2545,0.046350937094880966,30,0.08296864711363207
F2,METH_neg,GO:0010951,negative regulation of endopeptidase activity,Process,1,4,30,2545,0.046350937094880966,30,0.08296864711363207
F7,RNA_pos,GO:0010951,negative regulation of endopeptidase activity,Process,1,4,30,2545,0.046350937094880966,30,0.08296864711363207
F7,RNA_pos,GO:0007339,binding of sperm to zona pellucida,Process,1,4,30,2545,0.046350937094880966,30,0.08296864711363207
F7,RNA_pos,GO:0008201,heparin binding,Function,1,4,30,2545,0.046350937094880966,30,0.08296864711363207
F6,METH_neg,GO:0030687,"preribosome, large subunit precursor",Component,1,4,30,2545,0.046350937094880966,30,0.08296864711363207
F3,RNA_neg,GO:0030425,dendrite,Component,1,4,30,2545,0.046350937094880966,30,0.08296864711363207
F2,RNA_pos,GO:0007267,cell-cell signaling,Process,1,4,30,2545,0.046350937094880966,30,0.08296864711363207
F7,METH_pos,GO:0000422,autophagy of mitochondrion,Process,1,4,30,2545,0.046350937094880966,30,0.08296864711363207
F7,METH_pos,GO:0004867,serine-type endopeptidase inhibitor activity,Function,1,4,30,2545,0.046350937094880966,30,0.08296864711363207
F3,RNA_neg,GO:0005884,actin filament,Component,1,4,30,2545,0.046350937094880966,30,0.08296864711363207
F3,RNA_neg,GO:0048812,neuron projection morphogenesis,Process,1,4,30,2545,0.046350937094880966,30,0.08296864711363207
F5,RNA_pos,GO:0045121,membrane raft,Component,1,4,30,2545,0.046350937094880966,30,0.08296864711363207
F2,RNA_pos,GO:0035329,hippo signaling,Process,1,4,30,2545,0.046350937094880966,30,0.08296864711363207
F7,RNA_pos,GO:0005801,cis-Golgi network,Component,1,4,30,2545,0.046350937094880966,30,0.08296864711363207
F7,RNA_pos,GO:0004364,glutathione transferase activity,Function,1,4,30,2545,0.046350937094880966,30,0.08296864711363207
F2,RNA_neg,GO:0000987,cis-regulatory region sequence-specific DNA binding,Function,1,4,30,2545,0.046350937094880966,30,0.08296864711363207
F2,RNA_neg,GO:0006367,transcription initiation at RNA polymerase II promoter,Process,1,4,30,2545,0.046350937094880966,30,0.08296864711363207
F3,RNA_neg,GO:0007267,cell-cell signaling,Process,1,4,30,2545,0.046350937094880966,30,0.08296864711363207
F3,METH_pos,GO:0034976,response to endoplasmic reticulum stress,Process,1,4,30,2545,0.046350937094880966,30,0.08296864711363207
F7,RNA_pos,GO:0007267,cell-cell signaling,Process,1,4,30,2545,0.046350937094880966,30,0.08296864711363207
F7,RNA_neg,GO:0030126,COPI vesicle coat,Component,1,4,30,2545,0.046350937094880966,30,0.08296864711363207
F2,METH_neg,GO:0005243,gap junction channel activity,Function,1,4,30,2545,0.046350937094880966,30,0.08296864711363207
F2,METH_neg,GO:0005922,connexin complex,Component,1,4,30,2545,0.046350937094880966,30,0.08296864711363207
F3,RNA_neg,GO:0051787,misfolded protein binding,Function,1,4,30,2545,0.046350937094880966,30,0.08296864711363207
F3,RNA_neg,GO:0001726,ruffle,Component,1,4,30,2545,0.046350937094880966,30,0.08296864711363207
F7,METH_neg,GO:0034975,protein folding in endoplasmic reticulum,Process,1,4,30,2545,0.046350937094880966,30,0.08296864711363207
F2,RNA_pos,GO:0005243,gap junction channel activity,Function,1,4,30,2545,0.046350937094880966,30,0.08296864711363207
F5,RNA_neg,GO:0016311,dephosphorylation,Process,1,4,30,2545,0.046350937094880966,30,0.08296864711363207
F3,RNA_pos,GO:0005125,cytokine activity,Function,1,4,30,2545,0.046350937094880966,30,0.08296864711363207
F7,METH_neg,GO:0000987,cis-regulatory region sequence-specific DNA binding,Function,1,4,30,2545,0.046350937094880966,30,0.08296864711363207
F2,METH_neg,GO:0005740,mitochondrial envelope,Component,1,4,30,2545,0.046350937094880966,30,0.08296864711363207
F3,RNA_neg,GO:0045121,membrane raft,Component,1,4,30,2545,0.046350937094880966,30,0.08296864711363207
F3,RNA_neg,GO:0008201,heparin binding,Function,1,4,30,2545,0.046350937094880966,30,0.08296864711363207
F3,RNA_neg,GO:0006006,glucose metabolic process,Process,1,4,30,2545,0.046350937094880966,30,0.08296864711363207
F2,METH_neg,GO:0008191,metalloendopeptidase inhibitor activity,Function,1,4,30,2545,0.046350937094880966,30,0.08296864711363207
F2,METH_neg,GO:0030425,dendrite,Component,1,4,30,2545,0.046350937094880966,30,0.08296864711363207
F2,METH_neg,GO:0004867,serine-type endopeptidase inhibitor activity,Function,1,4,30,2545,0.046350937094880966,30,0.08296864711363207
F1,RNA_neg,GO:0005243,gap junction channel activity,Function,1,4,30,2545,0.046350937094880966,30,0.08296864711363207
F1,RNA_neg,GO:0005922,connexin complex,Component,1,4,30,2545,0.046350937094880966,30,0.08296864711363207
F7,RNA_pos,GO:0010494,cytoplasmic stress granule,Component,1,4,30,2545,0.046350937094880966,30,0.08296864711363207
F7,RNA_pos,GO:0042802,identical protein binding,Function,1,4,30,2545,0.046350937094880966,30,0.08296864711363207
F7,RNA_pos,GO:0005922,connexin complex,Component,1,4,30,2545,0.046350937094880966,30,0.08296864711363207
F4,METH_neg,GO:0010008,endosome membrane,Component,1,4,30,2545,0.046350937094880966,30,0.08296864711363207
F2,RNA_pos,GO:0009887,animal organ morphogenesis,Process,1,4,30,2545,0.046350937094880966,30,0.08296864711363207
F5,METH_neg,GO:0006108,malate metabolic process,Process,1,4,30,2545,0.046350937094880966,30,0.08296864711363207
F5,METH_neg,GO:0000976,transcription cis-regulatory region binding,Function,1,4,30,2545,0.046350937094880966,30,0.08296864711363207
F2,RNA_pos,GO:0022857,transmembrane transporter activity,Function,1,4,30,2545,0.046350937094880966,30,0.08296864711363207
F5,METH_neg,GO:0008201,heparin binding,Function,1,4,30,2545,0.046350937094880966,30,0.08296864711363207
F5,METH_neg,GO:0001726,ruffle,Component,1,4,30,2545,0.046350937094880966,30,0.08296864711363207
F1,RNA_neg,GO:0007267,cell-cell signaling,Process,1,4,30,2545,0.046350937094880966,30,0.08296864711363207
F1,RNA_neg,GO:0042073,intraciliary transport,Process,1,4,30,2545,0.046350937094880966,30,0.08296864711363207
F1,RNA_neg,GO:0005930,axoneme,Component,1,4,30,2545,0.046350937094880966,30,0.08296864711363207
F7,RNA_pos,GO:1990756,ubiquitin-like ligase-substrate adaptor activity,Function,1,4,30,2545,0.046350937094880966,30,0.08296864711363207
F4,METH_neg,GO:0008023,transcription elongation factor complex,Component,1,4,30,2545,0.046350937094880966,30,0.08296864711363207
F4,METH_neg,GO:0006298,mismatch repair,Process,1,4,30,2545,0.046350937094880966,30,0.08296864711363207
F3,RNA_neg,GO:0005922,connexin complex,Component,1,4,30,2545,0.046350937094880966,30,0.08296864711363207
F7,RNA_neg,GO:0007099,centriole replication,Process,1,4,30,2545,0.046350937094880966,30,0.08296864711363207
F2,METH_neg,GO:0006695,cholesterol biosynthetic process,Process,1,4,30,2545,0.046350937094880966,30,0.08296864711363207
F3,RNA_neg,GO:0005243,gap junction channel activity,Function,1,4,30,2545,0.046350937094880966,30,0.08296864711363207
F3,RNA_neg,GO:0043296,apical junction complex,Component,1,4,30,2545,0.046350937094880966,30,0.08296864711363207
F3,RNA_neg,GO:0005902,microvillus,Component,1,4,30,2545,0.046350937094880966,30,0.08296864711363207
F5,METH_pos,GO:0055038,recycling endosome membrane,Component,1,4,30,2545,0.046350937094880966,30,0.08296864711363207
F5,METH_pos,GO:0001726,ruffle,Component,1,4,30,2545,0.046350937094880966,30,0.08296864711363207
F7,RNA_pos,GO:0030687,"preribosome, large subunit precursor",Component,1,4,30,2545,0.046350937094880966,30,0.08296864711363207
F4,METH_neg,GO:0030515,snoRNA binding,Function,1,4,30,2545,0.046350937094880966,30,0.08296864711363207
F3,METH_pos,GO:0007339,binding of sperm to zona pellucida,Process,1,4,30,2545,0.046350937094880966,30,0.08296864711363207
F3,RNA_neg,GO:0051560,mitochondrial calcium ion homeostasis,Process,1,4,30,2545,0.046350937094880966,30,0.08296864711363207
F7,RNA_neg,GO:0090307,mitotic spindle assembly,Process,1,4,30,2545,0.046350937094880966,30,0.08296864711363207
F4,METH_neg,GO:0034388,Pwp2p-containing subcomplex of 90S preribosome,Component,1,4,30,2545,0.046350937094880966,30,0.08296864711363207
F5,METH_pos,GO:0006325,chromatin organization,Process,1,4,30,2545,0.046350937094880966,30,0.08296864711363207
F5,METH_pos,GO:0016616,"oxidoreductase activity, acting on the CH-OH group of donors, NAD or NADP as acceptor",Function,1,4,30,2545,0.046350937094880966,30,0.08296864711363207
F7,RNA_neg,GO:0031072,heat shock protein binding,Function,1,4,30,2545,0.046350937094880966,30,0.08296864711363207
F1,RNA_neg,GO:0010008,endosome membrane,Component,1,4,30,2545,0.046350937094880966,30,0.08296864711363207
F5,RNA_pos,GO:0017124,SH3 domain binding,Function,1,4,30,2545,0.046350937094880966,30,0.08296864711363207
F2,METH_neg,GO:0005540,hyaluronic acid binding,Function,1,4,30,2545,0.046350937094880966,30,0.08296864711363207
F2,METH_neg,GO:0007267,cell-cell signaling,Process,1,4,30,2545,0.046350937094880966,30,0.08296864711363207
F5,METH_pos,GO:0005740,mitochondrial envelope,Component,1,4,30,2545,0.046350937094880966,30,0.08296864711363207
F5,METH_pos,GO:0006120,"mitochondrial electron transport, NADH to ubiquinone",Process,1,4,30,2545,0.046350937094880966,30,0.08296864711363207
F1,RNA_pos,GO:0031012,extracellular matrix,Component,1,4,30,2545,0.046350937094880966,30,0.08296864711363207
F1,RNA_pos,GO:0071456,cellular response to hypoxia,Process,1,4,30,2545,0.046350937094880966,30,0.08296864711363207
F1,RNA_pos,GO:0004867,serine-type endopeptidase inhibitor activity,Function,1,4,30,2545,0.046350937094880966,30,0.08296864711363207
F7,METH_neg,GO:0030126,COPI vesicle coat,Component,1,4,30,2545,0.046350937094880966,30,0.08296864711363207
F5,RNA_pos,GO:0031297,replication fork processing,Process,1,4,30,2545,0.046350937094880966,30,0.08296864711363207
F7,METH_neg,GO:0000387,spliceosomal snRNP assembly,Process,1,4,30,2545,0.046350937094880966,30,0.08296864711363207
F7,METH_neg,GO:0005788,endoplasmic reticulum lumen,Component,1,4,30,2545,0.046350937094880966,30,0.08296864711363207
F6,RNA_pos,GO:0030515,snoRNA binding,Function,1,4,30,2545,0.046350937094880966,30,0.08296864711363207
F7,METH_neg,GO:0008023,transcription elongation factor complex,Component,1,4,30,2545,0.046350937094880966,30,0.08296864711363207
F6,RNA_pos,GO:0046540,U4/U6 x U5 tri-snRNP complex,Component,1,4,30,2545,0.046350937094880966,30,0.08296864711363207
F6,RNA_pos,GO:0007346,regulation of mitotic cell cycle,Process,1,4,30,2545,0.046350937094880966,30,0.08296864711363207
F7,METH_neg,GO:0032797,SMN complex,Component,1,4,30,2545,0.046350937094880966,30,0.08296864711363207
F1,RNA_pos,GO:0010951,negative regulation of endopeptidase activity,Process,1,4,30,2545,0.046350937094880966,30,0.08296864711363207
F7,METH_neg,GO:0005762,mitochondrial large ribosomal subunit,Component,1,4,30,2545,0.046350937094880966,30,0.08296864711363207
F7,METH_neg,GO:0006325,chromatin organization,Process,1,4,30,2545,0.046350937094880966,30,0.08296864711363207
F7,METH_neg,GO:0000423,mitophagy,Process,1,4,30,2545,0.046350937094880966,30,0.08296864711363207
F3,METH_neg,GO:0005515,protein binding,Function,8,353,30,2545,0.04637094813619036,30,0.08296864711363207
F4,RNA_neg,GO:0000785,chromatin,Component,2,32,30,2545,0.053545042334990266,30,0.09568221576559681
F1,METH_pos,GO:0000785,chromatin,Component,2,32,30,2545,0.053545042334990266,30,0.09568221576559681
F2,METH_pos,GO:0008134,transcription factor binding,Function,1,5,29,2545,0.05573355282594274,29,0.09629260454232746
F2,METH_pos,GO:0000077,DNA damage checkpoint signaling,Process,1,5,29,2545,0.05573355282594274,29,0.09629260454232746
F4,RNA_pos,GO:0006886,intracellular protein transport,Process,2,33,30,2545,0.05658952531171036,30,0.09629260454232746
F7,METH_neg,GO:0036211,protein modification process,Process,1,5,30,2545,0.057610075972155096,30,0.09629260454232746
F1,RNA_pos,GO:0005200,structural constituent of cytoskeleton,Function,1,5,30,2545,0.057610075972155096,30,0.09629260454232746
F5,RNA_neg,GO:0009982,pseudouridine synthase activity,Function,1,5,30,2545,0.057610075972155096,30,0.09629260454232746
F7,METH_neg,GO:0005840,ribosome,Component,1,5,30,2545,0.057610075972155096,30,0.09629260454232746
F6,RNA_pos,GO:0000049,tRNA binding,Function,1,5,30,2545,0.057610075972155096,30,0.09629260454232746
F7,METH_neg,GO:0006890,"retrograde vesicle-mediated transport, Golgi to endoplasmic reticulum",Process,1,5,30,2545,0.057610075972155096,30,0.09629260454232746
F7,METH_neg,GO:0001540,amyloid-beta binding,Function,1,5,30,2545,0.057610075972155096,30,0.09629260454232746
F7,METH_neg,GO:0007032,endosome organization,Process,1,5,30,2545,0.057610075972155096,30,0.09629260454232746
F3,RNA_neg,GO:0005385,zinc ion transmembrane transporter activity,Function,1,5,30,2545,0.057610075972155096,30,0.09629260454232746
F7,RNA_neg,GO:0006890,"retrograde vesicle-mediated transport, Golgi to endoplasmic reticulum",Process,1,5,30,2545,0.057610075972155096,30,0.09629260454232746
F4,METH_neg,GO:0000077,DNA damage checkpoint signaling,Process,1,5,30,2545,0.057610075972155096,30,0.09629260454232746
F3,RNA_neg,GO:0046835,carbohydrate phosphorylation,Process,1,5,30,2545,0.057610075972155096,30,0.09629260454232746
F7,RNA_neg,GO:0030968,endoplasmic reticulum unfolded protein response,Process,1,5,30,2545,0.057610075972155096,30,0.09629260454232746
F4,METH_neg,GO:0000462,"maturation of SSU-rRNA from tricistronic rRNA transcript (SSU-rRNA, 5.8S rRNA, LSU-rRNA)",Process,1,5,30,2545,0.057610075972155096,30,0.09629260454232746
F2,RNA_pos,GO:0001540,amyloid-beta binding,Function,1,5,30,2545,0.057610075972155096,30,0.09629260454232746
F4,METH_neg,GO:1905515,non-motile cilium assembly,Process,1,5,30,2545,0.057610075972155096,30,0.09629260454232746
F5,METH_pos,GO:0032981,mitochondrial respiratory chain complex I assembly,Process,1,5,30,2545,0.057610075972155096,30,0.09629260454232746
F2,METH_neg,GO:0006879,intracellular iron ion homeostasis,Process,1,5,30,2545,0.057610075972155096,30,0.09629260454232746
F5,METH_pos,GO:0044782,cilium organization,Process,1,5,30,2545,0.057610075972155096,30,0.09629260454232746
F3,RNA_neg,GO:0030833,regulation of actin filament polymerization,Process,1,5,30,2545,0.057610075972155096,30,0.09629260454232746
F2,METH_neg,GO:0031966,mitochondrial membrane,Component,1,5,30,2545,0.057610075972155096,30,0.09629260454232746
F2,METH_neg,GO:0001540,amyloid-beta binding,Function,1,5,30,2545,0.057610075972155096,30,0.09629260454232746
F2,METH_neg,GO:0043231,intracellular membrane-bounded organelle,Component,1,5,30,2545,0.057610075972155096,30,0.09629260454232746
F2,METH_neg,GO:0008250,oligosaccharyltransferase complex,Component,1,5,30,2545,0.057610075972155096,30,0.09629260454232746
F7,RNA_neg,GO:0000175,3'-5'-RNA exonuclease activity,Function,1,5,30,2545,0.057610075972155096,30,0.09629260454232746
F7,RNA_neg,GO:0072686,mitotic spindle,Component,1,5,30,2545,0.057610075972155096,30,0.09629260454232746
F5,METH_pos,GO:0032588,trans-Golgi network membrane,Component,1,5,30,2545,0.057610075972155096,30,0.09629260454232746
F5,RNA_pos,GO:0022008,neurogenesis,Process,1,5,30,2545,0.057610075972155096,30,0.09629260454232746
F7,RNA_neg,GO:0044782,cilium organization,Process,1,5,30,2545,0.057610075972155096,30,0.09629260454232746
F3,METH_pos,GO:0016485,protein processing,Process,1,5,30,2545,0.057610075972155096,30,0.09629260454232746
F3,METH_pos,GO:0007219,Notch signaling pathway,Process,1,5,30,2545,0.057610075972155096,30,0.09629260454232746
F4,METH_neg,GO:0044782,cilium organization,Process,1,5,30,2545,0.057610075972155096,30,0.09629260454232746
F2,RNA_pos,GO:0007186,G protein-coupled receptor signaling pathway,Process,1,5,30,2545,0.057610075972155096,30,0.09629260454232746
F1,RNA_neg,GO:0007186,G protein-coupled receptor signaling pathway,Process,1,5,30,2545,0.057610075972155096,30,0.09629260454232746
F1,RNA_pos,GO:0000049,tRNA binding,Function,1,5,30,2545,0.057610075972155096,30,0.09629260454232746
F7,RNA_neg,GO:0043547,positive regulation of GTPase activity,Process,1,5,30,2545,0.057610075972155096,30,0.09629260454232746
F5,METH_neg,GO:0006090,pyruvate metabolic process,Process,1,5,30,2545,0.057610075972155096,30,0.09629260454232746
F2,RNA_pos,GO:0030198,extracellular matrix organization,Process,1,5,30,2545,0.057610075972155096,30,0.09629260454232746
F2,METH_neg,GO:0022008,neurogenesis,Process,1,5,30,2545,0.057610075972155096,30,0.09629260454232746
F5,METH_neg,GO:0000146,microfilament motor activity,Function,1,5,30,2545,0.057610075972155096,30,0.09629260454232746
F3,METH_pos,GO:0003684,damaged DNA binding,Function,1,5,30,2545,0.057610075972155096,30,0.09629260454232746
F2,RNA_pos,GO:0008360,regulation of cell shape,Process,1,5,30,2545,0.057610075972155096,30,0.09629260454232746
F2,RNA_neg,GO:0008134,transcription factor binding,Function,1,5,30,2545,0.057610075972155096,30,0.09629260454232746
F5,METH_neg,GO:0006879,intracellular iron ion homeostasis,Process,1,5,30,2545,0.057610075972155096,30,0.09629260454232746
F2,RNA_pos,GO:0008134,transcription factor binding,Function,1,5,30,2545,0.057610075972155096,30,0.09629260454232746
F7,RNA_pos,GO:0008250,oligosaccharyltransferase complex,Component,1,5,30,2545,0.057610075972155096,30,0.09629260454232746
F7,RNA_pos,GO:0007052,mitotic spindle organization,Process,1,5,30,2545,0.057610075972155096,30,0.09629260454232746
F5,METH_pos,GO:0008250,oligosaccharyltransferase complex,Component,1,5,30,2545,0.057610075972155096,30,0.09629260454232746
F5,METH_pos,GO:0051539,"4 iron, 4 sulfur cluster binding",Function,1,5,30,2545,0.057610075972155096,30,0.09629260454232746
F7,METH_pos,GO:0001540,amyloid-beta binding,Function,1,5,30,2545,0.057610075972155096,30,0.09629260454232746
F5,METH_pos,GO:0005200,structural constituent of cytoskeleton,Function,1,5,30,2545,0.057610075972155096,30,0.09629260454232746
F3,METH_neg,GO:0000146,microfilament motor activity,Function,1,5,30,2545,0.057610075972155096,30,0.09629260454232746
F1,RNA_neg,GO:0030992,intraciliary transport particle B,Component,1,5,30,2545,0.057610075972155096,30,0.09629260454232746
F3,METH_neg,GO:0008360,regulation of cell shape,Process,1,5,30,2545,0.057610075972155096,30,0.09629260454232746
F1,METH_neg,GO:0009982,pseudouridine synthase activity,Function,1,5,30,2545,0.057610075972155096,30,0.09629260454232746
F2,RNA_neg,GO:0032543,mitochondrial translation,Process,1,5,30,2545,0.057610075972155096,30,0.09629260454232746
F1,RNA_pos,GO:0007032,endosome organization,Process,1,5,30,2545,0.057610075972155096,30,0.09629260454232746
F5,METH_neg,GO:0031122,cytoplasmic microtubule organization,Process,1,5,30,2545,0.057610075972155096,30,0.09629260454232746
F5,METH_neg,GO:0006906,vesicle fusion,Process,1,5,30,2545,0.057610075972155096,30,0.09629260454232746
F4,METH_pos,GO:0005546,"phosphatidylinositol-4,5-bisphosphate binding",Function,1,5,30,2545,0.057610075972155096,30,0.09629260454232746
F6,METH_neg,GO:0030014,CCR4-NOT complex,Component,1,5,30,2545,0.057610075972155096,30,0.09629260454232746
F1,RNA_neg,GO:0032266,phosphatidylinositol-3-phosphate binding,Function,1,5,30,2545,0.057610075972155096,30,0.09629260454232746
F3,RNA_neg,GO:0030198,extracellular matrix organization,Process,1,5,30,2545,0.057610075972155096,30,0.09629260454232746
F5,METH_pos,GO:0007052,mitotic spindle organization,Process,1,5,30,2545,0.057610075972155096,30,0.09629260454232746
F4,RNA_neg,GO:0009982,pseudouridine synthase activity,Function,1,5,30,2545,0.057610075972155096,30,0.09629260454232746
F4,RNA_neg,GO:0000077,DNA damage checkpoint signaling,Process,1,5,30,2545,0.057610075972155096,30,0.09629260454232746
F4,RNA_neg,GO:0003690,double-stranded DNA binding,Function,1,5,30,2545,0.057610075972155096,30,0.09629260454232746
F4,RNA_neg,GO:0030968,endoplasmic reticulum unfolded protein response,Process,1,5,30,2545,0.057610075972155096,30,0.09629260454232746
F5,RNA_neg,GO:0036211,protein modification process,Process,1,5,30,2545,0.057610075972155096,30,0.09629260454232746
F6,RNA_neg,GO:0005802,trans-Golgi network,Component,1,5,30,2545,0.057610075972155096,30,0.09629260454232746
F1,METH_neg,GO:0007186,G protein-coupled receptor signaling pathway,Process,1,5,30,2545,0.057610075972155096,30,0.09629260454232746
F6,METH_neg,GO:0003690,double-stranded DNA binding,Function,1,5,30,2545,0.057610075972155096,30,0.09629260454232746
F6,METH_neg,GO:0000077,DNA damage checkpoint signaling,Process,1,5,30,2545,0.057610075972155096,30,0.09629260454232746
F3,METH_neg,GO:0032543,mitochondrial translation,Process,1,5,30,2545,0.057610075972155096,30,0.09629260454232746
F6,METH_neg,GO:0042147,"retrograde transport, endosome to Golgi",Process,1,5,30,2545,0.057610075972155096,30,0.09629260454232746
F2,RNA_neg,GO:0030014,CCR4-NOT complex,Component,1,5,30,2545,0.057610075972155096,30,0.09629260454232746
F7,METH_pos,GO:0030198,extracellular matrix organization,Process,1,5,30,2545,0.057610075972155096,30,0.09629260454232746
F3,RNA_neg,GO:0001540,amyloid-beta binding,Function,1,5,30,2545,0.057610075972155096,30,0.09629260454232746
F5,RNA_pos,GO:0046835,carbohydrate phosphorylation,Process,1,5,30,2545,0.057610075972155096,30,0.09629260454232746
F7,METH_pos,GO:0008134,transcription factor binding,Function,1,5,30,2545,0.057610075972155096,30,0.09629260454232746
F6,METH_pos,GO:0031902,late endosome membrane,Component,1,5,30,2545,0.057610075972155096,30,0.09629260454232746
F6,METH_pos,GO:0000462,"maturation of SSU-rRNA from tricistronic rRNA transcript (SSU-rRNA, 5.8S rRNA, LSU-rRNA)",Process,1,5,30,2545,0.057610075972155096,30,0.09629260454232746
F2,RNA_pos,GO:0031145,anaphase-promoting complex-dependent catabolic process,Process,1,5,30,2545,0.057610075972155096,30,0.09629260454232746
F4,RNA_pos,GO:0019221,cytokine-mediated signaling pathway,Process,1,5,30,2545,0.057610075972155096,30,0.09629260454232746
F6,METH_pos,GO:0006906,vesicle fusion,Process,1,5,30,2545,0.057610075972155096,30,0.09629260454232746
F6,METH_pos,GO:0090630,activation of GTPase activity,Process,1,5,30,2545,0.057610075972155096,30,0.09629260454232746
F2,RNA_neg,GO:0030968,endoplasmic reticulum unfolded protein response,Process,1,5,30,2545,0.057610075972155096,30,0.09629260454232746
F4,RNA_pos,GO:0042147,"retrograde transport, endosome to Golgi",Process,1,5,30,2545,0.057610075972155096,30,0.09629260454232746
F4,RNA_pos,GO:0016485,protein processing,Process,1,5,30,2545,0.057610075972155096,30,0.09629260454232746
F1,METH_pos,GO:0000049,tRNA binding,Function,1,5,30,2545,0.057610075972155096,30,0.09629260454232746
F6,RNA_pos,GO:0005385,zinc ion transmembrane transporter activity,Function,1,5,30,2545,0.057610075972155096,30,0.09629260454232746
F6,METH_pos,GO:0007052,mitotic spindle organization,Process,1,5,30,2545,0.057610075972155096,30,0.09629260454232746
F5,RNA_pos,GO:0030971,receptor tyrosine kinase binding,Function,1,5,30,2545,0.057610075972155096,30,0.09629260454232746
F7,METH_pos,GO:0032456,endocytic recycling,Process,1,5,30,2545,0.057610075972155096,30,0.09629260454232746
F4,RNA_pos,GO:0006906,vesicle fusion,Process,1,5,30,2545,0.057610075972155096,30,0.09629260454232746
F4,RNA_pos,GO:0032543,mitochondrial translation,Process,1,5,30,2545,0.057610075972155096,30,0.09629260454232746
F2,RNA_pos,GO:0009982,pseudouridine synthase activity,Function,1,5,30,2545,0.057610075972155096,30,0.09629260454232746
F4,RNA_neg,GO:0003684,damaged DNA binding,Function,1,5,30,2545,0.057610075972155096,30,0.09629260454232746
F1,METH_neg,GO:0031145,anaphase-promoting complex-dependent catabolic process,Process,1,5,30,2545,0.057610075972155096,30,0.09629260454232746
F1,METH_neg,GO:0008134,transcription factor binding,Function,1,5,30,2545,0.057610075972155096,30,0.09629260454232746
F4,RNA_neg,GO:1905515,non-motile cilium assembly,Process,1,5,30,2545,0.057610075972155096,30,0.09629260454232746
F1,METH_neg,GO:0001540,amyloid-beta binding,Function,1,5,30,2545,0.057610075972155096,30,0.09629260454232746
F4,RNA_neg,GO:0030833,regulation of actin filament polymerization,Process,1,5,30,2545,0.057610075972155096,30,0.09629260454232746
F6,RNA_neg,GO:0043231,intracellular membrane-bounded organelle,Component,1,5,30,2545,0.057610075972155096,30,0.09629260454232746
F4,RNA_neg,GO:0031902,late endosome membrane,Component,1,5,30,2545,0.057610075972155096,30,0.09629260454232746
F1,METH_pos,GO:0061630,ubiquitin protein ligase activity,Function,2,34,30,2545,0.05969415258290495,30,0.09965676519070742
F1,RNA_pos,GO:0061630,ubiquitin protein ligase activity,Function,2,34,30,2545,0.05969415258290495,30,0.09965676519070742
F2,RNA_pos,GO:0005886,plasma membrane,Component,5,184,30,2545,0.06077135290329759,30,0.10133396337845384
F1,RNA_pos,GO:0005886,plasma membrane,Component,5,184,30,2545,0.06077135290329759,30,0.10133396337845384
F4,METH_pos,GO:0005783,endoplasmic reticulum,Component,3,78,30,2545,0.06214293917971073,30,0.10349745326710319
F5,METH_pos,GO:0005783,endoplasmic reticulum,Component,3,78,30,2545,0.06214293917971073,30,0.10349745326710319
F4,METH_neg,GO:0008017,microtubule binding,Function,2,35,30,2545,0.06285719089299249,30,0.10443791443434149
F5,RNA_pos,GO:0003676,nucleic acid binding,Function,2,35,30,2545,0.06285719089299249,30,0.10443791443434149
F3,METH_pos,GO:0003676,nucleic acid binding,Function,2,35,30,2545,0.06285719089299249,30,0.10443791443434149
F6,METH_neg,GO:0003676,nucleic acid binding,Function,2,35,30,2545,0.06285719089299249,30,0.10443791443434149
F2,METH_pos,GO:0030674,protein-macromolecule adaptor activity,Function,1,6,29,2545,0.06651454769525283,29,0.10798238419206647
F2,METH_pos,GO:0006631,fatty acid metabolic process,Process,1,6,29,2545,0.06651454769525283,29,0.10798238419206647
F2,METH_pos,GO:0038023,signaling receptor activity,Function,1,6,29,2545,0.06651454769525283,29,0.10798238419206647
F4,RNA_neg,GO:0031461,cullin-RING ubiquitin ligase complex,Component,1,6,30,2545,0.06874066562602728,30,0.10798238419206647
F1,RNA_pos,GO:0030424,axon,Component,1,6,30,2545,0.06874066562602728,30,0.10798238419206647
F3,RNA_neg,GO:0042981,regulation of apoptotic process,Process,1,6,30,2545,0.06874066562602728,30,0.10798238419206647
F3,RNA_pos,GO:0003950,NAD+ poly-ADP-ribosyltransferase activity,Function,1,6,30,2545,0.06874066562602728,30,0.10798238419206647
F3,RNA_pos,GO:0006887,exocytosis,Process,1,6,30,2545,0.06874066562602728,30,0.10798238419206647
F4,RNA_neg,GO:0005694,chromosome,Component,1,6,30,2545,0.06874066562602728,30,0.10798238419206647
F4,METH_pos,GO:0006096,glycolytic process,Process,1,6,30,2545,0.06874066562602728,30,0.10798238419206647
F6,RNA_pos,GO:0046513,ceramide biosynthetic process,Process,1,6,30,2545,0.06874066562602728,30,0.10798238419206647
F5,METH_neg,GO:0008289,lipid binding,Function,1,6,30,2545,0.06874066562602728,30,0.10798238419206647
F1,RNA_pos,GO:0003950,NAD+ poly-ADP-ribosyltransferase activity,Function,1,6,30,2545,0.06874066562602728,30,0.10798238419206647
F5,METH_neg,GO:0031201,SNARE complex,Component,1,6,30,2545,0.06874066562602728,30,0.10798238419206647
F5,METH_neg,GO:0005543,phospholipid binding,Function,1,6,30,2545,0.06874066562602728,30,0.10798238419206647
F2,RNA_pos,GO:0042981,regulation of apoptotic process,Process,1,6,30,2545,0.06874066562602728,30,0.10798238419206647
F2,RNA_pos,GO:0006749,glutathione metabolic process,Process,1,6,30,2545,0.06874066562602728,30,0.10798238419206647
F6,METH_neg,GO:0007179,transforming growth factor beta receptor signaling pathway,Process,1,6,30,2545,0.06874066562602728,30,0.10798238419206647
F6,METH_pos,GO:0035267,NuA4 histone acetyltransferase complex,Component,1,6,30,2545,0.06874066562602728,30,0.10798238419206647
F6,METH_neg,GO:0006631,fatty acid metabolic process,Process,1,6,30,2545,0.06874066562602728,30,0.10798238419206647
F6,METH_pos,GO:0034472,snRNA 3'-end processing,Process,1,6,30,2545,0.06874066562602728,30,0.10798238419206647
F2,METH_neg,GO:0005664,nuclear origin of replication recognition complex,Component,1,6,30,2545,0.06874066562602728,30,0.10798238419206647
F3,RNA_pos,GO:0004725,protein tyrosine phosphatase activity,Function,1,6,30,2545,0.06874066562602728,30,0.10798238419206647
F3,RNA_neg,GO:0006096,glycolytic process,Process,1,6,30,2545,0.06874066562602728,30,0.10798238419206647
F3,RNA_neg,GO:0005102,signaling receptor binding,Function,1,6,30,2545,0.06874066562602728,30,0.10798238419206647
F7,METH_pos,GO:0000407,phagophore assembly site,Component,1,6,30,2545,0.06874066562602728,30,0.10798238419206647
F1,METH_neg,GO:0006096,glycolytic process,Process,1,6,30,2545,0.06874066562602728,30,0.10798238419206647
F2,RNA_neg,GO:0006368,transcription elongation by RNA polymerase II,Process,1,6,30,2545,0.06874066562602728,30,0.10798238419206647
F5,METH_neg,GO:0008284,positive regulation of cell population proliferation,Process,1,6,30,2545,0.06874066562602728,30,0.10798238419206647
F5,METH_neg,GO:0004197,cysteine-type endopeptidase activity,Function,1,6,30,2545,0.06874066562602728,30,0.10798238419206647
F6,METH_neg,GO:0004535,poly(A)-specific ribonuclease activity,Function,1,6,30,2545,0.06874066562602728,30,0.10798238419206647
F3,METH_neg,GO:0035267,NuA4 histone acetyltransferase complex,Component,1,6,30,2545,0.06874066562602728,30,0.10798238419206647
F5,METH_neg,GO:0043123,positive regulation of canonical NF-kappaB signal transduction,Process,1,6,30,2545,0.06874066562602728,30,0.10798238419206647
F7,RNA_pos,GO:0006749,glutathione metabolic process,Process,1,6,30,2545,0.06874066562602728,30,0.10798238419206647
F3,METH_neg,GO:0031146,SCF-dependent proteasomal ubiquitin-dependent protein catabolic process,Process,1,6,30,2545,0.06874066562602728,30,0.10798238419206647
F6,METH_pos,GO:0006887,exocytosis,Process,1,6,30,2545,0.06874066562602728,30,0.10798238419206647
F7,RNA_pos,GO:0005793,endoplasmic reticulum-Golgi intermediate compartment,Component,1,6,30,2545,0.06874066562602728,30,0.10798238419206647
F5,METH_neg,GO:0030139,endocytic vesicle,Component,1,6,30,2545,0.06874066562602728,30,0.10798238419206647
F1,METH_neg,GO:0007166,cell surface receptor signaling pathway,Process,1,6,30,2545,0.06874066562602728,30,0.10798238419206647
F1,METH_neg,GO:0043123,positive regulation of canonical NF-kappaB signal transduction,Process,1,6,30,2545,0.06874066562602728,30,0.10798238419206647
F4,METH_pos,GO:0005911,cell-cell junction,Component,1,6,30,2545,0.06874066562602728,30,0.10798238419206647
F6,RNA_neg,GO:0007417,central nervous system development,Process,1,6,30,2545,0.06874066562602728,30,0.10798238419206647
F3,RNA_neg,GO:0030674,protein-macromolecule adaptor activity,Function,1,6,30,2545,0.06874066562602728,30,0.10798238419206647
F3,RNA_neg,GO:0007417,central nervous system development,Process,1,6,30,2545,0.06874066562602728,30,0.10798238419206647
F6,METH_pos,GO:0031201,SNARE complex,Component,1,6,30,2545,0.06874066562602728,30,0.10798238419206647
F6,METH_neg,GO:0008289,lipid binding,Function,1,6,30,2545,0.06874066562602728,30,0.10798238419206647
F1,METH_pos,GO:0030686,90S preribosome,Component,1,6,30,2545,0.06874066562602728,30,0.10798238419206647
F6,METH_neg,GO:0006368,transcription elongation by RNA polymerase II,Process,1,6,30,2545,0.06874066562602728,30,0.10798238419206647
F7,RNA_pos,GO:0046513,ceramide biosynthetic process,Process,1,6,30,2545,0.06874066562602728,30,0.10798238419206647
F7,RNA_pos,GO:0006631,fatty acid metabolic process,Process,1,6,30,2545,0.06874066562602728,30,0.10798238419206647
F1,METH_pos,GO:0007017,microtubule-based process,Process,1,6,30,2545,0.06874066562602728,30,0.10798238419206647
F2,RNA_pos,GO:0005680,anaphase-promoting complex,Component,1,6,30,2545,0.06874066562602728,30,0.10798238419206647
F2,METH_neg,GO:0004197,cysteine-type endopeptidase activity,Function,1,6,30,2545,0.06874066562602728,30,0.10798238419206647
F4,METH_neg,GO:0006887,exocytosis,Process,1,6,30,2545,0.06874066562602728,30,0.10798238419206647
F2,RNA_pos,GO:0007179,transforming growth factor beta receptor signaling pathway,Process,1,6,30,2545,0.06874066562602728,30,0.10798238419206647
F5,METH_neg,GO:0008237,metallopeptidase activity,Function,1,6,30,2545,0.06874066562602728,30,0.10798238419206647
F6,METH_pos,GO:0030686,90S preribosome,Component,1,6,30,2545,0.06874066562602728,30,0.10798238419206647
F4,RNA_pos,GO:0031201,SNARE complex,Component,1,6,30,2545,0.06874066562602728,30,0.10798238419206647
F3,METH_neg,GO:0016787,hydrolase activity,Function,1,6,30,2545,0.06874066562602728,30,0.10798238419206647
F5,RNA_pos,GO:0004725,protein tyrosine phosphatase activity,Function,1,6,30,2545,0.06874066562602728,30,0.10798238419206647
F5,RNA_pos,GO:0016251,RNA polymerase II general transcription initiation factor activity,Function,1,6,30,2545,0.06874066562602728,30,0.10798238419206647
F2,METH_neg,GO:0007417,central nervous system development,Process,1,6,30,2545,0.06874066562602728,30,0.10798238419206647
F2,RNA_pos,GO:0004197,cysteine-type endopeptidase activity,Function,1,6,30,2545,0.06874066562602728,30,0.10798238419206647
F5,RNA_pos,GO:0006749,glutathione metabolic process,Process,1,6,30,2545,0.06874066562602728,30,0.10798238419206647
F7,RNA_pos,GO:0090110,COPII-coated vesicle cargo loading,Process,1,6,30,2545,0.06874066562602728,30,0.10798238419206647
F7,RNA_pos,GO:0030127,COPII vesicle coat,Component,1,6,30,2545,0.06874066562602728,30,0.10798238419206647
F7,RNA_pos,GO:0031461,cullin-RING ubiquitin ligase complex,Component,1,6,30,2545,0.06874066562602728,30,0.10798238419206647
F3,RNA_pos,GO:0005911,cell-cell junction,Component,1,6,30,2545,0.06874066562602728,30,0.10798238419206647
F1,METH_neg,GO:0005680,anaphase-promoting complex,Component,1,6,30,2545,0.06874066562602728,30,0.10798238419206647
F4,RNA_neg,GO:0016925,protein sumoylation,Process,1,6,30,2545,0.06874066562602728,30,0.10798238419206647
F1,RNA_neg,GO:0007166,cell surface receptor signaling pathway,Process,1,6,30,2545,0.06874066562602728,30,0.10798238419206647
F5,RNA_pos,GO:0007166,cell surface receptor signaling pathway,Process,1,6,30,2545,0.06874066562602728,30,0.10798238419206647
F5,METH_pos,GO:0046513,ceramide biosynthetic process,Process,1,6,30,2545,0.06874066562602728,30,0.10798238419206647
F5,RNA_neg,GO:0009306,protein secretion,Process,1,6,30,2545,0.06874066562602728,30,0.10798238419206647
F4,METH_pos,GO:0005793,endoplasmic reticulum-Golgi intermediate compartment,Component,1,6,30,2545,0.06874066562602728,30,0.10798238419206647
F6,METH_pos,GO:0038023,signaling receptor activity,Function,1,6,30,2545,0.06874066562602728,30,0.10798238419206647
F4,METH_pos,GO:0007417,central nervous system development,Process,1,6,30,2545,0.06874066562602728,30,0.10798238419206647
F7,RNA_neg,GO:0008237,metallopeptidase activity,Function,1,6,30,2545,0.06874066562602728,30,0.10798238419206647
F7,RNA_neg,GO:0008289,lipid binding,Function,1,6,30,2545,0.06874066562602728,30,0.10798238419206647
F1,METH_neg,GO:0000266,mitochondrial fission,Process,1,6,30,2545,0.06874066562602728,30,0.10798238419206647
F4,RNA_pos,GO:0006631,fatty acid metabolic process,Process,1,6,30,2545,0.06874066562602728,30,0.10798238419206647
F5,METH_neg,GO:0031146,SCF-dependent proteasomal ubiquitin-dependent protein catabolic process,Process,1,6,30,2545,0.06874066562602728,30,0.10798238419206647
F2,RNA_neg,GO:0016251,RNA polymerase II general transcription initiation factor activity,Function,1,6,30,2545,0.06874066562602728,30,0.10798238419206647
F7,METH_neg,GO:0006368,transcription elongation by RNA polymerase II,Process,1,6,30,2545,0.06874066562602728,30,0.10798238419206647
F5,RNA_pos,GO:0005664,nuclear origin of replication recognition complex,Component,1,6,30,2545,0.06874066562602728,30,0.10798238419206647
F5,METH_neg,GO:0006887,exocytosis,Process,1,6,30,2545,0.06874066562602728,30,0.10798238419206647
F7,METH_neg,GO:0035267,NuA4 histone acetyltransferase complex,Component,1,6,30,2545,0.06874066562602728,30,0.10798238419206647
F1,RNA_pos,GO:0030686,90S preribosome,Component,1,6,30,2545,0.06874066562602728,30,0.10798238419206647
F7,RNA_neg,GO:0031593,polyubiquitin modification-dependent protein binding,Function,1,6,30,2545,0.06874066562602728,30,0.10798238419206647
F7,RNA_neg,GO:0031146,SCF-dependent proteasomal ubiquitin-dependent protein catabolic process,Process,1,6,30,2545,0.06874066562602728,30,0.10798238419206647
F2,METH_neg,GO:0030674,protein-macromolecule adaptor activity,Function,1,6,30,2545,0.06874066562602728,30,0.10798238419206647
F1,RNA_pos,GO:0006749,glutathione metabolic process,Process,1,6,30,2545,0.06874066562602728,30,0.10798238419206647
F1,RNA_pos,GO:0004197,cysteine-type endopeptidase activity,Function,1,6,30,2545,0.06874066562602728,30,0.10798238419206647
F5,RNA_neg,GO:0038023,signaling receptor activity,Function,1,6,30,2545,0.06874066562602728,30,0.10798238419206647
F2,METH_neg,GO:0006887,exocytosis,Process,1,6,30,2545,0.06874066562602728,30,0.10798238419206647
F7,METH_neg,GO:0006096,glycolytic process,Process,1,6,30,2545,0.06874066562602728,30,0.10798238419206647
F2,METH_neg,GO:0051301,cell division,Process,1,6,30,2545,0.06874066562602728,30,0.10798238419206647
F2,METH_pos,GO:0005789,endoplasmic reticulum membrane,Component,2,39,29,2545,0.07166590455186962,29,0.11251426161516125
F2,RNA_neg,GO:0005789,endoplasmic reticulum membrane,Component,2,39,30,2545,0.07605983303596868,30,0.11914476369571539
F5,RNA_pos,GO:0004674,protein serine/threonine kinase activity,Function,2,39,30,2545,0.07605983303596868,30,0.11914476369571539
F2,METH_neg,GO:0005789,endoplasmic reticulum membrane,Component,2,39,30,2545,0.07605983303596868,30,0.11914476369571539
F7,RNA_neg,GO:0005789,endoplasmic reticulum membrane,Component,2,39,30,2545,0.07605983303596868,30,0.11914476369571539
F2,METH_pos,GO:0030027,lamellipodium,Component,1,7,29,2545,0.07717665014379074,29,0.11942377344431204
F4,RNA_pos,GO:0016020,membrane,Component,4,139,30,2545,0.07752343222727781,30,0.11942377344431204
F4,METH_pos,GO:0006955,immune response,Process,1,7,30,2545,0.07974412369267525,30,0.11942377344431204
F4,RNA_neg,GO:0031490,chromatin DNA binding,Function,1,7,30,2545,0.07974412369267525,30,0.11942377344431204
F3,RNA_pos,GO:0007409,axonogenesis,Process,1,7,30,2545,0.07974412369267525,30,0.11942377344431204
F7,METH_neg,GO:0070062,extracellular exosome,Component,1,7,30,2545,0.07974412369267525,30,0.11942377344431204
F6,RNA_pos,GO:1990904,ribonucleoprotein complex,Component,1,7,30,2545,0.07974412369267525,30,0.11942377344431204
F7,METH_neg,GO:0006891,intra-Golgi vesicle-mediated transport,Process,1,7,30,2545,0.07974412369267525,30,0.11942377344431204
F3,RNA_neg,GO:0006955,immune response,Process,1,7,30,2545,0.07974412369267525,30,0.11942377344431204
F2,METH_neg,GO:0003688,DNA replication origin binding,Function,1,7,30,2545,0.07974412369267525,30,0.11942377344431204
F1,RNA_neg,GO:0006979,response to oxidative stress,Process,1,7,30,2545,0.07974412369267525,30,0.11942377344431204
F5,METH_pos,GO:0005741,mitochondrial outer membrane,Component,1,7,30,2545,0.07974412369267525,30,0.11942377344431204
F3,METH_pos,GO:0008305,integrin complex,Component,1,7,30,2545,0.07974412369267525,30,0.11942377344431204
F2,METH_neg,GO:0006487,protein N-linked glycosylation,Process,1,7,30,2545,0.07974412369267525,30,0.11942377344431204
F5,METH_pos,GO:0046854,phosphatidylinositol phosphate biosynthetic process,Process,1,7,30,2545,0.07974412369267525,30,0.11942377344431204
F7,METH_pos,GO:0003725,double-stranded RNA binding,Function,1,7,30,2545,0.07974412369267525,30,0.11942377344431204
F3,RNA_neg,GO:0009986,cell surface,Component,1,7,30,2545,0.07974412369267525,30,0.11942377344431204
F5,RNA_pos,GO:0007094,mitotic spindle assembly checkpoint signaling,Process,1,7,30,2545,0.07974412369267525,30,0.11942377344431204
F4,RNA_pos,GO:0009986,cell surface,Component,1,7,30,2545,0.07974412369267525,30,0.11942377344431204
F2,METH_neg,GO:0070062,extracellular exosome,Component,1,7,30,2545,0.07974412369267525,30,0.11942377344431204
F2,METH_neg,GO:0009986,cell surface,Component,1,7,30,2545,0.07974412369267525,30,0.11942377344431204
F7,RNA_neg,GO:0006891,intra-Golgi vesicle-mediated transport,Process,1,7,30,2545,0.07974412369267525,30,0.11942377344431204
F3,METH_pos,GO:0045202,synapse,Component,1,7,30,2545,0.07974412369267525,30,0.11942377344431204
F2,METH_neg,GO:0007507,heart development,Process,1,7,30,2545,0.07974412369267525,30,0.11942377344431204
F7,RNA_neg,GO:0070062,extracellular exosome,Component,1,7,30,2545,0.07974412369267525,30,0.11942377344431204
F7,RNA_neg,GO:0007409,axonogenesis,Process,1,7,30,2545,0.07974412369267525,30,0.11942377344431204
F2,RNA_pos,GO:0012506,vesicle membrane,Component,1,7,30,2545,0.07974412369267525,30,0.11942377344431204
F4,METH_pos,GO:0031418,L-ascorbic acid binding,Function,1,7,30,2545,0.07974412369267525,30,0.11942377344431204
F4,METH_pos,GO:0051016,barbed-end actin filament capping,Process,1,7,30,2545,0.07974412369267525,30,0.11942377344431204
F6,RNA_neg,GO:0045202,synapse,Component,1,7,30,2545,0.07974412369267525,30,0.11942377344431204
F4,METH_pos,GO:0008305,integrin complex,Component,1,7,30,2545,0.07974412369267525,30,0.11942377344431204
F3,METH_pos,GO:0033627,cell adhesion mediated by integrin,Process,1,7,30,2545,0.07974412369267525,30,0.11942377344431204
F6,METH_pos,GO:0031418,L-ascorbic acid binding,Function,1,7,30,2545,0.07974412369267525,30,0.11942377344431204
F2,RNA_neg,GO:0006891,intra-Golgi vesicle-mediated transport,Process,1,7,30,2545,0.07974412369267525,30,0.11942377344431204
F2,RNA_pos,GO:0001786,phosphatidylserine binding,Function,1,7,30,2545,0.07974412369267525,30,0.11942377344431204
F4,METH_neg,GO:0017056,structural constituent of nuclear pore,Function,1,7,30,2545,0.07974412369267525,30,0.11942377344431204
F4,METH_neg,GO:0031490,chromatin DNA binding,Function,1,7,30,2545,0.07974412369267525,30,0.11942377344431204
F4,RNA_pos,GO:0007409,axonogenesis,Process,1,7,30,2545,0.07974412369267525,30,0.11942377344431204
F2,METH_neg,GO:0045202,synapse,Component,1,7,30,2545,0.07974412369267525,30,0.11942377344431204
F3,METH_pos,GO:0006396,RNA processing,Process,1,7,30,2545,0.07974412369267525,30,0.11942377344431204
F7,RNA_pos,GO:0006487,protein N-linked glycosylation,Process,1,7,30,2545,0.07974412369267525,30,0.11942377344431204
F3,METH_neg,GO:0016459,myosin complex,Component,1,7,30,2545,0.07974412369267525,30,0.11942377344431204
F4,RNA_neg,GO:0031625,ubiquitin protein ligase binding,Function,1,7,30,2545,0.07974412369267525,30,0.11942377344431204
F1,METH_neg,GO:0006955,immune response,Process,1,7,30,2545,0.07974412369267525,30,0.11942377344431204
F4,RNA_neg,GO:0001786,phosphatidylserine binding,Function,1,7,30,2545,0.07974412369267525,30,0.11942377344431204
F5,METH_neg,GO:0007015,actin filament organization,Process,1,7,30,2545,0.07974412369267525,30,0.11942377344431204
F2,METH_neg,GO:0005741,mitochondrial outer membrane,Component,1,7,30,2545,0.07974412369267525,30,0.11942377344431204
F4,RNA_neg,GO:0012506,vesicle membrane,Component,1,7,30,2545,0.07974412369267525,30,0.11942377344431204
F2,METH_neg,GO:0006396,RNA processing,Process,1,7,30,2545,0.07974412369267525,30,0.11942377344431204
F1,METH_pos,GO:0046854,phosphatidylinositol phosphate biosynthetic process,Process,1,7,30,2545,0.07974412369267525,30,0.11942377344431204
F7,RNA_pos,GO:0031625,ubiquitin protein ligase binding,Function,1,7,30,2545,0.07974412369267525,30,0.11942377344431204
F2,RNA_neg,GO:0008305,integrin complex,Component,1,7,30,2545,0.07974412369267525,30,0.11942377344431204
F7,RNA_neg,GO:0007094,mitotic spindle assembly checkpoint signaling,Process,1,7,30,2545,0.07974412369267525,30,0.11942377344431204
F5,RNA_neg,GO:0070971,endoplasmic reticulum exit site,Component,1,7,30,2545,0.07974412369267525,30,0.11942377344431204
F3,RNA_neg,GO:0001786,phosphatidylserine binding,Function,1,7,30,2545,0.07974412369267525,30,0.11942377344431204
F3,METH_pos,GO:0030246,carbohydrate binding,Function,1,7,30,2545,0.07974412369267525,30,0.11942377344431204
F7,RNA_pos,GO:0007507,heart development,Process,1,7,30,2545,0.07974412369267525,30,0.11942377344431204
F3,RNA_neg,GO:0012506,vesicle membrane,Component,1,7,30,2545,0.07974412369267525,30,0.11942377344431204
F5,METH_pos,GO:0031418,L-ascorbic acid binding,Function,1,7,30,2545,0.07974412369267525,30,0.11942377344431204
F5,METH_pos,GO:0006396,RNA processing,Process,1,7,30,2545,0.07974412369267525,30,0.11942377344431204
F2,RNA_neg,GO:0045202,synapse,Component,1,7,30,2545,0.07974412369267525,30,0.11942377344431204
F7,RNA_pos,GO:0070971,endoplasmic reticulum exit site,Component,1,7,30,2545,0.07974412369267525,30,0.11942377344431204
F3,METH_pos,GO:0031418,L-ascorbic acid binding,Function,1,7,30,2545,0.07974412369267525,30,0.11942377344431204
F3,METH_neg,GO:0007015,actin filament organization,Process,1,7,30,2545,0.07974412369267525,30,0.11942377344431204
F5,METH_neg,GO:0016459,myosin complex,Component,1,7,30,2545,0.07974412369267525,30,0.11942377344431204
F5,METH_neg,GO:0006955,immune response,Process,1,7,30,2545,0.07974412369267525,30,0.11942377344431204
F2,RNA_pos,GO:0006979,response to oxidative stress,Process,1,7,30,2545,0.07974412369267525,30,0.11942377344431204
F2,RNA_neg,GO:0033627,cell adhesion mediated by integrin,Process,1,7,30,2545,0.07974412369267525,30,0.11942377344431204
F5,RNA_pos,GO:0003688,DNA replication origin binding,Function,1,7,30,2545,0.07974412369267525,30,0.11942377344431204
F7,METH_pos,GO:0006396,RNA processing,Process,1,7,30,2545,0.07974412369267525,30,0.11942377344431204
F3,RNA_neg,GO:0007409,axonogenesis,Process,1,7,30,2545,0.07974412369267525,30,0.11942377344431204
F2,RNA_neg,GO:0009986,cell surface,Component,1,7,30,2545,0.07974412369267525,30,0.11942377344431204
F3,RNA_neg,GO:0070062,extracellular exosome,Component,1,7,30,2545,0.07974412369267525,30,0.11942377344431204
F3,RNA_neg,GO:0007507,heart development,Process,1,7,30,2545,0.07974412369267525,30,0.11942377344431204
F6,METH_neg,GO:0012506,vesicle membrane,Component,1,7,30,2545,0.07974412369267525,30,0.11942377344431204
F6,METH_neg,GO:0001786,phosphatidylserine binding,Function,1,7,30,2545,0.07974412369267525,30,0.11942377344431204
F3,METH_neg,GO:0006396,RNA processing,Process,1,7,30,2545,0.07974412369267525,30,0.11942377344431204
F2,RNA_pos,GO:0006955,immune response,Process,1,7,30,2545,0.07974412369267525,30,0.11942377344431204
F2,METH_neg,GO:0003725,double-stranded RNA binding,Function,1,7,30,2545,0.07974412369267525,30,0.11942377344431204
F3,RNA_neg,GO:0006979,response to oxidative stress,Process,1,7,30,2545,0.07974412369267525,30,0.11942377344431204
F3,RNA_neg,GO:0045296,cadherin binding,Function,1,7,30,2545,0.07974412369267525,30,0.11942377344431204
F4,METH_pos,GO:0033627,cell adhesion mediated by integrin,Process,1,7,30,2545,0.07974412369267525,30,0.11942377344431204
F5,RNA_neg,GO:0003682,chromatin binding,Function,2,41,30,2545,0.08296872595107123,30,0.12418630845731081
F6,RNA_pos,GO:0003924,GTPase activity,Function,2,42,30,2545,0.08649458315394079,30,0.12932514494055494
F2,RNA_pos,GO:0003924,GTPase activity,Function,2,42,30,2545,0.08649458315394079,30,0.12932514494055494
F2,METH_pos,GO:0006974,DNA damage response,Process,1,8,29,2545,0.0877211249845433,29,0.1310187711667537
F2,METH_pos,GO:0005778,peroxisomal membrane,Component,1,8,29,2545,0.0877211249845433,29,0.1310187711667537
F4,RNA_pos,GO:0016197,endosomal transport,Process,1,8,30,2545,0.0906218527270408,30,0.13210168823936586
F5,RNA_pos,GO:0007059,chromosome segregation,Process,1,8,30,2545,0.0906218527270408,30,0.13210168823936586
F6,RNA_neg,GO:0005622,intracellular anatomical structure,Component,1,8,30,2545,0.0906218527270408,30,0.13210168823936586
F2,METH_neg,GO:0005635,nuclear envelope,Component,1,8,30,2545,0.0906218527270408,30,0.13210168823936586
F5,METH_pos,GO:0005635,nuclear envelope,Component,1,8,30,2545,0.0906218527270408,30,0.13210168823936586
F5,RNA_pos,GO:0016592,mediator complex,Component,1,8,30,2545,0.0906218527270408,30,0.13210168823936586
F5,METH_pos,GO:0006493,protein O-linked glycosylation,Process,1,8,30,2545,0.0906218527270408,30,0.13210168823936586
F6,METH_pos,GO:0005484,SNAP receptor activity,Function,1,8,30,2545,0.0906218527270408,30,0.13210168823936586
F6,METH_neg,GO:0007059,chromosome segregation,Process,1,8,30,2545,0.0906218527270408,30,0.13210168823936586
F4,METH_neg,GO:0060070,canonical Wnt signaling pathway,Process,1,8,30,2545,0.0906218527270408,30,0.13210168823936586
F4,RNA_pos,GO:0051087,protein-folding chaperone binding,Function,1,8,30,2545,0.0906218527270408,30,0.13210168823936586
F1,METH_pos,GO:0010468,regulation of gene expression,Process,1,8,30,2545,0.0906218527270408,30,0.13210168823936586
F4,METH_neg,GO:0016592,mediator complex,Component,1,8,30,2545,0.0906218527270408,30,0.13210168823936586
F5,METH_neg,GO:0007059,chromosome segregation,Process,1,8,30,2545,0.0906218527270408,30,0.13210168823936586
F6,METH_pos,GO:0032039,integrator complex,Component,1,8,30,2545,0.0906218527270408,30,0.13210168823936586
F3,RNA_pos,GO:0005938,cell cortex,Component,1,8,30,2545,0.0906218527270408,30,0.13210168823936586
F5,RNA_neg,GO:0004252,serine-type endopeptidase activity,Function,1,8,30,2545,0.0906218527270408,30,0.13210168823936586
F3,RNA_pos,GO:0006493,protein O-linked glycosylation,Process,1,8,30,2545,0.0906218527270408,30,0.13210168823936586
F2,RNA_neg,GO:0004722,protein serine/threonine phosphatase activity,Function,1,8,30,2545,0.0906218527270408,30,0.13210168823936586
F1,RNA_pos,GO:0010468,regulation of gene expression,Process,1,8,30,2545,0.0906218527270408,30,0.13210168823936586
F6,RNA_pos,GO:0071013,catalytic step 2 spliceosome,Component,1,8,30,2545,0.0906218527270408,30,0.13210168823936586
F2,METH_neg,GO:0016592,mediator complex,Component,1,8,30,2545,0.0906218527270408,30,0.13210168823936586
F5,RNA_pos,GO:0042254,ribosome biogenesis,Process,1,8,30,2545,0.0906218527270408,30,0.13210168823936586
F5,RNA_neg,GO:0016592,mediator complex,Component,1,8,30,2545,0.0906218527270408,30,0.13210168823936586
F4,RNA_pos,GO:0005484,SNAP receptor activity,Function,1,8,30,2545,0.0906218527270408,30,0.13210168823936586
F6,RNA_neg,GO:0000932,P-body,Component,1,8,30,2545,0.0906218527270408,30,0.13210168823936586
F1,RNA_neg,GO:0004722,protein serine/threonine phosphatase activity,Function,1,8,30,2545,0.0906218527270408,30,0.13210168823936586
F3,METH_pos,GO:0004252,serine-type endopeptidase activity,Function,1,8,30,2545,0.0906218527270408,30,0.13210168823936586
F7,RNA_neg,GO:0016197,endosomal transport,Process,1,8,30,2545,0.0906218527270408,30,0.13210168823936586
F5,METH_pos,GO:0005622,intracellular anatomical structure,Component,1,8,30,2545,0.0906218527270408,30,0.13210168823936586
F7,METH_neg,GO:0018107,peptidyl-threonine phosphorylation,Process,1,8,30,2545,0.0906218527270408,30,0.13210168823936586
F7,METH_neg,GO:0006412,translation,Process,1,8,30,2545,0.0906218527270408,30,0.13210168823936586
F7,METH_neg,GO:0007264,small GTPase-mediated signal transduction,Process,1,8,30,2545,0.0906218527270408,30,0.13210168823936586
F2,METH_neg,GO:0006270,DNA replication initiation,Process,1,8,30,2545,0.0906218527270408,30,0.13210168823936586
F4,RNA_neg,GO:0006099,tricarboxylic acid cycle,Process,1,8,30,2545,0.0906218527270408,30,0.13210168823936586
F1,RNA_neg,GO:0004252,serine-type endopeptidase activity,Function,1,8,30,2545,0.0906218527270408,30,0.13210168823936586
F5,RNA_pos,GO:0005622,intracellular anatomical structure,Component,1,8,30,2545,0.0906218527270408,30,0.13210168823936586
F7,RNA_neg,GO:0007264,small GTPase-mediated signal transduction,Process,1,8,30,2545,0.0906218527270408,30,0.13210168823936586
F2,RNA_pos,GO:0005622,intracellular anatomical structure,Component,1,8,30,2545,0.0906218527270408,30,0.13210168823936586
F6,RNA_neg,GO:0071013,catalytic step 2 spliceosome,Component,1,8,30,2545,0.0906218527270408,30,0.13210168823936586
F7,RNA_pos,GO:0006099,tricarboxylic acid cycle,Process,1,8,30,2545,0.0906218527270408,30,0.13210168823936586
F4,METH_neg,GO:0005635,nuclear envelope,Component,1,8,30,2545,0.0906218527270408,30,0.13210168823936586
F2,RNA_pos,GO:0007264,small GTPase-mediated signal transduction,Process,1,8,30,2545,0.0906218527270408,30,0.13210168823936586
F5,METH_neg,GO:0005484,SNAP receptor activity,Function,1,8,30,2545,0.0906218527270408,30,0.13210168823936586
F6,RNA_pos,GO:0016197,endosomal transport,Process,1,8,30,2545,0.0906218527270408,30,0.13210168823936586
F6,METH_neg,GO:0016197,endosomal transport,Process,1,8,30,2545,0.0906218527270408,30,0.13210168823936586
F4,METH_pos,GO:0005829,cytosol,Component,4,148,30,2545,0.0928693324596808,30,0.1351662561541889
F5,RNA_pos,GO:0005829,cytosol,Component,4,148,30,2545,0.0928693324596808,30,0.1351662561541889
F3,METH_neg,GO:0005829,cytosol,Component,4,148,30,2545,0.0928693324596808,30,0.1351662561541889
F2,RNA_pos,GO:0005525,GTP binding,Function,2,44,30,2545,0.09368159666708276,30,0.13613563969363277
F6,RNA_pos,GO:0005525,GTP binding,Function,2,44,30,2545,0.09368159666708276,30,0.13613563969363277
F5,RNA_pos,GO:0016887,ATP hydrolysis activity,Function,2,44,30,2545,0.09368159666708276,30,0.13613563969363277
F7,RNA_pos,GO:0008270,zinc ion binding,Function,3,93,30,2545,0.09428555221131742,30,0.13694204229132062
F2,METH_pos,GO:0005524,ATP binding,Function,5,217,29,2545,0.09489475001149873,29,0.1377552166227214
F2,METH_neg,GO:0005737,cytoplasm,Component,7,343,30,2545,0.09852601514154401,30,0.14287806868656927
F2,RNA_pos,GO:0005737,cytoplasm,Component,7,343,30,2545,0.09852601514154401,30,0.14287806868656927
F3,RNA_neg,GO:0005794,Golgi apparatus,Component,2,46,30,2545,0.10103928982152714,30,0.14453345907002674
F1,RNA_neg,GO:0006635,fatty acid beta-oxidation,Process,1,9,30,2545,0.10137524035738718,30,0.14453345907002674
F4,RNA_neg,GO:0043005,neuron projection,Component,1,9,30,2545,0.10137524035738718,30,0.14453345907002674
F7,RNA_neg,GO:0005544,calcium-dependent phospholipid binding,Function,1,9,30,2545,0.10137524035738718,30,0.14453345907002674
F7,RNA_neg,GO:0019005,SCF ubiquitin ligase complex,Component,1,9,30,2545,0.10137524035738718,30,0.14453345907002674
F4,RNA_pos,GO:0000278,mitotic cell cycle,Process,1,9,30,2545,0.10137524035738718,30,0.14453345907002674
F6,RNA_neg,GO:0007155,cell adhesion,Process,1,9,30,2545,0.10137524035738718,30,0.14453345907002674
F4,METH_pos,GO:0007229,integrin-mediated signaling pathway,Process,1,9,30,2545,0.10137524035738718,30,0.14453345907002674
F4,RNA_neg,GO:0005544,calcium-dependent phospholipid binding,Function,1,9,30,2545,0.10137524035738718,30,0.14453345907002674
F7,METH_neg,GO:0003735,structural constituent of ribosome,Function,1,9,30,2545,0.10137524035738718,30,0.14453345907002674
F4,RNA_neg,GO:0036297,interstrand cross-link repair,Process,1,9,30,2545,0.10137524035738718,30,0.14453345907002674
F5,METH_neg,GO:0006260,DNA replication,Process,1,9,30,2545,0.10137524035738718,30,0.14453345907002674
F5,METH_neg,GO:0019005,SCF ubiquitin ligase complex,Component,1,9,30,2545,0.10137524035738718,30,0.14453345907002674
F5,METH_pos,GO:0003777,microtubule motor activity,Function,1,9,30,2545,0.10137524035738718,30,0.14453345907002674
F2,RNA_pos,GO:0005544,calcium-dependent phospholipid binding,Function,1,9,30,2545,0.10137524035738718,30,0.14453345907002674
F3,METH_pos,GO:0036297,interstrand cross-link repair,Process,1,9,30,2545,0.10137524035738718,30,0.14453345907002674
F1,METH_pos,GO:0000278,mitotic cell cycle,Process,1,9,30,2545,0.10137524035738718,30,0.14453345907002674
F3,METH_pos,GO:0007229,integrin-mediated signaling pathway,Process,1,9,30,2545,0.10137524035738718,30,0.14453345907002674
F5,RNA_pos,GO:0006635,fatty acid beta-oxidation,Process,1,9,30,2545,0.10137524035738718,30,0.14453345907002674
F3,METH_neg,GO:0005544,calcium-dependent phospholipid binding,Function,1,9,30,2545,0.10137524035738718,30,0.14453345907002674
F3,RNA_neg,GO:0005544,calcium-dependent phospholipid binding,Function,1,9,30,2545,0.10137524035738718,30,0.14453345907002674
F4,RNA_pos,GO:0003735,structural constituent of ribosome,Function,1,9,30,2545,0.10137524035738718,30,0.14453345907002674
F1,METH_pos,GO:0043005,neuron projection,Component,1,9,30,2545,0.10137524035738718,30,0.14453345907002674
F4,METH_neg,GO:0005544,calcium-dependent phospholipid binding,Function,1,9,30,2545,0.10137524035738718,30,0.14453345907002674
F2,METH_neg,GO:0007155,cell adhesion,Process,1,9,30,2545,0.10137524035738718,30,0.14453345907002674
F1,METH_pos,GO:0000226,microtubule cytoskeleton organization,Process,1,9,30,2545,0.10137524035738718,30,0.14453345907002674
F3,RNA_neg,GO:0043005,neuron projection,Component,1,9,30,2545,0.10137524035738718,30,0.14453345907002674
F3,METH_neg,GO:0003777,microtubule motor activity,Function,1,9,30,2545,0.10137524035738718,30,0.14453345907002674
F3,METH_neg,GO:0019005,SCF ubiquitin ligase complex,Component,1,9,30,2545,0.10137524035738718,30,0.14453345907002674
F6,METH_neg,GO:0005544,calcium-dependent phospholipid binding,Function,1,9,30,2545,0.10137524035738718,30,0.14453345907002674
F5,RNA_pos,GO:0006260,DNA replication,Process,1,9,30,2545,0.10137524035738718,30,0.14453345907002674
F3,METH_neg,GO:0000226,microtubule cytoskeleton organization,Process,1,9,30,2545,0.10137524035738718,30,0.14453345907002674
F3,METH_neg,GO:0036297,interstrand cross-link repair,Process,1,9,30,2545,0.10137524035738718,30,0.14453345907002674
F4,RNA_pos,GO:0005524,ATP binding,Function,5,217,30,2545,0.1063795764245235,30,0.151590896404946
F2,METH_pos,GO:0000776,kinetochore,Component,1,10,29,2545,0.10846218641135097,29,0.15447979941198534
F6,RNA_neg,GO:0005515,protein binding,Function,7,353,30,2545,0.11094854238258413,30,0.15532860318334843
F1,RNA_pos,GO:0000977,RNA polymerase II transcription regulatory region sequence-specific DNA binding,Function,1,10,30,2545,0.11200565943833289,30,0.15532860318334843
F3,RNA_pos,GO:0008083,growth factor activity,Function,1,10,30,2545,0.11200565943833289,30,0.15532860318334843
F1,RNA_pos,GO:0015031,protein transport,Process,1,10,30,2545,0.11200565943833289,30,0.15532860318334843
F4,RNA_neg,GO:0000045,autophagosome assembly,Process,1,10,30,2545,0.11200565943833289,30,0.15532860318334843
F4,RNA_pos,GO:0008083,growth factor activity,Function,1,10,30,2545,0.11200565943833289,30,0.15532860318334843
F1,METH_pos,GO:0015031,protein transport,Process,1,10,30,2545,0.11200565943833289,30,0.15532860318334843
F2,RNA_neg,GO:0005759,mitochondrial matrix,Component,1,10,30,2545,0.11200565943833289,30,0.15532860318334843
F6,RNA_pos,GO:0005759,mitochondrial matrix,Component,1,10,30,2545,0.11200565943833289,30,0.15532860318334843
F2,RNA_pos,GO:0000977,RNA polymerase II transcription regulatory region sequence-specific DNA binding,Function,1,10,30,2545,0.11200565943833289,30,0.15532860318334843
F6,METH_pos,GO:0000776,kinetochore,Component,1,10,30,2545,0.11200565943833289,30,0.15532860318334843
F1,METH_pos,GO:0008083,growth factor activity,Function,1,10,30,2545,0.11200565943833289,30,0.15532860318334843
F6,METH_neg,GO:0043087,regulation of GTPase activity,Process,1,10,30,2545,0.11200565943833289,30,0.15532860318334843
F3,METH_neg,GO:0046961,"proton-transporting ATPase activity, rotational mechanism",Function,1,10,30,2545,0.11200565943833289,30,0.15532860318334843
F4,METH_neg,GO:0005643,nuclear pore,Component,1,10,30,2545,0.11200565943833289,30,0.15532860318334843
F5,METH_neg,GO:0008083,growth factor activity,Function,1,10,30,2545,0.11200565943833289,30,0.15532860318334843
F5,METH_neg,GO:0051287,NAD binding,Function,1,10,30,2545,0.11200565943833289,30,0.15532860318334843
F1,METH_pos,GO:0003743,translation initiation factor activity,Function,1,10,30,2545,0.11200565943833289,30,0.15532860318334843
F2,RNA_pos,GO:0051287,NAD binding,Function,1,10,30,2545,0.11200565943833289,30,0.15532860318334843
F7,RNA_neg,GO:0000776,kinetochore,Component,1,10,30,2545,0.11200565943833289,30,0.15532860318334843
F4,RNA_pos,GO:0000045,autophagosome assembly,Process,1,10,30,2545,0.11200565943833289,30,0.15532860318334843
F5,METH_pos,GO:0015031,protein transport,Process,1,10,30,2545,0.11200565943833289,30,0.15532860318334843
F5,METH_neg,GO:0000149,SNARE binding,Function,1,10,30,2545,0.11200565943833289,30,0.15532860318334843
F4,RNA_pos,GO:0000149,SNARE binding,Function,1,10,30,2545,0.11200565943833289,30,0.15532860318334843
F5,METH_pos,GO:0051287,NAD binding,Function,1,10,30,2545,0.11200565943833289,30,0.15532860318334843
F1,RNA_neg,GO:0046961,"proton-transporting ATPase activity, rotational mechanism",Function,1,10,30,2545,0.11200565943833289,30,0.15532860318334843
F3,METH_pos,GO:0005925,focal adhesion,Component,1,10,30,2545,0.11200565943833289,30,0.15532860318334843
F2,RNA_pos,GO:0004222,metalloendopeptidase activity,Function,1,10,30,2545,0.11200565943833289,30,0.15532860318334843
F5,METH_pos,GO:0005925,focal adhesion,Component,1,10,30,2545,0.11200565943833289,30,0.15532860318334843
F1,RNA_neg,GO:0008083,growth factor activity,Function,1,10,30,2545,0.11200565943833289,30,0.15532860318334843
F6,METH_pos,GO:0000045,autophagosome assembly,Process,1,10,30,2545,0.11200565943833289,30,0.15532860318334843
F2,RNA_neg,GO:0043066,negative regulation of apoptotic process,Process,1,10,30,2545,0.11200565943833289,30,0.15532860318334843
F7,RNA_neg,GO:0003730,mRNA 3'-UTR binding,Function,1,10,30,2545,0.11200565943833289,30,0.15532860318334843
F7,METH_pos,GO:0005769,early endosome,Component,1,10,30,2545,0.11200565943833289,30,0.15532860318334843
F5,RNA_pos,GO:0000776,kinetochore,Component,1,10,30,2545,0.11200565943833289,30,0.15532860318334843
F5,RNA_neg,GO:0005759,mitochondrial matrix,Component,1,10,30,2545,0.11200565943833289,30,0.15532860318334843
F5,RNA_neg,GO:0015031,protein transport,Process,1,10,30,2545,0.11200565943833289,30,0.15532860318334843
F6,RNA_neg,GO:0007030,Golgi organization,Process,1,10,30,2545,0.11200565943833289,30,0.15532860318334843
F3,RNA_neg,GO:0015031,protein transport,Process,1,10,30,2545,0.11200565943833289,30,0.15532860318334843
F6,RNA_neg,GO:0043087,regulation of GTPase activity,Process,1,10,30,2545,0.11200565943833289,30,0.15532860318334843
F7,METH_pos,GO:0005770,late endosome,Component,1,10,30,2545,0.11200565943833289,30,0.15532860318334843
F3,RNA_neg,GO:0005769,early endosome,Component,1,10,30,2545,0.11200565943833289,30,0.15532860318334843
F5,RNA_neg,GO:0004222,metalloendopeptidase activity,Function,1,10,30,2545,0.11200565943833289,30,0.15532860318334843
F1,RNA_pos,GO:0003743,translation initiation factor activity,Function,1,10,30,2545,0.11200565943833289,30,0.15532860318334843
F3,RNA_pos,GO:0043087,regulation of GTPase activity,Process,1,10,30,2545,0.11200565943833289,30,0.15532860318334843
F7,METH_pos,GO:0015031,protein transport,Process,1,10,30,2545,0.11200565943833289,30,0.15532860318334843
F3,RNA_pos,GO:0005516,calmodulin binding,Function,1,10,30,2545,0.11200565943833289,30,0.15532860318334843
F5,RNA_neg,GO:0008083,growth factor activity,Function,1,10,30,2545,0.11200565943833289,30,0.15532860318334843
F3,RNA_neg,GO:0005925,focal adhesion,Component,1,10,30,2545,0.11200565943833289,30,0.15532860318334843
F1,METH_neg,GO:0003743,translation initiation factor activity,Function,1,10,30,2545,0.11200565943833289,30,0.15532860318334843
F6,METH_pos,GO:0000149,SNARE binding,Function,1,10,30,2545,0.11200565943833289,30,0.15532860318334843
F5,METH_pos,GO:0000776,kinetochore,Component,1,10,30,2545,0.11200565943833289,30,0.15532860318334843
F4,METH_pos,GO:0005925,focal adhesion,Component,1,10,30,2545,0.11200565943833289,30,0.15532860318334843
F7,METH_pos,GO:0006355,regulation of DNA-templated transcription,Process,2,50,30,2545,0.1162219197950222,30,0.16101578471602035
F6,RNA_neg,GO:0006355,regulation of DNA-templated transcription,Process,2,50,30,2545,0.1162219197950222,30,0.16101578471602035
F3,METH_pos,GO:0000209,protein polyubiquitination,Process,1,11,30,2545,0.12251446820237627,30,0.16740846853680869
F7,RNA_neg,GO:0000209,protein polyubiquitination,Process,1,11,30,2545,0.12251446820237627,30,0.16740846853680869
F4,RNA_pos,GO:0036503,ERAD pathway,Process,1,11,30,2545,0.12251446820237627,30,0.16740846853680869
F5,RNA_pos,GO:0140662,ATP-dependent protein folding chaperone,Function,1,11,30,2545,0.12251446820237627,30,0.16740846853680869
F6,METH_pos,GO:0020037,heme binding,Function,1,11,30,2545,0.12251446820237627,30,0.16740846853680869
F5,METH_neg,GO:0003697,single-stranded DNA binding,Function,1,11,30,2545,0.12251446820237627,30,0.16740846853680869
F2,METH_neg,GO:0020037,heme binding,Function,1,11,30,2545,0.12251446820237627,30,0.16740846853680869
F2,RNA_pos,GO:0020037,heme binding,Function,1,11,30,2545,0.12251446820237627,30,0.16740846853680869
F1,METH_neg,GO:0005923,bicellular tight junction,Component,1,11,30,2545,0.12251446820237627,30,0.16740846853680869
F1,METH_pos,GO:0140662,ATP-dependent protein folding chaperone,Function,1,11,30,2545,0.12251446820237627,30,0.16740846853680869
F6,RNA_pos,GO:0030170,pyridoxal phosphate binding,Function,1,11,30,2545,0.12251446820237627,30,0.16740846853680869
F4,RNA_neg,GO:0036503,ERAD pathway,Process,1,11,30,2545,0.12251446820237627,30,0.16740846853680869
F2,RNA_neg,GO:0140662,ATP-dependent protein folding chaperone,Function,1,11,30,2545,0.12251446820237627,30,0.16740846853680869
F3,RNA_neg,GO:0020037,heme binding,Function,1,11,30,2545,0.12251446820237627,30,0.16740846853680869
F4,RNA_neg,GO:0036064,ciliary basal body,Component,1,11,30,2545,0.12251446820237627,30,0.16740846853680869
F4,METH_neg,GO:0036064,ciliary basal body,Component,1,11,30,2545,0.12251446820237627,30,0.16740846853680869
F1,RNA_neg,GO:0005923,bicellular tight junction,Component,1,11,30,2545,0.12251446820237627,30,0.16740846853680869
F4,RNA_neg,GO:0003697,single-stranded DNA binding,Function,1,11,30,2545,0.12251446820237627,30,0.16740846853680869
F3,METH_neg,GO:1902600,proton transmembrane transport,Process,1,11,30,2545,0.12251446820237627,30,0.16740846853680869
F4,RNA_pos,GO:0140662,ATP-dependent protein folding chaperone,Function,1,11,30,2545,0.12251446820237627,30,0.16740846853680869
F2,METH_neg,GO:0140662,ATP-dependent protein folding chaperone,Function,1,11,30,2545,0.12251446820237627,30,0.16740846853680869
F6,RNA_neg,GO:0005923,bicellular tight junction,Component,1,11,30,2545,0.12251446820237627,30,0.16740846853680869
F1,RNA_neg,GO:1902600,proton transmembrane transport,Process,1,11,30,2545,0.12251446820237627,30,0.16740846853680869
F7,RNA_neg,GO:0036064,ciliary basal body,Component,1,11,30,2545,0.12251446820237627,30,0.16740846853680869
F5,RNA_neg,GO:0140662,ATP-dependent protein folding chaperone,Function,1,11,30,2545,0.12251446820237627,30,0.16740846853680869
F1,RNA_pos,GO:0140662,ATP-dependent protein folding chaperone,Function,1,11,30,2545,0.12251446820237627,30,0.16740846853680869
F1,RNA_neg,GO:0036064,ciliary basal body,Component,1,11,30,2545,0.12251446820237627,30,0.16740846853680869
F2,RNA_pos,GO:0030154,cell differentiation,Process,1,11,30,2545,0.12251446820237627,30,0.16740846853680869
F3,RNA_pos,GO:0005634,nucleus,Component,8,435,30,2545,0.12570470371259876,30,0.1716837347038085
F4,METH_neg,GO:0006357,regulation of transcription by RNA polymerase II,Process,3,106,30,2545,0.12671288562180444,30,0.1729760945951612
F2,METH_pos,GO:0005743,mitochondrial inner membrane,Component,1,12,29,2545,0.12874759352690557,29,0.17558204527375354
F2,METH_pos,GO:0005912,adherens junction,Component,1,12,29,2545,0.12874759352690557,29,0.17558204527375354
F6,METH_neg,GO:0043130,ubiquitin binding,Function,1,12,30,2545,0.1329030104099251,30,0.17889065449393773
F6,METH_pos,GO:0005506,iron ion binding,Function,1,12,30,2545,0.1329030104099251,30,0.17889065449393773
F3,METH_pos,GO:0005743,mitochondrial inner membrane,Component,1,12,30,2545,0.1329030104099251,30,0.17889065449393773
F2,RNA_neg,GO:0005743,mitochondrial inner membrane,Component,1,12,30,2545,0.1329030104099251,30,0.17889065449393773
F7,METH_neg,GO:0005743,mitochondrial inner membrane,Component,1,12,30,2545,0.1329030104099251,30,0.17889065449393773
F4,METH_pos,GO:0005506,iron ion binding,Function,1,12,30,2545,0.1329030104099251,30,0.17889065449393773
F4,RNA_neg,GO:0000724,double-strand break repair via homologous recombination,Process,1,12,30,2545,0.1329030104099251,30,0.17889065449393773
F4,RNA_pos,GO:0043235,signaling receptor complex,Component,1,12,30,2545,0.1329030104099251,30,0.17889065449393773
F7,RNA_pos,GO:0005912,adherens junction,Component,1,12,30,2545,0.1329030104099251,30,0.17889065449393773
F4,RNA_pos,GO:0031410,cytoplasmic vesicle,Component,1,12,30,2545,0.1329030104099251,30,0.17889065449393773
F7,METH_pos,GO:0031410,cytoplasmic vesicle,Component,1,12,30,2545,0.1329030104099251,30,0.17889065449393773
F5,RNA_pos,GO:0003700,DNA-binding transcription factor activity,Function,1,12,30,2545,0.1329030104099251,30,0.17889065449393773
F5,METH_pos,GO:0019901,protein kinase binding,Function,1,12,30,2545,0.1329030104099251,30,0.17889065449393773
F2,RNA_neg,GO:0019901,protein kinase binding,Function,1,12,30,2545,0.1329030104099251,30,0.17889065449393773
F4,METH_neg,GO:0043130,ubiquitin binding,Function,1,12,30,2545,0.1329030104099251,30,0.17889065449393773
F3,METH_pos,GO:0007160,cell-matrix adhesion,Process,1,12,30,2545,0.1329030104099251,30,0.17889065449393773
F3,METH_pos,GO:0019901,protein kinase binding,Function,1,12,30,2545,0.1329030104099251,30,0.17889065449393773
F7,METH_pos,GO:0000724,double-strand break repair via homologous recombination,Process,1,12,30,2545,0.1329030104099251,30,0.17889065449393773
F3,METH_pos,GO:0005506,iron ion binding,Function,1,12,30,2545,0.1329030104099251,30,0.17889065449393773
F5,RNA_neg,GO:0031410,cytoplasmic vesicle,Component,1,12,30,2545,0.1329030104099251,30,0.17889065449393773
F2,METH_neg,GO:0031410,cytoplasmic vesicle,Component,1,12,30,2545,0.1329030104099251,30,0.17889065449393773
F5,METH_pos,GO:0005506,iron ion binding,Function,1,12,30,2545,0.1329030104099251,30,0.17889065449393773
F7,METH_pos,GO:0003700,DNA-binding transcription factor activity,Function,1,12,30,2545,0.1329030104099251,30,0.17889065449393773
F2,METH_neg,GO:0005743,mitochondrial inner membrane,Component,1,12,30,2545,0.1329030104099251,30,0.17889065449393773
F4,METH_pos,GO:0007160,cell-matrix adhesion,Process,1,12,30,2545,0.1329030104099251,30,0.17889065449393773
F3,RNA_neg,GO:0005912,adherens junction,Component,1,12,30,2545,0.1329030104099251,30,0.17889065449393773
F5,RNA_pos,GO:0000724,double-strand break repair via homologous recombination,Process,1,12,30,2545,0.1329030104099251,30,0.17889065449393773
F2,METH_pos,GO:0005777,peroxisome,Component,1,13,29,2545,0.13872245329307997,29,0.18663382083216393
F7,RNA_pos,GO:0003755,peptidyl-prolyl cis-trans isomerase activity,Function,1,13,30,2545,0.1431726154978454,30,0.19078297475452397
F6,RNA_pos,GO:0005777,peroxisome,Component,1,13,30,2545,0.1431726154978454,30,0.19078297475452397
F7,METH_pos,GO:0045893,positive regulation of DNA-templated transcription,Process,1,13,30,2545,0.1431726154978454,30,0.19078297475452397
F3,RNA_neg,GO:0007275,multicellular organism development,Process,1,13,30,2545,0.1431726154978454,30,0.19078297475452397
F3,METH_neg,GO:0045893,positive regulation of DNA-templated transcription,Process,1,13,30,2545,0.1431726154978454,30,0.19078297475452397
F6,METH_neg,GO:0016491,oxidoreductase activity,Function,1,13,30,2545,0.1431726154978454,30,0.19078297475452397
F1,RNA_neg,GO:0005198,structural molecule activity,Function,1,13,30,2545,0.1431726154978454,30,0.19078297475452397
F7,RNA_neg,GO:0005198,structural molecule activity,Function,1,13,30,2545,0.1431726154978454,30,0.19078297475452397
F2,RNA_neg,GO:0045893,positive regulation of DNA-templated transcription,Process,1,13,30,2545,0.1431726154978454,30,0.19078297475452397
F5,RNA_pos,GO:0003755,peptidyl-prolyl cis-trans isomerase activity,Function,1,13,30,2545,0.1431726154978454,30,0.19078297475452397
F3,RNA_neg,GO:0003755,peptidyl-prolyl cis-trans isomerase activity,Function,1,13,30,2545,0.1431726154978454,30,0.19078297475452397
F2,RNA_neg,GO:0005777,peroxisome,Component,1,13,30,2545,0.1431726154978454,30,0.19078297475452397
F3,RNA_pos,GO:0045893,positive regulation of DNA-templated transcription,Process,1,13,30,2545,0.1431726154978454,30,0.19078297475452397
F7,RNA_neg,GO:0003755,peptidyl-prolyl cis-trans isomerase activity,Function,1,13,30,2545,0.1431726154978454,30,0.19078297475452397
F4,RNA_pos,GO:0007275,multicellular organism development,Process,1,13,30,2545,0.1431726154978454,30,0.19078297475452397
F4,RNA_pos,GO:0045893,positive regulation of DNA-templated transcription,Process,1,13,30,2545,0.1431726154978454,30,0.19078297475452397
F7,METH_neg,GO:0005198,structural molecule activity,Function,1,13,30,2545,0.1431726154978454,30,0.19078297475452397
F1,METH_neg,GO:0005198,structural molecule activity,Function,1,13,30,2545,0.1431726154978454,30,0.19078297475452397
F4,METH_pos,GO:0016491,oxidoreductase activity,Function,1,13,30,2545,0.1431726154978454,30,0.19078297475452397
F4,METH_neg,GO:0043161,proteasome-mediated ubiquitin-dependent protein catabolic process,Process,1,13,30,2545,0.1431726154978454,30,0.19078297475452397
F2,METH_pos,GO:0006606,protein import into nucleus,Process,1,14,29,2545,0.14858700655315138,29,0.19780910834268436
F2,METH_pos,GO:0000287,magnesium ion binding,Function,1,14,29,2545,0.14858700655315138,29,0.19780910834268436
F3,METH_neg,GO:0003724,RNA helicase activity,Function,1,14,30,2545,0.15332459872654394,30,0.20114401326596396
F4,METH_neg,GO:0032040,small-subunit processome,Component,1,14,30,2545,0.15332459872654394,30,0.20114401326596396
F5,METH_pos,GO:0007018,microtubule-based movement,Process,1,14,30,2545,0.15332459872654394,30,0.20114401326596396
F4,METH_pos,GO:0005178,integrin binding,Function,1,14,30,2545,0.15332459872654394,30,0.20114401326596396
F1,METH_neg,GO:0018105,peptidyl-serine phosphorylation,Process,1,14,30,2545,0.15332459872654394,30,0.20114401326596396
F6,RNA_neg,GO:0003724,RNA helicase activity,Function,1,14,30,2545,0.15332459872654394,30,0.20114401326596396
F1,METH_pos,GO:0006606,protein import into nucleus,Process,1,14,30,2545,0.15332459872654394,30,0.20114401326596396
F4,METH_neg,GO:0003724,RNA helicase activity,Function,1,14,30,2545,0.15332459872654394,30,0.20114401326596396
F4,METH_pos,GO:0006606,protein import into nucleus,Process,1,14,30,2545,0.15332459872654394,30,0.20114401326596396
F5,RNA_neg,GO:0009897,external side of plasma membrane,Component,1,14,30,2545,0.15332459872654394,30,0.20114401326596396
F5,METH_pos,GO:0005178,integrin binding,Function,1,14,30,2545,0.15332459872654394,30,0.20114401326596396
F1,METH_pos,GO:0000287,magnesium ion binding,Function,1,14,30,2545,0.15332459872654394,30,0.20114401326596396
F6,METH_pos,GO:0032040,small-subunit processome,Component,1,14,30,2545,0.15332459872654394,30,0.20114401326596396
F4,RNA_pos,GO:0009897,external side of plasma membrane,Component,1,14,30,2545,0.15332459872654394,30,0.20114401326596396
F7,RNA_neg,GO:0000287,magnesium ion binding,Function,1,14,30,2545,0.15332459872654394,30,0.20114401326596396
F5,METH_neg,GO:0018105,peptidyl-serine phosphorylation,Process,1,14,30,2545,0.15332459872654394,30,0.20114401326596396
F7,RNA_neg,GO:0018105,peptidyl-serine phosphorylation,Process,1,14,30,2545,0.15332459872654394,30,0.20114401326596396
F4,METH_neg,GO:0006606,protein import into nucleus,Process,1,14,30,2545,0.15332459872654394,30,0.20114401326596396
F6,METH_neg,GO:0000287,magnesium ion binding,Function,1,14,30,2545,0.15332459872654394,30,0.20114401326596396
F6,RNA_pos,GO:0032040,small-subunit processome,Component,1,14,30,2545,0.15332459872654394,30,0.20114401326596396
F7,METH_neg,GO:0018105,peptidyl-serine phosphorylation,Process,1,14,30,2545,0.15332459872654394,30,0.20114401326596396
F3,METH_pos,GO:0005178,integrin binding,Function,1,14,30,2545,0.15332459872654394,30,0.20114401326596396
F6,METH_neg,GO:0018105,peptidyl-serine phosphorylation,Process,1,14,30,2545,0.15332459872654394,30,0.20114401326596396
F5,RNA_neg,GO:0000287,magnesium ion binding,Function,1,14,30,2545,0.15332459872654394,30,0.20114401326596396
F4,METH_pos,GO:0009897,external side of plasma membrane,Component,1,14,30,2545,0.15332459872654394,30,0.20114401326596396
F7,RNA_neg,GO:0005814,centriole,Component,1,14,30,2545,0.15332459872654394,30,0.20114401326596396
F2,RNA_pos,GO:0005178,integrin binding,Function,1,14,30,2545,0.15332459872654394,30,0.20114401326596396
F4,RNA_neg,GO:0007018,microtubule-based movement,Process,1,14,30,2545,0.15332459872654394,30,0.20114401326596396
F2,RNA_pos,GO:0018105,peptidyl-serine phosphorylation,Process,1,14,30,2545,0.15332459872654394,30,0.20114401326596396
F5,RNA_pos,GO:0018105,peptidyl-serine phosphorylation,Process,1,14,30,2545,0.15332459872654394,30,0.20114401326596396
F3,RNA_neg,GO:0009897,external side of plasma membrane,Component,1,14,30,2545,0.15332459872654394,30,0.20114401326596396
F2,METH_pos,GO:0030036,actin cytoskeleton organization,Process,1,15,29,2545,0.1583424300260706,29,0.20762929909052355
F6,RNA_pos,GO:0006897,endocytosis,Process,1,15,30,2545,0.16336026132559725,30,0.2121177172860963
F1,RNA_pos,GO:0005768,endosome,Component,1,15,30,2545,0.16336026132559725,30,0.2121177172860963
F3,RNA_pos,GO:0006897,endocytosis,Process,1,15,30,2545,0.16336026132559725,30,0.2121177172860963
F5,METH_pos,GO:0030036,actin cytoskeleton organization,Process,1,15,30,2545,0.16336026132559725,30,0.2121177172860963
F5,RNA_pos,GO:0005768,endosome,Component,1,15,30,2545,0.16336026132559725,30,0.2121177172860963
F6,RNA_pos,GO:0000398,"mRNA splicing, via spliceosome",Process,1,15,30,2545,0.16336026132559725,30,0.2121177172860963
F6,RNA_neg,GO:0043565,sequence-specific DNA binding,Function,1,15,30,2545,0.16336026132559725,30,0.2121177172860963
F4,RNA_neg,GO:0043565,sequence-specific DNA binding,Function,1,15,30,2545,0.16336026132559725,30,0.2121177172860963
F4,METH_pos,GO:0003779,actin binding,Function,1,15,30,2545,0.16336026132559725,30,0.2121177172860963
F6,METH_pos,GO:0006897,endocytosis,Process,1,15,30,2545,0.16336026132559725,30,0.2121177172860963
F7,METH_neg,GO:0006897,endocytosis,Process,1,15,30,2545,0.16336026132559725,30,0.2121177172860963
F3,RNA_pos,GO:0030036,actin cytoskeleton organization,Process,1,15,30,2545,0.16336026132559725,30,0.2121177172860963
F4,RNA_pos,GO:0006897,endocytosis,Process,1,15,30,2545,0.16336026132559725,30,0.2121177172860963
F1,RNA_neg,GO:0043565,sequence-specific DNA binding,Function,1,15,30,2545,0.16336026132559725,30,0.2121177172860963
F1,METH_pos,GO:0005768,endosome,Component,1,15,30,2545,0.16336026132559725,30,0.2121177172860963
F7,RNA_neg,GO:0006897,endocytosis,Process,1,15,30,2545,0.16336026132559725,30,0.2121177172860963
F3,RNA_pos,GO:0005768,endosome,Component,1,15,30,2545,0.16336026132559725,30,0.2121177172860963
F5,RNA_pos,GO:0043565,sequence-specific DNA binding,Function,1,15,30,2545,0.16336026132559725,30,0.2121177172860963
F6,METH_neg,GO:0000398,"mRNA splicing, via spliceosome",Process,1,15,30,2545,0.16336026132559725,30,0.2121177172860963
F4,METH_pos,GO:0005768,endosome,Component,1,15,30,2545,0.16336026132559725,30,0.2121177172860963
F3,RNA_neg,GO:0005768,endosome,Component,1,15,30,2545,0.16336026132559725,30,0.2121177172860963
F7,METH_neg,GO:0005509,calcium ion binding,Function,2,62,30,2545,0.16477131163657388,30,0.21375117203945695
F2,METH_neg,GO:0005509,calcium ion binding,Function,2,62,30,2545,0.16477131163657388,30,0.21375117203945695
F7,RNA_pos,GO:0005886,plasma membrane,Component,4,184,30,2545,0.16724245411761507,30,0.2163539482864747
F5,METH_neg,GO:0005886,plasma membrane,Component,4,184,30,2545,0.16724245411761507,30,0.2163539482864747
F7,METH_pos,GO:0005886,plasma membrane,Component,4,184,30,2545,0.16724245411761507,30,0.2163539482864747
F4,METH_pos,GO:0005886,plasma membrane,Component,4,184,30,2545,0.16724245411761507,30,0.2163539482864747
F6,RNA_neg,GO:0005886,plasma membrane,Component,4,184,30,2545,0.16724245411761507,30,0.2163539482864747
F1,METH_neg,GO:0005886,plasma membrane,Component,4,184,30,2545,0.16724245411761507,30,0.2163539482864747
F2,METH_pos,GO:0016192,vesicle-mediated transport,Process,1,16,29,2545,0.16798988833802486,29,0.2169189820287117
F2,METH_pos,GO:0016324,apical plasma membrane,Component,1,16,29,2545,0.16798988833802486,29,0.2169189820287117
F2,METH_pos,GO:0006470,protein dephosphorylation,Process,1,16,29,2545,0.16798988833802486,29,0.2169189820287117
F2,METH_pos,GO:0005764,lysosome,Component,1,16,29,2545,0.16798988833802486,29,0.2169189820287117
F7,RNA_neg,GO:0006338,chromatin remodeling,Process,1,16,30,2545,0.17328089063794183,30,0.22139685615360088
F5,METH_neg,GO:0006338,chromatin remodeling,Process,1,16,30,2545,0.17328089063794183,30,0.22139685615360088
F1,METH_neg,GO:0016324,apical plasma membrane,Component,1,16,30,2545,0.17328089063794183,30,0.22139685615360088
F1,METH_neg,GO:0005765,lysosomal membrane,Component,1,16,30,2545,0.17328089063794183,30,0.22139685615360088
F1,METH_neg,GO:0006470,protein dephosphorylation,Process,1,16,30,2545,0.17328089063794183,30,0.22139685615360088
F4,RNA_pos,GO:0005764,lysosome,Component,1,16,30,2545,0.17328089063794183,30,0.22139685615360088
F2,RNA_pos,GO:0003713,transcription coactivator activity,Function,1,16,30,2545,0.17328089063794183,30,0.22139685615360088
F4,RNA_pos,GO:0016192,vesicle-mediated transport,Process,1,16,30,2545,0.17328089063794183,30,0.22139685615360088
F6,METH_pos,GO:0016192,vesicle-mediated transport,Process,1,16,30,2545,0.17328089063794183,30,0.22139685615360088
F4,METH_pos,GO:0005765,lysosomal membrane,Component,1,16,30,2545,0.17328089063794183,30,0.22139685615360088
F1,RNA_neg,GO:0006470,protein dephosphorylation,Process,1,16,30,2545,0.17328089063794183,30,0.22139685615360088
F6,METH_neg,GO:0006338,chromatin remodeling,Process,1,16,30,2545,0.17328089063794183,30,0.22139685615360088
F7,METH_pos,GO:0016324,apical plasma membrane,Component,1,16,30,2545,0.17328089063794183,30,0.22139685615360088
F2,RNA_neg,GO:0006338,chromatin remodeling,Process,1,16,30,2545,0.17328089063794183,30,0.22139685615360088
F7,METH_pos,GO:0005765,lysosomal membrane,Component,1,16,30,2545,0.17328089063794183,30,0.22139685615360088
F7,RNA_neg,GO:0003713,transcription coactivator activity,Function,1,16,30,2545,0.17328089063794183,30,0.22139685615360088
F5,METH_neg,GO:0003713,transcription coactivator activity,Function,1,16,30,2545,0.17328089063794183,30,0.22139685615360088
F3,METH_neg,GO:0005765,lysosomal membrane,Component,1,16,30,2545,0.17328089063794183,30,0.22139685615360088
F4,RNA_neg,GO:0016192,vesicle-mediated transport,Process,1,16,30,2545,0.17328089063794183,30,0.22139685615360088
F7,METH_pos,GO:0005764,lysosome,Component,1,16,30,2545,0.17328089063794183,30,0.22139685615360088
F4,METH_neg,GO:0016192,vesicle-mediated transport,Process,1,16,30,2545,0.17328089063794183,30,0.22139685615360088
F2,RNA_pos,GO:0006470,protein dephosphorylation,Process,1,16,30,2545,0.17328089063794183,30,0.22139685615360088
F6,RNA_neg,GO:0016192,vesicle-mediated transport,Process,1,16,30,2545,0.17328089063794183,30,0.22139685615360088
F2,METH_pos,GO:0045892,negative regulation of DNA-templated transcription,Process,1,17,29,2545,0.17753053414197778,29,0.22661918732108954
F2,METH_pos,GO:0031267,small GTPase binding,Function,1,17,29,2545,0.17753053414197778,29,0.22661918732108954
F1,METH_neg,GO:0005739,mitochondrion,Component,3,125,30,2545,0.18025308697385722,30,0.22998943440748434
F5,RNA_neg,GO:0045892,negative regulation of DNA-templated transcription,Process,1,17,30,2545,0.18308776026263995,30,0.2326497335821444
F4,RNA_pos,GO:0045892,negative regulation of DNA-templated transcription,Process,1,17,30,2545,0.18308776026263995,30,0.2326497335821444
F2,RNA_pos,GO:0031267,small GTPase binding,Function,1,17,30,2545,0.18308776026263995,30,0.2326497335821444
F4,METH_neg,GO:0006281,DNA repair,Process,1,17,30,2545,0.18308776026263995,30,0.2326497335821444
F6,METH_neg,GO:0031267,small GTPase binding,Function,1,17,30,2545,0.18308776026263995,30,0.2326497335821444
F6,METH_neg,GO:0006281,DNA repair,Process,1,17,30,2545,0.18308776026263995,30,0.2326497335821444
F4,METH_neg,GO:0031267,small GTPase binding,Function,1,17,30,2545,0.18308776026263995,30,0.2326497335821444
F3,RNA_pos,GO:0045892,negative regulation of DNA-templated transcription,Process,1,17,30,2545,0.18308776026263995,30,0.2326497335821444
F3,METH_neg,GO:0045892,negative regulation of DNA-templated transcription,Process,1,17,30,2545,0.18308776026263995,30,0.2326497335821444
F3,RNA_neg,GO:0000978,RNA polymerase II cis-regulatory region sequence-specific DNA binding,Function,2,67,30,2545,0.1859871999105104,30,0.23611920425002525
F4,METH_neg,GO:0000978,RNA polymerase II cis-regulatory region sequence-specific DNA binding,Function,2,67,30,2545,0.1859871999105104,30,0.23611920425002525
F5,METH_pos,GO:0006468,protein phosphorylation,Process,2,68,30,2545,0.19028144190815124,30,0.2410231597503249
F4,RNA_pos,GO:0006468,protein phosphorylation,Process,2,68,30,2545,0.19028144190815124,30,0.2410231597503249
F1,METH_pos,GO:0006468,protein phosphorylation,Process,2,68,30,2545,0.19028144190815124,30,0.2410231597503249
F3,RNA_pos,GO:0006468,protein phosphorylation,Process,2,68,30,2545,0.19028144190815124,30,0.2410231597503249
F5,RNA_pos,GO:0006468,protein phosphorylation,Process,2,68,30,2545,0.19028144190815124,30,0.2410231597503249
F1,RNA_neg,GO:0005576,extracellular region,Component,1,18,30,2545,0.1927821301962321,30,0.24232245258239257
F3,RNA_pos,GO:0035091,phosphatidylinositol binding,Function,1,18,30,2545,0.1927821301962321,30,0.24232245258239257
F5,RNA_pos,GO:0035091,phosphatidylinositol binding,Function,1,18,30,2545,0.1927821301962321,30,0.24232245258239257
F3,METH_neg,GO:0005576,extracellular region,Component,1,18,30,2545,0.1927821301962321,30,0.24232245258239257
F1,METH_neg,GO:0005576,extracellular region,Component,1,18,30,2545,0.1927821301962321,30,0.24232245258239257
F7,RNA_neg,GO:0035091,phosphatidylinositol binding,Function,1,18,30,2545,0.1927821301962321,30,0.24232245258239257
F2,RNA_pos,GO:0005576,extracellular region,Component,1,18,30,2545,0.1927821301962321,30,0.24232245258239257
F4,RNA_pos,GO:0005576,extracellular region,Component,1,18,30,2545,0.1927821301962321,30,0.24232245258239257
F5,METH_pos,GO:0035091,phosphatidylinositol binding,Function,1,18,30,2545,0.1927821301962321,30,0.24232245258239257
F6,RNA_pos,GO:0005576,extracellular region,Component,1,18,30,2545,0.1927821301962321,30,0.24232245258239257
F4,RNA_pos,GO:0035091,phosphatidylinositol binding,Function,1,18,30,2545,0.1927821301962321,30,0.24232245258239257
F3,RNA_pos,GO:0005576,extracellular region,Component,1,18,30,2545,0.1927821301962321,30,0.24232245258239257
F7,METH_pos,GO:0035091,phosphatidylinositol binding,Function,1,18,30,2545,0.1927821301962321,30,0.24232245258239257
F6,METH_neg,GO:0035091,phosphatidylinositol binding,Function,1,18,30,2545,0.1927821301962321,30,0.24232245258239257
F5,RNA_neg,GO:0005576,extracellular region,Component,1,18,30,2545,0.1927821301962321,30,0.24232245258239257
F1,METH_pos,GO:0005576,extracellular region,Component,1,18,30,2545,0.1927821301962321,30,0.24232245258239257
F4,METH_pos,GO:0005576,extracellular region,Component,1,18,30,2545,0.1927821301962321,30,0.24232245258239257
F2,METH_pos,GO:0000139,Golgi membrane,Component,1,19,29,2545,0.1962959396809338,29,0.24651733791764754
F2,METH_pos,GO:0003712,transcription coregulator activity,Function,1,19,29,2545,0.1962959396809338,29,0.24651733791764754
F4,RNA_pos,GO:0012505,endomembrane system,Component,1,19,30,2545,0.2023652469726916,30,0.24833309964618963
F3,METH_pos,GO:0012505,endomembrane system,Component,1,19,30,2545,0.2023652469726916,30,0.24833309964618963
F4,RNA_pos,GO:0042393,histone binding,Function,1,19,30,2545,0.2023652469726916,30,0.24833309964618963
F2,RNA_pos,GO:0005856,cytoskeleton,Component,1,19,30,2545,0.2023652469726916,30,0.24833309964618963
F2,RNA_neg,GO:0098609,cell-cell adhesion,Process,1,19,30,2545,0.2023652469726916,30,0.24833309964618963
F4,METH_neg,GO:0042393,histone binding,Function,1,19,30,2545,0.2023652469726916,30,0.24833309964618963
F3,RNA_pos,GO:0042393,histone binding,Function,1,19,30,2545,0.2023652469726916,30,0.24833309964618963
F5,METH_pos,GO:0015629,actin cytoskeleton,Component,1,19,30,2545,0.2023652469726916,30,0.24833309964618963
F5,METH_pos,GO:0098609,cell-cell adhesion,Process,1,19,30,2545,0.2023652469726916,30,0.24833309964618963
F5,METH_neg,GO:0005085,guanyl-nucleotide exchange factor activity,Function,1,19,30,2545,0.2023652469726916,30,0.24833309964618963
F5,METH_pos,GO:0005856,cytoskeleton,Component,1,19,30,2545,0.2023652469726916,30,0.24833309964618963
F6,METH_pos,GO:0000139,Golgi membrane,Component,1,19,30,2545,0.2023652469726916,30,0.24833309964618963
F4,RNA_neg,GO:0015629,actin cytoskeleton,Component,1,19,30,2545,0.2023652469726916,30,0.24833309964618963
F4,RNA_neg,GO:0003714,transcription corepressor activity,Function,1,19,30,2545,0.2023652469726916,30,0.24833309964618963
F1,METH_pos,GO:0003714,transcription corepressor activity,Function,1,19,30,2545,0.2023652469726916,30,0.24833309964618963
F5,RNA_neg,GO:0005856,cytoskeleton,Component,1,19,30,2545,0.2023652469726916,30,0.24833309964618963
F5,METH_neg,GO:0012505,endomembrane system,Component,1,19,30,2545,0.2023652469726916,30,0.24833309964618963
F5,METH_neg,GO:0042393,histone binding,Function,1,19,30,2545,0.2023652469726916,30,0.24833309964618963
F6,METH_neg,GO:0005085,guanyl-nucleotide exchange factor activity,Function,1,19,30,2545,0.2023652469726916,30,0.24833309964618963
F3,METH_neg,GO:0015629,actin cytoskeleton,Component,1,19,30,2545,0.2023652469726916,30,0.24833309964618963
F7,RNA_pos,GO:0012505,endomembrane system,Component,1,19,30,2545,0.2023652469726916,30,0.24833309964618963
F4,METH_neg,GO:0003712,transcription coregulator activity,Function,1,19,30,2545,0.2023652469726916,30,0.24833309964618963
F6,RNA_neg,GO:0005085,guanyl-nucleotide exchange factor activity,Function,1,19,30,2545,0.2023652469726916,30,0.24833309964618963
F7,RNA_neg,GO:0042393,histone binding,Function,1,19,30,2545,0.2023652469726916,30,0.24833309964618963
F3,RNA_pos,GO:0005085,guanyl-nucleotide exchange factor activity,Function,1,19,30,2545,0.2023652469726916,30,0.24833309964618963
F3,METH_neg,GO:0042393,histone binding,Function,1,19,30,2545,0.2023652469726916,30,0.24833309964618963
F6,METH_pos,GO:0012505,endomembrane system,Component,1,19,30,2545,0.2023652469726916,30,0.24833309964618963
F4,RNA_pos,GO:0000139,Golgi membrane,Component,1,19,30,2545,0.2023652469726916,30,0.24833309964618963
F5,RNA_pos,GO:0003712,transcription coregulator activity,Function,1,19,30,2545,0.2023652469726916,30,0.24833309964618963
F7,RNA_neg,GO:0003712,transcription coregulator activity,Function,1,19,30,2545,0.2023652469726916,30,0.24833309964618963
F1,RNA_pos,GO:0003712,transcription coregulator activity,Function,1,19,30,2545,0.2023652469726916,30,0.24833309964618963
F3,RNA_neg,GO:0015629,actin cytoskeleton,Component,1,19,30,2545,0.2023652469726916,30,0.24833309964618963
F2,RNA_neg,GO:0012505,endomembrane system,Component,1,19,30,2545,0.2023652469726916,30,0.24833309964618963
F6,RNA_neg,GO:0000139,Golgi membrane,Component,1,19,30,2545,0.2023652469726916,30,0.24833309964618963
F5,METH_neg,GO:0015629,actin cytoskeleton,Component,1,19,30,2545,0.2023652469726916,30,0.24833309964618963
F7,RNA_pos,GO:0098609,cell-cell adhesion,Process,1,19,30,2545,0.2023652469726916,30,0.24833309964618963
F4,METH_pos,GO:0012505,endomembrane system,Component,1,19,30,2545,0.2023652469726916,30,0.24833309964618963
F6,RNA_neg,GO:0015629,actin cytoskeleton,Component,1,19,30,2545,0.2023652469726916,30,0.24833309964618963
F6,RNA_neg,GO:0098609,cell-cell adhesion,Process,1,19,30,2545,0.2023652469726916,30,0.24833309964618963
F2,RNA_neg,GO:0003714,transcription corepressor activity,Function,1,19,30,2545,0.2023652469726916,30,0.24833309964618963
F4,METH_pos,GO:0042393,histone binding,Function,1,19,30,2545,0.2023652469726916,30,0.24833309964618963
F4,METH_pos,GO:0015629,actin cytoskeleton,Component,1,19,30,2545,0.2023652469726916,30,0.24833309964618963
F4,METH_pos,GO:0005856,cytoskeleton,Component,1,19,30,2545,0.2023652469726916,30,0.24833309964618963
F1,METH_pos,GO:0003712,transcription coregulator activity,Function,1,19,30,2545,0.2023652469726916,30,0.24833309964618963
F5,RNA_neg,GO:0015629,actin cytoskeleton,Component,1,19,30,2545,0.2023652469726916,30,0.24833309964618963
F5,RNA_neg,GO:0003714,transcription corepressor activity,Function,1,19,30,2545,0.2023652469726916,30,0.24833309964618963
F3,RNA_pos,GO:0000139,Golgi membrane,Component,1,19,30,2545,0.2023652469726916,30,0.24833309964618963
F4,METH_neg,GO:0005856,cytoskeleton,Component,1,19,30,2545,0.2023652469726916,30,0.24833309964618963
F7,METH_neg,GO:0003714,transcription corepressor activity,Function,1,19,30,2545,0.2023652469726916,30,0.24833309964618963
F3,METH_pos,GO:0098609,cell-cell adhesion,Process,1,19,30,2545,0.2023652469726916,30,0.24833309964618963
F7,RNA_neg,GO:0005085,guanyl-nucleotide exchange factor activity,Function,1,19,30,2545,0.2023652469726916,30,0.24833309964618963
F2,METH_neg,GO:0003712,transcription coregulator activity,Function,1,19,30,2545,0.2023652469726916,30,0.24833309964618963
F6,RNA_neg,GO:0005737,cytoplasm,Component,6,343,30,2545,0.20897556037316928,30,0.25599506145713236
F1,METH_neg,GO:0005737,cytoplasm,Component,6,343,30,2545,0.20897556037316928,30,0.25599506145713236
F6,METH_neg,GO:0005737,cytoplasm,Component,6,343,30,2545,0.20897556037316928,30,0.25599506145713236
F1,RNA_pos,GO:0005737,cytoplasm,Component,6,343,30,2545,0.20897556037316928,30,0.25599506145713236
F1,RNA_neg,GO:0005813,centrosome,Component,1,20,30,2545,0.21183834380199454,30,0.25814332209379176
F3,METH_neg,GO:0005813,centrosome,Component,1,20,30,2545,0.21183834380199454,30,0.25814332209379176
F2,METH_neg,GO:0006457,protein folding,Process,1,20,30,2545,0.21183834380199454,30,0.25814332209379176
F5,RNA_pos,GO:0006457,protein folding,Process,1,20,30,2545,0.21183834380199454,30,0.25814332209379176
F4,METH_neg,GO:0005813,centrosome,Component,1,20,30,2545,0.21183834380199454,30,0.25814332209379176
F2,RNA_neg,GO:0006457,protein folding,Process,1,20,30,2545,0.21183834380199454,30,0.25814332209379176
F5,RNA_neg,GO:0006457,protein folding,Process,1,20,30,2545,0.21183834380199454,30,0.25814332209379176
F5,METH_neg,GO:0005813,centrosome,Component,1,20,30,2545,0.21183834380199454,30,0.25814332209379176
F5,METH_pos,GO:0005813,centrosome,Component,1,20,30,2545,0.21183834380199454,30,0.25814332209379176
F5,METH_pos,GO:0006457,protein folding,Process,1,20,30,2545,0.21183834380199454,30,0.25814332209379176
F3,METH_pos,GO:0006457,protein folding,Process,1,20,30,2545,0.21183834380199454,30,0.25814332209379176
F4,RNA_pos,GO:0006457,protein folding,Process,1,20,30,2545,0.21183834380199454,30,0.25814332209379176
F2,METH_pos,GO:0005975,carbohydrate metabolic process,Process,1,21,29,2545,0.21464763287359137,29,0.2614526116946972
F3,RNA_pos,GO:0005975,carbohydrate metabolic process,Process,1,21,30,2545,0.2212026407073174,30,0.26791802926953057
F7,RNA_neg,GO:0005975,carbohydrate metabolic process,Process,1,21,30,2545,0.2212026407073174,30,0.26791802926953057
F2,RNA_neg,GO:0016477,cell migration,Process,1,21,30,2545,0.2212026407073174,30,0.26791802926953057
F3,METH_pos,GO:0016477,cell migration,Process,1,21,30,2545,0.2212026407073174,30,0.26791802926953057
F1,RNA_neg,GO:0005975,carbohydrate metabolic process,Process,1,21,30,2545,0.2212026407073174,30,0.26791802926953057
F7,RNA_pos,GO:0005975,carbohydrate metabolic process,Process,1,21,30,2545,0.2212026407073174,30,0.26791802926953057
F7,METH_pos,GO:0016477,cell migration,Process,1,21,30,2545,0.2212026407073174,30,0.26791802926953057
F6,RNA_pos,GO:0005975,carbohydrate metabolic process,Process,1,21,30,2545,0.2212026407073174,30,0.26791802926953057
F2,RNA_neg,GO:0046983,protein dimerization activity,Function,1,21,30,2545,0.2212026407073174,30,0.26791802926953057
F4,METH_pos,GO:0046983,protein dimerization activity,Function,1,21,30,2545,0.2212026407073174,30,0.26791802926953057
F1,METH_neg,GO:0005975,carbohydrate metabolic process,Process,1,21,30,2545,0.2212026407073174,30,0.26791802926953057
F1,METH_pos,GO:0005975,carbohydrate metabolic process,Process,1,21,30,2545,0.2212026407073174,30,0.26791802926953057
F1,RNA_pos,GO:0046983,protein dimerization activity,Function,1,21,30,2545,0.2212026407073174,30,0.26791802926953057
F7,METH_neg,GO:0016020,membrane,Component,3,139,30,2545,0.22320922544877078,30,0.26988024531533195
F6,RNA_pos,GO:0016020,membrane,Component,3,139,30,2545,0.22320922544877078,30,0.26988024531533195
F6,METH_neg,GO:0016020,membrane,Component,3,139,30,2545,0.22320922544877078,30,0.26988024531533195
F6,METH_pos,GO:0016020,membrane,Component,3,139,30,2545,0.22320922544877078,30,0.26988024531533195
F2,METH_pos,GO:0016579,protein deubiquitination,Process,1,22,29,2545,0.22367109509493294,29,0.2703216653397437
F5,RNA_neg,GO:0005515,protein binding,Function,6,353,30,2545,0.2286816852071516,30,0.2761383254576629
F5,RNA_pos,GO:0005515,protein binding,Function,6,353,30,2545,0.2286816852071516,30,0.2761383254576629
F3,RNA_neg,GO:0000981,"DNA-binding transcription factor activity, RNA polymerase II-specific",Function,2,77,30,2545,0.22949203872423718,30,0.2766384394289143
F4,METH_neg,GO:0000981,"DNA-binding transcription factor activity, RNA polymerase II-specific",Function,2,77,30,2545,0.22949203872423718,30,0.2766384394289143
F3,RNA_pos,GO:0000981,"DNA-binding transcription factor activity, RNA polymerase II-specific",Function,2,77,30,2545,0.22949203872423718,30,0.2766384394289143
F1,RNA_pos,GO:0000981,"DNA-binding transcription factor activity, RNA polymerase II-specific",Function,2,77,30,2545,0.22949203872423718,30,0.2766384394289143
F7,RNA_neg,GO:0016579,protein deubiquitination,Process,1,22,30,2545,0.2304593446608754,30,0.277325699973212
F5,METH_neg,GO:0016579,protein deubiquitination,Process,1,22,30,2545,0.2304593446608754,30,0.277325699973212
F3,RNA_pos,GO:0016579,protein deubiquitination,Process,1,22,30,2545,0.2304593446608754,30,0.277325699973212
F7,METH_pos,GO:0016579,protein deubiquitination,Process,1,22,30,2545,0.2304593446608754,30,0.277325699973212
F2,METH_pos,GO:0016567,protein ubiquitination,Process,1,23,29,2545,0.23259441584096816,29,0.27965398340242104
F2,METH_pos,GO:0004672,protein kinase activity,Function,1,23,29,2545,0.23259441584096816,29,0.27965398340242104
F3,METH_pos,GO:0005783,endoplasmic reticulum,Component,2,78,30,2545,0.23389596239646143,30,0.28073546324594617
F7,RNA_pos,GO:0005783,endoplasmic reticulum,Component,2,78,30,2545,0.23389596239646143,30,0.28073546324594617
F7,METH_neg,GO:0005783,endoplasmic reticulum,Component,2,78,30,2545,0.23389596239646143,30,0.28073546324594617
F3,RNA_neg,GO:0005783,endoplasmic reticulum,Component,2,78,30,2545,0.23389596239646143,30,0.28073546324594617
F5,METH_neg,GO:0016567,protein ubiquitination,Process,1,23,30,2545,0.23960964971841556,30,0.28648533889706107
F2,RNA_neg,GO:0016567,protein ubiquitination,Process,1,23,30,2545,0.23960964971841556,30,0.28648533889706107
F6,METH_pos,GO:0004672,protein kinase activity,Function,1,23,30,2545,0.23960964971841556,30,0.28648533889706107
F5,METH_neg,GO:0004672,protein kinase activity,Function,1,23,30,2545,0.23960964971841556,30,0.28648533889706107
F7,RNA_pos,GO:0016567,protein ubiquitination,Process,1,23,30,2545,0.23960964971841556,30,0.28648533889706107
F7,RNA_neg,GO:0016567,protein ubiquitination,Process,1,23,30,2545,0.23960964971841556,30,0.28648533889706107
F3,METH_neg,GO:0004672,protein kinase activity,Function,1,23,30,2545,0.23960964971841556,30,0.28648533889706107
F7,RNA_neg,GO:0004672,protein kinase activity,Function,1,23,30,2545,0.23960964971841556,30,0.28648533889706107
F5,METH_pos,GO:0004672,protein kinase activity,Function,1,23,30,2545,0.23960964971841556,30,0.28648533889706107
F2,METH_pos,GO:0055085,transmembrane transport,Process,1,24,29,2545,0.24141866720520772,29,0.2885247486111019
F3,METH_neg,GO:0005634,nucleus,Component,7,435,30,2545,0.24244235010888743,30,0.2893767025017618
F4,METH_neg,GO:0005634,nucleus,Component,7,435,30,2545,0.24244235010888743,30,0.2893767025017618
F2,RNA_pos,GO:0005634,nucleus,Component,7,435,30,2545,0.24244235010888743,30,0.2893767025017618
F2,RNA_pos,GO:0055085,transmembrane transport,Process,1,24,30,2545,0.2486547371523757,30,0.29590655341567335
F6,METH_pos,GO:0005096,GTPase activator activity,Function,1,24,30,2545,0.2486547371523757,30,0.29590655341567335
F3,RNA_pos,GO:0005096,GTPase activator activity,Function,1,24,30,2545,0.2486547371523757,30,0.29590655341567335
F7,METH_neg,GO:0005096,GTPase activator activity,Function,1,24,30,2545,0.2486547371523757,30,0.29590655341567335
F7,RNA_pos,GO:0005096,GTPase activator activity,Function,1,24,30,2545,0.2486547371523757,30,0.29590655341567335
F6,METH_neg,GO:0055085,transmembrane transport,Process,1,24,30,2545,0.2486547371523757,30,0.29590655341567335
F6,RNA_pos,GO:0005096,GTPase activator activity,Function,1,24,30,2545,0.2486547371523757,30,0.29590655341567335
F5,METH_pos,GO:0005524,ATP binding,Function,4,217,30,2545,0.24965994061301816,30,0.2964711794779591
F5,METH_neg,GO:0005524,ATP binding,Function,4,217,30,2545,0.24965994061301816,30,0.2964711794779591
F4,METH_neg,GO:0005524,ATP binding,Function,4,217,30,2545,0.24965994061301816,30,0.2964711794779591
F4,RNA_neg,GO:0005524,ATP binding,Function,4,217,30,2545,0.24965994061301816,30,0.2964711794779591
F1,METH_pos,GO:0005524,ATP binding,Function,4,217,30,2545,0.24965994061301816,30,0.2964711794779591
F2,METH_pos,GO:0004843,cysteine-type deubiquitinase activity,Function,1,25,29,2545,0.2501449102242668,29,0.2969208390379844
F3,RNA_neg,GO:0005829,cytosol,Component,3,148,30,2545,0.2519253489405028,30,0.29865343785688636
F4,METH_neg,GO:0005829,cytosol,Component,3,148,30,2545,0.2519253489405028,30,0.29865343785688636
F6,METH_neg,GO:0005829,cytosol,Component,3,148,30,2545,0.2519253489405028,30,0.29865343785688636
F3,METH_pos,GO:0035556,intracellular signal transduction,Process,1,25,30,2545,0.25759577558372393,30,0.304213531165049
F6,METH_neg,GO:0035556,intracellular signal transduction,Process,1,25,30,2545,0.25759577558372393,30,0.304213531165049
F7,METH_pos,GO:0004843,cysteine-type deubiquitinase activity,Function,1,25,30,2545,0.25759577558372393,30,0.304213531165049
F7,RNA_neg,GO:0004843,cysteine-type deubiquitinase activity,Function,1,25,30,2545,0.25759577558372393,30,0.304213531165049
F3,RNA_pos,GO:0004843,cysteine-type deubiquitinase activity,Function,1,25,30,2545,0.25759577558372393,30,0.304213531165049
F3,RNA_pos,GO:0035556,intracellular signal transduction,Process,1,25,30,2545,0.25759577558372393,30,0.304213531165049
F5,METH_neg,GO:0004843,cysteine-type deubiquitinase activity,Function,1,25,30,2545,0.25759577558372393,30,0.304213531165049
F1,METH_neg,GO:0035556,intracellular signal transduction,Process,1,25,30,2545,0.25759577558372393,30,0.304213531165049
F4,METH_neg,GO:0035556,intracellular signal transduction,Process,1,25,30,2545,0.25759577558372393,30,0.304213531165049
F7,METH_neg,GO:0006888,endoplasmic reticulum to Golgi vesicle-mediated transport,Process,1,27,30,2545,0.2751703174469971,30,0.3227848368876367
F5,RNA_neg,GO:0051015,actin filament binding,Function,1,27,30,2545,0.2751703174469971,30,0.3227848368876367
F7,RNA_neg,GO:0006888,endoplasmic reticulum to Golgi vesicle-mediated transport,Process,1,27,30,2545,0.2751703174469971,30,0.3227848368876367
F6,METH_neg,GO:0006511,ubiquitin-dependent protein catabolic process,Process,1,27,30,2545,0.2751703174469971,30,0.3227848368876367
F7,METH_pos,GO:0006511,ubiquitin-dependent protein catabolic process,Process,1,27,30,2545,0.2751703174469971,30,0.3227848368876367
F7,RNA_pos,GO:0006888,endoplasmic reticulum to Golgi vesicle-mediated transport,Process,1,27,30,2545,0.2751703174469971,30,0.3227848368876367
F5,METH_pos,GO:0051015,actin filament binding,Function,1,27,30,2545,0.2751703174469971,30,0.3227848368876367
F4,RNA_pos,GO:0006888,endoplasmic reticulum to Golgi vesicle-mediated transport,Process,1,27,30,2545,0.2751703174469971,30,0.3227848368876367
F3,METH_neg,GO:0051015,actin filament binding,Function,1,27,30,2545,0.2751703174469971,30,0.3227848368876367
F7,RNA_pos,GO:0006511,ubiquitin-dependent protein catabolic process,Process,1,27,30,2545,0.2751703174469971,30,0.3227848368876367
F4,RNA_neg,GO:0006511,ubiquitin-dependent protein catabolic process,Process,1,27,30,2545,0.2751703174469971,30,0.3227848368876367
F5,RNA_neg,GO:0006888,endoplasmic reticulum to Golgi vesicle-mediated transport,Process,1,27,30,2545,0.2751703174469971,30,0.3227848368876367
F6,RNA_neg,GO:0006888,endoplasmic reticulum to Golgi vesicle-mediated transport,Process,1,27,30,2545,0.2751703174469971,30,0.3227848368876367
F5,METH_neg,GO:0051015,actin filament binding,Function,1,27,30,2545,0.2751703174469971,30,0.3227848368876367
F4,METH_pos,GO:0051015,actin filament binding,Function,1,27,30,2545,0.2751703174469971,30,0.3227848368876367
F2,RNA_neg,GO:0006511,ubiquitin-dependent protein catabolic process,Process,1,27,30,2545,0.2751703174469971,30,0.3227848368876367
F7,RNA_neg,GO:0045944,positive regulation of transcription by RNA polymerase II,Process,1,29,30,2545,0.2923423761744703,30,0.3397887043925491
F2,METH_pos,GO:0005654,nucleoplasm,Component,1,30,29,2545,0.2923423761744703,29,0.3397887043925491
F2,RNA_pos,GO:0045944,positive regulation of transcription by RNA polymerase II,Process,1,29,30,2545,0.2923423761744703,30,0.3397887043925491
F5,RNA_pos,GO:0045944,positive regulation of transcription by RNA polymerase II,Process,1,29,30,2545,0.2923423761744703,30,0.3397887043925491
F1,METH_pos,GO:0045944,positive regulation of transcription by RNA polymerase II,Process,1,29,30,2545,0.2923423761744703,30,0.3397887043925491
F4,RNA_neg,GO:0000122,negative regulation of transcription by RNA polymerase II,Process,1,29,30,2545,0.2923423761744703,30,0.3397887043925491
F6,METH_pos,GO:0003729,mRNA binding,Function,1,29,30,2545,0.2923423761744703,30,0.3397887043925491
F5,METH_neg,GO:0045944,positive regulation of transcription by RNA polymerase II,Process,1,29,30,2545,0.2923423761744703,30,0.3397887043925491
F1,RNA_pos,GO:0045944,positive regulation of transcription by RNA polymerase II,Process,1,29,30,2545,0.2923423761744703,30,0.3397887043925491
F3,METH_neg,GO:0045944,positive regulation of transcription by RNA polymerase II,Process,1,29,30,2545,0.2923423761744703,30,0.3397887043925491
F3,RNA_neg,GO:0000122,negative regulation of transcription by RNA polymerase II,Process,1,29,30,2545,0.2923423761744703,30,0.3397887043925491
F7,METH_pos,GO:0003729,mRNA binding,Function,1,29,30,2545,0.2923423761744703,30,0.3397887043925491
F7,METH_neg,GO:0000122,negative regulation of transcription by RNA polymerase II,Process,1,29,30,2545,0.2923423761744703,30,0.3397887043925491
F1,METH_pos,GO:0000122,negative regulation of transcription by RNA polymerase II,Process,1,29,30,2545,0.2923423761744703,30,0.3397887043925491
F2,RNA_neg,GO:0000122,negative regulation of transcription by RNA polymerase II,Process,1,29,30,2545,0.2923423761744703,30,0.3397887043925491
F2,RNA_neg,GO:0045944,positive regulation of transcription by RNA polymerase II,Process,1,29,30,2545,0.2923423761744703,30,0.3397887043925491
F2,METH_pos,GO:0006508,proteolysis,Process,1,30,29,2545,0.2923423761744703,29,0.3397887043925491
F7,RNA_pos,GO:0003729,mRNA binding,Function,1,29,30,2545,0.2923423761744703,30,0.3397887043925491
F6,RNA_neg,GO:0003729,mRNA binding,Function,1,29,30,2545,0.2923423761744703,30,0.3397887043925491
F5,RNA_neg,GO:0000122,negative regulation of transcription by RNA polymerase II,Process,1,29,30,2545,0.2923423761744703,30,0.3397887043925491
F3,RNA_pos,GO:0045944,positive regulation of transcription by RNA polymerase II,Process,1,29,30,2545,0.2923423761744703,30,0.3397887043925491
F3,RNA_pos,GO:0000122,negative regulation of transcription by RNA polymerase II,Process,1,29,30,2545,0.2923423761744703,30,0.3397887043925491
F4,RNA_neg,GO:0003723,RNA binding,Function,2,92,30,2545,0.29592476900435394,30,0.34281123178314415
F5,RNA_neg,GO:0003723,RNA binding,Function,2,92,30,2545,0.29592476900435394,30,0.34281123178314415
F1,METH_neg,GO:0003723,RNA binding,Function,2,92,30,2545,0.29592476900435394,30,0.34281123178314415
F6,METH_pos,GO:0003723,RNA binding,Function,2,92,30,2545,0.29592476900435394,30,0.34281123178314415
F6,RNA_pos,GO:0003723,RNA binding,Function,2,92,30,2545,0.29592476900435394,30,0.34281123178314415
F5,METH_pos,GO:0003723,RNA binding,Function,2,92,30,2545,0.29592476900435394,30,0.34281123178314415
F7,METH_neg,GO:0003723,RNA binding,Function,2,92,30,2545,0.29592476900435394,30,0.34281123178314415
F2,RNA_neg,GO:0003723,RNA binding,Function,2,92,30,2545,0.29592476900435394,30,0.34281123178314415
F4,RNA_pos,GO:0008270,zinc ion binding,Function,2,93,30,2545,0.3003564001426624,30,0.34585396485057396
F2,RNA_neg,GO:0008270,zinc ion binding,Function,2,93,30,2545,0.3003564001426624,30,0.34585396485057396
F3,METH_pos,GO:0008270,zinc ion binding,Function,2,93,30,2545,0.3003564001426624,30,0.34585396485057396
F4,RNA_neg,GO:0008270,zinc ion binding,Function,2,93,30,2545,0.3003564001426624,30,0.34585396485057396
F6,METH_neg,GO:0008270,zinc ion binding,Function,2,93,30,2545,0.3003564001426624,30,0.34585396485057396
F5,METH_neg,GO:0008270,zinc ion binding,Function,2,93,30,2545,0.3003564001426624,30,0.34585396485057396
F1,RNA_pos,GO:0008270,zinc ion binding,Function,2,93,30,2545,0.3003564001426624,30,0.34585396485057396
F6,METH_neg,GO:0006508,proteolysis,Process,1,30,30,2545,0.3007802651707999,30,0.34585396485057396
F1,RNA_neg,GO:0006508,proteolysis,Process,1,30,30,2545,0.3007802651707999,30,0.34585396485057396
F2,METH_neg,GO:0006508,proteolysis,Process,1,30,30,2545,0.3007802651707999,30,0.34585396485057396
F1,RNA_pos,GO:0006508,proteolysis,Process,1,30,30,2545,0.3007802651707999,30,0.34585396485057396
F3,METH_pos,GO:0006508,proteolysis,Process,1,30,30,2545,0.3007802651707999,30,0.34585396485057396
F3,RNA_pos,GO:0006508,proteolysis,Process,1,30,30,2545,0.3007802651707999,30,0.34585396485057396
F6,RNA_neg,GO:0006508,proteolysis,Process,1,30,30,2545,0.3007802651707999,30,0.34585396485057396
F4,RNA_neg,GO:0005654,nucleoplasm,Component,1,30,30,2545,0.3007802651707999,30,0.34585396485057396
F2,RNA_pos,GO:0006508,proteolysis,Process,1,30,30,2545,0.3007802651707999,30,0.34585396485057396
F4,RNA_neg,GO:0006508,proteolysis,Process,1,30,30,2545,0.3007802651707999,30,0.34585396485057396
F5,RNA_neg,GO:0006508,proteolysis,Process,1,30,30,2545,0.3007802651707999,30,0.34585396485057396
F7,RNA_pos,GO:0005730,nucleolus,Component,1,31,30,2545,0.3091208584292002,30,0.3542776190368306
F5,RNA_pos,GO:0005730,nucleolus,Component,1,31,30,2545,0.3091208584292002,30,0.3542776190368306
F2,RNA_neg,GO:0005730,nucleolus,Component,1,31,30,2545,0.3091208584292002,30,0.3542776190368306
F2,METH_neg,GO:0005730,nucleolus,Component,1,31,30,2545,0.3091208584292002,30,0.3542776190368306
F1,METH_pos,GO:0005730,nucleolus,Component,1,31,30,2545,0.3091208584292002,30,0.3542776190368306
F7,METH_pos,GO:0005730,nucleolus,Component,1,31,30,2545,0.3091208584292002,30,0.3542776190368306
F1,RNA_pos,GO:0005730,nucleolus,Component,1,31,30,2545,0.3091208584292002,30,0.3542776190368306
F6,RNA_pos,GO:0005730,nucleolus,Component,1,31,30,2545,0.3091208584292002,30,0.3542776190368306
F5,METH_pos,GO:0000785,chromatin,Component,1,32,30,2545,0.3173652395935296,30,0.36253624302033866
F4,METH_neg,GO:0000785,chromatin,Component,1,32,30,2545,0.3173652395935296,30,0.36253624302033866
F6,METH_neg,GO:0000785,chromatin,Component,1,32,30,2545,0.3173652395935296,30,0.36253624302033866
F2,RNA_neg,GO:0000785,chromatin,Component,1,32,30,2545,0.3173652395935296,30,0.36253624302033866
F1,RNA_neg,GO:0000785,chromatin,Component,1,32,30,2545,0.3173652395935296,30,0.36253624302033866
F1,RNA_pos,GO:0000785,chromatin,Component,1,32,30,2545,0.3173652395935296,30,0.36253624302033866
F7,RNA_pos,GO:0000785,chromatin,Component,1,32,30,2545,0.3173652395935296,30,0.36253624302033866
F3,METH_neg,GO:0000785,chromatin,Component,1,32,30,2545,0.3173652395935296,30,0.36253624302033866
F6,METH_neg,GO:0006886,intracellular protein transport,Process,1,33,30,2545,0.32551448066483635,30,0.37048163997428196
F7,RNA_neg,GO:0006886,intracellular protein transport,Process,1,33,30,2545,0.32551448066483635,30,0.37048163997428196
F7,METH_neg,GO:0006886,intracellular protein transport,Process,1,33,30,2545,0.32551448066483635,30,0.37048163997428196
F7,RNA_pos,GO:0006886,intracellular protein transport,Process,1,33,30,2545,0.32551448066483635,30,0.37048163997428196
F6,RNA_pos,GO:0006886,intracellular protein transport,Process,1,33,30,2545,0.32551448066483635,30,0.37048163997428196
F5,METH_neg,GO:0006886,intracellular protein transport,Process,1,33,30,2545,0.32551448066483635,30,0.37048163997428196
F4,METH_neg,GO:0006886,intracellular protein transport,Process,1,33,30,2545,0.32551448066483635,30,0.37048163997428196
F6,METH_pos,GO:0006886,intracellular protein transport,Process,1,33,30,2545,0.32551448066483635,30,0.37048163997428196
F6,RNA_neg,GO:0006886,intracellular protein transport,Process,1,33,30,2545,0.32551448066483635,30,0.37048163997428196
F7,RNA_pos,GO:0061630,ubiquitin protein ligase activity,Function,1,34,30,2545,0.33356964212186446,30,0.3790317373663008
F5,RNA_pos,GO:0061630,ubiquitin protein ligase activity,Function,1,34,30,2545,0.33356964212186446,30,0.3790317373663008
F4,METH_neg,GO:0061630,ubiquitin protein ligase activity,Function,1,34,30,2545,0.33356964212186446,30,0.3790317373663008
F3,METH_neg,GO:0061630,ubiquitin protein ligase activity,Function,1,34,30,2545,0.33356964212186446,30,0.3790317373663008
F3,METH_neg,GO:0008017,microtubule binding,Function,1,35,30,2545,0.3415317730403607,30,0.3854134311522131
F3,METH_neg,GO:0003676,nucleic acid binding,Function,1,35,30,2545,0.3415317730403607,30,0.3854134311522131
F4,RNA_neg,GO:0008017,microtubule binding,Function,1,35,30,2545,0.3415317730403607,30,0.3854134311522131
F5,RNA_neg,GO:0007165,signal transduction,Process,1,35,30,2545,0.3415317730403607,30,0.3854134311522131
F7,METH_pos,GO:0007165,signal transduction,Process,1,35,30,2545,0.3415317730403607,30,0.3854134311522131
F7,METH_neg,GO:0003676,nucleic acid binding,Function,1,35,30,2545,0.3415317730403607,30,0.3854134311522131
F2,RNA_pos,GO:0007165,signal transduction,Process,1,35,30,2545,0.3415317730403607,30,0.3854134311522131
F6,METH_pos,GO:0007165,signal transduction,Process,1,35,30,2545,0.3415317730403607,30,0.3854134311522131
F6,RNA_pos,GO:0003676,nucleic acid binding,Function,1,35,30,2545,0.3415317730403607,30,0.3854134311522131
F4,RNA_pos,GO:0003676,nucleic acid binding,Function,1,35,30,2545,0.3415317730403607,30,0.3854134311522131
F5,RNA_pos,GO:0007165,signal transduction,Process,1,35,30,2545,0.3415317730403607,30,0.3854134311522131
F2,RNA_neg,GO:0008017,microtubule binding,Function,1,35,30,2545,0.3415317730403607,30,0.3854134311522131
F5,METH_pos,GO:0008017,microtubule binding,Function,1,35,30,2545,0.3415317730403607,30,0.3854134311522131
F4,RNA_pos,GO:0007165,signal transduction,Process,1,35,30,2545,0.3415317730403607,30,0.3854134311522131
F6,METH_neg,GO:0007165,signal transduction,Process,1,35,30,2545,0.3415317730403607,30,0.3854134311522131
F1,METH_pos,GO:0008017,microtubule binding,Function,1,35,30,2545,0.3415317730403607,30,0.3854134311522131
F7,RNA_neg,GO:0008017,microtubule binding,Function,1,35,30,2545,0.3415317730403607,30,0.3854134311522131
F3,METH_neg,GO:0006357,regulation of transcription by RNA polymerase II,Process,2,106,30,2545,0.35751445757195854,30,0.4027986607496895
F5,METH_neg,GO:0006357,regulation of transcription by RNA polymerase II,Process,2,106,30,2545,0.35751445757195854,30,0.4027986607496895
F3,RNA_neg,GO:0006357,regulation of transcription by RNA polymerase II,Process,2,106,30,2545,0.35751445757195854,30,0.4027986607496895
F1,RNA_pos,GO:0006357,regulation of transcription by RNA polymerase II,Process,2,106,30,2545,0.35751445757195854,30,0.4027986607496895
F3,RNA_pos,GO:0046872,metal ion binding,Function,1,38,30,2545,0.36487030474943033,30,0.4104239875816186
F4,METH_neg,GO:0046872,metal ion binding,Function,1,38,30,2545,0.36487030474943033,30,0.4104239875816186
F5,RNA_neg,GO:0046872,metal ion binding,Function,1,38,30,2545,0.36487030474943033,30,0.4104239875816186
F7,METH_neg,GO:0046872,metal ion binding,Function,1,38,30,2545,0.36487030474943033,30,0.4104239875816186
F1,RNA_neg,GO:0005886,plasma membrane,Component,3,184,30,2545,0.3707292732994704,30,0.4161241323344395
F3,RNA_pos,GO:0005886,plasma membrane,Component,3,184,30,2545,0.3707292732994704,30,0.4161241323344395
F2,RNA_pos,GO:0004674,protein serine/threonine kinase activity,Function,1,39,30,2545,0.3724705803208374,30,0.4161241323344395
F7,METH_pos,GO:0004674,protein serine/threonine kinase activity,Function,1,39,30,2545,0.3724705803208374,30,0.4161241323344395
F1,METH_neg,GO:0004674,protein serine/threonine kinase activity,Function,1,39,30,2545,0.3724705803208374,30,0.4161241323344395
F5,METH_pos,GO:0005789,endoplasmic reticulum membrane,Component,1,39,30,2545,0.3724705803208374,30,0.4161241323344395
F7,METH_pos,GO:0005789,endoplasmic reticulum membrane,Component,1,39,30,2545,0.3724705803208374,30,0.4161241323344395
F5,RNA_neg,GO:0005789,endoplasmic reticulum membrane,Component,1,39,30,2545,0.3724705803208374,30,0.4161241323344395
F3,RNA_pos,GO:0005789,endoplasmic reticulum membrane,Component,1,39,30,2545,0.3724705803208374,30,0.4161241323344395
F5,METH_neg,GO:0004674,protein serine/threonine kinase activity,Function,1,39,30,2545,0.3724705803208374,30,0.4161241323344395
F1,METH_pos,GO:0005789,endoplasmic reticulum membrane,Component,1,39,30,2545,0.3724705803208374,30,0.4161241323344395
F7,METH_neg,GO:0004674,protein serine/threonine kinase activity,Function,1,39,30,2545,0.3724705803208374,30,0.4161241323344395
F7,RNA_neg,GO:0004674,protein serine/threonine kinase activity,Function,1,39,30,2545,0.3724705803208374,30,0.4161241323344395
F1,METH_pos,GO:0004674,protein serine/threonine kinase activity,Function,1,39,30,2545,0.3724705803208374,30,0.4161241323344395
F6,METH_neg,GO:0004674,protein serine/threonine kinase activity,Function,1,39,30,2545,0.3724705803208374,30,0.4161241323344395
F4,RNA_pos,GO:0004674,protein serine/threonine kinase activity,Function,1,39,30,2545,0.3724705803208374,30,0.4161241323344395
F4,RNA_neg,GO:0005789,endoplasmic reticulum membrane,Component,1,39,30,2545,0.3724705803208374,30,0.4161241323344395
F2,METH_pos,GO:0003682,chromatin binding,Function,1,41,29,2545,0.3772602738172457,29,0.42130665524652827
F1,METH_pos,GO:0005737,cytoplasm,Component,5,343,30,2545,0.3797867623952849,30,0.42361997898164166
F5,RNA_pos,GO:0005737,cytoplasm,Component,5,343,30,2545,0.3797867623952849,30,0.42361997898164166
F7,RNA_pos,GO:0005737,cytoplasm,Component,5,343,30,2545,0.3797867623952849,30,0.42361997898164166
F2,METH_neg,GO:0003682,chromatin binding,Function,1,41,30,2545,0.38740825822642394,30,0.43040225347112254
F7,RNA_pos,GO:0003682,chromatin binding,Function,1,41,30,2545,0.38740825822642394,30,0.43040225347112254
F5,METH_neg,GO:0003682,chromatin binding,Function,1,41,30,2545,0.38740825822642394,30,0.43040225347112254
F4,RNA_pos,GO:0003682,chromatin binding,Function,1,41,30,2545,0.38740825822642394,30,0.43040225347112254
F4,METH_neg,GO:0003682,chromatin binding,Function,1,41,30,2545,0.38740825822642394,30,0.43040225347112254
F1,METH_pos,GO:0003682,chromatin binding,Function,1,41,30,2545,0.38740825822642394,30,0.43040225347112254
F1,RNA_pos,GO:0003682,chromatin binding,Function,1,41,30,2545,0.38740825822642394,30,0.43040225347112254
F3,METH_pos,GO:0003682,chromatin binding,Function,1,41,30,2545,0.38740825822642394,30,0.43040225347112254
F3,METH_neg,GO:0003682,chromatin binding,Function,1,41,30,2545,0.38740825822642394,30,0.43040225347112254
F3,RNA_pos,GO:0003682,chromatin binding,Function,1,41,30,2545,0.38740825822642394,30,0.43040225347112254
F5,METH_neg,GO:0003924,GTPase activity,Function,1,42,30,2545,0.39474761615502135,30,0.43716498490125877
F3,RNA_pos,GO:0003924,GTPase activity,Function,1,42,30,2545,0.39474761615502135,30,0.43716498490125877
F7,METH_neg,GO:0003924,GTPase activity,Function,1,42,30,2545,0.39474761615502135,30,0.43716498490125877
F5,METH_pos,GO:0003924,GTPase activity,Function,1,42,30,2545,0.39474761615502135,30,0.43716498490125877
F2,RNA_neg,GO:0003924,GTPase activity,Function,1,42,30,2545,0.39474761615502135,30,0.43716498490125877
F4,METH_neg,GO:0003924,GTPase activity,Function,1,42,30,2545,0.39474761615502135,30,0.43716498490125877
F5,RNA_neg,GO:0003924,GTPase activity,Function,1,42,30,2545,0.39474761615502135,30,0.43716498490125877
F2,METH_neg,GO:0003924,GTPase activity,Function,1,42,30,2545,0.39474761615502135,30,0.43716498490125877
F2,METH_pos,GO:0016887,ATP hydrolysis activity,Function,1,44,29,2545,0.3986558273244673,29,0.4413181631855875
F1,METH_pos,GO:0005515,protein binding,Function,5,353,30,2545,0.40471303254760815,30,0.4473144043947248
F3,METH_pos,GO:0005515,protein binding,Function,5,353,30,2545,0.40471303254760815,30,0.4473144043947248
F7,METH_pos,GO:0005515,protein binding,Function,5,353,30,2545,0.40471303254760815,30,0.4473144043947248
F4,METH_neg,GO:0005515,protein binding,Function,5,353,30,2545,0.40471303254760815,30,0.4473144043947248
F5,RNA_pos,GO:0005634,nucleus,Component,6,435,30,2545,0.40808146007425067,30,0.4493975222317647
F5,METH_neg,GO:0005634,nucleus,Component,6,435,30,2545,0.40808146007425067,30,0.4493975222317647
F4,RNA_neg,GO:0005634,nucleus,Component,6,435,30,2545,0.40808146007425067,30,0.4493975222317647
F2,METH_neg,GO:0005525,GTP binding,Function,1,44,30,2545,0.40917218010575646,30,0.4493975222317647
F2,RNA_neg,GO:0005525,GTP binding,Function,1,44,30,2545,0.40917218010575646,30,0.4493975222317647
F3,METH_pos,GO:0016887,ATP hydrolysis activity,Function,1,44,30,2545,0.40917218010575646,30,0.4493975222317647
F2,METH_neg,GO:0016887,ATP hydrolysis activity,Function,1,44,30,2545,0.40917218010575646,30,0.4493975222317647
F2,RNA_neg,GO:0016887,ATP hydrolysis activity,Function,1,44,30,2545,0.40917218010575646,30,0.4493975222317647
F5,RNA_neg,GO:0016887,ATP hydrolysis activity,Function,1,44,30,2545,0.40917218010575646,30,0.4493975222317647
F4,METH_neg,GO:0005525,GTP binding,Function,1,44,30,2545,0.40917218010575646,30,0.4493975222317647
F3,RNA_pos,GO:0005525,GTP binding,Function,1,44,30,2545,0.40917218010575646,30,0.4493975222317647
F3,METH_neg,GO:0016887,ATP hydrolysis activity,Function,1,44,30,2545,0.40917218010575646,30,0.4493975222317647
F5,RNA_neg,GO:0005525,GTP binding,Function,1,44,30,2545,0.40917218010575646,30,0.4493975222317647
F5,METH_pos,GO:0005525,GTP binding,Function,1,44,30,2545,0.40917218010575646,30,0.4493975222317647
F7,METH_neg,GO:0005525,GTP binding,Function,1,44,30,2545,0.40917218010575646,30,0.4493975222317647
F5,METH_neg,GO:0005525,GTP binding,Function,1,44,30,2545,0.40917218010575646,30,0.4493975222317647
F7,METH_neg,GO:0005794,Golgi apparatus,Component,1,46,30,2545,0.4232641677556287,30,0.4634170209884245
F5,RNA_pos,GO:0005794,Golgi apparatus,Component,1,46,30,2545,0.4232641677556287,30,0.4634170209884245
F6,METH_neg,GO:0005794,Golgi apparatus,Component,1,46,30,2545,0.4232641677556287,30,0.4634170209884245
F3,METH_neg,GO:0005794,Golgi apparatus,Component,1,46,30,2545,0.4232641677556287,30,0.4634170209884245
F5,RNA_neg,GO:0005794,Golgi apparatus,Component,1,46,30,2545,0.4232641677556287,30,0.4634170209884245
F6,RNA_pos,GO:0005794,Golgi apparatus,Component,1,46,30,2545,0.4232641677556287,30,0.4634170209884245
F2,METH_neg,GO:0005794,Golgi apparatus,Component,1,46,30,2545,0.4232641677556287,30,0.4634170209884245
F4,METH_neg,GO:0005794,Golgi apparatus,Component,1,46,30,2545,0.4232641677556287,30,0.4634170209884245
F2,RNA_neg,GO:0005739,mitochondrion,Component,2,125,30,2545,0.4381479339831837,30,0.4785870862788549
F6,RNA_pos,GO:0005739,mitochondrion,Component,2,125,30,2545,0.4381479339831837,30,0.4785870862788549
F7,RNA_pos,GO:0005739,mitochondrion,Component,2,125,30,2545,0.4381479339831837,30,0.4785870862788549
F5,METH_pos,GO:0005739,mitochondrion,Component,2,125,30,2545,0.4381479339831837,30,0.4785870862788549
F7,RNA_neg,GO:0005739,mitochondrion,Component,2,125,30,2545,0.4381479339831837,30,0.4785870862788549
F3,METH_neg,GO:0005739,mitochondrion,Component,2,125,30,2545,0.4381479339831837,30,0.4785870862788549
F6,METH_neg,GO:0006355,regulation of DNA-templated transcription,Process,1,50,30,2545,0.45047989264108024,30,0.48994950940285714
F4,RNA_neg,GO:0006355,regulation of DNA-templated transcription,Process,1,50,30,2545,0.45047989264108024,30,0.48994950940285714
F1,METH_neg,GO:0006355,regulation of DNA-templated transcription,Process,1,50,30,2545,0.45047989264108024,30,0.48994950940285714
F3,RNA_neg,GO:0006355,regulation of DNA-templated transcription,Process,1,50,30,2545,0.45047989264108024,30,0.48994950940285714
F4,METH_neg,GO:0006355,regulation of DNA-templated transcription,Process,1,50,30,2545,0.45047989264108024,30,0.48994950940285714
F6,METH_pos,GO:0006355,regulation of DNA-templated transcription,Process,1,50,30,2545,0.45047989264108024,30,0.48994950940285714
F3,METH_pos,GO:0006355,regulation of DNA-templated transcription,Process,1,50,30,2545,0.45047989264108024,30,0.48994950940285714
F5,RNA_pos,GO:0006355,regulation of DNA-templated transcription,Process,1,50,30,2545,0.45047989264108024,30,0.48994950940285714
F2,RNA_pos,GO:0006355,regulation of DNA-templated transcription,Process,1,50,30,2545,0.45047989264108024,30,0.48994950940285714
F2,RNA_neg,GO:0006355,regulation of DNA-templated transcription,Process,1,50,30,2545,0.45047989264108024,30,0.48994950940285714
F7,METH_neg,GO:0006355,regulation of DNA-templated transcription,Process,1,50,30,2545,0.45047989264108024,30,0.48994950940285714
F6,METH_neg,GO:0005524,ATP binding,Function,3,217,30,2545,0.4779959727084938,30,0.5196740956694524
F1,METH_pos,GO:0016020,membrane,Component,2,139,30,2545,0.49426227712285736,30,0.5350676511643956
F5,METH_pos,GO:0016020,membrane,Component,2,139,30,2545,0.49426227712285736,30,0.5350676511643956
F3,RNA_pos,GO:0016020,membrane,Component,2,139,30,2545,0.49426227712285736,30,0.5350676511643956
F3,METH_neg,GO:0016020,membrane,Component,2,139,30,2545,0.49426227712285736,30,0.5350676511643956
F1,METH_neg,GO:0016020,membrane,Component,2,139,30,2545,0.49426227712285736,30,0.5350676511643956
F3,METH_pos,GO:0016020,membrane,Component,2,139,30,2545,0.49426227712285736,30,0.5350676511643956
F2,RNA_pos,GO:0016020,membrane,Component,2,139,30,2545,0.49426227712285736,30,0.5350676511643956
F5,RNA_neg,GO:0016020,membrane,Component,2,139,30,2545,0.49426227712285736,30,0.5350676511643956
F7,METH_pos,GO:0016020,membrane,Component,2,139,30,2545,0.49426227712285736,30,0.5350676511643956
F4,RNA_neg,GO:0016020,membrane,Component,2,139,30,2545,0.49426227712285736,30,0.5350676511643956
F7,RNA_pos,GO:0016020,membrane,Component,2,139,30,2545,0.49426227712285736,30,0.5350676511643956
F2,METH_pos,GO:0005829,cytosol,Component,2,148,29,2545,0.5101190195292349,29,0.5520195356625932
F5,METH_pos,GO:0003677,DNA binding,Function,1,61,30,2545,0.5190755535709898,30,0.5593279402483697
F3,RNA_neg,GO:0003677,DNA binding,Function,1,61,30,2545,0.5190755535709898,30,0.5593279402483697
F4,RNA_neg,GO:0003677,DNA binding,Function,1,61,30,2545,0.5190755535709898,30,0.5593279402483697
F2,RNA_neg,GO:0003677,DNA binding,Function,1,61,30,2545,0.5190755535709898,30,0.5593279402483697
F3,RNA_pos,GO:0003677,DNA binding,Function,1,61,30,2545,0.5190755535709898,30,0.5593279402483697
F1,RNA_pos,GO:0003677,DNA binding,Function,1,61,30,2545,0.5190755535709898,30,0.5593279402483697
F1,METH_pos,GO:0003677,DNA binding,Function,1,61,30,2545,0.5190755535709898,30,0.5593279402483697
F7,RNA_neg,GO:0003677,DNA binding,Function,1,61,30,2545,0.5190755535709898,30,0.5593279402483697
F5,METH_neg,GO:0003677,DNA binding,Function,1,61,30,2545,0.5190755535709898,30,0.5593279402483697
F6,METH_neg,GO:0003677,DNA binding,Function,1,61,30,2545,0.5190755535709898,30,0.5593279402483697
F5,RNA_neg,GO:0003677,DNA binding,Function,1,61,30,2545,0.5190755535709898,30,0.5593279402483697
F7,RNA_pos,GO:0005509,calcium ion binding,Function,1,62,30,2545,0.5248838198322096,30,0.5642804113900544
F4,RNA_neg,GO:0005509,calcium ion binding,Function,1,62,30,2545,0.5248838198322096,30,0.5642804113900544
F7,METH_pos,GO:0005509,calcium ion binding,Function,1,62,30,2545,0.5248838198322096,30,0.5642804113900544
F6,METH_neg,GO:0005509,calcium ion binding,Function,1,62,30,2545,0.5248838198322096,30,0.5642804113900544
F2,RNA_pos,GO:0005509,calcium ion binding,Function,1,62,30,2545,0.5248838198322096,30,0.5642804113900544
F4,METH_neg,GO:0005509,calcium ion binding,Function,1,62,30,2545,0.5248838198322096,30,0.5642804113900544
F6,RNA_neg,GO:0005829,cytosol,Component,2,148,30,2545,0.5285614245712869,30,0.5660552372805231
F6,METH_pos,GO:0005829,cytosol,Component,2,148,30,2545,0.5285614245712869,30,0.5660552372805231
F4,RNA_pos,GO:0005829,cytosol,Component,2,148,30,2545,0.5285614245712869,30,0.5660552372805231
F7,RNA_neg,GO:0005829,cytosol,Component,2,148,30,2545,0.5285614245712869,30,0.5660552372805231
F6,RNA_pos,GO:0005829,cytosol,Component,2,148,30,2545,0.5285614245712869,30,0.5660552372805231
F5,METH_pos,GO:0005829,cytosol,Component,2,148,30,2545,0.5285614245712869,30,0.5660552372805231
F2,METH_neg,GO:0005829,cytosol,Component,2,148,30,2545,0.5285614245712869,30,0.5660552372805231
F7,METH_neg,GO:0005829,cytosol,Component,2,148,30,2545,0.5285614245712869,30,0.5660552372805231
F1,RNA_neg,GO:0005829,cytosol,Component,2,148,30,2545,0.5285614245712869,30,0.5660552372805231
F1,METH_neg,GO:0005829,cytosol,Component,2,148,30,2545,0.5285614245712869,30,0.5660552372805231
F4,METH_pos,GO:0000978,RNA polymerase II cis-regulatory region sequence-specific DNA binding,Function,1,67,30,2545,0.5529227747434042,30,0.5905595831198195
F3,METH_neg,GO:0000978,RNA polymerase II cis-regulatory region sequence-specific DNA binding,Function,1,67,30,2545,0.5529227747434042,30,0.5905595831198195
F7,METH_pos,GO:0000978,RNA polymerase II cis-regulatory region sequence-specific DNA binding,Function,1,67,30,2545,0.5529227747434042,30,0.5905595831198195
F4,RNA_pos,GO:0000978,RNA polymerase II cis-regulatory region sequence-specific DNA binding,Function,1,67,30,2545,0.5529227747434042,30,0.5905595831198195
F1,RNA_pos,GO:0000978,RNA polymerase II cis-regulatory region sequence-specific DNA binding,Function,1,67,30,2545,0.5529227747434042,30,0.5905595831198195
F3,RNA_pos,GO:0000978,RNA polymerase II cis-regulatory region sequence-specific DNA binding,Function,1,67,30,2545,0.5529227747434042,30,0.5905595831198195
F4,RNA_neg,GO:0000978,RNA polymerase II cis-regulatory region sequence-specific DNA binding,Function,1,67,30,2545,0.5529227747434042,30,0.5905595831198195
F7,RNA_neg,GO:0006468,protein phosphorylation,Process,1,68,30,2545,0.5583353319499009,30,0.5947485057727205
F5,METH_neg,GO:0006468,protein phosphorylation,Process,1,68,30,2545,0.5583353319499009,30,0.5947485057727205
F3,METH_neg,GO:0006468,protein phosphorylation,Process,1,68,30,2545,0.5583353319499009,30,0.5947485057727205
F6,METH_pos,GO:0006468,protein phosphorylation,Process,1,68,30,2545,0.5583353319499009,30,0.5947485057727205
F6,RNA_pos,GO:0006468,protein phosphorylation,Process,1,68,30,2545,0.5583353319499009,30,0.5947485057727205
F2,RNA_neg,GO:0006468,protein phosphorylation,Process,1,68,30,2545,0.5583353319499009,30,0.5947485057727205
F7,METH_pos,GO:0006468,protein phosphorylation,Process,1,68,30,2545,0.5583353319499009,30,0.5947485057727205
F2,METH_pos,GO:0005634,nucleus,Component,5,435,29,2545,0.5687899174639013,29,0.6056539227894305
F5,RNA_neg,GO:0005737,cytoplasm,Component,4,343,30,2545,0.5907329768280891,30,0.6273449445934802
F6,METH_pos,GO:0005737,cytoplasm,Component,4,343,30,2545,0.5907329768280891,30,0.6273449445934802
F5,METH_pos,GO:0005737,cytoplasm,Component,4,343,30,2545,0.5907329768280891,30,0.6273449445934802
F6,RNA_pos,GO:0005737,cytoplasm,Component,4,343,30,2545,0.5907329768280891,30,0.6273449445934802
F7,METH_pos,GO:0005737,cytoplasm,Component,4,343,30,2545,0.5907329768280891,30,0.6273449445934802
F3,RNA_pos,GO:0005737,cytoplasm,Component,4,343,30,2545,0.5907329768280891,30,0.6273449445934802
F3,RNA_neg,GO:0005737,cytoplasm,Component,4,343,30,2545,0.5907329768280891,30,0.6273449445934802
F1,RNA_pos,GO:0005634,nucleus,Component,5,435,30,2545,0.6009316089418313,30,0.6369646997246812
F3,RNA_neg,GO:0005634,nucleus,Component,5,435,30,2545,0.6009316089418313,30,0.6369646997246812
F7,RNA_neg,GO:0005634,nucleus,Component,5,435,30,2545,0.6009316089418313,30,0.6369646997246812
F5,RNA_neg,GO:0005634,nucleus,Component,5,435,30,2545,0.6009316089418313,30,0.6369646997246812
F7,RNA_pos,GO:0005634,nucleus,Component,5,435,30,2545,0.6009316089418313,30,0.6369646997246812
F2,RNA_pos,GO:0000981,"DNA-binding transcription factor activity, RNA polymerase II-specific",Function,1,77,30,2545,0.6042811291742289,30,0.6383347934128674
F4,RNA_pos,GO:0000981,"DNA-binding transcription factor activity, RNA polymerase II-specific",Function,1,77,30,2545,0.6042811291742289,30,0.6383347934128674
F6,RNA_neg,GO:0000981,"DNA-binding transcription factor activity, RNA polymerase II-specific",Function,1,77,30,2545,0.6042811291742289,30,0.6383347934128674
F3,METH_neg,GO:0000981,"DNA-binding transcription factor activity, RNA polymerase II-specific",Function,1,77,30,2545,0.6042811291742289,30,0.6383347934128674
F4,RNA_neg,GO:0000981,"DNA-binding transcription factor activity, RNA polymerase II-specific",Function,1,77,30,2545,0.6042811291742289,30,0.6383347934128674
F4,METH_pos,GO:0000981,"DNA-binding transcription factor activity, RNA polymerase II-specific",Function,1,77,30,2545,0.6042811291742289,30,0.6383347934128674
F7,METH_pos,GO:0000981,"DNA-binding transcription factor activity, RNA polymerase II-specific",Function,1,77,30,2545,0.6042811291742289,30,0.6383347934128674
F5,METH_neg,GO:0000981,"DNA-binding transcription factor activity, RNA polymerase II-specific",Function,1,77,30,2545,0.6042811291742289,30,0.6383347934128674
F6,METH_pos,GO:0000981,"DNA-binding transcription factor activity, RNA polymerase II-specific",Function,1,77,30,2545,0.6042811291742289,30,0.6383347934128674
F1,RNA_pos,GO:0005783,endoplasmic reticulum,Component,1,78,30,2545,0.6090913261453688,30,0.6407503103291958
F5,RNA_pos,GO:0005783,endoplasmic reticulum,Component,1,78,30,2545,0.6090913261453688,30,0.6407503103291958
F1,RNA_neg,GO:0005783,endoplasmic reticulum,Component,1,78,30,2545,0.6090913261453688,30,0.6407503103291958
F4,METH_neg,GO:0005783,endoplasmic reticulum,Component,1,78,30,2545,0.6090913261453688,30,0.6407503103291958
F6,METH_neg,GO:0005783,endoplasmic reticulum,Component,1,78,30,2545,0.6090913261453688,30,0.6407503103291958
F2,RNA_neg,GO:0005783,endoplasmic reticulum,Component,1,78,30,2545,0.6090913261453688,30,0.6407503103291958
F6,METH_pos,GO:0005783,endoplasmic reticulum,Component,1,78,30,2545,0.6090913261453688,30,0.6407503103291958
F6,RNA_pos,GO:0005783,endoplasmic reticulum,Component,1,78,30,2545,0.6090913261453688,30,0.6407503103291958
F3,METH_neg,GO:0005783,endoplasmic reticulum,Component,1,78,30,2545,0.6090913261453688,30,0.6407503103291958
F7,METH_pos,GO:0005783,endoplasmic reticulum,Component,1,78,30,2545,0.6090913261453688,30,0.6407503103291958
F5,RNA_neg,GO:0005783,endoplasmic reticulum,Component,1,78,30,2545,0.6090913261453688,30,0.6407503103291958
F6,METH_neg,GO:0005515,protein binding,Function,4,353,30,2545,0.6149069545702939,30,0.6449249433401543
F2,RNA_pos,GO:0005515,protein binding,Function,4,353,30,2545,0.6149069545702939,30,0.6449249433401543
F3,RNA_pos,GO:0005515,protein binding,Function,4,353,30,2545,0.6149069545702939,30,0.6449249433401543
F6,METH_pos,GO:0005515,protein binding,Function,4,353,30,2545,0.6149069545702939,30,0.6449249433401543
F4,RNA_neg,GO:0005515,protein binding,Function,4,353,30,2545,0.6149069545702939,30,0.6449249433401543
F2,RNA_neg,GO:0005515,protein binding,Function,4,353,30,2545,0.6149069545702939,30,0.6449249433401543
F7,RNA_pos,GO:0005515,protein binding,Function,4,353,30,2545,0.6149069545702939,30,0.6449249433401543
F5,METH_neg,GO:0005515,protein binding,Function,4,353,30,2545,0.6149069545702939,30,0.6449249433401543
F2,METH_pos,GO:0005886,plasma membrane,Component,2,184,29,2545,0.6316843480085093,29,0.6622726666620744
F7,METH_neg,GO:0005886,plasma membrane,Component,2,184,30,2545,0.6503239962020115,30,0.6802827420944638
F7,RNA_neg,GO:0005886,plasma membrane,Component,2,184,30,2545,0.6503239962020115,30,0.6802827420944638
F2,METH_neg,GO:0005886,plasma membrane,Component,2,184,30,2545,0.6503239962020115,30,0.6802827420944638
F4,RNA_pos,GO:0005886,plasma membrane,Component,2,184,30,2545,0.6503239962020115,30,0.6802827420944638
F1,METH_pos,GO:0005886,plasma membrane,Component,2,184,30,2545,0.6503239962020115,30,0.6802827420944638
F5,METH_pos,GO:0005886,plasma membrane,Component,2,184,30,2545,0.6503239962020115,30,0.6802827420944638
F6,RNA_neg,GO:0003723,RNA binding,Function,1,92,30,2545,0.6707796373585175,30,0.6985412107167559
F3,RNA_neg,GO:0003723,RNA binding,Function,1,92,30,2545,0.6707796373585175,30,0.6985412107167559
F2,RNA_pos,GO:0003723,RNA binding,Function,1,92,30,2545,0.6707796373585175,30,0.6985412107167559
F4,METH_neg,GO:0003723,RNA binding,Function,1,92,30,2545,0.6707796373585175,30,0.6985412107167559
F7,RNA_neg,GO:0003723,RNA binding,Function,1,92,30,2545,0.6707796373585175,30,0.6985412107167559
F4,RNA_pos,GO:0003723,RNA binding,Function,1,92,30,2545,0.6707796373585175,30,0.6985412107167559
F3,METH_pos,GO:0003723,RNA binding,Function,1,92,30,2545,0.6707796373585175,30,0.6985412107167559
F3,METH_neg,GO:0003723,RNA binding,Function,1,92,30,2545,0.6707796373585175,30,0.6985412107167559
F5,METH_neg,GO:0003723,RNA binding,Function,1,92,30,2545,0.6707796373585175,30,0.6985412107167559
F6,METH_neg,GO:0003723,RNA binding,Function,1,92,30,2545,0.6707796373585175,30,0.6985412107167559
F1,RNA_neg,GO:0003723,RNA binding,Function,1,92,30,2545,0.6707796373585175,30,0.6985412107167559
F7,METH_pos,GO:0003723,RNA binding,Function,1,92,30,2545,0.6707796373585175,30,0.6985412107167559
F3,RNA_pos,GO:0008270,zinc ion binding,Function,1,93,30,2545,0.6748059768934724,30,0.6998637554635977
F5,RNA_neg,GO:0008270,zinc ion binding,Function,1,93,30,2545,0.6748059768934724,30,0.6998637554635977
F1,METH_neg,GO:0008270,zinc ion binding,Function,1,93,30,2545,0.6748059768934724,30,0.6998637554635977
F6,RNA_pos,GO:0008270,zinc ion binding,Function,1,93,30,2545,0.6748059768934724,30,0.6998637554635977
F6,RNA_neg,GO:0008270,zinc ion binding,Function,1,93,30,2545,0.6748059768934724,30,0.6998637554635977
F7,METH_pos,GO:0008270,zinc ion binding,Function,1,93,30,2545,0.6748059768934724,30,0.6998637554635977
F6,METH_pos,GO:0008270,zinc ion binding,Function,1,93,30,2545,0.6748059768934724,30,0.6998637554635977
F3,METH_neg,GO:0008270,zinc ion binding,Function,1,93,30,2545,0.6748059768934724,30,0.6998637554635977
F5,RNA_pos,GO:0008270,zinc ion binding,Function,1,93,30,2545,0.6748059768934724,30,0.6998637554635977
F1,METH_pos,GO:0008270,zinc ion binding,Function,1,93,30,2545,0.6748059768934724,30,0.6998637554635977
F7,METH_neg,GO:0008270,zinc ion binding,Function,1,93,30,2545,0.6748059768934724,30,0.6998637554635977
F2,RNA_neg,GO:0006357,regulation of transcription by RNA polymerase II,Process,1,106,30,2545,0.7230071275041898,30,0.746528246624474
F4,RNA_neg,GO:0006357,regulation of transcription by RNA polymerase II,Process,1,106,30,2545,0.7230071275041898,30,0.746528246624474
F4,METH_pos,GO:0006357,regulation of transcription by RNA polymerase II,Process,1,106,30,2545,0.7230071275041898,30,0.746528246624474
F4,RNA_pos,GO:0006357,regulation of transcription by RNA polymerase II,Process,1,106,30,2545,0.7230071275041898,30,0.746528246624474
F2,RNA_pos,GO:0006357,regulation of transcription by RNA polymerase II,Process,1,106,30,2545,0.7230071275041898,30,0.746528246624474
F3,RNA_pos,GO:0006357,regulation of transcription by RNA polymerase II,Process,1,106,30,2545,0.7230071275041898,30,0.746528246624474
F7,METH_pos,GO:0006357,regulation of transcription by RNA polymerase II,Process,1,106,30,2545,0.7230071275041898,30,0.746528246624474
F1,RNA_neg,GO:0006357,regulation of transcription by RNA polymerase II,Process,1,106,30,2545,0.7230071275041898,30,0.746528246624474
F2,METH_neg,GO:0006357,regulation of transcription by RNA polymerase II,Process,1,106,30,2545,0.7230071275041898,30,0.746528246624474
F5,RNA_pos,GO:0006357,regulation of transcription by RNA polymerase II,Process,1,106,30,2545,0.7230071275041898,30,0.746528246624474
F6,METH_pos,GO:0006357,regulation of transcription by RNA polymerase II,Process,1,106,30,2545,0.7230071275041898,30,0.746528246624474
F6,RNA_neg,GO:0006357,regulation of transcription by RNA polymerase II,Process,1,106,30,2545,0.7230071275041898,30,0.746528246624474
F1,RNA_pos,GO:0005524,ATP binding,Function,2,217,30,2545,0.7398238181495358,30,0.7619203259924976
F2,METH_neg,GO:0005524,ATP binding,Function,2,217,30,2545,0.7398238181495358,30,0.7619203259924976
F7,RNA_neg,GO:0005524,ATP binding,Function,2,217,30,2545,0.7398238181495358,30,0.7619203259924976
F6,RNA_neg,GO:0005524,ATP binding,Function,2,217,30,2545,0.7398238181495358,30,0.7619203259924976
F5,RNA_neg,GO:0005524,ATP binding,Function,2,217,30,2545,0.7398238181495358,30,0.7619203259924976
F6,RNA_pos,GO:0005524,ATP binding,Function,2,217,30,2545,0.7398238181495358,30,0.7619203259924976
F3,RNA_pos,GO:0005524,ATP binding,Function,2,217,30,2545,0.7398238181495358,30,0.7619203259924976
F2,METH_pos,GO:0005739,mitochondrion,Component,1,125,29,2545,0.76980625336292,29,0.7925060323046943
F1,METH_neg,GO:0005634,nucleus,Component,4,435,30,2545,0.7803411040287958,30,0.7975186376999399
F4,METH_pos,GO:0005634,nucleus,Component,4,435,30,2545,0.7803411040287958,30,0.7975186376999399
F4,RNA_pos,GO:0005634,nucleus,Component,4,435,30,2545,0.7803411040287958,30,0.7975186376999399
F7,METH_pos,GO:0005634,nucleus,Component,4,435,30,2545,0.7803411040287958,30,0.7975186376999399
F6,RNA_pos,GO:0005634,nucleus,Component,4,435,30,2545,0.7803411040287958,30,0.7975186376999399
F6,METH_neg,GO:0005634,nucleus,Component,4,435,30,2545,0.7803411040287958,30,0.7975186376999399
F2,RNA_neg,GO:0005634,nucleus,Component,4,435,30,2545,0.7803411040287958,30,0.7975186376999399
F1,METH_pos,GO:0005634,nucleus,Component,4,435,30,2545,0.7803411040287958,30,0.7975186376999399
F4,METH_pos,GO:0005739,mitochondrion,Component,1,125,30,2545,0.781242747134635,30,0.7975186376999399
F2,RNA_pos,GO:0005739,mitochondrion,Component,1,125,30,2545,0.781242747134635,30,0.7975186376999399
F5,RNA_pos,GO:0005739,mitochondrion,Component,1,125,30,2545,0.781242747134635,30,0.7975186376999399
F1,RNA_pos,GO:0005739,mitochondrion,Component,1,125,30,2545,0.781242747134635,30,0.7975186376999399
F3,METH_pos,GO:0005739,mitochondrion,Component,1,125,30,2545,0.781242747134635,30,0.7975186376999399
F7,METH_neg,GO:0005739,mitochondrion,Component,1,125,30,2545,0.781242747134635,30,0.7975186376999399
F4,RNA_pos,GO:0005739,mitochondrion,Component,1,125,30,2545,0.781242747134635,30,0.7975186376999399
F6,METH_neg,GO:0005739,mitochondrion,Component,1,125,30,2545,0.781242747134635,30,0.7975186376999399
F5,RNA_neg,GO:0005739,mitochondrion,Component,1,125,30,2545,0.781242747134635,30,0.7975186376999399
F3,RNA_neg,GO:0005739,mitochondrion,Component,1,125,30,2545,0.781242747134635,30,0.7975186376999399
F4,RNA_neg,GO:0005739,mitochondrion,Component,1,125,30,2545,0.781242747134635,30,0.7975186376999399
F2,METH_neg,GO:0005739,mitochondrion,Component,1,125,30,2545,0.781242747134635,30,0.7975186376999399
F6,METH_pos,GO:0005739,mitochondrion,Component,1,125,30,2545,0.781242747134635,30,0.7975186376999399
F5,METH_neg,GO:0005739,mitochondrion,Component,1,125,30,2545,0.781242747134635,30,0.7975186376999399
F6,RNA_neg,GO:0005739,mitochondrion,Component,1,125,30,2545,0.781242747134635,30,0.7975186376999399
F2,METH_pos,GO:0005515,protein binding,Function,3,353,29,2545,0.7883469679421554,29,0.8044768291788236
F3,METH_neg,GO:0005737,cytoplasm,Component,3,343,30,2545,0.7907412394014137,30,0.8057425325239506
F5,METH_neg,GO:0005737,cytoplasm,Component,3,343,30,2545,0.7907412394014137,30,0.8057425325239506
F7,RNA_neg,GO:0005737,cytoplasm,Component,3,343,30,2545,0.7907412394014137,30,0.8057425325239506
F4,RNA_neg,GO:0005737,cytoplasm,Component,3,343,30,2545,0.7907412394014137,30,0.8057425325239506
F5,METH_pos,GO:0005515,protein binding,Function,3,353,30,2545,0.807618080539029,30,0.8214411139641326
F1,RNA_neg,GO:0005515,protein binding,Function,3,353,30,2545,0.807618080539029,30,0.8214411139641326
F4,RNA_pos,GO:0005515,protein binding,Function,3,353,30,2545,0.807618080539029,30,0.8214411139641326
F1,RNA_pos,GO:0005515,protein binding,Function,3,353,30,2545,0.807618080539029,30,0.8214411139641326
F7,METH_neg,GO:0005515,protein binding,Function,3,353,30,2545,0.807618080539029,30,0.8214411139641326
F2,RNA_neg,GO:0016020,membrane,Component,1,139,30,2545,0.8163832950543811,30,0.8282450210994865
F2,METH_neg,GO:0016020,membrane,Component,1,139,30,2545,0.8163832950543811,30,0.8282450210994865
F5,RNA_pos,GO:0016020,membrane,Component,1,139,30,2545,0.8163832950543811,30,0.8282450210994865
F4,METH_neg,GO:0016020,membrane,Component,1,139,30,2545,0.8163832950543811,30,0.8282450210994865
F1,RNA_neg,GO:0016020,membrane,Component,1,139,30,2545,0.8163832950543811,30,0.8282450210994865
F3,RNA_neg,GO:0016020,membrane,Component,1,139,30,2545,0.8163832950543811,30,0.8282450210994865
F1,RNA_pos,GO:0016020,membrane,Component,1,139,30,2545,0.8163832950543811,30,0.8282450210994865
F7,RNA_pos,GO:0005829,cytosol,Component,1,148,30,2545,0.8360213650682737,30,0.8466307732544194
F3,METH_pos,GO:0005829,cytosol,Component,1,148,30,2545,0.8360213650682737,30,0.8466307732544194
F7,METH_pos,GO:0005829,cytosol,Component,1,148,30,2545,0.8360213650682737,30,0.8466307732544194
F5,METH_neg,GO:0005829,cytosol,Component,1,148,30,2545,0.8360213650682737,30,0.8466307732544194
F2,RNA_neg,GO:0005829,cytosol,Component,1,148,30,2545,0.8360213650682737,30,0.8466307732544194
F3,METH_pos,GO:0005886,plasma membrane,Component,1,184,30,2545,0.8961481863401798,30,0.9048958367491403
F5,RNA_neg,GO:0005886,plasma membrane,Component,1,184,30,2545,0.8961481863401798,30,0.9048958367491403
F5,RNA_pos,GO:0005886,plasma membrane,Component,1,184,30,2545,0.8961481863401798,30,0.9048958367491403
F6,METH_pos,GO:0005886,plasma membrane,Component,1,184,30,2545,0.8961481863401798,30,0.9048958367491403
F4,RNA_neg,GO:0005886,plasma membrane,Component,1,184,30,2545,0.8961481863401798,30,0.9048958367491403
F4,METH_neg,GO:0005886,plasma membrane,Component,1,184,30,2545,0.8961481863401798,30,0.9048958367491403
F6,RNA_pos,GO:0005886,plasma membrane,Component,1,184,30,2545,0.8961481863401798,30,0.9048958367491403
F6,METH_neg,GO:0005886,plasma membrane,Component,1,184,30,2545,0.8961481863401798,30,0.9048958367491403
F7,METH_neg,GO:0005634,nucleus,Component,3,435,30,2545,0.9085610586794248,30,0.9164359107589864
F6,METH_pos,GO:0005634,nucleus,Component,3,435,30,2545,0.9085610586794248,30,0.9164359107589864
F2,METH_neg,GO:0005634,nucleus,Component,3,435,30,2545,0.9085610586794248,30,0.9164359107589864
F2,METH_pos,GO:0005737,cytoplasm,Component,2,343,29,2545,0.9183124919225227,29,0.9259374692922765
F4,RNA_pos,GO:0005737,cytoplasm,Component,2,343,30,2545,0.9274247242454591,30,0.9341136872764397
F4,METH_neg,GO:0005737,cytoplasm,Component,2,343,30,2545,0.9274247242454591,30,0.9341136872764397
F7,METH_neg,GO:0005737,cytoplasm,Component,2,343,30,2545,0.9274247242454591,30,0.9341136872764397
F4,METH_pos,GO:0005524,ATP binding,Function,1,217,30,2545,0.932098417292063,30,0.9354476749898426
F6,METH_pos,GO:0005524,ATP binding,Function,1,217,30,2545,0.932098417292063,30,0.9354476749898426
F2,RNA_pos,GO:0005524,ATP binding,Function,1,217,30,2545,0.932098417292063,30,0.9354476749898426
F3,METH_pos,GO:0005524,ATP binding,Function,1,217,30,2545,0.932098417292063,30,0.9354476749898426
F3,RNA_neg,GO:0005524,ATP binding,Function,1,217,30,2545,0.932098417292063,30,0.9354476749898426
F7,METH_pos,GO:0005524,ATP binding,Function,1,217,30,2545,0.932098417292063,30,0.9354476749898426
F2,RNA_neg,GO:0005524,ATP binding,Function,1,217,30,2545,0.932098417292063,30,0.9354476749898426
F1,METH_neg,GO:0005524,ATP binding,Function,1,217,30,2545,0.932098417292063,30,0.9354476749898426
F7,METH_neg,GO:0005524,ATP binding,Function,1,217,30,2545,0.932098417292063,30,0.9354476749898426
F7,RNA_pos,GO:0005524,ATP binding,Function,1,217,30,2545,0.932098417292063,30,0.9354476749898426
F6,RNA_pos,GO:0005515,protein binding,Function,2,353,30,2545,0.9349744870476709,30,0.9376602306370359
F3,RNA_neg,GO:0005515,protein binding,Function,2,353,30,2545,0.9349744870476709,30,0.9376602306370359
F5,METH_pos,GO:0005634,nucleus,Component,2,435,30,2545,0.9746486944936593,30,0.9763966297420339
F6,RNA_neg,GO:0005634,nucleus,Component,2,435,30,2545,0.9746486944936593,30,0.9763966297420339
F3,METH_pos,GO:0005634,nucleus,Component,2,435,30,2545,0.9746486944936593,30,0.9763966297420339
F2,RNA_neg,GO:0005737,cytoplasm,Component,1,343,30,2545,0.9873460583956818,30,0.9884077208240643
F3,METH_pos,GO:0005737,cytoplasm,Component,1,343,30,2545,0.9873460583956818,30,0.9884077208240643
F2,METH_neg,GO:0005515,protein binding,Function,1,353,30,2545,0.988971207989031,30,0.988971207989031
F1,METH_neg,GO:0005515,protein binding,Function,1,353,30,2545,0.988971207989031,30,0.988971207989031
F4,METH_pos,GO:0005515,protein binding,Function,1,353,30,2545,0.988971207989031,30,0.988971207989031
