,F1,F2,F3,F4,F5,F6,F7,stage
P13_AACTCACC,-384.36344125859745,881.9142627177407,163.96057385408005,-43.23275604364308,-9.51260996000282,-71.68723289887824,-3.7252689515831743,E5
P13_AAGAGATC,27.25660560710606,-106.87865158365928,105.5242745548379,-34.211970516509616,14.807725784474368,-39.82345141820513,-11.48365946033602,E5
P13_AAGGACAC,29.280512426890024,-110.28669337741017,63.3876862708409,-60.082224177240626,24.64465460287348,-15.385973362714283,-15.900853401141962,E5
P13_AATGTTGC,-661.6392912488999,1514.24474598057,209.3688445580611,-25.2954356438259,-5.235473505980295,-73.4933680178048,2.4520702500584326,E5
P13_ACAGATTC,-320.9081811957645,776.9037419130126,136.60031481702947,-9.536574639397628,-21.172006420979322,-49.66897235332963,3.3965418568856256,E5
P13_AGATGTAC,-70.89876074954739,169.56407633354172,159.09988508318045,-48.21410058544017,-8.894479784336989,-56.3913415548041,3.572959713365208,E5
P13_AGCACCTC,44.15037719374128,-115.95193643298697,56.488946428867294,-23.74770820469636,6.956393991824891,-31.823401474773817,-0.7772152321130386,E5
P13_AGCCATGC,-776.0272399073527,1733.4101684043471,246.10403543377723,-36.9087381916347,13.472400770791833,-53.93436357218208,0.41569591096406633,E5
P13_CCGACAAC,-548.161814506389,1271.523715797429,151.21881426678493,-28.486969202091174,-16.7037452242528,-22.180309202360455,8.108306364307694,E5
P13_CGACACAC,304.1472407962916,-740.0304822757269,28.06224840505369,-36.498960097336834,14.204328952513746,16.930815613767237,0.5432472431152298,E5
P13_CGGATTGC,-13.8615121260353,-1.9835566756063745,43.83966016614718,-12.354835356312243,-7.389276646825774,44.19316187388146,4.4438863531137605,E5
P13_CTAAGGTC,296.1932375951453,-716.6244729999986,9.404131850651055,-13.2525512324924,10.729152756992521,21.487895409684235,-0.20571203309570385,E5
P13_GAACAGGC,169.37031920152933,-414.89475532072083,25.74594067517694,-1.1956171966429814,-8.345280715681932,17.117461033367267,-6.837168315242571,E5
P13_GACAGTGC,20.969887478365727,-82.6279481161283,32.941227765258276,-19.406748508525844,-1.5565762039744953,55.419735612247464,-8.768265897368568,E5
P13_GAGTTAGC,229.4603170547659,-560.0542048797589,21.508074650254642,-0.32071082667699585,-11.273792832475113,36.22205024999613,-8.37442601145756,E5
P13_GATAGACA,-343.02281859848154,924.0200303408247,402.33966840055933,-37.48427645158998,-89.20483159621713,-148.23056771323644,27.128186420591348,E2
P13_GATGAATC,150.17896666699386,-361.86174203738267,0.29184818729818063,-2.302188864845415,-1.0482180148112688,18.24021685608954,-0.012390509439837993,E5
P13_GCCACATA,-601.5042676263123,1478.9180519673532,335.12018152362987,-14.399297999165924,-49.74995231112385,-105.57047418657139,19.44347821917427,E2
P13_GCGAGTAA,798.6403321812503,-1712.5545146533516,548.1765479375526,-47.2230138244315,-58.4812235999396,-175.4256632960723,25.62140894749445,E2
P13_GCTAACGA,516.9308681474857,-1020.4627014502519,521.4621422162292,-51.6899252565802,-81.33562184486165,-185.94212369541108,26.311299453074753,E2
P13_GCTCGGTA,530.6960143821007,-1060.5259048447404,642.6506565155186,-51.48889914444906,-81.80273609863734,-241.1778012731811,24.74496460377627,E2
P13_GGAGAACA,986.9292613569841,-2167.901055031993,495.3749273834818,-43.09015179084403,-54.24586557161467,-173.5152006330112,19.970695330804915,E2
P13_GGTGCGAA,839.3086967630179,-1811.8952866221284,567.1526794319435,-45.62325106480825,-55.96371790653561,-217.78706536653897,19.552088925004302,E2
P13_GTACGCAA,-670.407296811721,1621.7678073843335,350.50537420624715,-15.697960559905695,-43.1649810968799,-111.41743130765536,18.274741394970327,E2
P13_GTCGTAGA,-552.7427535877338,1274.3314642047142,216.81806796086403,-33.18670914193308,-15.397411894942671,-67.7145037587574,2.81019373562793,E5
P13_GTCTGTCA,-316.0798640945942,726.3604974808792,193.28153212449902,-45.120279888993466,3.880734663487536,-107.2003441681457,0.21018160064332864,E5
P13_TAGGATGA,-415.5704968099929,963.8451539891545,172.3442568403821,-36.79317077101691,-24.513904293958035,-56.55998656115094,4.145699542654194,E5
P13_TATCAGCA,130.8555757717074,-386.6060455486992,79.25252838517937,-39.8987601252624,29.675722678233548,-24.513071068597178,-18.751388527805567,E5
P13_TGGAACAA,-8.997751275502734,19.270472522774895,100.09560743700439,-39.93188394194342,-4.956006947071565,-53.73962529580704,3.2227632660972105,E5
P13_TGGCTTCA,-76.23115268517115,169.09371955071853,71.79099610431943,-36.599064520100164,0.650703162634706,-48.23671268286594,-1.781096294974457,E5
P13_TTCACGCA,-422.38066360341156,985.5747236437976,184.47056262235404,-34.23836012968851,-18.49092964092671,-54.18775336315428,-6.503855913784411,E5
P14_AAACATCG,211.13252271244284,-575.7598541182978,-46.446449341884026,-2.0785824502518775,31.652139740298725,69.81991962544775,-21.162926587386288,E5
P14_AACGTGAT,410.0116459354066,-1023.0479609131103,-32.92001690473043,-24.174939644534994,28.434582426237267,75.71619627640635,-14.23694751125911,E5
P14_AACTCACC,48.727027909279975,-152.29338148308833,-144.1635379961071,6.067601349559874,11.053364388073192,66.36162223219218,-4.142712585108456,E6
P14_AAGAGATC,352.2752498377868,-867.2267359313477,-190.66521686649375,11.874701409279146,20.125552821415535,131.30075105789166,-14.339597154835253,E6
P14_AAGGACAC,178.45670233676546,-459.48638556629817,-215.74675202165162,32.21499777574767,19.68517350022297,127.40487555967992,-20.32028358701496,E6
P14_AAGGTACA,-66.94915328666325,118.5128431005666,-167.73985812260563,32.24049429760368,17.39459332431449,87.30631454278806,-9.654306158296736,E6
P14_AATCCGTC,5.377968689316578,-4.734819963888701,-195.39217525961652,47.8870563733337,-3.9230876172056846,68.54844489986885,-5.2367558611407095,E6
P14_AATGTTGC,-292.4152430007405,653.376406168146,-124.66485132980388,16.109576093028014,12.449597317161238,65.21366241779053,0.18970842452319242,E6
P14_ACACAGAA,130.88454540666962,-341.56326929269676,-176.9512507698911,0.7693210078998516,9.041970136599641,137.16888244744294,-2.3743914685529584,E6
P14_ACACGACC,-929.8732844819708,2090.0377675917116,94.55461862918209,18.629921218752315,32.613076618698265,20.00274773736117,-6.043511514067176,E6
P14_ACAGATTC,4.567254740187455,-19.084355991455038,-149.46137274213527,29.04882156707324,20.099206880234153,34.86041211368942,-4.2484072523603995,E6
P14_ACAGCAGA,-620.8009620117713,1378.1851898553778,63.16677869553712,-4.836004085017817,35.79706329819776,-19.930137647547156,-5.248232819804416,E6
P14_ACATTGGC,186.9076785623493,-520.3890704711346,-11.911075706786512,-17.215410467202798,28.886393584032188,80.2595071916164,-13.526985601110669,E5
P14_ACCACTGT,-58.55669228898767,73.37779465864787,11.399254268656616,3.6318702797812112,32.548479933814555,58.08479197190232,-16.439833684639233,E5
P14_ACCTCCAA,-386.992184492571,858.4538817341108,-47.982807440477856,-1.0728252487861063,7.82313446716144,44.65106163218084,-4.431434752737304,E6
P14_ACGCTCGA,-343.0579136776829,772.6265367212662,-68.97734379133463,13.039157698823857,6.514389311170039,64.31977499982601,-6.580185454086342,E6
P14_ACGTATCA,293.8332429731345,-720.7186037330792,-218.68906469845575,18.87282417064091,4.0432754566651035,119.99781266296408,-15.773038808852796,E6
P14_AGAGTCAA,-606.4299765750415,1342.1290479130198,43.70941193012638,-0.09495864283812949,41.54630301200106,31.294459923035458,1.1290130853888185,E6
P14_AGATCGCA,8.871556583402297,-55.15436995084957,-180.01842270339475,15.868351450527287,3.449623835898068,110.08372020800837,-13.557118125831986,E6
P14_AGATGTAC,-57.996524699189735,85.302081724801,-145.19202446757373,1.9676863639289368,10.493509605624102,72.39792208233955,-15.335116194573411,E6
P14_AGCAGGAA,64.58921007589261,-180.76605673806708,-216.48684167645862,27.561990625458133,1.912606782463917,93.50616738242071,-12.624189828001843,E6
P14_AGCCATGC,-112.03467911844352,227.9272240083431,-205.89484836465408,28.48751236194494,2.7442738016267025,109.91893557334058,-0.019527744538419434,E6
P14_AGGCTAAC,56.02290526198959,-167.32326598831358,-184.69754976823995,19.31386257560992,15.148511235410815,74.80016178319089,-2.802412113592519,E6
P14_AGTCACTA,166.5518253139864,-426.5800530302881,-185.0065053400677,6.775043388862348,11.389199582148414,96.17886734459792,-17.96519419494641,E6
P14_AGTGGTCA,378.394126107878,-975.5771905518105,-26.256911315723954,-29.066523059431347,48.999282485069955,84.30701852165284,-18.244685394594143,E5
P14_ATAGCGAC,197.23552409984347,-511.9019283392018,-195.83401929206573,14.253324844418145,14.776501861642563,147.70409521542433,-9.987910777713054,E6
P14_ATCATTCC,59.965708835477926,-166.56006493514224,-193.57255315442032,13.368564350294864,22.627507024246782,94.92830734783168,-5.809320962955477,E6
P14_ATCCTGTA,-472.04429823342934,1063.4652249740811,-49.13246341516004,22.05622491786358,-2.887502792148945,42.15282225809867,-4.824454140879308,E6
P14_ATGCCTAA,378.4435882811276,-969.4170546000634,-27.274703739360366,-21.284947361318213,35.94446939254983,77.57184257352552,-19.923380923401798,E5
P14_ATTGAGGA,101.27940410453418,-261.221157855878,-99.44480123264368,2.0946212529168906,34.12435092503267,45.79624004235313,-19.999736762039134,E6
P14_ATTGGCTC,183.3955973614559,-457.7120587435519,-218.25470678512337,10.274886832194518,15.862544336646183,84.73632227558339,-8.808830620082306,E6
P14_CAACCACA,11.208300650531918,-59.09132161692936,-103.34398081531916,1.1935682350151762,22.787242977376035,23.359667972155023,-14.508157377390859,E6
P14_CAAGACTA,-317.7398445531093,698.0800702449168,-77.43789946076102,20.001827749490886,13.260458632044912,69.98044427835859,-4.953392364922525,E6
P14_CAAGGAGC,-192.7663754031054,414.2537287289413,-99.26833970693386,3.59008296489332,0.8005144946933347,35.14802348185395,-3.573478565515945,E6
P14_CAATGGAA,-24.739048668069326,12.300970103325312,-148.2897700654634,23.73519083340582,7.312830816450649,76.82922742860657,-15.192207547429398,E6
P14_CACCTTAC,-65.21826384332633,127.68031516913682,-128.05258965056086,10.257399815245675,7.03165143977777,102.31739193585825,-4.659087462988029,E6
P14_CAGATCTG,-181.30192122310874,353.8204921035813,22.45147320165742,-0.08798524537722008,32.297771095348516,40.3567704665295,-8.121602707005827,E5
P14_CATACCAA,-73.29713775316725,134.86965821025063,-180.39789275496474,26.89571082543251,23.536466302843756,108.54195055751214,-8.847664095545852,E6
P14_CATCAAGT,-346.9093295231048,733.3914619142116,20.192993449795807,8.744937381937827,26.546267678014853,49.09152697562958,-16.18108646441897,E5
P14_CCAGTTCA,167.4299521511425,-455.7313331477272,-203.4753876535289,10.519295413880581,22.454928134000237,117.77117425199252,-9.777207287494452,E6
P14_CCGAAGTA,-29.037841474740155,12.565982725973967,-207.32214185558283,26.35268623784509,-7.143853910756496,155.4112599672446,-6.748037570609351,E6
P14_CCGACAAC,336.87560710996115,-823.592926426462,-211.09312309450308,8.325955823368052,31.092564544501062,127.29580950216628,-9.567386618750472,E6
P14_CCGTGAGA,168.65264127920466,-400.2329766511308,-171.69537632887946,8.815801998950334,-3.646392613918885,106.2920418432523,-6.153017074773561,E6
P14_CCTAATCC,43.248535972639274,-131.13010113254376,-156.96190985058482,25.161274396827363,12.52714952286539,92.80405284696778,-9.642055161325478,E6
P14_CCTCCTGA,-753.8658414595958,1701.9926523934844,90.64045808988179,-9.653759964690117,28.027089693673485,-23.142109256066085,-8.060394832431793,E6
P14_CCTCTATC,87.40374590483373,-234.62698279084654,-151.32716229644421,-1.6663699960504497,15.252107656561316,103.11903141044604,-9.4454030691744,E6
P14_CGAACTTA,202.26886833314884,-510.9332503521877,-201.35898116574637,19.155390120016804,25.969664976652833,109.09673300326676,-24.064842555702246,E6
P14_CGACACAC,-310.41902646388877,690.2675782312016,-80.78388312787865,26.46972184831689,-4.576172010325255,68.03950179228713,-10.241838445763626,E6
P14_CGACTGGA,-74.31542635533759,134.87891598965098,-123.25837486022466,-5.688489517297221,36.09314447893474,67.37631374293244,-8.805244096284701,E6
P14_CGCATACA,58.09646443062038,-180.51268731067552,-189.15318602938282,31.742531193727025,2.7963404886978416,114.46136760827353,-14.297434989379072,E6
P14_CGCTGATC,-241.48823913932813,522.836744782818,-27.019551999739114,4.566397647691688,32.476312856287926,8.8874232182262,-5.155522007957052,E6
P14_CGGATTGC,-437.2759691510274,958.6222682791906,-51.40608031926923,23.44886592241254,8.384779796276966,76.94416281114331,-8.372643407536492,E6
P14_CTAAGGTC,-612.415932184453,1366.8515411362441,32.752266566896495,4.948905454060287,10.360511613748036,42.06309769775842,-4.076200374383303,E6
P14_CTGAGCCA,283.68560173642567,-717.9159783135672,-167.34047966965164,-0.7099223842766973,19.797421178007014,90.58690346287763,-21.340138094660453,E6
P14_GAACAGGC,-673.1702698722604,1534.0469785139912,-6.137192425772765,14.702869938051967,-12.634410031626846,36.52882833800214,4.2043049565884845,E6
P14_GAATCTGA,-685.7258586053038,1540.449745861125,25.77739566165539,19.880758921035103,25.11435405169445,25.480781358386544,-5.1902311624760955,E6
P14_GACAGTGC,148.00847124154885,-383.3068595980055,-142.46316548210797,-7.914549572716965,11.333974346092443,87.81790287275153,-9.280617774960774,E6
P14_GACTAGTA,178.45124811577517,-475.7886243932038,-169.65272760881538,12.87569274253249,13.483210133288152,133.47746165928902,-13.03932727261651,E6
P14_GAGCTGAA,34.589351189761025,-99.91538575862947,-191.95734164343764,20.8802981919369,16.624340841211186,99.29911339663842,1.644797689862124,E6
P14_GAGTTAGC,85.59466550780154,-239.85131045696406,-192.34577755427205,27.91229063063347,25.077044346195322,107.47625499693788,-2.7113443353085156,E6
P14_GATAGACA,99.2996749453781,-251.010581721468,-153.90297166625143,26.312773255754703,20.811078046917302,73.53156146027396,-14.854065597939426,E6
P14_GATGAATC,-1.7605664932686191,-16.003001756122504,-157.2068520393929,6.480993764832205,15.129858864547721,108.15798023307826,-5.659899524949735,E6
P14_GCCAAGAC,-444.54885333929286,994.6530242851885,-64.12960329866874,34.00807975097865,-17.233257490558955,41.08833948518455,-5.729824660116172,E6
P14_GCCACATA,72.50134874393682,-199.1773834769807,-190.28974311790066,33.71050127816002,7.183025252990793,140.30002518838324,0.5875586157302094,E6
P14_GCGAGTAA,17.185968379442166,-52.7454428127931,-174.22572709151757,27.112430450191265,7.97975844763708,73.82582820899911,-4.221067461322858,E6
P14_GCTAACGA,206.81981905779278,-528.6110808678967,-192.1209846630559,-4.027322423145091,18.174276262615294,119.53711618439658,-19.96509513690199,E6
P14_GGAGAACA,87.47215799223886,-255.70230115550856,-169.64556232134936,19.962567021619893,32.668941377601094,162.98602536337398,-9.676279527163846,E6
P14_GGTGCGAA,108.69783050790126,-263.00991417253687,-160.60114633292338,18.55965841967417,11.05944791049744,135.13488739418696,-8.359535550716695,E6
P14_GTACGCAA,-168.98189049554404,365.8849847576315,-132.23436866289072,14.27832740537547,15.602609278363117,76.33696120876702,-9.568313104938223,E6
P14_GTCGTAGA,-478.5571350541256,1090.927073472663,-87.02617665051123,25.14277722292954,8.180435270564567,58.86125439972698,9.689225392150366,E6
P14_GTCTGTCA,80.8534649780664,-240.98523346071232,-212.00543536944912,37.32282975900918,16.052882955583787,155.69360961037225,-9.070125191511803,E6
P14_GTGTTCTA,16.399296213585032,-84.93366525937444,-112.8371226858801,-6.580549227015027,34.90206015706242,70.90761869142895,-12.716941131132627,E6
P14_TAGGATGA,-37.30979712041507,80.06629010253747,-132.85385214233563,33.73563672219381,19.09297155184484,105.07807632342028,-1.6189589829918831,E6
P14_TATCAGCA,0.49682546714266307,-27.993626193311535,-108.70165361756663,0.0651315953004401,19.33572734030171,44.16339581667964,-5.469046327147813,E6
P14_TCCGTCTA,58.75653516435432,-181.82590359327367,-129.11592900035035,20.46358289320055,35.04312247187855,89.90770627412341,-11.187376043884623,E6
P14_TCTTCACA,-226.85458404353759,502.7724791972771,-117.55225903212776,24.994286211557835,28.572955966684066,58.34288981968243,-10.002122193933161,E6
P14_TGAAGAGA,-123.68847032889526,270.43616403183347,-132.03946071285196,22.2236666494995,17.998239883418762,74.3286467594713,-8.365031378280133,E6
P14_TGGAACAA,290.8446848662778,-719.5229116570221,-222.7231423806109,1.1270313741081122,12.704667611921899,99.41553999085602,-17.111192688480596,E6
P14_TGGCTTCA,221.00106816428345,-534.9367261905796,-243.48539299939625,10.8072392732991,17.46343787764277,133.95090531409002,-11.003688719870343,E6
P14_TGGTGGTA,593.836853995298,-1470.9942868248138,-181.90913787488046,-19.18941032146541,37.14101494478225,124.82513900224944,-22.084097745000868,E6
P14_TTCACGCA,543.9684541920301,-1318.5514378256464,-229.0538769393886,-6.95127628585519,30.428854517504902,129.57786559021832,-21.892246467171336,E6
P15_AAACATCG,-231.6746500285849,503.6012556943505,-121.0697252938886,38.180444790737724,3.513867214817986,105.37465568794705,2.0523749704402667,E6
P15_AACAACCA,-464.8894179001847,1054.0687051423884,-36.68393578589341,20.758513833593966,12.941655128267723,5.991604199202424,3.2842426331137338,E6
P15_AACCGAGA,-308.4415506543569,716.7329429064221,-83.42298691339232,26.73219122572273,-21.63599796494113,38.00220119109922,6.721117626367395,E6
P15_AACGCTTA,-149.59614824973434,310.90054780682686,-138.16747568552643,22.856300011577254,-4.169117063188452,80.43152211026346,-2.8218383459926817,E6
P15_AACGTGAT,-380.31114265678224,868.5812066097237,-65.57824116538316,41.483225047511404,-2.0061416454390413,82.34075190916111,-1.8841430572535935,E6
P15_AACTCACC,333.3772342872779,-761.5283393427567,-229.22525110727824,-1.4256870908709585,-2.829302992059856,64.54356842676985,3.506048747096318,E10
P15_AAGACGGA,-373.1785898265089,855.6584400743828,-50.40423705258643,29.000297656899182,41.419236922082185,49.239802791380704,2.8181204021380077,E6
P15_AAGAGATC,450.91330884955886,-1022.7489732654708,-292.1330993397604,0.9000220081468387,-4.663933583618459,103.56181195702537,-1.419361025957684,E10
P15_AAGGACAC,322.39755518227776,-748.7861910921231,-340.84029186854747,6.011612980697431,15.503067997443972,140.66307344304826,0.2961329373908239,E10
P15_AAGGTACA,-443.872942442444,995.3039644459637,47.44622703082478,-50.37579817924089,-6.30791285798038,-38.002468344258986,2.8181600149066286,E6
P15_AATCCGTC,292.63712471684465,-667.7298630729525,-244.60258151836175,-0.07318109530223005,-1.5503807024586758,26.65733434337185,0.594976079125042,E10
P15_AATGTTGC,-391.39460572421143,914.9837703121786,-91.44311251321994,28.812136186773916,-3.974443150559364,58.737471593739855,11.655623647961768,E10
P15_ACACAGAA,-174.94204538173352,396.1271872556758,-155.0065046517016,20.380967065529575,20.92566273991514,68.96118305616224,-4.733690010437865,E6
P15_ACACGACC,687.2479060449742,-1610.908935288948,-296.3884007047792,-16.716282478455714,8.08167701679225,120.23632071574575,5.345900090603257,E10
P15_ACAGATTC,309.99042945537894,-708.6724889172996,-207.88522329098677,5.2875424587608,-8.758052512947625,47.49982626779518,1.2294979960443122,E10
P15_ACAGCAGA,-322.90766607373007,747.2993336801433,-85.22118709558347,34.086318283159905,15.226410882315838,38.03172013323803,4.965769979918574,E6
P15_ACATTGGC,-481.5234506014537,1077.3274292479969,-46.70709734378477,15.513975577106741,7.658839524536191,68.49762294191171,-3.356075657347597,E6
P15_ACCACTGT,-361.20461160599683,804.4033767883327,-107.82919018755868,30.59073972077048,5.9660048953262566,69.2110952865985,-12.957520584446454,E6
P15_ACCTCCAA,-295.85234804430576,633.3842565409213,-75.25059701531407,23.104146634880394,38.22834243313078,82.1887437402675,-8.485169026243964,E6
P15_ACTATGCA,-921.898747222258,2072.853816099687,124.31291814589657,-0.4290867200631401,36.06273212236593,25.791310238894887,-2.2967406025924086,E6
P15_AGAGTCAA,-152.66073038183825,329.5128298493506,-85.34551202349758,20.03507393690033,24.34519390817482,84.20965501362227,-8.07937343039037,E6
P15_AGATCGCA,-360.74563986426364,768.9457610041022,-3.2316347884371712,-5.448302809959706,28.224829821343718,11.408962202444762,-16.555880550055782,E6
P15_AGATGTAC,645.8889789876596,-1522.181300627229,-243.62260828585406,-25.98088723106298,15.271610526073896,86.2860371054272,-2.5615978121424243,E10
P15_AGCACCTC,482.1002270601586,-1151.3968149456346,-295.4964124425418,14.05502706971093,15.018340746824009,110.75914369147324,2.6635696635488095,E10
P15_AGCCATGC,404.0752491396922,-910.0596159231476,-273.5305560145186,-4.473129723708562,5.275026978489724,95.65973709977335,11.01985707287716,E10
P15_AGGCTAAC,-20.949415535899018,49.842179113395375,-170.89166441104058,10.95546843144534,1.8976305236676574,80.29689318371695,17.756623278751817,E10
P15_AGTACAAG,-200.5261926947317,475.8912742090261,-150.0471975520708,36.720477447560356,-9.050980343601207,70.96776698853832,10.658120090630128,E6
P15_AGTCACTA,-207.4499793505887,440.14284376740386,-55.142288707974984,6.7418729012858725,20.376539179139428,59.35089186819431,-21.0981512270385,E6
P15_AGTGGTCA,-600.2373840428585,1314.0082070764317,53.496119939130836,-11.006317302478369,19.034839207907705,4.291533837356059,-13.818834804765576,E6
P15_ATAGCGAC,587.296257700358,-1383.4117799251153,-302.13779222935887,1.0986366905798124,11.938859400966408,95.18648733367169,6.299049924596913,E10
P15_ATCATTCC,894.0246737127475,-2119.3659606631863,-237.6913209756806,-36.209257829376064,10.743338959830321,84.98136864230467,-4.07836684219491,E10
P15_ATCCTGTA,-277.90153335665883,611.808070092099,-47.38475384518607,8.31436658381632,20.81809698109139,-16.98948823582845,-1.2726982230038355,E6
P15_ATGCCTAA,-604.7665945320034,1345.9189514422399,28.568209083803804,13.508014307146231,8.7096091827658,13.054868605396294,1.13636049751292,E6
P15_ATTGAGGA,239.32567230405033,-624.1353169609201,-131.52354093820068,-28.86259135767258,13.437327196290713,93.33097430363125,-11.65246686780922,E6
P15_ATTGGCTC,560.0496823243349,-1315.151409256341,-268.2408507294174,-5.757558953841603,10.33688256386587,69.1484263558389,-0.7829009592223213,E10
P15_CAACCACA,202.71718413999332,-522.0028264624614,-182.6446491823897,-11.693276799313882,28.562861790493535,78.6397884245689,-10.686279099284961,E6
P15_CAAGGAGC,398.7363159286648,-916.6060163821364,-271.38606373684195,7.847448385725264,0.37263538145345265,94.64104363178365,-0.7082128858508496,E10
P15_CACCTTAC,528.4617080038437,-1228.8015730296265,-256.05521049292827,-14.38272427448894,4.41619922661333,101.32216513216464,6.005209060969113,E10
P15_CACTTCGA,-560.7569298920147,1245.3263196637017,92.98644368161189,-18.755011045170168,34.95253825182663,-16.84883154692044,-14.52662963325832,E6
P15_CAGATCTG,-314.4634440377256,704.78152304102,-113.65056953536474,47.542723615807915,-1.0083355111885974,106.1512586001949,6.597007552684092,E6
P15_CATACCAA,-950.4496985461261,2135.3808084325356,153.86258776192756,-0.0884911635089849,32.61294692410446,-11.62577155251348,-6.163914042033475,E6
P15_CATCAAGT,-306.9978211889854,677.9993216571676,-104.17968270398788,15.892166720108186,9.057658147089606,79.72672902078199,-8.539769646441929,E6
P15_CCATCCTC,80.98294972350214,-181.0456351252047,-189.9439905806385,-2.523864775542802,2.6547095902552487,58.831276691364295,5.434387641129852,E10
P15_CCGAAGTA,-573.7688562462882,1250.6653737969373,38.35913979078071,-7.973843088145733,30.766886332794172,-3.0750606978239503,-1.4394334901327628,E6
P15_CCGACAAC,541.6666616987366,-1269.5294151853673,-294.5370727040338,-8.82676185150032,18.657516158537835,96.92805956912738,5.879234601584795,E10
P15_CCTAATCC,507.1039097961003,-1178.9487345944856,-237.6655465817806,-2.898237230948277,11.840095314655365,55.663429101296344,7.857396065849546,E10
P15_CCTCTATC,190.73440427274235,-448.9645139872797,-185.2330840999924,-6.017243312238676,-5.54343763325758,41.41388170740635,-2.445489881631246,E10
P15_CGAACTTA,-398.26881894470694,898.6083978545364,-36.99423799795463,-6.351976944489861,15.014611903983141,5.895928741993253,6.891949356880016,E6
P15_CGACACAC,527.0992551277113,-1260.6349558260545,-245.98960846231114,-10.006398805256573,18.10079695066649,69.74135500139225,-6.335482235211048,E10
P15_CGACTGGA,-897.2324894354765,2008.6853047044935,123.4770178593979,-13.570822678545548,21.01844735557093,-5.400487024485466,0.9297702799881344,E6
P15_CGCTGATC,-635.1062382081273,1437.399770365298,25.918211909622,15.037917269738225,24.901434403357218,-3.46170226455302,2.890616134544934,E6
P15_CGGATTGC,617.9840093708525,-1448.9465296307535,-274.3993970325631,-30.699937152840384,13.40730697443141,67.06936523573603,-1.7036606711415323,E10
P15_CTAAGGTC,328.88252121383545,-766.2746769031168,-216.5417971840961,-21.745016123410366,11.369444373792277,77.1440695172689,-2.7942662496733988,E10
P15_CTCAATGA,-706.460915231283,1572.9671746888762,138.81705259220388,-17.229332884589525,32.66158706651563,-14.882053104057926,-9.308221133272301,E6
P15_CTGTAGCC,-201.5557137565698,443.67850826148157,-116.67927859921633,25.810791933486502,-19.519986130668848,69.70969138002538,-8.435757931535441,E6
P15_GAACAGGC,538.8126634707811,-1265.7180186899645,-243.44954527982821,-15.430773086560439,13.423199516794401,16.558871952678928,-4.991537517222037,E10
P15_GACAGTGC,228.87052043856727,-517.7922101743833,-235.2030763333152,-6.338638946381456,0.4763596488656914,59.960053231498314,5.319877372238131,E10
P15_GAGTTAGC,558.0370162127653,-1305.7260896387756,-242.42648564270843,-21.376653380523685,7.251869127907529,57.569895508555554,0.7461858525213807,E10
P15_GATAGACA,315.8566413343758,-738.99091238217,-256.55898622341863,2.277277857900481,16.632738921396058,96.37965014492642,4.648109858262844,E10
P15_GATGAATC,505.2225152030552,-1184.7605875870784,-300.74178868045374,5.714756182902289,9.659911497782435,98.05704355956799,-0.9640637862975147,E10
P15_GCCAAGAC,429.7376289226229,-1011.0190724828733,-254.12569322631217,-12.67710721695695,21.542533263558596,90.48450882097397,-5.535121493420582,E10
P15_GCCACATA,534.7237589704721,-1254.3069000351552,-252.28839696369062,-18.956913331041363,20.907665450758515,90.8931222416772,2.3549283962762706,E10
P15_GCGAGTAA,277.3128204273102,-632.0449050492049,-266.1613101957148,-7.962496040419916,19.422241881198282,68.50213527677214,-0.9686404844883738,E10
P15_GCTAACGA,303.07689332025143,-709.0254443771239,-247.1271920048767,-19.93693047273682,49.09291411566695,101.11560814963981,2.2667620396596795,E10
P15_GCTCGGTA,405.2608382203482,-968.7039320657206,-242.16537519965007,-20.408447151840175,32.50173391091252,101.95503313856997,-9.632352036471701,E10
P15_GGAGAACA,441.0507578140068,-1014.9868574011559,-273.5699866858768,4.061328993586408,-13.763084215372906,84.50570406533235,1.9564125786427342,E10
P15_GGTGCGAA,397.4007962127798,-923.9107933373018,-286.66273406655387,-0.5317492682835758,11.260750114132687,99.2004701465891,10.266294125759725,E10
P15_GTACGCAA,30.16852640461251,-76.93932694188584,-170.58021625600793,-1.8366408418651021,27.52683593754502,69.01786978213815,-0.6405774285186402,E10
P15_GTCGTAGA,754.6412156757797,-1786.8615140995978,-273.45258155875644,-24.9448137574149,23.306728310243106,109.89542810692606,-1.39217067859187,E10
P15_GTCTGTCA,605.2702323176876,-1432.6397674625355,-259.4077206453907,-7.164505408439899,19.132410580976682,71.52332642145828,-3.416959275931908,E10
P15_TAGGATGA,586.2891517878561,-1376.7578197901516,-269.05038760934275,-11.478171138901502,3.4197544662291115,80.99445623056071,-1.8561080956581932,E10
P15_TATCAGCA,741.2298108330068,-1756.5971663347118,-220.41831157745992,-36.04289363114175,21.734579087676366,74.72119912574558,-11.301397118036558,E10
P15_TCCGTCTA,861.661284164155,-2049.6031375549055,-292.44617894253275,-32.823374412309846,23.09589745383987,136.46965073377447,-5.443180096803257,E10
P15_TCTTCACA,740.1906508929172,-1763.5523990235436,-228.90815020479008,-38.064200200477885,41.60629918002972,78.0775080348061,-15.168403325594216,E10
P15_TGAAGAGA,346.6126563284703,-820.5622270159841,-294.56529353772856,8.437446741592428,22.70199909549853,135.5551994704127,-4.407507925505166,E10
P15_TGGAACAA,401.79609654008345,-927.34751517301,-255.17536580621748,-3.765947652046413,-3.2150847013156456,87.77988575266835,2.2939501477249706,E10
P15_TGGCTTCA,501.4706221537361,-1159.5232351124175,-279.28256902323795,-20.86328900278611,15.461940007060152,89.04490822309191,12.009410496207412,E10
P15_TGGTGGTA,566.7384085877937,-1321.2280592868258,-264.3001392330988,-8.13086689774148,8.368021918585336,73.42932546649642,8.171234777158242,E10
P15_TTCACGCA,510.21919637257156,-1210.525501228112,-279.6826699684898,-11.96556412741658,25.281135635872083,92.67213642418217,-0.38794731114095726,E10
P16_AAACATCG,491.56195023035673,-1151.7384244603038,-239.7317855341225,-9.594353914755823,17.890055243218598,56.0310971775897,4.732069271432023,E10
P16_AACAACCA,96.03835782789191,-218.96953456077082,-144.7164795554633,-9.447978802693628,31.11885893910811,-0.14564656954555488,7.350755099492661,E10
P16_AACCGAGA,417.22327518717714,-995.3158504128065,-274.2865473588409,-13.79288986730325,31.81428362644796,97.43140240485987,0.277576312076021,E10
P16_AACGCTTA,305.9964425773166,-715.5551246156278,-273.5253875527577,2.3838917086209745,32.47755199831244,54.40879643086712,-0.17869194939598365,E10
P16_AACGTGAT,879.4911885522305,-2082.0462522740036,-252.31918055033168,-29.98241820398806,17.07368019831445,67.43606833980682,0.618831239292724,E10
P16_AACTCACC,-803.1767639696603,1816.845591090146,57.20777465906031,14.013205785726624,13.764825527741431,-39.565399304758905,-2.3604655577876237,E10
P16_AAGACGGA,408.67578214269633,-947.7741887403042,-250.22148917589175,-12.441782787211634,23.139508777539756,102.64264814831725,-0.7119091619908038,E10
P16_AAGAGATC,-46.268784324108296,106.5964755935571,-173.81848935981702,23.822227353031234,-15.268283925270133,-32.83605206916593,5.555227077030586,E10
P16_AAGGACAC,-438.87644937617046,1058.8082812677592,-122.03070882971262,49.663829091014684,-1.5823718834436267,7.504872416695871,22.961068719115282,E10
P16_AAGGTACA,288.0460203056116,-654.3827347989348,-271.4650443773254,18.40466522549736,0.0028823463583523834,72.9512116308161,1.5397553576144818,E10
P16_AATCCGTC,1.383580271770736,26.191545724864298,-177.93252966935418,39.033467700838564,-31.644596289726802,24.240777044862217,5.7774959402609305,E10
P16_AATGTTGC,-591.2619676869962,1353.5495121298939,-42.07716190325401,20.549676126346856,13.610237669897813,-23.56851738360382,3.8703474792843817,E10
P16_ACAAGCTA,458.7459374384702,-1074.426485576008,-212.52309956205622,-24.861062669104324,26.08708764775483,91.14649760773214,3.323461355911138,E10
P16_ACACAGAA,427.9805362477596,-995.4151277077491,-245.33561832344128,-14.84972132866805,20.32812060153896,59.51364822748603,3.5973337291774725,E10
P16_ACACGACC,-374.6432449092852,893.0343711289869,-77.8115570179875,21.0800281508696,-4.430322279084679,-57.971712831596584,19.188700258024067,E10
P16_ACAGATTC,-175.84359764048503,410.9382700710099,-170.88131976076508,29.28877034014228,9.454593832990042,51.57190882836069,1.103175770735483,E10
P16_ACAGCAGA,244.9050148518912,-560.3394786112249,-226.27560573217963,-8.60704699075298,-0.5084962328504856,84.1113564631706,5.167307522370847,E10
P16_ACATTGGC,329.12241400441206,-767.199724352681,-204.35149485458817,-8.672753520137462,5.681023175598111,36.92435941964938,2.258917082067524,E10
P16_ACCACTGT,259.70669516603647,-631.6491038452801,-177.47506297560088,-16.51337797999626,13.36259262936036,37.07758807292114,-2.7089839586663738,E10
P16_ACGCTCGA,169.1030437455665,-398.7869782341572,-193.48110195576854,8.569878398050854,15.407702978980797,72.76007847721449,-3.524357262577713,E10
P16_ACGTATCA,506.8880644416111,-1188.1392835482318,-245.50421587839844,-14.46851093249901,20.846120367747037,87.52587383342645,3.661705142472429,E10
P16_ACTATGCA,-711.9104434621458,1623.8019781901266,16.13748984971035,6.3415392745379835,24.162362241807703,-13.298621776233524,-2.199088671857831,E10
P16_AGAGTCAA,437.1018054421509,-1014.4947515472286,-220.14911284072852,-38.51691213052321,30.61033828608501,57.578407777532234,0.8799712435341288,E10
P16_AGATCGCA,625.6865169829064,-1478.375919427825,-225.3884087044434,-23.690482305665018,13.620004721861482,59.21942994866526,-0.8847663460109314,E10
P16_AGATGTAC,-632.7532168710504,1449.523928264143,9.21918396089486,8.35613615248973,5.676318805176838,-53.16181099519555,11.605834095833297,E10
P16_AGCACCTC,-647.2521380220525,1443.1721634797968,9.345866027111484,17.346237959464844,19.07691626182499,-13.056583618149704,-2.359197480316594,E10
P16_AGCAGGAA,563.6536337601342,-1306.0350956206528,-246.76280845444035,-33.080544646287784,2.7646426359707457,48.60228191621159,1.524641133291936,E10
P16_AGCCATGC,105.09677552751175,-242.9804856237725,-196.36436423224205,3.3666966089119894,-19.48302014991209,-5.183427119135706,9.345431844416122,E10
P16_AGGCTAAC,-236.1622962645244,546.3114417919053,-150.39695092166656,39.464526176605204,-1.9980297077178064,14.165276807913854,-0.6505785410142018,E10
P16_AGTACAAG,-571.5581390630379,1278.365162084444,47.39504891199586,-27.525880035736623,15.519045167236467,-53.47391163075132,-14.512623484844841,E10
P16_AGTCACTA,437.043998524371,-1018.4833493876555,-178.25661199505484,-28.796421531289027,3.9206011743725373,-22.360907918278905,-4.672303634932559,E10
P16_AGTGGTCA,645.1980382789733,-1526.2913789122701,-197.02993567552804,-39.899111211747304,10.022801426818859,47.48915515357031,-7.789015379425267,E10
P16_ATAGCGAC,-126.64395372491644,284.60617264580884,-226.26330864671274,29.078174671417905,-14.805823966782329,33.90986631740172,10.34068773234332,E10
P16_ATCATTCC,-89.85244581647079,220.6007644132655,-131.90883394051622,-1.991154248577139,-20.009685066831693,-36.03032948050708,13.05831983023625,E10
P16_ATCCTGTA,256.7575470032584,-585.0299694629541,-252.91505387205711,-1.354608417365096,-4.719918410628381,36.423690182291516,1.630054409321779,E10
P16_ATGCCTAA,182.57833564162306,-448.4783774705365,-137.9015901237917,-32.19648168739915,18.603966669382736,-7.552762205647573,-5.650630480098389,E10
P16_ATTGAGGA,374.6335888255412,-865.8738700514148,-217.83841446801623,-17.302678690798572,10.327096011729033,16.541257601153223,-1.6659766117864934,E10
P16_ATTGGCTC,502.9060511390415,-1199.195759252475,-251.68726329231615,-10.333943866997984,2.9888811920645524,51.37109129867087,-4.307516053781982,E10
P16_CAACCACA,398.90045069241387,-928.6942115122162,-184.722820243188,-25.38041344122839,17.015516906141393,-11.453403638050473,-18.58893612350384,E10
P16_CAAGACTA,21.90789056976718,-15.93799741358508,-182.90359021842812,8.77669023553187,9.059192774236998,47.55629189513303,3.572335885891577,E10
P16_CAAGGAGC,647.8359645595341,-1519.0665406748979,-205.11021188366408,-55.213561981252354,11.776961200278473,45.29921321731408,-5.240022711394699,E10
P16_CAATGGAA,145.26740556933976,-329.40606896770186,-209.51066121369223,6.33026151480961,0.17985330262319532,8.256678595838228,3.5224727688871567,E10
P16_CACCTTAC,986.9493019068145,-2335.5803790791465,-244.32874375171644,-50.34927286102386,18.425170644816628,34.49948511973841,-2.404785123534272,E10
P16_CACTTCGA,235.0135219632288,-540.6979239885475,-235.17625094496756,5.675694682916891,-0.8468691632639929,46.05482617510141,-1.8296828640094198,E10
P16_CAGATCTG,359.1301810550335,-860.8169970963343,-220.4576055707258,-18.147447468436308,19.3563284499051,51.869274260683454,-2.4536926915982975,E10
P16_CAGCGTTA,-399.1620782390273,929.7966996711622,-102.86180419631867,18.061587041620037,5.557882858223807,25.28096333358786,6.339188941130998,E10
P16_CATACCAA,244.03016867605146,-542.273225126271,-243.81114849174037,-15.090139625751606,-10.495105700006052,67.0301846662306,0.6455457691453681,E10
P16_CATCAAGT,-124.97877575853587,271.00519635492384,-85.34772230102843,-26.566056438589207,9.60290026379688,-30.658677452834286,-2.9932844788738713,E10
P16_CCAGTTCA,278.26955784461643,-631.6020562277432,-279.4213129541773,2.551019048479097,12.427435749846191,82.55681430787077,2.9387971696135935,E10
P16_CCATCCTC,600.5423876895068,-1419.458510494906,-245.64770566459265,-4.633813317867136,10.970413847575937,36.40264677638251,-3.2799241330786413,E10
P16_CCGAAGTA,-560.7693149329181,1267.3424303842114,68.15938796800263,-29.022765536728024,9.04796290172225,-74.38624320879167,5.280608373504737,E10
P16_CCGACAAC,418.2930530203585,-951.6407678927109,-287.2455194332085,-3.4698611525522227,-21.861108956866914,54.36456356590177,11.16000408324112,E10
P16_CCGTGAGA,163.04668747559424,-361.45157599316207,-254.44502101167558,8.617178801745636,0.5265237792739672,60.40281025319388,7.124784721274681,E10
P16_CCTAATCC,620.4739665818229,-1456.3866717889684,-242.03098213561057,-46.82361270739809,-6.328880406545833,20.648371039565447,-2.43925188784298,E10
P16_CCTCCTGA,177.51067610845078,-400.70382098194506,-222.63559742897954,15.071207866701187,8.692706115605679,40.321260559027785,-2.851636919338172,E10
P16_CCTCTATC,600.0857851499551,-1416.670037332715,-274.7130698945603,-7.527732201749345,-10.65927474428775,63.41203418174668,1.0857695242387926,E10
P16_CGAACTTA,406.4857925841167,-936.2854889950491,-223.94248219354674,-1.7328840339087352,23.73688752301424,3.868994782480727,0.3798625714945266,E10
P16_CGACTGGA,285.09556431904963,-667.3956893198205,-250.02647347148664,2.5325558608528724,15.056346088994543,56.98653804301547,1.138125134271454,E10
P16_CGCATACA,255.738721964913,-586.4378555209657,-262.7336926512224,1.4788671740079318,3.0790000575465095,60.62298626187675,4.841861874708208,E10
P16_CGCTGATC,443.69263270442787,-1058.679624012803,-232.0720994046001,-16.612430352523216,21.382628205661177,46.620983837574286,-11.115884530380747,E10
P16_CTCAATGA,139.56818563618756,-285.14290147612405,-244.66911246650216,12.489364015124746,5.05049954334134,48.589208947634276,8.164795593679884,E10
P16_CTGAGCCA,-864.6277092901604,1952.5747760338015,83.19125359280771,14.631269585050056,37.37622993242195,-17.001595784465316,-1.9635058143411785,E10
P16_CTGGCATA,439.49602884177887,-1010.8085009750848,-233.8964475607536,-12.486220766458747,11.79598980585609,55.546880481089076,-10.76314536001146,E10
P16_CTGTAGCC,150.89696838947083,-340.1004958604547,-227.04095558790127,-3.0028259186921256,-4.672850838768559,33.962560610870746,7.962171018002856,E10
P16_GAATCTGA,128.9040460243781,-295.1589587594728,-225.9637360441321,2.8290966773465747,-5.077605519822741,64.3197982327461,7.18138012399498,E10
P16_GACTAGTA,219.70518729149708,-509.5870884368983,-249.2741355544289,7.417243394262651,-6.228666888972402,65.96606637906274,-7.739771589661447,E10
P16_GAGCTGAA,171.49610234671158,-385.6060596165991,-219.78856897976803,3.0266695600538793,5.050980093995421,80.2320061154517,1.4363259480882322,E10
P16_GATAGACA,-502.8825602329376,1197.2589703503459,-75.65513735636097,22.19954404359881,-13.124296557837283,-44.89601297343303,17.255918186499727,E10
P16_GCCACATA,127.7284678147715,-293.0831867686649,-217.4489179774077,13.88226863260868,3.541615432084332,38.807247231973385,3.195696947705964,E10
P16_GCTCGGTA,-444.04707831419375,1018.3367173830308,-97.21211985565833,37.712673688000976,12.687334974071135,9.858052835997196,0.390360178644785,E10
P16_GGAGAACA,109.12507580217911,-251.81678644900248,-236.13714348541498,32.58311082394333,-1.5367987364437332,25.360988097088914,1.1354811573421426,E10
P16_GGTGCGAA,114.98604131276028,-275.5884712321393,-249.56930389580185,25.669786837424656,-19.28841064690408,50.40208566576862,-4.762133681747114,E10
P16_GTACGCAA,-441.95662493551606,1029.1731311238707,-11.433862592281487,-8.095174560799798,-5.194892875020708,-68.6647152296599,18.42452445348781,E10
P16_GTCGTAGA,298.41846911234245,-691.4290502759279,-196.74013677864104,-12.260192515843608,10.540663847056598,-32.81059805756735,1.2327283385615815,E10
P16_GTGTTCTA,-129.6195116317264,332.2285662229032,-228.49601151134416,36.02568454511899,-0.9792780757028297,11.457031927838624,-1.098338833918544,E10
P16_TAGGATGA,111.06435442608267,-282.2882058317392,-190.07500947243898,10.925626375705734,3.6045475300853163,-27.214115458541883,-7.033445792773888,E10
P16_TATCAGCA,177.7809823886148,-392.1368850351591,-249.08719646292008,12.724734907055128,-6.246816218256463,47.74918665599249,7.482513877402615,E10
P16_TCCGTCTA,227.3682630512772,-501.4640582868069,-230.40565620180755,16.08485627469999,11.602542686362874,31.394448369921435,-4.637983326642769,E10
P16_TCTTCACA,77.91283561736248,-195.22939050844968,-211.1643920757021,43.991912083969304,8.460621244098256,37.91836947917088,-4.465088553759698,E10
P16_TGAAGAGA,5.767797225276476,-19.527608011447214,-216.1444852389401,30.30541186369268,1.9618676557640269,36.86168441235522,-7.207609632339115,E10
P16_TGGAACAA,101.11135347462732,-211.2251910358973,-221.3888151532786,43.677008039599755,-21.600884584950762,41.6969523378135,8.41700588536937,E10
P16_TGGCTTCA,-326.75709377101697,728.3492696754253,-127.86781215375103,35.2177295195559,-8.733333913540909,3.393661366971322,-4.28351019041909,E10
P16_TGGTGGTA,-372.44312652513287,894.1375938906782,-55.05088395514556,8.737483658333815,-19.334231986542786,-28.493622045175204,15.874806840892287,E10
P16_TTCACGCA,-431.21537372154575,991.0021149194156,-72.2089405800741,33.73793579426594,-10.2313492687333,-7.560556712101562,8.369762641963083,E10
P1_AAACATCG,880.3549873587522,-1933.5153277788809,564.3298304048942,-42.47576104370748,-45.491610174828395,-194.75806198352367,11.907843386078447,E2
P1_AACAACCA,142.62893772469556,-192.00111413879023,452.1731183930639,-11.484608356967057,-67.63019371624429,-117.64589345617387,33.56732183398671,E1
P1_AACCGAGA,45.93818075200031,29.180186348777518,452.9500458493432,-13.335549997432022,-65.2218510276949,-149.93167933052786,29.549708254478748,E1
P1_AACGCTTA,-155.31042374893335,498.3749766679899,442.8586613018492,-3.3180029102619413,-69.23575953908002,-146.9660275944388,34.02851628557479,E1
P1_AACGTGAT,662.260216295215,-1400.677930273588,631.1171374848948,-38.35169921146476,-55.853338110010895,-206.43437192799155,20.821796193946227,E2
P1_AACTCACC,69.44129654859697,-150.57355210487677,186.283318572231,-26.176025502773115,-9.696653647007784,-21.450116447429714,11.048934943390071,E4
P1_AAGAGATC,396.01132405793834,-900.9164649326135,180.4252396039447,-21.18898062352418,-26.051905577238543,-32.28019616306401,15.538068732306881,E4
P1_AAGGACAC,353.12156810398477,-822.5079487672933,162.62738590174695,-14.228359899622074,-5.404482934435057,-41.70543422769951,6.877724485062141,E4
P1_AATCCGTC,-86.30844600956873,196.39776311915065,147.33820156441243,-38.11343800041258,-1.3359290081201518,-30.44167407115934,3.856676416543227,E4
P1_AATGTTGC,-484.34226001801903,1109.4014939373005,209.53015351869396,-21.678199341104513,-5.6208479677068315,-49.549759199622464,-2.51714785317522,E4
P1_ACACAGAA,957.8661808995164,-2126.9026909512086,582.2688040029923,-56.91257685845409,-38.28258376178071,-190.6849555491603,5.568658069320238,E0
P1_ACAGATTC,-353.74246633166865,826.1299046401032,261.6933331360987,-20.215716603028625,-12.26232718332265,-55.32244995710003,2.8763852001274333,E4
P1_ACAGCAGA,-49.00683294083873,250.9508706938316,446.3361343883731,4.657211150956236,-56.356720226249074,-117.13308562121969,22.953430502817955,E0
P1_ACATTGGC,293.7052099747943,-542.4290543367274,643.7706419078385,-44.691420934448125,-60.96011782034821,-225.52063455238,15.413540665458758,E2
P1_ACCACTGT,380.4590730886753,-739.2352201436584,638.4220874159122,-44.20169146227265,-46.033855731681,-234.82540848546498,12.863575607361383,E2
P1_ACCTCCAA,-582.7999253835264,1416.1058621903542,411.43837105470914,18.445426602149603,-33.230252610383076,-74.31458963830529,21.999053950789335,E0
P1_ACGCTCGA,1214.1002059082398,-2774.380764970999,342.61073519399906,-5.106491397625611,-5.639364942374487,-18.07310722939225,14.889017053158256,E0
P1_AGATGTAC,-561.5108025310121,1321.3213849403096,276.51234825583407,0.8133361364103084,-21.71098438533113,-57.79046471090985,6.961356739879155,E4
P1_AGCCATGC,-302.49868461551864,696.4509797684746,163.55446581453228,-17.388078021460863,-0.6606227034277108,-48.417495322620624,1.2789518987437,E4
P1_AGGCTAAC,-396.6880807980602,932.0133137699459,232.2125236575665,-12.647259213304903,-13.086845321466825,-31.494990282247713,5.984870800196175,E4
P1_AGTACAAG,97.88737702767922,-96.17391689614448,437.12409025193466,-5.157041752611209,-70.26126421845119,-145.94021848297282,28.206751742568606,E1
P1_AGTGGTCA,482.63452886591557,-977.8638374424118,612.9585141048025,-35.57223059518713,-56.059119429242934,-185.0199103779703,15.305981561486558,E2
P1_ATCATTCC,-183.30258310344422,446.10720467108075,245.4046018597429,-33.217751991752536,-16.71464020268198,-52.14463951484907,5.369463690847277,E4
P1_ATGCCTAA,558.5936636376288,-1168.7915903317285,636.6055238972784,-32.677105368107384,-44.41461707482627,-218.8467234347567,10.011849601322204,E2
P1_ATTGGCTC,-299.4959661020174,680.7244805266687,174.16179892059435,-27.365769357574848,-15.265851234461273,-38.50922331957746,2.897933347960861,E4
P1_CAAGACTA,73.31611560140836,-149.84430017527035,335.1452596543548,-42.99676165132952,-17.28672917732029,-105.00888284682713,8.201435348084477,E3
P1_CAAGGAGC,-252.75920201241112,595.7375085154894,212.8567665723979,-11.317290058700358,-23.81945417400442,-24.153627774465967,11.662890771152034,E4
P1_CAATGGAA,446.1491214303109,-1007.4532234526085,361.16674135357357,-63.51454252927289,-11.848282811903903,-138.11906259190684,2.419414162085494,E3
P1_CACTTCGA,458.55237226370537,-1041.0739486974603,384.3606270301787,-57.576174487129556,-2.7977152322927314,-166.2029454679858,-8.074454195593058,E3
P1_CAGATCTG,843.4957807909497,-1829.966708782471,572.0953972063255,-36.262655701008946,-47.91178589975293,-184.68273424277322,12.571036556437779,E2
P1_CAGCGTTA,-276.8500164920524,640.9446268773236,371.4039838993982,-54.54112675851699,-9.964488197120229,-122.65744172102873,-1.0460075273029856,E3
P1_CATCAAGT,325.69585652819,-621.0898241994241,628.2800021663594,-31.305927679657334,-61.48679302395495,-208.62261334394685,19.69932651139208,E2
P1_CCGACAAC,70.63859900900579,-174.5509724088455,153.22910517105123,-22.18468179366381,-12.143669089913812,-24.333759071880838,0.8508831121208338,E4
P1_CCTAATCC,318.70388634756665,-732.5944697120954,192.36257241463989,-37.659681293773055,-9.823880003991771,-63.732278711404106,6.059856584618417,E4
P1_CCTCTATC,-474.16866087947415,1082.7554291536478,207.17788750185974,-17.81650336149435,-6.980607421410789,-45.738236778908025,4.368298668042005,E4
P1_CGCATACA,-139.33523665979274,336.0504219212761,417.56886306575916,-69.2959073477887,-19.30669498394609,-157.6344157223384,-6.380631872975747,E3
P1_CGCTGATC,425.10803910299137,-828.1149040653462,599.1236623940093,-34.473723802919736,-74.32484243614026,-177.73726680728646,32.6639945610889,E1
P1_CTAAGGTC,-130.20113252846488,293.40472965353746,161.1783749726008,-21.1778200841427,-15.114999476304751,-27.889540796540956,11.919353617569802,E4
P1_CTCAATGA,440.3796176518635,-1012.8499274458092,359.75447242665626,-60.01596028154134,-2.687222232519749,-129.97386416294856,0.5404985845412167,E3
P1_CTGAGCCA,451.7492048303186,-1060.0720735625962,391.30695773116025,-71.70071011079436,3.5780366768712133,-159.7273312052652,-4.42758496589944,E3
P1_CTGGCATA,595.4101174890696,-1380.3528309410594,364.4690446358362,-67.28409004705777,0.0899408312959884,-138.0827033949004,-3.7644352774642402,E3
P1_CTGTAGCC,-182.44539504524303,560.73676513433,483.2482327041732,-23.963367472410866,-68.56759276434097,-155.07598113709102,31.31192239543719,E1
P1_GAACAGGC,-476.4302385735641,1076.2841965408422,188.88719575294536,-10.683988402578267,-6.829137709385318,-46.41694715915955,-1.6594240058774026,E4
P1_GAATCTGA,-199.2965700744429,473.0992189492623,386.2254380571374,-54.363394472336786,-4.892760178542017,-146.82367943040163,-4.948788616681147,E3
P1_GACTAGTA,317.92724919022066,-725.5112454542453,345.48591663128417,-71.09862963114853,-8.643164704248395,-150.65121835801412,-3.7560556337566844,E3
P1_GAGCTGAA,3.4956740504622363,1.607290297001228,331.53852138519744,-36.667352430679976,-5.86943514511264,-120.89915517601979,1.2940264851696461,E3
P1_GAGTTAGC,465.1598307069059,-1081.3758620788674,179.44426420783063,-33.33668471289442,-3.3793057578233268,-46.16331728739247,3.87401834472833,E4
P1_GATAGACA,413.51159331833185,-939.9961644449834,343.1599559799257,-66.38587619326114,-13.673572669368816,-149.81536667478963,2.837563316363213,E3
P1_GATGAATC,330.40968682835984,-764.3414122668383,152.4666501579577,-18.926268469379796,-9.944474496832527,-20.37415011335959,9.702341664870927,E4
P1_GCCAAGAC,489.75173632215115,-1139.9256096255845,124.90667970341842,-19.915476770531445,-8.667804698392857,19.344252107531375,4.48394844940413,E4
P1_GCCACATA,475.4322539629654,-1103.511963102471,330.7851115755763,-70.2130516747651,2.3864184620870903,-152.51717554060986,-5.8457751417845545,E3
P1_GCGAGTAA,560.7868253753348,-1293.2553323554826,355.236053713469,-71.65772815747174,-16.026184488414806,-144.83796044980684,5.8374888517134575,E3
P1_GCTAACGA,596.2861579269818,-1352.6541048775202,392.0097933229064,-74.24093947201939,-15.924545465854486,-184.08858240029267,4.521820499938802,E3
P1_GCTCGGTA,98.64956305379135,-201.11748845632388,393.9939339937199,-55.907168401304034,-31.987515139456683,-185.0376495192678,-2.6915498007659373,E3
P1_GGAGAACA,239.64106473100236,-500.76818933727395,392.0201640078309,-60.96886530960706,-32.13319847058604,-181.77898017999433,-1.4317719679222969,E3
P1_TGGAACAA,180.65255918112885,-396.7828134025429,179.85250437616992,-11.81614345482852,-20.0430605207767,-25.508049591386026,10.993230538650014,E4
P1_TGGCTTCA,299.70045277218804,-717.0701585776959,124.26212940176323,-28.072408197266014,0.8910699367734156,-32.148686870979226,3.5518138522342424,E4
P1_TGGTGGTA,142.96111044486466,-337.806221827311,187.1172669833245,-29.276269316981008,-6.2687930081846215,-30.885057199753323,5.729039879861858,E4
P1_TTCACGCA,-204.66478271254638,453.4483707555629,188.15515604709287,-29.704078145415124,6.554595485853915,-33.268548553566085,1.9885676277066533,E4
P17_AAACATCG,592.0905615969085,-1431.3835220347094,-136.82898640748195,-46.776679486988606,10.24102289116475,38.532098896217995,7.61279098525458,E9
P17_AACAACCA,44.82928355776159,-131.58915637178404,-80.88820335874667,-20.59568246052679,2.820725123779096,-23.8660561541113,2.2521722160405306,E9
P17_AACCGAGA,174.7278959231912,-394.2987956502535,-155.5931648302248,-17.32672334633944,-0.315118540222993,-34.91359682221932,14.19671241090927,E9
P17_AACGCTTA,-74.78736736928624,173.1612906567002,-99.10068105055647,-16.570282729535123,-6.285806848432537,-34.911218958036514,5.75313852884633,E9
P17_AACGTGAT,143.00017873565272,-345.5693477417578,-123.20234051996576,-16.372770833954622,4.832080872213474,-4.633272517354034,3.832306609767931,E9
P17_AAGACGGA,264.0317686936087,-611.3579147435718,-201.65591545705402,-22.902415555586174,-7.885838388615047,-45.44638859666132,-3.015820752715042,E9
P17_AAGAGATC,425.2811695763805,-991.5780657979245,-190.77662102874018,1.0512156762686171,-15.425290123560321,26.748449938058393,11.011268909042638,E9
P17_AAGGACAC,-213.69852429203573,471.5385030148862,-58.78854436637354,-23.334933978187646,7.445355490668217,-20.884252834327235,11.924984492698636,E9
P17_AAGGTACA,97.17490995979081,-233.0134044661824,-122.84193923083798,-33.8400468978055,11.791904541129881,-12.972321553951716,5.31417431866605,E9
P17_AATCCGTC,582.5226012942139,-1371.4109188907846,-240.6703239529335,-8.866918894519376,-15.469069348778577,70.50271512123226,1.7883449719598135,E9
P17_ACAAGCTA,274.9985317108517,-658.4445940716431,-125.57446437184421,-19.347132511227276,8.53070798501842,-1.6131108804502334,1.8006789749501868,E9
P17_ACACAGAA,28.811640256304365,-75.07096984854176,-79.56741388149936,-27.54453325538746,12.548943613787683,-15.717867192391637,-2.202217741176662,E9
P17_ACACGACC,252.1507158358987,-603.1209698529464,-195.20786225202843,-12.342419375371463,30.679886617540433,5.537960840309657,5.714368545013475,E9
P17_ACAGATTC,524.2842712418536,-1253.9089305711352,-202.42910320085073,-27.328369574029637,21.525674977372585,48.48989090067285,0.4449503125675147,E9
P17_ACAGCAGA,-190.41305017308804,431.20926490240646,-68.5254233328389,-3.060940343616227,7.568468920899255,-17.45278035416824,9.113678420952139,E9
P17_ACATTGGC,-37.90449891452588,72.55576030630834,-97.5604125911761,-15.87707940256059,3.7466591723508644,-17.11162659510273,5.089056669649411,E9
P17_ACCACTGT,-292.5431401226628,660.5854731883226,-39.289967035156934,-2.949115804996777,-7.836064342630187,-27.41313110678373,6.204429338871036,E9
P17_ACGCTCGA,-267.9306419570606,599.5637023122262,-74.68964565734564,-12.655795705347924,-9.60514608679183,-3.8454147870295046,6.121384383220486,E9
P17_ACGTATCA,-65.65321825386732,136.81762361734653,-111.86016405082795,-2.053892970164502,0.8525366083083432,-32.63132738806316,10.558296441586695,E9
P17_AGAGTCAA,-539.7620205508292,1223.0540963154767,11.213573179106865,-4.55835384093083,6.094621977147573,-13.827733080885253,1.6062393578376009,E9
P17_AGATCGCA,-78.0277348114658,179.5607373500314,-90.14095655961412,2.3331224598733957,-6.425556956793054,-32.04558774325395,7.836575239090753,E9
P17_AGATGTAC,210.41482596066012,-492.0469219625141,-208.5500184601027,1.1519914585229127,10.61414445763343,40.448675984307094,9.094649736500559,E9
P17_AGCACCTC,28.096902922034758,-112.51488953507229,-92.78489307986193,-22.124070478896762,-7.083911660245657,-42.51007785554978,-10.811550630486886,E9
P17_AGCCATGC,525.9192847536001,-1239.1854135258625,-254.845901804006,-7.909318394772205,7.9282345615875816,94.36233424166734,-5.07142326368819,E9
P17_AGGCTAAC,541.0321181937833,-1273.8821112688865,-272.42853295277393,2.899608433705574,4.214236866974644,85.80301829190101,-1.7983397822275433,E9
P17_AGTACAAG,332.56223941865466,-781.7222104065172,-155.94486830999472,-8.184292124553172,1.5171195428525732,4.398879977126621,8.410215137934934,E9
P17_AGTCACTA,108.62584529178493,-235.41573313051404,-154.24644715434437,1.468773825223716,-30.124926136624257,9.553938564077544,7.3441671643414965,E9
P17_AGTGGTCA,-659.249715938436,1508.1228601567152,46.421053422952525,30.657350985066568,9.408456341965822,-11.305728261727769,4.9400341507281045,E9
P17_ATAGCGAC,540.008054421099,-1279.0986993436516,-279.37887021243364,1.5528353126908967,21.379961440023884,113.0515283934833,-7.39431334630891,E9
P17_ATGCCTAA,112.11682494968477,-280.5449081749904,-114.54192792980254,-24.361132142697798,-3.3871785982110043,-13.572600134837415,5.7492775442464445,E9
P17_ATTGAGGA,11.360104312396034,-20.14915106839096,-109.98133038129689,-2.432798083782741,12.047513125767075,-14.750032537874958,9.632854568399916,E9
P17_CAACCACA,161.72604981238916,-358.60791520395327,-153.9068035514546,-27.58266020684692,-13.841324668638597,-49.209754616775086,7.92466671521823,E9
P17_CAAGACTA,-436.5428288164986,979.110671098817,2.482988674032518,-2.889604488266666,12.623377383637605,-49.94108322036375,-2.380349593611325,E9
P17_CAATGGAA,135.41559438833912,-300.79415564579267,-147.02765903803612,-12.127893536197774,4.21348457120756,-37.799254191787355,17.230188787010377,E9
P17_CAGATCTG,-252.01818875836312,593.4483792785571,-49.98427526010961,-11.17475744514202,2.8375377599481606,-47.29535136642368,13.783702490752212,E9
P17_CATACCAA,-571.6531944184572,1312.4204785638276,64.503712486284,3.222947259305675,-6.983194888240942,-7.636170398406064,4.471739025822221,E9
P17_CATCAAGT,-181.84288964853664,388.5330231336489,-29.093508828588583,-17.626647327316476,19.212437425136944,-34.9120563257436,2.407715753014512,E9
P17_CCAGTTCA,-593.2095829354678,1355.096513269258,91.27757461102513,-20.15271755161938,-15.141743064505489,-59.86922636229903,-0.618903749197026,E9
P17_CGACTGGA,803.6442700440593,-1889.6824099679482,-250.84768537349643,-16.684777258720032,5.329630392470355,45.968431421789816,15.073545851649204,E9
P17_CGCATACA,194.92821061386098,-483.3903427926855,-125.19162955674297,-23.797593032113273,-11.902038186195506,0.24312232325359773,0.6467791998416371,E9
P17_CGCTGATC,171.38637900672126,-384.83638895506004,-166.3787842452753,-3.0016965688866146,6.699785431784069,-40.39157033063376,14.795588071029535,E9
P17_CTCAATGA,337.9687508098528,-800.6722997789797,-128.76918435692988,-23.093729381215937,0.7320173410570061,-5.955831407609425,11.40294093856648,E9
P17_CTGAGCCA,187.3341969251163,-434.6916598187536,-204.54784436932215,10.13177831042885,-6.687917902071202,20.84477404222098,12.817856455701799,E9
P17_CTGGCATA,398.94249662088606,-929.1209503712158,-212.99588983295186,-5.50926607916228,11.00950537541441,38.27339236292981,10.022489663418792,E9
P17_CTGTAGCC,68.83318652462401,-164.50684130480275,-138.51549356334377,-10.538602114039616,-2.883134605846409,-28.797906557559994,3.2685514515570926,E9
P17_GAATCTGA,-24.275067879074808,65.79120439604883,-122.97206262778138,11.792328960893368,-11.754337084998445,-20.86992427675195,10.310833541689279,E9
P17_GACTAGTA,289.46635552510526,-655.369266309721,-239.05685643961309,24.07052197832277,-41.27094152058479,4.091106165146252,16.19979806827078,E9
P17_GAGCTGAA,407.6303195829458,-935.6384050328898,-233.9258662296691,6.106812965814928,-15.599844981879412,26.199217894737394,11.198315079823235,E9
P17_GATAGACA,603.4727147561395,-1421.660580117766,-241.00089304046355,-17.23313374233211,4.114496913472017,56.37921763827217,12.314322065852052,E9
P17_GCCACATA,603.9627941844481,-1406.8759346806835,-241.13745537283722,-11.861276457132458,-7.32121257281749,54.3208242004626,7.353019343640254,E9
P17_GCGAGTAA,245.43791028674815,-552.1091115913167,-187.55475325697387,-5.8399056435698515,-11.513826579365428,9.188339041995052,17.524893556450884,E9
P17_GCTAACGA,351.255056612573,-819.2214059947521,-192.6711137590475,5.316436426707874,-7.074138397257008,65.11638143694948,11.232091952737052,E9
P17_GCTCGGTA,279.06034488128495,-660.1450389148425,-192.23431399031062,7.587522081360779,-1.8276988699708738,46.98135790774639,6.202663784550019,E9
P17_GGTGCGAA,440.2400819108245,-1029.780341391108,-216.25806031309114,-10.728546448834756,3.565066542657885,46.94867128719566,5.545430245085363,E9
P17_GTACGCAA,206.07765861378059,-472.49119684270545,-176.7180491864451,7.396318368476106,-7.129857717129311,44.454735985720326,13.092254892164117,E9
P17_GTCGTAGA,346.9335903243437,-772.775860282728,-254.02323719421028,11.223743019269168,-22.803204081793655,48.91420701140953,13.553232167245172,E9
P17_GTCTGTCA,10.87964163795968,-7.5275507876625705,-146.91817688000245,26.902864466257338,-14.087469269893143,33.95016156544226,14.184726684629382,E9
P17_GTGTTCTA,-146.2245571164697,343.43218851965815,-101.08242121986123,12.626196405536774,-3.1652128625263276,-5.277735070697447,9.270929806386686,E9
P17_TAGGATGA,191.69147848297527,-422.97671656708224,-210.99185384010494,-5.0472185777715195,-6.360740396407792,31.449709593098298,15.150403141386422,E9
P17_TATCAGCA,416.1323508566408,-984.1784540427155,-211.39527114743996,-15.220850296881885,9.33928507383419,18.005273802526013,3.435580292455513,E9
P17_TCCGTCTA,311.9393055438153,-717.5316460724163,-237.0147340514461,6.181484346600158,-2.4078767667128607,25.77277374876593,21.74439920773134,E9
P17_TCTTCACA,532.9837823723933,-1275.1055037231206,-219.09595672801382,-17.495705386163813,-2.8124234827812558,62.43413529417385,9.213728429062137,E9
P17_TGGAACAA,222.62514888420256,-499.5859685094778,-178.41052499800537,11.782896224844295,-0.9514641993218333,24.062146313437314,16.377981901380334,E9
P17_TGGCTTCA,577.7808826669849,-1342.8359022780808,-201.12027620991398,-11.32503983289185,12.879196022346612,41.804617169865786,11.427134944398718,E9
P17_TGGTGGTA,310.01148374916886,-682.6805650883849,-210.4375365887668,7.6336976362498135,-13.433787747785363,-10.050991133221952,19.323977038665028,E9
P17_TTCACGCA,508.31945036848145,-1180.7039180318184,-286.49461715838225,25.710621150267954,-10.635241748924756,43.330071807578705,8.736917112355851,E9
P19_ATTGGCTC,366.2501139318212,-665.2263541777731,671.1901669664605,-16.09786603444121,-76.75540102923952,-202.00512572518463,15.440731661564126,E3
P19_CAAGGAGC,674.0510174438441,-1392.729189937499,612.1504453442255,-19.0658521780236,-53.48133300039436,-234.13846752946262,5.827286360988866,E3
P19_CACCTTAC,763.7835180392793,-1617.7759710101907,574.6310441995573,-23.758803716458896,-48.54942677213397,-186.20456812922933,6.543438316377196,E3
P19_CCATCCTC,295.35350113616994,-517.3631757308677,647.5588165030316,-21.041306954901174,-79.03399031978161,-199.96764075036776,16.86168838922579,E3
P19_CCGACAAC,902.1786066923827,-1951.2953398066663,539.3538010725891,-19.950108030078546,-62.51611588523795,-166.1304063488364,16.189665801793378,E3
P19_CCTAATCC,637.8507219923845,-1324.8908065320331,632.5267697872384,-27.702848556887293,-65.75359805751043,-212.45786044096977,11.80424287079827,E3
P19_CCTCTATC,430.2728391765523,-847.1295859561735,644.2331405369526,-19.598871095988482,-54.68375027374723,-207.29582343148425,10.605674036796595,E3
P19_CGACACAC,608.7598573052182,-1273.6947096933334,611.0699940333989,-30.865140773420936,-68.24558106393324,-192.84640347457167,5.521116433870203,E3
P19_CGGATTGC,552.8129822915217,-1128.7179763289919,647.235235430737,-18.610865121883187,-54.835029623415714,-200.27816569291934,8.539302954702393,E3
P19_CTAAGGTC,798.8699384708168,-1718.939125114727,568.628404007083,-32.15236686878334,-40.99993073938546,-177.67190219872634,3.4837999874723566,E3
P19_GAACAGGC,805.0413130790897,-1721.7370921451175,579.3026814424438,-33.84179405229359,-48.665374937226275,-169.84052476221888,18.05811826231475,E3
P19_GACAGTGC,389.95282195830885,-752.7725945806276,656.7431708375747,-6.721449732391423,-58.89078428196599,-215.27970178157256,10.072003597862132,E3
P19_GAGTTAGC,945.3361936626774,-2064.6614883241937,526.19411107859,-27.85106793595222,-54.91665559424346,-183.1845449193122,7.159031676207439,E3
P19_GATGAATC,611.6073837016614,-1263.5984471940892,593.9261648744173,-18.676917168181838,-49.205512904788314,-182.76449970661787,11.475822151359239,E3
P19_GCCAAGAC,875.2742073635135,-1902.1126472586247,567.4231121510295,-16.90720454182763,-38.51941341984895,-201.44707634562735,0.08647154462360529,E3
P20_AAACATCG,304.0719648005324,-582.413855169895,720.1128598363706,-27.553400430063526,-49.288810977094634,-200.03659463750085,4.7996368777967735,E3
P20_AACAACCA,298.3638402235882,-550.9976363536963,714.5628742281747,-20.070779387352502,-52.870755751004445,-197.9121346898835,1.1567549671597592,E3
P20_AACCGAGA,421.9015337177044,-839.2546736205007,722.3141050951609,-30.494681950857498,-48.95429344587505,-194.04648806202695,5.336431193441726,E3
P20_AACGCTTA,393.1652613017359,-763.0762088297573,735.8312234072255,-22.69233188878173,-60.722982863126866,-214.02217371406164,-0.9982362343782967,E3
P20_AACGTGAT,298.129562346968,-553.7555702441222,700.7113966518301,-18.33885576602553,-54.76157424899635,-185.83305374511883,-0.14381438150713932,E3
P20_AACTCACC,180.2397152727331,-295.346557006977,707.1229792765641,-17.44548370167196,-51.274333317815774,-192.03433495980929,0.8295148931438865,E3
P20_AAGACGGA,490.73496802659514,-1000.4728182240724,719.4137118169141,-12.018237680742342,-52.037721516069325,-210.039327387453,-0.7306594951205083,E3
P20_AAGGTACA,269.4901760677391,-466.9616119872379,733.2012318120926,-33.1898616178105,-71.85179418695206,-219.5466286837497,3.851483192603005,E3
P20_ACAAGCTA,499.8802627489507,-1041.564437936826,679.8795811070362,-33.36328282747609,-48.287632150181345,-217.5944401361963,5.814361032302988,E3
P20_ACAGCAGA,482.70423261862163,-970.88905290363,694.6185864862246,-12.061063485843036,-51.61058002431472,-211.62900679987544,1.3258211326543607,E3
P20_ACATTGGC,-145.5544262757872,449.6573013159527,662.7708634780628,-10.750232002003436,-54.87711252269623,-154.18992874809302,4.424869939271519,E3
P20_ACCACTGT,-230.4835003443254,652.5441795486656,634.0601650199017,-7.550790641464202,-64.721352703082,-152.63796820302414,8.210782482802815,E3
P20_ACCTCCAA,6.068055514010595,110.84122430326471,662.8959766470324,-16.284091386930143,-67.69536002177725,-187.04042931942897,1.6200925145672005,E3
P20_ACGCTCGA,92.52799040963703,-78.04018160802929,672.811462763059,-24.20208951549937,-64.75706724181391,-200.7822080779997,6.237353878960232,E3
P20_ACGTATCA,444.8453198141505,-885.069556274389,681.3203698498713,-26.53815671687419,-59.342039607617735,-176.64458670746217,8.767082196377585,E3
P20_ACTATGCA,-688.2468902754596,1645.5345352034362,482.9745350305685,2.591172848015443,-39.23449288740818,-108.04684089205897,7.153660257702362,E3
P20_AGAGTCAA,192.15610128406547,-309.47244068909157,689.2920001312858,-19.524811041689365,-60.77194343081848,-181.31065981537392,9.603533935707315,E3
P20_AGATCGCA,313.62821606630564,-586.3764957881583,708.8957427567594,-18.123865874543515,-64.45823592664982,-208.58545207863133,4.923660957956416,E3
P20_AGTACAAG,189.62990872675613,-283.57153542040794,709.24702020311,-8.48417070090745,-55.71039479028138,-189.148830002256,5.019563198042412,E3
P20_AGTCACTA,408.1738638026057,-810.7095617298745,719.0895881464978,-16.7673174358686,-53.66827631977654,-182.4771686991644,2.183601957334039,E3
P20_AGTGGTCA,361.37196756586115,-728.4399134553042,696.4317022843312,-17.395218570212204,-29.760811688577252,-202.17349158826028,-1.3013089581180677,E3
P20_ATCCTGTA,205.40754180612083,-340.64034907646464,703.1320319921374,-17.51181376292678,-49.45548425396384,-202.4033798157788,4.187416855032411,E3
P20_ATGCCTAA,249.04691899294335,-464.7962317761595,705.1334351137657,-34.836737145985154,-47.011365596233915,-188.50666788289783,-5.104322500264232,E3
P20_ATTGAGGA,116.1889603007401,-121.76984537330064,695.5104060243966,-12.191416719677317,-73.27803639089738,-203.56920880560472,11.126136039188083,E3
P20_CAACCACA,531.2578035468053,-1100.50251784829,713.2839540106346,-22.76080122907146,-37.03390074227619,-213.13172837203533,1.8764144964717344,E3
P20_CAAGACTA,-198.0430076637439,567.5598381993227,644.7847507700186,-16.663184642302184,-52.56589804269427,-141.10853167207685,4.872715658808556,E3
P20_CACTTCGA,411.28751103669407,-809.8476924064026,724.8171001340122,-21.64619966568314,-54.93449876719649,-195.57807846831594,3.324086155946765,E3
P20_CAGATCTG,92.10621759232832,-86.9485163865988,707.2783933382125,-23.34390351979551,-53.58196069000945,-195.36757810284797,2.105312859739086,E3
P20_CAGCGTTA,-447.2442810459831,1124.372782448303,591.6742646491797,-2.359211217876262,-58.98167561523152,-132.441251292964,5.4574763471781385,E3
P20_CATACCAA,247.3997684223277,-453.4502905788745,708.7507792228444,-19.831639495641777,-43.11108402500752,-197.6856452426687,-0.891598620166048,E3
P20_CATCAAGT,-99.15042047261689,331.7429566713595,633.840572323895,-17.790532155248318,-40.551138629958274,-175.61393682130787,5.876731343232603,E3
P20_CCAGTTCA,451.4530616501779,-931.5480219916519,731.0707031852589,-24.779157286651564,-23.422244110318093,-191.37614997780074,-3.3389685630584447,E3
P20_CCGAAGTA,602.565877320353,-1262.9748996459218,702.5382080655753,-18.16456783526006,-36.05278109938154,-180.54143757479366,3.488990229216972,E3
P20_CCGTGAGA,454.47420840942476,-919.084880214296,722.2722214495853,-20.968464645458717,-47.5511067356607,-191.55036867036506,6.0264462762833215,E3
P20_CCTCCTGA,77.67795522185165,-63.62318278260773,690.292120814468,-12.351692339199415,-56.92901387906308,-194.44596366112376,1.4139827415771564,E3
P20_CGAACTTA,619.7459214601653,-1310.0843509594806,720.5708870125197,-22.25921179751544,-37.805776395675856,-200.68969874132887,-2.0783492349840262,E3
P20_CGACTGGA,548.7631892117782,-1132.4827786421745,687.9651773590261,-26.019753508702472,-42.051219605620965,-194.3466351349052,1.4167107229142557,E3
P20_CGCATACA,478.53873200680664,-983.3758265820298,720.9465028021347,-11.916708837871592,-43.88615136979621,-160.0517060716649,2.2215864791812083,E3
P20_CGCTGATC,315.44476549410183,-604.3472870947999,694.3903196735097,-21.353162791694512,-42.34970172114221,-201.13794890515277,6.414383187163932,E3
P20_CTCAATGA,147.03597352605954,-200.51528513247766,690.1541759056681,-13.645202430732216,-73.4964773975278,-179.973033254316,4.255164982775657,E3
P20_CTGAGCCA,409.2822604962324,-824.9224296580834,711.2014685180155,-23.312004584685422,-43.36402813005658,-196.50029809962368,-6.604117779759633,E3
P20_CTGGCATA,424.747526962622,-819.8518951081621,732.9613754449707,-21.49101254585663,-74.94426621569053,-214.87212034827016,3.798602753565712,E3
P20_GAATCTGA,-179.46798750131092,547.0400621994241,657.2202652775218,-11.935687018227629,-73.56694081028235,-175.47015096404567,10.611466200145397,E3
P20_GACTAGTA,437.7824245956494,-940.7560878744147,647.0372923438701,-41.33232583370337,-20.41517591996319,-201.57183579406745,-4.473032471883789,E3
P20_GAGCTGAA,297.85192347056403,-541.9786669758587,716.3189930914335,-26.385225409670284,-72.3092357611882,-206.9389307582617,11.133811673644244,E3
P20_GATAGACA,451.91032293749475,-962.3564846925365,617.5632705670727,-35.66470832954205,-55.15041798339962,-206.55318130260628,-0.06269692550524386,E3
P20_GCCACATA,407.38661235596834,-812.9236374536279,726.0868414623783,-36.633605765232566,-58.55812357482616,-205.20617918181352,0.03581938252708161,E3
P20_GCGAGTAA,358.022609232311,-685.9834471735724,703.9162656655258,-24.78121590277524,-44.310573935321315,-247.99402536932158,4.429034197593891,E3
P20_GCTAACGA,269.15120552913925,-509.4339872203328,724.5685961964502,-14.609574324962221,-49.830739907955675,-195.43588125431822,2.235610355073656,E3
P20_GCTCGGTA,115.56485210909412,-126.42284431172844,685.8815165676651,-16.548816984867422,-78.82192979273155,-206.62570838713572,8.321795853853255,E3
P20_GGAGAACA,185.79741104863123,-303.7653027180644,733.810137957667,-21.977406762924645,-72.33156278938287,-217.90164510486503,7.702571006704993,E3
P20_GGTGCGAA,237.91457933523077,-407.4700667474127,715.6409668013791,-28.020129597268536,-53.12561049371283,-227.40079841768457,4.555135413173711,E3
P20_GTACGCAA,169.94230561168217,-238.91442615587334,689.0931484187437,-11.534983772763399,-75.85940791782093,-177.66335271204213,8.600766307705559,E3
P20_GTCGTAGA,296.3737954473497,-542.6130843383456,717.810734766317,-23.10323460638198,-61.8985826949983,-222.59417241901454,3.8194647790049894,E3
P20_GTCTGTCA,-139.17427430310855,425.41381403007495,676.8761221484533,-17.530782094748645,-47.78762099223514,-178.10771629017924,4.858095262227464,E3
P20_GTGTTCTA,193.66881606688196,-311.62075282791614,719.9944049362506,-21.865541775420326,-63.38853364027347,-195.4966444815549,2.1559180729207252,E3
P20_TAGGATGA,322.5262907835106,-612.0131771106276,721.8662791553712,-29.48949831318464,-67.81683332033798,-202.39755692872743,4.732878537138259,E3
P20_TATCAGCA,351.05565856575265,-662.8784460317192,718.8872968119189,-25.612189670823064,-70.90614125737238,-236.51779775422617,5.649326598163867,E3
P20_TCCGTCTA,492.70187476778784,-1000.1190311490298,723.1674478838017,-37.72819619204747,-66.5497534104521,-235.55153825871528,3.7043985687036205,E3
P20_TCTTCACA,160.36799640704243,-249.47741779627017,692.8617022965276,-24.588930710529123,-58.20822959350327,-205.0559416505726,-5.443728817242482,E3
P20_TGAAGAGA,337.38517860558585,-639.9764649584125,712.198512463332,-19.291622529426334,-70.74052453379683,-188.90789845951528,6.449656815959578,E3
P20_TGGAACAA,376.5168621112485,-750.7157034102489,703.5833774174487,-27.1690297031617,-52.60285045853146,-190.68954457585497,-2.125457456426451,E3
P20_TGGCTTCA,585.9412195849667,-1250.6246364784843,702.1514412363131,-30.614610059662134,-34.22517980287063,-206.26349318136565,-0.05649123527257505,E3
P20_TTCACGCA,376.52827912611133,-740.4542071605459,697.6058595203899,-34.025389874854866,-53.03109212979407,-176.98524924581855,7.063308215064405,E3
P2_AAACATCG,137.82142723439262,-395.84545438736103,76.49638088898908,-33.72538918013886,26.29813108601793,25.048458132506067,-9.056256482759588,E4
P2_AACAACCA,-522.4455743441588,1138.3357797187807,70.39837914091048,-34.379046736580364,34.993406119204515,21.672695797758895,-8.87807378607426,E5
P2_AACCGAGA,-160.86361484272953,291.32365238912143,-25.85493479475743,-18.92337870317589,33.08130933662983,41.19580261454567,-20.864680488444993,E5
P2_AACGCTTA,96.68588990648725,-290.7321291387658,-47.29224995503747,-38.20714887946923,34.035486226850246,31.71468096801269,-13.344563909190615,E5
P2_AACGTGAT,125.8694716091851,-356.1367036198317,49.32248708582203,-35.57329772162557,29.07625176217179,33.90745023649042,-8.908123525231678,E4
P2_AACTCACC,-936.2476089823672,2103.120296918725,153.30087269107344,-8.40284724571501,41.19384267151586,-1.0812374371523106,-8.711188386888493,E5
P2_AAGACGGA,-78.81497532396736,122.17306061794545,23.294594411968518,-22.82395051152996,27.838229972510494,-3.7519724294198586,-8.582317674339867,E5
P2_AAGAGATC,-206.16706763249604,419.0652980631056,-18.195115309281633,-23.23159595064387,26.87031764185459,24.083215613344727,-10.203220364184329,E5
P2_AAGGACAC,66.08925684557691,-208.1953722928102,-62.074837824665046,-23.49071954712577,25.79393376326156,11.230259472646821,-7.9168580258144186,E5
P2_AAGGTACA,141.97305259725752,-411.13328085520203,-2.2630094832035543,-41.67810464027539,36.41875739190122,7.965380944092644,-16.754930376380976,E5
P2_AATCCGTC,-323.07648604826363,684.9273915791308,10.52379274619685,-10.927731823255895,30.134287980465256,25.355400935576853,-9.469601551890463,E5
P2_ACAAGCTA,-226.4780155694635,445.1737700390379,11.686147958013777,-20.962905655923848,26.98301771667947,0.6392649144540332,-12.099258567432864,E5
P2_ACACAGAA,-373.24736533505524,780.055869370683,37.202175912509695,-23.243431375280746,30.796457686816744,32.76588937044331,-17.336477676306856,E5
P2_ACAGCAGA,136.22791020843567,-391.3939605570144,-34.00780207759756,-23.25649498377372,39.28525293334846,34.72045270018264,-17.42678861912789,E5
P2_ACATTGGC,-237.90618546099773,489.0469789287378,94.4393426246152,-23.48814764897574,26.870437188296943,7.460267887618171,-7.177898354968413,E4
P2_ACCACTGT,-595.8307508026793,1314.9506404798456,125.154200760495,-29.444514199880302,24.499969113402166,-4.327875629855781,-4.94638328892638,E4
P2_ACCTCCAA,-370.12244057911363,788.7134718907822,60.87040047434969,-20.561223954116073,31.7571153993951,24.858824333205998,-15.823165315949216,E5
P2_ACGCTCGA,-386.73936102216715,832.397191492724,52.716173124895434,-15.769990571835685,39.564548604932526,-2.956673778898367,-16.766119317287828,E5
P2_ACGTATCA,-12.569013169995976,-40.18634079427933,-0.2677648656151196,-20.348243656944458,33.28218031319065,-13.695285236863178,-13.837557229782545,E5
P2_AGAGTCAA,-305.03057497302007,642.6654000286798,65.12254668725632,-17.117072057506046,31.7454911183595,-11.996500976772868,-17.616339212246643,E5
P2_AGATCGCA,-189.3189826559965,376.7518371761595,18.848864331447942,-27.49108684192099,22.283514039385697,5.12325421207848,-9.863615762740412,E5
P2_AGCAGGAA,-37.10483018442273,29.45655991392974,-1.9511999681555803,-23.123715002673876,35.454634975602644,-7.352703391924411,-14.052818560729662,E5
P2_AGTACAAG,-455.6745877322815,995.1426158987252,91.83865817123582,-36.11557101282404,24.6600776588427,-35.1843129619156,-14.66918236673746,E5
P2_AGTCACTA,-126.99099672119948,235.24832522799383,-20.844156189608118,4.0452112232663735,21.104837372421326,42.90130441139588,-9.327982480611974,E5
P2_AGTGGTCA,18.982651920205797,-103.22924176849001,65.13890867930958,-42.07211100039624,31.872380250086188,11.865799285536676,-6.731808347076273,E4
P2_ATCCTGTA,-533.354554729936,1172.417163658825,90.08688643736562,-17.979202115078564,36.26605687524944,-27.580704245249823,-10.156719344894743,E5
P2_ATGCCTAA,-113.10660503340159,196.95513391471903,73.24408042958065,-40.74310648843961,12.159726012605063,-3.7558707234148803,-7.276088224391496,E4
P2_ATTGAGGA,118.31302980751376,-356.1608766048604,-7.4494681449127915,-28.475614505582417,41.92389695648347,9.33085554924067,-18.644782111531548,E5
P2_CAACCACA,-41.235119119452115,31.291205002184043,45.71189566054405,-28.413733826044837,24.749599167979554,17.634083588693258,-6.72356397248406,E5
P2_CAAGACTA,-644.0499250305526,1449.8014261064525,124.82944170466682,-20.894889823613653,16.368601129636318,-12.291556450406999,-5.3580734654308735,E5
P2_CAATGGAA,-43.96016933795063,44.802100785065214,-27.503964256261767,-24.940885041138102,29.19291228958739,6.093017766425616,-15.920267834844505,E5
P2_CACTTCGA,-728.8241228799072,1636.9217549497187,106.54271308112462,-17.533849679461515,32.822616196838105,-5.565941191410948,0.28021769314351386,E5
P2_CAGATCTG,-531.872962183531,1184.4803295857223,71.54451333991173,-2.0028998151302773,25.60331927260772,-26.234413176832717,-5.775811495917674,E5
P2_CAGCGTTA,-886.4723811960318,1984.2657147136417,135.90986882130812,-9.38414477494439,27.59177531426981,-4.765756816449281,-9.244813991276564,E5
P2_CATACCAA,-275.460252310221,584.7845381854025,12.326234462906843,-9.727327289676705,35.289644911858396,14.974997438009165,-6.5297368174723065,E5
P2_CATCAAGT,-818.126833704758,1834.0206659864493,129.80024012034593,-5.170574092571183,27.15319732725282,-7.763265683772476,-1.6708656129651098,E5
P2_CCAGTTCA,-398.82600737927316,874.3930034691413,81.38307605613707,-26.972794425750195,24.347786394639392,-26.587190760797483,-2.648763238371847,E5
P2_CCGAAGTA,-197.62093768498974,393.693491532973,1.045105025058088,-9.046857118759458,29.029958609372628,14.816096169609725,-6.999619955794773,E5
P2_CCGTGAGA,131.28584087251855,-349.99483897051385,-33.345693362975666,-27.03124890162922,32.68331135597317,2.781895276065709,-11.73365561365299,E5
P2_CCTCCTGA,-265.1597460567791,570.2130161498402,14.476745885680229,-14.559346550346513,16.760676046482388,0.0828844266574329,-8.242404116582588,E5
P2_CGAACTTA,256.43352180412523,-663.943432573641,-50.7315183810578,-39.22308858889432,42.48865994465579,10.283283714286245,-19.44283563523248,E5
P2_CGACTGGA,108.33554223983522,-297.3969114748798,-42.14307304754066,-23.094480634768836,30.91700828875248,15.875336346786572,-16.067965948891995,E5
P2_CGCATACA,-490.43132282154954,1099.3511730879181,91.77090283815397,-27.022034661105952,34.90565988125968,-53.647168480466334,-4.284766323559837,E5
P2_CGCTGATC,-388.029675110031,822.8650386210063,48.36039977979732,-30.543740520984407,41.24169458760529,-12.509621983168316,-12.214462894906122,E5
P2_CTCAATGA,-217.74533159103953,463.2329392132814,2.8947275547087363,-3.017931670235602,38.8174315866449,-3.380387932568783,-6.571140578806712,E5
P2_CTGGCATA,-9.800858322760124,-29.769171653956057,-53.14593044198281,-8.950001846427059,32.82374097569934,19.31110322001128,-15.700667762352488,E5
P2_CTGTAGCC,-726.515408013003,1583.5923450707003,123.76291104863074,-32.05444412331025,48.831795770804625,-27.85952815624939,-14.169692867393984,E5
P2_GAATCTGA,-379.01442067197104,834.292197879163,18.822357651482438,-9.522726868037765,22.51736604327974,13.757052158040931,-6.228766863123068,E5
P2_GAGCTGAA,110.59266334506478,-331.28618005892315,-47.12629662256175,-30.693386890442703,51.78624042978403,39.8281772929525,-17.714852073896463,E5
P2_GATAGACA,67.38377398715713,-214.59646297603717,-46.56669976701184,-21.1854953515091,41.72737865266087,11.762099291392115,-10.871064201757068,E5
P2_GCCACATA,-84.26784420034664,143.33875283091407,-24.41641819437435,-33.68916944689393,49.58796350545633,13.544769578840414,-10.612970908027737,E5
P2_GCGAGTAA,-78.11147116642208,114.6082162440488,15.859919845163883,-29.88918611615136,34.50407288739738,18.622673175171066,-10.57585069548621,E5
P2_GCTAACGA,74.03876672583121,-234.9412069304364,-54.58634219074425,-17.633151906103475,30.887372477414534,17.037247489326774,-10.398996967505415,E5
P2_GGAGAACA,-248.2423131956155,509.82723269378215,21.02031859496271,-20.725218353119946,45.25791393849076,-12.482846680436374,-12.950478757245005,E5
P2_GGTGCGAA,-946.1163675798603,2116.754436772757,151.79073041022457,-18.587227061627264,42.54771899674837,-13.261373266059348,-3.8226055186287065,E5
P2_GTCTGTCA,-817.7756254132589,1835.5075240530298,121.95005380706618,-13.629326197287156,30.363984891781392,3.902478545732315,-2.683605436086762,E5
P2_GTGTTCTA,-398.7912538793166,878.8580064334435,27.943045884622023,4.133107575630593,25.01638488275499,-10.692656996724597,-15.697771231932915,E5
P2_TAGGATGA,-88.74921323293935,173.06570198267937,-56.7424036567063,-15.464712305115619,21.63860447765152,22.213508415860694,-7.332648389071197,E5
P2_TATCAGCA,-128.33953455271552,228.50538497653218,-16.41203205829488,-21.42854660076695,31.41550267639732,-2.5555128373407645,-15.193601763905422,E5
P2_TCCGTCTA,40.03514126959569,-137.55245877781795,-52.58112050535922,-16.804727476819103,14.202160003856163,15.346969115953936,-11.46085287022284,E5
P2_TCTTCACA,-526.0410113546769,1166.3203256167997,61.126658313317186,-23.932745615184142,24.982523452709668,-46.92362759557914,-8.657475336588494,E5
P2_TGAAGAGA,2.1556067010884554,-64.19111056611828,-49.08674069528883,-13.12557963985707,29.435108820240757,37.77308762037529,-13.44257794684208,E5
P2_TGGAACAA,22.046425440571106,-82.35461674709948,-37.15860803173269,-16.79612931221995,19.99691396141853,4.205748456260067,-5.156060516783282,E5
P2_TGGCTTCA,126.34390747628066,-356.1433399055334,-45.215131501174504,-39.072282575818264,38.07284489340549,2.0677799148096843,-18.27956922905578,E5
P2_TGGTGGTA,-59.76856959940857,65.29236257394196,-28.611143046034602,-9.908253810107954,37.592410804700414,28.81962082507379,-19.857216546288146,E5
P2_TTCACGCA,-48.79846675041945,86.0448785920305,-24.232971450585094,-12.31126175827299,18.729212683105224,11.291579817539466,-7.016964537497726,E5
P3_AACTCACC,-128.40204973908476,277.7458750230653,-121.15268572883976,16.060734079603282,16.49088906240747,64.69273171807163,-4.778356675403611,E8
P3_AAGAGATC,-564.6070886202704,1241.6358691275832,75.72449639618351,-15.237097868180872,24.551104648146765,-1.022030207508176,7.264647259597912,E8
P3_AAGGACAC,128.27547391698621,-333.0010610841721,-188.453202321286,18.90322341737717,6.464644014132452,96.01027240427129,-10.292622590861164,E8
P3_AATGTTGC,-306.72187075807057,680.9307208863398,-52.79523810982886,12.091052845713543,4.656325434447151,-9.886501548916328,-3.3715233595353364,E8
P3_ACACGACC,-131.1220136098558,311.37975035115585,-174.04604211574903,33.93585230029183,-7.345739105122664,37.35473078040119,-2.2961341354620197,E8
P3_ACAGATTC,-16.47686610602596,20.400027630640754,-159.32997308919568,26.563993840208475,-4.976587021793219,39.54147549661387,-5.572206122027177,E8
P3_AGATGTAC,-156.3556139245748,356.45340140401044,-124.9048941704311,25.913283651252755,12.85660656401781,27.224445204508772,0.348647010669094,E8
P3_AGCACCTC,35.534559707712994,-92.3843473824325,-213.38250541193008,32.461974109841535,8.668651877721594,64.93976120354831,1.3521888699483875,E8
P3_AGCCATGC,-336.69362736653227,764.0063892737896,-110.10549768498797,30.821048381601095,-6.185969431389749,16.714874052942367,0.5550880192837142,E8
P3_AGGCTAAC,250.34037521410355,-606.2854304473992,-190.77801630713537,14.003790035990294,-5.60610997356293,50.30972851265907,-2.2580141674961474,E8
P3_ATAGCGAC,32.083389405221325,-83.86022885867426,-177.8263404626055,24.28524438829848,-0.13943450177649142,26.034998377190586,-1.1676645322148842,E8
P3_ATCATTCC,107.28742918621617,-282.0056056502065,-202.47117602820035,18.86016887859125,7.413036762340114,70.21354204384392,2.3266771474217807,E8
P3_ATTGGCTC,-343.17392691853024,774.4562213549501,-75.76997307368539,34.86960909790579,4.488544008135043,16.76652144295549,-7.623340086859385,E8
P3_CAAGGAGC,-5.910234503550029,6.590034985147417,-174.60981771651547,25.52795183802559,9.235260840695972,48.14248781719203,2.328592738381635,E8
P3_CACCTTAC,-48.775017650034485,93.83170168035386,-139.1164050248734,10.587517324895245,6.886099947461345,37.38544866663446,0.1321572717082378,E8
P3_CCATCCTC,-419.91848841454066,957.716897842573,-70.3403333417223,23.59888585914993,1.4658707579420969,21.425175168600457,-5.043567411714372,E8
P3_CCGACAAC,34.916561545884775,-91.5141169175139,-178.43613131902669,16.347983837792125,8.447738799881623,41.590138867400036,-3.47155879729313,E8
P3_CCTAATCC,-362.9798794466309,816.9609328050282,-64.42872347528308,19.39468263901903,19.43475550695946,-1.2141032587992822,-5.011196741037521,E8
P3_CCTCTATC,-485.9269841449752,1080.1618682527267,-52.656873843746,15.998567938708934,11.203938588169468,6.753395601552712,-6.695981373690897,E8
P3_CGACACAC,-233.97241297180852,549.0641782173849,-150.97578310962055,50.600562634536516,-8.221866815020007,53.08285993241732,-2.5704443382062596,E8
P3_CGGATTGC,-160.87959040302775,342.70651246951087,-113.74912553558836,23.499808353650256,14.193263729857204,65.549592510136,-1.2993078251871242,E8
P3_CTAAGGTC,-473.76360730133683,1082.717524815638,-13.315296412575538,26.251452377852882,17.021326504304934,-4.15302035923586,-4.870415301380714,E8
P3_GAACAGGC,-158.66228458935643,350.4352951592299,-177.09286345610997,27.542672448587826,23.574500431833222,83.97313823266637,-0.15910985095551822,E8
P3_GACAGTGC,-703.8285412436896,1573.4405872315608,40.830725994985954,2.69403897976599,22.856565241332195,-24.06258980048636,-2.244936117529279,E8
P3_GAGTTAGC,-93.50522950224139,206.50278473273323,-165.75342570467728,16.610747864827214,1.0149984045029266,64.93661353381567,7.342627039643905,E8
P3_GATGAATC,-246.71075513983206,539.8533197913995,-138.18037940199375,28.295648570112203,7.227824384450337,60.89858964119422,0.9143703296665306,E8
P3_GCCAAGAC,171.89369211584864,-420.32358920712267,-231.14646339763198,27.331174094380668,0.1410143208336585,65.20805964573488,-3.6581267925178413,E8
P3_TGGCTTCA,101.54988023912314,-270.768968142998,-135.9904997802478,-0.38431490112551003,11.209669637227302,57.38402293011023,-2.579319424959004,E8
P3_TGGTGGTA,9.496319413695659,-41.47935821444166,-142.65266054895272,15.363200440689699,26.758990546807954,75.77604048100376,-11.406331289023266,E8
P3_TTCACGCA,-488.8765377385219,1086.2286193171994,26.030464006497454,-11.27261086698259,24.880667609128857,18.380251859972084,-0.2034210341943452,E8
P4_AAACATCG,-325.9113117120011,727.7045972038059,-130.79517702176287,61.61969622793608,-9.220796568750664,51.35068671901865,1.6913354515836891,E8
P4_AACAACCA,-90.90304170826374,209.0146532478728,-122.53156813318905,0.6023536155310432,-12.167975703592276,-39.89120231579684,-0.7809038679256826,E8
P4_AACCGAGA,149.52277618329128,-347.55075749268576,-193.00809367812624,12.350924463773946,8.815193253564773,14.276923064331543,3.6309463857799544,E8
P4_AACGCTTA,147.47506444604477,-356.9556905625838,-180.6153546896795,15.348190880420514,-5.055348412202131,30.577488839916988,1.4253232406913598,E8
P4_AACGTGAT,-293.9796392009594,657.4223980060699,-93.01945049489986,37.700784519194606,-4.678115101675015,39.487203453549114,2.7691952260901798,E8
P4_AAGACGGA,117.7908612681337,-268.5866520269514,-225.00295766744463,31.21550007637972,-17.516144233093602,70.04503939352858,5.203947905367268,E8
P4_AAGAGATC,-192.97505572739274,452.8051613637379,-107.84334287591432,48.90858110759252,-19.81208904782102,58.97830958407633,1.953267914437833,E8
P4_AAGGACAC,-887.0199419986734,2012.1138991407563,68.87588024872095,12.264827824583442,19.76429223317656,-10.795548926021606,0.25313013572294185,E8
P4_AAGGTACA,199.382640689593,-467.06239292847454,-223.70196054578253,14.996423562889545,-1.071295927298333,64.91795711263441,1.0716256471699714,E8
P4_AATCCGTC,-326.78307649993616,746.2974646133238,-58.53130059364004,12.284013365092614,6.242681754821536,23.47341017044755,-6.174877633666451,E8
P4_AATGTTGC,-276.94080790739093,634.7714706459578,-95.42391694353445,20.667102661684076,-0.10792785200942512,1.8710511142622002,-1.418843321398884,E8
P4_ACAAGCTA,-115.86035417463579,261.0316867188947,-105.23848663460709,-3.2341134870455375,0.9637760604312242,-29.502400625334815,1.1456984250713131,E8
P4_ACACAGAA,119.78957293211376,-280.812662533171,-203.5112559648331,16.62712558898748,-1.4484399372281698,41.60958893403001,3.762715491017945,E8
P4_ACACGACC,-477.47273549683405,1083.4472419502517,-21.617357575563318,9.439844122782269,12.198166373668062,-13.4657697066672,5.642419694133668,E8
P4_ACAGATTC,295.56510849800543,-707.8195423368899,-196.570610947548,1.9941923660442318,1.2464412229426916,26.84506385706418,-0.7094315471705692,E8
P4_ACAGCAGA,308.207924437262,-715.5378274597089,-237.62089416828152,3.33344004466012,-11.558104764655102,41.1808160490143,2.557904580788554,E8
P4_ACCACTGT,-487.62085042761345,1091.6660624478338,-35.159103074211416,13.379565592144765,1.347885189374018,23.502064606129004,1.4602078402864,E8
P4_ACCTCCAA,-353.7838807305204,809.0757275812103,-65.46502887603987,21.17292077981286,1.8178056114451537,12.121990607827934,4.1974868231534,E8
P4_ACGCTCGA,-632.715554138662,1460.505184172195,29.62566296360692,2.496971820443162,-0.43410909967270284,-26.962588750827745,2.9835091947427497,E8
P4_ACGTATCA,356.7260834376419,-859.9504329436268,-195.5749216233486,-8.268010928229256,19.14565421321362,37.01833635199767,-7.5560583765282985,E8
P4_ACTATGCA,-822.7976391742448,1875.3913511990388,64.94602808807234,10.209767970139785,9.74402474790967,-1.6805047124663863,-0.1733898163423624,E8
P4_AGAGTCAA,-112.80769385067192,245.09955618271698,-110.02410429599567,20.825061221318673,11.116567122714148,30.059446493834535,-3.702113008722974,E8
P4_AGATCGCA,-47.72030918244212,109.44476393868669,-208.39847803671958,31.98671114077699,-18.013956318746636,38.27551982075521,-0.9796842987013322,E8
P4_AGATGTAC,79.30612929180973,-175.43542778351488,-173.025338157266,13.76862036432913,-8.230644822998356,16.929988448079737,3.600649682043521,E8
P4_AGCACCTC,233.71189538154334,-542.6394874532256,-183.1772224978446,21.0078650320721,-10.712342739207376,-1.6631785994217907,1.8322532120527195,E8
P4_AGCAGGAA,-83.74091343937117,177.5605008628838,-166.33962799683667,24.38646585751357,22.303753583044493,-0.9836904328743454,-5.30364740381864,E8
P4_AGCCATGC,88.2202185722412,-192.31913712835382,-190.42302145285828,13.637039887341803,-14.908635288019502,20.622028913384,1.6359188869471903,E8
P4_AGGCTAAC,-313.01185631756323,731.0890209042713,-123.63759404311654,20.008883010493,-9.692105956333075,-18.412234249398836,2.830420662418783,E8
P4_AGTACAAG,-116.17255806028268,262.81970049007475,-153.21929101277982,37.16404426952675,0.6017519827126235,49.99759299973278,4.233696999227357,E8
P4_AGTCACTA,125.62831944219143,-302.1151332890912,-225.6353790044335,21.845399685351794,-6.72185115183523,56.892581782475695,11.53888340138925,E8
P4_AGTGGTCA,-131.98617912348237,313.01120507202995,-143.34294451640756,19.200364641624475,-4.380396492057644,21.920074278482453,0.9891468150368949,E8
P4_ATAGCGAC,293.73474280473573,-665.0760481164666,-259.26504198399624,16.646011352552385,-2.8585084991691048,27.928433968359265,6.946907476556343,E8
P4_ATCATTCC,99.70708917889739,-230.37615914921233,-181.48023377269394,20.041663251475402,14.829544601637213,17.964530658411565,8.009229688034935,E8
P4_ATCCTGTA,-763.8221834355604,1713.8017803707066,112.27366880031424,-14.928639799822001,20.390105212504544,-35.07205016351858,-0.8111686173476991,E8
P4_ATGCCTAA,-250.04718532457738,533.3238631233412,-60.739618577885246,8.452387686324307,3.3303034202758366,22.680585376414662,-4.569238506139127,E8
P4_ATTGAGGA,570.5731803013192,-1356.0014569619511,-243.96740889518077,7.44277052618773,-4.398638016381345,78.71782915337761,0.22661834284282634,E8
P4_ATTGGCTC,-42.705444021869226,103.31902662843156,-159.7484092539709,26.337361998073128,-7.078461973385363,14.498797456533188,4.204211183733048,E8
P4_CAACCACA,355.13867664897293,-845.3571855114689,-225.09027211973628,12.900141673063613,2.7723130482907488,29.54528544909736,1.1262583435042997,E8
P4_CAAGACTA,-199.1728636398406,454.4868976328349,-150.69656996242216,32.30881620149172,-2.384224898934926,22.61632969194554,3.873191282972296,E8
P4_CAAGGAGC,278.8718008935177,-616.1222800116169,-312.4961046487271,33.74722638871254,-9.586258819629977,86.29461255334641,7.579328746277465,E8
P4_CAATGGAA,-201.57819328707487,454.75272721238287,-109.55313058071947,16.380813121034947,14.109034746831632,20.93342596529494,1.11068790777521,E8
P4_CACCTTAC,160.25016154895425,-389.00684165974855,-172.41832062994368,13.400585109229329,-1.1211113485818034,6.101747043816253,2.308019659058768,E8
P4_CACTTCGA,33.92823015850363,-73.61977885363495,-170.7848521533986,33.665572504395676,-0.5566178793359735,73.04403877766171,-8.51607351690637,E8
P4_CAGATCTG,-522.4928156101398,1176.9281323585608,-13.960144123039377,7.301231902490658,0.9411347385316531,-4.750431681729505,-1.7892565603902104,E8
P4_CATACCAA,-253.98785048999537,602.5744038044108,-108.05517704471804,34.89443829438618,-4.383171249174717,37.19285610817193,3.8426901059655103,E8
P4_CATCAAGT,-156.5011085776109,342.7083885856719,-107.198414328731,7.494906005942681,1.4438114356018028,0.4877282910493348,-1.0331961177830555,E8
P4_CCATCCTC,-242.86223859463018,575.472863404079,-111.69701848772044,24.196899185653038,-11.492405758601851,-13.087695011535606,4.417288699592422,E8
P4_CCGAAGTA,119.4920799987905,-277.4725089200335,-212.19433048829197,15.793949573234176,-0.6431240338314701,89.0928389493759,-4.941636365716415,E8
P4_CCGACAAC,37.483214520143164,-87.12998294763817,-233.26049769929588,39.972160761101804,-8.247868601888097,62.432093317749235,0.6482747112378174,E8
P4_CCTAATCC,-16.607262004284166,45.0757316983967,-180.02064595685786,9.579263117163656,-14.014036345453366,-7.241715157561601,-2.0304038944742,E8
P4_CCTCTATC,-403.406901015957,926.2374310791199,-77.80599050375152,23.937872006305895,1.9684299455562748,-31.895201581969264,-0.7443274624179341,E8
P4_CGAACTTA,-19.961185647828902,29.15605471947481,-162.1451965780149,45.7074287574279,9.915148502034139,86.63546718873674,-7.132211555584879,E8
P4_CGACACAC,-255.36079279736282,585.5500544607781,-98.40950329244605,37.856729139718624,1.5925694951246891,-18.181047229462216,0.8345854905443821,E8
P4_CGACTGGA,-20.863639974995678,70.72914123721728,-217.79564385851114,47.38343486960248,-14.23288361921577,0.09809409048858964,6.0854544484770265,E8
P4_CGCATACA,13.361263668974136,-34.21057469688606,-143.67505937791526,4.376032276366022,-15.980990729850491,-4.652883670899947,-3.7821615994018476,E8
P4_CGCTGATC,-404.94381150633075,904.6448908198139,-62.401268268515544,9.854761839002585,-7.6026202199899515,-14.172747222938877,-2.2284222998914736,E8
P4_CGGATTGC,174.0383595484565,-408.32228689253554,-227.27584238950283,24.291430359452526,2.746145941622061,33.739907868188865,-0.7197801302270761,E8
P4_CTAAGGTC,114.02346491919346,-259.67682792935267,-208.77729788859128,18.39496650675219,-10.349407491272538,31.440892579166974,2.334612817645861,E8
P4_CTCAATGA,-228.0285108488403,528.1916699876773,-117.58305036535208,21.801978439269213,-5.523806581072232,-6.881155032254245,4.962524256747478,E8
P4_CTGAGCCA,-157.71760394711396,373.79762268306865,-153.24814452830958,43.5185477200966,-15.449269024693304,31.248282819005347,2.4243816435978287,E8
P4_CTGGCATA,-183.76802928274904,415.13662107283267,-131.8625149612372,12.568243839504676,-25.379985179605512,-18.754625742935854,-2.552793976960663,E8
P4_GAACAGGC,37.25705586540022,-71.07003254207015,-241.76230973310092,31.365959714036695,-27.205806092601772,31.50174508754572,-0.38885025538721263,E8
P4_GAATCTGA,-404.3577117494278,920.5466519075367,-72.90433883832254,25.949613032102214,11.183257356273181,0.0013677309012218863,4.9884905472269185,E8
P4_GACAGTGC,-381.3707403873361,876.6089635442785,-94.35876615189859,24.78702189105902,-1.1083211575785585,5.88845810154945,2.6951338309473893,E8
P4_GACTAGTA,71.8162324442169,-172.39514318971058,-157.94502418810285,3.8782643223323174,8.10136740619574,-2.292499701846947,2.0167186728925346,E8
P4_GAGCTGAA,17.137134557517733,-27.815067941058945,-225.9550050086944,31.69780863355265,-6.532099514494135,40.969048064208934,3.798540485783188,E8
P4_GAGTTAGC,91.96129132492102,-210.46214302473203,-261.56313006802003,41.62159480165892,0.8110882179429453,64.45366049051817,4.3897880008563215,E8
P4_GATAGACA,-194.68963776864274,460.75937068328875,-119.19106761027923,41.17038365851266,-8.534211641136517,4.243637116106449,6.148075374603456,E8
P4_GATGAATC,104.04387546343209,-252.4338803816835,-242.63665547551656,18.614177353646564,3.75757795446715,68.61057500902982,2.3106005174867206,E8
P4_GCCAAGAC,282.3777280231064,-657.9565551699426,-212.354851716532,24.248059033879098,-0.22445350828262983,32.57455723235176,5.1991787726430605,E8
P4_GCCACATA,88.5258087409013,-193.9401633311531,-255.64710288453898,31.813276896629922,-1.3881896097307704,66.60057708440576,8.399440669296501,E8
P4_GCGAGTAA,-146.84221291603882,334.78169657182144,-184.699123320077,24.448330243790718,-0.6223973543590021,28.688907225440406,5.08023767055106,E8
P4_GCTAACGA,-435.83305214155763,1017.117670933298,-54.579273829523686,20.996896465587128,6.0569619692887,-14.916169862138906,8.259247012259035,E8
P4_GCTCGGTA,-381.92945140951974,889.6712979244054,-105.22080300982815,28.187627029511404,-9.855376420839125,21.86362776810185,1.0400701948769728,E8
P4_GGAGAACA,14.739693807707045,-7.550408108546188,-199.077647295389,45.035467718443456,-8.426530247621697,-1.6806701797137604,13.96123358748769,E8
P4_GGTGCGAA,-409.7245499696089,940.9881977363012,-53.989088143743686,39.04232884163804,-6.81696384740885,-33.15208406715416,0.999282389834828,E8
P4_GTACGCAA,-505.60118146524786,1150.3476568966635,-57.53000564657667,9.968041732391457,1.1925081084220062,-16.73386110579636,7.663883656334062,E8
P4_GTCGTAGA,-522.331544831276,1202.6987660323973,-69.13582476572135,24.10690012348686,-4.488023410737357,-42.932516826648495,3.811788523103744,E8
P4_GTCTGTCA,78.64780392480431,-190.57218312426366,-181.41179346823083,19.215085150293568,-6.526708006142876,-0.866511566382548,-0.022773635690520377,E8
P4_GTGTTCTA,-224.58992681826405,531.6338920689647,-160.80490601798851,35.4990459393068,-6.955802604054085,-1.6275660133044578,14.000753670589361,E8
P4_TAGGATGA,125.69989960998431,-276.7464606229958,-271.57461286062727,48.6031664980461,-16.969800230333732,43.72454253731045,3.842754763947015,E8
P4_TATCAGCA,-62.516012054042726,154.57575000139548,-215.14943222382124,50.170189134305815,-5.708037291489981,0.320619203588854,6.977093731596155,E8
P4_TCCGTCTA,160.31886672442434,-378.48184252345584,-233.86237523920192,12.668939603255177,-21.617402222129744,49.18312815479541,-1.8062046257828297,E8
P4_TCTTCACA,-356.1693861335179,801.1926267053515,-103.71750237641749,35.35205752854545,5.1374187859022635,18.470166005149288,-1.5116843519468692,E8
P4_TGAAGAGA,-528.378716996558,1206.886389459745,-100.44766613236571,30.396435273812475,6.334678144739802,-7.546269080490966,0.5098446792584461,E8
P4_TGGAACAA,-817.2988591995546,1850.8081554093803,44.192859729236346,16.187364438667277,13.492007208485244,-22.84099600359031,6.6702260062113785,E8
P4_TTCACGCA,-639.8678324976272,1449.7179322212378,31.477726484961437,-4.53130048926022,0.821460102366312,-23.1168421537398,-0.7431183248033153,E8
P5_AAACATCG,-90.26071551100397,229.10943769920038,-71.58937523582448,15.08478609655651,-15.673605297920979,1.87463840491416,6.738016479144494,E8
P5_AACAACCA,-132.37250037389478,334.35712287991987,-97.09177132230123,-3.527031474044611,-9.619643926811142,-73.34826773250349,0.24040773071062382,E8
P5_AACCGAGA,150.14480893285184,-309.7412147284706,-210.3989672895201,15.783770167255048,-0.7819276921532952,-12.136679133053713,7.926881995842969,E8
P5_AACGCTTA,104.47070008569129,-222.99402241018763,-155.68368597388718,11.662797263946734,-3.451499863349285,20.75482405805412,-5.811512470325223,E8
P5_AAGACGGA,157.90144549392875,-356.44939416686793,-104.48292337716435,2.3533853743658995,-13.582003222175029,-41.239174799481326,-5.892771012961497,E8
P5_AAGGTACA,76.53854076870954,-93.33429853592484,-88.8541794990241,46.90115973896359,-37.24607927325321,-47.96528340979759,20.837656495987595,E8
P5_ACAAGCTA,16.65122331280381,-48.056765304186165,-109.20668479883727,-3.992115852774482,-13.682394827791196,12.710896548145842,-6.530621259545807,E8
P5_ACACAGAA,-205.3771181689269,517.6079139005401,-60.535097403221876,29.512876195788436,-26.564058357636434,-55.52964652125017,11.945168177097884,E8
P5_ACAGCAGA,364.8657648922026,-843.7620285450284,-259.5630250483862,19.16482359632077,-11.185639535629901,15.87567047698773,1.793967517424262,E8
P5_ACCTCCAA,-367.89695213586754,880.581809067992,-106.7399718160101,31.861218208747616,-15.109880378569956,-49.93864376455825,11.027961620188034,E8
P5_ACGCTCGA,-319.20062845579804,783.7134210023146,-36.64406697880442,40.48385587307088,-24.41567908981634,-2.1886416378691758,12.835709514201328,E8
P5_ACGTATCA,38.076593927202254,-70.46508819018989,-146.1677694625482,3.2645003727771997,-12.61306153649574,-54.47193599045492,-0.7864630259534452,E8
P5_AGAGTCAA,-479.7847310179496,1104.6680362581333,-57.77911533822838,8.079117134778478,0.19812083513369583,-57.24726495601774,-1.0167606555757813,E8
P5_AGATCGCA,-238.3242806080726,588.1348419668427,-180.53859421073207,27.05686799037893,-11.078938824029702,-9.368910912231376,7.720868873888511,E8
P5_AGCAGGAA,-113.2086539311777,288.2536417808738,-187.49881075415865,36.95812935557938,-10.923042149698553,-17.400787980881386,12.332311040054973,E8
P5_AGTACAAG,-83.8179888958988,209.68160800267424,-89.36119267422542,16.66507442111084,-5.923751026633789,-5.9722546300013875,-6.6694466983944904,E8
P5_AGTCACTA,47.902792408034415,-79.79321532244948,-203.62580009204643,34.95972294836519,-18.80204038024216,-15.419169601034987,4.994780447599357,E8
P5_AGTGGTCA,-252.9639205415317,606.6428819777151,-1.7637977969522765,7.583211815636041,-13.341731852086156,-10.560469731858609,4.190443507219585,E8
P5_ATCCTGTA,-179.5040213929556,440.8256686127961,-126.98651490279819,23.93522102148342,-9.134690862070265,-19.2677798844433,2.296257672921917,E8
P5_ATTGAGGA,68.98174852788651,-128.56729358778435,-221.55366793321005,27.01567852762866,-5.5813667423208955,12.143375717408045,0.624597189904335,E8
P5_CAACCACA,226.64784667979345,-513.905390421909,-238.02728962985688,22.689943951615284,-18.053420897105212,8.758660988927044,-1.9007699771138256,E8
P5_CAAGACTA,-440.0238136250079,1019.2022872861177,-77.99917295514811,24.719638263153307,-3.087678377169548,-21.563627805000355,-3.8589978002174212,E8
P5_CAATGGAA,-188.50342477702284,447.98850345399,-153.24794989984778,36.21832802799078,-13.366796918541809,11.246975213937263,5.676976517872294,E8
P5_CCGAAGTA,-181.33199400423555,443.57617620111034,-174.53825128537343,35.71219054737419,-18.68278797994207,35.08264517067136,3.354774462966888,E8
P5_CCTCCTGA,-474.5685789047859,1109.160378987994,-58.440972133828325,39.400063718705304,-11.336233970199592,-21.049435008076916,-1.542899509314717,E8
P5_CGAACTTA,-347.81217499153877,793.1841709491911,-68.78460329422956,36.6967303814473,-12.19600516237702,10.679146916688007,-6.907660307706969,E8
P5_CGACTGGA,252.72200474901484,-583.1034019623878,-248.70916640316028,26.300175858607414,-17.839067800778814,38.72874241792461,-3.5056624907885237,E8
P5_CGCATACA,-263.03112092937613,616.544614644641,-80.1922372738506,4.4340220029780815,-1.6723677970906141,-72.55831991074632,7.881630589463715,E8
P5_CGCTGATC,42.561651515380554,-89.63627177777042,-102.360087773109,6.400839364064767,-3.030527619252654,-15.173785132162626,-4.5952762602425175,E8
P5_CTCAATGA,-181.21587405660227,412.4183823016168,-103.4709650396276,9.966322990681805,1.2348336096466377,-23.098754814817834,2.464454563114282,E8
P5_CTGAGCCA,119.51961483693783,-276.45805402454744,-161.63308799114833,5.833760250580648,1.956704959924902,-31.62565108325915,6.984629290909937,E8
P5_CTGGCATA,-473.782788262676,1122.8782001101858,-1.1793620640939366,8.131808558587423,-7.453566047669877,-17.13071804117176,14.476201115656464,E8
P5_CTGTAGCC,-285.3127180557966,654.6961447758639,-84.51606270684042,18.136579870086923,1.3437452615953258,13.46021542283222,-0.0025851702906721785,E8
P5_GAATCTGA,17.662861251123665,-13.99869927700701,-181.0643735412077,34.22403043278185,-33.48096399861978,-12.44390498901907,12.917956510570976,E8
P5_GACTAGTA,194.08910388149715,-429.3092791417009,-213.2837607476296,11.03908047316951,-15.377196132610612,26.588192407985666,3.036062479869809,E8
P5_GAGCTGAA,-44.68440911206762,119.01562856492748,-140.35720459786612,16.648965968071654,-23.612978190056836,-20.890966433488245,3.407652328561655,E8
P5_GCCACATA,-172.7721892843564,401.22159625479964,-193.4985110920376,34.27397500194501,-20.568985239443403,5.370885733609489,0.3956941392191611,E8
P5_GCGAGTAA,-171.91591873576354,407.19549837320534,-148.5274389147714,34.35248986854809,1.0705804567205262,-10.373711014555113,6.547972234647091,E8
P5_GCTCGGTA,-266.64744174826586,617.6566824958312,-113.73028507796575,26.01235427940387,-10.817450875944434,-45.10117791990828,1.5484514498489181,E8
P5_GGAGAACA,300.7966206840655,-683.674159812091,-180.42138741205244,-13.59542028784104,-8.952220129940418,-14.948503318658036,1.1229221477629676,E8
P5_GGTGCGAA,-36.92771195320265,113.13132104702478,-201.95080094824542,39.344132999750585,-23.991311815989473,-1.3902578755574335,6.07875957941873,E8
P5_GTACGCAA,-431.606092025495,993.479073222204,-93.45007196101136,30.117436964229608,4.044818902395792,-15.115126959651882,3.5443684946254734,E8
P5_GTCGTAGA,-269.7994504249818,642.0178449177544,-152.8478648347786,41.325018384170676,-14.247966395555176,-1.9725258675195425,5.246873767729914,E8
P5_GTCTGTCA,-404.6732245982906,935.934676818471,-102.56569011341045,48.37430568457853,-16.318456496800778,-3.978191564562759,4.246982683460187,E8
P5_GTGTTCTA,-508.3940125475266,1172.1200557124662,-75.61489404590391,19.446640317263324,-8.129689591636724,-13.241698070534557,5.2808126979422845,E8
P5_TAGGATGA,104.48289631601132,-219.5220121467916,-258.9328679901533,36.640700301502775,-18.668357080104528,23.941511359458413,-1.132508082026699,E8
P5_TATCAGCA,-336.90724829547906,792.1300908290287,-116.5508846795912,34.97379908903618,-3.977243003089474,-7.398533498568548,7.405681898289435,E8
P5_TCCGTCTA,-188.53243014799872,445.15756964615866,-127.0090959115487,23.973196425871194,-17.098934959379182,-2.381220413819857,-1.4762876654995984,E8
P5_TCTTCACA,104.18083463318138,-240.19092430934202,-176.2689370659557,6.799484213362367,-11.685563928578201,10.713854152508537,-2.503846015299353,E8
P5_TGAAGAGA,-331.2010829262347,767.223537919654,-65.63020008261557,23.934632924432943,-6.447138940781288,-49.80820495670126,-3.607032321716046,E8
P8_AACTCACC,-325.6836330690132,712.1636002389557,-77.0452313583673,30.405915609665676,5.9371307135228815,60.66351189444151,-4.7858761429189665,E7
P8_AAGAGATC,-717.1990939969014,1628.9730485146283,78.57695764008128,-7.741704058994173,7.853374804038966,-7.9302618556852735,6.396093984722034,E7
P8_AATGTTGC,-576.336508358492,1302.1502164983874,-8.690501947926698,17.785036500487156,17.906390910301447,13.91021580743321,-3.6698220371656607,E7
P8_ACACGACC,140.35800086395113,-333.64569465088675,-187.2419857272527,23.361199289352935,18.394284849511298,100.86570570631451,4.986374802805623,E7
P8_ACAGATTC,-853.407494993844,1922.0242141329059,140.52752894301364,-6.322600590911982,18.68713620637901,-0.285857468347686,3.3558223440316355,E7
P8_AGAGTCAA,-114.64833550937247,203.65040651937406,-109.91332052282159,21.612459804087667,22.0042766847077,49.235147454032436,-13.494323701758868,E7
P8_AGCAGGAA,-26.32921000161242,27.325812362910455,-185.60683833545085,38.127677070809646,15.314749203864945,78.5978653306969,-4.156003438397529,E7
P8_AGCCATGC,-676.4043366078816,1538.6736939489554,63.554606673832,5.128540265733372,19.91097274892571,-3.6980499417136494,-0.3578925418077529,E7
P8_AGGCTAAC,2.9628160014797564,-24.41774538835932,-192.39352998364004,46.44521193738086,13.644114834877758,98.92497395494983,13.337459516031055,E7
P8_AGTCACTA,120.0539584359197,-301.6066500886401,-155.52368045003786,23.26761232619674,9.71396330755911,75.51640855742744,-2.248346001162969,E7
P8_ATAGCGAC,226.75135758819522,-552.480595620433,-221.2155116888847,32.022652275016235,16.191128830777625,112.66526343428927,-4.028136786751615,E7
P8_ATCATTCC,140.9878959391728,-352.2351044005921,-145.84708183741992,11.82836222725377,25.00145507548354,83.72136887166567,5.486721900234748,E7
P8_ATCCTGTA,-60.339322002014846,99.51143974762866,-115.61099450477184,21.642090549493876,15.464742885655193,70.40766085331256,-5.745867674921054,E7
P8_ATTGAGGA,-117.51382404505534,223.911145929866,-201.29533449859804,51.87256136650677,24.34556285097426,86.32419959402134,-7.792241992732151,E7
P8_ATTGGCTC,-19.837195997437934,32.63513057007429,-140.67260566136082,27.555390445473112,21.709907728750338,91.1675432668126,5.059402838311716,E7
P8_CAAGACTA,-316.7238704919656,703.5794623221258,-81.2532296242759,27.12189223055342,29.774548031006844,87.43362926034668,-1.0200866362475194,E7
P8_CAAGGAGC,-312.6778078273375,686.2424117061761,-60.607220417455736,23.126552891623493,11.811613778182334,46.70344178910022,9.23911097787904,E7
P8_CAATGGAA,-114.5848057642591,257.42824110347834,-163.54341905089666,39.06320783368236,12.189958001374855,87.6821287457914,5.7299562732270495,E7
P8_CACCTTAC,41.68358966041148,-117.7309267202519,-163.42580994363897,21.43810997787581,26.28015929916763,111.01144593151163,-3.839516767394435,E7
P8_CACTTCGA,22.42660185390469,-67.71840226125022,-149.65464815447655,15.086629948337913,12.978888703507652,54.9424973418119,-11.76946038659197,E7
P8_CAGCGTTA,-611.4351882324011,1397.4521792389003,14.772460716666057,19.22487694875243,20.99896070060361,22.7822834631184,0.3994169428974428,E7
P8_CATACCAA,-41.58837808772787,87.23441463651777,-176.67026056402844,32.89332901487384,8.41389519666453,84.97639044354975,1.625656397185754,E7
P8_CCAGTTCA,206.73421912682699,-492.61688124213134,-174.54911374613206,24.079933795685303,15.94411023540125,97.91492015103404,0.00931183578785455,E7
P8_CCATCCTC,-566.2785089852557,1292.5193053634327,-20.61791550369015,28.047539946282576,17.601839290096958,41.94001804810332,-0.12082888148277737,E7
P8_CCGAAGTA,-105.5874747552468,234.5404629910086,-153.77130569865994,23.38163081575386,24.518499062037098,86.64820176043047,1.6175367960475342,E7
P8_CCGACAAC,77.50199284228295,-198.59393673916608,-161.00734342299324,30.420724414767207,21.75980623430714,79.10982864580419,0.7159282697063976,E7
P8_CCGTGAGA,75.0125857684325,-195.8940069807858,-196.81773219511646,39.46652799300973,22.994390337740533,99.83155491677445,1.8760591906443689,E7
P8_CCTAATCC,26.796131297762926,-87.25360544179135,-131.21205265306426,25.22072398827465,33.689329961400695,52.8042775247099,-2.026549148082621,E7
P8_CCTCCTGA,-712.192061895582,1609.8175834422527,42.59685673424372,20.677933198238076,22.56018582335715,31.770650239922496,-4.939996671295928,E7
P8_CCTCTATC,-314.47524921742263,715.9202061502411,-40.515719475690545,5.724931683214443,14.609298603202541,15.943746948087192,-7.6993691616844,E7
P8_CGAACTTA,67.48293405617386,-184.16257387291887,-194.43312151245672,32.40776817118106,26.43509633267496,112.07230455811685,-1.0524936132442415,E7
P8_CGACACAC,185.67950286145637,-460.8181870563273,-207.97522804191368,35.41923135859933,15.02481803647602,164.02106129376637,5.871126594539857,E7
P8_CGACTGGA,-671.5425657489402,1535.642228301571,58.212103270416215,-2.890480554086627,16.770089183752667,-26.924931650454525,-2.9904099479295096,E7
P8_CGGATTGC,83.97291090038915,-225.93862269481602,-169.94093180813542,31.954368686000276,29.258824518301314,85.11450562379083,-8.787654003709262,E7
P8_CTAAGGTC,-299.79359054451675,664.6828056883338,-57.00179114138463,13.42593885459395,27.603273314473185,29.613797491019852,-10.620052282609835,E7
P8_CTCAATGA,-84.7472477225686,154.25435589044304,-160.93659289121564,28.126420224395098,19.107656258768245,118.64308012134667,-4.498502485281964,E7
P8_CTGAGCCA,50.7923193735054,-144.91237637849292,-168.64862077898923,18.784437439695143,24.913953759449615,129.83373681562716,-7.655112568156105,E7
P8_CTGGCATA,192.08504168034756,-480.23343677686637,-183.21529613305097,2.499244513694825,22.327179272019567,90.13229502987899,-8.286603247440256,E7
P8_GAACAGGC,-24.063323822252563,49.74853968823267,-144.6295202793996,21.47599867177616,-3.6573753326988685,69.609041134718,-16.760742064640237,E7
P8_GACAGTGC,-170.58988554825532,381.03356570084316,-126.63424853240709,23.78426940849918,23.417649615600084,62.602787846989365,-1.5559712485034631,E7
P8_GACTAGTA,-502.9012856527066,1128.1321606071947,32.36535091322182,-7.788105682959411,2.9915547960553357,35.99552746682582,14.887903606297048,E7
P8_GAGTTAGC,386.39673814406603,-930.6068040950588,-195.44302260974436,11.78233470920436,25.856657554785883,104.28777162534605,-3.089711907660244,E7
P8_GATGAATC,58.484387808088385,-147.14917420645097,-153.40785611796525,24.426869458201484,14.493443696596707,77.86427426540016,2.951613895084358,E7
P8_GCCAAGAC,215.9982662312487,-535.9594101882371,-194.25952554614938,19.912824603502234,17.112783700569995,85.5846163766316,-9.92505514979093,E7
P8_GCCACATA,45.98381272089851,-122.95438214373553,-161.19602102275454,4.829304362973833,17.82824314850514,54.91871853769686,-5.348275487937387,E7
P8_GCGAGTAA,-333.29444325454693,750.0463681876021,-85.20009765719789,43.45201851059165,4.638619324714014,66.95286672546301,-0.9094907723706469,E7
P8_GCTAACGA,-548.8871835445121,1277.2192434723886,-23.776755759059817,33.97069763094752,8.749430613654166,51.27184817535829,-0.45567083637300554,E7
P8_GCTCGGTA,-452.92866828055907,1040.09382031465,-81.00938789558741,31.809560615576867,12.539828695796663,61.371237538165076,0.1688238539657259,E7
P8_GGAGAACA,-35.32724963088852,62.09993605725484,-186.08181986770325,17.554511308067145,8.488490301364148,127.88227229114148,-0.7283553778314236,E7
P8_GGTGCGAA,29.230281964441115,-74.78337751244675,-165.6297238369032,9.40310675209507,15.260790469485498,78.16325007051428,-2.1081015644914602,E7
P8_GTACGCAA,-267.6970874379812,611.9768083867735,-115.28254046833992,24.2111595184572,13.402709321396461,55.996680859904615,1.1744048978092332,E7
P8_GTCGTAGA,-115.24912199700005,260.10997846996435,-124.45938779628742,21.408169806499515,12.902942043808128,60.873598236037076,-2.3290206356017933,E7
P8_GTCTGTCA,-245.25888015138992,550.8967189703292,-69.4897535794669,29.10919883414774,6.232102340214696,40.75884284290341,-10.617673224295133,E7
P8_GTGTTCTA,-192.26910025592548,431.075420279397,-70.19729018984565,15.471435728763403,10.577497714756726,59.46194764965035,-2.577412482985439,E7
P8_TAGGATGA,105.7236157733358,-263.0943608319502,-199.39034858986747,15.210411998657587,2.048428625061976,88.08104545011861,2.6901334667350225,E7
P8_TATCAGCA,21.562274734902996,-45.74316734509553,-133.7927987530751,7.329490668101237,14.031137949155724,32.24379140332018,-9.124237639484472,E7
P8_TCCGTCTA,91.91305071978361,-243.0995735539067,-218.71906351721395,24.829273558153705,27.74944249644154,93.96757401813491,-6.518866707283209,E7
P8_TCTTCACA,126.20111205153033,-317.7564325768201,-113.16869060350909,-12.730055318774966,35.59836471071681,93.26454826651127,-1.605166102689091,E7
P8_TGAAGAGA,9.454284861532198,-28.194581117632445,-130.61543168987362,10.425149305151722,21.55880833865153,64.6107223396185,-0.7263874400881084,E7
P8_TGGCTTCA,-39.633879165458545,61.77832146759428,-157.89035781364063,5.316842260261062,7.743989104371885,28.989039827756123,-7.674748856763889,E7
P9_AAACATCG,-388.68015459885095,881.6008369542673,-94.38331288104479,49.31844599758258,33.85957451108219,92.59253897133992,0.143883620265163,E7
P9_AACCGAGA,-740.4599550316808,1650.403726598969,79.61278567629687,7.262432640310247,7.0989091541987825,-26.423821218839862,0.8987576092420184,E7
P9_AACGTGAT,-67.69600455936374,129.68766338486236,-160.15561603667985,36.084603979373874,22.509428431511346,89.52582134994547,-3.587252321611616,E7
P9_AAGAGATC,-535.6165463618523,1219.3283247778916,12.633412839388136,-7.28069297461191,10.470438912339754,-7.9580744609177385,8.350306447439975,E7
P9_AAGGACAC,-76.85630133481915,150.09919400394162,-125.76676841819021,14.71017902488147,14.38262275501089,59.46430937342628,-7.568942718295297,E7
P9_AATGTTGC,-837.100355189569,1886.916074525022,107.8690600400059,-8.71093397539717,24.16585873148542,7.505223836625017,-1.5529637850725475,E7
P9_ACACGACC,-431.2163108510442,997.4232569664924,-72.83644617181156,33.125541014212125,5.658597775111389,21.235122784751237,-3.0138219759066063,E7
P9_ACAGATTC,-307.8226299034321,700.8301809386858,-75.03531081863969,14.313355784407971,-1.4667369875655913,18.761185708261845,-13.423633344901429,E7
P9_ACATTGGC,-273.082118667853,620.6893743214576,-75.21446709402694,14.282335289010526,5.69049038001571,55.22791844193408,-1.444593262050213,E7
P9_ACCACTGT,-315.77266334152694,712.7583642847776,-103.84227721263439,39.87711684432406,1.4284848118200326,95.45540844404391,8.014144535803789,E7
P9_ACCTCCAA,-817.3127797240469,1828.2337513690868,109.93319864755992,-16.948298269906285,29.371388275199134,-13.663291817788902,-1.158621294501662,E7
P9_AGATCGCA,285.4578552350511,-700.203459917626,-181.29750184938808,-12.525727106671832,1.073195714844652,58.56904139535088,-2.760688781721888,E7
P9_AGATGTAC,112.04086898921638,-269.68051618716316,-145.6788669454146,-1.1589532141132788,8.160553460634677,57.21972894531133,-3.5626275828745753,E7
P9_AGCACCTC,75.30008441872717,-179.45000322933262,-173.3734462975525,38.13882659959988,15.2915825035683,77.1077558123385,6.470997400989249,E7
P9_AGCAGGAA,65.78384686127046,-152.50112993495435,-136.46611277834043,-6.246275020415295,6.106294595218996,81.84207695044498,-10.019697042650716,E7
P9_AGCCATGC,-351.4781240203625,814.8891636617044,-43.97902696955251,15.983536510732192,13.147390707388857,55.78777720307124,-0.6546935898365511,E7
P9_AGGCTAAC,-218.03035130838842,500.606878507409,-68.93649471126699,19.325966152903153,-4.825182660077445,3.7892643277168823,1.197537646414397,E7
P9_AGTCACTA,-216.12838073560022,482.2581138955118,-85.32323023949189,8.45826806923541,8.322478527007505,21.21643087702933,-0.926099702732334,E7
P9_AGTGGTCA,-8.074155378940583,-8.743797314712374,-146.23632246227348,32.91113019417614,30.72089463295456,92.35041873688438,0.9785918103776627,E7
P9_ATAGCGAC,15.178897105062822,-55.77949645415508,-168.1841740586161,38.4457851168876,11.217124207278493,69.41500936106195,-6.880777990618094,E7
P9_ATCATTCC,-255.45211462901676,603.8260239003587,-64.73372309827671,17.229729900035533,3.5291119664684105,56.03152698968953,-3.8708873524677694,E7
P9_ATCCTGTA,-545.7326075346737,1242.7923496750066,15.324393961556195,-14.419949188420505,20.984405196224692,-0.9806415018170114,0.366861399998339,E7
P9_ATGCCTAA,-361.7407278068536,815.099936171485,-80.94820217724467,16.871008282556133,19.48240845697346,33.99699703954494,0.48067603300159023,E7
P9_ATTGAGGA,150.70661898926312,-351.4921851612471,-166.09550445577923,11.814145798156593,13.271284493681405,65.39949368307168,-14.256643521957367,E7
P9_CAACCACA,-41.16780289999714,82.8609409341677,-116.25833366073317,9.013963180349785,11.92062995755816,67.51664310923383,-9.066271280993195,E7
P9_CAAGACTA,-748.4457089546083,1696.962106582918,63.23508534918102,8.816134545105077,3.883111819626426,10.671716915212087,-9.690392181268273,E7
P9_CAAGGAGC,-84.8119839855812,187.54009672254887,-124.67402061768317,12.816151994254358,19.41843090058289,62.72174664956721,-4.770313333084102,E7
P9_CAATGGAA,-516.2844155723709,1145.3756813516661,57.531361711021844,-10.767345993691512,29.57765835733565,-26.069870458093853,-4.218251010681557,E7
P9_CACCTTAC,275.9144411702745,-655.9823920826594,-168.33700833945102,8.305117894030921,2.5835697020476633,64.66641781709772,-13.656062187016817,E7
P9_CACTTCGA,-153.2863796794853,332.61174076011844,-139.65750247085708,26.313542095664463,20.660829054863342,73.6943400787513,8.1134359588745,E7
P9_CAGATCTG,-576.9264425140494,1308.635520080014,-29.42738907972794,10.30946041422963,24.999156404898617,34.4940723635749,0.9953256045079866,E7
P9_CAGCGTTA,-780.8287158302776,1784.9029757932976,69.42745202538457,7.895561464698306,20.915804567582153,13.320598800180427,-1.7894871028288355,E7
P9_CATACCAA,-435.0585855226038,995.2066023818335,-46.6452859376445,14.749924526051863,6.587723414485238,43.29375901867592,0.10824313769477811,E7
P9_CATCAAGT,-411.15797520399565,931.4710799492894,-44.83194760192087,17.91353692411981,18.266613765533226,42.7417275344567,-1.6829257609180046,E7
P9_CCAGTTCA,-372.4839353303991,833.1429873788892,11.099620419193041,-3.982906984994886,-4.599189437908463,38.47963221667754,-9.771031552126246,E7
P9_CCATCCTC,-500.66391255070425,1141.973080055353,-12.681470038398736,33.99772070455529,1.2277773530342468,24.966522592375274,-5.119416086550292,E7
P9_CCGAAGTA,-523.7618696185792,1166.5975579934213,23.26931216269364,-2.1658521032142453,16.323911757436715,-24.001413687578165,-0.32355388688548636,E7
P9_CCGACAAC,173.36445910710756,-420.8250972346906,-171.02679629289213,15.403549951501166,8.245429721443035,110.52951290874103,-7.273860905274715,E7
P9_CCGTGAGA,295.1588167409959,-683.1161877975956,-198.85099021308298,11.496549069068665,0.7435515695989214,118.81882628408239,-5.512148539131876,E7
P9_CCTAATCC,108.83563846975328,-281.2457186509785,-162.45616678691263,14.121051074712867,18.859274286985148,62.71565919188962,-3.5867250895225373,E7
P9_CCTCCTGA,-929.3424272437222,2094.9597252182557,115.9141788597145,9.410232168749921,39.71343681190304,25.51189656017555,1.315853738489813,E7
P9_CCTCTATC,-370.87150098065086,856.1602815158187,-76.3550658237031,20.67163860864318,8.541194283452173,62.21227636132869,-2.4591701068908796,E7
P9_CGAACTTA,-599.8277104408111,1335.4377390593052,55.897656603666285,-22.16891562024687,26.70747285596759,-26.092612303538832,-2.255006000575051,E7
P9_CTCAATGA,-778.8725157726582,1747.9595183602503,102.16454574037667,-10.293039820145077,22.333377505646883,-12.274015100699145,1.965368753935517,E7
P9_GATAGACA,-184.69737218869597,439.8093536442011,-110.16746385976691,21.89682690398341,0.845644851462525,33.898503379613445,-3.4239536944746596,E7
P9_GCCACATA,-145.16369031282028,317.65491886369324,-119.26889516459902,16.349345183396757,16.48869158297943,95.2540614487145,-6.44006065313079,E7
P9_GCTCGGTA,-294.2195347961459,664.4033909976578,-100.0090291040623,47.23664385457936,14.71330246923558,52.31030505671333,-0.5823224040901165,E7
P9_GGAGAACA,62.60707082373461,-164.490080797974,-195.85467805416312,33.00138845563037,21.730377703490852,59.11963345744701,-2.7796015488985493,E7
P9_GGTGCGAA,-357.4732531690962,833.3799911380372,-78.83616251466832,22.93010958763917,6.6827213232092015,25.075609745831834,-1.4080791811262146,E7
P9_GTACGCAA,-378.81130354652163,866.4048803172235,-75.54309291670282,36.613447186103194,19.060032938409528,69.26454784246516,1.2127911216088498,E7
P9_GTCGTAGA,130.51139025761248,-315.9652140113524,-174.55243545116718,19.75656756992459,30.342008933055297,69.46018324558327,-6.262035205195265,E7
P9_GTCTGTCA,287.9145762210765,-693.4833509581312,-189.07912747873715,4.834337928258083,15.421639858302198,90.46318270835188,-11.582696343102466,E7
P9_GTGTTCTA,-366.2733890580289,813.9859253817974,-51.19922280633435,19.173452783385528,26.232582663819834,19.83927190821857,-16.442085273022677,E7
P9_TAGGATGA,-429.2545029299134,972.0170961010581,-7.632496077709213,-22.87296693143563,35.660945376857754,-7.257074660089213,-5.930575659602038,E7
P9_TATCAGCA,-437.75907338963134,981.863579435608,-31.533122242701822,-0.05388720812306813,12.844405972746245,-27.835761800758128,-7.998691312406305,E7
P9_TCCGTCTA,-59.98088738069452,112.35741926532341,-157.96323336032006,20.04316695807909,17.902820703282472,64.72220870097108,-4.346671076318975,E7
P9_TGAAGAGA,346.4164244121564,-829.1150004191582,-208.06985526489896,22.778115928501236,34.063403332708475,91.54199052502358,-6.043182673142563,E7
P9_TGGAACAA,-370.2249153786684,793.4560220636685,8.781645268007061,-25.399870579909063,10.937675644520949,-31.70745267030326,-6.0818551167893204,E7
P9_TGGCTTCA,-253.92253976840297,555.5241411996909,10.382485369313315,-34.64635917125551,12.211749197193136,-17.163484339903594,-2.864824648704907,E7
P9_TTCACGCA,46.43074046763784,-119.17107337711671,-136.28571567395326,16.5977940561169,8.088778904074514,87.95198448552533,-0.910845655028098,E7
